station_id,dh_utc,temperature,pression,pression_variation_3h,humidite,point_de_rosee,visibilite,vent_moyen,vent_rafales,vent_rafales_10min,vent_direction,temperature_min,temperature_max,pluie_1h,pluie_3h,pluie_6h,pluie_12h,pluie_24h,ensoleillement,temperature_sol,temps_omm,source,radiations,neige_au_sol,nebulosite,raw_msg
07591,2009-01-01 00:00:00,3.4,,-1.1,96,2.8,,7.408,25.928,,210,,,0,0.8,5,,,,,0,og-post,,,,AAXX 01004 07591 04/// /2104 10034 20028 39214 48527 58011 60051 700// 333 69987 90710 91114 555 60005=
07591,2009-01-01 01:00:00,3.6,,-1.1,96,3,,14.816,25.928,,200,,,0,,,,,,,0,og-post,,,,AAXX 01014 07591 24/// /2008 10036 20030 39211 48525 56011 700// 333 60005 90710 91114=
07591,2009-01-01 02:00:00,3.7,,-0.5,95,3,,14.816,25.928,,180,,,0,,,,,,,0,og-post,,,,AAXX 01024 07591 24/// /1808 10037 20030 39213 48527 55005 700// 333 60005 90710 91114=
07591,2009-01-01 03:00:00,3.5,,-0.7,94,2.6,,3.704,25.928,,180,,,0,0,,,,,,0,og-post,,,,AAXX 01034 07591 24/// /1802 10035 20026 39207 48521 58007 700// 333 60007 90710 91114 555 60005=
07591,2009-01-01 04:00:00,3,,-1.2,95,2.3,,7.408,14.816,,180,,,0,,,,,,,0,og-post,,,,AAXX 01044 07591 24/// /1804 10030 20023 39199 48513 58012 700// 333 60005 90710 91108=
07591,2009-01-01 05:00:00,2.6,,-1.9,95,1.9,,3.704,14.816,,310,,,0,,,,,,,0,og-post,,,,AAXX 01054 07591 24/// /3102 10026 20019 39194 48508 56019 700// 333 60005 90710 91108=
07591,2009-01-01 06:00:00,2.6,,-1.5,95,1.9,,3.704,18.52,,50,0.4,3.8,0,0,,5,12,0,0,0,og-post,,,,AAXX 01064 07591 04/// /0502 10026 20019 39192 48506 56015 60052 700// 333 10038 20004 3/000 55000 60007 70120 90710 91110 555 60005=
07591,2009-01-01 07:00:00,2,,-0.3,95,1.3,,3.704,7.408,,310,,,0,,,,,,,0,og-post,,,,AAXX 01074 07591 24/// /3102 10020 20013 39196 48508 55003 700// 333 60005 90710 91104=
07591,2009-01-01 08:00:00,1.3,,0.1,95,0.6,,3.704,7.408,,20,,,0,,,,,,,0,og-post,,,,AAXX 01084 07591 24/// /0202 10013 20006 39195 48506 53001 700// 333 60005 90710 91104=
07591,2009-01-01 09:00:00,1.7,,0.2,96,1.1,,,14.816,,,,,0,0,,,,,,0,og-post,,,,AAXX 01094 07591 24/// /0000 10017 20011 39194 48506 50002 700// 333 60007 90710 91108 555 60005=
07591,2009-01-01 10:00:00,2.7,,-0.3,94,1.8,,7.408,11.112,,40,,,0,,,,,,,0,og-post,,,,AAXX 01104 07591 24/// /0404 10027 20018 39193 48507 57003 700// 333 60005 90710 91106=
07591,2009-01-01 11:00:00,4.6,,-0.4,76,0.7,,18.52,29.632,,60,,,0,,,,,,,0,og-post,,,,AAXX 01114 07591 24/// /0610 10046 20007 39191 48510 58004 700// 333 60005 90710 91116=
07591,2009-01-01 12:00:00,5.7,,-1,66,-0.1,,22.224,35.188,,50,,,0,0,,,,,,0,og-post,,,,AAXX 01124 07591 04/// /0512 10057 21001 39184 48506 58010 60001 700// 333 60007 90710 91119 555 60005=
07591,2009-01-01 13:00:00,7,,-2,54,-1.7,,25.928,46.3,,60,,,0,,,,,,,0,og-post,,,,AAXX 01134 07591 24/// /0614 10070 21017 39173 48499 58020 700// 333 60005 90710 91125=
07591,2009-01-01 14:00:00,7.1,,-2,51,-2.3,,29.632,50.004,,40,,,0,,,,,,,0,og-post,,,,AAXX 01144 07591 24/// /0416 10071 21023 39171 48497 56020 700// 333 60005 90710 91127=
07591,2009-01-01 15:00:00,6.5,,-1.1,50,-3.2,,31.484,53.708,,20,,,0,0,,,,,,0,og-post,,,,AAXX 01154 07591 24/// /0217 10065 21032 39173 48498 55011 700// 333 60007 90710 91129 555 60005=
07591,2009-01-01 16:00:00,4.9,,0.5,55,-3.4,,14.816,42.596,,30,,,0,,,,,,,0,og-post,,,,AAXX 01164 07591 24/// /0308 10049 21034 39178 48499 53005 700// 333 60005 90710 91123=
07591,2009-01-01 17:00:00,4.1,,1.4,54,-4.4,,18.52,29.632,,30,,,0,,,,,,,0,og-post,,,,AAXX 01174 07591 24/// /0310 10041 21044 39185 48503 53014 700// 333 60005 90710 91116=
07591,2009-01-01 18:00:00,2.2,,1.9,63,-4.1,,11.112,22.224,,60,1,7.3,0,0,,,,,,0,og-post,,,,AAXX 01184 07591 04/// /0606 10022 21041 39192 48505 53019 60002 700// 333 10073 20010 60007 90710 91112 555 60005=
07591,2009-01-01 19:00:00,1.1,,1.6,66,-4.5,,14.816,22.224,,20,,,0,,,,,,,0,og-post,,,,AAXX 01194 07591 24/// /0208 10011 21045 39194 48504 51016 700// 333 60005 90710 91112=
07591,2009-01-01 20:00:00,0.4,,1.2,66,-5.2,,7.408,29.632,,50,,,0,,,,,,,0,og-post,,,,AAXX 01204 07591 24/// /0504 10004 21052 39197 48505 51012 700// 333 60005 90710 91116=
07591,2009-01-01 21:00:00,-0.1,,0.4,65,-5.9,,14.816,18.52,,40,,,0,0,,,,,,0,og-post,,,,AAXX 01214 07591 24/// /0408 11001 21059 39196 48503 50004 700// 333 60007 90710 91110 555 60005=
07591,2009-01-01 22:00:00,-0.5,,0.3,64,-6.5,,7.408,29.632,,30,,,0,,,,,,,0,og-post,,,,AAXX 01224 07591 24/// /0304 11005 21065 39197 48503 51003 700// 333 60005 90710 91116=
07591,2009-01-01 23:00:00,-1.4,,-0.1,68,-6.5,,11.112,22.224,,40,,,0,,,,,,,0,og-post,,,,AAXX 01234 07591 24/// /0406 11014 21065 39196 48500 57001 700// 333 60005 90710 91112=
07591,2009-01-02 00:00:00,-1.2,,-0.3,64,-7.1,,11.112,25.928,,60,,,0,0,,,,,,0,og-post,,,,AAXX 02004 07591 04/// /0606 11012 21071 39193 48498 58003 60001 700// 333 60007 90710 91114 555 60005=
07591,2009-01-02 01:00:00,-2.5,,-0.5,72,-6.8,,7.408,18.52,,50,,,0,,,,,,,0,og-post,,,,AAXX 02014 07591 24/// /0504 11025 21068 39192 48494 57005 700// 333 60005 90710 91110=
07591,2009-01-02 02:00:00,-2.2,,-0.3,65,-7.9,,14.816,22.224,,30,,,0,,,,,,,0,og-post,,,,AAXX 02024 07591 24/// /0308 11022 21079 39193 48495 55003 700// 333 60005 90710 91112=
07591,2009-01-02 03:00:00,-2.1,,-0.4,61,-8.6,,18.52,29.632,,30,,,0,0,,,,,,0,og-post,,,,AAXX 02034 07591 24/// /0310 11021 21086 39189 48492 58004 700// 333 60007 90710 91116 555 60005=
07591,2009-01-02 04:00:00,-2.7,,-0.9,63,-8.7,,18.52,29.632,,40,,,0,,,,,,,0,og-post,,,,AAXX 02044 07591 24/// /0410 11027 21087 39183 48486 58009 700// 333 60005 90710 91116=
07591,2009-01-02 05:00:00,-2.1,,-1.3,56,-9.7,,18.52,31.484,,20,,,0,,,,,,,0,og-post,,,,AAXX 02054 07591 24/// /0210 11021 21097 39180 48484 56013 700// 333 60005 90710 91117=
07591,2009-01-02 06:00:00,-2.8,,-1.2,59,-9.7,,18.52,31.484,,40,-3,2.1,0,0,,,0,5.3,-5,0,og-post,,,,AAXX 02064 07591 04/// /0410 11028 21097 39177 48480 56012 60002 700// 333 10021 21030 3/105 55053 60007 70000 90710 91117 555 60005=
07591,2009-01-02 07:00:00,-3.1,,-0.7,60,-9.7,,18.52,35.188,,40,,,0,,,,,,,0,og-post,,,,AAXX 02074 07591 24/// /0410 11031 21097 39176 48479 56007 700// 333 60005 90710 91119=
07591,2009-01-02 08:00:00,-2.8,,-0.6,58,-9.9,,18.52,35.188,,40,,,0,,,,,,,0,og-post,,,,AAXX 02084 07591 24/// /0410 11028 21099 39174 48478 56006 700// 333 60005 90710 91119=
07591,2009-01-02 09:00:00,-1.1,,-0.7,49,-10.4,,22.224,35.188,,40,,,0,0,,,,,,0,og-post,,,,AAXX 02094 07591 24/// /0412 11011 21104 39170 48478 58007 700// 333 60007 90710 91119 555 60005=
07591,2009-01-02 10:00:00,0.4,,-0.8,45,-10.1,,18.52,38.892,,50,,,0,,,,,,,0,og-post,,,,AAXX 02104 07591 24/// /0510 10004 21101 39168 48479 57008 700// 333 60005 90710 91121=
07591,2009-01-02 11:00:00,2,,-1.4,39,-10.5,,22.224,31.484,,30,,,0,,,,,,,0,og-post,,,,AAXX 02114 07591 24/// /0312 10020 21105 39160 48476 58014 700// 333 60005 90710 91117=
07591,2009-01-02 12:00:00,3.3,,-1.7,37,-10,,18.52,29.632,,30,,,0,0,,,,,,0,og-post,,,,AAXX 02124 07591 04/// /0310 10033 21100 39153 48473 58017 60001 700// 333 60007 90710 91116 555 60005=
07591,2009-01-02 13:00:00,4.9,,-2.4,33,-10,,7.408,22.224,,40,,,0,,,,,,,0,og-post,,,,AAXX 02134 07591 24/// /0404 10049 21100 39144 48468 58024 700// 333 60005 90710 91112=
07591,2009-01-02 14:00:00,5.6,,-2.2,33,-9.4,,3.704,11.112,,70,,,0,,,,,,,0,og-post,,,,AAXX 02144 07591 24/// /0702 10056 21094 39138 48465 56022 700// 333 60005 90710 91106=
07591,2009-01-02 15:00:00,5.2,,-1.9,33,-9.7,,7.408,11.112,,40,,,0,0,,,,,,0,og-post,,,,AAXX 02154 07591 24/// /0404 10052 21097 39134 48460 56019 700// 333 60007 90710 91106 555 60005=
07591,2009-01-02 16:00:00,2.4,,-1.2,48,-7.5,,3.704,11.112,,50,,,0,,,,,,,0,og-post,,,,AAXX 02164 07591 24/// /0502 10024 21075 39132 48453 56012 700// 333 60005 90710 91106=
07591,2009-01-02 17:00:00,0.3,,-0.8,52,-8.4,,14.816,18.52,,30,,,0,,,,,,,0,og-post,,,,AAXX 02174 07591 24/// /0308 10003 21084 39130 48447 56008 700// 333 60005 90710 91110=
07591,2009-01-02 18:00:00,-0.7,,-0.5,55,-8.6,,11.112,18.52,,40,-3.2,6,0,0,,,,,,0,og-post,,,,AAXX 02184 07591 04/// /0406 11007 21086 39129 48444 56005 60002 700// 333 10060 21032 60007 90710 91110 555 60005=
07591,2009-01-02 19:00:00,0.5,,-0.4,46,-9.8,,22.224,31.484,,20,,,0,,,,,,,0,og-post,,,,AAXX 02194 07591 24/// /0212 10005 21098 39128 48445 56004 700// 333 60005 90710 91117=
07591,2009-01-02 20:00:00,0.3,,-0.2,43,-10.8,,22.224,31.484,,10,,,0,,,,,,,0,og-post,,,,AAXX 02204 07591 24/// /0112 10003 21108 39128 48445 56002 700// 333 60005 90710 91117=
07591,2009-01-02 21:00:00,-0.3,,-0.1,44,-11,,18.52,35.188,,20,,,0,0,,,,,,0,og-post,,,,AAXX 02214 07591 24/// /0210 11003 21110 39128 48443 56001 700// 333 60007 90710 91119 555 60005=
07591,2009-01-02 22:00:00,-1.1,,0.5,46,-11.2,,7.408,31.484,,40,,,0,,,,,,,0,og-post,,,,AAXX 02224 07591 24/// /0404 11011 21112 39133 48446 53005 700// 333 60005 90710 91117=
07591,2009-01-02 23:00:00,-2,,0.7,52,-10.5,,3.704,29.632,,130,,,0,,,,,,,0,og-post,,,,AAXX 02234 07591 24/// /1302 11020 21105 39135 48446 53007 700// 333 60005 90710 91116=
07591,2009-01-03 00:00:00,-3.7,,0.7,61,-10.1,,3.704,7.408,,180,,,0,0,,,,,,0,og-post,,,,AAXX 03004 07591 04/// /1802 11037 21101 39135 48442 51007 60001 700// 333 60007 90710 91104 555 60005=
07591,2009-01-03 01:00:00,-4.1,,0.2,66,-9.5,,3.704,7.408,,190,,,0,,,,,,,0,og-post,,,,AAXX 03014 07591 24/// /1902 11041 21095 39135 48442 51002 700// 333 60005 90710 91104=
07591,2009-01-03 02:00:00,-4.9,,0.2,68,-9.9,,3.704,7.408,,140,,,0,,,,,,,0,og-post,,,,AAXX 03024 07591 24/// /1402 11049 21099 39137 48442 53002 700// 333 60005 90710 91104=
07591,2009-01-03 03:00:00,-4.5,,0.1,65,-10.1,,3.704,14.816,,130,,,0,0,,,,,,0,og-post,,,,AAXX 03034 07591 24/// /1302 11045 21101 39136 48442 50001 700// 333 60007 90710 91108 555 60005=
07591,2009-01-03 04:00:00,-2.8,,0,47,-12.5,,14.816,25.928,,50,,,0,,,,,,,0,og-post,,,,AAXX 03044 07591 24/// /0508 11028 21125 39135 48444 50000 700// 333 60005 90710 91114=
07591,2009-01-03 05:00:00,-3.2,,-0,50,-12.1,,11.112,29.632,,30,,,0,,,,,,,0,og-post,,,,AAXX 03054 07591 24/// /0306 11032 21121 39137 48445 55000 700// 333 60005 90710 91116=
07591,2009-01-03 06:00:00,-3.1,,0.3,49,-12.3,,7.408,22.224,,30,-5.1,0.5,0,0,,,0,7.4,-9,0,og-post,,,,AAXX 03064 07591 04/// /0304 11031 21123 39139 48447 53003 60002 700// 333 10005 21051 3/109 55074 60007 70000 90710 91112 555 60005=
07591,2009-01-03 07:00:00,-3.8,,0.6,55,-11.5,,7.408,18.52,,100,,,0,,,,,,,0,og-post,,,,AAXX 03074 07591 24/// /1004 11038 21115 39141 48447 52006 700// 333 60005 90710 91110=
07591,2009-01-03 08:00:00,-3.9,,1,58,-10.9,,7.408,18.52,,70,,,0,,,,,,,0,og-post,,,,AAXX 03084 07591 24/// /0704 11039 21109 39147 48452 53010 700// 333 60005 90710 91110=
07591,2009-01-03 09:00:00,-0.2,,1.2,44,-11,,14.816,29.632,,50,,,0,0,,,,,,0,og-post,,,,AAXX 03094 07591 24/// /0508 11002 21110 39151 48463 53012 700// 333 60007 90710 91116 555 60005=
07591,2009-01-03 10:00:00,2,,1,36,-11.5,,7.408,29.632,,60,,,0,,,,,,,0,og-post,,,,AAXX 03104 07591 24/// /0604 10020 21115 39151 48468 51010 700// 333 60005 90710 91116=
07591,2009-01-03 11:00:00,3.4,,-0.2,33,-11.3,,14.816,31.484,,30,,,0,,,,,,,0,og-post,,,,AAXX 03114 07591 24/// /0308 10034 21113 39145 48466 58002 700// 333 60005 90710 91117=
07591,2009-01-03 12:00:00,5.1,,-1.2,27,-12.3,,11.112,29.632,,80,,,0,0,,,,,,0,og-post,,,,AAXX 03124 07591 04/// /0806 10051 21123 39139 48464 58012 60001 700// 333 60007 90710 91116 555 60005=
07591,2009-01-03 13:00:00,6.1,,-1.7,27,-11.5,,7.408,14.816,,170,,,0,,,,,,,0,og-post,,,,AAXX 03134 07591 24/// /1704 10061 21115 39134 48462 56017 700// 333 60005 90710 91108=
07591,2009-01-03 14:00:00,6.4,,-1.4,29,-10.3,,7.408,14.816,,200,,,0,,,,,,,0,og-post,,,,AAXX 03144 07591 24/// /2004 10064 21103 39131 48460 56014 700// 333 60005 90710 91108=
07591,2009-01-03 15:00:00,5.7,,-0.6,32,-9.7,,3.704,11.112,,210,,,0,0,,,,,,0,og-post,,,,AAXX 03154 07591 24/// /2102 10057 21097 39133 48460 55006 700// 333 60007 90710 91106 555 60005=
07591,2009-01-03 16:00:00,2.1,,0.2,38,-10.7,,,11.112,,,,,0,,,,,,,0,og-post,,,,AAXX 03164 07591 24/// /0000 10021 21107 39136 48455 53002 700// 333 60005 90710 91106=
07591,2009-01-03 17:00:00,-0.5,,0.7,53,-8.9,,11.112,18.52,,40,,,0,,,,,,,0,og-post,,,,AAXX 03174 07591 24/// /0406 11005 21089 39138 48452 52007 700// 333 60005 90710 91110=
07591,2009-01-03 18:00:00,-1.3,,0.9,51,-10.1,,11.112,18.52,,50,-4.1,6.8,0,0,,,,,,0,og-post,,,,AAXX 03184 07591 04/// /0506 11013 21101 39142 48453 53009 60002 700// 333 10068 21041 60007 90710 91110 555 60005=
07591,2009-01-03 19:00:00,-1.1,,0.9,48,-10.7,,11.112,29.632,,50,,,0,,,,,,,0,og-post,,,,AAXX 03194 07591 24/// /0506 11011 21107 39145 48456 53009 700// 333 60005 90710 91116=
07591,2009-01-03 20:00:00,-1.1,,1,45,-11.5,,14.816,29.632,,20,,,0,,,,,,,0,og-post,,,,AAXX 03204 07591 24/// /0208 11011 21115 39148 48459 51010 700// 333 60005 90710 91116=
07591,2009-01-03 21:00:00,-1.6,,0.6,44,-12.2,,18.52,38.892,,30,,,0,0,,,,,,0,og-post,,,,AAXX 03214 07591 24/// /0310 11016 21122 39148 48458 51006 700// 333 60007 90710 91121 555 60005=
07591,2009-01-03 22:00:00,-2,,0.6,44,-12.6,,22.224,35.188,,20,,,0,,,,,,,0,og-post,,,,AAXX 03224 07591 24/// /0212 11020 21126 39151 48460 52006 700// 333 60005 90710 91119=
07591,2009-01-03 23:00:00,-2.3,,0.2,43,-13.1,,18.52,31.484,,30,,,0,,,,,,,0,og-post,,,,AAXX 03234 07591 24/// /0310 11023 21131 39150 48458 50002 700// 333 60005 90710 91117=
07591,2009-01-04 00:00:00,-3.6,,0,47,-13.2,,14.816,31.484,,50,,,0,0,,,,,,0,og-post,,,,AAXX 04004 07591 04/// /0508 11036 21132 39148 48454 50000 60001 700// 333 60007 90710 91117 555 60005=
07591,2009-01-04 01:00:00,-2.9,,-0.5,42,-14,,18.52,38.892,,20,,,0,,,,,,,0,og-post,,,,AAXX 04014 07591 24/// /0210 11029 21140 39146 48453 58005 700// 333 60005 90710 91121=
07591,2009-01-04 02:00:00,-4.1,,-0.6,47,-13.7,,14.816,31.484,,50,,,0,,,,,,,0,og-post,,,,AAXX 04024 07591 24/// /0508 11041 21137 39144 48449 57006 700// 333 60005 90710 91117=
07591,2009-01-04 03:00:00,-3.5,,-0.6,41,-14.8,,18.52,35.188,,30,,,0,0,,,,,,0,og-post,,,,AAXX 04034 07591 24/// /0310 11035 21148 39142 48449 57006 700// 333 60007 90710 91119 555 60005=
07591,2009-01-04 04:00:00,-4.4,,-0.5,43,-15.1,,7.408,31.484,,60,,,0,,,,,,,0,og-post,,,,AAXX 04044 07591 24/// /0604 11044 21151 39141 48446 56005 700// 333 60005 90710 91117=
07591,2009-01-04 05:00:00,-3.6,,-0.5,39,-15.5,,22.224,38.892,,20,,,0,,,,,,,0,og-post,,,,AAXX 04054 07591 24/// /0212 11036 21155 39139 48446 57005 700// 333 60005 90710 91121=
07591,2009-01-04 06:00:00,-3.7,,-0.2,38,-15.9,,22.224,35.188,,30,-4.4,-0.3,0,0,,,0,7.4,-7,0,og-post,,,,AAXX 04064 07591 04/// /0312 11037 21159 39140 48446 55002 60002 700// 333 11003 21044 3/107 55074 60007 70000 90710 91119 555 60005=
07591,2009-01-04 07:00:00,-4,,0.2,39,-15.9,,14.816,38.892,,30,,,0,,,,,,,0,og-post,,,,AAXX 04074 07591 24/// /0308 11040 21159 39143 48448 53002 700// 333 60005 90710 91121=
07591,2009-01-04 08:00:00,-4.5,,0.8,42,-15.4,,7.408,31.484,,50,,,0,,,,,,,0,og-post,,,,AAXX 04084 07591 24/// /0504 11045 21154 39147 48451 53008 700// 333 60005 90710 91117=
07591,2009-01-04 09:00:00,-2,,0.9,34,-15.7,,11.112,31.484,,60,,,0,0,,,,,,0,og-post,,,,AAXX 04094 07591 24/// /0606 11020 21157 39149 48458 51009 700// 333 60007 90710 91117 555 60005=
07591,2009-01-04 10:00:00,0.2,,0.6,29,-15.7,,11.112,31.484,,70,,,0,,,,,,,0,og-post,,,,AAXX 04104 07591 24/// /0706 10002 21157 39149 48462 51006 700// 333 60005 90710 91117=
07591,2009-01-04 11:00:00,2.2,,-0.3,26,-15.3,,7.408,29.632,,50,,,0,,,,,,,0,og-post,,,,AAXX 04114 07591 24/// /0504 10022 21153 39144 48462 58003 700// 333 60005 90710 91116=
07591,2009-01-04 12:00:00,3.8,,-1.2,26,-13.9,,7.408,18.52,,180,,,0,0,,,,,,0,og-post,,,,AAXX 04124 07591 04/// /1804 10038 21139 39137 48460 58012 60001 700// 333 60007 90710 91110 555 60005=
07591,2009-01-04 13:00:00,4.7,,-1.9,26,-13.1,,7.408,14.816,,180,,,0,,,,,,,0,og-post,,,,AAXX 04134 07591 24/// /1804 10047 21131 39130 48455 58019 700// 333 60005 90710 91108=
07591,2009-01-04 14:00:00,5.4,,-1.6,22,-14.6,,7.408,11.112,,200,,,0,,,,,,,0,og-post,,,,AAXX 04144 07591 24/// /2004 10054 21146 39128 48455 56016 700// 333 60005 90710 91106=
07591,2009-01-04 15:00:00,4.2,,-0.8,30,-11.8,,7.408,11.112,,220,,,0,0,,,,,,0,og-post,,,,AAXX 04154 07591 24/// /2204 10042 21118 39129 48454 55008 700// 333 60007 90710 91106 555 60005=
07591,2009-01-04 16:00:00,1.1,,0.1,39,-11.3,,3.704,11.112,,170,,,0,,,,,,,0,og-post,,,,AAXX 04164 07591 24/// /1702 10011 21113 39131 48449 53001 700// 333 60005 90710 91106=
07591,2009-01-04 17:00:00,-1,,0.5,48,-10.6,,7.408,11.112,,40,,,0,,,,,,,0,og-post,,,,AAXX 04174 07591 24/// /0404 11010 21106 39133 48446 53005 700// 333 60005 90710 91106=
07591,2009-01-04 18:00:00,-2.1,,0.7,52,-10.6,,7.408,14.816,,40,-4.7,5.4,0,0,,,,,,0,og-post,,,,AAXX 04184 07591 04/// /0404 11021 21106 39136 48447 53007 60002 700// 333 10054 21047 60007 90710 91108 555 60005=
07591,2009-01-04 19:00:00,-2.6,,0.5,53,-10.8,,11.112,18.52,,60,,,0,,,,,,,0,og-post,,,,AAXX 04194 07591 24/// /0606 11026 21108 39136 48445 51005 700// 333 60005 90710 91110=
07591,2009-01-04 20:00:00,-1.9,,0,45,-12.2,,14.816,25.928,,40,,,0,,,,,,,0,og-post,,,,AAXX 04204 07591 24/// /0408 11019 21122 39133 48444 50000 700// 333 60005 90710 91114=
07591,2009-01-04 21:00:00,-2.9,,-0.5,51,-11.6,,14.816,25.928,,50,,,0,0,,,,,,0,og-post,,,,AAXX 04214 07591 24/// /0508 11029 21116 39131 48441 58005 700// 333 60007 90710 91114 555 60005=
07591,2009-01-04 22:00:00,-3.5,,-0.5,51,-12.1,,7.408,18.52,,60,,,0,,,,,,,0,og-post,,,,AAXX 04224 07591 24/// /0604 11035 21121 39131 48439 56005 700// 333 60005 90710 91110=
07591,2009-01-04 23:00:00,-4.1,,-0.3,53,-12.2,,3.704,22.224,,100,,,0,,,,,,,0,og-post,,,,AAXX 04234 07591 24/// /1002 11041 21122 39130 48437 56003 700// 333 60005 90710 91112=
07591,2009-01-05 00:00:00,-3.7,,-0.6,51,-12.3,,14.816,29.632,,40,,,0,0,,,,,,0,og-post,,,,AAXX 05004 07591 04/// /0408 11037 21123 39125 48434 58006 60001 700// 333 60007 90710 91116 555 60005=
07591,2009-01-05 01:00:00,-3.2,,-1.3,49,-12.4,,11.112,29.632,,80,,,0,,,,,,,0,og-post,,,,AAXX 05014 07591 24/// /0806 11032 21124 39118 48429 58013 700// 333 60005 90710 91116=
07591,2009-01-05 02:00:00,-5.1,,-1.2,57,-12.3,,,7.408,,,,,0,,,,,,,0,og-post,,,,AAXX 05024 07591 24/// /0000 11051 21123 39118 48425 56012 700// 333 60005 90710 91104=
07591,2009-01-05 03:00:00,-5.9,,-1,62,-12,,3.704,11.112,,320,,,0,0,,,,,,0,og-post,,,,AAXX 05034 07591 24/// /3202 11059 21120 39115 48421 56010 700// 333 60007 90710 91106 555 60005=
07591,2009-01-05 04:00:00,-6.2,,-0.6,62,-12.3,,3.704,11.112,,170,,,0,,,,,,,0,og-post,,,,AAXX 05044 07591 24/// /1702 11062 21123 39112 48418 58006 700// 333 60005 90710 91106=
07591,2009-01-05 05:00:00,-6,,-1.1,56,-13.3,,7.408,11.112,,90,,,0,,,,,,,0,og-post,,,,AAXX 05054 07591 24/// /0904 11060 21133 39107 48414 58011 700// 333 60005 90710 91106=
07591,2009-01-05 06:00:00,-6.6,,-1.1,57,-13.7,,11.112,14.816,,50,-6.9,-1.9,0,0,,,0,7.4,-10,0,og-post,,,,AAXX 05064 07591 04/// /0506 11066 21137 39104 48410 57011 60002 700// 333 11019 21069 3/110 55074 60007 70000 90710 91108 555 60005=
07591,2009-01-05 07:00:00,-6.8,,-0.6,60,-13.2,,11.112,14.816,,60,,,0,,,,,,,0,og-post,,,,AAXX 05074 07591 24/// /0606 11068 21132 39106 48411 55006 700// 333 60005 90710 91108=
07591,2009-01-05 08:00:00,-6.8,,-0.1,57,-13.9,,11.112,18.52,,50,,,0,,,,,,,0,og-post,,,,AAXX 05084 07591 24/// /0506 11068 21139 39106 48411 56001 700// 333 60005 90710 91110=
07591,2009-01-05 09:00:00,-5,,0.1,49,-14,,7.408,22.224,,70,,,0,0,,,,,,0,og-post,,,,AAXX 05094 07591 24/// /0704 11050 21140 39105 48414 50001 700// 333 60007 90710 91112 555 60005=
07591,2009-01-05 10:00:00,-1.7,,-0.2,45,-12,,3.704,14.816,,120,,,0,,,,,,,0,og-post,,,,AAXX 05104 07591 24/// /1202 11017 21120 39104 48420 58002 700// 333 60005 90710 91108=
07591,2009-01-05 11:00:00,0.5,,-1.1,32,-14.2,,7.408,14.816,,100,,,0,,,,,,,0,og-post,,,,AAXX 05114 07591 24/// /1004 10005 21142 39095 48416 58011 700// 333 60005 90710 91108=
07591,2009-01-05 12:00:00,1.7,,-1.8,25,-16.2,,3.704,14.816,,150,,,0,0,,,,,,0,og-post,,,,AAXX 05124 07591 04/// /1502 10017 21162 39087 48412 58018 60001 700// 333 60007 90710 91108 555 60005=
07591,2009-01-05 13:00:00,1.8,,-2.3,35,-12,,7.408,14.816,,210,,,0,,,,,,,0,og-post,,,,AAXX 05134 07591 24/// /2104 10018 21120 39081 48407 56023 700// 333 60005 90710 91108=
07591,2009-01-05 14:00:00,1.3,,-1.6,31,-13.9,,7.408,14.816,,230,,,0,,,,,,,0,og-post,,,,AAXX 05144 07591 24/// /2304 10013 21139 39079 48404 56016 700// 333 60005 90710 91108=
07591,2009-01-05 15:00:00,1.7,,-1.2,33,-12.8,,3.704,11.112,,170,,,0,0,,,,,,0,og-post,,,,AAXX 05154 07591 24/// /1702 10017 21128 39075 48401 56012 700// 333 60007 90710 91106 555 60005=
07591,2009-01-05 16:00:00,-0.4,,-0.4,42,-11.7,,3.704,11.112,,360,,,0,,,,,,,0,og-post,,,,AAXX 05164 07591 24/// /3602 11004 21117 39077 48399 55004 700// 333 60005 90710 91106=
07591,2009-01-05 17:00:00,-2.1,,-0.3,49,-11.3,,3.704,7.408,,360,,,0,,,,,,,0,og-post,,,,AAXX 05174 07591 24/// /3602 11021 21113 39076 48395 56003 700// 333 60005 90710 91104=
07591,2009-01-05 18:00:00,-2.5,,0.4,52,-11,,7.408,7.408,,30,-7.3,2.7,0,0,,,,,,0,og-post,,,,AAXX 05184 07591 04/// /0304 11025 21110 39079 48397 53004 60002 700// 333 10027 21073 60007 90710 91104 555 60005=
07591,2009-01-05 19:00:00,-2.9,,0.2,54,-10.9,,3.704,11.112,,80,,,0,,,,,,,0,og-post,,,,AAXX 05194 07591 24/// /0802 11029 21109 39079 48396 53002 700// 333 60005 90710 91106=
07591,2009-01-05 20:00:00,-3.4,,0.6,53,-11.6,,7.408,11.112,,60,,,0,,,,,,,0,og-post,,,,AAXX 05204 07591 24/// /0604 11034 21116 39082 48397 52006 700// 333 60005 90710 91106=
07591,2009-01-05 21:00:00,-3.2,,0.1,51,-11.9,,11.112,14.816,,40,,,0,0,,,,,,0,og-post,,,,AAXX 05214 07591 24/// /0406 11032 21119 39080 48396 50001 700// 333 60007 90710 91108 555 60005=
07591,2009-01-05 22:00:00,-2.8,,-0.1,49,-12,,11.112,22.224,,50,,,0,,,,,,,0,og-post,,,,AAXX 05224 07591 24/// /0506 11028 21120 39078 48395 58001 700// 333 60005 90710 91112=
07591,2009-01-05 23:00:00,-2.2,,-0.8,44,-12.8,,14.816,29.632,,30,,,0,,,,,,,0,og-post,,,,AAXX 05234 07591 24/// /0308 11022 21128 39074 48393 58008 700// 333 60005 90710 91116=
07591,2009-01-06 00:00:00,-2.5,,-0.7,48,-12,,3.704,25.928,,90,,,0,0,,,,,,0,og-post,,,,AAXX 06004 07591 04/// /0902 11025 21120 39073 48391 56007 60001 700// 333 60007 90710 91114 555 60005=
07591,2009-01-06 01:00:00,-1.6,,-1,43,-12.5,,14.816,35.188,,20,,,0,,,,,,,0,og-post,,,,AAXX 06014 07591 24/// /0208 11016 21125 39068 48389 58010 700// 333 60005 90710 91119=
07591,2009-01-06 02:00:00,-1.2,,-0.5,40,-13,,18.52,38.892,,10,,,0,,,,,,,0,og-post,,,,AAXX 06024 07591 24/// /0110 11012 21130 39069 48390 55005 700// 333 60005 90710 91121=
07591,2009-01-06 03:00:00,-0.9,,-0.5,53,-9.3,,22.224,35.188,,10,,,0,0,,,,,,0,og-post,,,,AAXX 06034 07591 24/// /0112 11009 21093 39068 48390 56005 700// 333 60007 90710 91119 555 60005=
07591,2009-01-06 04:00:00,-1.9,,-0.1,73,-6.1,,25.928,38.892,,20,,,0,,,,,,,0,og-post,,,,AAXX 06044 07591 24/// /0214 11019 21061 39067 48388 58001 700// 333 60005 90710 91121=
07591,2009-01-06 05:00:00,-2.4,,-0.2,79,-5.5,,22.224,35.188,,10,,,0,,,,,,,22,og-post,,,,AAXX 06054 07591 24/// /0112 11024 21055 39067 48387 56002 722// 333 60005 90710 91119=
07591,2009-01-06 06:00:00,-2.3,,0.1,80,-5.3,,22.224,35.188,,20,-3.6,-0.9,0,0,,,0,6,-7,71,og-post,,,,AAXX 06064 07591 04/// /0212 11023 21053 39069 48389 53001 60002 771// 333 11009 21036 3/107 55060 60007 70000 90710 91119 555 60005=
07591,2009-01-06 07:00:00,-2.2,,0.4,77,-5.7,,25.928,38.892,,10,,,0,,,,,,,0,og-post,,,,AAXX 06074 07591 24/// /0114 11022 21057 39071 48391 53004 700// 333 60005 90710 91121=
07591,2009-01-06 08:00:00,-2,,0.6,75,-5.8,,22.224,38.892,,20,,,0,,,,,,,0,og-post,,,,AAXX 06084 07591 24/// /0212 11020 21058 39073 48393 52006 700// 333 60005 90710 91121=
07591,2009-01-06 09:00:00,-1.2,,0.4,64,-7.1,,22.224,46.3,,20,,,0,0,,,,,,0,og-post,,,,AAXX 06094 07591 24/// /0212 11012 21071 39073 48394 51004 700// 333 60007 90710 91125 555 60005=
07591,2009-01-06 10:00:00,-0.9,,0.5,63,-7,,29.632,46.3,,10,,,0,,,,,,,0,og-post,,,,AAXX 06104 07591 24/// /0116 11009 21070 39076 48397 53005 700// 333 60005 90710 91125=
07591,2009-01-06 11:00:00,-1,,0.3,65,-6.7,,29.632,53.708,,10,,,0,,,,,,,0,og-post,,,,AAXX 06114 07591 24/// /0116 11010 21067 39076 48397 52003 700// 333 60005 90710 91129=
07591,2009-01-06 12:00:00,-1.1,,0.1,68,-6.2,,29.632,50.004,,20,,,0,0,,,,,,0,og-post,,,,AAXX 06124 07591 04/// /0216 11011 21062 39074 48395 50001 60001 700// 333 60007 90710 91127 555 60005=
07591,2009-01-06 13:00:00,-1.3,,-0.2,73,-5.5,,22.224,46.3,,20,,,0,,,,,,,0,og-post,,,,AAXX 06134 07591 24/// /0212 11013 21055 39074 48395 57002 700// 333 60005 90710 91125=
07591,2009-01-06 14:00:00,-1.3,,-0.1,72,-5.7,,22.224,35.188,,20,,,0,,,,,,,0,og-post,,,,AAXX 06144 07591 24/// /0212 11013 21057 39075 48396 55001 700// 333 60005 90710 91119=
07591,2009-01-06 15:00:00,-1.8,,0.4,77,-5.3,,25.928,46.3,,10,,,0,0,,,,,,70,og-post,,,,AAXX 06154 07591 24/// /0114 11018 21053 39078 48397 53004 770// 333 60007 90710 91125 555 60005=
07591,2009-01-06 16:00:00,-2.1,,0.7,78,-5.4,,25.928,42.596,,10,,,0,,,,,,,70,og-post,,,,AAXX 06164 07591 24/// /0114 11021 21054 39081 48399 53007 770// 333 60005 90710 91123=
07591,2009-01-06 17:00:00,-2.4,,0.7,80,-5.4,,29.632,50.004,,10,,,0,,,,,,,70,og-post,,,,AAXX 06174 07591 24/// /0116 11024 21054 39082 48400 51007 770// 333 60005 90710 91127=
07591,2009-01-06 18:00:00,-2.4,,0.9,81,-5.2,,29.632,50.004,,360,-2.5,-0.8,0,0,,,,,,71,og-post,,,,AAXX 06184 07591 04/// /3616 11024 21052 39087 48404 53009 60002 771// 333 11008 21025 60007 90710 91127 555 60005=
07591,2009-01-06 19:00:00,-2.5,,1.2,80,-5.5,,22.224,50.004,,30,,,0,,,,,,,22,og-post,,,,AAXX 06194 07591 24/// /0312 11025 21055 39093 48409 53012 722// 333 60005 90710 91127=
07591,2009-01-06 20:00:00,-2.5,,0.9,77,-6,,29.632,53.708,,10,,,0,,,,,,,0,og-post,,,,AAXX 06204 07591 24/// /0116 11025 21060 39091 48407 50009 700// 333 60005 90710 91129=
07591,2009-01-06 21:00:00,-2.4,,0.4,75,-6.2,,25.928,50.004,,10,,,0,0,,,,,,22,og-post,,,,AAXX 06214 07591 24/// /0114 11024 21062 39091 48407 51004 722// 333 60007 90710 91127 555 60005=
07591,2009-01-06 22:00:00,-2.2,,-0.5,71,-6.7,,29.632,53.708,50.004,10,,,0,,,,,,,0,og-post,,,,AAXX 06224 07591 24/// /0116 11022 21067 39088 48405 58005 700// 333 60005 91027 90710 91129=
07591,2009-01-06 23:00:00,-2.3,,-0.7,72,-6.6,,31.484,53.708,,10,,,0,,,,,,,0,og-post,,,,AAXX 06234 07591 24/// /0117 11023 21066 39084 48402 58007 700// 333 60005 90710 91129=
07591,2009-01-07 00:00:00,-2.4,,-1,75,-6.2,,31.484,61.116,,360,,,0,0,,,,,,0,og-post,,,,AAXX 07004 07591 04/// /3617 11024 21062 39081 48399 57010 60001 700// 333 60007 90710 91133 555 60005=
07591,2009-01-07 01:00:00,-2.4,,-0.8,76,-6,,38.892,61.116,61.116,360,,,0,,,,,,,0,og-post,,,,AAXX 07014 07591 24/// /3621 11024 21060 39080 48398 56008 700// 333 60005 91033 90710 91133=
07591,2009-01-07 02:00:00,-2.2,,-0.7,74,-6.2,,35.188,61.116,57.412,360,,,0,,,,,,,0,og-post,,,,AAXX 07024 07591 24/// /3619 11022 21062 39077 48396 57007 700// 333 60005 91031 90710 91133=
07591,2009-01-07 03:00:00,-1.8,,-0.5,70,-6.5,,35.188,61.116,61.116,360,,,0,0,,,,,,0,og-post,,,,AAXX 07034 07591 24/// /3619 11018 21065 39076 48396 57005 700// 333 60007 91033 90710 91133 555 60005=
07591,2009-01-07 04:00:00,-1.5,,-0.8,67,-6.8,,35.188,57.412,,360,,,0,,,,,,,0,og-post,,,,AAXX 07044 07591 24/// /3619 11015 21068 39072 48393 58008 700// 333 60005 90710 91131=
07591,2009-01-07 05:00:00,-1.4,,-1.1,65,-7.1,,38.892,61.116,61.116,360,,,0,,,,,,,0,og-post,,,,AAXX 07054 07591 24/// /3621 11014 21071 39066 48388 58011 700// 333 60005 91033 90710 91133=
07591,2009-01-07 06:00:00,-0.9,,-1.4,61,-7.5,,38.892,64.82,,360,-2.6,-0.9,0,0,,,0,0,-3,0,og-post,,,,AAXX 07064 07591 04/// /3621 11009 21075 39062 48385 57014 60002 700// 333 11009 21026 3/103 55000 60007 70000 90710 91135 555 60005=
07591,2009-01-07 07:00:00,-0.6,,-0.2,57,-8,,29.632,57.412,50.004,10,,,0,,,,,,,0,og-post,,,,AAXX 07074 07591 24/// /0116 11006 21080 39070 48393 55002 700// 333 60005 91027 90710 91131=
07591,2009-01-07 08:00:00,0.3,,0.3,54,-7.9,,31.484,57.412,,20,,,0,,,,,,,0,og-post,,,,AAXX 07084 07591 24/// /0217 10003 21079 39069 48393 53003 700// 333 60005 90710 91131=
07591,2009-01-07 09:00:00,1.7,,0.4,45,-8.9,,35.188,57.412,,50,,,0,0,,,,,,0,og-post,,,,AAXX 07094 07591 24/// /0519 10017 21089 39066 48393 50004 700// 333 60007 90710 91131 555 60005=
07591,2009-01-07 10:00:00,2.3,,-0.1,43,-9,,35.188,75.932,68.524,50,,,0,,,,,,,0,og-post,,,,AAXX 07104 07591 24/// /0519 10023 21090 39069 48397 55001 700// 333 60005 91037 90710 91141=
07591,2009-01-07 11:00:00,2.5,,0.1,43,-8.8,,31.484,64.82,57.412,40,,,0,,,,,,,0,og-post,,,,AAXX 07114 07591 24/// /0417 10025 21088 39070 48398 53001 700// 333 60005 91031 90710 91135=
07591,2009-01-07 12:00:00,2.8,,0.4,42,-8.8,,35.188,61.116,57.412,30,,,0,0,,,,,,0,og-post,,,,AAXX 07124 07591 04/// /0319 10028 21088 39070 48399 51004 60001 700// 333 60007 91031 90710 91133 555 60005=
07591,2009-01-07 13:00:00,3.4,,-1,42,-8.3,,38.892,75.932,75.932,30,,,0,,,,,,,0,og-post,,,,AAXX 07134 07591 24/// /0321 10034 21083 39059 48390 58010 700// 333 60005 91041 90710 91141=
07591,2009-01-07 14:00:00,3.4,,-1.1,42,-8.3,,42.596,72.228,68.524,40,,,0,,,,,,,0,og-post,,,,AAXX 07144 07591 24/// /0423 10034 21083 39059 48390 57011 700// 333 60005 91037 90710 91139=
07591,2009-01-07 15:00:00,3.6,,-0.6,40,-8.7,,31.484,57.412,57.412,50,,,0,0,,,,,,0,og-post,,,,AAXX 07154 07591 24/// /0517 10036 21087 39064 48395 55006 700// 333 60007 91031 90710 91131 555 60005=
07591,2009-01-07 16:00:00,3.4,,0.9,41,-8.6,,29.632,61.116,50.004,50,,,0,,,,,,,0,og-post,,,,AAXX 07164 07591 24/// /0516 10034 21086 39068 48398 53009 700// 333 60005 91027 90710 91133=
07591,2009-01-07 17:00:00,3.3,,1.8,43,-8.1,,22.224,53.708,,60,,,0,,,,,,,0,og-post,,,,AAXX 07174 07591 24/// /0612 10033 21081 39077 48406 53018 700// 333 60005 90710 91129=
07591,2009-01-07 18:00:00,3.2,,1.9,44,-7.9,,14.816,35.188,,60,-1.1,3.9,0,0,,,,,,0,og-post,,,,AAXX 07184 07591 04/// /0608 10032 21079 39083 48411 53019 60002 700// 333 10039 21011 60007 90710 91119 555 60005=
07591,2009-01-07 19:00:00,1,,2,59,-6.1,,3.704,14.816,,160,,,0,,,,,,,0,og-post,,,,AAXX 07194 07591 24/// /1602 10010 21061 39088 48412 51020 700// 333 60005 90710 91108=
07591,2009-01-07 20:00:00,0,,1.7,66,-5.6,,3.704,11.112,,190,,,0,,,,,,,0,og-post,,,,AAXX 07204 07591 24/// /1902 10000 21056 39094 48415 52017 700// 333 60005 90710 91106=
07591,2009-01-07 21:00:00,0.6,,1.5,61,-6,,7.408,25.928,,180,,,0,0,,,,,,0,og-post,,,,AAXX 07214 07591 24/// /1804 10006 21060 39098 48419 51015 700// 333 60007 90710 91114 555 60005=
07591,2009-01-07 22:00:00,2,,1.4,57,-5.6,,18.52,29.632,,10,,,0,,,,,,,0,og-post,,,,AAXX 07224 07591 24/// /0110 10020 21056 39102 48426 51014 700// 333 60005 90710 91116=
07591,2009-01-07 23:00:00,1.7,,1.1,61,-5,,14.816,29.632,,30,,,0,,,,,,,0,og-post,,,,AAXX 07234 07591 24/// /0308 10017 21050 39105 48428 51011 700// 333 60005 90710 91116=
07591,2009-01-08 00:00:00,0.8,,0.6,65,-5,,14.816,29.632,,40,,,0,0,,,,,,0,og-post,,,,AAXX 08004 07591 04/// /0408 10008 21050 39104 48425 50006 60001 700// 333 60007 90710 91116 555 60005=
07591,2009-01-08 01:00:00,0,,0.7,66,-5.6,,14.816,29.632,,60,,,0,,,,,,,0,og-post,,,,AAXX 08014 07591 24/// /0608 10000 21056 39109 48428 53007 700// 333 60005 90710 91116=
07591,2009-01-08 02:00:00,0.2,,0.6,67,-5.2,,18.52,35.188,,30,,,0,,,,,,,0,og-post,,,,AAXX 08024 07591 24/// /0310 10002 21052 39111 48430 53006 700// 333 60005 90710 91119=
07591,2009-01-08 03:00:00,-0.2,,1,67,-5.6,,22.224,38.892,,40,,,0,0,,,,,,0,og-post,,,,AAXX 08034 07591 24/// /0412 11002 21056 39114 48432 51010 700// 333 60007 90710 91121 555 60005=
07591,2009-01-08 04:00:00,-0.7,,0.5,67,-6,,22.224,31.484,,40,,,0,,,,,,,0,og-post,,,,AAXX 08044 07591 24/// /0412 11007 21060 39114 48431 51005 700// 333 60005 90710 91117=
07591,2009-01-08 05:00:00,-1.1,,0.7,65,-6.8,,25.928,35.188,,30,,,0,,,,,,,0,og-post,,,,AAXX 08054 07591 24/// /0314 11011 21068 39118 48433 53007 700// 333 60005 90710 91119=
07591,2009-01-08 06:00:00,-1.6,,1.1,67,-6.9,,18.52,35.188,,30,-1.7,3.2,0,0,,,0,0.7,-3,0,og-post,,,,AAXX 08064 07591 04/// /0310 11016 21069 39125 48438 53011 60002 700// 333 10032 21017 3/103 55007 60007 70000 90710 91119 555 60005=
07591,2009-01-08 07:00:00,-1.8,,1.6,67,-7.1,,18.52,31.484,,30,,,0,,,,,,,0,og-post,,,,AAXX 08074 07591 24/// /0310 11018 21071 39130 48442 53016 700// 333 60005 90710 91117=
07591,2009-01-08 08:00:00,-2.7,,2.2,71,-7.2,,3.704,22.224,,140,,,0,,,,,,,0,og-post,,,,AAXX 08084 07591 24/// /1402 11027 21072 39140 48449 53022 700// 333 60005 90710 91112=
07591,2009-01-08 09:00:00,-3.1,,2,78,-6.4,,3.704,11.112,,250,,,0,0,,,,,,0,og-post,,,,AAXX 08094 07591 24/// /2502 11031 21064 39145 48452 52020 700// 333 60007 90710 91106 555 60005=
07591,2009-01-08 10:00:00,0.3,,2,69,-4.7,,7.408,11.112,,200,,,0,,,,,,,0,og-post,,,,AAXX 08104 07591 24/// /2004 10003 21047 39150 48464 51020 700// 333 60005 90710 91106=
07591,2009-01-08 11:00:00,1.4,,0.8,61,-5.3,,7.408,14.816,,220,,,0,,,,,,,0,og-post,,,,AAXX 08114 07591 24/// /2204 10014 21053 39148 48465 50008 700// 333 60005 90710 91108=
07591,2009-01-08 12:00:00,2.6,,0.5,56,-5.3,,7.408,14.816,,230,,,0,0,,,,,,0,og-post,,,,AAXX 08124 07591 04/// /2304 10026 21053 39150 48469 51005 60001 700// 333 60007 90710 91108 555 60005=
07591,2009-01-08 13:00:00,4,,-0.1,50,-5.5,,11.112,14.816,,220,,,0,,,,,,,0,og-post,,,,AAXX 08134 07591 24/// /2206 10040 21055 39149 48471 56001 700// 333 60005 90710 91108=
07591,2009-01-08 14:00:00,5.5,,0.4,45,-5.5,,7.408,14.816,,220,,,0,,,,,,,0,og-post,,,,AAXX 08144 07591 24/// /2204 10055 21055 39152 48477 53004 700// 333 60005 90710 91108=
07591,2009-01-08 15:00:00,3.9,,1,51,-5.3,,11.112,29.632,,200,,,0,0,,,,,,0,og-post,,,,AAXX 08154 07591 24/// /2006 10039 21053 39160 48481 53010 700// 333 60007 90710 91116 555 60005=
07591,2009-01-08 16:00:00,3.9,,1.6,46,-6.6,,18.52,31.484,,50,,,0,,,,,,,0,og-post,,,,AAXX 08164 07591 24/// /0510 10039 21066 39165 48485 53016 700// 333 60005 90710 91117=
07591,2009-01-08 17:00:00,3.8,,1.8,44,-7.3,,18.52,38.892,,20,,,0,,,,,,,0,og-post,,,,AAXX 08174 07591 24/// /0210 10038 21073 39170 48489 51018 700// 333 60005 90710 91121=
07591,2009-01-08 18:00:00,4,,1.7,41,-8,,22.224,38.892,,30,-3.1,5.8,0,0,,,,,,0,og-post,,,,AAXX 08184 07591 04/// /0312 10040 21080 39177 48495 53017 60002 700// 333 10058 21031 60007 90710 91121 555 60005=
07591,2009-01-08 19:00:00,3.5,,2,42,-8.2,,22.224,50.004,,30,,,0,,,,,,,0,og-post,,,,AAXX 08194 07591 24/// /0312 10035 21082 39185 48501 53020 700// 333 60005 90710 91127=
07591,2009-01-08 20:00:00,3.5,,2.1,41,-8.5,,29.632,57.412,,40,,,0,,,,,,,0,og-post,,,,AAXX 08204 07591 24/// /0416 10035 21085 39191 48506 51021 700// 333 60005 90710 91131=
07591,2009-01-08 21:00:00,2.6,,1.9,47,-7.6,,29.632,46.3,,20,,,0,0,,,,,,0,og-post,,,,AAXX 08214 07591 24/// /0216 10026 21076 39196 48509 51019 700// 333 60007 90710 91125 555 60005=
07591,2009-01-08 22:00:00,1.9,,1.3,50,-7.4,,35.188,53.708,,360,,,0,,,,,,,0,og-post,,,,AAXX 08224 07591 24/// /3619 10019 21074 39198 48509 51013 700// 333 60005 90710 91129=
07591,2009-01-08 23:00:00,1.8,,0.6,50,-7.5,,35.188,57.412,57.412,360,,,0,,,,,,,0,og-post,,,,AAXX 08234 07591 24/// /3619 10018 21075 39197 48508 50006 700// 333 60005 91031 90710 91131=
07591,2009-01-09 00:00:00,2,,0,49,-7.6,,35.188,61.116,53.708,360,,,0,0,,,,,,0,og-post,,,,AAXX 09004 07591 04/// /3619 10020 21076 39196 48507 50000 60001 700// 333 60007 91029 90710 91133 555 60005=
07591,2009-01-09 01:00:00,2,,-0.3,52,-6.8,,31.484,61.116,53.708,360,,,0,,,,,,,0,og-post,,,,AAXX 09014 07591 24/// /3617 10020 21068 39195 48507 57003 700// 333 60005 91029 90710 91133=
07591,2009-01-09 02:00:00,1.9,,-0,52,-6.9,,35.188,61.116,,360,,,0,,,,,,,0,og-post,,,,AAXX 09024 07591 24/// /3619 10019 21069 39197 48508 55000 700// 333 60005 90710 91133=
07591,2009-01-09 03:00:00,2.4,,0.4,51,-6.7,,35.188,57.412,,360,,,0,0,,,,,,0,og-post,,,,AAXX 09034 07591 24/// /3619 10024 21067 39200 48512 53004 700// 333 60007 90710 91131 555 60005=
07591,2009-01-09 04:00:00,2.2,,0.5,51,-6.9,,35.188,57.412,,360,,,0,,,,,,,0,og-post,,,,AAXX 09044 07591 24/// /3619 10022 21069 39200 48511 51005 700// 333 60005 90710 91131=
07591,2009-01-09 05:00:00,2.3,,0.4,51,-6.8,,31.484,57.412,,360,,,0,,,,,,,0,og-post,,,,AAXX 09054 07591 24/// /3617 10023 21068 39201 48512 51004 700// 333 60005 90710 91131=
07591,2009-01-09 06:00:00,2.2,,0.3,52,-6.6,,35.188,53.708,,360,1.7,4.2,0,0,,,0,6.4,1,0,og-post,,,,AAXX 09064 07591 04/// /3619 10022 21066 39203 48514 53003 60002 700// 333 10042 20017 3/001 55064 60007 70000 90710 91129 555 60005=
07591,2009-01-09 07:00:00,2,,0.6,52,-6.8,,38.892,57.412,,360,,,0,,,,,,,0,og-post,,,,AAXX 09074 07591 24/// /3621 10020 21068 39206 48516 53006 700// 333 60005 90710 91131=
07591,2009-01-09 08:00:00,2.1,,0.9,51,-7,,38.892,61.116,61.116,360,,,0,,,,,,,0,og-post,,,,AAXX 09084 07591 24/// /3621 10021 21070 39210 48520 53009 700// 333 60005 91033 90710 91133=
07591,2009-01-09 09:00:00,3,,1,48,-6.9,,35.188,64.82,,360,,,0,0,,,,,,0,og-post,,,,AAXX 09094 07591 24/// /3619 10030 21069 39213 48524 52010 700// 333 60007 90710 91135 555 60005=
07591,2009-01-09 10:00:00,4.4,,0.6,43,-7.1,,31.484,57.412,53.708,10,,,0,,,,,,,0,og-post,,,,AAXX 09104 07591 24/// /0117 10044 21071 39212 48527 50006 700// 333 60005 91029 90710 91131=
07591,2009-01-09 11:00:00,5.7,,-0.3,39,-7.1,,31.484,53.708,,10,,,0,,,,,,,0,og-post,,,,AAXX 09114 07591 24/// /0117 10057 21071 39207 48526 58003 700// 333 60005 90710 91129=
07591,2009-01-09 12:00:00,6.3,,-1.6,38,-6.9,,35.188,57.412,,10,,,0,0,,,,,,0,og-post,,,,AAXX 09124 07591 04/// /0119 10063 21069 39197 48518 58016 60001 700// 333 60007 90710 91131 555 60005=
07591,2009-01-09 13:00:00,7.7,,-2.1,32,-7.9,,31.484,50.004,,20,,,0,,,,,,,0,og-post,,,,AAXX 09134 07591 24/// /0217 10077 21079 39191 48516 58021 700// 333 60005 90710 91127=
07591,2009-01-09 14:00:00,7.6,,-2,33,-7.6,,31.484,53.708,,20,,,0,,,,,,,0,og-post,,,,AAXX 09144 07591 24/// /0217 10076 21076 39187 48512 56020 700// 333 60005 90710 91129=
07591,2009-01-09 15:00:00,7,,-1,36,-7,,25.928,46.3,,10,,,0,0,,,,,,0,og-post,,,,AAXX 09154 07591 24/// /0114 10070 21070 39187 48511 56010 700// 333 60007 90710 91125 555 60005=
07591,2009-01-09 16:00:00,5.7,,-0.1,39,-7.1,,31.484,46.3,,360,,,0,,,,,,,0,og-post,,,,AAXX 09164 07591 24/// /3617 10057 21071 39190 48511 55001 700// 333 60005 90710 91125=
07591,2009-01-09 17:00:00,5.1,,0.6,41,-7,,31.484,50.004,,360,,,0,,,,,,,0,og-post,,,,AAXX 09174 07591 24/// /3617 10051 21070 39193 48512 53006 700// 333 60005 90710 91127=
07591,2009-01-09 18:00:00,4.7,,0.6,41,-7.4,,35.188,53.708,,360,1.8,8.2,0,0,,,,,,0,og-post,,,,AAXX 09184 07591 04/// /3619 10047 21074 39193 48511 51006 60002 700// 333 10082 20018 60007 90710 91129 555 60005=
07591,2009-01-09 19:00:00,4.3,,0.7,41,-7.8,,35.188,57.412,,360,,,0,,,,,,,0,og-post,,,,AAXX 09194 07591 24/// /3619 10043 21078 39197 48514 53007 700// 333 60005 90710 91131=
07591,2009-01-09 20:00:00,4.3,,0.5,40,-8.1,,35.188,61.116,57.412,360,,,0,,,,,,,0,og-post,,,,AAXX 09204 07591 24/// /3619 10043 21081 39198 48514 53005 700// 333 60005 91031 90710 91133=
07591,2009-01-09 21:00:00,4.1,,0.4,40,-8.3,,38.892,61.116,61.116,360,,,0,0,,,,,,0,og-post,,,,AAXX 09214 07591 24/// /3621 10041 21083 39197 48513 50004 700// 333 60007 91033 90710 91133 555 60005=
07591,2009-01-09 22:00:00,4.2,,-0.1,39,-8.5,,35.188,64.82,57.412,360,,,0,,,,,,,0,og-post,,,,AAXX 09224 07591 24/// /3619 10042 21085 39196 48512 58001 700// 333 60005 91031 90710 91135=
07591,2009-01-09 23:00:00,4.4,,0.2,38,-8.6,,29.632,61.116,,10,,,0,,,,,,,0,og-post,,,,AAXX 09234 07591 24/// /0116 10044 21086 39200 48516 53002 700// 333 60005 90710 91133=
07591,2009-01-10 00:00:00,3.8,,0,41,-8.2,,29.632,46.3,,20,,,0,0,,,,,,0,og-post,,,,AAXX 10004 07591 04/// /0216 10038 21082 39197 48512 50000 60001 700// 333 60007 90710 91125 555 60005=
07591,2009-01-10 01:00:00,2.1,,0.2,46,-8.3,,22.224,35.188,,40,,,0,,,,,,,0,og-post,,,,AAXX 10014 07591 24/// /0412 10021 21083 39198 48509 51002 700// 333 60005 90710 91119=
07591,2009-01-10 02:00:00,2.6,,0.3,44,-8.4,,29.632,42.596,,30,,,0,,,,,,,0,og-post,,,,AAXX 10024 07591 24/// /0316 10026 21084 39203 48515 53003 700// 333 60005 90710 91123=
07591,2009-01-10 03:00:00,1.8,,0.6,47,-8.3,,22.224,38.892,,20,,,0,0,,,,,,0,og-post,,,,AAXX 10034 07591 24/// /0212 10018 21083 39203 48513 51006 700// 333 60007 90710 91121 555 60005=
07591,2009-01-10 04:00:00,1.9,,0,46,-8.5,,31.484,50.004,,20,,,0,,,,,,,0,og-post,,,,AAXX 10044 07591 24/// /0217 10019 21085 39198 48509 50000 700// 333 60005 90710 91127=
07591,2009-01-10 05:00:00,0.5,,-0.3,51,-8.4,,18.52,42.596,,60,,,0,,,,,,,0,og-post,,,,AAXX 10054 07591 24/// /0610 10005 21084 39200 48507 55003 700// 333 60005 90710 91123=
07591,2009-01-10 06:00:00,0.2,,-0.2,52,-8.5,,25.928,42.596,,20,0.2,4.8,0,0,,,0,6.5,-1,0,og-post,,,,AAXX 10064 07591 04/// /0214 10002 21085 39201 48508 55002 60002 700// 333 10048 20002 3/101 55065 60007 70000 90710 91123 555 60005=
07591,2009-01-10 07:00:00,0.3,,0.4,51,-8.6,,22.224,38.892,,20,,,0,,,,,,,0,og-post,,,,AAXX 10074 07591 24/// /0212 10003 21086 39202 48509 51004 700// 333 60005 90710 91121=
07591,2009-01-10 08:00:00,0.5,,0.8,50,-8.7,,29.632,42.596,,20,,,0,,,,,,,0,og-post,,,,AAXX 10084 07591 24/// /0216 10005 21087 39208 48514 53008 700// 333 60005 90710 91123=
07591,2009-01-10 09:00:00,1.9,,1,45,-8.8,,29.632,46.3,,20,,,0,0,,,,,,0,og-post,,,,AAXX 10094 07591 24/// /0216 10019 21088 39211 48520 53010 700// 333 60007 90710 91125 555 60005=
07591,2009-01-10 10:00:00,3.6,,1.3,41,-8.4,,29.632,38.892,,30,,,0,,,,,,,0,og-post,,,,AAXX 10104 07591 24/// /0316 10036 21084 39215 48528 51013 700// 333 60005 90710 91121=
07591,2009-01-10 11:00:00,6.5,,0.2,34,-8.2,,29.632,42.596,,30,,,0,,,,,,,0,og-post,,,,AAXX 10114 07591 24/// /0316 10065 21082 39210 48530 50002 700// 333 60005 90710 91123=
07591,2009-01-10 12:00:00,8.5,,-0.9,28,-8.9,,25.928,38.892,,360,,,0,0,,,,,,0,og-post,,,,AAXX 10124 07591 04/// /3614 10085 21089 39202 48528 58009 60001 700// 333 60007 90710 91121 555 60005=
07591,2009-01-10 13:00:00,9.7,,-1.6,26,-8.8,,22.224,38.892,,10,,,0,,,,,,,0,og-post,,,,AAXX 10134 07591 24/// /0112 10097 21088 39199 48528 56016 700// 333 60005 90710 91121=
07591,2009-01-10 14:00:00,10.3,,-1.2,22,-10.5,,18.52,38.892,,50,,,0,,,,,,,0,og-post,,,,AAXX 10144 07591 24/// /0510 10103 21105 39198 48528 56012 700// 333 60005 90710 91121=
07591,2009-01-10 15:00:00,9.9,,-0.1,23,-10.2,,18.52,35.188,,50,,,0,0,,,,,,0,og-post,,,,AAXX 10154 07591 24/// /0510 10099 21102 39201 48530 55001 700// 333 60007 90710 91119 555 60005=
07591,2009-01-10 16:00:00,7.9,,0.6,30,-8.6,,22.224,38.892,,360,,,0,,,,,,,0,og-post,,,,AAXX 10164 07591 24/// /3612 10079 21086 39205 48529 53006 700// 333 60005 90710 91121=
07591,2009-01-10 17:00:00,6.4,,1.5,33,-8.7,,25.928,42.596,,360,,,0,,,,,,,0,og-post,,,,AAXX 10174 07591 24/// /3614 10064 21087 39213 48532 53015 700// 333 60005 90710 91123=
07591,2009-01-10 18:00:00,5,,1.9,36,-8.8,,14.816,38.892,,40,0.2,10.5,0,0,,,,,,0,og-post,,,,AAXX 10184 07591 04/// /0408 10050 21088 39220 48535 53019 60002 700// 333 10105 20002 60007 90710 91121 555 60005=
07591,2009-01-10 19:00:00,3.4,,2.2,41,-8.6,,18.52,31.484,,50,,,0,,,,,,,0,og-post,,,,AAXX 10194 07591 24/// /0510 10034 21086 39227 48537 51022 700// 333 60005 90710 91117=
07591,2009-01-10 20:00:00,2.6,,2.2,43,-8.7,,18.52,35.188,,30,,,0,,,,,,,0,og-post,,,,AAXX 10204 07591 24/// /0310 10026 21087 39235 48542 53022 700// 333 60005 90710 91119=
07591,2009-01-10 21:00:00,2.1,,1.8,44,-8.9,,22.224,38.892,,20,,,0,0,,,,,,0,og-post,,,,AAXX 10214 07591 24/// /0212 10021 21089 39238 48544 51018 700// 333 60007 90710 91121 555 60005=
07591,2009-01-10 22:00:00,1.6,,1.6,45,-9,,22.224,38.892,,20,,,0,,,,,,,0,og-post,,,,AAXX 10224 07591 24/// /0212 10016 21090 39243 48547 51016 700// 333 60005 90710 91121=
07591,2009-01-10 23:00:00,1.2,,0.9,46,-9.1,,22.224,50.004,,20,,,0,,,,,,,0,og-post,,,,AAXX 10234 07591 24/// /0212 10012 21091 39244 48547 51009 700// 333 60005 90710 91127=
07591,2009-01-11 00:00:00,0.9,,0.9,47,-9.1,,25.928,46.3,,10,,,0,0,,,,,,0,og-post,,,,AAXX 11004 07591 04/// /0114 10009 21091 39247 48549 51009 60001 700// 333 60007 90710 91125 555 60005=
07591,2009-01-11 01:00:00,1,,0.5,46,-9.3,,25.928,46.3,,10,,,0,,,,,,,0,og-post,,,,AAXX 11014 07591 24/// /0114 10010 21093 39248 48550 52005 700// 333 60005 90710 91125=
07591,2009-01-11 02:00:00,1,,0.6,45,-9.6,,29.632,42.596,,10,,,0,,,,,,,0,og-post,,,,AAXX 11024 07591 24/// /0116 10010 21096 39250 48551 51006 700// 333 60005 90710 91123=
07591,2009-01-11 03:00:00,0.6,,0.3,46,-9.7,,25.928,46.3,,10,,,0,0,,,,,,0,og-post,,,,AAXX 11034 07591 24/// /0114 10006 21097 39250 48550 51003 700// 333 60007 90710 91125 555 60005=
07591,2009-01-11 04:00:00,0.6,,0.6,45,-9.9,,25.928,46.3,,20,,,0,,,,,,,0,og-post,,,,AAXX 11044 07591 24/// /0214 10006 21099 39254 48554 53006 700// 333 60005 90710 91125=
07591,2009-01-11 05:00:00,0.3,,0.1,46,-9.9,,22.224,53.708,,30,,,0,,,,,,,0,og-post,,,,AAXX 11054 07591 24/// /0312 10003 21099 39251 48550 50001 700// 333 60005 90710 91129=
07591,2009-01-11 06:00:00,0.7,,0.6,44,-10.1,,25.928,38.892,,20,-0.3,5,0,0,,,0,7.3,-2,0,og-post,,,,AAXX 11064 07591 04/// /0214 10007 21101 39256 48556 53006 60002 700// 333 10050 21003 3/102 55073 60007 70000 90710 91121 555 60005=
07591,2009-01-11 07:00:00,0,,0.5,46,-10.2,,22.224,35.188,,20,,,0,,,,,,,0,og-post,,,,AAXX 11074 07591 24/// /0212 10000 21102 39259 48556 53005 700// 333 60005 90710 91119=
07591,2009-01-11 08:00:00,0.2,,1.4,46,-10,,22.224,38.892,,20,,,0,,,,,,,0,og-post,,,,AAXX 11084 07591 24/// /0212 10002 21100 39265 48562 53014 700// 333 60005 90710 91121=
07591,2009-01-11 09:00:00,1.1,,1,42,-10.4,,31.484,46.3,,20,,,0,0,,,,,,0,og-post,,,,AAXX 11094 07591 24/// /0217 10011 21104 39266 48565 51010 700// 333 60007 90710 91125 555 60005=
07591,2009-01-11 10:00:00,3.2,,0.9,37,-10.1,,22.224,46.3,,10,,,0,,,,,,,0,og-post,,,,AAXX 11104 07591 24/// /0112 10032 21101 39268 48572 51009 700// 333 60005 90710 91125=
07591,2009-01-11 11:00:00,5.4,,-0.2,31,-10.3,,22.224,38.892,,30,,,0,,,,,,,0,og-post,,,,AAXX 11114 07591 24/// /0312 10054 21103 39263 48573 58002 700// 333 60005 90710 91121=
07591,2009-01-11 12:00:00,7.3,,-1.1,26,-10.9,,18.52,31.484,,30,,,0,0,,,,,,0,og-post,,,,AAXX 11124 07591 04/// /0310 10073 21109 39255 48571 58011 60001 700// 333 60007 90710 91117 555 60005=
07591,2009-01-11 13:00:00,8.5,,-2,25,-10.4,,7.408,31.484,,40,,,0,,,,,,,0,og-post,,,,AAXX 11134 07591 24/// /0404 10085 21104 39248 48568 58020 700// 333 60005 90710 91117=
07591,2009-01-11 14:00:00,9.2,,-1.8,23,-10.8,,11.112,18.52,,30,,,0,,,,,,,0,og-post,,,,AAXX 11144 07591 24/// /0306 10092 21108 39245 48567 56018 700// 333 60005 90710 91110=
07591,2009-01-11 15:00:00,9.3,,-0.8,25,-9.7,,7.408,14.816,,220,,,0,0,,,,,,0,og-post,,,,AAXX 11154 07591 24/// /2204 10093 21097 39247 48569 55008 700// 333 60007 90710 91108 555 60005=
07591,2009-01-11 16:00:00,6,,0.3,34,-8.6,,,11.112,,,,,0,,,,,,,0,og-post,,,,AAXX 11164 07591 24/// /0000 10060 21086 39251 48565 53003 700// 333 60005 90710 91106=
07591,2009-01-11 17:00:00,2.2,,1.1,46,-8.2,,3.704,7.408,,330,,,0,,,,,,,0,og-post,,,,AAXX 11174 07591 24/// /3302 10022 21082 39256 48560 53011 700// 333 60005 90710 91104=
07591,2009-01-11 18:00:00,1.5,,0.9,45,-9.1,,7.408,18.52,,50,-0.5,10.2,0,0,,,,,,0,og-post,,,,AAXX 11184 07591 04/// /0504 10015 21091 39256 48558 51009 60002 700// 333 10102 21005 60007 90710 91110 555 60005=
07591,2009-01-11 19:00:00,3.2,,0.8,38,-9.7,,18.52,35.188,,40,,,0,,,,,,,0,og-post,,,,AAXX 11194 07591 24/// /0410 10032 21097 39259 48564 51008 700// 333 60005 90710 91119=
07591,2009-01-11 20:00:00,2.4,,0.6,40,-9.8,,22.224,38.892,,20,,,0,,,,,,,0,og-post,,,,AAXX 11204 07591 24/// /0212 10024 21098 39262 48565 53006 700// 333 60005 90710 91121=
07591,2009-01-11 21:00:00,1.9,,1,41,-9.9,,22.224,38.892,,20,,,0,0,,,,,,0,og-post,,,,AAXX 11214 07591 24/// /0212 10019 21099 39266 48567 53010 700// 333 60007 90710 91121 555 60005=
07591,2009-01-11 22:00:00,2,,0.6,38,-10.8,,25.928,42.596,,20,,,0,,,,,,,0,og-post,,,,AAXX 11224 07591 24/// /0214 10020 21108 39265 48567 50006 700// 333 60005 90710 91123=
07591,2009-01-11 23:00:00,1.1,,0.3,41,-10.7,,25.928,42.596,,10,,,0,,,,,,,0,og-post,,,,AAXX 11234 07591 24/// /0114 10011 21107 39265 48564 51003 700// 333 60005 90710 91123=
07591,2009-01-12 00:00:00,1.1,,-0.3,40,-11,,29.632,38.892,,30,,,0,0,,,,,,0,og-post,,,,AAXX 12004 07591 04/// /0316 10011 21110 39263 48563 58003 60001 700// 333 60007 90710 91121 555 60005=
07591,2009-01-12 01:00:00,0.9,,-0.5,39,-11.5,,25.928,42.596,,20,,,0,,,,,,,0,og-post,,,,AAXX 12014 07591 24/// /0214 10009 21115 39260 48560 58005 700// 333 60005 90710 91123=
07591,2009-01-12 02:00:00,0.5,,-0.5,40,-11.5,,25.928,50.004,,20,,,0,,,,,,,0,og-post,,,,AAXX 12024 07591 24/// /0214 10005 21115 39260 48559 56005 700// 333 60005 90710 91127=
07591,2009-01-12 03:00:00,0.4,,-0.6,39,-11.9,,29.632,46.3,,20,,,0,0,,,,,,0,og-post,,,,AAXX 12034 07591 24/// /0216 10004 21119 39257 48556 57006 700// 333 60007 90710 91125 555 60005=
07591,2009-01-12 04:00:00,0.3,,-0.5,40,-11.7,,29.632,50.004,,20,,,0,,,,,,,0,og-post,,,,AAXX 12044 07591 24/// /0216 10003 21117 39255 48554 58005 700// 333 60005 90710 91127=
07591,2009-01-12 05:00:00,0.1,,-0.6,40,-11.9,,31.484,46.3,,20,,,0,,,,,,,0,og-post,,,,AAXX 12054 07591 24/// /0217 10001 21119 39254 48552 56006 700// 333 60005 90710 91125=
07591,2009-01-12 06:00:00,-0.1,,-0.1,41,-11.7,,31.484,46.3,,20,-0.1,3.5,0,0,,,0,7.6,-2,0,og-post,,,,AAXX 12064 07591 04/// /0217 11001 21117 39256 48554 55001 60002 700// 333 10035 21001 3/102 55076 60007 70000 90710 91125 555 60005=
07591,2009-01-12 07:00:00,-0.4,,0.2,43,-11.4,,25.928,46.3,,20,,,0,,,,,,,0,og-post,,,,AAXX 12074 07591 24/// /0214 11004 21114 39257 48554 53002 700// 333 60005 90710 91125=
07591,2009-01-12 08:00:00,-0.2,,0.4,44,-11,,31.484,50.004,,20,,,0,,,,,,,0,og-post,,,,AAXX 12084 07591 24/// /0217 11002 21110 39258 48555 51004 700// 333 60005 90710 91127=
07591,2009-01-12 09:00:00,1.6,,0.1,40,-10.5,,35.188,46.3,,30,,,0,0,,,,,,0,og-post,,,,AAXX 12094 07591 24/// /0319 10016 21105 39257 48559 50001 700// 333 60007 90710 91125 555 60005=
07591,2009-01-12 10:00:00,3.2,,-0.1,38,-9.7,,31.484,50.004,,30,,,0,,,,,,,0,og-post,,,,AAXX 12104 07591 24/// /0317 10032 21097 39256 48562 58001 700// 333 60005 90710 91127=
07591,2009-01-12 11:00:00,5.9,,-1.1,33,-9.1,,25.928,42.596,,40,,,0,,,,,,,0,og-post,,,,AAXX 12114 07591 24/// /0414 10059 21091 39247 48561 58011 700// 333 60005 90710 91123=
07591,2009-01-12 12:00:00,8.3,,-2.1,29,-8.7,,22.224,38.892,,40,,,0,0,,,,,,0,og-post,,,,AAXX 12124 07591 04/// /0412 10083 21087 39236 48557 58021 60001 700// 333 60007 90710 91121 555 60005=
07591,2009-01-12 13:00:00,10,,-3,26,-8.6,,18.52,38.892,,20,,,0,,,,,,,0,og-post,,,,AAXX 12134 07591 24/// /0210 10100 21086 39226 48552 58030 700// 333 60005 90710 91121=
07591,2009-01-12 14:00:00,10.2,,-2.6,26,-8.4,,22.224,35.188,,20,,,0,,,,,,,0,og-post,,,,AAXX 12144 07591 24/// /0212 10102 21084 39221 48548 56026 700// 333 60005 90710 91119=
07591,2009-01-12 15:00:00,9.6,,-1.7,28,-8,,18.52,31.484,,360,,,0,0,,,,,,0,og-post,,,,AAXX 12154 07591 24/// /3610 10096 21080 39219 48545 56017 700// 333 60007 90710 91117 555 60005=
07591,2009-01-12 16:00:00,6.8,,-0.4,36,-7.2,,18.52,29.632,,60,,,0,,,,,,,0,og-post,,,,AAXX 12164 07591 24/// /0610 10068 21072 39222 48541 55004 700// 333 60005 90710 91116=
07591,2009-01-12 17:00:00,5.1,,0.4,40,-7.4,,18.52,31.484,,40,,,0,,,,,,,0,og-post,,,,AAXX 12174 07591 24/// /0410 10051 21074 39225 48540 53004 700// 333 60005 90710 91117=
07591,2009-01-12 18:00:00,4.2,,0.7,43,-7.2,,22.224,31.484,,20,-0.5,10.3,0,0,,,,,,0,og-post,,,,AAXX 12184 07591 04/// /0212 10042 21072 39226 48539 51007 60002 700// 333 10103 21005 60007 90710 91117 555 60005=
07591,2009-01-12 19:00:00,3.9,,0.8,43,-7.5,,22.224,29.632,,20,,,0,,,,,,,0,og-post,,,,AAXX 12194 07591 24/// /0212 10039 21075 39230 48541 53008 700// 333 60005 90710 91116=
07591,2009-01-12 20:00:00,3,,0.5,45,-7.7,,18.52,31.484,,20,,,0,,,,,,,0,og-post,,,,AAXX 12204 07591 24/// /0210 10030 21077 39230 48539 51005 700// 333 60005 90710 91117=
07591,2009-01-12 21:00:00,2.4,,0.2,46,-8,,25.928,35.188,,20,,,0,0,,,,,,0,og-post,,,,AAXX 12214 07591 24/// /0214 10024 21080 39228 48536 50002 700// 333 60007 90710 91119 555 60005=
07591,2009-01-12 22:00:00,1.9,,-0.8,47,-8.2,,25.928,42.596,,20,,,0,,,,,,,0,og-post,,,,AAXX 12224 07591 24/// /0214 10019 21082 39222 48530 58008 700// 333 60005 90710 91123=
07591,2009-01-12 23:00:00,1.4,,-1.4,48,-8.4,,25.928,50.004,,30,,,0,,,,,,,0,og-post,,,,AAXX 12234 07591 24/// /0314 10014 21084 39216 48523 58014 700// 333 60005 90710 91127=
07591,2009-01-13 00:00:00,1.2,,-1.9,48,-8.6,,29.632,46.3,,10,,,0,0,,,,,,0,og-post,,,,AAXX 13004 07591 04/// /0116 10012 21086 39209 48517 58019 60001 700// 333 60007 90710 91125 555 60005=
07591,2009-01-13 01:00:00,1.3,,-1.7,46,-9,,25.928,42.596,,10,,,0,,,,,,,0,og-post,,,,AAXX 13014 07591 24/// /0114 10013 21090 39205 48513 56017 700// 333 60005 90710 91123=
07591,2009-01-13 02:00:00,0.9,,-1.4,47,-9.1,,22.224,38.892,,20,,,0,,,,,,,0,og-post,,,,AAXX 13024 07591 24/// /0212 10009 21091 39202 48510 56014 700// 333 60005 90710 91121=
07591,2009-01-13 03:00:00,0.4,,-1,48,-9.3,,25.928,35.188,,20,,,0,0,,,,,,0,og-post,,,,AAXX 13034 07591 24/// /0214 10004 21093 39199 48506 56010 700// 333 60007 90710 91119 555 60005=
07591,2009-01-13 04:00:00,0.3,,-1,48,-9.4,,31.484,46.3,,20,,,0,,,,,,,0,og-post,,,,AAXX 13044 07591 24/// /0217 10003 21094 39195 48503 58010 700// 333 60005 90710 91125=
07591,2009-01-13 05:00:00,0,,-1.3,48,-9.7,,22.224,50.004,,20,,,0,,,,,,,0,og-post,,,,AAXX 13054 07591 24/// /0212 10000 21097 39189 48497 58013 700// 333 60005 90710 91127=
07591,2009-01-13 06:00:00,-0.1,,-1.5,47,-10,,29.632,50.004,,10,-0.2,4.3,0,0,,,0,7.6,-1,0,og-post,,,,AAXX 13064 07591 04/// /0116 11001 21100 39184 48492 58015 60002 700// 333 10043 21002 3/101 55076 60007 70000 90710 91127 555 60005=
07591,2009-01-13 07:00:00,0.3,,-1.5,45,-10.2,,31.484,53.708,53.708,30,,,0,,,,,,,0,og-post,,,,AAXX 13074 07591 24/// /0317 10003 21102 39180 48490 56015 700// 333 60005 91029 90710 91129=
07591,2009-01-13 08:00:00,0.5,,-1.5,44,-10.3,,31.484,53.708,,20,,,0,,,,,,,0,og-post,,,,AAXX 13084 07591 24/// /0217 10005 21103 39174 48485 58015 700// 333 60005 90710 91129=
07591,2009-01-13 09:00:00,2.3,,-1.3,38,-10.5,,35.188,53.708,,20,,,0,0,,,,,,0,og-post,,,,AAXX 13094 07591 24/// /0219 10023 21105 39171 48486 56013 700// 333 60007 90710 91129 555 60005=
07591,2009-01-13 10:00:00,4.3,,-1.2,34,-10.1,,29.632,50.004,,30,,,0,,,,,,,0,og-post,,,,AAXX 13104 07591 24/// /0316 10043 21101 39168 48488 56012 700// 333 60005 90710 91127=
07591,2009-01-13 11:00:00,6,,-1.5,32,-9.4,,25.928,46.3,,30,,,0,,,,,,,0,og-post,,,,AAXX 13114 07591 24/// /0314 10060 21094 39159 48484 58015 700// 333 60005 90710 91125=
07591,2009-01-13 12:00:00,8.3,,-2.2,27,-9.6,,14.816,35.188,,40,,,0,0,,,,,,0,og-post,,,,AAXX 13124 07591 04/// /0408 10083 21096 39149 48480 58022 60001 700// 333 60007 90710 91119 555 60005=
07591,2009-01-13 13:00:00,9.6,,-3.2,24,-9.9,,25.928,46.3,,10,,,0,,,,,,,0,og-post,,,,AAXX 13134 07591 24/// /0114 10096 21099 39136 48471 58032 700// 333 60005 90710 91125=
07591,2009-01-13 14:00:00,10,,-3,23,-10.1,,25.928,42.596,,10,,,0,,,,,,,0,og-post,,,,AAXX 13144 07591 24/// /0114 10100 21101 39129 48466 56030 700// 333 60005 90710 91123=
07591,2009-01-13 15:00:00,9.5,,-2.6,25,-9.5,,22.224,42.596,,360,,,0,0,,,,,,0,og-post,,,,AAXX 13154 07591 24/// /3612 10095 21095 39123 48459 56026 700// 333 60007 90710 91123 555 60005=
07591,2009-01-13 16:00:00,7.4,,-1.5,28,-9.9,,22.224,42.596,,360,,,0,,,,,,,0,og-post,,,,AAXX 13164 07591 24/// /3612 10074 21099 39121 48453 56015 700// 333 60005 90710 91123=
07591,2009-01-13 17:00:00,4.8,,-0.5,36,-9,,7.408,31.484,,60,,,0,,,,,,,0,og-post,,,,AAXX 13174 07591 24/// /0604 10048 21090 39124 48451 55005 700// 333 60005 90710 91117=
07591,2009-01-13 18:00:00,4.4,,0.4,36,-9.3,,14.816,29.632,,40,-0.4,10.2,0,0,,,,,,0,og-post,,,,AAXX 13184 07591 04/// /0408 10044 21093 39127 48452 53004 60002 700// 333 10102 21004 60007 90710 91116 555 60005=
07591,2009-01-13 19:00:00,3.4,,0.5,38,-9.5,,18.52,31.484,,30,,,0,,,,,,,0,og-post,,,,AAXX 13194 07591 24/// /0310 10034 21095 39126 48449 50005 700// 333 60005 90710 91117=
07591,2009-01-13 20:00:00,3.2,,0.2,37,-10.1,,25.928,38.892,,30,,,0,,,,,,,0,og-post,,,,AAXX 13204 07591 24/// /0314 10032 21101 39126 48449 51002 700// 333 60005 90710 91121=
07591,2009-01-13 21:00:00,2.2,,-0.2,39,-10.3,,22.224,35.188,,30,,,0,0,,,,,,0,og-post,,,,AAXX 13214 07591 24/// /0312 10022 21103 39125 48446 57002 700// 333 60007 90710 91119 555 60005=
07591,2009-01-13 22:00:00,1.3,,-0.4,40,-10.8,,18.52,42.596,,40,,,0,,,,,,,0,og-post,,,,AAXX 13224 07591 24/// /0410 10013 21108 39122 48442 58004 700// 333 60005 90710 91123=
07591,2009-01-13 23:00:00,0.9,,-0.6,41,-10.8,,18.52,31.484,,20,,,0,,,,,,,0,og-post,,,,AAXX 13234 07591 24/// /0210 10009 21108 39120 48439 58006 700// 333 60005 90710 91117=
07591,2009-01-14 00:00:00,0.6,,-1,39,-11.7,,18.52,35.188,,20,,,0,0,,,,,,0,og-post,,,,AAXX 14004 07591 04/// /0210 10006 21117 39115 48434 58010 60001 700// 333 60007 90710 91119 555 60005=
07591,2009-01-14 01:00:00,0.1,,-1.4,39,-12.2,,22.224,38.892,,20,,,0,,,,,,,0,og-post,,,,AAXX 14014 07591 24/// /0212 10001 21122 39108 48427 58014 700// 333 60005 90710 91121=
07591,2009-01-14 02:00:00,-0.2,,-1.4,40,-12.1,,18.52,31.484,,20,,,0,,,,,,,0,og-post,,,,AAXX 14024 07591 24/// /0210 11002 21121 39106 48424 56014 700// 333 60005 90710 91117=
07591,2009-01-14 03:00:00,-0.2,,-1.2,39,-12.4,,25.928,46.3,,10,,,0,0,,,,,,0,og-post,,,,AAXX 14034 07591 24/// /0114 11002 21124 39103 48422 56012 700// 333 60007 90710 91125 555 60005=
07591,2009-01-14 04:00:00,-0.5,,-0.7,38,-13,,25.928,42.596,,30,,,0,,,,,,,0,og-post,,,,AAXX 14044 07591 24/// /0314 11005 21130 39101 48420 57007 700// 333 60005 90710 91123=
07591,2009-01-14 05:00:00,-1.1,,-0.8,39,-13.3,,25.928,42.596,,20,,,0,,,,,,,0,og-post,,,,AAXX 14054 07591 24/// /0214 11011 21133 39098 48416 57008 700// 333 60005 90710 91123=
07591,2009-01-14 06:00:00,-1.3,,-0.3,40,-13.1,,25.928,38.892,,20,-1.3,4.4,0,0,,,0,7.6,-3,0,og-post,,,,AAXX 14064 07591 04/// /0214 11013 21131 39100 48417 55003 60002 700// 333 10044 21013 3/103 55076 60007 70000 90710 91121 555 60005=
07591,2009-01-14 07:00:00,-1.2,,-0.4,39,-13.3,,25.928,35.188,,20,,,0,,,,,,,0,og-post,,,,AAXX 14074 07591 24/// /0214 11012 21133 39097 48415 57004 700// 333 60005 90710 91119=
07591,2009-01-14 08:00:00,-2.6,,0.3,44,-13.1,,7.408,31.484,,50,,,0,,,,,,,0,og-post,,,,AAXX 14084 07591 24/// /0504 11026 21131 39101 48415 53003 700// 333 60005 90710 91117=
07591,2009-01-14 09:00:00,-0.1,,0.3,39,-12.4,,7.408,22.224,,80,,,0,0,,,,,,0,og-post,,,,AAXX 14094 07591 24/// /0804 11001 21124 39103 48422 53003 700// 333 60007 90710 91112 555 60005=
07591,2009-01-14 10:00:00,1.9,,0.8,35,-11.9,,7.408,22.224,,190,,,0,,,,,,,0,og-post,,,,AAXX 14104 07591 24/// /1904 10019 21119 39105 48428 51008 700// 333 60005 90710 91112=
07591,2009-01-14 11:00:00,4.2,,-0.4,31,-11.4,,3.704,14.816,,130,,,0,,,,,,,0,og-post,,,,AAXX 14114 07591 24/// /1302 10042 21114 39097 48425 58004 700// 333 60005 90710 91108=
07591,2009-01-14 12:00:00,5.4,,-1.4,28,-11.6,,7.408,14.816,,220,,,0,0,,,,,,0,og-post,,,,AAXX 14124 07591 04/// /2204 10054 21116 39089 48421 58014 60001 700// 333 60007 90710 91108 555 60005=
07591,2009-01-14 13:00:00,6.3,,-2.1,29,-10.4,,7.408,18.52,,210,,,0,,,,,,,0,og-post,,,,AAXX 14134 07591 24/// /2104 10063 21104 39084 48418 56021 700// 333 60005 90710 91110=
07591,2009-01-14 14:00:00,7.3,,-1.8,30,-9.1,,7.408,14.816,,220,,,0,,,,,,,0,og-post,,,,AAXX 14144 07591 24/// /2204 10073 21091 39079 48416 56018 700// 333 60005 90710 91108=
07591,2009-01-14 15:00:00,7.1,,-0.8,34,-7.7,,7.408,14.816,,170,,,0,0,,,,,,0,og-post,,,,AAXX 14154 07591 24/// /1704 10071 21077 39081 48417 55008 700// 333 60007 90710 91108 555 60005=
07591,2009-01-14 16:00:00,4.4,,0.2,37,-9,,3.704,11.112,,230,,,0,,,,,,,0,og-post,,,,AAXX 14164 07591 24/// /2302 10044 21090 39086 48416 53002 700// 333 60005 90710 91106=
07591,2009-01-14 17:00:00,0.9,,1.3,52,-7.8,,3.704,7.408,,30,,,0,,,,,,,0,og-post,,,,AAXX 14174 07591 24/// /0302 10009 21078 39092 48415 53013 700// 333 60005 90710 91104=
07591,2009-01-14 18:00:00,-0.7,,1.5,58,-7.9,,3.704,7.408,,30,-2.9,7.6,0,0,,,,,,0,og-post,,,,AAXX 14184 07591 04/// /0302 11007 21079 39096 48415 51015 60002 700// 333 10076 21029 60007 90710 91104 555 60005=
07591,2009-01-14 19:00:00,-1.9,,1.4,64,-7.8,,3.704,11.112,,240,,,0,,,,,,,0,og-post,,,,AAXX 14194 07591 24/// /2402 11019 21078 39100 48416 51014 700// 333 60005 90710 91106=
07591,2009-01-14 20:00:00,-2.7,,0.7,66,-8.2,,3.704,11.112,,20,,,0,,,,,,,0,og-post,,,,AAXX 14204 07591 24/// /0202 11027 21082 39099 48414 50007 700// 333 60005 90710 91106=
07591,2009-01-14 21:00:00,-3.2,,0.2,65,-8.8,,3.704,7.408,,20,,,0,0,,,,,,0,og-post,,,,AAXX 14214 07591 24/// /0202 11032 21088 39098 48412 50002 700// 333 60007 90710 91104 555 60005=
07591,2009-01-14 22:00:00,-3.7,,-0.3,67,-8.9,,7.408,14.816,,270,,,0,,,,,,,0,og-post,,,,AAXX 14224 07591 24/// /2704 11037 21089 39097 48410 57003 700// 333 60005 90710 91108=
07591,2009-01-14 23:00:00,-4.4,,0.2,67,-9.6,,3.704,7.408,,350,,,0,,,,,,,0,og-post,,,,AAXX 14234 07591 24/// /3502 11044 21096 39101 48412 53002 700// 333 60005 90710 91104=
07591,2009-01-15 00:00:00,-3.1,,0.3,54,-11.1,,7.408,11.112,,70,,,0,0,,,,,,0,og-post,,,,AAXX 15004 07591 04/// /0704 11031 21111 39101 48414 53003 60001 700// 333 60007 90710 91106 555 60005=
07591,2009-01-15 01:00:00,-1.3,,0.4,46,-11.4,,14.816,35.188,,60,,,0,,,,,,,0,og-post,,,,AAXX 15014 07591 24/// /0608 11013 21114 39101 48418 51004 700// 333 60005 90710 91119=
07591,2009-01-15 02:00:00,-0.2,,0.3,42,-11.5,,14.816,50.004,,50,,,0,,,,,,,0,og-post,,,,AAXX 15024 07591 24/// /0508 11002 21115 39104 48423 53003 700// 333 60005 90710 91127=
07591,2009-01-15 03:00:00,-0.7,,0.5,42,-12,,22.224,38.892,,40,,,0,0,,,,,,0,og-post,,,,AAXX 15034 07591 24/// /0412 11007 21120 39106 48423 53005 700// 333 60007 90710 91121 555 60005=
07591,2009-01-15 05:00:00,-1.6,,0.7,42,-12.8,,29.632,46.3,,20,,,0,,,,,,,0,og-post,,,,AAXX 15054 07591 24/// /0216 11016 21128 39111 48426 53007 700// 333 60005 90710 91125=
07591,2009-01-15 06:00:00,-1.6,,1.3,42,-12.8,,25.928,42.596,,10,-4.5,0.2,0,0,,,0,7.7,-8,0,og-post,,,,AAXX 15064 07591 04/// /0114 11016 21128 39119 48433 53013 60002 700// 333 10002 21045 3/108 55077 60007 70000 90710 91123 555 60005=
07591,2009-01-15 07:00:00,-2.1,,1.9,44,-12.7,,22.224,38.892,,10,,,0,,,,,,,0,og-post,,,,AAXX 15074 07591 24/// /0112 11021 21127 39126 48438 53019 700// 333 60005 90710 91121=
07591,2009-01-15 08:00:00,-2.4,,2,45,-12.7,,14.816,38.892,,10,,,0,,,,,,,0,og-post,,,,AAXX 15084 07591 24/// /0108 11024 21127 39131 48442 51020 700// 333 60005 90710 91121=
07591,2009-01-15 09:00:00,-0.7,,1.6,41,-12.3,,25.928,38.892,,40,,,0,0,,,,,,0,og-post,,,,AAXX 15094 07591 24/// /0414 11007 21123 39135 48449 51016 700// 333 60007 90710 91121 555 60005=
07591,2009-01-15 10:00:00,1.2,,1.2,36,-12.2,,29.632,46.3,,30,,,0,,,,,,,0,og-post,,,,AAXX 15104 07591 24/// /0316 10012 21122 39138 48455 51012 700// 333 60005 90710 91125=
07591,2009-01-15 11:00:00,4.8,,0.2,28,-12.1,,29.632,42.596,,20,,,0,,,,,,,0,og-post,,,,AAXX 15114 07591 24/// /0216 10048 21121 39133 48458 50002 700// 333 60005 90710 91123=
07591,2009-01-15 12:00:00,6.7,,-0.5,25,-11.9,,22.224,42.596,,360,,,0,0,,,,,,0,og-post,,,,AAXX 15124 07591 04/// /3612 10067 21119 39130 48460 58005 60001 700// 333 60007 90710 91123 555 60005=
07591,2009-01-15 13:00:00,8.8,,-1.2,23,-11.2,,18.52,31.484,,40,,,0,,,,,,,0,og-post,,,,AAXX 15134 07591 24/// /0410 10088 21112 39126 48460 56012 700// 333 60005 90710 91117=
07591,2009-01-15 14:00:00,9.1,,-0.7,23,-10.9,,22.224,35.188,,70,,,0,,,,,,,0,og-post,,,,AAXX 15144 07591 24/// /0712 10091 21109 39126 48461 56007 700// 333 60005 90710 91119=
07591,2009-01-15 15:00:00,8.5,,0.1,26,-9.9,,22.224,35.188,,60,,,0,0,,,,,,0,og-post,,,,AAXX 15154 07591 24/// /0612 10085 21099 39131 48464 53001 700// 333 60007 90710 91119 555 60005=
07591,2009-01-15 16:00:00,7.3,,1.2,32,-8.3,,22.224,38.892,,30,,,0,,,,,,,0,og-post,,,,AAXX 15164 07591 24/// /0312 10073 21083 39138 48468 53012 700// 333 60005 90710 91121=
07591,2009-01-15 17:00:00,5.5,,2.2,36,-8.4,,18.52,35.188,,10,,,0,,,,,,,0,og-post,,,,AAXX 15174 07591 24/// /0110 10055 21084 39148 48473 53022 700// 333 60005 90710 91119=
07591,2009-01-15 18:00:00,5.2,,2.4,37,-8.3,,29.632,42.596,,10,-2.4,9.3,0,0,,,,,,0,og-post,,,,AAXX 15184 07591 04/// /0116 10052 21083 39155 48479 52024 60002 700// 333 10093 21024 60007 90710 91123 555 60005=
07591,2009-01-15 19:00:00,4,,2.6,38,-9,,29.632,46.3,,360,,,0,,,,,,,0,og-post,,,,AAXX 15194 07591 24/// /3616 10040 21090 39164 48484 51026 700// 333 60005 90710 91125=
07591,2009-01-15 20:00:00,3.6,,2.2,39,-9,,22.224,42.596,,10,,,0,,,,,,,0,og-post,,,,AAXX 15204 07591 24/// /0112 10036 21090 39170 48488 51022 700// 333 60005 90710 91123=
07591,2009-01-15 21:00:00,2,,2.2,44,-8.9,,18.52,42.596,,40,,,0,0,,,,,,0,og-post,,,,AAXX 15214 07591 24/// /0410 10020 21089 39177 48491 51022 700// 333 60007 90710 91123 555 60005=
07591,2009-01-15 22:00:00,1,,1.8,48,-8.8,,18.52,35.188,,50,,,0,,,,,,,0,og-post,,,,AAXX 15224 07591 24/// /0510 10010 21088 39182 48493 51018 700// 333 60005 90710 91119=
07591,2009-01-15 23:00:00,0.9,,1.3,48,-8.8,,22.224,38.892,,40,,,0,,,,,,,0,og-post,,,,AAXX 15234 07591 24/// /0412 10009 21088 39183 48494 51013 700// 333 60005 90710 91121=
07591,2009-01-16 00:00:00,0.8,,0.5,48,-8.9,,22.224,42.596,,50,,,0,0,,,,,,0,og-post,,,,AAXX 16004 07591 04/// /0512 10008 21089 39182 48493 50005 60001 700// 333 60007 90710 91123 555 60005=
07591,2009-01-16 01:00:00,0.8,,0.4,48,-8.9,,25.928,38.892,,30,,,0,,,,,,,0,og-post,,,,AAXX 16014 07591 24/// /0314 10008 21089 39186 48496 53004 700// 333 60005 90710 91121=
07591,2009-01-16 02:00:00,-0.2,,0.8,51,-9.1,,25.928,38.892,,20,,,0,,,,,,,0,og-post,,,,AAXX 16024 07591 24/// /0214 11002 21091 39191 48498 53008 700// 333 60005 90710 91121=
07591,2009-01-16 03:00:00,-0.7,,1.2,53,-9.1,,25.928,38.892,,20,,,0,0,,,,,,0,og-post,,,,AAXX 16034 07591 24/// /0214 11007 21091 39194 48499 51012 700// 333 60007 90710 91121 555 60005=
07591,2009-01-16 04:00:00,-1.1,,1,54,-9.2,,25.928,38.892,,10,,,0,,,,,,,0,og-post,,,,AAXX 16044 07591 24/// /0114 11011 21092 39196 48500 51010 700// 333 60005 90710 91121=
07591,2009-01-16 05:00:00,-1.1,,0.5,53,-9.4,,25.928,46.3,,20,,,0,,,,,,,0,og-post,,,,AAXX 16054 07591 24/// /0214 11011 21094 39196 48500 51005 700// 333 60005 90710 91125=
07591,2009-01-16 06:00:00,-1.5,,0.6,54,-9.6,,14.816,38.892,,30,-1.5,5.2,0,0,,,0,7.7,-3,0,og-post,,,,AAXX 16064 07591 04/// /0308 11015 21096 39200 48503 53006 60002 700// 333 10052 21015 3/103 55077 60007 70000 90710 91121 555 60005=
07591,2009-01-16 07:00:00,-1,,1.1,51,-9.8,,18.52,35.188,,30,,,0,,,,,,,0,og-post,,,,AAXX 16074 07591 24/// /0310 11010 21098 39207 48510 53011 700// 333 60005 90710 91119=
07591,2009-01-16 08:00:00,-1.5,,1.6,53,-9.8,,22.224,42.596,,20,,,0,,,,,,,0,og-post,,,,AAXX 16084 07591 24/// /0212 11015 21098 39212 48513 53016 700// 333 60005 90710 91123=
07591,2009-01-16 09:00:00,0.1,,1.8,48,-9.6,,25.928,38.892,,20,,,0,0,,,,,,0,og-post,,,,AAXX 16094 07591 24/// /0214 10001 21096 39218 48522 51018 700// 333 60007 90710 91121 555 60005=
07591,2009-01-16 10:00:00,1.9,,1,43,-9.3,,22.224,42.596,,20,,,0,,,,,,,0,og-post,,,,AAXX 16104 07591 24/// /0212 10019 21093 39217 48525 50010 700// 333 60005 90710 91123=
07591,2009-01-16 11:00:00,3.3,,0.3,39,-9.3,,18.52,35.188,,20,,,0,,,,,,,0,og-post,,,,AAXX 16114 07591 24/// /0210 10033 21093 39215 48527 50003 700// 333 60005 90710 91119=
07591,2009-01-16 12:00:00,4.7,,-1,37,-8.7,,18.52,31.484,,40,,,0,0,,,,,,0,og-post,,,,AAXX 16124 07591 04/// /0410 10047 21087 39208 48524 58010 60001 700// 333 60007 90710 91117 555 60005=
07591,2009-01-16 13:00:00,5.7,,-1.3,34,-8.9,,14.816,29.632,,20,,,0,,,,,,,0,og-post,,,,AAXX 16134 07591 24/// /0208 10057 21089 39204 48523 58013 700// 333 60005 90710 91116=
07591,2009-01-16 14:00:00,6.2,,-1.3,34,-8.5,,11.112,22.224,,20,,,0,,,,,,,0,og-post,,,,AAXX 16144 07591 24/// /0206 10062 21085 39202 48522 56013 700// 333 60005 90710 91112=
07591,2009-01-16 15:00:00,6,,-0.6,35,-8.3,,11.112,18.52,,30,,,0,0,,,,,,0,og-post,,,,AAXX 16154 07591 24/// /0306 10060 21083 39202 48522 56006 700// 333 60007 90710 91110 555 60005=
07591,2009-01-16 16:00:00,4.4,,0.1,40,-8,,7.408,14.816,,50,,,0,,,,,,,0,og-post,,,,AAXX 16164 07591 24/// /0504 10044 21080 39205 48521 53001 700// 333 60005 90710 91108=
07591,2009-01-16 17:00:00,1.5,,0.8,49,-8,,3.704,11.112,,20,,,0,,,,,,,0,og-post,,,,AAXX 16174 07591 24/// /0202 10015 21080 39210 48518 53008 700// 333 60005 90710 91106=
07591,2009-01-16 18:00:00,0.5,,1,52,-8.2,,11.112,18.52,,30,-1.8,6.6,0,0,,,,,,0,og-post,,,,AAXX 16184 07591 04/// /0306 10005 21082 39212 48518 51010 60002 700// 333 10066 21018 60007 90710 91110 555 60005=
07591,2009-01-16 19:00:00,-0.2,,1,54,-8.4,,11.112,18.52,,30,,,0,,,,,,,0,og-post,,,,AAXX 16194 07591 24/// /0306 11002 21084 39215 48519 51010 700// 333 60005 90710 91110=
07591,2009-01-16 20:00:00,-0.8,,0.6,55,-8.7,,14.816,18.52,,40,,,0,,,,,,,0,og-post,,,,AAXX 16204 07591 24/// /0408 11008 21087 39216 48518 51006 700// 333 60005 90710 91110=
07591,2009-01-16 21:00:00,-0.9,,0.7,53,-9.3,,11.112,29.632,,30,,,0,0,,,,,,0,og-post,,,,AAXX 16214 07591 24/// /0306 11009 21093 39219 48520 52007 700// 333 60007 90710 91116 555 60005=
07591,2009-01-16 22:00:00,-0.8,,0.4,51,-9.6,,18.52,31.484,,40,,,0,,,,,,,0,og-post,,,,AAXX 16224 07591 24/// /0410 11008 21096 39219 48521 51004 700// 333 60005 90710 91117=
07591,2009-01-16 23:00:00,-1,,-0.2,50,-10.1,,14.816,31.484,,40,,,0,,,,,,,0,og-post,,,,AAXX 16234 07591 24/// /0408 11010 21101 39214 48516 58002 700// 333 60005 90710 91117=
07591,2009-01-17 00:00:00,-0.9,,-0.3,47,-10.8,,14.816,31.484,,30,,,0,0,,,,,,0,og-post,,,,AAXX 17004 07591 04/// /0308 11009 21108 39216 48518 55003 60001 700// 333 60007 90710 91117 555 60005=
07591,2009-01-17 01:00:00,-1.5,,-0.2,49,-10.8,,18.52,29.632,,30,,,0,,,,,,,0,og-post,,,,AAXX 17014 07591 24/// /0310 11015 21108 39217 48517 55002 700// 333 60005 90710 91116=
07591,2009-01-17 02:00:00,-2.7,,0.4,54,-10.7,,14.816,29.632,,40,,,0,,,,,,,0,og-post,,,,AAXX 17024 07591 24/// /0408 11027 21107 39218 48515 51004 700// 333 60005 90710 91116=
07591,2009-01-17 03:00:00,-1.8,,-0.3,48,-11.3,,22.224,35.188,,30,,,0,0,,,,,,0,og-post,,,,AAXX 17034 07591 24/// /0312 11018 21113 39213 48513 58003 700// 333 60007 90710 91119 555 60005=
07591,2009-01-17 04:00:00,-1.8,,-0.5,47,-11.6,,18.52,31.484,,30,,,0,,,,,,,0,og-post,,,,AAXX 17044 07591 24/// /0310 11018 21116 39212 48512 58005 700// 333 60005 90710 91117=
07591,2009-01-17 05:00:00,-1.7,,-0.2,47,-11.5,,11.112,25.928,,30,,,0,,,,,,,0,og-post,,,,AAXX 17054 07591 24/// /0306 11017 21115 39216 48516 55002 700// 333 60005 90710 91114=
07591,2009-01-17 06:00:00,-2.3,,-0.1,51,-11,,14.816,25.928,,50,-2.7,0.7,0,0,,,0,7.2,-4,0,og-post,,,,AAXX 17064 07591 04/// /0508 11023 21110 39212 48511 58001 60002 700// 333 10007 21027 3/104 55072 60007 70000 90710 91114 555 60005=
07591,2009-01-17 07:00:00,-1.3,,0.3,46,-11.4,,14.816,22.224,,40,,,0,,,,,,,0,og-post,,,,AAXX 17074 07591 24/// /0408 11013 21114 39215 48516 51003 700// 333 60005 90710 91112=
07591,2009-01-17 08:00:00,-0.5,,-0.3,44,-11.2,,7.408,42.596,,190,,,0,,,,,,,0,og-post,,,,AAXX 17084 07591 24/// /1904 11005 21112 39213 48516 56003 700// 333 60005 90710 91123=
07591,2009-01-17 09:00:00,0.1,,1.6,47,-9.8,,3.704,18.52,,300,,,0,0,,,,,,0,og-post,,,,AAXX 17094 07591 24/// /3002 10001 21098 39228 48530 53016 700// 333 60007 90710 91110 555 60005=
07591,2009-01-17 10:00:00,2.5,,1.1,36,-11,,3.704,11.112,,30,,,0,,,,,,,0,og-post,,,,AAXX 17104 07591 24/// /0302 10025 21110 39226 48534 52011 700// 333 60005 90710 91106=
07591,2009-01-17 11:00:00,5.3,,1.2,31,-10.4,,7.408,14.816,,180,,,0,,,,,,,0,og-post,,,,AAXX 17114 07591 24/// /1804 10053 21104 39225 48540 50012 700// 333 60005 90710 91108=
07591,2009-01-17 12:00:00,6.1,,-0.8,33,-8.9,,7.408,14.816,,220,,,0,0,,,,,,0,og-post,,,,AAXX 17124 07591 04/// /2204 10061 21089 39220 48538 58008 60001 700// 333 60007 90710 91108 555 60005=
07591,2009-01-17 13:00:00,6.7,,-1.3,38,-6.6,,7.408,14.816,,200,,,0,,,,,,,0,og-post,,,,AAXX 17134 07591 24/// /2004 10067 21066 39213 48533 58013 700// 333 60005 90710 91108=
07591,2009-01-17 14:00:00,6.4,,-1.7,47,-4.1,,7.408,14.816,,210,,,0,,,,,,,0,og-post,,,,AAXX 17144 07591 24/// /2104 10064 21041 39208 48528 57017 700// 333 60005 90710 91108=
07591,2009-01-17 15:00:00,7.2,,-1.5,45,-3.9,,7.408,14.816,,200,,,0,0,,,,,,0,og-post,,,,AAXX 17154 07591 24/// /2004 10072 21039 39205 48528 56015 700// 333 60007 90710 91108 555 60005=
07591,2009-01-17 16:00:00,4.6,,-1.3,55,-3.6,,7.408,7.408,,320,,,0,,,,,,,0,og-post,,,,AAXX 17164 07591 24/// /3204 10046 21036 39200 48517 57013 700// 333 60005 90710 91104=
07591,2009-01-17 17:00:00,2.6,,-1.3,58,-4.8,,14.816,18.52,,30,,,0,,,,,,,0,og-post,,,,AAXX 17174 07591 24/// /0308 10026 21048 39195 48508 58013 700// 333 60005 90710 91110=
07591,2009-01-17 18:00:00,2,,-1,56,-5.8,,7.408,22.224,,50,-2.3,7.8,0,0,,,,,,0,og-post,,,,AAXX 17184 07591 04/// /0504 10020 21058 39195 48507 56010 60002 700// 333 10078 21023 60007 90710 91112 555 60005=
07591,2009-01-17 19:00:00,1.3,,1,64,-4.7,,3.704,11.112,,190,,,0,,,,,,,0,og-post,,,,AAXX 17194 07591 24/// /1902 10013 21047 39210 48518 53010 700// 333 60005 90710 91106=
07591,2009-01-17 20:00:00,1.5,,1.1,62,-5,,11.112,18.52,,40,,,0,,,,,,,0,og-post,,,,AAXX 17204 07591 24/// /0406 10015 21050 39206 48515 50011 700// 333 60005 90710 91110=
07591,2009-01-17 21:00:00,1.2,,0.2,60,-5.7,,7.408,18.52,,30,,,0,0,,,,,,0,og-post,,,,AAXX 17214 07591 24/// /0304 10012 21057 39197 48507 50002 700// 333 60007 90710 91110 555 60005=
07591,2009-01-17 22:00:00,0.8,,-1.7,58,-6.5,,14.816,25.928,,30,,,0,,,,,,,0,og-post,,,,AAXX 17224 07591 24/// /0308 10008 21065 39193 48502 57017 700// 333 60005 90710 91114=
07591,2009-01-17 23:00:00,-0.2,,-1.3,61,-6.8,,7.408,25.928,,40,,,0,,,,,,,0,og-post,,,,AAXX 17234 07591 24/// /0404 11002 21068 39193 48500 56013 700// 333 60005 90710 91114=
07591,2009-01-18 00:00:00,-2,,-0.6,70,-6.7,,3.704,11.112,,30,,,0,0,,,,,,0,og-post,,,,AAXX 18004 07591 04/// /0302 11020 21067 39191 48494 56006 60001 700// 333 60007 90710 91106 555 60005=
07591,2009-01-18 01:00:00,-1.3,,-0.6,63,-7.4,,11.112,22.224,,50,,,0,,,,,,,0,og-post,,,,AAXX 18014 07591 24/// /0506 11013 21074 39187 48492 58006 700// 333 60005 90710 91112=
07591,2009-01-18 02:00:00,-2.5,,-0,70,-7.2,,3.704,14.816,,250,,,0,,,,,,,0,og-post,,,,AAXX 18024 07591 24/// /2502 11025 21072 39193 48495 55000 700// 333 60005 90710 91108=
07591,2009-01-18 03:00:00,-3.1,,-0.1,70,-7.8,,7.408,11.112,,50,,,0,0,,,,,,0,og-post,,,,AAXX 18034 07591 24/// /0504 11031 21078 39190 48491 56001 700// 333 60007 90710 91106 555 60005=
07591,2009-01-18 04:00:00,-3.6,,-0.7,73,-7.7,,11.112,18.52,,50,,,0,,,,,,,0,og-post,,,,AAXX 18044 07591 24/// /0506 11036 21077 39180 48481 58007 700// 333 60005 90710 91110=
07591,2009-01-18 05:00:00,-3.9,,-1.8,72,-8.2,,7.408,18.52,,40,,,0,,,,,,,0,og-post,,,,AAXX 18054 07591 24/// /0404 11039 21082 39175 48476 58018 700// 333 60005 90710 91110=
07591,2009-01-18 06:00:00,-4.1,,-2,72,-8.4,,7.408,25.928,,40,-4.1,2,0,0,,,0,5.1,-7,0,og-post,,,,AAXX 18064 07591 04/// /0404 11041 21084 39170 48471 56020 60002 700// 333 10020 21041 3/107 55051 60007 70000 90710 91114 555 60005=
07591,2009-01-18 07:00:00,-4.6,,-0.5,75,-8.3,,,7.408,,,,,0,,,,,,,0,og-post,,,,AAXX 18074 07591 24/// /0000 11046 21083 39175 48474 55005 700// 333 60005 90710 91104=
07591,2009-01-18 08:00:00,-3.9,,0.7,75,-7.7,,7.408,7.408,,240,,,0,,,,,,,0,og-post,,,,AAXX 18084 07591 24/// /2404 11039 21077 39182 48482 53007 700// 333 60005 90710 91104=
07591,2009-01-18 09:00:00,-2.1,,0.1,71,-6.6,,3.704,11.112,,30,,,0,0,,,,,,0,og-post,,,,AAXX 18094 07591 24/// /0302 11021 21066 39171 48477 50001 700// 333 60007 90710 91106 555 60005=
07591,2009-01-18 10:00:00,-1.2,,0.2,70,-6,,3.704,18.52,,30,,,0,,,,,,,0,og-post,,,,AAXX 18104 07591 24/// /0302 11012 21060 39177 48484 51002 700// 333 60005 90710 91110=
07591,2009-01-18 11:00:00,0.6,,-1.5,68,-4.6,,3.704,31.484,,310,,,0,,,,,,,0,og-post,,,,AAXX 18114 07591 24/// /3102 10006 21046 39167 48479 56015 700// 333 60005 90710 91117=
07591,2009-01-18 12:00:00,0.7,,-0.7,78,-2.7,,3.704,11.112,,290,,,0,0,,,,,,74,og-post,,,,AAXX 18124 07591 04/// /2902 10007 21027 39164 48477 58007 60001 774// 333 60007 90710 91106 555 60005=
07591,2009-01-18 13:00:00,0.2,,-2.9,88,-1.5,,,11.112,,,,,0.4,,,,,,,22,og-post,,,,AAXX 18134 07591 24/// /0000 10002 21015 39148 48462 58029 722// 333 69945 90710 91106=
07591,2009-01-18 14:00:00,0.2,,-1.7,91,-1.1,,11.112,14.816,,190,,,0.2,,,,,,,75,og-post,,,,AAXX 18144 07591 24/// /1906 10002 21011 39150 48464 55017 775// 333 69925 90710 91108=
07591,2009-01-18 15:00:00,1.2,,-2.3,91,-0.1,,14.816,22.224,,240,,,0.4,1,,,,,,22,og-post,,,,AAXX 18154 07591 24/// /2408 10012 21001 39141 48459 56023 722// 333 60017 90710 91112 555 69945=
07591,2009-01-18 16:00:00,0.7,,-1.2,94,-0.2,,11.112,25.928,,240,,,1,,,,,,,70,og-post,,,,AAXX 18164 07591 24/// /2406 10007 21002 39136 48453 58012 770// 333 60015 90710 91114=
07591,2009-01-18 17:00:00,0.7,,-1,95,0,1800,14.816,22.224,,210,,,2,,,,,,,71,og-post,,,,AAXX 18174 07591 24/18 /2108 10007 20000 39140 48457 55010 771// 333 60025 90710 91112=
07591,2009-01-18 18:00:00,1.1,,-0.6,95,0.4,,14.816,25.928,,230,-4.7,1.2,0.8,4,,5,,,,70,og-post,,,,AAXX 18184 07591 04/// /2308 10011 20004 39135 48453 57006 60052 770// 333 10012 21047 60047 90710 91114 555 69985=
07591,2009-01-18 19:00:00,1.4,,-0.3,96,0.8,,22.224,31.484,,210,,,0,,,,,,,22,og-post,,,,AAXX 18194 07591 24/// /2112 10014 20008 39133 48452 58003 722// 333 60005 90710 91117=
07591,2009-01-18 20:00:00,1.4,,-0.6,96,0.8,,14.816,35.188,,180,,,0,,,,,,,0,og-post,,,,AAXX 18204 07591 24/// /1808 10014 20008 39134 48453 55006 700// 333 60005 90710 91119=
07591,2009-01-18 21:00:00,1.7,,0.9,95,1,,18.52,35.188,,190,,,0,0,,,,,,0,og-post,,,,AAXX 18214 07591 24/// /1910 10017 20010 39144 48462 53009 700// 333 60007 90710 91119 555 60005=
07591,2009-01-18 22:00:00,1.6,,1.9,94,0.7,,11.112,38.892,,220,,,0,,,,,,,0,og-post,,,,AAXX 18224 07591 24/// /2206 10016 20007 39152 48469 53019 700// 333 60005 90710 91121=
07591,2009-01-18 23:00:00,1.5,,2.1,94,0.6,,7.408,18.52,,250,,,0,,,,,,,0,og-post,,,,AAXX 18234 07591 24/// /2504 10015 20006 39155 48472 51021 700// 333 60005 90710 91110=
07591,2009-01-19 00:00:00,1.2,,0.5,95,0.5,,,11.112,,,,,0,0,,,,,,0,og-post,,,,AAXX 19004 07591 04/// /0000 10012 20005 39149 48466 50005 60001 700// 333 60007 90710 91106 555 60005=
07591,2009-01-19 01:00:00,1.1,,-1.6,96,0.5,,11.112,18.52,,10,,,0,,,,,,,0,og-post,,,,AAXX 19014 07591 24/// /0106 10011 20005 39136 48454 58016 700// 333 60005 90710 91110=
07591,2009-01-19 02:00:00,0.3,,-2.2,95,-0.4,,3.704,14.816,,340,,,0,,,,,,,0,og-post,,,,AAXX 19024 07591 24/// /3402 10003 21004 39133 48450 56022 700// 333 60005 90710 91108=
07591,2009-01-19 03:00:00,0,,-2,96,-0.6,,3.704,7.408,,210,,,0,0,,,,,,0,og-post,,,,AAXX 19034 07591 24/// /2102 10000 21006 39129 48446 56020 700// 333 60007 90710 91104 555 60005=
07591,2009-01-19 05:00:00,0,,-1.6,96,-0.6,,3.704,11.112,,220,,,0,,,,,,,0,og-post,,,,AAXX 19054 07591 24/// /2202 10000 21006 39117 48435 56016 700// 333 60005 90710 91106=
07591,2009-01-19 06:00:00,0,,-1.6,96,-0.6,,3.704,7.408,,340,-0.5,1.8,0,0,,,5.2,0,-2,22,og-post,,,,AAXX 19064 07591 04/// /3402 10000 21006 39113 48432 56016 60002 722// 333 10018 21005 3/102 55000 60007 70052 90710 91104 555 60005=
07591,2009-01-19 07:00:00,0,,-0.3,96,-0.6,,,11.112,,,,,0.2,,,,,,,72,og-post,,,,AAXX 19074 07591 24/// /0000 10000 21006 39117 48435 55003 772// 333 69925 90710 91106=
07591,2009-01-19 08:00:00,0.3,,-0.7,96,-0.3,,3.704,11.112,,360,,,0.8,,,,,,,70,og-post,,,,AAXX 19084 07591 24/// /3602 10003 21003 39110 48430 58007 770// 333 69985 90710 91106=
07591,2009-01-19 09:00:00,0.6,,-1.1,96,0,,7.408,14.816,,50,,,0,1,,,,,,22,og-post,,,,AAXX 19094 07591 24/// /0504 10006 20000 39102 48423 58011 722// 333 60017 90710 91108 555 60005=
07591,2009-01-19 10:00:00,1.1,,-2.3,96,0.5,,7.408,11.112,,30,,,0,,,,,,,60,og-post,,,,AAXX 19104 07591 24/// /0304 10011 20005 39094 48418 58023 760// 333 60005 90710 91106=
07591,2009-01-19 11:00:00,1.3,,-2.8,96,0.7,,11.112,18.52,,50,,,0,,,,,,,0,og-post,,,,AAXX 19114 07591 24/// /0506 10013 20007 39082 48407 58028 700// 333 60005 90710 91110=
07591,2009-01-19 12:00:00,1.8,,-3.5,96,1.2,,3.704,18.52,,10,,,0,0,1,,,,,0,og-post,,,,AAXX 19124 07591 04/// /0102 10018 20012 39067 48395 58035 60011 700// 333 60007 90710 91110 555 60005=
07591,2009-01-19 13:00:00,1.9,,-3.8,96,1.3,,,7.408,,,,,0,,,,,,,61,og-post,,,,AAXX 19134 07591 24/// /0000 10019 20013 39056 48386 56038 761// 333 60005 90710 91104=
07591,2009-01-19 14:00:00,1.7,,-3.9,96,1.1,,3.704,11.112,,50,,,0.2,,,,,,,60,og-post,,,,AAXX 19144 07591 24/// /0502 10017 20011 39043 48374 56039 760// 333 69925 90710 91106=
07591,2009-01-19 15:00:00,1.8,,-3,96,1.2,,7.408,11.112,,40,,,0.6,0.8,,,,,,61,og-post,,,,AAXX 19154 07591 24/// /0404 10018 20012 39037 48369 56030 761// 333 69987 90710 91106 555 69965=
07591,2009-01-19 16:00:00,2.3,,-2.9,96,1.7,,7.408,14.816,,50,,,0.2,,,,,,,61,og-post,,,,AAXX 19164 07591 24/// /0504 10023 20017 39027 48361 56029 761// 333 69925 90710 91108=
07591,2009-01-19 17:00:00,2,,-2.2,96,1.4,,3.704,11.112,,20,,,0.4,,,,,,,61,og-post,,,,AAXX 19174 07591 24/// /0202 10020 20014 39021 48355 57022 761// 333 69945 90710 91106=
07591,2009-01-19 18:00:00,2.4,,-2,96,1.8,,7.408,14.816,,40,-0.1,2.7,0.6,1,,3,,,,61,og-post,,,,AAXX 19184 07591 04/// /0404 10024 20018 39017 48352 56020 60032 761// 333 10027 21001 60017 90710 91108 555 69965=
07591,2009-01-19 19:00:00,2.4,,-1.4,96,1.8,,7.408,14.816,,40,,,0.2,,,,,,,60,og-post,,,,AAXX 19194 07591 24/// /0404 10024 20018 39013 48349 56014 760// 333 69925 90710 91108=
07591,2009-01-19 20:00:00,2.5,,-1.1,96,1.9,1900,3.704,14.816,,30,,,0,,,,,,,10,og-post,,,,AAXX 19204 07591 24/19 /0302 10025 20019 39010 48346 56011 710// 333 60005 90710 91108=
07591,2009-01-19 21:00:00,2.9,,-1.6,96,2.3,,18.52,29.632,,30,,,0,0.2,,,,,,0,og-post,,,,AAXX 19214 07591 24/// /0310 10029 20023 39001 48339 58016 700// 333 69927 90710 91116 555 60005=
07591,2009-01-19 22:00:00,2.4,,-1.7,96,1.8,,3.704,22.224,,130,,,0,,,,,,,0,og-post,,,,AAXX 19224 07591 24/// /1302 10024 20018 38996 48334 58017 700// 333 60005 90710 91112=
07591,2009-01-19 23:00:00,2.4,,-2.1,96,1.8,,7.408,14.816,,20,,,0.2,,,,,,,21,og-post,,,,AAXX 19234 07591 24/// /0204 10024 20018 38989 48327 56021 721// 333 69925 90710 91108=
07591,2009-01-20 00:00:00,2.3,,-2.1,96,1.7,,7.408,11.112,,30,,,0,0.2,0.4,,,,,60,og-post,,,,AAXX 20004 07591 04/// /0304 10023 20017 38980 48319 58021 69941 760// 333 69927 90710 91106 555 60005=
07591,2009-01-20 01:00:00,2.1,,-2.4,96,1.5,,3.704,18.52,,40,,,0.2,,,,,,,0,og-post,,,,AAXX 20014 07591 24/// /0402 10021 20015 38972 48312 58024 700// 333 69925 90710 91110=
07591,2009-01-20 02:00:00,2.5,,-2.4,96,1.9,,3.704,11.112,,280,,,0.2,,,,,,,21,og-post,,,,AAXX 20024 07591 24/// /2802 10025 20019 38965 48306 56024 721// 333 69925 90710 91106=
07591,2009-01-20 03:00:00,2.9,,-2.3,96,2.3,,7.408,14.816,,200,,,0.4,0.8,,,,,,61,og-post,,,,AAXX 20034 07591 24/// /2004 10029 20023 38957 48300 57023 761// 333 69987 90710 91108 555 69945=
07591,2009-01-20 04:00:00,4.7,,-2.2,97,4.3,,14.816,29.632,,190,,,0.8,,,,,,,61,og-post,,,,AAXX 20044 07591 24/// /1908 10047 20043 38950 48296 57022 761// 333 69985 90710 91116=
07591,2009-01-20 05:00:00,2.8,,-1.1,94,1.9,,18.52,50.004,,210,,,1,,,,,,,60,og-post,,,,AAXX 20054 07591 24/// /2110 10028 20019 38954 48297 55011 760// 333 60015 90710 91127=
07591,2009-01-20 06:00:00,2,,0.2,94,1.1,,11.112,35.188,,180,2,4.7,0.4,2,,4,6.6,0,2,60,og-post,,,,AAXX 20064 07591 04/// /1806 10020 20011 38959 48300 53002 60042 760// 333 10047 20020 3/002 55000 60027 70066 90710 91119 555 69945=
07591,2009-01-20 07:00:00,1.1,,1.7,94,0.2,,18.52,29.632,,180,,,2,,,,,,,70,og-post,,,,AAXX 20074 07591 24/// /1810 10011 20002 38967 48306 53017 770// 333 60025 90710 91116=
07591,2009-01-20 08:00:00,1.2,,1.9,94,0.3,,18.52,38.892,,220,,,0.2,,,,,,,61,og-post,,,,AAXX 20084 07591 24/// /2210 10012 20003 38973 48311 53019 761// 333 69925 90710 91121=
07591,2009-01-20 09:00:00,1.9,,1.6,95,1.2,,3.704,22.224,,210,,,0,2,,,,,,21,og-post,,,,AAXX 20094 07591 24/// /2102 10019 20012 38975 48314 51016 721// 333 60027 90710 91112 555 60005=
07591,2009-01-20 10:00:00,3.4,,0.9,91,2.1,,3.704,11.112,,160,,,0,,,,,,,0,og-post,,,,AAXX 20104 07591 24/// /1602 10034 20021 38976 48317 51009 700// 333 60005 90710 91106=
07591,2009-01-20 11:00:00,4.4,,-0.4,87,2.4,,7.408,11.112,,70,,,0,,,,,,,0,og-post,,,,AAXX 20114 07591 24/// /0704 10044 20024 38969 48313 58004 700// 333 60005 90710 91106=
07591,2009-01-20 12:00:00,6.2,,-1.3,81,3.2,,7.408,14.816,,110,,,0,0,2,,,,,0,og-post,,,,AAXX 20124 07591 04/// /1104 10062 20032 38962 48309 58013 60021 700// 333 60007 90710 91108 555 60005=
07591,2009-01-20 13:00:00,4.9,,-1.5,84,2.4,,11.112,18.52,,220,,,0,,,,,,,0,og-post,,,,AAXX 20134 07591 24/// /2206 10049 20024 38961 48306 56015 700// 333 60005 90710 91110=
07591,2009-01-20 14:00:00,4.9,,-0.9,83,2.3,,7.408,14.816,,220,,,0,,,,,,,0,og-post,,,,AAXX 20144 07591 24/// /2204 10049 20023 38960 48305 56009 700// 333 60005 90710 91108=
07591,2009-01-20 15:00:00,4.8,,0.1,84,2.3,,7.408,14.816,,200,,,0,0,,,,,,0,og-post,,,,AAXX 20154 07591 24/// /2004 10048 20023 38963 48308 53001 700// 333 60007 90710 91108 555 60005=
07591,2009-01-20 16:00:00,4.1,,0.7,87,2.1,,11.112,22.224,,210,,,0,,,,,,,60,og-post,,,,AAXX 20164 07591 24/// /2106 10041 20021 38968 48311 53007 760// 333 60005 90710 91112=
07591,2009-01-20 17:00:00,3.4,,1.2,88,1.6,,7.408,18.52,,200,,,0,,,,,,,0,og-post,,,,AAXX 20174 07591 24/// /2004 10034 20016 38972 48314 53012 700// 333 60005 90710 91110=
07591,2009-01-20 18:00:00,3.4,,1.6,89,1.8,,7.408,18.52,,200,0.9,6.3,0,0,,2,,,,0,og-post,,,,AAXX 20184 07591 04/// /2004 10034 20018 38979 48320 53016 60022 700// 333 10063 20009 60007 90710 91110 555 60005=
07591,2009-01-20 19:00:00,3.1,,1.7,89,1.5,,7.408,14.816,,210,,,0,,,,,,,0,og-post,,,,AAXX 20194 07591 24/// /2104 10031 20015 38985 48325 53017 700// 333 60005 90710 91108=
07591,2009-01-20 20:00:00,2.8,,1.9,91,1.5,,7.408,14.816,,200,,,0,,,,,,,0,og-post,,,,AAXX 20204 07591 24/// /2004 10028 20015 38991 48330 51019 700// 333 60005 90710 91108=
07591,2009-01-20 21:00:00,2.1,,1.6,86,0,,3.704,22.224,,210,,,0,0,,,,,,0,og-post,,,,AAXX 20214 07591 24/// /2102 10021 20000 38995 48332 51016 700// 333 60007 90710 91112 555 60005=
07591,2009-01-20 22:00:00,1.8,,1.5,85,-0.4,,3.704,14.816,,250,,,0,,,,,,,0,og-post,,,,AAXX 20224 07591 24/// /2502 10018 21004 39000 48336 51015 700// 333 60005 90710 91108=
07591,2009-01-20 23:00:00,1.8,,1.4,85,-0.4,,7.408,14.816,,210,,,0,,,,,,,0,og-post,,,,AAXX 20234 07591 24/// /2104 10018 21004 39005 48340 53014 700// 333 60005 90710 91108=
07591,2009-01-21 00:00:00,1.3,,1.1,89,-0.3,,3.704,7.408,,330,,,0,0,,,,,,22,og-post,,,,AAXX 21004 07591 04/// /3302 10013 21003 39006 48340 51011 60001 722// 333 60007 90710 91104 555 60005=
07591,2009-01-21 01:00:00,0.5,,0.6,91,-0.8,,,7.408,,,,,0,,,,,,,0,og-post,,,,AAXX 21014 07591 24/// /0000 10005 21008 39006 48339 51006 700// 333 60005 90710 91104=
07591,2009-01-21 02:00:00,0.2,,1,94,-0.6,,3.704,7.408,,160,,,0,,,,,,,0,og-post,,,,AAXX 21024 07591 24/// /1602 10002 21006 39015 48346 53010 700// 333 60005 90710 91104=
07591,2009-01-21 03:00:00,0.3,,1.1,90,-1.1,,3.704,7.408,,210,,,0,0,,,,,,0,og-post,,,,AAXX 21034 07591 24/// /2102 10003 21011 39017 48348 53011 700// 333 60007 90710 91104 555 60005=
07591,2009-01-21 04:00:00,0,,1.2,90,-1.4,,3.704,7.408,,320,,,0,,,,,,,0,og-post,,,,AAXX 21044 07591 24/// /3202 10000 21014 39018 48349 51012 700// 333 60005 90710 91104=
07591,2009-01-21 05:00:00,-0.7,,0.5,92,-1.8,,3.704,7.408,,20,,,0,,,,,,,0,og-post,,,,AAXX 21054 07591 24/// /0202 11007 21018 39020 48349 52005 700// 333 60005 90710 91104=
07591,2009-01-21 06:00:00,-1.4,,1.1,94,-2.2,,3.704,7.408,,270,-1.5,3.4,0,0,,,1.8,1,-5,0,og-post,,,,AAXX 21064 07591 04/// /2702 11014 21022 39028 48355 53011 60002 700// 333 10034 21015 3/105 55010 60007 70018 90710 91104 555 60005=
07591,2009-01-21 07:00:00,-2.4,,1.5,94,-3.2,,3.704,7.408,,270,,,0,,,,,,,0,og-post,,,,AAXX 21074 07591 24/// /2702 11024 21032 39033 48357 53015 700// 333 60005 90710 91104=
07591,2009-01-21 08:00:00,-2.6,,2.4,94,-3.4,,3.704,11.112,,270,,,0,,,,,,,0,og-post,,,,AAXX 21084 07591 24/// /2702 11026 21034 39044 48367 53024 700// 333 60005 90710 91106=
07591,2009-01-21 09:00:00,-0.7,,2.2,94,-1.5,,3.704,7.408,,50,,,0,0,,,,,,0,og-post,,,,AAXX 21094 07591 24/// /0502 11007 21015 39050 48375 53022 700// 333 60007 90710 91104 555 60005=
07591,2009-01-21 10:00:00,1.4,,1.6,72,-3.1,,7.408,14.816,,70,,,0,,,,,,,0,og-post,,,,AAXX 21104 07591 24/// /0704 10014 21031 39049 48378 50016 700// 333 60005 90710 91108=
07591,2009-01-21 11:00:00,3.2,,0.2,59,-4,,11.112,18.52,,150,,,0,,,,,,,0,og-post,,,,AAXX 21114 07591 24/// /1506 10032 21040 39046 48379 50002 700// 333 60005 90710 91110=
07591,2009-01-21 12:00:00,4.5,,-0.7,54,-4,,3.704,14.816,,150,,,0,0,,,,,,0,og-post,,,,AAXX 21124 07591 04/// /1502 10045 21040 39043 48379 58007 60001 700// 333 60007 90710 91108 555 60005=
07591,2009-01-21 13:00:00,5.1,,-1,55,-3.2,,7.408,18.52,,230,,,0,,,,,,,0,og-post,,,,AAXX 21134 07591 24/// /2304 10051 21032 39039 48376 58010 700// 333 60005 90710 91110=
07591,2009-01-21 14:00:00,5,,-0.6,55,-3.3,,11.112,18.52,,220,,,0,,,,,,,0,og-post,,,,AAXX 21144 07591 24/// /2206 10050 21033 39040 48377 55006 700// 333 60005 90710 91110=
07591,2009-01-21 15:00:00,4.7,,-0,51,-4.6,,7.408,22.224,,210,,,0,0,,,,,,0,og-post,,,,AAXX 21154 07591 24/// /2104 10047 21046 39043 48379 55000 700// 333 60007 90710 91112 555 60005=
07591,2009-01-21 16:00:00,3.6,,0.9,55,-4.6,,7.408,22.224,,220,,,0,,,,,,,0,og-post,,,,AAXX 21164 07591 24/// /2204 10036 21046 39048 48381 53009 700// 333 60005 90710 91112=
07591,2009-01-21 17:00:00,1,,1.3,63,-5.2,,3.704,11.112,,230,,,0,,,,,,,0,og-post,,,,AAXX 21174 07591 24/// /2302 10010 21052 39053 48381 53013 700// 333 60005 90710 91106=
07591,2009-01-21 18:00:00,-0.2,,1.4,66,-5.8,,7.408,11.112,,240,-2.6,5.9,0,0,,,,,,0,og-post,,,,AAXX 21184 07591 04/// /2404 11002 21058 39057 48382 51014 60002 700// 333 10059 21026 60007 90710 91106 555 60005=
07591,2009-01-21 19:00:00,-1.4,,1.3,76,-5.1,,3.704,7.408,,10,,,0,,,,,,,0,og-post,,,,AAXX 21194 07591 24/// /0102 11014 21051 39061 48383 51013 700// 333 60005 90710 91104=
07591,2009-01-21 20:00:00,-1.4,,1.4,77,-4.9,,3.704,3.704,,130,,,0,,,,,,,0,og-post,,,,AAXX 21204 07591 24/// /1302 11014 21049 39067 48389 53014 700// 333 60005 90710 91102=
07591,2009-01-21 21:00:00,-1.4,,1.2,79,-4.6,,3.704,7.408,,90,,,0,0,,,,,,0,og-post,,,,AAXX 21214 07591 24/// /0902 11014 21046 39069 48390 51012 700// 333 60007 90710 91104 555 60005=
07591,2009-01-21 22:00:00,-1.6,,0.7,66,-7.1,,14.816,29.632,,30,,,0,,,,,,,0,og-post,,,,AAXX 21224 07591 24/// /0308 11016 21071 39068 48389 50007 700// 333 60005 90710 91116=
07591,2009-01-21 23:00:00,-2.1,,0.5,64,-8,,11.112,29.632,,30,,,0,,,,,,,0,og-post,,,,AAXX 21234 07591 24/// /0306 11021 21080 39072 48392 53005 700// 333 60005 90710 91116=
07591,2009-01-22 00:00:00,-2.5,,-0.2,62,-8.8,,18.52,29.632,,20,,,0,0,,,,,,0,og-post,,,,AAXX 22004 07591 04/// /0210 11025 21088 39067 48386 58002 60001 700// 333 60007 90710 91116 555 60005=
07591,2009-01-22 01:00:00,-2.8,,-0.4,61,-9.2,,14.816,31.484,,20,,,0,,,,,,,0,og-post,,,,AAXX 22014 07591 24/// /0208 11028 21092 39064 48383 58004 700// 333 60005 90710 91117=
07591,2009-01-22 02:00:00,-3,,-1,59,-9.9,,18.52,29.632,,20,,,0,,,,,,,0,og-post,,,,AAXX 22024 07591 24/// /0210 11030 21099 39062 48381 56010 700// 333 60005 90710 91116=
07591,2009-01-22 03:00:00,-3.3,,-0.7,61,-9.7,,11.112,35.188,,360,,,0,0,,,,,,0,og-post,,,,AAXX 22034 07591 24/// /3606 11033 21097 39060 48379 56007 700// 333 60007 90710 91119 555 60005=
07591,2009-01-22 05:00:00,-3.7,,-0.2,58,-10.7,,18.52,29.632,,20,,,0,,,,,,,0,og-post,,,,AAXX 22054 07591 24/// /0210 11037 21107 39060 48378 56002 700// 333 60005 90710 91116=
07591,2009-01-22 06:00:00,-3.9,,0,57,-11.1,,25.928,38.892,,20,-4,-0.3,0,0,,,0,7.8,-6,0,og-post,,,,AAXX 22064 07591 04/// /0214 11039 21111 39060 48378 50000 60002 700// 333 11003 21040 3/106 55078 60007 70000 90710 91121 555 60005=
07591,2009-01-22 07:00:00,-4.1,,0.7,56,-11.5,,14.816,42.596,,30,,,0,,,,,,,0,og-post,,,,AAXX 22074 07591 24/// /0308 11041 21115 39068 48384 53007 700// 333 60005 90710 91123=
07591,2009-01-22 08:00:00,-4.3,,1,55,-12,,22.224,46.3,,30,,,0,,,,,,,0,og-post,,,,AAXX 22084 07591 24/// /0312 11043 21120 39070 48385 53010 700// 333 60005 90710 91125=
07591,2009-01-22 09:00:00,-3,,1.3,52,-11.4,,25.928,42.596,,40,,,0,0,,,,,,0,og-post,,,,AAXX 22094 07591 24/// /0414 11030 21114 39073 48391 51013 700// 333 60007 90710 91123 555 60005=
07591,2009-01-22 10:00:00,-1.4,,-0.5,45,-11.8,,29.632,57.412,50.004,20,,,0,,,,,,,0,og-post,,,,AAXX 22104 07591 24/// /0216 11014 21118 39063 48385 58005 700// 333 60005 91027 90710 91131=
07591,2009-01-22 11:00:00,0.4,,-1.7,41,-11.3,,25.928,50.004,,10,,,0,,,,,,,0,og-post,,,,AAXX 22114 07591 24/// /0114 10004 21113 39053 48380 58017 700// 333 60005 90710 91127=
07591,2009-01-22 12:00:00,3,,-1.9,33,-11.7,,7.408,35.188,,110,,,0,0,,,,,,0,og-post,,,,AAXX 22124 07591 04/// /1104 10030 21117 39054 48385 55019 60001 700// 333 60007 90710 91119 555 60005=
07591,2009-01-22 13:00:00,4.5,,-1.5,30,-11.5,,3.704,14.816,,60,,,0,,,,,,,0,og-post,,,,AAXX 22134 07591 24/// /0602 10045 21115 39048 48383 56015 700// 333 60005 90710 91108=
07591,2009-01-22 14:00:00,4.7,,-1.1,28,-12.2,,3.704,11.112,,40,,,0,,,,,,,0,og-post,,,,AAXX 22144 07591 24/// /0402 10047 21122 39042 48378 58011 700// 333 60005 90710 91106=
07591,2009-01-22 15:00:00,3.8,,-1.3,32,-11.3,,11.112,18.52,,20,,,0,0,,,,,,0,og-post,,,,AAXX 22154 07591 24/// /0206 10038 21113 39041 48375 56013 700// 333 60007 90710 91110 555 60005=
07591,2009-01-22 16:00:00,2.2,,-1.1,40,-10,,14.816,22.224,,20,,,0,,,,,,,0,og-post,,,,AAXX 22164 07591 24/// /0208 10022 21100 39037 48369 56011 700// 333 60005 90710 91112=
07591,2009-01-22 17:00:00,1,,-0.2,48,-8.8,,7.408,18.52,,30,,,0,,,,,,,0,og-post,,,,AAXX 22174 07591 24/// /0304 10010 21088 39040 48369 55002 700// 333 60005 90710 91110=
07591,2009-01-22 18:00:00,1,,-0.5,46,-9.3,,22.224,29.632,,20,-4.4,5,0,0,,,,,,0,og-post,,,,AAXX 22184 07591 04/// /0212 10010 21093 39036 48366 57005 60002 700// 333 10050 21044 60007 90710 91116 555 60005=
07591,2009-01-22 19:00:00,0.7,,0.3,47,-9.3,,14.816,29.632,,20,,,0,,,,,,,0,og-post,,,,AAXX 22194 07591 24/// /0208 10007 21093 39040 48369 53003 700// 333 60005 90710 91116=
07591,2009-01-22 20:00:00,0.2,,-0,52,-8.5,,11.112,38.892,,60,,,0,,,,,,,0,og-post,,,,AAXX 22204 07591 24/// /0606 10002 21085 39040 48368 55000 700// 333 60005 90710 91121=
07591,2009-01-22 21:00:00,0.5,,-0.1,48,-9.2,,22.224,38.892,,20,,,0,0,,,,,,0,og-post,,,,AAXX 22214 07591 24/// /0212 10005 21092 39035 48364 58001 700// 333 60007 90710 91121 555 60005=
07591,2009-01-22 22:00:00,0.4,,-0.6,49,-9,,22.224,29.632,,20,,,0,,,,,,,0,og-post,,,,AAXX 22224 07591 24/// /0212 10004 21090 39034 48363 58006 700// 333 60005 90710 91116=
07591,2009-01-22 23:00:00,-0.2,,-1.3,52,-8.8,,11.112,38.892,,50,,,0,,,,,,,0,og-post,,,,AAXX 22234 07591 24/// /0506 11002 21088 39027 48356 58013 700// 333 60005 90710 91121=
07591,2009-01-23 00:00:00,-0.2,,-1.5,53,-8.6,,22.224,31.484,,20,,,0,0,,,,,,0,og-post,,,,AAXX 23004 07591 04/// /0212 11002 21086 39020 48350 58015 60001 700// 333 60007 90710 91117 555 60005=
07591,2009-01-23 01:00:00,-0.4,,-2.2,50,-9.5,,25.928,38.892,,20,,,0,,,,,,,0,og-post,,,,AAXX 23014 07591 24/// /0214 11004 21095 39012 48342 58022 700// 333 60005 90710 91121=
07591,2009-01-23 02:00:00,-0.3,,-1.7,51,-9.2,,25.928,38.892,,20,,,0,,,,,,,0,og-post,,,,AAXX 23024 07591 24/// /0214 11003 21092 39010 48341 56017 700// 333 60005 90710 91121=
07591,2009-01-23 03:00:00,-0.4,,-1.7,52,-9,,22.224,38.892,,20,,,0,0,,,,,,0,og-post,,,,AAXX 23034 07591 24/// /0212 11004 21090 39003 48334 56017 700// 333 60007 90710 91121 555 60005=
07591,2009-01-23 04:00:00,-0.4,,-1,52,-9,,11.112,31.484,,40,,,0,,,,,,,0,og-post,,,,AAXX 23044 07591 24/// /0406 11004 21090 39002 48333 56010 700// 333 60005 90710 91117=
07591,2009-01-23 05:00:00,-1.3,,-1.2,75,-5.1,,11.112,25.928,,20,,,0,,,,,,,73,og-post,,,,AAXX 23054 07591 24/// /0206 11013 21051 38998 48329 56012 773// 333 60005 90710 91114=
07591,2009-01-23 06:00:00,-3,,-1.4,92,-4.1,500,22.224,31.484,,20,-3,1.2,0.8,0.8,,0.8,0.8,6.5,-3,75,og-post,,,,AAXX 23064 07591 04/05 /0212 11030 21041 38989 48318 58014 69982 775// 333 10012 21030 3/103 55065 69987 70008 90710 91117 555 69985=
07591,2009-01-23 07:00:00,-2.9,,-1.6,94,-3.7,500,18.52,31.484,,30,,,2,,,,,,,75,og-post,,,,AAXX 23074 07591 24/05 /0310 11029 21037 38986 48316 56016 775// 333 60025 90710 91117=
07591,2009-01-23 08:00:00,-2.8,,-1.6,94,-3.6,200,18.52,35.188,,30,,,2,,,,,,,75,og-post,,,,AAXX 23084 07591 24/02 /0310 11028 21036 38982 48312 56016 775// 333 60025 90710 91119=
07591,2009-01-23 09:00:00,-2.6,,-1.1,95,-3.3,1400,11.112,22.224,,30,,,2,6,,,,,,75,og-post,,,,AAXX 23094 07591 24/14 /0306 11026 21033 38978 48309 58011 775// 333 60067 90710 91112 555 60025=
07591,2009-01-23 10:00:00,-2.5,,-0.6,95,-3.2,600,7.408,18.52,,40,,,2,,,,,,,75,og-post,,,,AAXX 23104 07591 24/06 /0404 11025 21032 38980 48311 55006 775// 333 60025 90710 91110=
07591,2009-01-23 11:00:00,-2.4,,-2,95,-3.1,700,14.816,22.224,,30,,,2,,,,,,,75,og-post,,,,AAXX 23114 07591 24/07 /0308 11024 21031 38962 48295 58020 775// 333 60025 90710 91112=
07591,2009-01-23 12:00:00,-2,,-2.5,95,-2.7,1400,7.408,22.224,,40,,,2,6,12,,,,,75,og-post,,,,AAXX 23124 07591 04/14 /0404 11020 21027 38953 48288 58025 60121 775// 333 60067 90710 91112 555 60025=
07591,2009-01-23 13:00:00,-1.6,,-3.8,95,-2.3,,7.408,11.112,,230,,,2,,,,,,,75,og-post,,,,AAXX 23134 07591 24/// /2304 11016 21023 38942 48279 56038 775// 333 60025 90710 91106=
07591,2009-01-23 14:00:00,-0.2,,-3.7,96,-0.8,,11.112,18.52,,250,,,2,,,,,,,71,og-post,,,,AAXX 23144 07591 24/// /2506 11002 21008 38925 48266 58037 771// 333 60025 90710 91110=
07591,2009-01-23 15:00:00,1,,-2.7,96,0.4,,11.112,22.224,,240,,,4,8,,,,,,70,og-post,,,,AAXX 23154 07591 24/// /2406 10010 20004 38926 48269 55027 770// 333 60087 90710 91112 555 60045=
07591,2009-01-23 16:00:00,1.5,,-2.5,97,1.1,,18.52,31.484,,210,,,3,,,,,,,20,og-post,,,,AAXX 23164 07591 24/// /2110 10015 20011 38917 48262 56025 720// 333 60035 90710 91117=
07591,2009-01-23 17:00:00,1.7,,-0,96,1.1,,18.52,42.596,,230,,,3,,,,,,,21,og-post,,,,AAXX 23174 07591 24/// /2310 10017 20011 38925 48269 55000 721// 333 60035 90710 91123=
07591,2009-01-23 18:00:00,3.2,,-0.7,90,1.7,,18.52,25.928,,230,-3,3.2,1,7,,27,,,,0,og-post,,,,AAXX 23184 07591 04/// /2310 10032 20017 38919 48266 56007 60272 700// 333 10032 21030 60077 90710 91114 555 60015=
07591,2009-01-23 19:00:00,4,,0.7,74,-0.2,,25.928,46.3,,230,,,1,,,,,,,0,og-post,,,,AAXX 23194 07591 24/// /2314 10040 21002 38924 48271 51007 700// 333 60015 90710 91125=
07591,2009-01-23 20:00:00,4.1,,-0,67,-1.5,,29.632,53.708,50.004,240,,,0.8,,,,,,,0,og-post,,,,AAXX 23204 07591 24/// /2416 10041 21015 38925 48272 55000 700// 333 69985 91027 90710 91129=
07591,2009-01-23 21:00:00,3.5,,0.9,71,-1.3,,25.928,64.82,,230,,,0.6,2,,,,,,0,og-post,,,,AAXX 23214 07591 24/// /2314 10035 21013 38928 48274 51009 700// 333 60027 90710 91135 555 69965=
07591,2009-01-23 22:00:00,3.5,,1.1,63,-2.9,,7.408,46.3,,180,,,0.2,,,,,,,0,og-post,,,,AAXX 23224 07591 24/// /1804 10035 21029 38935 48280 53011 700// 333 69925 90710 91125=
07591,2009-01-23 23:00:00,2.8,,1.6,66,-2.9,,7.408,31.484,,190,,,0.2,,,,,,,0,og-post,,,,AAXX 23234 07591 24/// /1904 10028 21029 38941 48285 53016 700// 333 69925 90710 91117=
07591,2009-01-24 00:00:00,1.7,,0.5,76,-2.1,,7.408,11.112,,360,,,0,0.4,3,,,,,0,og-post,,,,AAXX 24004 07591 04/// /3604 10017 21021 38933 48276 50005 60031 700// 333 69947 90710 91106 555 60005=
07591,2009-01-24 01:00:00,2.6,,-1.4,69,-2.5,,18.52,31.484,,10,,,0,,,,,,,0,og-post,,,,AAXX 24014 07591 24/// /0110 10026 21025 38921 48266 58014 700// 333 60005 90710 91117=
07591,2009-01-24 02:00:00,2.7,,-2.8,68,-2.6,,14.816,31.484,,20,,,0.2,,,,,,,0,og-post,,,,AAXX 24024 07591 24/// /0208 10027 21026 38913 48259 57028 700// 333 69925 90710 91117=
07591,2009-01-24 03:00:00,1.7,,-2.3,82,-1,,11.112,22.224,,70,,,0,0.2,,,,,,75,og-post,,,,AAXX 24034 07591 24/// /0706 10017 21010 38910 48255 56023 775// 333 69927 90710 91112 555 60005=
07591,2009-01-24 04:00:00,0.2,,-2.8,94,-0.6,1400,7.408,18.52,,30,,,1,,,,,,,75,og-post,,,,AAXX 24044 07591 24/14 /0304 10002 21006 38893 48238 58028 775// 333 60015 90710 91110=
07591,2009-01-24 05:00:00,0,,-2.8,95,-0.7,1000,3.704,11.112,,60,,,2,,,,,,,75,og-post,,,,AAXX 24054 07591 24/10 /0602 10000 21007 38885 48231 58028 775// 333 60025 90710 91106=
07591,2009-01-24 06:00:00,0.1,,-4,95,-0.6,1100,11.112,18.52,,20,0,4.4,1,4,,7,34.4,0,-0,73,og-post,,,,AAXX 24064 07591 04/11 /0206 10001 21006 38870 48217 56040 60072 773// 333 10044 20000 3/100 55000 60047 70344 90710 91110 555 60015=
07591,2009-01-24 07:00:00,0,,-3,96,-0.6,800,11.112,18.52,,10,,,2,,,,,,,75,og-post,,,,AAXX 24074 07591 24/08 /0106 10000 21006 38863 48211 56030 775// 333 60025 90710 91110=
07591,2009-01-24 08:00:00,0.1,,-1.5,96,-0.5,,7.408,22.224,,350,,,2,,,,,,,75,og-post,,,,AAXX 24084 07591 24/// /3504 10001 21005 38870 48217 55015 775// 333 60025 90710 91112=
07591,2009-01-24 09:00:00,0,,0.3,96,-0.6,100,7.408,14.816,,200,,,3,6,,,,,,75,og-post,,,,AAXX 24094 07591 24/01 /2004 10000 21006 38873 48220 53003 775// 333 60067 90710 91108 555 60035=
07591,2009-01-24 10:00:00,1,,-0.2,96,0.4,,7.408,11.112,,50,,,2,,,,,,,22,og-post,,,,AAXX 24104 07591 24/// /0504 10010 20004 38861 48211 58002 722// 333 60025 90710 91106=
07591,2009-01-24 11:00:00,1.4,,-1.3,92,0.2,,7.408,14.816,,30,,,1,,,,,,,0,og-post,,,,AAXX 24114 07591 24/// /0304 10014 20002 38857 48207 58013 700// 333 60015 90710 91108=
07591,2009-01-24 12:00:00,1.6,,-2.9,89,0,,18.52,22.224,,20,,,2,5,11,,,,,0,og-post,,,,AAXX 24124 07591 04/// /0210 10016 20000 38844 48196 58029 60111 700// 333 60057 90710 91112 555 60025=
07591,2009-01-24 13:00:00,2.9,,-2.3,85,0.6,,7.408,25.928,,50,,,1,,,,,,,0,og-post,,,,AAXX 24134 07591 24/// /0504 10029 20006 38838 48192 58023 700// 333 60015 90710 91114=
07591,2009-01-24 14:00:00,3.1,,-1.3,85,0.8,,7.408,14.816,,50,,,0.4,,,,,,,0,og-post,,,,AAXX 24144 07591 24/// /0504 10031 20008 38844 48198 55013 700// 333 69945 90710 91108=
07591,2009-01-24 15:00:00,3,,0.2,85,0.7,,7.408,18.52,,40,,,0.2,2,,,,,,0,og-post,,,,AAXX 24154 07591 24/// /0404 10030 20007 38846 48199 53002 700// 333 60027 90710 91110 555 69925=
07591,2009-01-24 16:00:00,2.3,,1.5,90,0.8,,3.704,11.112,,130,,,0,,,,,,,0,og-post,,,,AAXX 24164 07591 24/// /1302 10023 20008 38853 48205 53015 700// 333 60005 90710 91106=
07591,2009-01-24 17:00:00,1.9,,2.2,92,0.7,,7.408,11.112,,230,,,0,,,,,,,0,og-post,,,,AAXX 24174 07591 24/// /2304 10019 20007 38866 48216 53022 700// 333 60005 90710 91106=
07591,2009-01-24 18:00:00,1.4,,3.3,94,0.5,,3.704,11.112,,310,0,3.2,0,0,,13,,,,0,og-post,,,,AAXX 24184 07591 04/// /3102 10014 20005 38879 48227 53033 60132 700// 333 10032 20000 60007 90710 91106 555 60005=
07591,2009-01-24 19:00:00,0.6,,3.9,94,-0.3,,,3.704,,,,,0,,,,,,,0,og-post,,,,AAXX 24194 07591 24/// /0000 10006 21003 38892 48238 52039 700// 333 60005 90710 91102=
07591,2009-01-24 20:00:00,0.6,,3.7,95,-0.1,,7.408,11.112,,20,,,0,,,,,,,0,og-post,,,,AAXX 24204 07591 24/// /0204 10006 21001 38903 48248 51037 700// 333 60005 90710 91106=
07591,2009-01-24 21:00:00,0.1,,3.5,94,-0.7,,7.408,11.112,,360,,,0,0,,,,,,0,og-post,,,,AAXX 24214 07591 24/// /3604 10001 21007 38914 48257 51035 700// 333 60007 90710 91106 555 60005=
07591,2009-01-24 22:00:00,-1,,3,94,-1.8,,3.704,7.408,,30,,,0,,,,,,,0,og-post,,,,AAXX 24224 07591 24/// /0302 11010 21018 38922 48262 51030 700// 333 60005 90710 91104=
07591,2009-01-24 23:00:00,-1.6,,2.6,94,-2.4,,3.704,7.408,,200,,,0,,,,,,,0,og-post,,,,AAXX 24234 07591 24/// /2002 11016 21024 38929 48268 51026 700// 333 60005 90710 91104=
07591,2009-01-25 00:00:00,-1.8,,1.9,94,-2.6,,7.408,11.112,,30,,,0,0,,,,,,0,og-post,,,,AAXX 25004 07591 04/// /0304 11018 21026 38933 48271 51019 60001 700// 333 60007 90710 91106 555 60005=
07591,2009-01-25 01:00:00,-2.1,,2.3,93,-3.1,,3.704,11.112,,60,,,0,,,,,,,0,og-post,,,,AAXX 25014 07591 24/// /0602 11021 21031 38945 48281 53023 700// 333 60005 90710 91106=
07591,2009-01-25 02:00:00,-2.1,,2.9,93,-3.1,,3.704,11.112,,310,,,0,,,,,,,0,og-post,,,,AAXX 25024 07591 24/// /3102 11021 21031 38958 48292 53029 700// 333 60005 90710 91106=
07591,2009-01-25 03:00:00,-1.9,,3.1,93,-2.9,,7.408,11.112,,360,,,0,0,,,,,,0,og-post,,,,AAXX 25034 07591 24/// /3604 11019 21029 38964 48298 51031 700// 333 60007 90710 91106 555 60005=
07591,2009-01-25 04:00:00,-1.5,,1.5,87,-3.4,,7.408,25.928,,60,,,0,,,,,,,0,og-post,,,,AAXX 25044 07591 24/// /0604 11015 21034 38960 48295 50015 700// 333 60005 90710 91114=
07591,2009-01-25 05:00:00,-3.1,,1.1,92,-4.2,,3.704,18.52,,340,,,0,,,,,,,0,og-post,,,,AAXX 25054 07591 24/// /3402 11031 21042 38969 48300 53011 700// 333 60005 90710 91110=
07591,2009-01-25 06:00:00,-3.1,,0.6,91,-4.4,,14.816,22.224,,30,-3.5,1.3,0,0,,,12.8,0.2,-0,0,og-post,,,,AAXX 25064 07591 04/// /0308 11031 21044 38970 48301 53006 60002 700// 333 10013 21035 3/100 55002 60007 70128 90710 91112 555 60005=
07591,2009-01-25 07:00:00,-2.1,,0.8,82,-4.7,,29.632,38.892,,20,,,0,,,,,,,0,og-post,,,,AAXX 25074 07591 24/// /0216 11021 21047 38968 48301 50008 700// 333 60005 90710 91121=
07591,2009-01-25 08:00:00,-1.9,,-0,75,-5.7,,7.408,35.188,,60,,,0,,,,,,,0,og-post,,,,AAXX 25084 07591 24/// /0604 11019 21057 38969 48302 54000 700// 333 60005 90710 91119=
07591,2009-01-25 09:00:00,0.1,,0.2,65,-5.7,,22.224,35.188,,30,,,0,0,,,,,,0,og-post,,,,AAXX 25094 07591 24/// /0312 10001 21057 38972 48308 53002 700// 333 60007 90710 91119 555 60005=
07591,2009-01-25 10:00:00,1.7,,0.8,56,-6.1,,25.928,38.892,,20,,,0,,,,,,,0,og-post,,,,AAXX 25104 07591 24/// /0214 10017 21061 38976 48314 53008 700// 333 60005 90710 91121=
07591,2009-01-25 11:00:00,3.3,,0.9,56,-4.6,,11.112,31.484,,50,,,0,,,,,,,0,og-post,,,,AAXX 25114 07591 24/// /0506 10033 21046 38978 48318 51009 700// 333 60005 90710 91117=
07591,2009-01-25 12:00:00,3.9,,0,50,-5.6,,14.816,22.224,,40,,,0,0,,,,,,0,og-post,,,,AAXX 25124 07591 04/// /0408 10039 21056 38972 48314 50000 60001 700// 333 60007 90710 91112 555 60005=
07591,2009-01-25 13:00:00,4.5,,-1,50,-5,,14.816,25.928,,40,,,0,,,,,,,0,og-post,,,,AAXX 25134 07591 24/// /0408 10045 21050 38966 48310 58010 700// 333 60005 90710 91114=
07591,2009-01-25 14:00:00,5.5,,-1.8,48,-4.6,,14.816,18.52,,20,,,0,,,,,,,0,og-post,,,,AAXX 25144 07591 24/// /0208 10055 21046 38960 48306 57018 700// 333 60005 90710 91110=
07591,2009-01-25 15:00:00,5.3,,-1.5,49,-4.5,,18.52,22.224,,20,,,0,0,,,,,,0,og-post,,,,AAXX 25154 07591 24/// /0210 10053 21045 38957 48303 56015 700// 333 60007 90710 91112 555 60005=
07591,2009-01-25 16:00:00,4.3,,-0.8,56,-3.7,,18.52,29.632,,20,,,0,,,,,,,0,og-post,,,,AAXX 25164 07591 24/// /0210 10043 21037 38958 48302 55008 700// 333 60005 90710 91116=
07591,2009-01-25 17:00:00,2.2,,0.3,63,-4.1,,14.816,22.224,,20,,,0,,,,,,,0,og-post,,,,AAXX 25174 07591 24/// /0208 10022 21041 38963 48303 53003 700// 333 60005 90710 91112=
07591,2009-01-25 18:00:00,0.3,,0.6,73,-4,,14.816,25.928,,40,-3.1,5.6,0,0,,,,,,0,og-post,,,,AAXX 25184 07591 04/// /0408 10003 21040 38963 48300 51006 60002 700// 333 10056 21031 60007 90710 91114 555 60005=
07591,2009-01-25 19:00:00,1.1,,0.2,67,-4.3,,18.52,29.632,,20,,,0,,,,,,,0,og-post,,,,AAXX 25194 07591 24/// /0210 10011 21043 38960 48299 50002 700// 333 60005 90710 91116=
07591,2009-01-25 20:00:00,0.9,,-0.1,65,-4.9,,22.224,29.632,,20,,,0,,,,,,,0,og-post,,,,AAXX 25204 07591 24/// /0212 10009 21049 38962 48300 55001 700// 333 60005 90710 91116=
07591,2009-01-25 21:00:00,-0.2,,0.4,68,-5.4,,14.816,31.484,,50,,,0,0,,,,,,0,og-post,,,,AAXX 25214 07591 24/// /0508 11002 21054 38967 48303 53004 700// 333 60007 90710 91117 555 60005=
07591,2009-01-25 22:00:00,0.2,,1.2,64,-5.8,,18.52,29.632,,30,,,0,,,,,,,0,og-post,,,,AAXX 25224 07591 24/// /0310 10002 21058 38972 48308 53012 700// 333 60005 90710 91116=
07591,2009-01-25 23:00:00,-0.2,,0.7,64,-6.2,,25.928,38.892,,20,,,0,,,,,,,0,og-post,,,,AAXX 25234 07591 24/// /0214 11002 21062 38969 48305 50007 700// 333 60005 90710 91121=
07591,2009-01-26 00:00:00,0.7,,0.1,60,-6.2,,29.632,42.596,,30,,,0,0,,,,,,0,og-post,,,,AAXX 26004 07591 04/// /0316 10007 21062 38968 48305 50001 60001 700// 333 60007 90710 91123 555 60005=
07591,2009-01-26 01:00:00,1.7,,-1.4,56,-6.1,,25.928,46.3,,20,,,0,,,,,,,0,og-post,,,,AAXX 26014 07591 24/// /0214 10017 21061 38958 48298 58014 700// 333 60005 90710 91125=
07591,2009-01-26 02:00:00,2.1,,-1.2,54,-6.2,,31.484,57.412,,360,,,0,,,,,,,0,og-post,,,,AAXX 26024 07591 24/// /3617 10021 21062 38957 48298 57012 700// 333 60005 90710 91131=
07591,2009-01-26 03:00:00,2.1,,-1,52,-6.7,,25.928,50.004,,20,,,0,0,,,,,,0,og-post,,,,AAXX 26034 07591 24/// /0214 10021 21067 38958 48299 55010 700// 333 60007 90710 91127 555 60005=
07591,2009-01-26 04:00:00,1.9,,-1,54,-6.4,,35.188,64.82,61.116,360,,,0,,,,,,,0,og-post,,,,AAXX 26044 07591 24/// /3619 10019 21064 38948 48289 58010 700// 333 60005 91033 90710 91135=
07591,2009-01-26 05:00:00,1.8,,-1.3,54,-6.5,,35.188,61.116,57.412,360,,,0,,,,,,,0,og-post,,,,AAXX 26054 07591 24/// /3619 10018 21065 38944 48286 58013 700// 333 60005 91031 90710 91133=
07591,2009-01-26 06:00:00,2.4,,-1.3,53,-6.2,,38.892,57.412,,360,-0.4,2.4,0,0,,,0,7.8,-1,0,og-post,,,,AAXX 26064 07591 04/// /3621 10024 21062 38945 48287 55013 60002 700// 333 10024 21004 3/101 55078 60007 70000 90710 91131 555 60005=
07591,2009-01-26 07:00:00,2.5,,0.5,55,-5.6,,31.484,72.228,,10,,,0,,,,,,,0,og-post,,,,AAXX 26074 07591 24/// /0117 10025 21056 38953 48295 53005 700// 333 60005 90710 91139=
07591,2009-01-26 08:00:00,2.9,,1,55,-5.2,,31.484,57.412,,10,,,0,,,,,,,0,og-post,,,,AAXX 26084 07591 24/// /0117 10029 21052 38954 48296 52010 700// 333 60005 90710 91131=
07591,2009-01-26 09:00:00,3.3,,1.6,55,-4.9,,25.928,53.708,,20,,,0,0,,,,,,0,og-post,,,,AAXX 26094 07591 24/// /0214 10033 21049 38961 48303 51016 700// 333 60007 90710 91129 555 60005=
07591,2009-01-26 10:00:00,4.2,,0.6,51,-5,,25.928,46.3,,30,,,0,,,,,,,0,og-post,,,,AAXX 26104 07591 24/// /0314 10042 21050 38959 48303 50006 700// 333 60005 90710 91125=
07591,2009-01-26 11:00:00,4.9,,-0.2,47,-5.4,,31.484,57.412,57.412,50,,,0,,,,,,,0,og-post,,,,AAXX 26114 07591 24/// /0517 10049 21054 38952 48298 58002 700// 333 60005 91031 90710 91131=
07591,2009-01-26 12:00:00,5.1,,-1.3,44,-6.1,,31.484,61.116,53.708,60,,,0,0,,,,,,0,og-post,,,,AAXX 26124 07591 04/// /0617 10051 21061 38948 48294 58013 60001 700// 333 60007 91029 90710 91133 555 60005=
07591,2009-01-26 13:00:00,5.1,,-1.3,45,-5.8,,29.632,61.116,50.004,70,,,0,,,,,,,0,og-post,,,,AAXX 26134 07591 24/// /0716 10051 21058 38946 48292 56013 700// 333 60005 91027 90710 91133=
07591,2009-01-26 14:00:00,5,,-0.4,44,-6.2,,31.484,53.708,53.708,60,,,0,,,,,,,0,og-post,,,,AAXX 26144 07591 24/// /0617 10050 21062 38948 48294 55004 700// 333 60005 91029 90710 91129=
07591,2009-01-26 15:00:00,4.9,,0.6,44,-6.3,,29.632,57.412,50.004,60,,,0,0,,,,,,0,og-post,,,,AAXX 26154 07591 24/// /0616 10049 21063 38954 48299 53006 700// 333 60007 91027 90710 91131 555 60005=
07591,2009-01-26 16:00:00,4.4,,1.5,46,-6.2,,25.928,53.708,,50,,,0,,,,,,,0,og-post,,,,AAXX 26164 07591 24/// /0514 10044 21062 38961 48305 53015 700// 333 60005 90710 91129=
07591,2009-01-26 17:00:00,4.2,,1.8,48,-5.8,,25.928,46.3,,60,,,0,,,,,,,0,og-post,,,,AAXX 26174 07591 24/// /0614 10042 21058 38966 48309 51018 700// 333 60005 90710 91125=
07591,2009-01-26 18:00:00,4,,1.8,50,-5.5,,18.52,46.3,,20,2.2,5.2,0,0,,,,,,0,og-post,,,,AAXX 26184 07591 04/// /0210 10040 21055 38972 48314 51018 60002 700// 333 10052 20022 60007 90710 91125 555 60005=
07591,2009-01-26 19:00:00,3.5,,1.6,53,-5.2,,22.224,35.188,,350,,,0,,,,,,,0,og-post,,,,AAXX 26194 07591 24/// /3512 10035 21052 38977 48318 52016 700// 333 60005 90710 91119=
07591,2009-01-26 20:00:00,3.2,,1.4,54,-5.2,,29.632,42.596,,350,,,0,,,,,,,0,og-post,,,,AAXX 26204 07591 24/// /3516 10032 21052 38980 48320 51014 700// 333 60005 90710 91123=
07591,2009-01-26 21:00:00,2.7,,1.5,55,-5.4,,14.816,42.596,,350,,,0,0,,,,,,0,og-post,,,,AAXX 26214 07591 24/// /3508 10027 21054 38987 48325 53015 700// 333 60007 90710 91123 555 60005=
07591,2009-01-26 22:00:00,1.6,,1.3,61,-5.1,,3.704,25.928,,220,,,0,,,,,,,0,og-post,,,,AAXX 26224 07591 24/// /2202 10016 21051 38990 48326 52013 700// 333 60005 90710 91114=
07591,2009-01-26 23:00:00,0.7,,1.3,65,-5.1,,3.704,11.112,,330,,,0,,,,,,,0,og-post,,,,AAXX 26234 07591 24/// /3302 10007 21051 38993 48328 51013 700// 333 60005 90710 91106=
07591,2009-01-27 00:00:00,-0.6,,0.7,70,-5.4,,,7.408,,,,,0,0,,,,,,0,og-post,,,,AAXX 27004 07591 04/// /0000 11006 21054 38994 48326 51007 60001 700// 333 60007 90710 91104 555 60005=
07591,2009-01-27 01:00:00,-1.7,,0.5,76,-5.4,,,11.112,,,,,0,,,,,,,0,og-post,,,,AAXX 27014 07591 24/// /0000 11017 21054 38995 48325 51005 700// 333 60005 90710 91106=
07591,2009-01-27 02:00:00,-1.7,,0.7,76,-5.4,,3.704,7.408,,20,,,0,,,,,,,0,og-post,,,,AAXX 27024 07591 24/// /0202 11017 21054 39000 48330 53007 700// 333 60005 90710 91104=
07591,2009-01-27 03:00:00,-1.5,,0.6,75,-5.3,,3.704,7.408,,100,,,0,0,,,,,,0,og-post,,,,AAXX 27034 07591 24/// /1002 11015 21053 39000 48330 51006 700// 333 60007 90710 91104 555 60005=
07591,2009-01-27 04:00:00,-1.7,,0.5,77,-5.2,,3.704,7.408,,10,,,0,,,,,,,0,og-post,,,,AAXX 27044 07591 24/// /0102 11017 21052 39000 48330 51005 700// 333 60005 90710 91104=
07591,2009-01-27 05:00:00,-3.1,,-0,83,-5.6,,3.704,11.112,,10,,,0,,,,,,,0,og-post,,,,AAXX 27054 07591 24/// /0102 11031 21056 39000 48327 54000 700// 333 60005 90710 91106=
07591,2009-01-27 06:00:00,-3.6,,0.7,83,-6.1,,3.704,7.408,,10,-3.7,4.1,0,0,,,0,0,-2,0,og-post,,,,AAXX 27064 07591 04/// /0102 11036 21061 39007 48333 53007 60002 700// 333 10041 21037 3/102 55000 60007 70000 90710 91104 555 60005=
07591,2009-01-27 07:00:00,-4.2,,1.4,82,-6.8,,3.704,7.408,,60,,,0,,,,,,,0,og-post,,,,AAXX 27074 07591 24/// /0602 11042 21068 39014 48338 53014 700// 333 60005 90710 91104=
07591,2009-01-27 08:00:00,-4,,1.9,81,-6.8,,3.704,11.112,,20,,,0,,,,,,,0,og-post,,,,AAXX 27084 07591 24/// /0202 11040 21068 39019 48342 51019 700// 333 60005 90710 91106=
07591,2009-01-27 09:00:00,0.2,,1.9,62,-6.2,,,7.408,,,,,0,0,,,,,,0,og-post,,,,AAXX 27094 07591 24/// /0000 10002 21062 39026 48356 52019 700// 333 60007 90710 91104 555 60005=
07591,2009-01-27 10:00:00,1.4,,1.5,59,-5.7,,3.704,7.408,,70,,,0,,,,,,,0,og-post,,,,AAXX 27104 07591 24/// /0702 10014 21057 39029 48361 51015 700// 333 60005 90710 91104=
07591,2009-01-27 11:00:00,5,,0.9,49,-4.8,,3.704,7.408,,180,,,0,,,,,,,0,og-post,,,,AAXX 27114 07591 24/// /1802 10050 21048 39028 48366 50009 700// 333 60005 90710 91104=
07591,2009-01-27 12:00:00,4.1,,0.1,54,-4.4,,7.408,11.112,,190,,,0,0,,,,,,0,og-post,,,,AAXX 27124 07591 04/// /1904 10041 21044 39027 48364 50001 60001 700// 333 60007 90710 91106 555 60005=
07591,2009-01-27 13:00:00,5.5,,-0.4,53,-3.3,,7.408,14.816,,170,,,0,,,,,,,0,og-post,,,,AAXX 27134 07591 24/// /1704 10055 21033 39025 48364 58004 700// 333 60005 90710 91108=
07591,2009-01-27 14:00:00,5.7,,-0.1,50,-3.9,,7.408,18.52,,210,,,0,,,,,,,0,og-post,,,,AAXX 27144 07591 24/// /2104 10057 21039 39027 48366 55001 700// 333 60005 90710 91110=
07591,2009-01-27 15:00:00,5.1,,0.1,54,-3.4,,7.408,18.52,,210,,,0,0,,,,,,0,og-post,,,,AAXX 27154 07591 24/// /2104 10051 21034 39028 48366 53001 700// 333 60007 90710 91110 555 60005=
07591,2009-01-27 16:00:00,3,,1,62,-3.6,,7.408,18.52,,210,,,0,,,,,,,0,og-post,,,,AAXX 27164 07591 24/// /2104 10030 21036 39035 48369 53010 700// 333 60005 90710 91110=
07591,2009-01-27 17:00:00,1.5,,1.4,69,-3.6,,,11.112,,,,,0,,,,,,,0,og-post,,,,AAXX 27174 07591 24/// /0000 10015 21036 39041 48371 53014 700// 333 60005 90710 91106=
07591,2009-01-27 18:00:00,0.1,,2.1,76,-3.6,,3.704,7.408,,330,-4.4,6.3,0,0,,,,,,0,og-post,,,,AAXX 27184 07591 04/// /3302 10001 21036 39049 48376 53021 60002 700// 333 10063 21044 60007 90710 91104 555 60005=
07591,2009-01-27 19:00:00,-1.5,,2,79,-4.7,,3.704,11.112,,20,,,0,,,,,,,0,og-post,,,,AAXX 27194 07591 24/// /0202 11015 21047 39055 48378 52020 700// 333 60005 90710 91106=
07591,2009-01-27 20:00:00,-2.4,,1.5,81,-5.2,,7.408,11.112,,70,,,0,,,,,,,0,og-post,,,,AAXX 27204 07591 24/// /0704 11024 21052 39056 48377 51015 700// 333 60005 90710 91106=
07591,2009-01-27 21:00:00,-3.5,,0.9,85,-5.6,,3.704,11.112,,330,,,0,0,,,,,,0,og-post,,,,AAXX 27214 07591 24/// /3302 11035 21056 39058 48377 51009 700// 333 60007 90710 91106 555 60005=
07591,2009-01-27 22:00:00,-4.1,,1,87,-5.9,,,7.408,,,,,0,,,,,,,0,og-post,,,,AAXX 27224 07591 24/// /0000 11041 21059 39065 48382 53010 700// 333 60005 90710 91104=
07591,2009-01-27 23:00:00,-4.9,,1.2,88,-6.6,,3.704,3.704,,350,,,0,,,,,,,0,og-post,,,,AAXX 27234 07591 24/// /3502 11049 21066 39068 48383 53012 700// 333 60005 90710 91102=
07591,2009-01-28 00:00:00,-4.6,,1.1,84,-6.9,,3.704,11.112,,30,,,0,0,,,,,,0,og-post,,,,AAXX 28004 07591 04/// /0302 11046 21069 39069 48384 51011 60001 700// 333 60007 90710 91106 555 60005=
07591,2009-01-28 01:00:00,-5.7,,0.7,87,-7.5,,3.704,11.112,,320,,,0,,,,,,,0,og-post,,,,AAXX 28014 07591 24/// /3202 11057 21075 39072 48385 52007 700// 333 60005 90710 91106=
07591,2009-01-28 02:00:00,-5.6,,0.7,81,-8.3,,3.704,11.112,,190,,,0,,,,,,,0,og-post,,,,AAXX 28024 07591 24/// /1902 11056 21083 39075 48387 53007 700// 333 60005 90710 91106=
07591,2009-01-28 03:00:00,-6.8,,0.6,83,-9.2,,3.704,11.112,,50,,,0,0,,,,,,0,og-post,,,,AAXX 28034 07591 24/// /0502 11068 21092 39075 48385 51006 700// 333 60007 90710 91106 555 60005=
07591,2009-01-28 04:00:00,-7,,0.3,79,-10,,7.408,18.52,,40,,,0,,,,,,,0,og-post,,,,AAXX 28044 07591 24/// /0404 11070 21100 39075 48385 51003 700// 333 60005 90710 91110=
07591,2009-01-28 05:00:00,-7.6,,0.1,80,-10.4,,7.408,11.112,,20,,,0,,,,,,,0,og-post,,,,AAXX 28054 07591 24/// /0204 11076 21104 39076 48384 53001 700// 333 60005 90710 91106=
07591,2009-01-28 06:00:00,-7.9,,0.2,77,-11.2,,7.408,11.112,,40,-7.9,0,0,0,,,0,6,-5,0,og-post,,,,AAXX 28064 07591 04/// /0404 11079 21112 39077 48385 53002 60002 700// 333 10000 21079 3/105 55060 60007 70000 90710 91106 555 60005=
07591,2009-01-28 07:00:00,-8.4,,0.3,78,-11.5,,7.408,18.52,,30,,,0,,,,,,,0,og-post,,,,AAXX 28074 07591 24/// /0304 11084 21115 39078 48384 52003 700// 333 60005 90710 91110=
07591,2009-01-28 08:00:00,-8.4,,0.5,78,-11.5,,3.704,18.52,,10,,,0,,,,,,,0,og-post,,,,AAXX 28084 07591 24/// /0102 11084 21115 39081 48387 53005 700// 333 60005 90710 91110=
07591,2009-01-28 09:00:00,-4.9,,0.3,66,-10.2,,3.704,18.52,,60,,,0,0,,,,,,0,og-post,,,,AAXX 28094 07591 24/// /0602 11049 21102 39080 48393 50003 700// 333 60007 90710 91110 555 60005=
07591,2009-01-28 10:00:00,-2.1,,0.1,54,-10.1,,3.704,7.408,,80,,,0,,,,,,,0,og-post,,,,AAXX 28104 07591 24/// /0802 11021 21101 39079 48397 50001 700// 333 60005 90710 91104=
07591,2009-01-28 11:00:00,0.7,,-0.6,47,-9.3,,3.704,7.408,,140,,,0,,,,,,,0,og-post,,,,AAXX 28114 07591 24/// /1402 10007 21093 39075 48399 58006 700// 333 60005 90710 91104=
07591,2009-01-28 12:00:00,2,,-1,44,-8.9,,3.704,7.408,,180,,,0,0,,,,,,0,og-post,,,,AAXX 28124 07591 04/// /1802 10020 21089 39070 48398 58010 60001 700// 333 60007 90710 91104 555 60005=
07591,2009-01-28 13:00:00,2.4,,-1.1,46,-8,,7.408,14.816,,210,,,0,,,,,,,0,og-post,,,,AAXX 28134 07591 24/// /2104 10024 21080 39068 48397 56011 700// 333 60005 90710 91108=
07591,2009-01-28 14:00:00,3.2,,-0.6,47,-7,,7.408,11.112,,180,,,0,,,,,,,0,og-post,,,,AAXX 28144 07591 24/// /1804 10032 21070 39069 48399 55006 700// 333 60005 90710 91106=
07591,2009-01-28 15:00:00,3.8,,0.2,49,-5.9,,3.704,14.816,,190,,,0,0,,,,,,0,og-post,,,,AAXX 28154 07591 24/// /1902 10038 21059 39072 48403 53002 700// 333 60007 90710 91108 555 60005=
07591,2009-01-28 16:00:00,3,,1,51,-6.1,,3.704,14.816,,210,,,0,,,,,,,0,og-post,,,,AAXX 28164 07591 24/// /2102 10030 21061 39078 48407 53010 700// 333 60005 90710 91108=
07591,2009-01-28 17:00:00,-1,,1,69,-5.9,,3.704,11.112,,10,,,0,,,,,,,0,og-post,,,,AAXX 28174 07591 24/// /0102 11010 21059 39079 48400 51010 700// 333 60005 90710 91106=
07591,2009-01-28 18:00:00,-2.8,,1.1,75,-6.6,,3.704,11.112,,40,-8.5,4,0,0,,,,,,0,og-post,,,,AAXX 28184 07591 04/// /0402 11028 21066 39083 48400 51011 60002 700// 333 10040 21085 60007 90710 91106 555 60005=
07591,2009-01-28 19:00:00,-3.6,,0.7,77,-7,,7.408,11.112,,50,,,0,,,,,,,0,og-post,,,,AAXX 28194 07591 24/// /0504 11036 21070 39085 48400 53007 700// 333 60005 90710 91106=
07591,2009-01-28 20:00:00,-4.6,,0.8,79,-7.7,,,14.816,,,,,0,,,,,,,0,og-post,,,,AAXX 28204 07591 24/// /0000 11046 21077 39087 48400 51008 700// 333 60005 90710 91108=
07591,2009-01-28 21:00:00,-5.4,,0.9,84,-7.7,,3.704,7.408,,320,,,0,0,,,,,,0,og-post,,,,AAXX 28214 07591 24/// /3202 11054 21077 39092 48402 53009 700// 333 60007 90710 91104 555 60005=
07591,2009-01-28 22:00:00,-5.7,,0.7,84,-8,,3.704,7.408,,90,,,0,,,,,,,0,og-post,,,,AAXX 28224 07591 24/// /0902 11057 21080 39092 48402 51007 700// 333 60005 90710 91104=
07591,2009-01-28 23:00:00,-6.3,,0.8,84,-8.5,,3.704,7.408,,60,,,0,,,,,,,0,og-post,,,,AAXX 28234 07591 24/// /0602 11063 21085 39095 48403 51008 700// 333 60005 90710 91104=
07591,2009-01-29 00:00:00,-6.9,,0.6,84,-9.1,,3.704,7.408,,40,,,0,0,,,,,,0,og-post,,,,AAXX 29004 07591 04/// /0402 11069 21091 39098 48404 53006 60001 700// 333 60007 90710 91104 555 60005=
07591,2009-01-29 01:00:00,-7.4,,0.8,84,-9.6,,,7.408,,,,,0,,,,,,,0,og-post,,,,AAXX 29014 07591 24/// /0000 11074 21096 39100 48405 51008 700// 333 60005 90710 91104=
07591,2009-01-29 02:00:00,-7.2,,0.5,78,-10.4,,11.112,14.816,,40,,,0,,,,,,,0,og-post,,,,AAXX 29024 07591 24/// /0406 11072 21104 39100 48405 51005 700// 333 60005 90710 91108=
07591,2009-01-29 03:00:00,-7.3,,-0.1,73,-11.3,,11.112,18.52,,70,,,0,0,,,,,,0,og-post,,,,AAXX 29034 07591 24/// /0706 11073 21113 39097 48403 58001 700// 333 60007 90710 91110 555 60005=
07591,2009-01-29 04:00:00,-8.8,,-0,82,-11.3,,3.704,11.112,,340,,,0,,,,,,,0,og-post,,,,AAXX 29044 07591 24/// /3402 11088 21113 39100 48402 55000 700// 333 60005 90710 91106=
07591,2009-01-29 05:00:00,-8.8,,0.3,82,-11.3,,3.704,7.408,,10,,,0,,,,,,,0,og-post,,,,AAXX 29054 07591 24/// /0102 11088 21113 39103 48405 53003 700// 333 60005 90710 91104=
07591,2009-01-29 06:00:00,-8.6,,0.7,75,-12.2,,11.112,22.224,,40,-9,-2.8,0,0,,,0,8,-6,0,og-post,,,,AAXX 29064 07591 04/// /0406 11086 21122 39104 48406 51007 60002 700// 333 11028 21090 3/106 55080 60007 70000 90710 91112 555 60005=
07591,2009-01-29 07:00:00,-7.7,,0.5,68,-12.6,,14.816,25.928,,50,,,0,,,,,,,0,og-post,,,,AAXX 29074 07591 24/// /0508 11077 21126 39105 48409 51005 700// 333 60005 90710 91114=
07591,2009-01-29 08:00:00,-6.8,,0.3,66,-12.1,,14.816,25.928,,50,,,0,,,,,,,0,og-post,,,,AAXX 29084 07591 24/// /0508 11068 21121 39106 48411 52003 700// 333 60005 90710 91114=
07591,2009-01-29 09:00:00,-3.5,,0.6,54,-11.4,,11.112,29.632,,80,,,0,0,,,,,,0,og-post,,,,AAXX 29094 07591 24/// /0806 11035 21114 39110 48421 53006 700// 333 60007 90710 91116 555 60005=
07591,2009-01-29 10:00:00,-0.1,,0.8,47,-10,,7.408,14.816,,100,,,0,,,,,,,0,og-post,,,,AAXX 29104 07591 24/// /1004 11001 21100 39113 48431 53008 700// 333 60005 90710 91108=
07591,2009-01-29 11:00:00,2.3,,0.6,42,-9.3,,3.704,11.112,,140,,,0,,,,,,,0,og-post,,,,AAXX 29114 07591 24/// /1402 10023 21093 39112 48435 50006 700// 333 60005 90710 91106=
07591,2009-01-29 12:00:00,3.5,,-0.2,35,-10.5,,7.408,7.408,,90,,,0,0,,,,,,0,og-post,,,,AAXX 29124 07591 04/// /0904 10035 21105 39108 48434 58002 60001 700// 333 60007 90710 91104 555 60005=
07591,2009-01-29 13:00:00,6.3,,-0.7,31,-9.6,,3.704,7.408,,170,,,0,,,,,,,0,og-post,,,,AAXX 29134 07591 24/// /1702 10063 21096 39106 48438 58007 700// 333 60005 90710 91104=
07591,2009-01-29 14:00:00,6.4,,-0.6,32,-9.1,,7.408,7.408,,180,,,0,,,,,,,0,og-post,,,,AAXX 29144 07591 24/// /1804 10064 21091 39106 48438 56006 700// 333 60005 90710 91104=
07591,2009-01-29 15:00:00,6.4,,0.2,31,-9.5,,3.704,11.112,,200,,,0,0,,,,,,0,og-post,,,,AAXX 29154 07591 24/// /2002 10064 21095 39110 48441 53002 700// 333 60007 90710 91106 555 60005=
07591,2009-01-29 16:00:00,4.7,,0.7,35,-9.4,,3.704,7.408,,40,,,0,,,,,,,0,og-post,,,,AAXX 29164 07591 24/// /0402 10047 21094 39113 48441 53007 700// 333 60005 90710 91104=
07591,2009-01-29 17:00:00,1,,1.1,52,-7.7,,3.704,7.408,,360,,,0,,,,,,,0,og-post,,,,AAXX 29174 07591 24/// /3602 10010 21077 39117 48437 52011 700// 333 60005 90710 91104=
07591,2009-01-29 18:00:00,-0.1,,1.1,55,-8,,11.112,18.52,,40,-8.6,7,0,0,,,,,,0,og-post,,,,AAXX 29184 07591 04/// /0406 11001 21080 39121 48438 53011 60002 700// 333 10070 21086 60007 90710 91110 555 60005=
07591,2009-01-29 19:00:00,-1.3,,1.1,60,-8,,7.408,18.52,,70,,,0,,,,,,,0,og-post,,,,AAXX 29194 07591 24/// /0704 11013 21080 39124 48438 51011 700// 333 60005 90710 91110=
07591,2009-01-29 20:00:00,-1.5,,1,59,-8.4,,11.112,14.816,,40,,,0,,,,,,,0,og-post,,,,AAXX 29204 07591 24/// /0406 11015 21084 39127 48440 51010 700// 333 60005 90710 91108=
07591,2009-01-29 21:00:00,-2.2,,0.9,62,-8.5,,11.112,18.52,,40,,,0,0,,,,,,0,og-post,,,,AAXX 29214 07591 24/// /0406 11022 21085 39130 48441 52009 700// 333 60007 90710 91110 555 60005=
07591,2009-01-29 22:00:00,-2.2,,0.6,61,-8.7,,7.408,22.224,,50,,,0,,,,,,,0,og-post,,,,AAXX 29224 07591 24/// /0504 11022 21087 39130 48441 51006 700// 333 60005 90710 91112=
07591,2009-01-29 23:00:00,-3.9,,0.6,70,-8.5,,7.408,11.112,,60,,,0,,,,,,,0,og-post,,,,AAXX 29234 07591 24/// /0604 11039 21085 39133 48440 52006 700// 333 60005 90710 91106=
07591,2009-01-30 00:00:00,-3,,0.1,62,-9.2,,14.816,22.224,,60,,,0,0,,,,,,0,og-post,,,,AAXX 30004 07591 04/// /0608 11030 21092 39131 48440 50001 60001 700// 333 60007 90710 91112 555 60005=
07591,2009-01-30 01:00:00,-3.6,,0.1,64,-9.4,,7.408,22.224,,60,,,0,,,,,,,0,og-post,,,,AAXX 30014 07591 24/// /0604 11036 21094 39131 48439 51001 700// 333 60005 90710 91112=
07591,2009-01-30 02:00:00,-4.9,,0.1,71,-9.3,,3.704,11.112,,60,,,0,,,,,,,0,og-post,,,,AAXX 30024 07591 24/// /0602 11049 21093 39134 48439 53001 700// 333 60005 90710 91106=
07591,2009-01-30 03:00:00,-5.6,,0.5,71,-10,,7.408,14.816,,60,,,0,0,,,,,,0,og-post,,,,AAXX 30034 07591 24/// /0604 11056 21100 39136 48439 53005 700// 333 60007 90710 91108 555 60005=
07591,2009-01-30 05:00:00,-5.3,,0.2,69,-10.1,,14.816,22.224,,40,,,0,,,,,,,0,og-post,,,,AAXX 30054 07591 24/// /0408 11053 21101 39136 48440 50002 700// 333 60005 90710 91112=
07591,2009-01-30 06:00:00,-4.8,,-0.1,67,-10,,14.816,25.928,,50,-6.1,-0.1,0,0,,,0,8.1,-5,0,og-post,,,,AAXX 30064 07591 04/// /0508 11048 21100 39135 48440 58001 60002 700// 333 11001 21061 3/105 55081 60007 70000 90710 91114 555 60005=
07591,2009-01-30 07:00:00,-4.8,,-0.1,67,-10,,11.112,22.224,,50,,,0,,,,,,,0,og-post,,,,AAXX 30074 07591 24/// /0506 11048 21100 39137 48442 55001 700// 333 60005 90710 91112=
07591,2009-01-30 08:00:00,-4.6,,0.4,66,-10,,11.112,18.52,,80,,,0,,,,,,,0,og-post,,,,AAXX 30084 07591 24/// /0806 11046 21100 39140 48445 53004 700// 333 60005 90710 91110=
07591,2009-01-30 09:00:00,-2.1,,0.7,56,-9.7,,7.408,14.816,,210,,,0,0,,,,,,0,og-post,,,,AAXX 30094 07591 24/// /2104 11021 21097 39142 48452 52007 700// 333 60007 90710 91108 555 60005=
07591,2009-01-30 10:00:00,1.5,,0.8,46,-8.8,,3.704,11.112,,180,,,0,,,,,,,0,og-post,,,,AAXX 30104 07591 24/// /1802 10015 21088 39145 48462 52008 700// 333 60005 90710 91106=
07591,2009-01-30 11:00:00,4.3,,0.3,40,-8.1,,3.704,7.408,,90,,,0,,,,,,,0,og-post,,,,AAXX 30114 07591 24/// /0902 10043 21081 39143 48466 50003 700// 333 60005 90710 91104=
07591,2009-01-30 12:00:00,6.8,,-0.4,32,-8.7,,3.704,7.408,,200,,,0,0,,,,,,0,og-post,,,,AAXX 30124 07591 04/// /2002 10068 21087 39138 48467 58004 60001 700// 333 60007 90710 91104 555 60005=
07591,2009-01-30 13:00:00,7.3,,-1.3,36,-6.8,,3.704,11.112,,230,,,0,,,,,,,0,og-post,,,,AAXX 30134 07591 24/// /2302 10073 21068 39132 48463 58013 700// 333 60005 90710 91106=
07591,2009-01-30 14:00:00,8,,-1.3,31,-8.1,,3.704,11.112,,200,,,0,,,,,,,0,og-post,,,,AAXX 30144 07591 24/// /2002 10080 21081 39130 48463 56013 700// 333 60005 90710 91106=
07591,2009-01-30 15:00:00,7.8,,-1,33,-7.4,,3.704,7.408,,150,,,0,0,,,,,,0,og-post,,,,AAXX 30154 07591 24/// /1502 10078 21074 39128 48460 56010 700// 333 60007 90710 91104 555 60005=
07591,2009-01-30 16:00:00,7.4,,-0.2,38,-6,,3.704,7.408,,330,,,0,,,,,,,0,og-post,,,,AAXX 30164 07591 24/// /3302 10074 21060 39130 48461 55002 700// 333 60005 90710 91104=
07591,2009-01-30 17:00:00,2.1,,0.2,55,-6,,7.408,11.112,,10,,,0,,,,,,,0,og-post,,,,AAXX 30174 07591 24/// /0104 10021 21060 39132 48452 53002 700// 333 60005 90710 91106=
07591,2009-01-30 18:00:00,0.4,,0.8,62,-6,,3.704,11.112,,50,-5.1,8.8,0,0,,,,,,0,og-post,,,,AAXX 30184 07591 04/// /0502 10004 21060 39136 48452 53008 60002 700// 333 10088 21051 60007 90710 91106 555 60005=
07591,2009-01-30 19:00:00,-0.6,,0.6,64,-6.5,,11.112,18.52,,30,,,0,,,,,,,0,og-post,,,,AAXX 30194 07591 24/// /0306 11006 21065 39136 48450 51006 700// 333 60005 90710 91110=
07591,2009-01-30 20:00:00,-1.4,,0.2,66,-6.9,,7.408,22.224,,30,,,0,,,,,,,0,og-post,,,,AAXX 30204 07591 24/// /0304 11014 21069 39134 48447 50002 700// 333 60005 90710 91112=
07591,2009-01-30 21:00:00,0.3,,-0.4,56,-7.4,,18.52,31.484,,30,,,0,0,,,,,,0,og-post,,,,AAXX 30214 07591 24/// /0310 10003 21074 39132 48448 58004 700// 333 60007 90710 91117 555 60005=
07591,2009-01-30 22:00:00,-1.9,,-0.6,64,-7.8,,11.112,25.928,,50,,,0,,,,,,,0,og-post,,,,AAXX 30224 07591 24/// /0506 11019 21078 39130 48442 57006 700// 333 60005 90710 91114=
07591,2009-01-30 23:00:00,-0.3,,-0.6,55,-8.2,,18.52,29.632,,30,,,0,,,,,,,0,og-post,,,,AAXX 30234 07591 24/// /0310 11003 21082 39128 48444 57006 700// 333 60005 90710 91116=
07591,2009-01-31 00:00:00,-2.4,,-0.5,62,-8.7,,11.112,18.52,,30,,,0,0,,,,,,0,og-post,,,,AAXX 31004 07591 04/// /0306 11024 21087 39127 48438 56005 60001 700// 333 60007 90710 91110 555 60005=
07591,2009-01-31 01:00:00,-2.5,,-0.9,60,-9.2,,14.816,22.224,,40,,,0,,,,,,,0,og-post,,,,AAXX 31014 07591 24/// /0408 11025 21092 39121 48433 58009 700// 333 60005 90710 91112=
07591,2009-01-31 02:00:00,-2.9,,-0.7,62,-9.1,,14.816,25.928,,50,,,0,,,,,,,0,og-post,,,,AAXX 31024 07591 24/// /0508 11029 21091 39121 48432 56007 700// 333 60005 90710 91114=
07591,2009-01-31 03:00:00,-1.9,,-0.5,56,-9.5,,18.52,29.632,,30,,,0,0,,,,,,0,og-post,,,,AAXX 31034 07591 24/// /0310 11019 21095 39122 48435 55005 700// 333 60007 90710 91116 555 60005=
07591,2009-01-31 04:00:00,-2.5,,-0.7,58,-9.6,,18.52,29.632,,30,,,0,,,,,,,0,og-post,,,,AAXX 31044 07591 24/// /0310 11025 21096 39114 48427 58007 700// 333 60005 90710 91116=
07591,2009-01-31 05:00:00,-2.3,,-1.8,56,-9.9,,22.224,38.892,,30,,,0,,,,,,,0,og-post,,,,AAXX 31054 07591 24/// /0312 11023 21099 39103 48418 58018 700// 333 60005 90710 91121=
07591,2009-01-31 06:00:00,-1.7,,-1.9,52,-10.2,,18.52,31.484,,20,-3.3,0.4,0,0,,,0,8.1,-4,0,og-post,,,,AAXX 31064 07591 04/// /0210 11017 21102 39103 48419 56019 60002 700// 333 10004 21033 3/104 55081 60007 70000 90710 91117 555 60005=
07591,2009-01-31 07:00:00,-3.1,,-1.2,56,-10.6,,14.816,35.188,,50,,,0,,,,,,,0,og-post,,,,AAXX 31074 07591 24/// /0508 11031 21106 39102 48415 56012 700// 333 60005 90710 91119=
07591,2009-01-31 08:00:00,-3.9,,-0.2,59,-10.7,,14.816,31.484,,50,,,0,,,,,,,0,og-post,,,,AAXX 31084 07591 24/// /0508 11039 21107 39101 48413 58002 700// 333 60005 90710 91117=
07591,2009-01-31 09:00:00,-1,,-0.4,49,-10.3,,14.816,25.928,,40,,,0,0,,,,,,0,og-post,,,,AAXX 31094 07591 24/// /0408 11010 21103 39099 48417 58004 700// 333 60007 90710 91114 555 60005=
07591,2009-01-31 10:00:00,0.5,,-0.5,45,-10,,22.224,31.484,,40,,,0,,,,,,,0,og-post,,,,AAXX 31104 07591 24/// /0412 10005 21100 39097 48418 58005 700// 333 60005 90710 91117=
07591,2009-01-31 11:00:00,2.3,,-1.1,39,-10.2,,14.816,29.632,,30,,,0,,,,,,,0,og-post,,,,AAXX 31114 07591 24/// /0308 10023 21102 39090 48416 58011 700// 333 60005 90710 91116=
07591,2009-01-31 12:00:00,4.8,,-1.4,37,-8.6,,3.704,25.928,,90,,,0,0,,,,,,0,og-post,,,,AAXX 31124 07591 04/// /0902 10048 21086 39085 48416 58014 60001 700// 333 60007 90710 91114 555 60005=
07591,2009-01-31 13:00:00,4.9,,-2,36,-8.9,,3.704,7.408,,170,,,0,,,,,,,0,og-post,,,,AAXX 31134 07591 24/// /1702 10049 21089 39077 48409 58020 700// 333 60005 90710 91104=
07591,2009-01-31 14:00:00,5.5,,-1.9,33,-9.5,,3.704,7.408,,170,,,0,,,,,,,0,og-post,,,,AAXX 31144 07591 24/// /1702 10055 21095 39071 48405 58019 700// 333 60005 90710 91104=
07591,2009-01-31 15:00:00,5.5,,-1.8,37,-8,,,3.704,,,,,0,0,,,,,,0,og-post,,,,AAXX 31154 07591 24/// /0000 10055 21080 39067 48402 56018 700// 333 60007 90710 91102 555 60005=
07591,2009-01-31 16:00:00,4.3,,-1.2,41,-7.8,,7.408,7.408,,40,,,0,,,,,,,0,og-post,,,,AAXX 31164 07591 24/// /0404 10043 21078 39065 48397 56012 700// 333 60005 90710 91104=
07591,2009-01-31 17:00:00,2.2,,-0.5,57,-5.4,,3.704,7.408,,10,,,0,,,,,,,0,og-post,,,,AAXX 31174 07591 24/// /0102 10022 21054 39066 48395 55005 700// 333 60005 90710 91104=
07591,2009-01-31 18:00:00,1.1,,-0.5,61,-5.6,,3.704,11.112,,10,-4.1,6.8,0,0,,,,,,0,og-post,,,,AAXX 31184 07591 04/// /0102 10011 21056 39062 48389 58005 60002 700// 333 10068 21041 60007 90710 91106 555 60005=
07591,2009-01-31 19:00:00,0.8,,-0.6,62,-5.6,,11.112,18.52,,40,,,0,,,,,,,0,og-post,,,,AAXX 31194 07591 24/// /0406 10008 21056 39059 48386 58006 700// 333 60005 90710 91110=
07591,2009-01-31 20:00:00,-0.2,,-0.6,68,-5.4,,3.704,18.52,,50,,,0,,,,,,,0,og-post,,,,AAXX 31204 07591 24/// /0502 11002 21054 39060 48385 55006 700// 333 60005 90710 91110=
07591,2009-01-31 21:00:00,-0.9,,-0.5,69,-5.9,,7.408,14.816,,80,,,0,0,,,,,,0,og-post,,,,AAXX 31214 07591 24/// /0804 11009 21059 39057 48381 57005 700// 333 60007 90710 91108 555 60005=
07591,2009-01-31 22:00:00,-1,,-0.7,67,-6.3,,7.408,14.816,,60,,,0,,,,,,,0,og-post,,,,AAXX 31224 07591 24/// /0604 11010 21063 39052 48376 58007 700// 333 60005 90710 91108=
07591,2009-01-31 23:00:00,-0.4,,-1,64,-6.4,,11.112,22.224,,40,,,0,,,,,,,0,og-post,,,,AAXX 31234 07591 24/// /0406 11004 21064 39050 48376 56010 700// 333 60005 90710 91112=
07591,2009-02-01 00:00:00,0.5,,-1.2,60,-6.3,,14.816,25.928,,20,,,0,0,,,,,,0,og-post,,,,AAXX 01004 07591 04/// /0208 10005 21063 39045 48373 57012 60001 700// 333 60007 90710 91114 555 60005=
07591,2009-02-01 01:00:00,0.5,,-1.4,60,-6.3,,22.224,31.484,,20,,,0,,,,,,,0,og-post,,,,AAXX 01014 07591 24/// /0212 10005 21063 39038 48367 58014 700// 333 60005 90710 91117=
07591,2009-02-01 02:00:00,0.5,,-1.7,60,-6.3,,22.224,31.484,,10,,,0,,,,,,,0,og-post,,,,AAXX 01024 07591 24/// /0112 10005 21063 39033 48362 57017 700// 333 60005 90710 91117=
07591,2009-02-01 03:00:00,0.1,,-1.7,61,-6.5,,18.52,38.892,,20,,,0,0,,,,,,0,og-post,,,,AAXX 01034 07591 24/// /0210 10001 21065 39028 48357 56017 700// 333 60007 90710 91121 555 60005=
07591,2009-02-01 04:00:00,0.1,,-1.4,60,-6.7,,18.52,35.188,,20,,,0,,,,,,,0,og-post,,,,AAXX 01044 07591 24/// /0210 10001 21067 39024 48354 56014 700// 333 60005 90710 91119=
07591,2009-02-01 05:00:00,0,,-1.1,61,-6.6,,14.816,31.484,,20,,,0,,,,,,,0,og-post,,,,AAXX 01054 07591 24/// /0208 10000 21066 39022 48352 56011 700// 333 60005 90710 91117=
07591,2009-02-01 06:00:00,-0.3,,-1,59,-7.3,,22.224,31.484,,20,-1.2,1.1,0,0,,,0,4.5,-2,0,og-post,,,,AAXX 01064 07591 04/// /0212 11003 21073 39018 48348 57010 60002 700// 333 10011 21012 3/102 55045 60007 70000 90710 91117 555 60005=
07591,2009-02-01 07:00:00,-0.4,,-0.8,61,-7,,25.928,35.188,,20,,,0,,,,,,,0,og-post,,,,AAXX 01074 07591 24/// /0214 11004 21070 39016 48346 57008 700// 333 60005 90710 91119=
07591,2009-02-01 08:00:00,0,,-0.7,59,-7,,29.632,50.004,,10,,,0,,,,,,,0,og-post,,,,AAXX 01084 07591 24/// /0116 10000 21070 39015 48346 56007 700// 333 60005 90710 91127=
07591,2009-02-01 09:00:00,0.8,,-0.5,56,-7,,29.632,46.3,,20,,,0,0,,,,,,0,og-post,,,,AAXX 01094 07591 24/// /0216 10008 21070 39013 48345 57005 700// 333 60007 90710 91125 555 60005=
07591,2009-02-01 10:00:00,1.8,,-0,53,-6.7,,22.224,46.3,,20,,,0,,,,,,,0,og-post,,,,AAXX 01104 07591 24/// /0212 10018 21067 39016 48350 55000 700// 333 60005 90710 91125=
07591,2009-02-01 11:00:00,2.6,,-0.2,52,-6.2,,25.928,35.188,,20,,,0,,,,,,,0,og-post,,,,AAXX 01114 07591 24/// /0214 10026 21062 39013 48348 58002 700// 333 60005 90710 91119=
07591,2009-02-01 12:00:00,3.2,,-0.5,51,-5.9,,22.224,42.596,,10,,,0,0,,,,,,0,og-post,,,,AAXX 01124 07591 04/// /0112 10032 21059 39008 48345 58005 60001 700// 333 60007 90710 91123 555 60005=
07591,2009-02-01 13:00:00,3.5,,-1.6,50,-5.9,,29.632,42.596,,10,,,0,,,,,,,0,og-post,,,,AAXX 01134 07591 24/// /0116 10035 21059 39000 48338 58016 700// 333 60005 90710 91123=
07591,2009-02-01 14:00:00,7.2,,-1.1,83,4.5,,4,22.224,,210,,,0,,,,,,,0,ogimet,,,,
07591,2009-02-01 15:00:00,3.4,,-1.2,53,-5.3,,22.224,42.596,,10,,,0,0,,,,,,0,og-post,,,,AAXX 01154 07591 24/// /0112 10034 21053 38996 48335 55012 700// 333 60007 90710 91123 555 60005=
07591,2009-02-01 16:00:00,2.3,,-0.2,61,-4.4,,29.632,42.596,,10,,,0,,,,,,,0,og-post,,,,AAXX 01164 07591 24/// /0116 10023 21044 38998 48335 55002 700// 333 60005 90710 91123=
07591,2009-02-01 17:00:00,1.8,,0.7,60,-5.1,,29.632,50.004,,10,,,0,,,,,,,0,synop_v4,,,,
07591,2009-02-01 18:00:00,1.9,,1,57,-5.7,,31.484,53.708,53.708,20,-0.6,3.6,0,0,,,,,,0,og-post,,,,AAXX 01184 07591 04/// /0217 10019 21057 39006 48341 53010 60002 700// 333 10036 21006 60007 91029 90710 91129 555 60005=
07591,2009-02-01 19:00:00,1.7,,0.7,56,-6.1,,31.484,53.708,,30,,,0,,,,,,,0,og-post,,,,AAXX 01194 07591 24/// /0317 10017 21061 39005 48340 50007 700// 333 60005 90710 91129=
07591,2009-02-01 20:00:00,1.5,,0.3,56,-6.3,,31.484,61.116,57.412,20,,,0,,,,,,,0,og-post,,,,AAXX 01204 07591 24/// /0217 10015 21063 39003 48338 50003 700// 333 60005 91031 90710 91133=
07591,2009-02-01 21:00:00,1.3,,-0.2,54,-7,,42.596,68.524,68.524,10,,,0,0,,,,,,0,og-post,,,,AAXX 01214 07591 24/// /0123 10013 21070 39004 48338 55002 700// 333 60007 91037 90710 91137 555 60005=
07591,2009-02-01 22:00:00,1.4,,-0.3,53,-7.1,,38.892,83.34,61.116,20,,,0,,,,,,,0,og-post,,,,AAXX 01224 07591 24/// /0221 10014 21071 39002 48337 57003 700// 333 60005 91033 90710 91145=
07591,2009-02-01 23:00:00,1.6,,0.4,51,-7.4,,46.3,68.524,68.524,10,,,0,,,,,,,0,og-post,,,,AAXX 01234 07591 24/// /0125 10016 21074 39007 48341 53004 700// 333 60005 91037 90710 91137=
07591,2009-02-02 00:00:00,1.5,,0,52,-7.3,,38.892,72.228,68.524,10,,,0,0,,,,,,0,og-post,,,,AAXX 02004 07591 04/// /0121 10015 21073 39004 48339 50000 60001 700// 333 60007 91037 90710 91139 555 60005=
07591,2009-02-02 01:00:00,1.4,,0,52,-7.4,,35.188,68.524,61.116,10,,,0,,,,,,,0,og-post,,,,AAXX 02014 07591 24/// /0119 10014 21074 39002 48337 50000 700// 333 60005 91033 90710 91137=
07591,2009-02-02 02:00:00,1.7,,-1.4,51,-7.3,,38.892,79.636,79.636,10,,,0,,,,,,,0,og-post,,,,AAXX 02024 07591 24/// /0121 10017 21073 38993 48329 58014 700// 333 60005 91043 90710 91143=
07591,2009-02-02 03:00:00,1.9,,-1.8,51,-7.1,,46.3,83.34,75.932,10,,,0,0,,,,,,0,og-post,,,,AAXX 02034 07591 24/// /0125 10019 21071 38986 48323 58018 700// 333 60007 91041 90710 91145 555 60005=
07591,2009-02-02 04:00:00,1.8,,-1.9,52,-7,,46.3,83.34,75.932,10,,,0,,,,,,,0,og-post,,,,AAXX 02044 07591 24/// /0125 10018 21070 38983 48320 56019 700// 333 60005 91041 90710 91145=
07591,2009-02-02 05:00:00,2.1,,-1.2,50,-7.2,,50.004,83.34,72.228,360,,,0,,,,,,,0,og-post,,,,AAXX 02054 07591 24/// /3627 10021 21072 38981 48319 56012 700// 333 60005 91039 90710 91145=
07591,2009-02-02 06:00:00,2.2,,-0.2,50,-7.1,,42.596,75.932,72.228,10,1.1,2.4,0,0,,,0,0,-2,0,og-post,,,,AAXX 02064 07591 04/// /0123 10022 21071 38984 48322 55002 60002 700// 333 10024 20011 3/102 55000 60007 70000 91039 90710 91141 555 60005=
07591,2009-02-02 07:00:00,2.1,,0.5,50,-7.2,,46.3,75.932,72.228,360,,,0,,,,,,,0,og-post,,,,AAXX 02074 07591 24/// /3625 10021 21072 38988 48325 53005 700// 333 60005 91039 90710 91141=
07591,2009-02-02 08:00:00,2.7,,1,48,-7.2,,42.596,75.932,,10,,,0,,,,,,,0,og-post,,,,AAXX 02084 07591 24/// /0123 10027 21072 38991 48329 52010 700// 333 60005 90710 91141=
07591,2009-02-02 09:00:00,3.3,,0.5,47,-6.9,,42.596,83.34,68.524,10,,,0,0,,,,,,0,og-post,,,,AAXX 02094 07591 24/// /0123 10033 21069 38989 48328 50005 700// 333 60007 91037 90710 91145 555 60005=
07591,2009-02-02 10:00:00,4.1,,-0.1,47,-6.2,,50.004,83.34,79.636,10,,,0,,,,,,,0,og-post,,,,AAXX 02104 07591 24/// /0127 10041 21062 38987 48328 58001 700// 333 60005 91043 90710 91145=
07591,2009-02-02 11:00:00,5,,-0.1,44,-6.2,,38.892,75.932,64.82,30,,,0,,,,,,,0,og-post,,,,AAXX 02114 07591 24/// /0321 10050 21062 38990 48332 55001 700// 333 60005 91035 90710 91141=
07591,2009-02-02 12:00:00,5,,-1.3,44,-6.2,,46.3,72.228,72.228,10,,,0,0,,,,,,0,og-post,,,,AAXX 02124 07591 04/// /0125 10050 21062 38976 48319 58013 60001 700// 333 60007 91039 90710 91139 555 60005=
07591,2009-02-02 13:00:00,5.3,,-1.2,45,-5.6,,38.892,64.82,61.116,10,,,0,,,,,,,0,og-post,,,,AAXX 02134 07591 24/// /0121 10053 21056 38975 48319 58012 700// 333 60005 91033 90710 91135=
07591,2009-02-02 14:00:00,5.3,,-1.7,47,-5.1,,35.188,72.228,64.82,10,,,0,,,,,,,0,og-post,,,,AAXX 02144 07591 24/// /0119 10053 21051 38973 48317 56017 700// 333 60005 91035 90710 91139=
07591,2009-02-02 15:00:00,4.7,,-0.3,53,-4,,38.892,57.412,57.412,10,,,0,0,,,,,,0,og-post,,,,AAXX 02154 07591 24/// /0121 10047 21040 38973 48316 56003 700// 333 60007 91031 90710 91131 555 60005=
07591,2009-02-02 16:00:00,3.6,,0.2,64,-2.6,,31.484,64.82,57.412,10,,,0,,,,,,,0,og-post,,,,AAXX 02164 07591 24/// /0117 10036 21026 38977 48318 53002 700// 333 60005 91031 90710 91135=
07591,2009-02-02 17:00:00,2.2,,0.8,78,-1.2,,42.596,68.524,68.524,360,,,0,,,,,,,60,og-post,,,,AAXX 02174 07591 24/// /3623 10022 21012 38981 48320 53008 760// 333 60005 91037 90710 91137=
07591,2009-02-02 18:00:00,2.1,,1.2,79,-1.2,,42.596,75.932,64.82,360,2,5.6,0,0,,,,,,21,og-post,,,,AAXX 02184 07591 04/// /3623 10021 21012 38985 48323 52012 60002 721// 333 10056 20020 60007 91035 90710 91141 555 60005=
07591,2009-02-02 19:00:00,1.9,,1.1,82,-0.8,,46.3,72.228,72.228,360,,,0,,,,,,,61,og-post,,,,AAXX 02194 07591 24/// /3625 10019 21008 38988 48325 51011 761// 333 60005 91039 90710 91139=
07591,2009-02-02 20:00:00,1.6,,1,83,-1,,42.596,75.932,64.82,360,,,0,,,,,,,61,og-post,,,,AAXX 02204 07591 24/// /3623 10016 21010 38991 48328 51010 761// 333 60005 91035 90710 91141=
07591,2009-02-02 21:00:00,2,,0.9,80,-1.1,,31.484,68.524,53.708,10,,,0,0,,,,,,52,og-post,,,,AAXX 02214 07591 24/// /0117 10020 21011 38994 48331 52009 752// 333 60007 91029 90710 91137 555 60005=
07591,2009-02-02 22:00:00,2.1,,1.2,78,-1.3,,29.632,61.116,53.708,20,,,0,,,,,,,21,og-post,,,,AAXX 02224 07591 24/// /0216 10021 21013 39000 48336 53012 721// 333 60005 91029 90710 91133=
07591,2009-02-02 23:00:00,2.1,,1.2,78,-1.3,,31.484,50.004,,30,,,0,,,,,,,21,og-post,,,,AAXX 02234 07591 24/// /0317 10021 21013 39003 48339 52012 721// 333 60005 90710 91127=
07591,2009-02-03 00:00:00,2.1,,0.4,77,-1.5,,25.928,46.3,,50,,,0,0,,,,,,21,og-post,,,,AAXX 03004 07591 04/// /0514 10021 21015 38998 48335 50004 60001 721// 333 60007 90710 91125 555 60005=
07591,2009-02-03 01:00:00,2.3,,-0.5,73,-2,,25.928,50.004,,40,,,0,,,,,,,0,og-post,,,,AAXX 03014 07591 24/// /0414 10023 21020 38995 48332 58005 700// 333 60005 90710 91127=
07591,2009-02-03 02:00:00,2.8,,-1,70,-2.1,,31.484,53.708,,10,,,0,,,,,,,0,og-post,,,,AAXX 03024 07591 24/// /0117 10028 21021 38993 48331 56010 700// 333 60005 90710 91129=
07591,2009-02-03 03:00:00,2.6,,-0.8,70,-2.3,,18.52,42.596,,40,,,0,0,,,,,,0,og-post,,,,AAXX 03034 07591 24/// /0410 10026 21023 38990 48328 57008 700// 333 60007 90710 91123 555 60005=
07591,2009-02-03 04:00:00,2.8,,-0.7,69,-2.3,,22.224,42.596,,20,,,0,,,,,,,0,og-post,,,,AAXX 03044 07591 24/// /0212 10028 21023 38988 48327 57007 700// 333 60005 90710 91123=
07591,2009-02-03 05:00:00,2.9,,-1.1,69,-2.2,,22.224,42.596,,20,,,0,,,,,,,0,og-post,,,,AAXX 03054 07591 24/// /0212 10029 21022 38982 48322 58011 700// 333 60005 90710 91123=
07591,2009-02-03 06:00:00,3.1,,-0.4,67,-2.4,,22.224,38.892,,20,1.6,3.3,0,0,,,0,1.5,-0,0,og-post,,,,AAXX 03064 07591 04/// /0212 10031 21024 38986 48325 55004 60002 700// 333 10033 20016 3/100 55015 60007 70000 90710 91121 555 60005=
07591,2009-02-03 07:00:00,3.1,,-0,67,-2.4,,18.52,35.188,,20,,,0,,,,,,,0,og-post,,,,AAXX 03074 07591 24/// /0210 10031 21024 38988 48327 55000 700// 333 60005 90710 91119=
07591,2009-02-03 08:00:00,3.7,,0.7,64,-2.5,,29.632,42.596,,20,,,0,,,,,,,0,og-post,,,,AAXX 03084 07591 24/// /0216 10037 21025 38989 48329 51007 700// 333 60005 90710 91123=
07591,2009-02-03 09:00:00,4.4,,0.1,61,-2.4,,25.928,42.596,,20,,,0,0,,,,,,0,og-post,,,,AAXX 03094 07591 24/// /0214 10044 21024 38987 48328 50001 700// 333 60007 90710 91123 555 60005=
07591,2009-02-03 10:00:00,5.4,,-0,57,-2.4,,29.632,42.596,,10,,,0,,,,,,,0,og-post,,,,AAXX 03104 07591 24/// /0116 10054 21024 38988 48331 54000 700// 333 60005 90710 91123=
07591,2009-02-03 11:00:00,6,,-0.3,55,-2.3,,25.928,42.596,,10,,,0,,,,,,,0,og-post,,,,AAXX 03114 07591 24/// /0114 10060 21023 38986 48330 57003 700// 333 60005 90710 91123=
07591,2009-02-03 12:00:00,6.5,,-0.5,55,-1.9,,29.632,42.596,,10,,,0,0,,,,,,0,og-post,,,,AAXX 03124 07591 04/// /0116 10065 21019 38982 48327 58005 60001 700// 333 60007 90710 91123 555 60005=
07591,2009-02-03 13:00:00,9.7,,-1.7,54,0.9,,14,35.188,,210,,,0,,,,,,,0,ogimet,,,,
07591,2009-02-03 14:00:00,10.4,,-1.9,51,0.7,,12,38.892,,220,,,0,,,,,,,0,ogimet,,,,
07591,2009-02-03 15:00:00,7,,-0.6,53,-1.9,,25.928,46.3,,10,,,0,0,,,,,,0,og-post,,,,AAXX 03154 07591 24/// /0114 10070 21019 38976 48323 55006 700// 333 60007 90710 91125 555 60005=
07591,2009-02-03 16:00:00,6.7,,0.2,53,-2.2,,25.928,38.892,,10,,,0,,,,,,,0,og-post,,,,AAXX 03164 07591 24/// /0114 10067 21022 38979 48325 53002 700// 333 60005 90710 91121=
07591,2009-02-03 17:00:00,6.3,,1,55,-2.1,,18.52,35.188,,10,,,0,,,,,,,0,og-post,,,,AAXX 03174 07591 24/// /0110 10063 21021 38985 48330 53010 700// 333 60005 90710 91119=
07591,2009-02-03 18:00:00,6,,1.2,57,-1.9,,22.224,31.484,,10,2.9,7.1,0,0,,,,,,0,og-post,,,,AAXX 03184 07591 04/// /0112 10060 21019 38988 48332 52012 60002 700// 333 10071 20029 60007 90710 91117 555 60005=
07591,2009-02-03 19:00:00,5.4,,1.1,61,-1.5,,29.632,38.892,,10,,,0,,,,,,,0,og-post,,,,AAXX 03194 07591 24/// /0116 10054 21015 38990 48333 51011 700// 333 60005 90710 91121=
07591,2009-02-03 20:00:00,5.2,,0.8,63,-1.3,,25.928,35.188,,10,,,0,,,,,,,0,og-post,,,,AAXX 03204 07591 24/// /0114 10052 21013 38993 48335 52008 700// 333 60005 90710 91119=
07591,2009-02-03 21:00:00,4.8,,0.7,65,-1.2,,18.52,35.188,,20,,,0,0,,,,,,0,og-post,,,,AAXX 03214 07591 24/// /0210 10048 21012 38995 48336 52007 700// 333 60007 90710 91119 555 60005=
07591,2009-02-03 22:00:00,4.5,,0.5,67,-1.1,,18.52,35.188,,10,,,0,,,,,,,0,og-post,,,,AAXX 03224 07591 24/// /0110 10045 21011 38995 48336 51005 700// 333 60005 90710 91119=
07591,2009-02-03 23:00:00,4.1,,0.3,67,-1.5,,11.112,29.632,,30,,,0,,,,,,,0,og-post,,,,AAXX 03234 07591 24/// /0306 10041 21015 38996 48336 51003 700// 333 60005 90710 91116=
07591,2009-02-04 00:00:00,3.1,,0,77,-0.5,,3.704,14.816,,350,,,0,0,,,,,,0,og-post,,,,AAXX 04004 07591 04/// /3502 10031 21005 38995 48334 50000 60001 700// 333 60007 90710 91108 555 60005=
07591,2009-02-04 01:00:00,2.6,,-0.3,80,-0.5,,11.112,22.224,,40,,,0,,,,,,,60,og-post,,,,AAXX 04014 07591 24/// /0406 10026 21005 38992 48330 58003 760// 333 60005 90710 91112=
07591,2009-02-04 02:00:00,2.4,,-0.4,80,-0.7,,7.408,18.52,,40,,,0,,,,,,,0,og-post,,,,AAXX 04024 07591 24/// /0404 10024 21007 38992 48330 56004 700// 333 60005 90710 91110=
07591,2009-02-04 03:00:00,3,,-1.1,77,-0.6,,18.52,29.632,,20,,,0,0,,,,,,0,og-post,,,,AAXX 04034 07591 24/// /0210 10030 21006 38984 48324 58011 700// 333 60007 90710 91116 555 60005=
07591,2009-02-04 04:00:00,2.7,,-0.9,79,-0.6,,14.816,25.928,,30,,,0,,,,,,,0,og-post,,,,AAXX 04044 07591 24/// /0308 10027 21006 38983 48322 58009 700// 333 60005 90710 91114=
07591,2009-02-04 05:00:00,2.4,,-1.3,81,-0.5,,11.112,25.928,,50,,,0,,,,,,,0,og-post,,,,AAXX 04054 07591 24/// /0506 10024 21005 38979 48318 56013 700// 333 60005 90710 91114=
07591,2009-02-04 06:00:00,2.5,,-0,81,-0.4,,3.704,25.928,,20,2.2,6,0,0,,,0,0.5,1,61,og-post,,,,AAXX 04064 07591 04/// /0202 10025 21004 38984 48323 55000 60002 761// 333 10060 20022 3/001 55005 60007 70000 90710 91114 555 60005=
07591,2009-02-04 07:00:00,1.8,,0.2,86,-0.3,,,11.112,,,,,0,,,,,,,21,og-post,,,,AAXX 04074 07591 24/// /0000 10018 21003 38985 48323 53002 721// 333 60005 90710 91106=
07591,2009-02-04 08:00:00,2.3,,1.2,86,0.2,,3.704,7.408,,220,,,0,,,,,,,0,og-post,,,,AAXX 04084 07591 24/// /2202 10023 20002 38991 48329 53012 700// 333 60005 90710 91104=
07591,2009-02-04 09:00:00,2.9,,1.2,86,0.8,,7.408,11.112,,200,,,0,0,,,,,,0,og-post,,,,AAXX 04094 07591 24/// /2004 10029 20008 38996 48334 53012 700// 333 60007 90710 91106 555 60005=
07591,2009-02-04 10:00:00,3.9,,1.4,82,1.1,,7.408,14.816,,200,,,0,,,,,,,0,og-post,,,,AAXX 04104 07591 24/// /2004 10039 20011 38999 48339 51014 700// 333 60005 90710 91108=
07591,2009-02-04 11:00:00,4.4,,1,83,1.8,,11.112,22.224,,190,,,0,,,,,,,0,og-post,,,,AAXX 04114 07591 24/// /1906 10044 20018 39001 48341 51010 700// 333 60005 90710 91112=
07591,2009-02-04 12:00:00,5.6,,0.3,74,1.3,,11.112,22.224,,190,,,0,0,,,,,,0,og-post,,,,AAXX 04124 07591 04/// /1906 10056 20013 38999 48342 50003 60001 700// 333 60007 90710 91112 555 60005=
07591,2009-02-04 13:00:00,6,,-0.2,67,0.3,,7.408,29.632,,190,,,0,,,,,,,0,og-post,,,,AAXX 04134 07591 24/// /1904 10060 20003 38997 48340 58002 700// 333 60005 90710 91116=
07591,2009-02-04 14:00:00,5.7,,-0.7,68,0.3,,3.704,11.112,,110,,,0,,,,,,,0,og-post,,,,AAXX 04144 07591 24/// /1102 10057 20003 38994 48337 58007 700// 333 60005 90710 91106=
07591,2009-02-04 15:00:00,5.7,,-0.3,68,0.3,,7.408,14.816,,180,,,0,0,,,,,,0,og-post,,,,AAXX 04154 07591 24/// /1804 10057 20003 38996 48339 55003 700// 333 60007 90710 91108 555 60005=
07591,2009-02-04 16:00:00,5.2,,0.1,76,1.3,,3.704,11.112,,180,,,0,,,,,,,0,og-post,,,,AAXX 04164 07591 24/// /1802 10052 20013 38998 48340 53001 700// 333 60005 90710 91106=
07591,2009-02-04 17:00:00,4.4,,0.5,78,0.9,,,7.408,,,,,0,,,,,,,0,og-post,,,,AAXX 04174 07591 24/// /0000 10044 20009 38999 48339 51005 700// 333 60005 90710 91104=
07591,2009-02-04 18:00:00,3.5,,0.9,80,0.4,,3.704,7.408,,240,1.8,6.3,0,0,,,,,,0,og-post,,,,AAXX 04184 07591 04/// /2402 10035 20004 39005 48343 53009 60002 700// 333 10063 20018 60007 90710 91104 555 60005=
07591,2009-02-04 19:00:00,2.7,,1.1,86,0.6,,3.704,11.112,,120,,,0,,,,,,,0,og-post,,,,AAXX 04194 07591 24/// /1202 10027 20006 39009 48346 53011 700// 333 60005 90710 91106=
07591,2009-02-04 20:00:00,2.4,,0.9,87,0.5,,7.408,11.112,,60,,,0,,,,,,,0,og-post,,,,AAXX 04204 07591 24/// /0604 10024 20005 39008 48344 50009 700// 333 60005 90710 91106=
07591,2009-02-04 21:00:00,2.1,,0.9,87,0.2,,3.704,11.112,,270,,,0,0,,,,,,0,og-post,,,,AAXX 04214 07591 24/// /2702 10021 20002 39014 48349 53009 700// 333 60007 90710 91106 555 60005=
07591,2009-02-04 22:00:00,1.7,,0.3,89,0.1,,7.408,11.112,,60,,,0,,,,,,,0,og-post,,,,AAXX 04224 07591 24/// /0604 10017 20001 39012 48346 50003 700// 333 60005 90710 91106=
07591,2009-02-04 23:00:00,1.6,,0.9,89,0,,3.704,7.408,,200,,,0,,,,,,,0,og-post,,,,AAXX 04234 07591 24/// /2002 10016 20000 39017 48351 51009 700// 333 60005 90710 91104=
07591,2009-02-05 00:00:00,0.8,,0.4,91,-0.5,,3.704,11.112,,340,,,0,0,,,,,,0,og-post,,,,AAXX 05004 07591 04/// /3402 10008 21005 39018 48350 53004 60001 700// 333 60007 90710 91106 555 60005=
07591,2009-02-05 01:00:00,0.3,,0.2,92,-0.8,,7.408,11.112,,30,,,0,,,,,,,0,og-post,,,,AAXX 05014 07591 24/// /0304 10003 21008 39014 48346 50002 700// 333 60005 90710 91106=
07591,2009-02-05 02:00:00,0.2,,-0,91,-1.1,,7.408,14.816,,20,,,0,,,,,,,0,og-post,,,,AAXX 05024 07591 24/// /0204 10002 21011 39017 48348 55000 700// 333 60005 90710 91108=
07591,2009-02-05 03:00:00,-0.6,,-0.7,92,-1.7,,11.112,18.52,,50,,,0,0,,,,,,0,og-post,,,,AAXX 05034 07591 24/// /0506 11006 21017 39011 48341 58007 700// 333 60007 90710 91110 555 60005=
07591,2009-02-05 04:00:00,-0.4,,-0.1,90,-1.8,,3.704,22.224,,340,,,0,,,,,,,0,og-post,,,,AAXX 05044 07591 24/// /3402 11004 21018 39013 48344 58001 700// 333 60005 90710 91112=
07591,2009-02-05 05:00:00,-0.9,,0.6,91,-2.2,,3.704,14.816,,10,,,0,,,,,,,0,og-post,,,,AAXX 05054 07591 24/// /0102 11009 21022 39023 48351 53006 700// 333 60005 90710 91108=
07591,2009-02-05 06:00:00,0.1,,1,89,-1.5,,11.112,18.52,,40,-1,3.6,0,0,,,0,0,-3,0,og-post,,,,AAXX 05064 07591 04/// /0406 10001 21015 39021 48351 50010 60002 700// 333 10036 21010 3/103 55000 60007 70000 90710 91110 555 60005=
07591,2009-02-05 07:00:00,2.1,,0.1,73,-2.2,,18.52,35.188,,30,,,0,,,,,,,0,og-post,,,,AAXX 05074 07591 24/// /0310 10021 21022 39014 48349 50001 700// 333 60005 90710 91119=
07591,2009-02-05 08:00:00,1.5,,-0.5,77,-2.1,,11.112,22.224,,50,,,0,,,,,,,22,og-post,,,,AAXX 05084 07591 24/// /0506 10015 21021 39018 48351 55005 722// 333 60005 90710 91112=
07591,2009-02-05 09:00:00,1.7,,0.2,77,-1.9,,7.408,22.224,,70,,,0,0,,,,,,0,og-post,,,,AAXX 05094 07591 24/// /0704 10017 21019 39023 48356 53002 700// 333 60007 90710 91112 555 60005=
07591,2009-02-05 10:00:00,2.7,,1.2,73,-1.6,,7.408,14.816,,30,,,0,,,,,,,0,og-post,,,,AAXX 05104 07591 24/// /0304 10027 21016 39026 48360 51012 700// 333 60005 90710 91108=
07591,2009-02-05 11:00:00,3.9,,0.4,65,-2.1,,14.816,25.928,,40,,,0,,,,,,,0,og-post,,,,AAXX 05114 07591 24/// /0408 10039 21021 39022 48359 50004 700// 333 60005 90710 91114=
07591,2009-02-05 12:00:00,5.5,,-0.6,64,-0.8,,11.112,22.224,,50,,,0,0,,,,,,0,og-post,,,,AAXX 05124 07591 04/// /0506 10055 21008 39017 48357 58006 60001 700// 333 60007 90710 91112 555 60005=
07591,2009-02-05 13:00:00,5.8,,-1.5,61,-1.1,,11.112,18.52,,40,,,0,,,,,,,0,og-post,,,,AAXX 05134 07591 24/// /0406 10058 21011 39011 48352 58015 700// 333 60005 90710 91110=
07591,2009-02-05 14:00:00,4.7,,-1.7,70,-0.3,,11.112,18.52,,60,,,0,,,,,,,21,og-post,,,,AAXX 05144 07591 24/// /0606 10047 21003 39005 48345 58017 721// 333 60005 90710 91110=
07591,2009-02-05 15:00:00,5,,-1.5,67,-0.6,,3.704,22.224,,60,,,0,0,,,,,,0,og-post,,,,AAXX 05154 07591 24/// /0602 10050 21006 39002 48343 56015 700// 333 60007 90710 91112 555 60005=
07591,2009-02-05 16:00:00,4.5,,-1.1,72,-0.1,,7.408,14.816,,70,,,0,,,,,,,0,og-post,,,,AAXX 05164 07591 24/// /0704 10045 21001 39000 48340 56011 700// 333 60005 90710 91108=
07591,2009-02-05 17:00:00,4.8,,-0.9,74,0.6,,14.816,25.928,,20,,,0,,,,,,,60,og-post,,,,AAXX 05174 07591 24/// /0208 10048 20006 38996 48337 58009 760// 333 60005 90710 91114=
07591,2009-02-05 18:00:00,3.2,,-0.5,88,1.4,,7.408,22.224,,40,0.2,5.8,1,1,,1,,,,61,og-post,,,,AAXX 05184 07591 04/// /0404 10032 20014 38997 48336 55005 60012 761// 333 10058 20002 60017 90710 91112 555 60015=
07591,2009-02-05 19:00:00,2.7,,-0.6,91,1.4,,7.408,25.928,,80,,,0.6,,,,,,,50,og-post,,,,AAXX 05194 07591 24/// /0804 10027 20014 38994 48332 56006 750// 333 69965 90710 91114=
07591,2009-02-05 20:00:00,2.4,,-0.5,92,1.2,,7.408,25.928,,120,,,2,,,,,,,60,og-post,,,,AAXX 05204 07591 24/// /1204 10024 20012 38991 48329 58005 760// 333 60025 90710 91114=
07591,2009-02-05 21:00:00,1.7,,-0.4,93,0.7,,11.112,18.52,,20,,,4,7,,,,,,73,og-post,,,,AAXX 05214 07591 24/// /0206 10017 20007 38993 48330 55004 773// 333 60077 90710 91110 555 60045=
07591,2009-02-05 22:00:00,0.6,,0.1,94,-0.3,,3.704,14.816,,360,,,2,,,,,,,73,og-post,,,,AAXX 05224 07591 24/// /3602 10006 21003 38995 48330 53001 773// 333 60025 90710 91108=
07591,2009-02-05 23:00:00,0.1,,0.9,95,-0.6,300,3.704,7.408,,110,,,0.4,,,,,,,75,og-post,,,,AAXX 05234 07591 24/03 /1102 10001 21006 39000 48333 53009 775// 333 69945 90710 91104=
07591,2009-02-06 00:00:00,0.6,,-0.3,95,-0.1,,11.112,18.52,,30,,,0.2,3,9,,,,,70,og-post,,,,AAXX 06004 07591 04/// /0306 10006 21001 38990 48325 58003 60091 770// 333 60037 90710 91110 555 69925=
07591,2009-02-06 01:00:00,0.3,,-0.6,95,-0.4,,3.704,22.224,,360,,,1,,,,,,,74,og-post,,,,AAXX 06014 07591 24/// /3602 10003 21004 38989 48324 58006 774// 333 60015 90710 91112=
07591,2009-02-06 02:00:00,0.2,,-1.4,95,-0.5,,3.704,14.816,,40,,,2,,,,,,,74,og-post,,,,AAXX 06024 07591 24/// /0402 10002 21005 38986 48321 56014 774// 333 60025 90710 91108=
07591,2009-02-06 03:00:00,0.2,,-1.4,96,-0.4,,7.408,14.816,,40,,,3,5,,,,,,22,og-post,,,,AAXX 06034 07591 24/// /0404 10002 21004 38976 48312 58014 722// 333 60057 90710 91108 555 60035=
07591,2009-02-06 05:00:00,0.5,,-1.7,96,-0.1,,7.408,14.816,,40,,,4,,,,,,,70,og-post,,,,AAXX 06054 07591 24/// /0404 10005 21001 38969 48306 56017 770// 333 60045 90710 91108=
07591,2009-02-06 06:00:00,0.5,,-1.2,96,-0.1,,7.408,11.112,,40,0.1,3.4,2,8,,22,23.2,0.1,-0,70,og-post,,,,AAXX 06064 07591 04/// /0404 10005 21001 38964 48302 56012 60222 770// 333 10034 20001 3/100 55001 60087 70232 90710 91106 555 60025=
07591,2009-02-06 07:00:00,0.8,,-0.9,96,0.2,,7.408,14.816,,10,,,0.8,,,,,,,61,og-post,,,,AAXX 06074 07591 24/// /0104 10008 20002 38961 48300 58009 761// 333 69985 90710 91108=
07591,2009-02-06 08:00:00,1.2,,-1,96,0.6,,7.408,18.52,,10,,,1,,,,,,,0,og-post,,,,AAXX 06084 07591 24/// /0104 10012 20006 38959 48299 56010 700// 333 60015 90710 91110=
07591,2009-02-06 09:00:00,2,,-1.2,95,1.3,,7.408,25.928,,360,,,1,3,,,,,,20,og-post,,,,AAXX 06094 07591 24/// /3604 10020 20013 38952 48294 58012 720// 333 60037 90710 91114 555 60015=
07591,2009-02-06 10:00:00,1.8,,-0.8,95,1.1,,7.408,18.52,,350,,,1,,,,,,,61,og-post,,,,AAXX 06104 07591 24/// /3504 10018 20011 38953 48294 55008 761// 333 60015 90710 91110=
07591,2009-02-06 11:00:00,2,,-0.7,95,1.3,,7.408,11.112,,90,,,2,,,,,,,61,og-post,,,,AAXX 06114 07591 24/// /0904 10020 20013 38952 48294 56007 761// 333 60025 90710 91106=
07591,2009-02-06 12:00:00,2.3,,-0.7,95,1.6,,7.408,14.816,,20,,,1,4,7,,,,,60,og-post,,,,AAXX 06124 07591 04/// /0204 10023 20016 38945 48288 58007 60071 760// 333 60047 90710 91108 555 60015=
07591,2009-02-06 13:00:00,3,,-1.6,93,2,,3.704,11.112,,40,,,1,,,,,,,0,og-post,,,,AAXX 06134 07591 24/// /0402 10030 20020 38937 48282 58016 700// 333 60015 90710 91106=
07591,2009-02-06 14:00:00,3.8,,-2.3,93,2.8,,3.704,14.816,,40,,,1,,,,,,,21,og-post,,,,AAXX 06144 07591 24/// /0402 10038 20028 38929 48276 58023 721// 333 60015 90710 91108=
07591,2009-02-06 15:00:00,2.9,,-2.5,91,1.6,,14.816,22.224,,40,,,1,4,,,,,,61,og-post,,,,AAXX 06154 07591 24/// /0408 10029 20016 38920 48266 58025 761// 333 60047 90710 91112 555 60015=
07591,2009-02-06 16:00:00,2.5,,-1.5,93,1.5,,14.816,25.928,,30,,,2,,,,,,,60,og-post,,,,AAXX 06164 07591 24/// /0308 10025 20015 38922 48268 55015 760// 333 60025 90710 91114=
07591,2009-02-06 17:00:00,2.2,,-0.9,93,1.2,,3.704,22.224,,60,,,2,,,,,,,61,og-post,,,,AAXX 06174 07591 24/// /0602 10022 20012 38920 48265 56009 761// 333 60025 90710 91112=
07591,2009-02-06 18:00:00,2.2,,0.1,95,1.5,,3.704,7.408,,30,0.2,3.8,0.8,4,,15,,,,61,og-post,,,,AAXX 06184 07591 04/// /0302 10022 20015 38921 48266 51001 60152 761// 333 10038 20002 60047 90710 91104 555 69985=
07591,2009-02-06 19:00:00,1.9,,-0.5,95,1.2,,11.112,18.52,,40,,,1,,,,,,,60,og-post,,,,AAXX 06194 07591 24/// /0406 10019 20012 38917 48262 58005 760// 333 60015 90710 91110=
07591,2009-02-06 20:00:00,1.9,,-0.6,95,1.2,,7.408,14.816,,20,,,1,,,,,,,61,og-post,,,,AAXX 06204 07591 24/// /0204 10019 20012 38914 48259 58006 761// 333 60015 90710 91108=
07591,2009-02-06 21:00:00,1.6,,-0.9,95,0.9,,3.704,22.224,,20,,,1,4,,,,,,61,og-post,,,,AAXX 06214 07591 24/// /0202 10016 20009 38912 48257 56009 761// 333 60047 90710 91112 555 60015=
07591,2009-02-06 22:00:00,0.7,,-0.9,95,0,,3.704,11.112,,40,,,1,,,,,,,71,og-post,,,,AAXX 06224 07591 24/// /0402 10007 20000 38908 48252 58009 771// 333 60015 90710 91106=
07591,2009-02-06 23:00:00,0.5,,-1,95,-0.2,,3.704,11.112,,270,,,0.6,,,,,,,71,og-post,,,,AAXX 06234 07591 24/// /2702 10005 21002 38904 48248 58010 771// 333 69965 90710 91106=
07591,2009-02-07 00:00:00,0.2,,-1.1,95,-0.5,200,,3.704,,,,,0.4,2,6,,,,,74,og-post,,,,AAXX 07004 07591 04/02 /0000 10002 21005 38901 48245 56011 60061 774// 333 60027 90710 91102 555 69945=
07591,2009-02-07 01:00:00,0.1,,-0.7,96,-0.5,300,3.704,3.704,,200,,,0,,,,,,,75,og-post,,,,AAXX 07014 07591 24/03 /2002 10001 21005 38901 48245 56007 775// 333 60005 90710 91102=
07591,2009-02-07 02:00:00,0,,-0.5,96,-0.6,300,,3.704,,,,,0.2,,,,,,,45,og-post,,,,AAXX 07024 07591 24/03 /0000 10000 21006 38899 48243 56005 745// 333 69925 90710 91102=
07591,2009-02-07 03:00:00,0,,-0.7,96,-0.6,100,3.704,7.408,,170,,,0,0.2,,,,,,47,og-post,,,,AAXX 07034 07591 24/01 /1702 10000 21006 38894 48239 58007 747// 333 69927 90710 91104 555 60005=
07591,2009-02-07 04:00:00,0,,-1.1,96,-0.6,200,,7.408,,,,,0,,,,,,,45,og-post,,,,AAXX 07044 07591 24/02 /0000 10000 21006 38890 48235 58011 745// 333 60005 90710 91104=
07591,2009-02-07 05:00:00,0.3,,-0.9,96,-0.3,400,3.704,3.704,,220,,,0,,,,,,,45,og-post,,,,AAXX 07054 07591 24/04 /2202 10003 21003 38890 48236 56009 745// 333 60005 90710 91102=
07591,2009-02-07 06:00:00,0.4,,-0.4,96,-0.2,,,3.704,,,0,2.2,0,0,,6,21.4,0,-0,0,og-post,,,,AAXX 07064 07591 04/// /0000 10004 21002 38890 48236 56004 60062 700// 333 10022 20000 3/100 55000 60007 70214 90710 91102 555 60005=
07591,2009-02-07 07:00:00,0.3,,-0,96,-0.3,500,3.704,7.408,,20,,,0,,,,,,,47,og-post,,,,AAXX 07074 07591 24/05 /0202 10003 21003 38890 48236 54000 747// 333 60005 90710 91104=
07591,2009-02-07 08:00:00,0.8,,-0,96,0.2,,3.704,7.408,,30,,,0.2,,,,,,,0,og-post,,,,AAXX 07084 07591 24/// /0302 10008 20002 38890 48236 54000 700// 333 69925 90710 91104=
07591,2009-02-07 09:00:00,1.4,,0.3,97,1,,,3.704,,,,,0.4,0.6,,,,,,0,og-post,,,,AAXX 07094 07591 24/// /0000 10014 20010 38893 48240 53003 700// 333 69967 90710 91102 555 69945=
07591,2009-02-07 10:00:00,2.2,,0.4,96,1.6,,,3.704,,,,,0.6,,,,,,,0,og-post,,,,AAXX 07104 07591 24/// /0000 10022 20016 38894 48242 53004 700// 333 69965 90710 91102=
07591,2009-02-07 11:00:00,3.5,,0.3,85,1.2,,3.704,7.408,,160,,,1,,,,,,,0,og-post,,,,AAXX 07114 07591 24/// /1602 10035 20012 38893 48243 50003 700// 333 60015 90710 91104=
07591,2009-02-07 12:00:00,4.3,,-0.5,82,1.5,,7.408,11.112,,160,,,1,3,4,,,,,0,og-post,,,,AAXX 07124 07591 04/// /1604 10043 20015 38888 48239 58005 60041 700// 333 60037 90710 91106 555 60015=
07591,2009-02-07 13:00:00,4.5,,-1.2,79,1.2,,11.112,18.52,,200,,,0.8,,,,,,,0,og-post,,,,AAXX 07134 07591 24/// /2006 10045 20012 38882 48234 58012 700// 333 69985 90710 91110=
07591,2009-02-07 14:00:00,3.9,,-1.1,72,-0.7,,18.52,25.928,,210,,,0.6,,,,,,,0,og-post,,,,AAXX 07144 07591 24/// /2110 10039 21007 38882 48233 56011 700// 333 69965 90710 91114=
07591,2009-02-07 15:00:00,3.8,,-0.2,67,-1.7,,18.52,29.632,,210,,,0,1,,,,,,0,og-post,,,,AAXX 07154 07591 24/// /2110 10038 21017 38886 48237 55002 700// 333 60017 90710 91116 555 60005=
07591,2009-02-07 16:00:00,3.3,,0.8,68,-2,,14.816,29.632,,220,,,0,,,,,,,0,og-post,,,,AAXX 07164 07591 24/// /2208 10033 21020 38890 48239 53008 700// 333 60005 90710 91116=
07591,2009-02-07 17:00:00,2.4,,1.3,72,-2.1,,11.112,25.928,,200,,,0,,,,,,,0,og-post,,,,AAXX 07174 07591 24/// /2006 10024 21021 38895 48243 53013 700// 333 60005 90710 91114=
07591,2009-02-07 18:00:00,1.7,,1.1,78,-1.7,,3.704,22.224,,180,0.3,4.9,0,0,,5,,,,0,og-post,,,,AAXX 07184 07591 04/// /1802 10017 21017 38897 48244 51011 60052 700// 333 10049 20003 60007 90710 91112 555 60005=
07591,2009-02-07 19:00:00,1.5,,1,76,-2.3,,3.704,14.816,,190,,,0,,,,,,,0,og-post,,,,AAXX 07194 07591 24/// /1902 10015 21023 38900 48246 51010 700// 333 60005 90710 91108=
07591,2009-02-07 20:00:00,1.4,,0.7,77,-2.2,,3.704,11.112,,220,,,0,,,,,,,0,og-post,,,,AAXX 07204 07591 24/// /2202 10014 21022 38902 48248 52007 700// 333 60005 90710 91106=
07591,2009-02-07 21:00:00,1,,0.9,79,-2.2,,3.704,7.408,,200,,,0,0,,,,,,0,og-post,,,,AAXX 07214 07591 24/// /2002 10010 21022 38906 48251 53009 700// 333 60007 90710 91104 555 60005=
07591,2009-02-07 22:00:00,0.5,,0.9,78,-2.9,,3.704,7.408,,170,,,0,,,,,,,0,og-post,,,,AAXX 07224 07591 24/// /1702 10005 21029 38909 48253 53009 700// 333 60005 90710 91104=
07591,2009-02-07 23:00:00,0,,1.1,73,-4.2,,7.408,14.816,,210,,,0,,,,,,,0,og-post,,,,AAXX 07234 07591 24/// /2104 10000 21042 38913 48256 52011 700// 333 60005 90710 91108=
07591,2009-02-08 00:00:00,-0.3,,0.9,74,-4.4,,3.704,14.816,,190,,,0,0,,,,,,0,og-post,,,,AAXX 08004 07591 04/// /1902 11003 21044 38915 48257 51009 60001 700// 333 60007 90710 91108 555 60005=
07591,2009-02-08 01:00:00,-0.7,,0.8,76,-4.4,,3.704,14.816,,180,,,0,,,,,,,0,og-post,,,,AAXX 08014 07591 24/// /1802 11007 21044 38917 48258 51008 700// 333 60005 90710 91108=
07591,2009-02-08 02:00:00,-1,,0.5,77,-4.5,,3.704,7.408,,100,,,0,,,,,,,0,og-post,,,,AAXX 08024 07591 24/// /1002 11010 21045 38918 48259 51005 700// 333 60005 90710 91104=
07591,2009-02-08 03:00:00,-1.7,,0.4,78,-5,,3.704,7.408,,220,,,0,0,,,,,,0,og-post,,,,AAXX 08034 07591 24/// /2202 11017 21050 38919 48258 51004 700// 333 60007 90710 91104 555 60005=
07591,2009-02-08 05:00:00,-3.3,,0.9,87,-5.1,,3.704,7.408,,260,,,0,,,,,,,0,og-post,,,,AAXX 08054 07591 24/// /2602 11033 21051 38927 48263 53009 700// 333 60005 90710 91104=
07591,2009-02-08 06:00:00,-3.6,,1.7,86,-5.6,,3.704,7.408,,210,-3.6,1.8,0,0,,,5,0.8,-6,0,og-post,,,,AAXX 08064 07591 04/// /2102 11036 21056 38936 48271 53017 60002 700// 333 10018 21036 3/106 55008 60007 70050 90710 91104 555 60005=
07591,2009-02-08 07:00:00,-4.1,,2.5,90,-5.5,,3.704,7.408,,120,,,0,,,,,,,0,og-post,,,,AAXX 08074 07591 24/// /1202 11041 21055 38947 48280 53025 700// 333 60005 90710 91104=
07591,2009-02-08 08:00:00,-4.2,,3.2,91,-5.4,,3.704,7.408,,40,,,0,,,,,,,0,og-post,,,,AAXX 08084 07591 24/// /0402 11042 21054 38959 48290 53032 700// 333 60005 90710 91104=
07591,2009-02-08 09:00:00,-1.1,,3.1,79,-4.3,,7.408,14.816,,70,,,0,0,,,,,,0,og-post,,,,AAXX 08094 07591 24/// /0704 11011 21043 38967 48302 51031 700// 333 60007 90710 91108 555 60005=
07591,2009-02-08 10:00:00,2,,2.7,57,-5.6,,7.408,14.816,,150,,,0,,,,,,,0,og-post,,,,AAXX 08104 07591 24/// /1504 10020 21056 38974 48313 51027 700// 333 60005 90710 91108=
07591,2009-02-08 11:00:00,3.6,,1.6,54,-4.8,,7.408,14.816,,170,,,0,,,,,,,0,og-post,,,,AAXX 08114 07591 24/// /1704 10036 21048 38975 48316 51016 700// 333 60005 90710 91108=
07591,2009-02-08 12:00:00,3.7,,1.5,52,-5.2,,22.224,35.188,,220,,,0,0,,,,,,0,og-post,,,,AAXX 08124 07591 04/// /2212 10037 21052 38982 48323 52015 60001 700// 333 60007 90710 91119 555 60005=
07591,2009-02-08 13:00:00,3.9,,1.5,52,-5,,22.224,38.892,,210,,,0,,,,,,,0,og-post,,,,AAXX 08134 07591 24/// /2112 10039 21050 38989 48329 53015 700// 333 60005 90710 91121=
07591,2009-02-08 14:00:00,4.7,,1.9,51,-4.6,,11.112,35.188,,170,,,0,,,,,,,0,og-post,,,,AAXX 08144 07591 24/// /1706 10047 21046 38994 48335 51019 700// 333 60005 90710 91119=
07591,2009-02-08 15:00:00,4.1,,1.2,49,-5.6,,7.408,18.52,,70,,,0,0,,,,,,0,og-post,,,,AAXX 08154 07591 24/// /0704 10041 21056 38994 48334 51012 700// 333 60007 90710 91110 555 60005=
07591,2009-02-08 16:00:00,3.1,,0.4,53,-5.5,,7.408,11.112,,220,,,0,,,,,,,0,og-post,,,,AAXX 08164 07591 24/// /2204 10031 21055 38993 48331 50004 700// 333 60005 90710 91106=
07591,2009-02-08 17:00:00,0.8,,1.1,66,-4.8,,3.704,14.816,,200,,,0,,,,,,,0,og-post,,,,AAXX 08174 07591 24/// /2002 10008 21048 39005 48338 53011 700// 333 60005 90710 91108=
07591,2009-02-08 18:00:00,-0.5,,2.7,70,-5.3,,7.408,22.224,,210,-4.3,4.9,0,0,,,,,,0,og-post,,,,AAXX 08184 07591 04/// /2104 11005 21053 39021 48350 53027 60002 700// 333 10049 21043 60007 90710 91112 555 60005=
07591,2009-02-08 19:00:00,-1.8,,3.3,77,-5.3,,7.408,11.112,,50,,,0,,,,,,,0,og-post,,,,AAXX 08194 07591 24/// /0504 11018 21053 39026 48352 51033 700// 333 60005 90710 91106=
07591,2009-02-08 20:00:00,-1.9,,2.6,79,-5,,3.704,14.816,,340,,,0,,,,,,,0,og-post,,,,AAXX 08204 07591 24/// /3402 11019 21050 39031 48356 51026 700// 333 60005 90710 91108=
07591,2009-02-08 21:00:00,-2.5,,2.8,80,-5.5,,,14.816,,,,,0,0,,,,,,0,og-post,,,,AAXX 08214 07591 24/// /0000 11025 21055 39049 48371 53028 700// 333 60007 90710 91108 555 60005=
07591,2009-02-08 22:00:00,-3.3,,2.8,83,-5.8,,7.408,11.112,,50,,,0,,,,,,,0,og-post,,,,AAXX 08224 07591 24/// /0504 11033 21058 39054 48374 52028 700// 333 60005 90710 91106=
07591,2009-02-08 23:00:00,-3.2,,2.5,77,-6.6,,14.816,25.928,,30,,,0,,,,,,,0,og-post,,,,AAXX 08234 07591 24/// /0308 11032 21066 39056 48376 51025 700// 333 60005 90710 91114=
07591,2009-02-09 00:00:00,-2.7,,1.3,66,-8.2,,7.408,29.632,,10,,,0,0,,,,,,0,og-post,,,,AAXX 09004 07591 04/// /0104 11027 21082 39062 48382 53013 60001 700// 333 60007 90710 91116 555 60005=
07591,2009-02-09 01:00:00,-4.1,,1.7,77,-7.5,,3.704,14.816,,350,,,0,,,,,,,0,og-post,,,,AAXX 09014 07591 24/// /3502 11041 21075 39071 48387 53017 700// 333 60005 90710 91108=
07591,2009-02-09 02:00:00,-4.7,,2,75,-8.4,,7.408,18.52,,50,,,0,,,,,,,0,og-post,,,,AAXX 09024 07591 24/// /0504 11047 21084 39076 48390 51020 700// 333 60005 90710 91110=
07591,2009-02-09 03:00:00,-4.7,,1.9,77,-8.1,,3.704,14.816,,280,,,0,0,,,,,,0,og-post,,,,AAXX 09034 07591 24/// /2802 11047 21081 39081 48394 51019 700// 333 60007 90710 91108 555 60005=
07591,2009-02-09 05:00:00,-5.8,,1.4,78,-9,,3.704,18.52,,30,,,0,,,,,,,0,og-post,,,,AAXX 09054 07591 24/// /0302 11058 21090 39090 48400 52014 700// 333 60005 90710 91110=
07591,2009-02-09 06:00:00,-6,,1.1,79,-9,,11.112,14.816,,50,-6.2,-0.5,0,0,,,0,7.8,-8,0,og-post,,,,AAXX 09064 07591 04/// /0506 11060 21090 39092 48401 51011 60002 700// 333 11005 21062 3/108 55078 60007 70000 90710 91108 555 60005=
07591,2009-02-09 07:00:00,-5.6,,1.7,75,-9.3,,14.816,22.224,,60,,,0,,,,,,,0,og-post,,,,AAXX 09074 07591 24/// /0608 11056 21093 39102 48410 53017 700// 333 60005 90710 91112=
07591,2009-02-09 08:00:00,-5.8,,1.8,79,-8.8,,3.704,14.816,,40,,,0,,,,,,,0,og-post,,,,AAXX 09084 07591 24/// /0402 11058 21088 39108 48415 53018 700// 333 60005 90710 91108=
07591,2009-02-09 09:00:00,-2.2,,1.3,63,-8.3,,7.408,25.928,,80,,,0,0,,,,,,0,og-post,,,,AAXX 09094 07591 24/// /0804 11022 21083 39105 48420 50013 700// 333 60007 90710 91114 555 60005=
07591,2009-02-09 10:00:00,0.5,,1.1,54,-7.7,,7.408,11.112,,70,,,0,,,,,,,0,og-post,,,,AAXX 09104 07591 24/// /0704 10005 21077 39113 48432 53011 700// 333 60005 90710 91106=
07591,2009-02-09 11:00:00,3.1,,0.2,47,-7.1,,7.408,14.816,,200,,,0,,,,,,,0,og-post,,,,AAXX 09114 07591 24/// /2004 10031 21071 39110 48435 52002 700// 333 60005 90710 91108=
07591,2009-02-09 12:00:00,4.3,,0,44,-6.9,,7.408,14.816,,170,,,0,0,,,,,,0,og-post,,,,AAXX 09124 07591 04/// /1704 10043 21069 39105 48433 50000 60001 700// 333 60007 90710 91108 555 60005=
07591,2009-02-09 13:00:00,6.3,,-1,38,-6.9,,3.704,11.112,,180,,,0,,,,,,,0,og-post,,,,AAXX 09134 07591 24/// /1802 10063 21069 39103 48435 56010 700// 333 60005 90710 91106=
07591,2009-02-09 14:00:00,7.1,,-1,39,-5.9,,11.112,14.816,,220,,,0,,,,,,,0,og-post,,,,AAXX 09144 07591 24/// /2206 10071 21059 39100 48434 56010 700// 333 60005 90710 91108=
07591,2009-02-09 15:00:00,6.3,,-0.3,45,-4.7,,7.408,14.816,,260,,,0,0,,,,,,0,og-post,,,,AAXX 09154 07591 24/// /2604 10063 21047 39102 48434 55003 700// 333 60007 90710 91108 555 60005=
07591,2009-02-09 16:00:00,5.7,,-0.2,49,-4.2,,3.704,11.112,,260,,,0,,,,,,,0,og-post,,,,AAXX 09164 07591 24/// /2602 10057 21042 39101 48432 56002 700// 333 60005 90710 91106=
07591,2009-02-09 17:00:00,3.8,,-0.2,60,-3.2,,11.112,14.816,,40,,,0,,,,,,,0,og-post,,,,AAXX 09174 07591 24/// /0406 10038 21032 39098 48426 58002 700// 333 60005 90710 91108=
07591,2009-02-09 18:00:00,2.4,,0.2,67,-3.1,,3.704,14.816,,30,-6,7.7,0,0,,,,,,0,og-post,,,,AAXX 09184 07591 04/// /0302 10024 21031 39104 48429 53002 60002 700// 333 10077 21060 60007 90710 91108 555 60005=
07591,2009-02-09 19:00:00,1.6,,-0.2,73,-2.7,,11.112,18.52,,40,,,0,,,,,,,0,og-post,,,,AAXX 09194 07591 24/// /0406 10016 21027 39099 48423 58002 700// 333 60005 90710 91110=
07591,2009-02-09 20:00:00,1.3,,0.9,75,-2.6,,3.704,18.52,,90,,,0,,,,,,,0,og-post,,,,AAXX 09204 07591 24/// /0902 10013 21026 39107 48429 53009 700// 333 60005 90710 91110=
07591,2009-02-09 21:00:00,0.9,,-0.5,76,-2.8,,7.408,18.52,,60,,,0,0,,,,,,0,og-post,,,,AAXX 09214 07591 24/// /0604 10009 21028 39099 48421 58005 700// 333 60007 90710 91110 555 60005=
07591,2009-02-09 22:00:00,1.2,,0.3,75,-2.7,,11.112,14.816,,30,,,0,,,,,,,0,og-post,,,,AAXX 09224 07591 24/// /0306 10012 21027 39102 48424 51003 700// 333 60005 90710 91108=
07591,2009-02-09 23:00:00,1,,-1,75,-2.9,,11.112,22.224,,40,,,0,,,,,,,0,og-post,,,,AAXX 09234 07591 24/// /0406 10010 21029 39097 48420 56010 700// 333 60005 90710 91112=
07591,2009-02-10 00:00:00,0.6,,-1.1,76,-3.1,,14.816,22.224,,40,,,0,0,,,,,,0,og-post,,,,AAXX 10004 07591 04/// /0408 10006 21031 39088 48411 58011 60001 700// 333 60007 90710 91112 555 60005=
07591,2009-02-10 01:00:00,0.7,,-2.4,76,-3,,11.112,22.224,,30,,,0,,,,,,,0,og-post,,,,AAXX 10014 07591 24/// /0306 10007 21030 39078 48402 58024 700// 333 60005 90710 91112=
07591,2009-02-10 02:00:00,0.4,,-1.8,78,-3,,11.112,18.52,,40,,,0,,,,,,,60,og-post,,,,AAXX 10024 07591 24/// /0406 10004 21030 39079 48403 55018 760// 333 60005 90710 91110=
07591,2009-02-10 03:00:00,0.3,,-1.1,81,-2.6,,,22.224,,,,,0,0,,,,,,0,og-post,,,,AAXX 10034 07591 24/// /0000 10003 21026 39077 48401 56011 700// 333 60007 90710 91112 555 60005=
07591,2009-02-10 04:00:00,0.3,,-1,84,-2.1,,3.704,11.112,,80,,,0,,,,,,,71,og-post,,,,AAXX 10044 07591 24/// /0802 10003 21021 39068 48393 58010 771// 333 60005 90710 91106=
07591,2009-02-10 05:00:00,0.1,,-1,89,-1.5,,11.112,11.112,,200,,,0.4,,,,,,,68,og-post,,,,AAXX 10054 07591 24/// /2006 10001 21015 39069 48394 55010 768// 333 69945 90710 91106=
07591,2009-02-10 06:00:00,1.4,,-0,93,0.4,,11.112,29.632,,170,0,2.4,1,2,,2,1.8,6.4,-1,71,og-post,,,,AAXX 10064 07591 04/// /1706 10014 20004 39077 48403 55000 60022 771// 333 10024 20000 3/101 55064 60027 70018 90710 91116 555 60015=
07591,2009-02-10 07:00:00,1.7,,0.4,92,0.5,,11.112,18.52,,220,,,0.8,,,,,,,20,og-post,,,,AAXX 10074 07591 24/// /2206 10017 20005 39072 48399 50004 720// 333 69985 90710 91110=
07591,2009-02-10 08:00:00,2.2,,0.1,92,1,,7.408,14.816,,270,,,0.2,,,,,,,0,og-post,,,,AAXX 10084 07591 24/// /2704 10022 20010 39070 48399 50001 700// 333 69925 90710 91108=
07591,2009-02-10 09:00:00,3.3,,-1.2,88,1.5,,11.112,18.52,,210,,,0.2,1,,,,,,0,og-post,,,,AAXX 10094 07591 24/// /2106 10033 20015 39065 48396 57012 700// 333 60017 90710 91110 555 69925=
07591,2009-02-10 10:00:00,5.8,,-0.4,77,2.1,,11.112,25.928,,210,,,0.4,,,,,,,21,og-post,,,,AAXX 10104 07591 24/// /2106 10058 20021 39068 48404 55004 721// 333 69945 90710 91114=
07591,2009-02-10 11:00:00,8.3,,-0.4,59,0.8,,18.52,35.188,,230,,,0,,,,,,,0,og-post,,,,AAXX 10114 07591 24/// /2310 10083 20008 39066 48407 56004 700// 333 60005 90710 91119=
07591,2009-02-10 12:00:00,7.1,,-0.4,60,-0.1,,18.52,31.484,,210,,,0,0.4,2,,,,,0,og-post,,,,AAXX 10124 07591 04/// /2110 10071 21001 39061 48400 58004 60021 700// 333 69947 90710 91117 555 60005=
07591,2009-02-10 13:00:00,8.9,,-1.1,42,-3.3,,22.224,38.892,,220,,,0,,,,,,,0,og-post,,,,AAXX 10134 07591 24/// /2212 10089 21033 39057 48399 58011 700// 333 60005 90710 91121=
07591,2009-02-10 14:00:00,8,,-0.8,42,-4.1,,29.632,50.004,50.004,220,,,0,,,,,,,0,og-post,,,,AAXX 10144 07591 24/// /2216 10080 21041 39058 48398 55008 700// 333 60005 91027 90710 91127=
07591,2009-02-10 15:00:00,4.8,,0.4,56,-3.2,,22.224,61.116,,240,,,0,0,,,,,,21,og-post,,,,AAXX 10154 07591 24/// /2412 10048 21032 39065 48399 53004 721// 333 60007 90710 91133 555 60005=
07591,2009-02-10 16:00:00,5.9,,0.6,43,-5.7,,22.224,57.412,,240,,,0,,,,,,,0,og-post,,,,AAXX 10164 07591 24/// /2412 10059 21057 39063 48399 50006 700// 333 60005 90710 91131=
07591,2009-02-10 17:00:00,5.1,,0.7,40,-7.4,,25.928,50.004,,230,,,0,,,,,,,0,og-post,,,,AAXX 10174 07591 24/// /2314 10051 21074 39065 48399 51007 700// 333 60005 90710 91127=
07591,2009-02-10 18:00:00,4.2,,0.2,42,-7.5,,22.224,50.004,,240,1.4,9.3,0,0,,2,,,,0,og-post,,,,AAXX 10184 07591 04/// /2412 10042 21075 39067 48399 53002 60022 700// 333 10093 20014 60007 90710 91127 555 60005=
07591,2009-02-10 19:00:00,2.9,,0.9,45,-7.8,,29.632,64.82,,240,,,0,,,,,,,0,og-post,,,,AAXX 10194 07591 24/// /2416 10029 21078 39072 48401 53009 700// 333 60005 90710 91135=
07591,2009-02-10 20:00:00,2.1,,1,48,-7.7,,22.224,46.3,,240,,,0,,,,,,,0,og-post,,,,AAXX 10204 07591 24/// /2412 10021 21077 39075 48402 53010 700// 333 60005 90710 91125=
07591,2009-02-10 21:00:00,0.8,,1.2,66,-4.8,,29.632,57.412,50.004,240,,,0,0,,,,,,0,og-post,,,,AAXX 10214 07591 24/// /2416 10008 21048 39079 48403 51012 700// 333 60007 91027 90710 91131 555 60005=
07591,2009-02-10 22:00:00,0.1,,1,65,-5.7,,18.52,50.004,,240,,,0,,,,,,,0,og-post,,,,AAXX 10224 07591 24/// /2410 10001 21057 39082 48405 52010 700// 333 60005 90710 91127=
07591,2009-02-10 23:00:00,0,,1.1,59,-7,,14.816,29.632,,260,,,0,,,,,,,0,og-post,,,,AAXX 10234 07591 24/// /2608 10000 21070 39086 48408 52011 700// 333 60005 90710 91116=
07591,2009-02-11 00:00:00,-0.1,,0.9,66,-5.7,,14.816,31.484,,260,,,0,0,,,,,,0,og-post,,,,AAXX 11004 07591 04/// /2608 11001 21057 39088 48409 51009 60001 700// 333 60007 90710 91117 555 60005=
07591,2009-02-11 01:00:00,-1.1,,0.3,69,-6,,7.408,29.632,,270,,,0,,,,,,,0,og-post,,,,AAXX 11014 07591 24/// /2704 11011 21060 39085 48405 50003 700// 333 60005 90710 91116=
07591,2009-02-11 02:00:00,-1.7,,0.1,71,-6.2,,7.408,14.816,,350,,,0,,,,,,,0,og-post,,,,AAXX 11024 07591 24/// /3504 11017 21062 39087 48405 52001 700// 333 60005 90710 91108=
07591,2009-02-11 03:00:00,-2.2,,-0.1,71,-6.7,,3.704,11.112,,320,,,0,0,,,,,,0,og-post,,,,AAXX 11034 07591 24/// /3202 11022 21067 39087 48404 56001 700// 333 60007 90710 91106 555 60005=
07591,2009-02-11 04:00:00,-2.2,,0,70,-6.9,,7.408,11.112,,40,,,0,,,,,,,0,og-post,,,,AAXX 11044 07591 24/// /0404 11022 21069 39085 48403 50000 700// 333 60005 90710 91106=
07591,2009-02-11 05:00:00,-1.6,,-0.3,67,-6.9,,11.112,14.816,,20,,,0,,,,,,,0,og-post,,,,AAXX 11054 07591 24/// /0206 11016 21069 39084 48403 58003 700// 333 60005 90710 91108=
07591,2009-02-11 06:00:00,-2.2,,-0.4,71,-6.7,,,11.112,,,-2.4,4.1,0,0,,,1.6,3.7,-5,0,og-post,,,,AAXX 11064 07591 04/// /0000 11022 21067 39083 48401 56004 60002 700// 333 10041 21024 3/105 55037 60007 70016 90710 91106 555 60005=
07591,2009-02-11 07:00:00,-2.8,,-0,71,-7.3,,3.704,7.408,,20,,,0,,,,,,,0,og-post,,,,AAXX 11074 07591 24/// /0202 11028 21073 39085 48401 55000 700// 333 60005 90710 91104=
07591,2009-02-11 08:00:00,-3,,-0,73,-7.1,,3.704,7.408,,70,,,0,,,,,,,0,og-post,,,,AAXX 11084 07591 24/// /0702 11030 21071 39084 48400 54000 700// 333 60005 90710 91104=
07591,2009-02-11 09:00:00,0.2,,0,56,-7.5,,3.704,7.408,,80,,,0,0,,,,,,0,og-post,,,,AAXX 11094 07591 24/// /0802 10002 21075 39083 48406 50000 700// 333 60007 90710 91104 555 60005=
07591,2009-02-11 10:00:00,2,,-0.5,49,-7.6,,7.408,14.816,,160,,,0,,,,,,,0,og-post,,,,AAXX 11104 07591 24/// /1604 10020 21076 39080 48406 58005 700// 333 60005 90710 91108=
07591,2009-02-11 11:00:00,3.6,,-0.9,38,-9.4,,11.112,22.224,,210,,,0,,,,,,,0,og-post,,,,AAXX 11114 07591 24/// /2106 10036 21094 39075 48405 58009 700// 333 60005 90710 91112=
07591,2009-02-11 12:00:00,3.2,,-1.6,24,-15.4,,25.928,57.412,,40,,,0,0,,,,,,0,og-post,,,,AAXX 11124 07591 04/// /0414 10032 21154 39067 48397 58016 60001 700// 333 60007 90710 91131 555 60005=
07591,2009-02-11 13:00:00,3.3,,-1.3,25,-14.8,,31.484,64.82,64.82,50,,,0,,,,,,,0,og-post,,,,AAXX 11134 07591 24/// /0517 10033 21148 39067 48397 56013 700// 333 60005 91035 90710 91135=
07591,2009-02-11 14:00:00,3.3,,-0.8,23,-15.8,,31.484,57.412,57.412,40,,,0,,,,,,,0,og-post,,,,AAXX 11144 07591 24/// /0417 10033 21158 39067 48397 56008 700// 333 60005 91031 90710 91131=
07591,2009-02-11 15:00:00,2.8,,-0.1,25,-15.2,,29.632,61.116,57.412,50,,,0,0,,,,,,0,og-post,,,,AAXX 11154 07591 24/// /0516 10028 21152 39066 48395 58001 700// 333 60007 91031 90710 91133 555 60005=
07591,2009-02-11 16:00:00,2.5,,0.3,25,-15.5,,29.632,57.412,,50,,,0,,,,,,,0,og-post,,,,AAXX 11164 07591 24/// /0516 10025 21155 39070 48398 53003 700// 333 60005 90710 91131=
07591,2009-02-11 17:00:00,1.7,,1,25,-16.2,,29.632,57.412,50.004,50,,,0,,,,,,,0,og-post,,,,AAXX 11174 07591 24/// /0516 10017 21162 39077 48403 53010 700// 333 60005 91027 90710 91131=
07591,2009-02-11 18:00:00,1.1,,1.9,29,-14.9,,22.224,53.708,,50,-3.1,4,0,0,,,,,,0,og-post,,,,AAXX 11184 07591 04/// /0512 10011 21149 39085 48409 53019 60002 700// 333 10040 21031 60007 90710 91129 555 60005=
07591,2009-02-11 19:00:00,1.2,,1.3,28,-15.2,,31.484,61.116,53.708,60,,,0,,,,,,,0,og-post,,,,AAXX 11194 07591 24/// /0617 10012 21152 39083 48407 50013 700// 333 60005 91029 90710 91133=
07591,2009-02-11 20:00:00,1.3,,0.9,25,-16.5,,31.484,72.228,64.82,40,,,0,,,,,,,0,og-post,,,,AAXX 11204 07591 24/// /0417 10013 21165 39086 48410 51009 700// 333 60005 91035 90710 91139=
07591,2009-02-11 21:00:00,1.2,,0.7,23,-17.6,,29.632,57.412,50.004,40,,,0,0,,,,,,0,og-post,,,,AAXX 11214 07591 24/// /0416 10012 21176 39092 48415 53007 700// 333 60007 91027 90710 91131 555 60005=
07591,2009-02-11 22:00:00,-0.7,,1.6,38,-13.2,,3.704,42.596,,180,,,0,,,,,,,0,og-post,,,,AAXX 11224 07591 24/// /1802 11007 21132 39099 48417 53016 700// 333 60005 90710 91123=
07591,2009-02-11 23:00:00,-2.3,,1.7,51,-11,,7.408,18.52,,220,,,0,,,,,,,0,og-post,,,,AAXX 11234 07591 24/// /2204 11023 21110 39103 48418 51017 700// 333 60005 90710 91110=
07591,2009-02-12 00:00:00,-3.3,,1.6,53,-11.5,,3.704,25.928,,30,,,0,0,,,,,,0,og-post,,,,AAXX 12004 07591 04/// /0302 11033 21115 39108 48420 51016 60001 700// 333 60007 90710 91114 555 60005=
07591,2009-02-12 01:00:00,-4.3,,0.6,52,-12.7,,3.704,11.112,,50,,,0,,,,,,,0,og-post,,,,AAXX 12014 07591 24/// /0502 11043 21127 39105 48415 50006 700// 333 60005 90710 91106=
07591,2009-02-12 02:00:00,-5.6,,0.3,55,-13.2,,3.704,7.408,,20,,,0,,,,,,,0,og-post,,,,AAXX 12024 07591 24/// /0202 11056 21132 39106 48414 51003 700// 333 60005 90710 91104=
07591,2009-02-12 03:00:00,-6.4,,-0.9,56,-13.7,,7.408,11.112,,20,,,0,0,,,,,,0,og-post,,,,AAXX 12034 07591 24/// /0204 11064 21137 39099 48406 58009 700// 333 60007 90710 91106 555 60005=
07591,2009-02-12 04:00:00,-6.8,,-0.4,55,-14.3,,11.112,18.52,,60,,,0,,,,,,,0,og-post,,,,AAXX 12044 07591 24/// /0606 11068 21143 39101 48407 55004 700// 333 60005 90710 91110=
07591,2009-02-12 05:00:00,-7.6,,-0.4,61,-13.8,,3.704,14.816,,320,,,0,,,,,,,0,og-post,,,,AAXX 12054 07591 24/// /3202 11076 21138 39102 48406 55004 700// 333 60005 90710 91108=
07591,2009-02-12 06:00:00,-7.8,,0.7,65,-13.2,,3.704,7.408,,170,-7.8,1.5,0,0,,,0,8.3,-11,0,og-post,,,,AAXX 12064 07591 04/// /1702 11078 21132 39106 48409 53007 60002 700// 333 10015 21078 3/111 55083 60007 70000 90710 91104 555 60005=
07591,2009-02-12 07:00:00,-8.1,,0.9,66,-13.3,,3.704,11.112,,20,,,0,,,,,,,0,og-post,,,,AAXX 12074 07591 24/// /0202 11081 21133 39110 48412 53009 700// 333 60005 90710 91106=
07591,2009-02-12 08:00:00,-7.4,,1,59,-14,,7.408,18.52,,30,,,0,,,,,,,0,og-post,,,,AAXX 12084 07591 24/// /0304 11074 21140 39112 48415 51010 700// 333 60005 90710 91110=
07591,2009-02-12 09:00:00,-2,,0.5,45,-12.3,,7.408,14.816,,170,,,0,0,,,,,,0,og-post,,,,AAXX 12094 07591 24/// /1704 11020 21123 39111 48425 50005 700// 333 60007 90710 91108 555 60005=
07591,2009-02-12 10:00:00,-0.8,,-0.5,34,-14.7,,3.704,11.112,,330,,,0,,,,,,,0,og-post,,,,AAXX 12104 07591 24/// /3302 11008 21147 39105 48422 58005 700// 333 60005 90710 91106=
07591,2009-02-12 11:00:00,0.4,,-0.8,41,-11.3,,7.408,18.52,,160,,,0,,,,,,,0,og-post,,,,AAXX 12114 07591 24/// /1604 10004 21113 39104 48424 57008 700// 333 60005 90710 91110=
07591,2009-02-12 12:00:00,2.5,,-1.1,51,-6.6,,7.408,18.52,,230,,,0,0,,,,,,0,og-post,,,,AAXX 12124 07591 04/// /2304 10025 21066 39100 48425 56011 60001 700// 333 60007 90710 91110 555 60005=
07591,2009-02-12 13:00:00,1.7,,-1,41,-10.1,,11.112,29.632,,60,,,0,,,,,,,0,og-post,,,,AAXX 12134 07591 24/// /0606 10017 21101 39095 48419 58010 700// 333 60005 90710 91116=
07591,2009-02-12 14:00:00,3.8,,-1.7,39,-8.9,,7.408,18.52,,120,,,0,,,,,,,0,og-post,,,,AAXX 12144 07591 24/// /1204 10038 21089 39087 48416 58017 700// 333 60005 90710 91110=
07591,2009-02-12 15:00:00,2.7,,-1.4,24,-15.8,,14.816,25.928,,70,,,0,0,,,,,,0,og-post,,,,AAXX 12154 07591 24/// /0708 10027 21158 39086 48413 56014 700// 333 60007 90710 91114 555 60005=
07591,2009-02-12 16:00:00,1,,-0.6,30,-14.6,,22.224,38.892,,70,,,0,,,,,,,0,og-post,,,,AAXX 12164 07591 24/// /0712 10010 21146 39089 48412 55006 700// 333 60005 90710 91121=
07591,2009-02-12 17:00:00,0.1,,0.9,30,-15.4,,25.928,53.708,,40,,,0,,,,,,,0,og-post,,,,AAXX 12174 07591 24/// /0414 10001 21154 39096 48416 53009 700// 333 60005 90710 91129=
07591,2009-02-12 18:00:00,-0.2,,1.8,30,-15.6,,25.928,46.3,,30,-8.1,4.4,0,0,,,,,,0,og-post,,,,AAXX 12184 07591 04/// /0314 11002 21156 39104 48423 53018 60002 700// 333 10044 21081 60007 90710 91125 555 60005=
07591,2009-02-12 19:00:00,-0.9,,2.2,27,-17.5,,22.224,42.596,,50,,,0,,,,,,,0,og-post,,,,AAXX 12194 07591 24/// /0512 11009 21175 39111 48427 52022 700// 333 60005 90710 91123=
07591,2009-02-12 20:00:00,-1.3,,2.1,26,-18.3,,14.816,50.004,,40,,,0,,,,,,,0,og-post,,,,AAXX 12204 07591 24/// /0408 11013 21183 39117 48432 51021 700// 333 60005 90710 91127=
07591,2009-02-12 21:00:00,-1.4,,1.5,25,-18.8,,18.52,38.892,,80,,,0,0,,,,,,0,og-post,,,,AAXX 12214 07591 24/// /0810 11014 21188 39119 48433 51015 700// 333 60007 90710 91121 555 60005=
07591,2009-02-12 22:00:00,-2.3,,0.7,28,-18.3,,11.112,38.892,,50,,,0,,,,,,,0,og-post,,,,AAXX 12224 07591 24/// /0506 11023 21183 39118 48430 50007 700// 333 60005 90710 91121=
07591,2009-02-12 23:00:00,-2.8,,0.1,32,-17.2,,11.112,42.596,,30,,,0,,,,,,,0,og-post,,,,AAXX 12234 07591 24/// /0306 11028 21172 39118 48429 51001 700// 333 60005 90710 91123=
07591,2009-02-13 00:00:00,-3.1,,-0,36,-16,,7.408,46.3,,350,,,0,0,,,,,,0,og-post,,,,AAXX 13004 07591 04/// /3504 11031 21160 39119 48430 55000 60001 700// 333 60007 90710 91125 555 60005=
07591,2009-02-13 01:00:00,-5,,0.3,46,-14.8,,7.408,14.816,,210,,,0,,,,,,,0,og-post,,,,AAXX 13014 07591 24/// /2104 11050 21148 39121 48428 53003 700// 333 60005 90710 91108=
07591,2009-02-13 02:00:00,-4.6,,0.3,36,-17.4,,7.408,22.224,,40,,,0,,,,,,,0,og-post,,,,AAXX 13024 07591 24/// /0404 11046 21174 39121 48428 51003 700// 333 60005 90710 91112=
07591,2009-02-13 03:00:00,-4.6,,-0.1,35,-17.7,,14.816,31.484,,360,,,0,0,,,,,,0,og-post,,,,AAXX 13034 07591 24/// /3608 11046 21177 39118 48426 58001 700// 333 60007 90710 91117 555 60005=
07591,2009-02-13 04:00:00,-5,,-0.1,35,-18,,7.408,31.484,,360,,,0,,,,,,,0,og-post,,,,AAXX 13044 07591 24/// /3604 11050 21180 39120 48427 55001 700// 333 60005 90710 91117=
07591,2009-02-13 05:00:00,-5.4,,-0.4,37,-17.8,,7.408,29.632,,250,,,0,,,,,,,0,og-post,,,,AAXX 13054 07591 24/// /2504 11054 21178 39117 48423 57004 700// 333 60005 90710 91116=
07591,2009-02-13 06:00:00,-6.6,,0.2,51,-15,,7.408,18.52,,190,-6.8,-0.3,0,0,,,0,5.8,-9,0,og-post,,,,AAXX 13064 07591 04/// /1904 11066 21150 39120 48423 53002 60002 700// 333 11003 21068 3/109 55058 60007 70000 90710 91110 555 60005=
07591,2009-02-13 07:00:00,-5,,0.5,37,-17.4,,11.112,22.224,,30,,,0,,,,,,,0,og-post,,,,AAXX 13074 07591 24/// /0306 11050 21174 39125 48431 53005 700// 333 60005 90710 91112=
07591,2009-02-13 08:00:00,-4.6,,1,34,-18,,11.112,29.632,,50,,,0,,,,,,,0,og-post,,,,AAXX 13084 07591 24/// /0506 11046 21180 39127 48433 51010 700// 333 60005 90710 91116=
07591,2009-02-13 09:00:00,-1.8,,0.9,34,-15.5,,7.408,29.632,,210,,,0,0,,,,,,0,og-post,,,,AAXX 13094 07591 24/// /2104 11018 21155 39129 48441 51009 700// 333 60007 90710 91116 555 60005=
07591,2009-02-13 10:00:00,-0.1,,0.3,23,-18.7,,11.112,22.224,,210,,,0,,,,,,,0,og-post,,,,AAXX 13104 07591 24/// /2106 11001 21187 39128 48444 50003 700// 333 60005 90710 91112=
07591,2009-02-13 11:00:00,1.6,,-0.2,26,-15.8,,7.408,18.52,,200,,,0,,,,,,,0,og-post,,,,AAXX 13114 07591 24/// /2004 10016 21158 39125 48445 58002 700// 333 60005 90710 91110=
07591,2009-02-13 12:00:00,2.4,,-1.3,25,-15.6,,14.816,25.928,,210,,,0,0,,,,,,0,og-post,,,,AAXX 13124 07591 04/// /2108 10024 21156 39116 48438 58013 60001 700// 333 60007 90710 91114 555 60005=
07591,2009-02-13 13:00:00,2.9,,-1.9,19,-18.4,,14.816,29.632,,230,,,0,,,,,,,0,og-post,,,,AAXX 13134 07591 24/// /2308 10029 21184 39109 48433 58019 700// 333 60005 90710 91116=
07591,2009-02-13 14:00:00,3.3,,-2.2,21,-16.9,,22.224,29.632,,210,,,0,,,,,,,0,og-post,,,,AAXX 13144 07591 24/// /2112 10033 21169 39103 48429 56022 700// 333 60005 90710 91116=
07591,2009-02-13 15:00:00,3.8,,-1.7,22,-15.9,,14.816,31.484,,270,,,0,0,,,,,,0,og-post,,,,AAXX 13154 07591 24/// /2708 10038 21159 39099 48426 56017 700// 333 60007 90710 91117 555 60005=
07591,2009-02-13 16:00:00,2.5,,-1,25,-15.5,,18.52,31.484,,220,,,0,,,,,,,0,og-post,,,,AAXX 13164 07591 24/// /2210 10025 21155 39099 48424 56010 700// 333 60005 90710 91117=
07591,2009-02-13 17:00:00,-0.2,,-0.1,38,-12.8,,7.408,25.928,,210,,,0,,,,,,,0,og-post,,,,AAXX 13174 07591 24/// /2104 11002 21128 39102 48421 55001 700// 333 60005 90710 91114=
07591,2009-02-13 18:00:00,-1.7,,0.7,45,-12,,7.408,18.52,,220,-6.6,4.4,0,0,,,,,,0,og-post,,,,AAXX 13184 07591 04/// /2204 11017 21120 39106 48421 53007 60002 700// 333 10044 21066 60007 90710 91110 555 60005=
07591,2009-02-13 19:00:00,-3.1,,1,48,-12.5,,3.704,14.816,,270,,,0,,,,,,,0,og-post,,,,AAXX 13194 07591 24/// /2702 11031 21125 39109 48421 52010 700// 333 60005 90710 91108=
07591,2009-02-13 20:00:00,-4.2,,1.2,55,-11.9,,3.704,11.112,,20,,,0,,,,,,,0,og-post,,,,AAXX 13204 07591 24/// /0202 11042 21119 39114 48423 53012 700// 333 60005 90710 91106=
07591,2009-02-13 21:00:00,-5.2,,1,56,-12.6,,3.704,11.112,,80,,,0,0,,,,,,0,og-post,,,,AAXX 13214 07591 24/// /0802 11052 21126 39116 48423 51010 700// 333 60007 90710 91106 555 60005=
07591,2009-02-13 22:00:00,-6.1,,1,59,-12.8,,,3.704,,,,,0,,,,,,,0,og-post,,,,AAXX 13224 07591 24/// /0000 11061 21128 39119 48424 51010 700// 333 60005 90710 91102=
07591,2009-02-13 23:00:00,-6.8,,0.6,57,-13.9,,3.704,7.408,,110,,,0,,,,,,,0,og-post,,,,AAXX 13234 07591 24/// /1102 11068 21139 39120 48423 51006 700// 333 60005 90710 91104=
07591,2009-02-14 00:00:00,-7,,0.5,52,-15.2,,3.704,7.408,,20,,,0,0,,,,,,0,og-post,,,,AAXX 14004 07591 04/// /0202 11070 21152 39121 48423 51005 60001 700// 333 60007 90710 91104 555 60005=
07591,2009-02-14 01:00:00,-7.7,,0.2,55,-15.1,,3.704,7.408,,30,,,0,,,,,,,0,og-post,,,,AAXX 14014 07591 24/// /0302 11077 21151 39121 48422 51002 700// 333 60005 90710 91104=
07591,2009-02-14 02:00:00,-8.4,,0.1,56,-15.6,,,7.408,,,,,0,,,,,,,0,og-post,,,,AAXX 14024 07591 24/// /0000 11084 21156 39121 48421 51001 700// 333 60005 90710 91104=
07591,2009-02-14 03:00:00,-8.9,,-0.1,57,-15.8,,7.408,7.408,,50,,,0,0,,,,,,0,og-post,,,,AAXX 14034 07591 24/// /0504 11089 21158 39120 48419 58001 700// 333 60007 90710 91104 555 60005=
07591,2009-02-14 04:00:00,-9.7,,-0.1,60,-16,,7.408,11.112,,60,,,0,,,,,,,0,og-post,,,,AAXX 14044 07591 24/// /0604 11097 21160 39120 48417 57001 700// 333 60005 90710 91106=
07591,2009-02-14 05:00:00,-10.1,,-0.1,62,-16,,,14.816,,,,,0,,,,,,,0,og-post,,,,AAXX 14054 07591 24/// /0000 11101 21160 39120 48416 56001 700// 333 60005 90710 91108=
07591,2009-02-14 06:00:00,-10.3,,0.3,62,-16.2,,3.704,7.408,,20,-10.4,-1.7,0,0,,,0,8.8,-13,0,og-post,,,,AAXX 14064 07591 04/// /0202 11103 21162 39123 48418 53003 60002 700// 333 11017 21104 3/113 55088 60007 70000 90710 91104 555 60005=
07591,2009-02-14 07:00:00,-10.4,,0.5,64,-15.9,,3.704,11.112,,360,,,0,,,,,,,0,og-post,,,,AAXX 14074 07591 24/// /3602 11104 21159 39125 48420 53005 700// 333 60005 90710 91106=
07591,2009-02-14 08:00:00,-10.3,,0.6,69,-14.9,,3.704,7.408,,100,,,0,,,,,,,0,og-post,,,,AAXX 14084 07591 24/// /1002 11103 21149 39126 48421 51006 700// 333 60005 90710 91104=
07591,2009-02-14 09:00:00,-5.3,,0.5,50,-14.1,,7.408,14.816,,200,,,0,0,,,,,,0,og-post,,,,AAXX 14094 07591 24/// /2004 11053 21141 39128 48433 52005 700// 333 60007 90710 91108 555 60005=
07591,2009-02-14 10:00:00,-3.1,,0.4,40,-14.8,,7.408,14.816,,180,,,0,,,,,,,0,og-post,,,,AAXX 14104 07591 24/// /1804 11031 21148 39129 48438 52004 700// 333 60005 90710 91108=
07591,2009-02-14 11:00:00,-0.4,,0.2,42,-11.7,,11.112,18.52,,220,,,0,,,,,,,0,og-post,,,,AAXX 14114 07591 24/// /2206 11004 21117 39128 48443 50002 700// 333 60005 90710 91110=
07591,2009-02-14 12:00:00,2.3,,-0.4,28,-14.3,,11.112,22.224,,200,,,0,0,,,,,,0,og-post,,,,AAXX 14124 07591 04/// /2006 10023 21143 39124 48445 58004 60001 700// 333 60007 90710 91112 555 60005=
07591,2009-02-14 13:00:00,3,,-0.7,21,-17.1,,22.224,31.484,,60,,,0,,,,,,,0,og-post,,,,AAXX 14134 07591 24/// /0612 10030 21171 39122 48445 58007 700// 333 60005 90710 91117=
07591,2009-02-14 14:00:00,2.9,,-0.5,18,-19,,18.52,31.484,,10,,,0,,,,,,,0,og-post,,,,AAXX 14144 07591 24/// /0110 10029 21190 39123 48445 55005 700// 333 60005 90710 91117=
07591,2009-02-14 15:00:00,2.9,,0.2,19,-18.4,,11.112,29.632,,30,,,0,0,,,,,,0,og-post,,,,AAXX 14154 07591 24/// /0306 10029 21184 39126 48448 53002 700// 333 60007 90710 91116 555 60005=
07591,2009-02-14 16:00:00,2.1,,0.9,20,-18.5,,14.816,31.484,,20,,,0,,,,,,,0,og-post,,,,AAXX 14164 07591 24/// /0208 10021 21185 39131 48451 53009 700// 333 60005 90710 91117=
07591,2009-02-14 17:00:00,0.2,,1.6,24,-17.9,,14.816,29.632,,50,,,0,,,,,,,0,og-post,,,,AAXX 14174 07591 24/// /0508 10002 21179 39139 48454 53016 700// 333 60005 90710 91116=
07591,2009-02-14 18:00:00,-0.8,,2.4,28,-17,,14.816,31.484,,40,-10.6,3.2,0,0,,,,,,0,og-post,,,,AAXX 14184 07591 04/// /0408 11008 21170 39150 48461 53024 60002 700// 333 10032 21106 60007 90710 91117 555 60005=
07591,2009-02-14 19:00:00,-1.7,,2.8,31,-16.6,,11.112,18.52,,360,,,0,,,,,,,0,og-post,,,,AAXX 14194 07591 24/// /3606 11017 21166 39159 48467 53028 700// 333 60005 90710 91110=
07591,2009-02-14 20:00:00,-2.1,,2.7,31,-16.9,,25.928,38.892,,360,,,0,,,,,,,0,og-post,,,,AAXX 14204 07591 24/// /3614 11021 21169 39166 48472 51027 700// 333 60005 90710 91121=
07591,2009-02-14 21:00:00,-3,,2.3,33,-17,,18.52,38.892,,10,,,0,0,,,,,,0,og-post,,,,AAXX 14214 07591 24/// /0110 11030 21170 39173 48476 51023 700// 333 60007 90710 91121 555 60005=
07591,2009-02-14 22:00:00,-4.5,,2.3,40,-16,,14.816,31.484,,50,,,0,,,,,,,0,og-post,,,,AAXX 14224 07591 24/// /0508 11045 21160 39182 48480 53023 700// 333 60005 90710 91117=
07591,2009-02-14 23:00:00,-5.4,,2,41,-16.5,,11.112,25.928,,20,,,0,,,,,,,0,og-post,,,,AAXX 14234 07591 24/// /0206 11054 21165 39186 48482 51020 700// 333 60005 90710 91114=
07591,2009-02-15 00:00:00,-5.7,,1.4,40,-17.1,,18.52,31.484,,20,,,0,0,,,,,,0,og-post,,,,AAXX 15004 07591 04/// /0210 11057 21171 39187 48482 51014 60001 700// 333 60007 90710 91117 555 60005=
07591,2009-02-15 01:00:00,-6.3,,0.4,41,-17.4,,25.928,35.188,,20,,,0,,,,,,,0,og-post,,,,AAXX 15014 07591 24/// /0214 11063 21174 39186 48480 50004 700// 333 60005 90710 91119=
07591,2009-02-15 02:00:00,-7.1,,-0.1,43,-17.5,,25.928,38.892,,20,,,0,,,,,,,0,og-post,,,,AAXX 15024 07591 24/// /0214 11071 21175 39185 48477 58001 700// 333 60005 90710 91121=
07591,2009-02-15 03:00:00,-7.6,,-0.4,43,-18,,25.928,46.3,,20,,,0,0,,,,,,0,og-post,,,,AAXX 15034 07591 24/// /0214 11076 21180 39183 48474 58004 700// 333 60007 90710 91125 555 60005=
07591,2009-02-15 04:00:00,-8.1,,-0.1,43,-18.4,,22.224,42.596,,20,,,0,,,,,,,0,og-post,,,,AAXX 15044 07591 24/// /0212 11081 21184 39185 48475 55001 700// 333 60005 90710 91123=
07591,2009-02-15 05:00:00,-8.4,,-0.1,43,-18.7,,25.928,42.596,,20,,,0,,,,,,,0,og-post,,,,AAXX 15054 07591 24/// /0214 11084 21187 39184 48473 56001 700// 333 60005 90710 91123=
07591,2009-02-15 06:00:00,-8.3,,0,41,-19.2,,25.928,42.596,,20,-8.7,-0.9,0,0,,,0,8.8,-10,0,og-post,,,,AAXX 15064 07591 04/// /0214 11083 21192 39183 48472 50000 60002 700// 333 11009 21087 3/110 55088 60007 70000 90710 91123 555 60005=
07591,2009-02-15 07:00:00,-8.7,,0.6,43,-19,,18.52,38.892,,30,,,0,,,,,,,0,og-post,,,,AAXX 15074 07591 24/// /0310 11087 21190 39191 48478 53006 700// 333 60005 90710 91121=
07591,2009-02-15 08:00:00,-8.6,,1.1,44,-18.6,,14.816,38.892,,60,,,0,,,,,,,0,og-post,,,,AAXX 15084 07591 24/// /0608 11086 21186 39195 48482 53011 700// 333 60005 90710 91121=
07591,2009-02-15 09:00:00,-5.9,,1.5,34,-19.2,,22.224,35.188,,20,,,0,0,,,,,,0,og-post,,,,AAXX 15094 07591 24/// /0212 11059 21192 39198 48490 51015 700// 333 60007 90710 91119 555 60005=
07591,2009-02-15 10:00:00,-4,,0.7,32,-18.2,,18.52,35.188,,30,,,0,,,,,,,0,og-post,,,,AAXX 15104 07591 24/// /0310 11040 21182 39198 48495 51007 700// 333 60005 90710 91119=
07591,2009-02-15 11:00:00,-1.6,,0.1,27,-18.1,,11.112,29.632,,50,,,0,,,,,,,0,og-post,,,,AAXX 15114 07591 24/// /0506 11016 21181 39196 48499 50001 700// 333 60005 90710 91116=
07591,2009-02-15 12:00:00,0.7,,-0.4,17,-21.5,,3.704,18.52,,150,,,0,0,,,,,,0,og-post,,,,AAXX 15124 07591 04/// /1502 10007 21215 39194 48502 58004 60001 700// 333 60007 90710 91110 555 60005=
07591,2009-02-15 13:00:00,2.2,,-1.2,18,-19.6,,3.704,11.112,,160,,,0,,,,,,,0,og-post,,,,AAXX 15134 07591 24/// /1602 10022 21196 39186 48499 58012 700// 333 60005 90710 91106=
07591,2009-02-15 14:00:00,3.7,,-1.2,18,-18.4,,11.112,18.52,,210,,,0,,,,,,,0,og-post,,,,AAXX 15144 07591 24/// /2106 10037 21184 39184 48500 57012 700// 333 60005 90710 91110=
07591,2009-02-15 15:00:00,3.7,,-1.2,20,-17.1,,3.704,14.816,,190,,,0,0,,,,,,0,og-post,,,,AAXX 15154 07591 24/// /1902 10037 21171 39182 48499 56012 700// 333 60007 90710 91108 555 60005=
07591,2009-02-15 16:00:00,2.2,,-0.3,22,-17.3,,7.408,11.112,,220,,,0,,,,,,,0,og-post,,,,AAXX 15164 07591 24/// /2204 10022 21173 39183 48496 55003 700// 333 60005 90710 91106=
07591,2009-02-15 17:00:00,0.4,,0.4,30,-15.1,,3.704,11.112,,240,,,0,,,,,,,0,og-post,,,,AAXX 15174 07591 24/// /2402 10004 21151 39188 48496 53004 700// 333 60005 90710 91106=
07591,2009-02-15 18:00:00,-1.5,,1.2,42,-12.7,,7.408,7.408,,360,-9.5,3.8,0,0,,,,,,0,og-post,,,,AAXX 15184 07591 04/// /3604 11015 21127 39194 48497 53012 60002 700// 333 10038 21095 60007 90710 91104 555 60005=
07591,2009-02-15 19:00:00,-2.3,,1.4,45,-12.6,,,7.408,,,,,0,,,,,,,0,og-post,,,,AAXX 15194 07591 24/// /0000 11023 21126 39197 48498 51014 700// 333 60005 90710 91104=
07591,2009-02-15 20:00:00,-3.3,,1.2,53,-11.5,,,3.704,,,,,0,,,,,,,0,og-post,,,,AAXX 15204 07591 24/// /0000 11033 21115 39200 48498 51012 700// 333 60005 90710 91102=
07591,2009-02-15 21:00:00,-3.6,,0.7,52,-12,,7.408,11.112,,40,,,0,0,,,,,,0,og-post,,,,AAXX 15214 07591 24/// /0404 11036 21120 39201 48499 51007 700// 333 60007 90710 91106 555 60005=
07591,2009-02-15 22:00:00,-4.2,,0.5,53,-12.3,,3.704,14.816,,30,,,0,,,,,,,0,og-post,,,,AAXX 15224 07591 24/// /0302 11042 21123 39202 48498 51005 700// 333 60005 90710 91108=
07591,2009-02-15 23:00:00,-4.8,,0.6,57,-12,,3.704,7.408,,50,,,0,,,,,,,0,og-post,,,,AAXX 15234 07591 24/// /0502 11048 21120 39206 48500 53006 700// 333 60005 90710 91104=
07591,2009-02-16 00:00:00,-4.5,,0.3,56,-11.9,,7.408,14.816,,50,,,0,0,,,,,,0,og-post,,,,AAXX 16004 07591 04/// /0504 11045 21119 39204 48499 50003 60001 700// 333 60007 90710 91108 555 60005=
07591,2009-02-16 01:00:00,-4.6,,0.2,56,-12,,3.704,11.112,,90,,,0,,,,,,,0,og-post,,,,AAXX 16014 07591 24/// /0902 11046 21120 39204 48499 51002 700// 333 60005 90710 91106=
07591,2009-02-16 02:00:00,-4.2,,-0.5,53,-12.3,,11.112,14.816,,30,,,0,,,,,,,0,og-post,,,,AAXX 16024 07591 24/// /0306 11042 21123 39201 48497 58005 700// 333 60005 90710 91108=
07591,2009-02-16 03:00:00,-4.4,,-0.9,55,-12.1,,7.408,11.112,,30,,,0,0,,,,,,0,og-post,,,,AAXX 16034 07591 24/// /0304 11044 21121 39195 48492 58009 700// 333 60007 90710 91106 555 60005=
07591,2009-02-16 04:00:00,-4.9,,-0.7,58,-11.9,,3.704,11.112,,60,,,0,,,,,,,0,og-post,,,,AAXX 16044 07591 24/// /0602 11049 21119 39197 48492 55007 700// 333 60005 90710 91106=
07591,2009-02-16 05:00:00,-5.1,,-0.5,56,-12.5,,7.408,14.816,,40,,,0,,,,,,,0,og-post,,,,AAXX 16054 07591 24/// /0404 11051 21125 39196 48491 56005 700// 333 60005 90710 91108=
07591,2009-02-16 06:00:00,-5.6,,-0.2,56,-13,,14.816,22.224,,30,-5.8,-1.5,0,0,,,0,7.7,-8,0,og-post,,,,AAXX 16064 07591 04/// /0308 11056 21130 39193 48487 58002 60002 700// 333 11015 21058 3/108 55077 60007 70000 90710 91112 555 60005=
07591,2009-02-16 07:00:00,-5.9,,-0.5,57,-13,,14.816,18.52,,40,,,0,,,,,,,0,og-post,,,,AAXX 16074 07591 24/// /0408 11059 21130 39192 48486 57005 700// 333 60005 90710 91110=
07591,2009-02-16 08:00:00,-4.9,,-0.7,55,-12.5,,11.112,22.224,,50,,,0,,,,,,,0,og-post,,,,AAXX 16084 07591 24/// /0506 11049 21125 39189 48485 57007 700// 333 60005 90710 91112=
07591,2009-02-16 09:00:00,-1.8,,-0.6,40,-13.6,,14.816,25.928,,30,,,0,0,,,,,,0,og-post,,,,AAXX 16094 07591 24/// /0308 11018 21136 39187 48491 58006 700// 333 60007 90710 91114 555 60005=
07591,2009-02-16 10:00:00,0.2,,-0.8,35,-13.4,,7.408,25.928,,90,,,0,,,,,,,0,synop_v4,,,,
07591,2009-02-16 11:00:00,2.1,,-0.8,33,-12.5,,7.408,14.816,,130,,,0,,,,,,,0,synop_v4,,,,
07591,2009-02-16 12:00:00,3.8,,-1.2,26,-13.9,,7.408,14.816,,190,,,0,0,,,,,,0,og-post,,,,AAXX 16124 07591 04/// /1904 10038 21139 39175 48493 58012 60001 700// 333 60007 90710 91108 555 60005=
07591,2009-02-16 13:00:00,5,,-1.8,24,-13.9,,7.408,18.52,,170,,,0,,,,,,,0,og-post,,,,AAXX 16134 07591 24/// /1704 10050 21139 39166 48488 58018 700// 333 60005 90710 91110=
07591,2009-02-16 14:00:00,6,,-2,25,-12.5,,7.408,18.52,,210,,,0,,,,,,,0,og-post,,,,AAXX 16144 07591 24/// /2104 10060 21125 39161 48486 56020 700// 333 60005 90710 91110=
07591,2009-02-16 15:00:00,5.3,,-1.4,28,-11.7,,14.816,25.928,,210,,,0,0,,,,,,0,og-post,,,,AAXX 16154 07591 24/// /2108 10053 21117 39161 48484 56014 700// 333 60007 90710 91114 555 60005=
07591,2009-02-16 16:00:00,4.6,,-0.3,32,-10.6,,14.816,25.928,,210,,,0,,,,,,,0,og-post,,,,AAXX 16164 07591 24/// /2108 10046 21106 39163 48484 55003 700// 333 60005 90710 91114=
07591,2009-02-16 17:00:00,2.4,,0.6,37,-10.8,,7.408,18.52,,210,,,0,,,,,,,0,og-post,,,,AAXX 16174 07591 24/// /2104 10024 21108 39167 48483 53006 700// 333 60005 90710 91110=
07591,2009-02-16 18:00:00,-0.6,,1.2,51,-9.5,,,7.408,,,-6.3,6.1,0,0,,,,,,0,og-post,,,,AAXX 16184 07591 04/// /0000 11006 21095 39173 48482 53012 60002 700// 333 10061 21063 60007 90710 91104 555 60005=
07591,2009-02-16 19:00:00,-1.7,,1.3,54,-9.8,,3.704,7.408,,20,,,0,,,,,,,0,og-post,,,,AAXX 16194 07591 24/// /0202 11017 21098 39176 48482 51013 700// 333 60005 90710 91104=
07591,2009-02-16 20:00:00,-2.7,,1.3,58,-9.8,,3.704,7.408,,360,,,0,,,,,,,0,og-post,,,,AAXX 16204 07591 24/// /3602 11027 21098 39180 48483 51013 700// 333 60005 90710 91104=
07591,2009-02-16 21:00:00,-3.5,,1,61,-9.9,,3.704,7.408,,30,,,0,0,,,,,,0,og-post,,,,AAXX 16214 07591 24/// /0302 11035 21099 39183 48484 52010 700// 333 60007 90710 91104 555 60005=
07591,2009-02-16 22:00:00,-4.1,,0.6,66,-9.5,,7.408,11.112,,50,,,0,,,,,,,0,og-post,,,,AAXX 16224 07591 24/// /0504 11041 21095 39182 48481 50006 700// 333 60005 90710 91106=
07591,2009-02-16 23:00:00,-3.8,,0.2,62,-10,,11.112,14.816,,50,,,0,,,,,,,0,og-post,,,,AAXX 16234 07591 24/// /0506 11038 21100 39182 48482 51002 700// 333 60005 90710 91108=
07591,2009-02-17 00:00:00,-4.8,,0.3,70,-9.4,,3.704,14.816,,200,,,0,0,,,,,,0,og-post,,,,AAXX 17004 07591 04/// /2002 11048 21094 39186 48483 53003 60001 700// 333 60007 90710 91108 555 60005=
07591,2009-02-17 01:00:00,-5.3,,0.6,71,-9.7,,3.704,7.408,,340,,,0,,,,,,,0,og-post,,,,AAXX 17014 07591 24/// /3402 11053 21097 39188 48484 53006 700// 333 60005 90710 91104=
07591,2009-02-17 02:00:00,-5.6,,0.9,71,-10,,,11.112,,,,,0,,,,,,,0,og-post,,,,AAXX 17024 07591 24/// /0000 11056 21100 39191 48486 51009 700// 333 60005 90710 91106=
07591,2009-02-17 03:00:00,-5.4,,0.1,68,-10.4,,11.112,22.224,,40,,,0,0,,,,,,0,og-post,,,,AAXX 17034 07591 24/// /0406 11054 21104 39187 48483 50001 700// 333 60007 90710 91112 555 60005=
07591,2009-02-17 04:00:00,-6.4,,-0.4,74,-10.3,,3.704,18.52,,240,,,0,,,,,,,0,og-post,,,,AAXX 17044 07591 24/// /2402 11064 21103 39184 48478 58004 700// 333 60005 90710 91110=
07591,2009-02-17 05:00:00,-6.8,,-1,76,-10.3,,3.704,3.704,,30,,,0,,,,,,,0,og-post,,,,AAXX 17054 07591 24/// /0302 11068 21103 39181 48475 56010 700// 333 60005 90710 91102=
07591,2009-02-17 06:00:00,-7,,-0.8,77,-10.3,,3.704,3.704,,360,-7.1,-0.6,0,0,,,0,9,-10,0,og-post,,,,AAXX 17064 07591 04/// /3602 11070 21103 39179 48472 56008 60002 700// 333 11006 21071 3/110 55090 60007 70000 90710 91102 555 60005=
07591,2009-02-17 07:00:00,-7.1,,-0.4,77,-10.4,,3.704,7.408,,70,,,0,,,,,,,0,og-post,,,,AAXX 17074 07591 24/// /0702 11071 21104 39180 48473 55004 700// 333 60005 90710 91104=
07591,2009-02-17 08:00:00,-5.9,,-0.3,75,-9.6,,3.704,7.408,,220,,,0,,,,,,,0,og-post,,,,AAXX 17084 07591 24/// /2202 11059 21096 39178 48474 57003 700// 333 60005 90710 91104=
07591,2009-02-17 09:00:00,-3.7,,-0.5,61,-10.1,,3.704,7.408,,70,,,0,0,,,,,,0,og-post,,,,AAXX 17094 07591 24/// /0702 11037 21101 39174 48476 58005 700// 333 60007 90710 91104 555 60005=
07591,2009-02-17 10:00:00,-1.6,,-1.3,54,-9.7,,3.704,7.408,,130,,,0,,,,,,,0,og-post,,,,AAXX 17104 07591 24/// /1302 11016 21097 39167 48474 58013 700// 333 60005 90710 91104=
07591,2009-02-17 11:00:00,0.5,,-1.9,46,-9.8,,3.704,11.112,,210,,,0,,,,,,,0,og-post,,,,AAXX 17114 07591 24/// /2102 10005 21098 39159 48472 58019 700// 333 60005 90710 91106=
07591,2009-02-17 12:00:00,1,,-2.7,44,-9.9,,3.704,14.816,,180,,,0,0,,,,,,0,og-post,,,,AAXX 17124 07591 04/// /1802 10010 21099 39147 48463 58027 60001 700// 333 60007 90710 91108 555 60005=
07591,2009-02-17 13:00:00,3.4,,-3,41,-8.6,,3.704,11.112,,140,,,0,,,,,,,0,og-post,,,,AAXX 17134 07591 24/// /1402 10034 21086 39137 48459 58030 700// 333 60005 90710 91106=
07591,2009-02-17 14:00:00,5.9,,-3.4,39,-7,,3.704,11.112,,80,,,0,,,,,,,0,og-post,,,,AAXX 17144 07591 24/// /0802 10059 21070 39125 48454 57034 700// 333 60005 90710 91106=
07591,2009-02-17 15:00:00,6.7,,-2.7,37,-6.9,,7.408,11.112,,160,,,0,0,,,,,,0,og-post,,,,AAXX 17154 07591 24/// /1604 10067 21069 39120 48451 56027 700// 333 60007 90710 91106 555 60005=
07591,2009-02-17 16:00:00,6.9,,-2.4,39,-6.1,,,7.408,,,,,0,,,,,,,0,og-post,,,,AAXX 17164 07591 24/// /0000 10069 21061 39113 48445 56024 700// 333 60005 90710 91104=
07591,2009-02-17 17:00:00,3.7,,-1.3,49,-6,,3.704,11.112,,340,,,0,,,,,,,0,og-post,,,,AAXX 17174 07591 24/// /3402 10037 21060 39112 48438 56013 700// 333 60005 90710 91106=
07591,2009-02-17 18:00:00,1.3,,-0.6,59,-5.8,,3.704,11.112,,160,-7.1,7.4,0,0,,,,,,0,og-post,,,,AAXX 17184 07591 04/// /1602 10013 21058 39114 48435 55006 60002 700// 333 10074 21071 60007 90710 91106 555 60005=
07591,2009-02-17 19:00:00,-0.1,,0.5,68,-5.3,,3.704,11.112,,20,,,0,,,,,,,0,og-post,,,,AAXX 17194 07591 24/// /0202 11001 21053 39118 48435 53005 700// 333 60005 90710 91106=
07591,2009-02-17 20:00:00,-0.5,,0.2,72,-4.9,,7.408,14.816,,320,,,0,,,,,,,0,og-post,,,,AAXX 17204 07591 24/// /3204 11005 21049 39114 48431 50002 700// 333 60005 90710 91108=
07591,2009-02-17 21:00:00,-1.1,,-0.3,77,-4.6,,3.704,14.816,,330,,,0,0,,,,,,0,og-post,,,,AAXX 17214 07591 24/// /3302 11011 21046 39111 48427 58003 700// 333 60007 90710 91108 555 60005=
07591,2009-02-17 22:00:00,-1.8,,-0.9,78,-5.1,,3.704,14.816,,330,,,0,,,,,,,0,og-post,,,,AAXX 17224 07591 24/// /3302 11018 21051 39109 48424 56009 700// 333 60005 90710 91108=
07591,2009-02-17 23:00:00,-1,,-0.6,76,-4.7,,7.408,14.816,,40,,,0,,,,,,,0,og-post,,,,AAXX 17234 07591 24/// /0404 11010 21047 39108 48425 56006 700// 333 60005 90710 91108=
07591,2009-02-18 00:00:00,-1.9,,-0.6,81,-4.7,,3.704,14.816,,180,,,0,0,,,,,,0,og-post,,,,AAXX 18004 07591 04/// /1802 11019 21047 39105 48421 58006 60001 700// 333 60007 90710 91108 555 60005=
07591,2009-02-18 01:00:00,-2.8,,-0.9,84,-5.1,,7.408,14.816,,50,,,0,,,,,,,0,og-post,,,,AAXX 18014 07591 24/// /0504 11028 21051 39100 48415 58009 700// 333 60005 90710 91108=
07591,2009-02-18 02:00:00,-2.9,,-0.6,85,-5.1,,3.704,11.112,,320,,,0,,,,,,,0,og-post,,,,AAXX 18024 07591 24/// /3202 11029 21051 39102 48416 55006 700// 333 60005 90710 91106=
07591,2009-02-18 03:00:00,-3,,-0.3,85,-5.2,,3.704,22.224,,300,,,0,0,,,,,,0,og-post,,,,AAXX 18034 07591 24/// /3002 11030 21052 39102 48416 56003 700// 333 60007 90710 91112 555 60005=
07591,2009-02-18 04:00:00,-2.5,,0.1,83,-5,,3.704,22.224,,360,,,0,,,,,,,0,og-post,,,,AAXX 18044 07591 24/// /3602 11025 21050 39101 48416 50001 700// 333 60005 90710 91112=
07591,2009-02-18 05:00:00,-2,,0.1,83,-4.5,,7.408,22.224,,200,,,0,,,,,,,0,og-post,,,,AAXX 18054 07591 24/// /2004 11020 21045 39103 48419 53001 700// 333 60005 90710 91112=
07591,2009-02-18 06:00:00,-1.9,,0.5,84,-4.2,,7.408,18.52,,250,-3.1,1.3,0,0,,,0,5.8,-6,0,og-post,,,,AAXX 18064 07591 04/// /2504 11019 21042 39107 48422 53005 60002 700// 333 10013 21031 3/106 55058 60007 70000 90710 91110 555 60005=
07591,2009-02-18 07:00:00,-1.9,,1.2,80,-4.9,,3.704,18.52,,180,,,0,,,,,,,0,og-post,,,,AAXX 18074 07591 24/// /1802 11019 21049 39113 48428 53012 700// 333 60005 90710 91110=
07591,2009-02-18 08:00:00,-0.2,,1.2,71,-4.8,,3.704,18.52,,180,,,0,,,,,,,0,og-post,,,,AAXX 18084 07591 24/// /1802 11002 21048 39115 48433 51012 700// 333 60005 90710 91110=
07591,2009-02-18 09:00:00,3.4,,0.8,56,-4.5,,7.408,14.816,,170,,,0,0,,,,,,0,og-post,,,,AAXX 18094 07591 24/// /1704 10034 21045 39115 48440 51008 700// 333 60007 90710 91108 555 60005=
07591,2009-02-18 10:00:00,7,,0.2,43,-4.7,,7.408,18.52,,200,,,0,,,,,,,0,og-post,,,,AAXX 18104 07591 24/// /2004 10070 21047 39115 48447 51002 700// 333 60005 90710 91110=
07591,2009-02-18 11:00:00,9.5,,-0.2,29,-7.6,,11.112,22.224,,210,,,0,,,,,,,0,og-post,,,,AAXX 18114 07591 24/// /2106 10095 21076 39113 48450 58002 700// 333 60005 90710 91112=
07591,2009-02-18 12:00:00,10.4,,-0.6,23,-9.8,,18.52,29.632,,220,,,0,0,,,,,,0,og-post,,,,AAXX 18124 07591 04/// /2210 10104 21098 39109 48449 58006 60001 700// 333 60007 90710 91116 555 60005=
07591,2009-02-18 13:00:00,10.1,,-0.7,24,-9.5,,22.224,38.892,,230,,,0,,,,,,,0,og-post,,,,AAXX 18134 07591 24/// /2312 10101 21095 39108 48447 56007 700// 333 60005 90710 91121=
07591,2009-02-18 14:00:00,9.7,,-0.6,25,-9.3,,22.224,35.188,,210,,,0,,,,,,,0,og-post,,,,AAXX 18144 07591 24/// /2112 10097 21093 39107 48445 56006 700// 333 60005 90710 91119=
07591,2009-02-18 15:00:00,8.5,,-0,32,-7.2,,22.224,38.892,,210,,,0,0,,,,,,0,og-post,,,,AAXX 18154 07591 24/// /2112 10085 21072 39109 48445 55000 700// 333 60007 90710 91121 555 60005=
07591,2009-02-18 16:00:00,6.9,,0.5,42,-5.1,,18.52,35.188,,210,,,0,,,,,,,0,og-post,,,,AAXX 18164 07591 24/// /2110 10069 21051 39113 48445 53005 700// 333 60005 90710 91119=
07591,2009-02-18 17:00:00,3.9,,1.4,52,-5,,11.112,29.632,,200,,,0,,,,,,,0,og-post,,,,AAXX 18174 07591 24/// /2006 10039 21050 39121 48446 53014 700// 333 60005 90710 91116=
07591,2009-02-18 18:00:00,1.7,,1.9,58,-5.7,,3.704,18.52,,320,-2,10.5,0,0,,,,,,0,og-post,,,,AAXX 18184 07591 04/// /3202 10017 21057 39128 48448 53019 60002 700// 333 10105 21020 60007 90710 91110 555 60005=
07591,2009-02-18 19:00:00,0,,1.8,65,-5.8,,3.704,7.408,,10,,,0,,,,,,,0,og-post,,,,AAXX 18194 07591 24/// /0102 10000 21058 39131 48447 51018 700// 333 60005 90710 91104=
07591,2009-02-18 20:00:00,-1,,1.6,70,-5.8,,3.704,7.408,,350,,,0,,,,,,,0,og-post,,,,AAXX 18204 07591 24/// /3502 11010 21058 39137 48450 51016 700// 333 60005 90710 91104=
07591,2009-02-18 21:00:00,-1.7,,1.1,72,-6.1,,3.704,7.408,,350,,,0,0,,,,,,0,og-post,,,,AAXX 18214 07591 24/// /3502 11017 21061 39139 48450 51011 700// 333 60007 90710 91104 555 60005=
07591,2009-02-18 22:00:00,-2.6,,1.3,76,-6.2,,3.704,7.408,,350,,,0,,,,,,,0,og-post,,,,AAXX 18224 07591 24/// /3502 11026 21062 39144 48453 51013 700// 333 60005 90710 91104=
07591,2009-02-18 23:00:00,-3.4,,1,80,-6.3,,3.704,7.408,,190,,,0,,,,,,,0,og-post,,,,AAXX 18234 07591 24/// /1902 11034 21063 39147 48453 53010 700// 333 60005 90710 91104=
07591,2009-02-19 00:00:00,-3.6,,1.1,78,-6.9,,3.704,7.408,,30,,,0,0,,,,,,0,og-post,,,,AAXX 19004 07591 04/// /0302 11036 21069 39150 48456 51011 60001 700// 333 60007 90710 91104 555 60005=
07591,2009-02-19 01:00:00,-3.8,,1,72,-8.1,,7.408,11.112,,20,,,0,,,,,,,0,og-post,,,,AAXX 19014 07591 24/// /0204 11038 21081 39154 48458 53010 700// 333 60005 90710 91106=
07591,2009-02-19 02:00:00,-4.5,,0.5,65,-10.1,,11.112,18.52,,40,,,0,,,,,,,0,og-post,,,,AAXX 19024 07591 24/// /0406 11045 21101 39152 48455 50005 700// 333 60005 90710 91110=
07591,2009-02-19 03:00:00,-4.9,,0.3,61,-11.2,,3.704,25.928,,40,,,0,0,,,,,,0,og-post,,,,AAXX 19034 07591 24/// /0402 11049 21112 39153 48455 51003 700// 333 60007 90710 91114 555 60005=
07591,2009-02-19 04:00:00,-4.8,,-0.3,57,-12,,7.408,18.52,,70,,,0,,,,,,,0,og-post,,,,AAXX 19044 07591 24/// /0704 11048 21120 39151 48454 57003 700// 333 60005 90710 91110=
07591,2009-02-19 05:00:00,-6,,0.1,64,-11.7,,3.704,7.408,,280,,,0,,,,,,,0,og-post,,,,AAXX 19054 07591 24/// /2802 11060 21117 39153 48453 53001 700// 333 60005 90710 91104=
07591,2009-02-19 06:00:00,-6.7,,0.1,67,-11.8,,3.704,7.408,,20,-6.7,1.7,0,0,,,0,9.1,-10,0,og-post,,,,AAXX 19064 07591 04/// /0202 11067 21118 39154 48452 53001 60002 700// 333 10017 21067 3/110 55091 60007 70000 90710 91104 555 60005=
07591,2009-02-19 07:00:00,-6.9,,0.5,63,-12.7,,3.704,11.112,,30,,,0,,,,,,,0,og-post,,,,AAXX 19074 07591 24/// /0302 11069 21127 39156 48453 52005 700// 333 60005 90710 91106=
07591,2009-02-19 08:00:00,-4.5,,1.2,51,-13.1,,3.704,14.816,,220,,,0,,,,,,,0,og-post,,,,AAXX 19084 07591 24/// /2202 11045 21131 39165 48466 53012 700// 333 60005 90710 91108=
07591,2009-02-19 09:00:00,-2,,1,44,-12.6,,7.408,11.112,,70,,,0,0,,,,,,0,og-post,,,,AAXX 19094 07591 24/// /0704 11020 21126 39164 48471 50010 700// 333 60007 90710 91106 555 60005=
07591,2009-02-19 10:00:00,0.7,,0.4,38,-12,,7.408,14.816,,160,,,0,,,,,,,0,og-post,,,,AAXX 19104 07591 24/// /1604 10007 21120 39160 48473 50004 700// 333 60005 90710 91108=
07591,2009-02-19 11:00:00,2.1,,-0.3,41,-9.8,,11.112,18.52,,200,,,0,,,,,,,0,og-post,,,,AAXX 19114 07591 24/// /2006 10021 21098 39162 48478 55003 700// 333 60005 90710 91110=
07591,2009-02-19 12:00:00,3.8,,-0.8,38,-9.2,,11.112,18.52,,200,,,0,0,,,,,,0,og-post,,,,AAXX 19124 07591 04/// /2006 10038 21092 39156 48477 58008 60001 700// 333 60007 90710 91110 555 60005=
07591,2009-02-19 13:00:00,4.8,,-0.9,39,-8,,11.112,22.224,,210,,,0,,,,,,,0,og-post,,,,AAXX 19134 07591 24/// /2106 10048 21080 39151 48474 58009 700// 333 60005 90710 91112=
07591,2009-02-19 14:00:00,4.8,,-1,38,-8.3,,14.816,29.632,,210,,,0,,,,,,,0,og-post,,,,AAXX 19144 07591 24/// /2108 10048 21083 39152 48475 55010 700// 333 60005 90710 91116=
07591,2009-02-19 15:00:00,4.6,,-0.3,38,-8.5,,18.52,25.928,,210,,,0,0,,,,,,0,og-post,,,,AAXX 19154 07591 24/// /2110 10046 21085 39153 48476 55003 700// 333 60007 90710 91114 555 60005=
07591,2009-02-19 16:00:00,4.2,,0.6,41,-7.9,,11.112,25.928,,220,,,0,,,,,,,0,og-post,,,,AAXX 19164 07591 24/// /2206 10042 21079 39157 48478 53006 700// 333 60005 90710 91114=
07591,2009-02-19 17:00:00,1.8,,1.1,50,-7.5,,7.408,22.224,,210,,,0,,,,,,,0,og-post,,,,AAXX 19174 07591 24/// /2104 10018 21075 39163 48478 53011 700// 333 60005 90710 91112=
07591,2009-02-19 18:00:00,-0.8,,2,60,-7.6,,3.704,11.112,,300,-7,5.3,0,0,,,,,,0,og-post,,,,AAXX 19184 07591 04/// /3002 11008 21076 39173 48481 53020 60002 700// 333 10053 21070 60007 90710 91106 555 60005=
07591,2009-02-19 19:00:00,-2,,2.5,66,-7.5,,,3.704,,,,,0,,,,,,,0,og-post,,,,AAXX 19194 07591 24/// /0000 11020 21075 39182 48486 53025 700// 333 60005 90710 91102=
07591,2009-02-19 20:00:00,-2.9,,2.9,70,-7.6,,,7.408,,,,,0,,,,,,,0,og-post,,,,AAXX 19204 07591 24/// /0000 11029 21076 39192 48493 52029 700// 333 60005 90710 91104=
07591,2009-02-19 21:00:00,-3.6,,2.8,74,-7.5,,3.704,7.408,,170,,,0,0,,,,,,0,og-post,,,,AAXX 19214 07591 24/// /1702 11036 21075 39201 48499 52028 700// 333 60007 90710 91104 555 60005=
07591,2009-02-19 22:00:00,-4,,2.3,74,-7.9,,3.704,7.408,,30,,,0,,,,,,,0,og-post,,,,AAXX 19224 07591 24/// /0302 11040 21079 39205 48501 51023 700// 333 60005 90710 91104=
07591,2009-02-19 23:00:00,-5,,2,78,-8.2,,3.704,11.112,,10,,,0,,,,,,,0,og-post,,,,AAXX 19234 07591 24/// /0102 11050 21082 39212 48505 51020 700// 333 60005 90710 91106=
07591,2009-02-20 00:00:00,-5.6,,1.6,82,-8.2,,11.112,14.816,,60,,,0,0,,,,,,0,og-post,,,,AAXX 20004 07591 04/// /0606 11056 21082 39217 48508 53016 60001 700// 333 60007 90710 91108 555 60005=
07591,2009-02-20 01:00:00,-4.9,,1.1,70,-9.5,,14.816,22.224,,20,,,0,,,,,,,0,og-post,,,,AAXX 20014 07591 24/// /0208 11049 21095 39216 48508 50011 700// 333 60005 90710 91112=
07591,2009-02-20 02:00:00,-5.4,,0.8,72,-9.6,,3.704,22.224,,250,,,0,,,,,,,0,og-post,,,,AAXX 20024 07591 24/// /2502 11054 21096 39220 48510 51008 700// 333 60005 90710 91112=
07591,2009-02-20 03:00:00,-5.7,,0.4,68,-10.6,,7.408,11.112,,70,,,0,0,,,,,,0,og-post,,,,AAXX 20034 07591 24/// /0704 11057 21106 39221 48511 53004 700// 333 60007 90710 91106 555 60005=
07591,2009-02-20 04:00:00,-5.3,,0.5,59,-12,,11.112,25.928,,50,,,0,,,,,,,0,og-post,,,,AAXX 20044 07591 24/// /0506 11053 21120 39221 48511 51005 700// 333 60005 90710 91114=
07591,2009-02-20 05:00:00,-4.5,,-0.2,51,-13.1,,14.816,35.188,,40,,,0,,,,,,,0,og-post,,,,AAXX 20054 07591 24/// /0408 11045 21131 39218 48511 58002 700// 333 60005 90710 91119=
07591,2009-02-20 06:00:00,-5.1,,0.2,54,-12.9,,7.408,38.892,,90,-6.1,-0.8,0,0,,,0,9.2,-9,0,og-post,,,,AAXX 20064 07591 04/// /0904 11051 21129 39223 48514 53002 60002 700// 333 11008 21061 3/109 55092 60007 70000 90710 91121 555 60005=
07591,2009-02-20 07:00:00,-5.9,,0.9,61,-12.2,,3.704,11.112,,160,,,0,,,,,,,0,og-post,,,,AAXX 20074 07591 24/// /1602 11059 21122 39230 48518 53009 700// 333 60005 90710 91106=
07591,2009-02-20 08:00:00,-3.8,,1.8,54,-11.7,,3.704,7.408,,160,,,0,,,,,,,0,og-post,,,,AAXX 20084 07591 24/// /1602 11038 21117 39236 48528 53018 700// 333 60005 90710 91104=
07591,2009-02-20 09:00:00,-0.8,,1.3,40,-12.7,,11.112,14.816,,90,,,0,0,,,,,,0,og-post,,,,AAXX 20094 07591 24/// /0906 11008 21127 39236 48535 51013 700// 333 60007 90710 91108 555 60005=
07591,2009-02-20 10:00:00,1.6,,0.8,34,-12.5,,7.408,14.816,,170,,,0,,,,,,,0,og-post,,,,AAXX 20104 07591 24/// /1704 10016 21125 39238 48542 51008 700// 333 60005 90710 91108=
07591,2009-02-20 11:00:00,3.6,,0.1,30,-12.3,,7.408,14.816,,190,,,0,,,,,,,0,og-post,,,,AAXX 20114 07591 24/// /1904 10036 21123 39237 48546 50001 700// 333 60005 90710 91108=
07591,2009-02-20 12:00:00,5.6,,-0.5,30,-10.6,,7.408,22.224,,180,,,0,0,,,,,,0,og-post,,,,AAXX 20124 07591 04/// /1804 10056 21106 39231 48546 58005 60001 700// 333 60007 90710 91112 555 60005=
07591,2009-02-20 13:00:00,7.1,,-1.2,26,-11.1,,7.408,14.816,,220,,,0,,,,,,,0,og-post,,,,AAXX 20134 07591 24/// /2204 10071 21111 39226 48545 58012 700// 333 60005 90710 91108=
07591,2009-02-20 14:00:00,8.4,,-1.7,21,-12.6,,7.408,14.816,,230,,,0,,,,,,,0,og-post,,,,AAXX 20144 07591 24/// /2304 10084 21126 39220 48543 57017 700// 333 60005 90710 91108=
07591,2009-02-20 15:00:00,9.1,,-1.5,21,-12,,11.112,18.52,,220,,,0,0,,,,,,0,og-post,,,,AAXX 20154 07591 24/// /2206 10091 21120 39216 48541 56015 700// 333 60007 90710 91110 555 60005=
07591,2009-02-20 16:00:00,8.6,,-1,23,-11.3,,7.408,22.224,,200,,,0,,,,,,,0,og-post,,,,AAXX 20164 07591 24/// /2004 10086 21113 39216 48540 56010 700// 333 60005 90710 91112=
07591,2009-02-20 17:00:00,5.7,,-0.4,33,-9.3,,3.704,14.816,,310,,,0,,,,,,,0,og-post,,,,AAXX 20174 07591 24/// /3102 10057 21093 39216 48533 56004 700// 333 60005 90710 91108=
07591,2009-02-20 18:00:00,2,,0.5,45,-8.7,,3.704,11.112,,10,-6.3,9.4,0,0,,,,,,0,og-post,,,,AAXX 20184 07591 04/// /0102 10020 21087 39221 48529 53005 60002 700// 333 10094 21063 60007 90710 91106 555 60005=
07591,2009-02-20 19:00:00,0.9,,0.2,50,-8.3,,3.704,11.112,,360,,,0,,,,,,,0,og-post,,,,AAXX 20194 07591 24/// /3602 10009 21083 39218 48524 50002 700// 333 60005 90710 91106=
07591,2009-02-20 20:00:00,0.7,,0.4,51,-8.3,,11.112,14.816,,20,,,0,,,,,,,0,og-post,,,,AAXX 20204 07591 24/// /0206 10007 21083 39220 48525 51004 700// 333 60005 90710 91108=
07591,2009-02-20 21:00:00,0.8,,-0.2,51,-8.2,,11.112,22.224,,30,,,0,0,,,,,,0,og-post,,,,AAXX 20214 07591 24/// /0306 10008 21082 39219 48524 56002 700// 333 60007 90710 91112 555 60005=
07591,2009-02-20 22:00:00,-0.4,,-0.3,59,-7.4,,,14.816,,,,,0,,,,,,,0,og-post,,,,AAXX 20224 07591 24/// /0000 11004 21074 39215 48518 58003 700// 333 60005 90710 91108=
07591,2009-02-20 23:00:00,-0.8,,-0.7,59,-7.8,,,7.408,,,,,0,,,,,,,0,og-post,,,,AAXX 20234 07591 24/// /0000 11008 21078 39213 48516 58007 700// 333 60005 90710 91104=
07591,2009-02-21 00:00:00,-1.4,,-0.9,67,-6.7,,3.704,7.408,,350,,,0,0,,,,,,0,og-post,,,,AAXX 21004 07591 04/// /3502 11014 21067 39210 48512 56009 60001 700// 333 60007 90710 91104 555 60005=
07591,2009-02-21 01:00:00,-1.1,,-1.1,65,-6.8,,3.704,7.408,,250,,,0,,,,,,,0,og-post,,,,AAXX 21014 07591 24/// /2502 11011 21068 39204 48507 58011 700// 333 60005 90710 91104=
07591,2009-02-21 02:00:00,-2.1,,-1.2,70,-6.8,,3.704,7.408,,30,,,0,,,,,,,0,og-post,,,,AAXX 21024 07591 24/// /0302 11021 21068 39201 48502 57012 700// 333 60005 90710 91104=
07591,2009-02-21 03:00:00,-2.4,,-1.2,68,-7.5,,3.704,7.408,,300,,,0,0,,,,,,0,og-post,,,,AAXX 21034 07591 24/// /3002 11024 21075 39198 48499 56012 700// 333 60007 90710 91104 555 60005=
07591,2009-02-21 04:00:00,-2.8,,-1,68,-7.9,,3.704,11.112,,60,,,0,,,,,,,0,og-post,,,,AAXX 21044 07591 24/// /0602 11028 21079 39194 48495 58010 700// 333 60005 90710 91106=
07591,2009-02-21 05:00:00,-3.6,,-0.7,72,-7.9,,7.408,7.408,,210,,,0,,,,,,,0,og-post,,,,AAXX 21054 07591 24/// /2104 11036 21079 39194 48493 56007 700// 333 60005 90710 91104=
07591,2009-02-21 06:00:00,-3.6,,-0.1,76,-7.2,,3.704,11.112,,240,-3.7,2,0,0,,,0,9.3,-7,0,og-post,,,,AAXX 21064 07591 04/// /2402 11036 21072 39197 48495 55001 60002 700// 333 10020 21037 3/107 55093 60007 70000 90710 91106 555 60005=
07591,2009-02-21 07:00:00,0.1,,0.5,48,-9.6,,14.816,29.632,,80,,,0,,,,,,,0,og-post,,,,AAXX 21074 07591 24/// /0808 10001 21096 39199 48506 53005 700// 333 60005 90710 91116=
07591,2009-02-21 08:00:00,2.7,,1.1,40,-9.5,,7.408,31.484,,140,,,0,,,,,,,0,og-post,,,,AAXX 21084 07591 24/// /1404 10027 21095 39205 48517 53011 700// 333 60005 90710 91117=
07591,2009-02-21 09:00:00,5.1,,0.8,33,-9.8,,29.632,46.3,,360,,,0,0,,,,,,0,og-post,,,,AAXX 21094 07591 24/// /3616 10051 21098 39205 48522 51008 700// 333 60007 90710 91125 555 60005=
07591,2009-02-21 10:00:00,7.1,,0.9,28,-10.1,,11.112,42.596,,50,,,0,,,,,,,0,og-post,,,,AAXX 21104 07591 24/// /0506 10071 21101 39208 48529 51009 700// 333 60005 90710 91123=
07591,2009-02-21 11:00:00,7.8,,0.5,33,-7.4,,14.816,38.892,,220,,,0,,,,,,,0,og-post,,,,AAXX 21114 07591 24/// /2208 10078 21074 39210 48533 53005 700// 333 60005 90710 91121=
07591,2009-02-21 12:00:00,8.7,,0.4,31,-7.5,,11.112,22.224,,220,,,0,0,,,,,,0,og-post,,,,AAXX 21124 07591 04/// /2206 10087 21075 39209 48534 50004 60001 700// 333 60007 90710 91112 555 60005=
07591,2009-02-21 13:00:00,8.8,,-0.3,33,-6.6,,18.52,29.632,,220,,,0,,,,,,,0,og-post,,,,AAXX 21134 07591 24/// /2210 10088 21066 39205 48531 58003 700// 333 60005 90710 91116=
07591,2009-02-21 14:00:00,8.9,,-0.6,32,-6.9,,18.52,31.484,,220,,,0,,,,,,,0,og-post,,,,AAXX 21144 07591 24/// /2210 10089 21069 39204 48530 57006 700// 333 60005 90710 91117=
07591,2009-02-21 15:00:00,8.4,,-0.4,33,-6.9,,22.224,31.484,,210,,,0,0,,,,,,0,og-post,,,,AAXX 21154 07591 24/// /2112 10084 21069 39205 48530 55004 700// 333 60007 90710 91117 555 60005=
07591,2009-02-21 16:00:00,8.3,,0.1,34,-6.6,,11.112,31.484,,210,,,0,,,,,,,0,og-post,,,,AAXX 21164 07591 24/// /2106 10083 21066 39206 48531 53001 700// 333 60005 90710 91117=
07591,2009-02-21 17:00:00,5.3,,0.7,45,-5.6,,11.112,25.928,,210,,,0,,,,,,,0,og-post,,,,AAXX 21174 07591 24/// /2106 10053 21056 39211 48528 53007 700// 333 60005 90710 91114=
07591,2009-02-21 18:00:00,3.2,,1.3,52,-5.7,,7.408,14.816,,200,-3.7,9,0,0,,,,,,0,og-post,,,,AAXX 21184 07591 04/// /2004 10032 21057 39218 48529 53013 60002 700// 333 10090 21037 60007 90710 91108 555 60005=
07591,2009-02-21 19:00:00,0.6,,1.4,64,-5.4,,3.704,7.408,,340,,,0,,,,,,,0,og-post,,,,AAXX 21194 07591 24/// /3402 10006 21054 39220 48525 51014 700// 333 60005 90710 91104=
07591,2009-02-21 20:00:00,0.1,,1.4,65,-5.7,,7.408,11.112,,360,,,0,,,,,,,0,og-post,,,,AAXX 21204 07591 24/// /3604 10001 21057 39225 48528 51014 700// 333 60005 90710 91106=
07591,2009-02-21 21:00:00,-0.9,,0.7,72,-5.3,,3.704,11.112,,210,,,0,0,,,,,,0,og-post,,,,AAXX 21214 07591 24/// /2102 11009 21053 39225 48526 51007 700// 333 60007 90710 91106 555 60005=
07591,2009-02-21 22:00:00,-1.8,,0.5,76,-5.5,,,7.408,,,,,0,,,,,,,0,og-post,,,,AAXX 21224 07591 24/// /0000 11018 21055 39225 48524 51005 700// 333 60005 90710 91104=
07591,2009-02-21 23:00:00,-1.8,,0.3,74,-5.8,,7.408,11.112,,30,,,0,,,,,,,0,og-post,,,,AAXX 21234 07591 24/// /0304 11018 21058 39228 48526 53003 700// 333 60005 90710 91106=
07591,2009-02-22 00:00:00,-2.7,,0.3,78,-6,,,7.408,,,,,0,0,,,,,,0,og-post,,,,AAXX 22004 07591 04/// /0000 11027 21060 39228 48524 52003 60001 700// 333 60007 90710 91104 555 60005=
07591,2009-02-22 01:00:00,-3.4,,0,82,-6,,,7.408,,,,,0,,,,,,,0,og-post,,,,AAXX 22014 07591 24/// /0000 11034 21060 39225 48520 50000 700// 333 60005 90710 91104=
07591,2009-02-22 02:00:00,-3.2,,-0.6,79,-6.3,,7.408,11.112,,30,,,0,,,,,,,0,og-post,,,,AAXX 22024 07591 24/// /0304 11032 21063 39222 48518 58006 700// 333 60005 90710 91106=
07591,2009-02-22 03:00:00,-3.5,,-1.4,79,-6.6,,11.112,18.52,,50,,,0,0,,,,,,0,og-post,,,,AAXX 22034 07591 24/// /0506 11035 21066 39214 48510 58014 700// 333 60007 90710 91110 555 60005=
07591,2009-02-22 04:00:00,-3.7,,-1.3,79,-6.8,,3.704,18.52,,150,,,0,,,,,,,0,og-post,,,,AAXX 22044 07591 24/// /1502 11037 21068 39212 48508 56013 700// 333 60005 90710 91110=
07591,2009-02-22 05:00:00,-4.4,,-1.5,83,-6.8,,7.408,11.112,,50,,,0,,,,,,,0,og-post,,,,AAXX 22054 07591 24/// /0504 11044 21068 39207 48502 56015 700// 333 60005 90710 91106=
07591,2009-02-22 06:00:00,-4.5,,-1.2,81,-7.3,,3.704,7.408,,300,-4.6,3.2,0,0,,,0,9,-7,0,og-post,,,,AAXX 22064 07591 04/// /3002 11045 21073 39202 48498 58012 60002 700// 333 10032 21046 3/107 55090 60007 70000 90710 91104 555 60005=
07591,2009-02-22 07:00:00,-4.4,,-1,80,-7.3,,3.704,11.112,,10,,,0,,,,,,,0,og-post,,,,AAXX 22074 07591 24/// /0102 11044 21073 39202 48498 56010 700// 333 60005 90710 91106=
07591,2009-02-22 08:00:00,-3.9,,-0.8,79,-7,,,11.112,,,,,0,,,,,,,0,og-post,,,,AAXX 22084 07591 24/// /0000 11039 21070 39199 48496 56008 700// 333 60005 90710 91106=
07591,2009-02-22 09:00:00,-0.3,,-0.5,64,-6.3,,3.704,11.112,,170,,,0,0,,,,,,0,og-post,,,,AAXX 22094 07591 24/// /1702 11003 21063 39197 48503 58005 700// 333 60007 90710 91106 555 60005=
07591,2009-02-22 10:00:00,2.4,,-1.2,51,-6.7,,7.408,14.816,,220,,,0,,,,,,,0,og-post,,,,AAXX 22104 07591 24/// /2204 10024 21067 39190 48503 58012 700// 333 60005 90710 91108=
07591,2009-02-22 11:00:00,5.4,,-1.2,42,-6.5,,3.704,14.816,,200,,,0,,,,,,,0,og-post,,,,AAXX 22114 07591 24/// /2002 10054 21065 39187 48507 58012 700// 333 60005 90710 91108=
07591,2009-02-22 12:00:00,6.8,,-1.6,46,-4,,7.408,18.52,,190,,,0,0,,,,,,0,og-post,,,,AAXX 22124 07591 04/// /1904 10068 21040 39181 48505 56016 60001 700// 333 60007 90710 91110 555 60005=
07591,2009-02-22 13:00:00,9.3,,-1.7,45,-2,,7.408,14.816,,180,,,0,,,,,,,0,og-post,,,,AAXX 22134 07591 24/// /1804 10093 21020 39173 48504 58017 700// 333 60005 90710 91108=
07591,2009-02-22 14:00:00,10.2,,-2.3,47,-0.6,,3.704,18.52,,200,,,0,,,,,,,0,og-post,,,,AAXX 22144 07591 24/// /2002 10102 21006 39164 48498 58023 700// 333 60005 90710 91110=
07591,2009-02-22 15:00:00,10.9,,-2.4,48,0.3,,11.112,22.224,,210,,,0,0,,,,,,0,og-post,,,,AAXX 22154 07591 24/// /2106 10109 20003 39157 48494 56024 700// 333 60007 90710 91112 555 60005=
07591,2009-02-22 16:00:00,9.4,,-1.6,53,0.3,,11.112,22.224,,200,,,0,,,,,,,0,og-post,,,,AAXX 22164 07591 24/// /2006 10094 20003 39157 48490 56016 700// 333 60005 90710 91112=
07591,2009-02-22 17:00:00,6.2,,-0.7,62,-0.5,,7.408,25.928,,210,,,0,,,,,,,0,og-post,,,,AAXX 22174 07591 24/// /2104 10062 21005 39157 48483 56007 700// 333 60005 90710 91114=
07591,2009-02-22 18:00:00,4.1,,0.3,70,-0.9,,3.704,11.112,,160,-4.8,10.9,0,0,,,,,,0,og-post,,,,AAXX 22184 07591 04/// /1602 10041 21009 39160 48481 53003 60002 700// 333 10109 21048 60007 90710 91106 555 60005=
07591,2009-02-22 19:00:00,2.4,,0.5,78,-1,,3.704,11.112,,320,,,0,,,,,,,0,og-post,,,,AAXX 22194 07591 24/// /3202 10024 21010 39162 48479 53005 700// 333 60005 90710 91106=
07591,2009-02-22 20:00:00,1.3,,0.7,82,-1.4,,,7.408,,,,,0,,,,,,,0,og-post,,,,AAXX 22204 07591 24/// /0000 10013 21014 39164 48479 51007 700// 333 60005 90710 91104=
07591,2009-02-22 21:00:00,0.6,,0.5,85,-1.6,,3.704,7.408,,230,,,0,0,,,,,,0,og-post,,,,AAXX 22214 07591 24/// /2302 10006 21016 39165 48478 51005 700// 333 60007 90710 91104 555 60005=
07591,2009-02-22 22:00:00,-0.4,,0.3,87,-2.3,,3.704,7.408,,30,,,0,,,,,,,0,og-post,,,,AAXX 22224 07591 24/// /0302 11004 21023 39165 48476 51003 700// 333 60005 90710 91104=
07591,2009-02-22 23:00:00,-1.2,,0.1,89,-2.8,,3.704,7.408,,30,,,0,,,,,,,0,og-post,,,,AAXX 22234 07591 24/// /0302 11012 21028 39165 48474 51001 700// 333 60005 90710 91104=
07591,2009-02-23 00:00:00,-0.9,,-0.9,86,-2.9,,3.704,14.816,,60,,,0,0,,,,,,0,og-post,,,,AAXX 23004 07591 04/// /0602 11009 21029 39156 48467 58009 60001 700// 333 60007 90710 91108 555 60005=
07591,2009-02-23 01:00:00,-2,,-1,89,-3.6,,,7.408,,,,,0,,,,,,,0,og-post,,,,AAXX 23014 07591 24/// /0000 11020 21036 39155 48464 58010 700// 333 60005 90710 91104=
07591,2009-02-23 02:00:00,-2.5,,-0.8,90,-3.9,,3.704,7.408,,10,,,0,,,,,,,0,og-post,,,,AAXX 23024 07591 24/// /0102 11025 21039 39157 48464 55008 700// 333 60005 90710 91104=
07591,2009-02-23 03:00:00,-2.9,,-0.5,90,-4.3,,,14.816,,,,,0,0,,,,,,0,og-post,,,,AAXX 23034 07591 24/// /0000 11029 21043 39151 48458 58005 700// 333 60007 90710 91108 555 60005=
07591,2009-02-23 04:00:00,-2.8,,-0.6,91,-4.1,,3.704,11.112,,230,,,0,,,,,,,0,og-post,,,,AAXX 23044 07591 24/// /2302 11028 21041 39149 48457 58006 700// 333 60005 90710 91106=
07591,2009-02-23 05:00:00,-3,,-0.8,91,-4.3,,7.408,7.408,,40,,,0,,,,,,,0,og-post,,,,AAXX 23054 07591 24/// /0404 11030 21043 39149 48456 56008 700// 333 60005 90710 91104=
07591,2009-02-23 06:00:00,-3.4,,-0.4,91,-4.7,,7.408,11.112,,50,-3.4,4,0,0,,,0,8.9,-7,0,og-post,,,,AAXX 23064 07591 04/// /0504 11034 21047 39147 48454 57004 60002 700// 333 10040 21034 3/107 55089 60007 70000 90710 91106 555 60005=
07591,2009-02-23 07:00:00,-3.9,,-0.2,92,-5,,3.704,11.112,,50,,,0,,,,,,,0,og-post,,,,AAXX 23074 07591 24/// /0502 11039 21050 39147 48452 57002 700// 333 60005 90710 91106=
07591,2009-02-23 08:00:00,-1.7,,-0.5,88,-3.4,,11.112,14.816,,60,,,0,,,,,,,0,og-post,,,,AAXX 23084 07591 24/// /0606 11017 21034 39144 48455 58005 700// 333 60005 90710 91108=
07591,2009-02-23 09:00:00,1.1,,-0.8,77,-2.5,,3.704,22.224,,100,,,0,0,,,,,,0,og-post,,,,AAXX 23094 07591 24/// /1002 10011 21025 39139 48456 58008 700// 333 60007 90710 91112 555 60005=
07591,2009-02-23 10:00:00,4.1,,-1.4,59,-3.2,,7.408,14.816,,190,,,0.2,,,,,,,0,og-post,,,,AAXX 23104 07591 24/// /1904 10041 21032 39133 48457 58014 700// 333 69925 90710 91108=
07591,2009-02-23 11:00:00,5.8,,-1.7,48,-4.3,,7.408,14.816,,230,,,0,,,,,,,0,og-post,,,,AAXX 23114 07591 24/// /2304 10058 21043 39127 48456 58017 700// 333 60005 90710 91108=
07591,2009-02-23 12:00:00,8.1,,-2.2,44,-3.4,,11.112,22.224,,200,,,0,0.2,0.2,,,,,0,og-post,,,,AAXX 23124 07591 04/// /2006 10081 21034 39117 48452 58022 69921 700// 333 69927 90710 91112 555 60005=
07591,2009-02-23 13:00:00,9,,-2.6,39,-4.2,,11.112,25.928,,220,,,0,,,,,,,0,og-post,,,,AAXX 23134 07591 24/// /2206 10090 21042 39107 48444 58026 700// 333 60005 90710 91114=
07591,2009-02-23 14:00:00,9.2,,-2.7,40,-3.7,,18.52,29.632,,220,,,0,,,,,,,0,og-post,,,,AAXX 23144 07591 24/// /2210 10092 21037 39100 48438 56027 700// 333 60005 90710 91116=
07591,2009-02-23 15:00:00,9.2,,-2.2,42,-3,,11.112,25.928,,210,,,0,0,,,,,,0,og-post,,,,AAXX 23154 07591 24/// /2106 10092 21030 39095 48434 56022 700// 333 60007 90710 91114 555 60005=
07591,2009-02-23 16:00:00,7.9,,-1.4,44,-3.6,,11.112,22.224,,210,,,0,,,,,,,0,og-post,,,,AAXX 23164 07591 24/// /2106 10079 21036 39093 48430 56014 700// 333 60005 90710 91112=
07591,2009-02-23 17:00:00,5.9,,-0.4,51,-3.4,,18.52,25.928,,260,,,0,,,,,,,0,og-post,,,,AAXX 23174 07591 24/// /2610 10059 21034 39096 48428 55004 700// 333 60005 90710 91114=
07591,2009-02-23 18:00:00,4.2,,0.8,55,-4,,7.408,31.484,,210,-4,9.7,0,0,,0.2,,,,0,og-post,,,,AAXX 23184 07591 04/// /2104 10042 21040 39103 48431 53008 69922 700// 333 10097 21040 60007 90710 91117 555 60005=
07591,2009-02-23 19:00:00,2.7,,1.5,59,-4.5,,3.704,14.816,,210,,,0,,,,,,,0,og-post,,,,AAXX 23194 07591 24/// /2102 10027 21045 39108 48433 53015 700// 333 60005 90710 91108=
07591,2009-02-23 20:00:00,1,,1.9,69,-4,,,11.112,,,,,0,,,,,,,0,og-post,,,,AAXX 23204 07591 24/// /0000 10010 21040 39115 48435 52019 700// 333 60005 90710 91106=
07591,2009-02-23 21:00:00,0,,1.9,70,-4.8,,,7.408,,,,,0,0,,,,,,0,og-post,,,,AAXX 23214 07591 24/// /0000 10000 21048 39122 48439 53019 700// 333 60007 90710 91104 555 60005=
07591,2009-02-23 22:00:00,-0.5,,1.7,70,-5.3,,3.704,7.408,,360,,,0,,,,,,,0,og-post,,,,AAXX 23224 07591 24/// /3602 11005 21053 39125 48441 51017 700// 333 60005 90710 91104=
07591,2009-02-23 23:00:00,-1.3,,1.3,73,-5.5,,,7.408,,,,,0,,,,,,,0,og-post,,,,AAXX 23234 07591 24/// /0000 11013 21055 39128 48442 51013 700// 333 60005 90710 91104=
07591,2009-02-24 00:00:00,-1.7,,0.5,73,-5.9,,3.704,7.408,,360,,,0,0,,,,,,0,og-post,,,,AAXX 24004 07591 04/// /3602 11017 21059 39127 48440 50005 60001 700// 333 60007 90710 91104 555 60005=
07591,2009-02-24 01:00:00,-2.4,,0.3,79,-5.5,,3.704,11.112,,210,,,0,,,,,,,0,og-post,,,,AAXX 24014 07591 24/// /2102 11024 21055 39128 48439 51003 700// 333 60005 90710 91106=
07591,2009-02-24 02:00:00,-3.1,,-0.3,80,-6,,3.704,7.408,,10,,,0,,,,,,,0,og-post,,,,AAXX 24024 07591 24/// /0102 11031 21060 39125 48435 58003 700// 333 60005 90710 91104=
07591,2009-02-24 03:00:00,-3.3,,-0.7,78,-6.6,,3.704,7.408,,280,,,0,0,,,,,,0,og-post,,,,AAXX 24034 07591 24/// /2802 11033 21066 39120 48431 58007 700// 333 60007 90710 91104 555 60005=
07591,2009-02-24 04:00:00,-4.1,,-1,82,-6.7,,3.704,7.408,,320,,,0,,,,,,,0,og-post,,,,AAXX 24044 07591 24/// /3202 11041 21067 39118 48427 56010 700// 333 60005 90710 91104=
07591,2009-02-24 05:00:00,-4.1,,-0.3,79,-7.2,,3.704,11.112,,350,,,0,,,,,,,0,og-post,,,,AAXX 24054 07591 24/// /3502 11041 21072 39122 48431 55003 700// 333 60005 90710 91106=
07591,2009-02-24 06:00:00,-4.9,,0.5,83,-7.3,,3.704,11.112,,30,-4.9,4.2,0,0,,,0.2,9.2,-8,0,og-post,,,,AAXX 24064 07591 04/// /0302 11049 21073 39125 48431 53005 60002 700// 333 10042 21049 3/108 55092 60007 70002 90710 91106 555 60005=
07591,2009-02-24 07:00:00,-4.8,,1.5,81,-7.5,,7.408,11.112,,30,,,0,,,,,,,0,og-post,,,,AAXX 24074 07591 24/// /0304 11048 21075 39133 48438 53015 700// 333 60005 90710 91106=
07591,2009-02-24 08:00:00,-1.8,,1.5,74,-5.8,,3.704,7.408,,80,,,0,,,,,,,0,og-post,,,,AAXX 24084 07591 24/// /0802 11018 21058 39137 48448 53015 700// 333 60005 90710 91104=
07591,2009-02-24 09:00:00,1.3,,1.4,57,-6.3,,7.408,14.816,,180,,,0,0,,,,,,0,og-post,,,,AAXX 24094 07591 24/// /1804 10013 21063 39139 48457 51014 700// 333 60007 90710 91108 555 60005=
07591,2009-02-24 10:00:00,3.5,,1,52,-5.4,,7.408,18.52,,210,,,0,,,,,,,0,og-post,,,,AAXX 24104 07591 24/// /2104 10035 21054 39143 48465 52010 700// 333 60005 90710 91110=
07591,2009-02-24 11:00:00,6.2,,0.6,39,-6.7,,3.704,14.816,,200,,,0,,,,,,,0,og-post,,,,AAXX 24114 07591 24/// /2002 10062 21067 39143 48470 51006 700// 333 60005 90710 91108=
07591,2009-02-24 12:00:00,7.8,,0.1,40,-4.9,,7.408,18.52,,180,,,0,0,,,,,,0,og-post,,,,AAXX 24124 07591 04/// /1804 10078 21049 39140 48471 50001 60001 700// 333 60007 90710 91110 555 60005=
07591,2009-02-24 13:00:00,9.3,,-0.8,34,-5.7,,14.816,25.928,,210,,,0,,,,,,,0,og-post,,,,AAXX 24134 07591 24/// /2108 10093 21057 39135 48470 58008 700// 333 60005 90710 91114=
07591,2009-02-24 14:00:00,9.3,,-1,33,-6.1,,22.224,35.188,,210,,,0,,,,,,,0,og-post,,,,AAXX 24144 07591 24/// /2112 10093 21061 39133 48468 56010 700// 333 60005 90710 91119=
07591,2009-02-24 15:00:00,8.9,,-0.7,35,-5.7,,22.224,35.188,,220,,,0,0,,,,,,0,og-post,,,,AAXX 24154 07591 24/// /2212 10089 21057 39133 48467 56007 700// 333 60007 90710 91119 555 60005=
07591,2009-02-24 16:00:00,8.1,,-0,40,-4.7,,14.816,31.484,,210,,,0,,,,,,,0,og-post,,,,AAXX 24164 07591 24/// /2108 10081 21047 39135 48467 55000 700// 333 60005 90710 91117=
07591,2009-02-24 17:00:00,5.6,,0.9,49,-4.3,,14.816,25.928,,210,,,0,,,,,,,0,og-post,,,,AAXX 24174 07591 24/// /2108 10056 21043 39142 48468 53009 700// 333 60005 90710 91114=
07591,2009-02-24 18:00:00,3,,2,57,-4.7,,3.704,18.52,,320,-4.9,9.5,0,0,,,,,,0,og-post,,,,AAXX 24184 07591 04/// /3202 10030 21047 39153 48473 53020 60002 700// 333 10095 21049 60007 90710 91110 555 60005=
07591,2009-02-24 19:00:00,1.3,,2.3,64,-4.7,,3.704,7.408,,20,,,0,,,,,,,0,og-post,,,,AAXX 24194 07591 24/// /0202 10013 21047 39158 48473 51023 700// 333 60005 90710 91104=
07591,2009-02-24 20:00:00,0,,2.2,69,-5,,3.704,7.408,,40,,,0,,,,,,,0,og-post,,,,AAXX 24204 07591 24/// /0402 10000 21050 39164 48475 51022 700// 333 60005 90710 91104=
07591,2009-02-24 21:00:00,-1,,1.7,73,-5.2,,,7.408,,,,,0,0,,,,,,0,og-post,,,,AAXX 24214 07591 24/// /0000 11010 21052 39170 48478 53017 700// 333 60007 90710 91104 555 60005=
07591,2009-02-24 22:00:00,-1.8,,2.1,76,-5.5,,,7.408,,,,,0,,,,,,,0,og-post,,,,AAXX 24224 07591 24/// /0000 11018 21055 39179 48484 53021 700// 333 60005 90710 91104=
07591,2009-02-24 23:00:00,-1.9,,2.3,71,-6.4,,3.704,3.704,,330,,,0,,,,,,,0,og-post,,,,AAXX 24234 07591 24/// /3302 11019 21064 39187 48491 53023 700// 333 60005 90710 91102=
07591,2009-02-25 00:00:00,-2.3,,2.3,72,-6.6,,3.704,7.408,,50,,,0,0,,,,,,0,og-post,,,,AAXX 25004 07591 04/// /0502 11023 21066 39193 48495 51023 60001 700// 333 60007 90710 91104 555 60005=
07591,2009-02-25 01:00:00,-2.2,,1.7,66,-7.7,,3.704,7.408,,250,,,0,,,,,,,0,og-post,,,,AAXX 25014 07591 24/// /2502 11022 21077 39196 48498 51017 700// 333 60005 90710 91104=
07591,2009-02-25 02:00:00,-3.1,,1.5,78,-6.4,,3.704,7.408,,240,,,0,,,,,,,0,og-post,,,,AAXX 25024 07591 24/// /2402 11031 21064 39202 48501 52015 700// 333 60005 90710 91104=
07591,2009-02-25 03:00:00,-3.5,,1.2,78,-6.8,,3.704,7.408,,350,,,0,0,,,,,,0,og-post,,,,AAXX 25034 07591 24/// /3502 11035 21068 39205 48502 52012 700// 333 60007 90710 91104 555 60005=
07591,2009-02-25 04:00:00,-3.7,,1.2,76,-7.3,,3.704,11.112,,170,,,0,,,,,,,0,synop_v4,,,,
07591,2009-02-25 06:00:00,-3.4,,1.3,69,-8.3,,7.408,14.816,,40,-4.1,3,0,0,,,0,9.5,-8,0,og-post,,,,AAXX 25064 07591 04/// /0404 11034 21083 39218 48514 53013 60002 700// 333 10030 21041 3/108 55095 60007 70000 90710 91108 555 60005=
07591,2009-02-25 09:00:00,2.5,,2.1,45,-8.2,,14.816,31.484,,50,,,0,0,,,,,,0,og-post,,,,AAXX 25094 07591 24/// /0508 10025 21082 39239 48546 51021 700// 333 60007 90710 91117 555 60005=
07591,2009-02-25 10:00:00,4.4,,1.3,40,-8,,22.224,35.188,,20,,,0,,,,,,,0,og-post,,,,AAXX 25104 07591 24/// /0212 10044 21080 39240 48551 51013 700// 333 60005 90710 91119=
07591,2009-02-25 11:00:00,6.7,,0.7,34,-8,,11.112,35.188,,30,,,0,,,,,,,0,og-post,,,,AAXX 25114 07591 24/// /0306 10067 21080 39241 48558 51007 700// 333 60005 90710 91119=
07591,2009-02-25 12:00:00,8.9,,0,29,-8.1,,7.408,22.224,,190,,,0,0,,,,,,0,og-post,,,,AAXX 25124 07591 04/// /1904 10089 21081 39239 48561 50000 60001 700// 333 60007 90710 91112 555 60005=
07591,2009-02-25 13:00:00,9.8,,-0.6,30,-6.9,,11.112,22.224,,220,,,0,,,,,,,0,og-post,,,,AAXX 25134 07591 24/// /2206 10098 21069 39234 48559 58006 700// 333 60005 90710 91112=
07591,2009-02-25 14:00:00,10.1,,-0.8,31,-6.2,,14.816,22.224,,210,,,0,,,,,,,0,og-post,,,,AAXX 25144 07591 24/// /2108 10101 21062 39233 48559 56008 700// 333 60005 90710 91112=
07591,2009-02-25 15:00:00,10.1,,-0.8,30,-6.7,,11.112,22.224,,210,,,0,0,,,,,,0,og-post,,,,AAXX 25154 07591 24/// /2106 10101 21067 39231 48557 56008 700// 333 60007 90710 91112 555 60005=
07591,2009-02-25 16:00:00,9.5,,-0.5,31,-6.8,,11.112,22.224,,210,,,0,,,,,,,0,og-post,,,,AAXX 25164 07591 24/// /2106 10095 21068 39229 48554 58005 700// 333 60005 90710 91112=
07591,2009-02-25 17:00:00,7.3,,-0,38,-6.1,,3.704,18.52,,270,,,0,,,,,,,0,og-post,,,,AAXX 25174 07591 24/// /2702 10073 21061 39233 48552 55000 700// 333 60005 90710 91110=
07591,2009-02-25 18:00:00,4.2,,0.8,48,-5.8,,7.408,14.816,,60,-3.4,10.3,0,0,,,,,,0,og-post,,,,AAXX 25184 07591 04/// /0604 10042 21058 39239 48550 53008 60002 700// 333 10103 21034 60007 90710 91108 555 60005=
07591,2009-02-25 19:00:00,2.4,,1.5,55,-5.7,,3.704,18.52,,50,,,0,,,,,,,0,og-post,,,,AAXX 25194 07591 24/// /0502 10024 21057 39244 48550 53015 700// 333 60005 90710 91110=
07591,2009-02-25 20:00:00,1.1,,1.1,59,-6,,7.408,14.816,,40,,,0,,,,,,,0,og-post,,,,AAXX 25204 07591 24/// /0404 10011 21060 39244 48547 51011 700// 333 60005 90710 91108=
07591,2009-02-25 21:00:00,0.6,,0.7,60,-6.3,,11.112,14.816,,40,,,0,0,,,,,,0,og-post,,,,AAXX 25214 07591 24/// /0406 10006 21063 39246 48547 51007 700// 333 60007 90710 91108 555 60005=
07591,2009-02-25 22:00:00,-0.6,,0.4,66,-6.1,,3.704,14.816,,220,,,0,,,,,,,0,og-post,,,,AAXX 25224 07591 24/// /2202 11006 21061 39248 48546 53004 700// 333 60005 90710 91108=
07591,2009-02-25 23:00:00,-0.2,,0.2,62,-6.6,,11.112,14.816,,40,,,0,,,,,,,0,og-post,,,,AAXX 25234 07591 24/// /0406 11002 21066 39246 48545 50002 700// 333 60005 90710 91108=
07591,2009-02-26 00:00:00,0.1,,-0.5,58,-7.2,,14.816,18.52,,40,,,0,0,,,,,,0,og-post,,,,AAXX 26004 07591 04/// /0408 10001 21072 39241 48542 58005 60001 700// 333 60007 90710 91110 555 60005=
07591,2009-02-26 01:00:00,0.2,,-1.1,56,-7.5,,11.112,22.224,,40,,,0,,,,,,,0,og-post,,,,AAXX 26014 07591 24/// /0406 10002 21075 39237 48538 58011 700// 333 60005 90710 91112=
07591,2009-02-26 02:00:00,-0.9,,-0.6,65,-6.6,,3.704,22.224,,280,,,0,,,,,,,0,og-post,,,,AAXX 26024 07591 24/// /2802 11009 21066 39240 48538 55006 700// 333 60005 90710 91112=
07591,2009-02-26 03:00:00,-1.2,,-0.8,66,-6.7,,11.112,18.52,,50,,,0,0,,,,,,0,og-post,,,,AAXX 26034 07591 24/// /0506 11012 21067 39233 48532 58008 700// 333 60007 90710 91110 555 60005=
07591,2009-02-26 04:00:00,-2.2,,-0.7,70,-6.9,,11.112,18.52,,60,,,0,,,,,,,0,og-post,,,,AAXX 26044 07591 24/// /0606 11022 21069 39230 48527 58007 700// 333 60005 90710 91110=
07591,2009-02-26 05:00:00,-2.2,,-1.2,67,-7.5,,3.704,14.816,,150,,,0,,,,,,,0,og-post,,,,AAXX 26054 07591 24/// /1502 11022 21075 39228 48525 56012 700// 333 60005 90710 91108=
07591,2009-02-26 06:00:00,-3.6,,-0.5,79,-6.7,,3.704,7.408,,20,-3.6,4.1,0,0,,,0,9.6,-7,0,og-post,,,,AAXX 26064 07591 04/// /0202 11036 21067 39228 48522 56005 60002 700// 333 10041 21036 3/107 55096 60007 70000 90710 91104 555 60005=
07591,2009-02-26 07:00:00,-3.3,,-0.6,72,-7.6,,3.704,18.52,,20,,,0,,,,,,,0,og-post,,,,AAXX 26074 07591 24/// /0202 11033 21076 39224 48519 58006 700// 333 60005 90710 91110=
07591,2009-02-26 08:00:00,-0.4,,-0.1,64,-6.4,,3.704,11.112,,170,,,0,,,,,,,0,og-post,,,,AAXX 26084 07591 24/// /1702 11004 21064 39227 48529 55001 700// 333 60005 90710 91106=
07591,2009-02-26 09:00:00,1.7,,-0.9,51,-7.3,,7.408,11.112,,80,,,0,0,,,,,,0,og-post,,,,AAXX 26094 07591 24/// /0804 10017 21073 39219 48527 58009 700// 333 60007 90710 91106 555 60005=
07591,2009-02-26 10:00:00,4.9,,-0.9,44,-6.3,,3.704,14.816,,180,,,0,,,,,,,0,og-post,,,,AAXX 26104 07591 24/// /1802 10049 21063 39215 48531 58009 700// 333 60005 90710 91108=
07591,2009-02-26 11:00:00,6.4,,-0.8,38,-6.9,,7.408,18.52,,200,,,0,,,,,,,0,og-post,,,,AAXX 26114 07591 24/// /2004 10064 21069 39219 48538 55008 700// 333 60005 90710 91110=
07591,2009-02-26 12:00:00,8.7,,-1.6,35,-5.9,,11.112,14.816,,210,,,0,0,,,,,,0,og-post,,,,AAXX 26124 07591 04/// /2106 10087 21059 39203 48529 58016 60001 700// 333 60007 90710 91108 555 60005=
07591,2009-02-26 13:00:00,9.6,,-1.6,33,-5.9,,7.408,18.52,,200,,,0,,,,,,,0,og-post,,,,AAXX 26134 07591 24/// /2004 10096 21059 39199 48528 58016 700// 333 60005 90710 91110=
07591,2009-02-26 14:00:00,12.2,,-2.8,29,-5.3,,3.704,14.816,,360,,,0,,,,,,,0,og-post,,,,AAXX 26144 07591 24/// /3602 10122 21053 39191 48526 56028 700// 333 60005 90710 91108=
07591,2009-02-26 15:00:00,12.9,,-1.6,30,-4.2,,3.704,11.112,,150,,,0,0,,,,,,0,og-post,,,,AAXX 26154 07591 24/// /1502 10129 21042 39187 48525 57016 700// 333 60007 90710 91106 555 60005=
07591,2009-02-26 16:00:00,11.6,,-1.8,31,-4.9,,,11.112,,,,,0,,,,,,,0,og-post,,,,AAXX 26164 07591 24/// /0000 10116 21049 39181 48516 56018 700// 333 60005 90710 91106=
07591,2009-02-26 17:00:00,8.8,,-1.1,42,-3.4,,3.704,7.408,,360,,,0,,,,,,,0,og-post,,,,AAXX 26174 07591 24/// /3602 10088 21034 39180 48509 56011 700// 333 60005 90710 91104=
07591,2009-02-26 18:00:00,6,,-0.4,49,-3.9,,3.704,7.408,,20,-3.6,13.3,0,0,,,,,,0,og-post,,,,AAXX 26184 07591 04/// /0202 10060 21039 39183 48505 55004 60002 700// 333 10133 21036 60007 90710 91104 555 60005=
07591,2009-02-26 19:00:00,4.3,,0.3,54,-4.2,,7.408,11.112,,360,,,0,,,,,,,0,og-post,,,,AAXX 26194 07591 24/// /3604 10043 21042 39184 48502 53003 700// 333 60005 90710 91106=
07591,2009-02-26 20:00:00,2.8,,0,63,-3.5,,3.704,18.52,,60,,,0,,,,,,,0,og-post,,,,AAXX 26204 07591 24/// /0602 10028 21035 39180 48496 50000 700// 333 60005 90710 91110=
07591,2009-02-26 21:00:00,2.4,,-0.4,61,-4.3,,3.704,11.112,,20,,,0,0,,,,,,0,og-post,,,,AAXX 26214 07591 24/// /0202 10024 21043 39179 48494 58004 700// 333 60007 90710 91106 555 60005=
07591,2009-02-26 22:00:00,1.6,,-0.7,66,-4,,7.408,22.224,,60,,,0,,,,,,,0,og-post,,,,AAXX 26224 07591 24/// /0604 10016 21040 39177 48490 56007 700// 333 60005 90710 91112=
07591,2009-02-26 23:00:00,1,,-0.8,70,-3.8,,3.704,18.52,,70,,,0,,,,,,,0,og-post,,,,AAXX 26234 07591 24/// /0702 10010 21038 39172 48485 58008 700// 333 60005 90710 91110=
07591,2009-02-27 00:00:00,0.1,,-0.9,73,-4.2,,,18.52,,,,,0,0,,,,,,0,og-post,,,,AAXX 27004 07591 04/// /0000 10001 21042 39170 48481 57009 60001 700// 333 60007 90710 91110 555 60005=
07591,2009-02-27 01:00:00,0.1,,-1.1,72,-4.3,,7.408,14.816,,30,,,0,,,,,,,0,og-post,,,,AAXX 27014 07591 24/// /0304 10001 21043 39166 48477 56011 700// 333 60005 90710 91108=
07591,2009-02-27 02:00:00,-0.5,,-1,75,-4.4,,7.408,14.816,,30,,,0,,,,,,,0,og-post,,,,AAXX 27024 07591 24/// /0304 11005 21044 39162 48473 58010 700// 333 60005 90710 91108=
07591,2009-02-27 03:00:00,-1.2,,-1.4,78,-4.5,,3.704,14.816,,50,,,0,0,,,,,,0,og-post,,,,AAXX 27034 07591 24/// /0502 11012 21045 39156 48466 58014 700// 333 60007 90710 91108 555 60005=
07591,2009-02-27 04:00:00,-1.9,,-1.2,81,-4.7,,7.408,11.112,,50,,,0,,,,,,,0,og-post,,,,AAXX 27044 07591 24/// /0504 11019 21047 39154 48463 56012 700// 333 60005 90710 91106=
07591,2009-02-27 05:00:00,-1.9,,-1.2,80,-4.9,,7.408,11.112,,30,,,0,,,,,,,0,og-post,,,,AAXX 27054 07591 24/// /0304 11019 21049 39150 48459 56012 700// 333 60005 90710 91106=
07591,2009-02-27 06:00:00,-2.7,,-0.4,84,-5,,3.704,14.816,,120,-2.7,6,0,0,,,0,8.4,-5,0,og-post,,,,AAXX 27064 07591 04/// /1202 11027 21050 39152 48459 55004 60002 700// 333 10060 21027 3/105 55084 60007 70000 90710 91108 555 60005=
07591,2009-02-27 07:00:00,-2.5,,-0,85,-4.7,,7.408,14.816,,40,,,0,,,,,,,0,og-post,,,,AAXX 27074 07591 24/// /0404 11025 21047 39154 48461 55000 700// 333 60005 90710 91108=
07591,2009-02-27 08:00:00,0.2,,0.2,72,-4.2,,3.704,14.816,,180,,,0,,,,,,,0,og-post,,,,AAXX 27084 07591 24/// /1802 10002 21042 39152 48466 50002 700// 333 60005 90710 91108=
07591,2009-02-27 09:00:00,2.6,,0,64,-3.5,,3.704,11.112,,200,,,0,0,,,,,,0,og-post,,,,AAXX 27094 07591 24/// /2002 10026 21035 39152 48471 50000 700// 333 60007 90710 91106 555 60005=
07591,2009-02-27 10:00:00,6.1,,-0.1,49,-3.8,,7.408,11.112,,220,,,0,,,,,,,0,og-post,,,,AAXX 27104 07591 24/// /2204 10061 21038 39153 48479 55001 700// 333 60005 90710 91106=
07591,2009-02-27 11:00:00,8.9,,0.1,38,-4.6,,7.408,14.816,,210,,,0,,,,,,,0,og-post,,,,AAXX 27114 07591 24/// /2104 10089 21046 39153 48485 52001 700// 333 60005 90710 91108=
07591,2009-02-27 12:00:00,11,,-0.5,35,-3.8,,11.112,18.52,,180,,,0,0,,,,,,0,og-post,,,,AAXX 27124 07591 04/// /1806 10110 21038 39147 48484 58005 60001 700// 333 60007 90710 91110 555 60005=
07591,2009-02-27 13:00:00,12.8,,-0.9,32,-3.5,,7.408,18.52,,220,,,0,,,,,,,0,og-post,,,,AAXX 27134 07591 24/// /2204 10128 21035 39144 48486 58009 700// 333 60005 90710 91110=
07591,2009-02-27 14:00:00,14.1,,-1.4,31,-2.8,,7.408,25.928,,200,,,0,,,,,,,0,og-post,,,,AAXX 27144 07591 24/// /2004 10141 21028 39139 48484 56014 700// 333 60005 90710 91114=
07591,2009-02-27 15:00:00,14.4,,-0.7,31,-2.5,,11.112,14.816,,220,,,0,0,,,,,,0,og-post,,,,AAXX 27154 07591 24/// /2206 10144 21025 39140 48485 55007 700// 333 60007 90710 91108 555 60005=
07591,2009-02-27 16:00:00,14.4,,-0.5,33,-1.6,,7.408,18.52,,230,,,0,,,,,,,0,og-post,,,,AAXX 27164 07591 24/// /2304 10144 21016 39139 48485 56005 700// 333 60005 90710 91110=
07591,2009-02-27 17:00:00,11.3,,0.3,42,-1.1,,3.704,11.112,,270,,,0,,,,,,,0,og-post,,,,AAXX 27174 07591 24/// /2702 10113 21011 39142 48481 53003 700// 333 60005 90710 91106=
07591,2009-02-27 18:00:00,7.2,,0.9,55,-1.2,,3.704,7.408,,360,-2.9,14.8,0,0,,,,,,0,og-post,,,,AAXX 27184 07591 04/// /3602 10072 21012 39149 48478 53009 60002 700// 333 10148 21029 60007 90710 91104 555 60005=
07591,2009-02-27 19:00:00,5.7,,1.4,59,-1.7,,7.408,11.112,,10,,,0,,,,,,,0,og-post,,,,AAXX 27194 07591 24/// /0104 10057 21017 39153 48479 53014 700// 333 60005 90710 91106=
07591,2009-02-27 20:00:00,4.2,,1.1,66,-1.6,,3.704,22.224,,330,,,0,,,,,,,0,og-post,,,,AAXX 27204 07591 24/// /3302 10042 21016 39153 48475 51011 700// 333 60005 90710 91112=
07591,2009-02-27 21:00:00,2.9,,1,73,-1.5,,3.704,11.112,,290,,,0,0,,,,,,0,og-post,,,,AAXX 27214 07591 24/// /2902 10029 21015 39159 48478 53010 700// 333 60007 90710 91106 555 60005=
07591,2009-02-27 22:00:00,2.1,,1.3,75,-1.9,,3.704,7.408,,220,,,0,,,,,,,0,og-post,,,,AAXX 27224 07591 24/// /2202 10021 21019 39166 48482 53013 700// 333 60005 90710 91104=
07591,2009-02-27 23:00:00,1.9,,1.5,76,-1.9,,7.408,14.816,,20,,,0,,,,,,,0,og-post,,,,AAXX 27234 07591 24/// /0204 10019 21019 39168 48483 51015 700// 333 60005 90710 91108=
07591,2009-02-28 00:00:00,1.7,,0.7,76,-2.1,,14.816,22.224,,30,,,0,0,,,,,,0,og-post,,,,AAXX 28004 07591 04/// /0308 10017 21021 39166 48481 50007 60001 700// 333 60007 90710 91112 555 60005=
07591,2009-02-28 01:00:00,1.3,,0.2,79,-1.9,,3.704,29.632,,220,,,0,,,,,,,0,og-post,,,,AAXX 28014 07591 24/// /2202 10013 21019 39168 48482 52002 700// 333 60005 90710 91116=
07591,2009-02-28 02:00:00,1.3,,-0.1,78,-2.1,,7.408,18.52,,70,,,0,,,,,,,0,og-post,,,,AAXX 28024 07591 24/// /0704 10013 21021 39167 48481 56001 700// 333 60005 90710 91110=
07591,2009-02-28 03:00:00,0.4,,0.1,83,-2.1,,3.704,11.112,,20,,,0,0,,,,,,0,og-post,,,,AAXX 28034 07591 24/// /0202 10004 21021 39167 48479 51001 700// 333 60007 90710 91106 555 60005=
07591,2009-02-28 04:00:00,-0.1,,-0.3,84,-2.5,,7.408,14.816,,30,,,0,,,,,,,0,og-post,,,,AAXX 28044 07591 24/// /0304 11001 21025 39165 48476 58003 700// 333 60005 90710 91108=
07591,2009-02-28 05:00:00,1.3,,-0.3,77,-2.3,,14.816,25.928,,50,,,0,,,,,,,0,og-post,,,,AAXX 28054 07591 24/// /0508 10013 21023 39164 48479 58003 700// 333 60005 90710 91114=
07591,2009-02-28 06:00:00,1.6,,-0.4,74,-2.5,,14.816,22.224,,50,-0.1,7.2,0,0,,,0,9.8,-3,0,og-post,,,,AAXX 28064 07591 04/// /0508 10016 21025 39163 48478 56004 60002 700// 333 10072 21001 3/103 55098 60007 70000 90710 91112 555 60005=
07591,2009-02-28 07:00:00,1.5,,0.2,74,-2.6,,11.112,22.224,,50,,,0,,,,,,,0,og-post,,,,AAXX 28074 07591 24/// /0506 10015 21026 39167 48482 53002 700// 333 60005 90710 91112=
07591,2009-02-28 08:00:00,4.3,,0.5,64,-1.9,,11.112,22.224,,70,,,0,,,,,,,0,og-post,,,,AAXX 28084 07591 24/// /0706 10043 21019 39169 48490 53005 700// 333 60005 90710 91112=
07591,2009-02-28 09:00:00,7.4,,0.2,52,-1.8,,14.816,25.928,,60,,,0,0,,,,,,0,og-post,,,,AAXX 28094 07591 24/// /0608 10074 21018 39165 48493 50002 700// 333 60007 90710 91114 555 60005=
07591,2009-02-28 10:00:00,10.1,,-0.8,42,-2.2,,22.224,29.632,,30,,,0,,,,,,,0,og-post,,,,AAXX 28104 07591 24/// /0312 10101 21022 39159 48493 58008 700// 333 60005 90710 91116=
07591,2009-02-28 11:00:00,12.7,,-2.1,36,-2,,18.52,25.928,,30,,,0,,,,,,,0,og-post,,,,AAXX 28114 07591 24/// /0310 10127 21020 39148 48489 58021 700// 333 60005 90710 91114=
07591,2009-02-28 12:00:00,15.4,,-2.6,31,-1.6,,7.408,22.224,,50,,,0,0,,,,,,0,og-post,,,,AAXX 28124 07591 04/// /0504 10154 21016 39139 48487 58026 60001 700// 333 60007 90710 91112 555 60005=
07591,2009-02-28 13:00:00,18,,-2.7,24,-2.8,,7.408,18.52,,180,,,0,,,,,,,0,og-post,,,,AAXX 28134 07591 24/// /1804 10180 21028 39132 48486 56027 700// 333 60005 90710 91110=
07591,2009-02-28 14:00:00,17.9,,-2.3,27,-1.3,,18.52,29.632,,220,,,0,,,,,,,0,og-post,,,,AAXX 28144 07591 24/// /2210 10179 21013 39125 48479 56023 700// 333 60005 90710 91116=
07591,2009-02-28 15:00:00,16.9,,-1.5,28,-1.7,,18.52,31.484,,220,,,0,0,,,,,,0,og-post,,,,AAXX 28154 07591 24/// /2210 10169 21017 39124 48476 56015 700// 333 60007 90710 91117 555 60005=
07591,2009-02-28 16:00:00,14.9,,-1,38,0.7,,22.224,31.484,,210,,,0,,,,,,,0,og-post,,,,AAXX 28164 07591 24/// /2112 10149 20007 39122 48470 56010 700// 333 60005 90710 91117=
07591,2009-02-28 17:00:00,11.7,,0.1,55,3,,7.408,31.484,,210,,,0,,,,,,,0,og-post,,,,AAXX 28174 07591 24/// /2104 10117 20030 39126 48468 53001 700// 333 60005 90710 91117=
07591,2009-02-28 18:00:00,9.8,,1.2,60,2.4,,7.408,22.224,,180,1.3,18.2,0,0,,,,,,0,og-post,,,,AAXX 28184 07591 04/// /1804 10098 20024 39136 48473 53012 60002 700// 333 10182 20013 60007 90710 91112 555 60005=
07591,2009-02-28 19:00:00,8.3,,1.2,65,2.1,,3.704,18.52,,10,,,0,,,,,,,0,og-post,,,,AAXX 28194 07591 24/// /0102 10083 20021 39134 48468 50012 700// 333 60005 90710 91110=
07591,2009-02-28 20:00:00,6.9,,1,70,1.8,,3.704,11.112,,350,,,0,,,,,,,0,og-post,,,,AAXX 28204 07591 24/// /3502 10069 20018 39136 48466 51010 700// 333 60005 90710 91106=
07591,2009-02-28 21:00:00,5.4,,0.9,74,1.1,,3.704,7.408,,300,,,0,0,,,,,,0,og-post,,,,AAXX 28214 07591 24/// /3002 10054 20011 39145 48471 53009 700// 333 60007 90710 91104 555 60005=
07591,2009-02-28 22:00:00,4.8,,1.1,77,1.1,,3.704,7.408,,360,,,0,,,,,,,0,og-post,,,,AAXX 28224 07591 24/// /3602 10048 20011 39145 48470 51011 700// 333 60005 90710 91104=
07591,2009-03-01 00:00:00,4.2,,0.2,83,1.6,,3.704,7.408,,340,,,0,0,,,,,,0,og-post,,,,AAXX 01004 07591 04/// /3402 10042 20016 39147 48470 52002 60001 700// 333 60007 90710 91104 555 60005=
07591,2009-03-01 01:00:00,3.8,,-0.1,87,1.8,,11.112,18.52,,40,,,0,,,,,,,0,og-post,,,,AAXX 01014 07591 24/// /0406 10038 20018 39144 48467 58001 700// 333 60005 90710 91110=
07591,2009-03-01 02:00:00,4.4,,-1.2,81,1.4,,11.112,22.224,,40,,,0,,,,,,,0,og-post,,,,AAXX 01024 07591 24/// /0406 10044 20014 39135 48460 58012 700// 333 60005 90710 91112=
07591,2009-03-01 03:00:00,3.8,,-1.7,85,1.5,,3.704,14.816,,50,,,0,0,,,,,,0,og-post,,,,AAXX 01034 07591 24/// /0502 10038 20015 39130 48455 58017 700// 333 60007 90710 91108 555 60005=
07591,2009-03-01 04:00:00,5.6,,-1.8,74,1.3,,25.928,35.188,,20,,,0,,,,,,,60,og-post,,,,AAXX 01044 07591 24/// /0214 10056 20013 39126 48455 56018 760// 333 60005 90710 91119=
07591,2009-03-01 05:00:00,6,,-0.5,72,1.3,,11.112,31.484,,360,,,0,,,,,,,0,og-post,,,,AAXX 01054 07591 24/// /3606 10060 20013 39130 48459 55005 700// 333 60005 90710 91117=
07591,2009-03-01 06:00:00,4.5,,-0.2,86,2.4,,7.408,11.112,,50,3.6,9.8,0.2,0.2,,0.2,0.2,9,2,61,og-post,,,,AAXX 01064 07591 04/// /0504 10045 20024 39128 48454 56002 69922 761// 333 10098 20036 3/002 55090 69927 70002 90710 91106 555 69925=
07591,2009-03-01 07:00:00,4,,0,91,2.7,,7.408,22.224,,60,,,1,,,,,,,61,og-post,,,,AAXX 01074 07591 24/// /0604 10040 20027 39126 48452 50000 761// 333 60015 90710 91112=
07591,2009-03-01 08:00:00,4.2,,-0.3,91,2.9,,7.408,11.112,,40,,,0,,,,,,,53,og-post,,,,AAXX 01084 07591 24/// /0404 10042 20029 39127 48453 55003 753// 333 60005 90710 91106=
07591,2009-03-01 09:00:00,4.9,,-0.2,90,3.4,,3.704,14.816,,50,,,0,1,,,,,,21,og-post,,,,AAXX 01094 07591 24/// /0502 10049 20034 39126 48454 56002 721// 333 60017 90710 91108 555 60005=
07591,2009-03-01 10:00:00,6.2,,-0.1,84,3.7,,3.704,7.408,,170,,,0,,,,,,,0,og-post,,,,AAXX 01104 07591 24/// /1702 10062 20037 39125 48456 58001 700// 333 60005 90710 91104=
07591,2009-03-01 11:00:00,7.3,,-0.5,76,3.4,,3.704,11.112,,150,,,0,,,,,,,0,og-post,,,,AAXX 01114 07591 24/// /1502 10073 20034 39122 48455 58005 700// 333 60005 90710 91106=
07591,2009-03-01 12:00:00,7.7,,-0.9,77,3.9,,11.112,14.816,,210,,,0,0,1,,,,,0,og-post,,,,AAXX 01124 07591 04/// /2106 10077 20039 39117 48452 58009 60011 700// 333 60007 90710 91108 555 60005=
07591,2009-03-01 13:00:00,7.5,,-1.1,77,3.7,,11.112,18.52,,220,,,0,,,,,,,0,og-post,,,,AAXX 01134 07591 24/// /2206 10075 20037 39114 48448 57011 700// 333 60005 90710 91110=
07591,2009-03-01 14:00:00,7.2,,-1.1,83,4.5,,7.408,22.224,,210,,,0,,,,,,,0,og-post,,,,AAXX 01144 07591 24/// /2104 10072 20045 39111 48445 56011 700// 333 60005 90710 91112=
07591,2009-03-01 15:00:00,7.3,,-0.9,82,4.4,,7.408,14.816,,210,,,0,0,,,,,,0,og-post,,,,AAXX 01154 07591 24/// /2104 10073 20044 39108 48443 57009 700// 333 60007 90710 91108 555 60005=
07591,2009-03-01 16:00:00,6.9,,-0.5,82,4,,3.704,7.408,,190,,,0,,,,,,,0,og-post,,,,AAXX 01164 07591 24/// /1902 10069 20040 39109 48443 55005 700// 333 60005 90710 91104=
07591,2009-03-01 17:00:00,6.5,,-0.1,88,4.7,,3.704,7.408,,180,,,0.2,,,,,,,21,og-post,,,,AAXX 01174 07591 24/// /1802 10065 20047 39110 48443 55001 721// 333 69925 90710 91104=
07591,2009-03-01 18:00:00,5.6,,0.6,91,4.2,,,7.408,,,4,7.9,0,0.2,,1,,,,21,og-post,,,,AAXX 01184 07591 04/// /0000 10056 20042 39114 48445 53006 60012 721// 333 10079 20040 69927 90710 91104 555 60005=
07591,2009-03-01 19:00:00,5.1,,0.9,92,3.9,,,3.704,,,,,0,,,,,,,0,og-post,,,,AAXX 01194 07591 24/// /0000 10051 20039 39118 48447 53009 700// 333 60005 90710 91102=
07591,2009-03-01 20:00:00,4.9,,0.9,93,3.9,,3.704,7.408,,60,,,0.2,,,,,,,60,og-post,,,,AAXX 01204 07591 24/// /0602 10049 20039 39119 48448 51009 760// 333 69925 90710 91104=
07591,2009-03-01 21:00:00,4.3,,0.8,94,3.4,,3.704,7.408,,120,,,0.2,0.4,,,,,,20,og-post,,,,AAXX 01214 07591 24/// /1202 10043 20034 39122 48449 51008 720// 333 69947 90710 91104 555 69925=
07591,2009-03-01 22:00:00,4.1,,0.6,95,3.4,,3.704,7.408,,40,,,0,,,,,,,0,og-post,,,,AAXX 01224 07591 24/// /0402 10041 20034 39124 48450 53006 700// 333 60005 90710 91104=
07591,2009-03-01 23:00:00,4,,0.5,94,3.1,,3.704,7.408,,40,,,0,,,,,,,0,og-post,,,,AAXX 01234 07591 24/// /0402 10040 20031 39124 48450 51005 700// 333 60005 90710 91104=
07591,2009-03-02 00:00:00,3.8,,0.2,95,3.1,,3.704,7.408,,50,,,0,0,0.4,,,,,0,og-post,,,,AAXX 02004 07591 04/// /0502 10038 20031 39124 48450 51002 69941 700// 333 60007 90710 91104 555 60005=
07591,2009-03-02 03:00:00,3.6,,-0.5,93,2.6,,3.704,14.816,,40,,,0,0,,,,,,0,og-post,,,,AAXX 02034 07591 24/// /0402 10036 20026 39119 48445 58005 700// 333 60007 90710 91108 555 60005=
07591,2009-03-02 06:00:00,3.1,,0.2,88,1.3,,7.408,14.816,,50,2.9,5.7,0,0,,0.4,1.6,0,2,0,og-post,,,,AAXX 02064 07591 04/// /0504 10031 20013 39121 48445 53002 69942 700// 333 10057 20029 3/002 55000 60007 70016 90710 91108 555 60005=
07591,2009-03-02 08:00:00,5,,0.9,82,2.2,,3.704,18.52,,180,,,0,,,,,,,0,og-post,,,,AAXX 02084 07591 24/// /1802 10050 20022 39129 48456 53009 700// 333 60005 90710 91110=
07591,2009-03-02 09:00:00,6.9,,0.9,74,2.6,,3.704,7.408,,230,,,0,0,,,,,,0,og-post,,,,AAXX 02094 07591 24/// /2302 10069 20026 39130 48461 51009 700// 333 60007 90710 91104 555 60005=
07591,2009-03-02 10:00:00,8.1,,0.8,67,2.4,,7.408,14.816,,170,,,0,,,,,,,0,og-post,,,,AAXX 02104 07591 24/// /1704 10081 20024 39131 48465 51008 700// 333 60005 90710 91108=
07591,2009-03-02 11:00:00,8.8,,0.4,69,3.4,,11.112,22.224,,210,,,0,,,,,,,0,og-post,,,,AAXX 02114 07591 24/// /2106 10088 20034 39133 48468 53004 700// 333 60005 90710 91112=
07591,2009-03-02 12:00:00,10,,0.1,62,3.1,,14.816,22.224,,210,,,0,0,,,,,,0,og-post,,,,AAXX 02124 07591 04/// /2108 10100 20031 39131 48469 50001 60001 700// 333 60007 90710 91112 555 60005=
07591,2009-03-02 13:00:00,11.3,,-0.6,56,2.9,,11.112,22.224,,210,,,0,,,,,,,0,og-post,,,,AAXX 02134 07591 24/// /2106 10113 20029 39125 48466 58006 700// 333 60005 90710 91112=
07591,2009-03-02 14:00:00,12.1,,-1.1,53,2.8,,11.112,25.928,,220,,,0,,,,,,,0,og-post,,,,AAXX 02144 07591 24/// /2206 10121 20028 39122 48465 58011 700// 333 60005 90710 91114=
07591,2009-03-02 15:00:00,9.9,,-0.7,63,3.2,,18.52,35.188,,220,,,0,0,,,,,,0,og-post,,,,AAXX 02154 07591 24/// /2210 10099 20032 39124 48462 55007 700// 333 60007 90710 91119 555 60005=
07591,2009-03-02 18:00:00,7,,1,71,2.1,,11.112,22.224,,210,2.8,12.4,0,0,,,,,,0,og-post,,,,AAXX 02184 07591 04/// /2106 10070 20021 39134 48465 53010 60002 700// 333 10124 20028 60007 90710 91112 555 60005=
07591,2009-03-02 20:00:00,5.8,,1.2,75,1.7,,3.704,7.408,,170,,,0,,,,,,,0,og-post,,,,AAXX 02204 07591 24/// /1702 10058 20017 39140 48468 51012 700// 333 60005 90710 91104=
07591,2009-03-02 21:00:00,4.9,,0.8,79,1.6,,3.704,3.704,,150,,,0,0,,,,,,0,og-post,,,,AAXX 02214 07591 24/// /1502 10049 20016 39142 48468 51008 700// 333 60007 90710 91102 555 60005=
07591,2009-03-02 22:00:00,3.5,,0.5,84,1.1,,3.704,11.112,,10,,,0,,,,,,,0,og-post,,,,AAXX 02224 07591 24/// /0102 10035 20011 39143 48465 51005 700// 333 60005 90710 91106=
07591,2009-03-02 23:00:00,3.1,,0.4,87,1.2,,,7.408,,,,,0,,,,,,,0,og-post,,,,AAXX 02234 07591 24/// /0000 10031 20012 39144 48465 51004 700// 333 60005 90710 91104=
07591,2009-03-03 00:00:00,2.9,,0,87,1,,7.408,11.112,,40,,,0,0,,,,,,0,og-post,,,,AAXX 03004 07591 04/// /0404 10029 20010 39142 48463 50000 60001 700// 333 60007 90710 91106 555 60005=
07591,2009-03-03 01:00:00,1.9,,-0.1,89,0.3,,,11.112,,,,,0,,,,,,,0,og-post,,,,AAXX 03014 07591 24/// /0000 10019 20003 39142 48461 58001 700// 333 60005 90710 91106=
07591,2009-03-03 02:00:00,1,,-0.5,92,-0.1,,,3.704,,,,,0,,,,,,,0,og-post,,,,AAXX 03024 07591 24/// /0000 10010 21001 39139 48456 58005 700// 333 60005 90710 91102=
07591,2009-03-03 03:00:00,0.6,,-0.7,93,-0.4,,3.704,3.704,,50,,,0,0,,,,,,0,og-post,,,,AAXX 03034 07591 24/// /0502 10006 21004 39135 48452 58007 700// 333 60007 90710 91102 555 60005=
07591,2009-03-03 04:00:00,0,,-0.8,94,-0.8,,3.704,7.408,,220,,,0,,,,,,,0,og-post,,,,AAXX 03044 07591 24/// /2202 10000 21008 39134 48450 56008 700// 333 60005 90710 91104=
07591,2009-03-03 05:00:00,-0.9,,-0.6,94,-1.7,,3.704,7.408,,30,,,0,,,,,,,0,og-post,,,,AAXX 03054 07591 24/// /0302 11009 21017 39133 48447 56006 700// 333 60005 90710 91104=
07591,2009-03-03 06:00:00,-0.8,,-0.3,95,-1.5,,3.704,7.408,,40,-1,7,0,0,,,0,7.4,-4,0,og-post,,,,AAXX 03064 07591 04/// /0402 11008 21015 39132 48446 57003 60002 700// 333 10070 21010 3/104 55074 60007 70000 90710 91104 555 60005=
07591,2009-03-03 07:00:00,-0.5,,-0.3,95,-1.2,,3.704,11.112,,100,,,0,,,,,,,0,og-post,,,,AAXX 03074 07591 24/// /1002 11005 21012 39131 48446 57003 700// 333 60005 90710 91106=
07591,2009-03-03 08:00:00,2.2,,-0.3,89,0.6,,3.704,11.112,,100,,,0,,,,,,,0,og-post,,,,AAXX 03084 07591 24/// /1002 10022 20006 39130 48451 57003 700// 333 60005 90710 91106=
07591,2009-03-03 09:00:00,5.3,,-0.6,73,0.9,,7.408,11.112,,120,,,0,0,,,,,,0,og-post,,,,AAXX 03094 07591 24/// /1204 10053 20009 39126 48454 58006 700// 333 60007 90710 91106 555 60005=
07591,2009-03-03 10:00:00,7.3,,-0.6,62,0.5,,7.408,22.224,,190,,,0,,,,,,,0,og-post,,,,AAXX 03104 07591 24/// /1904 10073 20005 39125 48457 57006 700// 333 60005 90710 91112=
07591,2009-03-03 11:00:00,9,,-0.7,54,0.2,,11.112,22.224,,210,,,0,,,,,,,0,og-post,,,,AAXX 03114 07591 24/// /2106 10090 20002 39123 48459 56007 700// 333 60005 90710 91112=
07591,2009-03-03 12:00:00,9.7,,-1.1,55,1.1,,22.224,38.892,,220,,,0,0,,,,,,0,og-post,,,,AAXX 03124 07591 04/// /2212 10097 20011 39115 48453 58011 60001 700// 333 60007 90710 91121 555 60005=
07591,2009-03-03 13:00:00,9.7,,-1.7,54,0.9,,25.928,35.188,,210,,,0,,,,,,,0,og-post,,,,AAXX 03134 07591 24/// /2114 10097 20009 39108 48447 58017 700// 333 60005 90710 91119=
07591,2009-03-03 14:00:00,10.4,,-1.9,51,0.7,,22.224,38.892,,220,,,0,,,,,,,0,og-post,,,,AAXX 03144 07591 24/// /2212 10104 20007 39104 48445 56019 700// 333 60005 90710 91121=
07591,2009-03-03 15:00:00,10,,-1.8,52,0.6,,22.224,35.188,,220,,,0,0,,,,,,0,og-post,,,,AAXX 03154 07591 24/// /2212 10100 20006 39097 48438 57018 700// 333 60007 90710 91119 555 60005=
07591,2009-03-03 16:00:00,10.1,,-1.4,52,0.7,,18.52,35.188,,210,,,0,,,,,,,0,og-post,,,,AAXX 03164 07591 24/// /2110 10101 20007 39094 48435 56014 700// 333 60005 90710 91119=
07591,2009-03-03 17:00:00,8.2,,-1.3,57,0.2,,11.112,25.928,,210,,,0,,,,,,,0,og-post,,,,AAXX 03174 07591 24/// /2106 10082 20002 39091 48429 56013 700// 333 60005 90710 91114=
07591,2009-03-03 18:00:00,6.9,,-0.4,63,0.4,,7.408,18.52,,200,-0.9,11,0,0,,,,,,0,og-post,,,,AAXX 03184 07591 04/// /2004 10069 20004 39093 48428 55004 60002 700// 333 10110 21009 60007 90710 91110 555 60005=
07591,2009-03-03 19:00:00,5.4,,-0.1,70,0.4,,3.704,14.816,,270,,,0,,,,,,,0,og-post,,,,AAXX 03194 07591 24/// /2702 10054 20004 39093 48425 56001 700// 333 60005 90710 91108=
07591,2009-03-03 20:00:00,4.1,,0.1,75,0.1,,,7.408,,,,,0,,,,,,,0,og-post,,,,AAXX 03204 07591 24/// /0000 10041 20001 39092 48422 50001 700// 333 60005 90710 91104=
07591,2009-03-03 21:00:00,3.7,,-0.3,78,0.2,,3.704,3.704,,190,,,0,0,,,,,,0,og-post,,,,AAXX 03214 07591 24/// /1902 10037 20002 39090 48419 58003 700// 333 60007 90710 91102 555 60005=
07591,2009-03-03 22:00:00,3,,-0.9,78,-0.5,,3.704,7.408,,360,,,0,,,,,,,0,og-post,,,,AAXX 03224 07591 24/// /3602 10030 21005 39084 48412 58009 700// 333 60005 90710 91104=
07591,2009-03-03 23:00:00,1.9,,-1.2,83,-0.7,,,7.408,,,,,0,,,,,,,0,og-post,,,,AAXX 03234 07591 24/// /0000 10019 21007 39080 48407 58012 700// 333 60005 90710 91104=
07591,2009-03-04 00:00:00,1.5,,-1.4,82,-1.2,,7.408,11.112,,50,,,0,0,,,,,,0,og-post,,,,AAXX 04004 07591 04/// /0504 10015 21012 39076 48402 56014 60001 700// 333 60007 90710 91106 555 60005=
07591,2009-03-04 01:00:00,1.3,,-1.6,82,-1.4,,7.408,18.52,,60,,,0,,,,,,,0,og-post,,,,AAXX 04014 07591 24/// /0604 10013 21014 39068 48395 58016 700// 333 60005 90710 91110=
07591,2009-03-04 02:00:00,0.6,,-2.3,85,-1.6,,,11.112,,,,,0,,,,,,,0,og-post,,,,AAXX 04024 07591 24/// /0000 10006 21016 39057 48384 58023 700// 333 60005 90710 91106=
07591,2009-03-04 03:00:00,1,,-3.2,80,-2.1,,14.816,18.52,,30,,,0,0,,,,,,0,og-post,,,,AAXX 04034 07591 24/// /0308 10010 21021 39044 48373 58032 700// 333 60007 90710 91110 555 60005=
07591,2009-03-04 04:00:00,0.2,,-2.9,82,-2.5,,14.816,22.224,,50,,,0,,,,,,,0,og-post,,,,AAXX 04044 07591 24/// /0508 10002 21025 39039 48367 56029 700// 333 60005 90710 91112=
07591,2009-03-04 05:00:00,-0.6,,-2.7,81,-3.4,,3.704,18.52,,40,,,0,,,,,,,0,og-post,,,,AAXX 04054 07591 24/// /0402 11006 21034 39030 48358 56027 700// 333 60005 90710 91110=
07591,2009-03-04 06:00:00,-1,,-2.1,83,-3.5,,,14.816,,,-1,6.9,0,0,,,0,9.1,-3,0,og-post,,,,AAXX 04064 07591 04/// /0000 11010 21035 39023 48351 58021 60002 700// 333 10069 21010 3/103 55091 60007 70000 90710 91108 555 60005=
07591,2009-03-04 07:00:00,0.8,,-2.8,68,-4.4,,18.52,25.928,,30,,,0,,,,,,,0,og-post,,,,AAXX 04074 07591 24/// /0310 10008 21044 39011 48344 58028 700// 333 60005 90710 91114=
07591,2009-03-04 08:00:00,2.2,,-3.4,62,-4.3,,11.112,22.224,,30,,,0,,,,,,,0,og-post,,,,AAXX 04084 07591 24/// /0306 10022 21043 38996 48333 58034 700// 333 60005 90710 91112=
07591,2009-03-04 09:00:00,3.3,,-4,57,-4.4,,14.816,29.632,,30,,,0,0,,,,,,0,og-post,,,,AAXX 04094 07591 24/// /0308 10033 21044 38983 48323 58040 700// 333 60007 90710 91116 555 60005=
07591,2009-03-04 10:00:00,3.8,,-4,55,-4.4,,14.816,31.484,,20,,,0,,,,,,,0,og-post,,,,AAXX 04104 07591 24/// /0208 10038 21044 38971 48313 56040 700// 333 60005 90710 91117=
07591,2009-03-04 11:00:00,4.9,,-3.5,54,-3.6,,14.816,25.928,,20,,,0,,,,,,,0,og-post,,,,AAXX 04114 07591 24/// /0208 10049 21036 38961 48306 56035 700// 333 60005 90710 91114=
07591,2009-03-04 12:00:00,4.9,,-3.5,61,-2,,18.52,29.632,,10,,,0,0,,,,,,0,og-post,,,,AAXX 04124 07591 04/// /0110 10049 21020 38948 48294 58035 60001 700// 333 60007 90710 91116 555 60005=
07591,2009-03-04 13:00:00,5,,-3.4,63,-1.4,,14.816,25.928,,20,,,0,,,,,,,0,og-post,,,,AAXX 04134 07591 24/// /0208 10050 21014 38937 48284 58034 700// 333 60005 90710 91114=
07591,2009-03-04 14:00:00,4.3,,-3,73,-0.1,,7.408,22.224,,30,,,0,,,,,,,60,og-post,,,,AAXX 04144 07591 24/// /0304 10043 21001 38931 48278 56030 760// 333 60005 90710 91112=
07591,2009-03-04 15:00:00,2.9,,-3,86,0.8,,11.112,14.816,,30,,,0.4,0.4,,,,,,60,og-post,,,,AAXX 04154 07591 24/// /0306 10029 20008 38918 48264 58030 760// 333 69947 90710 91108 555 69945=
07591,2009-03-04 16:00:00,2.7,,-3.4,89,1.1,,7.408,18.52,,50,,,0,,,,,,,0,og-post,,,,AAXX 04164 07591 24/// /0504 10027 20011 38903 48251 58034 700// 333 60005 90710 91110=
07591,2009-03-04 17:00:00,2.5,,-3.2,90,1,,11.112,14.816,,50,,,0.2,,,,,,,61,og-post,,,,AAXX 04174 07591 24/// /0506 10025 20010 38899 48247 56032 761// 333 69925 90710 91108=
07591,2009-03-04 18:00:00,2.4,,-2.7,90,0.9,,14.816,25.928,,20,-1.2,5.2,0.8,1,,1,,,,61,og-post,,,,AAXX 04184 07591 04/// /0208 10024 20009 38891 48239 56027 60012 761// 333 10052 21012 60017 90710 91114 555 69985=
07591,2009-03-04 19:00:00,2.3,,-1.6,89,0.7,,18.52,25.928,,20,,,0.8,,,,,,,61,og-post,,,,AAXX 04194 07591 24/// /0210 10023 20007 38887 48236 57016 761// 333 69985 90710 91114=
07591,2009-03-04 20:00:00,1.6,,-1.4,91,0.3,,14.816,25.928,,10,,,2,,,,,,,71,og-post,,,,AAXX 04204 07591 24/// /0108 10016 20003 38885 48233 56014 771// 333 60025 90710 91114=
07591,2009-03-04 21:00:00,1.3,,-1.3,92,0.1,,11.112,22.224,,20,,,1,4,,,,,,70,og-post,,,,AAXX 04214 07591 24/// /0206 10013 20001 38878 48226 58013 770// 333 60047 90710 91112 555 60015=
07591,2009-03-04 22:00:00,1,,-1.6,93,0,,7.408,22.224,,30,,,1,,,,,,,71,og-post,,,,AAXX 04224 07591 24/// /0304 10010 20000 38871 48220 58016 771// 333 60015 90710 91112=
07591,2009-03-04 23:00:00,1.1,,-2.2,93,0.1,,18.52,29.632,,10,,,1,,,,,,,70,og-post,,,,AAXX 04234 07591 24/// /0110 10011 20001 38863 48212 58022 770// 333 60015 90710 91116=
07591,2009-03-05 00:00:00,0.9,,-2.3,93,-0.1,,11.112,25.928,,30,,,2,5,9,,,,,73,og-post,,,,AAXX 05004 07591 04/// /0306 10009 21001 38855 48205 58023 60091 773// 333 60057 90710 91114 555 60025=
07591,2009-03-05 01:00:00,0,,-1.9,94,-0.8,100,3.704,14.816,,190,,,0.2,,,,,,,75,og-post,,,,AAXX 05014 07591 24/01 /1902 10000 21008 38852 48201 56019 775// 333 69925 90710 91108=
07591,2009-03-05 02:00:00,-0.1,,-1.8,95,-0.8,300,7.408,11.112,,210,,,0.2,,,,,,,75,og-post,,,,AAXX 05024 07591 24/03 /2104 11001 21008 38845 48195 56018 775// 333 69925 90710 91106=
07591,2009-03-05 03:00:00,0,,-2.1,96,-0.6,,3.704,7.408,,350,,,0,0.4,,,,,,71,og-post,,,,AAXX 05034 07591 24/// /3502 10000 21006 38834 48185 58021 771// 333 69947 90710 91104 555 60005=
07591,2009-03-05 04:00:00,-0.1,,-2.3,96,-0.7,,,3.704,,,,,0,,,,,,,70,og-post,,,,AAXX 05044 07591 24/// /0000 11001 21007 38829 48180 56023 770// 333 60005 90710 91102=
07591,2009-03-05 05:00:00,-0.2,,-2,96,-0.8,,3.704,7.408,,190,,,0,,,,,,,70,og-post,,,,AAXX 05054 07591 24/// /1902 11002 21008 38825 48177 56020 770// 333 60005 90710 91104=
07591,2009-03-05 06:00:00,-0.5,,-1.4,96,-1.1,,3.704,11.112,,190,-0.5,2.4,0,0,,9,10.4,0,-0,73,og-post,,,,AAXX 05064 07591 04/// /1902 11005 21011 38820 48172 57014 60092 773// 333 10024 21005 3/100 55000 60007 70104 90710 91106 555 60005=
07591,2009-03-05 07:00:00,-0.7,,-1,96,-1.3,1800,7.408,11.112,,180,,,0,,,,,,,73,og-post,,,,AAXX 05074 07591 24/18 /1804 11007 21013 38819 48171 56010 773// 333 60005 90710 91106=
07591,2009-03-05 08:00:00,-0.6,,-0.6,96,-1.2,,3.704,11.112,,180,,,0,,,,,,,71,og-post,,,,AAXX 05084 07591 24/// /1802 11006 21012 38819 48171 56006 771// 333 60005 90710 91106=
07591,2009-03-05 09:00:00,0.1,,-0.5,95,-0.6,,3.704,7.408,,160,,,0,0,,,,,,70,og-post,,,,AAXX 05094 07591 24/// /1602 10001 21006 38815 48168 58005 770// 333 60007 90710 91104 555 60005=
07591,2009-03-05 10:00:00,1.5,,-0.7,87,-0.4,,3.704,11.112,,210,,,0.4,,,,,,,22,og-post,,,,AAXX 05104 07591 24/// /2102 10015 21004 38812 48167 58007 722// 333 69945 90710 91106=
07591,2009-03-05 11:00:00,2.2,,-1.2,78,-1.2,,7.408,14.816,,170,,,1,,,,,,,0,og-post,,,,AAXX 05114 07591 24/// /1704 10022 21012 38807 48163 58012 700// 333 60015 90710 91108=
07591,2009-03-05 12:00:00,4.3,,-1.5,70,-0.7,,11.112,18.52,,180,,,1,3,3,,,,,0,og-post,,,,AAXX 05124 07591 04/// /1806 10043 21007 38800 48159 58015 60031 700// 333 60037 90710 91110 555 60015=
07591,2009-03-05 13:00:00,3.8,,-1.6,67,-1.7,,18.52,29.632,,210,,,2,,,,,,,0,og-post,,,,AAXX 05134 07591 24/// /2110 10038 21017 38796 48154 56016 700// 333 60025 90710 91116=
07591,2009-03-05 14:00:00,3.8,,-1.3,67,-1.7,,11.112,29.632,,210,,,1,,,,,,,0,og-post,,,,AAXX 05144 07591 24/// /2106 10038 21017 38794 48153 56013 700// 333 60015 90710 91116=
07591,2009-03-05 15:00:00,3.8,,-0.5,65,-2.2,,11.112,25.928,,210,,,0.6,4,,,,,,0,og-post,,,,AAXX 05154 07591 24/// /2106 10038 21022 38795 48153 55005 700// 333 60047 90710 91114 555 69965=
07591,2009-03-05 16:00:00,2.7,,0.2,72,-1.8,,11.112,25.928,,210,,,0.4,,,,,,,0,og-post,,,,AAXX 05164 07591 24/// /2106 10027 21018 38798 48155 53002 700// 333 69945 90710 91114=
07591,2009-03-05 17:00:00,2.2,,1.2,73,-2.1,,3.704,18.52,,230,,,0,,,,,,,0,og-post,,,,AAXX 05174 07591 24/// /2302 10022 21021 38806 48162 53012 700// 333 60005 90710 91110=
07591,2009-03-05 18:00:00,1.3,,1.8,83,-1.3,,11.112,18.52,,210,-0.7,4.4,0,0.4,,7,,,,0,og-post,,,,AAXX 05184 07591 04/// /2106 10013 21013 38813 48167 53018 60072 700// 333 10044 21007 69947 90710 91110 555 60005=
07591,2009-03-05 19:00:00,0.6,,2.2,86,-1.5,,3.704,18.52,,150,,,0,,,,,,,0,og-post,,,,AAXX 05194 07591 24/// /1502 10006 21015 38820 48173 51022 700// 333 60005 90710 91110=
07591,2009-03-05 20:00:00,0.5,,1.9,85,-1.7,,,3.704,,,,,0,,,,,,,0,og-post,,,,AAXX 05204 07591 24/// /0000 10005 21017 38825 48177 51019 700// 333 60005 90710 91102=
07591,2009-03-05 21:00:00,0.3,,1.4,87,-1.6,,3.704,7.408,,40,,,0,0,,,,,,0,og-post,,,,AAXX 05214 07591 24/// /0402 10003 21016 38827 48179 51014 700// 333 60007 90710 91104 555 60005=
07591,2009-03-05 22:00:00,-0.2,,0.8,90,-1.6,,3.704,7.408,,300,,,0,,,,,,,0,og-post,,,,AAXX 05224 07591 24/// /3002 11002 21016 38828 48179 51008 700// 333 60005 90710 91104=
07591,2009-03-05 23:00:00,-0.5,,0.8,91,-1.8,,7.408,11.112,,210,,,0,,,,,,,0,og-post,,,,AAXX 05234 07591 24/// /2104 11005 21018 38833 48183 53008 700// 333 60005 90710 91106=
07591,2009-03-06 00:00:00,-1.1,,1.4,92,-2.2,,3.704,11.112,,330,,,0,0,,,,,,0,og-post,,,,AAXX 06004 07591 04/// /3302 11011 21022 38841 48190 53014 60001 700// 333 60007 90710 91106 555 60005=
07591,2009-03-06 01:00:00,-1.3,,1.7,92,-2.4,,3.704,7.408,,200,,,0,,,,,,,0,og-post,,,,AAXX 06014 07591 24/// /2002 11013 21024 38845 48193 51017 700// 333 60005 90710 91104=
07591,2009-03-06 02:00:00,-1.9,,1.7,91,-3.2,,,11.112,,,,,0,,,,,,,0,og-post,,,,AAXX 06024 07591 24/// /0000 11019 21032 38850 48197 51017 700// 333 60005 90710 91106=
07591,2009-03-06 03:00:00,-2.3,,1.7,92,-3.4,,,7.408,,,,,0,0,,,,,,0,og-post,,,,AAXX 06034 07591 24/// /0000 11023 21034 38858 48204 53017 700// 333 60007 90710 91104 555 60005=
07591,2009-03-06 04:00:00,-2.5,,2.3,93,-3.5,,3.704,7.408,,210,,,0,,,,,,,0,og-post,,,,AAXX 06044 07591 24/// /2102 11025 21035 38868 48212 53023 700// 333 60005 90710 91104=
07591,2009-03-06 05:00:00,-2.3,,2.6,93,-3.3,,3.704,7.408,,200,,,0,,,,,,,0,og-post,,,,AAXX 06054 07591 24/// /2002 11023 21033 38876 48220 52026 700// 333 60005 90710 91104=
07591,2009-03-06 06:00:00,-2,,2.8,92,-3.1,,3.704,7.408,,40,-2.6,1.3,0,0,,,7.2,1.4,-6,0,og-post,,,,AAXX 06064 07591 04/// /0402 11020 21031 38886 48229 52028 60002 700// 333 10013 21026 3/106 55014 60007 70072 90710 91104 555 60005=
07591,2009-03-06 07:00:00,-2.1,,2.6,92,-3.2,,3.704,7.408,,180,,,0,,,,,,,0,og-post,,,,AAXX 06074 07591 24/// /1802 11021 21032 38894 48236 52026 700// 333 60005 90710 91104=
07591,2009-03-06 08:00:00,-0.7,,2.8,89,-2.3,,3.704,11.112,,170,,,0,,,,,,,0,og-post,,,,AAXX 06084 07591 24/// /1702 11007 21023 38904 48247 52028 700// 333 60005 90710 91106=
07591,2009-03-06 09:00:00,1.9,,2.5,73,-2.4,,3.704,7.408,,220,,,0,0,,,,,,0,og-post,,,,AAXX 06094 07591 24/// /2202 10019 21024 38911 48257 51025 700// 333 60007 90710 91104 555 60005=
07591,2009-03-06 10:00:00,4.6,,2.4,58,-2.9,,3.704,14.816,,180,,,0.2,,,,,,,0,og-post,,,,AAXX 06104 07591 24/// /1802 10046 21029 38918 48267 51024 700// 333 69925 90710 91108=
07591,2009-03-06 11:00:00,6.7,,1.4,48,-3.5,,18.52,29.632,,210,,,0,,,,,,,0,og-post,,,,AAXX 06114 07591 24/// /2110 10067 21035 38918 48269 51014 700// 333 60005 90710 91116=
07591,2009-03-06 12:00:00,7.8,,1,43,-4,,18.52,31.484,,220,,,0,0.2,0.2,,,,,0,og-post,,,,AAXX 06124 07591 04/// /2210 10078 21040 38921 48274 51010 69921 700// 333 69927 90710 91117 555 60005=
07591,2009-03-06 13:00:00,7.8,,0.5,46,-3.1,,22.224,38.892,,220,,,0.2,,,,,,,0,og-post,,,,AAXX 06134 07591 24/// /2212 10078 21031 38923 48276 53005 700// 333 69925 90710 91121=
07591,2009-03-06 14:00:00,8.3,,0.8,44,-3.2,,18.52,31.484,,220,,,0,,,,,,,0,og-post,,,,AAXX 06144 07591 24/// /2210 10083 21032 38926 48279 52008 700// 333 60005 90710 91117=
07591,2009-03-06 15:00:00,6.5,,1.2,49,-3.4,,25.928,42.596,,210,,,0,0.2,,,,,,0,og-post,,,,AAXX 06154 07591 24/// /2114 10065 21034 38933 48283 53012 700// 333 69927 90710 91123 555 60005=
07591,2009-03-06 16:00:00,4.9,,1.8,55,-3.4,,18.52,35.188,,210,,,0,,,,,,,0,og-post,,,,AAXX 06164 07591 24/// /2110 10049 21034 38941 48288 53018 700// 333 60005 90710 91119=
07591,2009-03-06 17:00:00,3.2,,2.6,58,-4.2,,14.816,38.892,,210,,,0,,,,,,,0,og-post,,,,AAXX 06174 07591 24/// /2108 10032 21042 38952 48295 53026 700// 333 60005 90710 91121=
07591,2009-03-06 18:00:00,2.4,,3.2,61,-4.3,,7.408,35.188,,260,-2.3,8.6,0,0,,0.4,,,,0,og-post,,,,AAXX 06184 07591 04/// /2604 10024 21043 38965 48305 53032 69942 700// 333 10086 21023 60007 90710 91119 555 60005=
07591,2009-03-06 19:00:00,1.2,,3.5,66,-4.4,,7.408,22.224,,220,,,0,,,,,,,0,og-post,,,,AAXX 06194 07591 24/// /2204 10012 21044 38976 48313 52035 700// 333 60005 90710 91112=
07591,2009-03-06 20:00:00,0.9,,3.2,66,-4.7,,3.704,22.224,,240,,,0,,,,,,,0,og-post,,,,AAXX 06204 07591 24/// /2402 10009 21047 38984 48320 51032 700// 333 60005 90710 91112=
07591,2009-03-06 21:00:00,-0.5,,2.5,72,-4.9,,3.704,18.52,,90,,,0,0,,,,,,0,og-post,,,,AAXX 06214 07591 24/// /0902 11005 21049 38990 48323 51025 700// 333 60007 90710 91110 555 60005=
07591,2009-03-06 22:00:00,-1.1,,2,76,-4.8,,3.704,7.408,,320,,,0,,,,,,,0,og-post,,,,AAXX 06224 07591 24/// /3202 11011 21048 38996 48327 51020 700// 333 60005 90710 91104=
07591,2009-03-06 23:00:00,-1.4,,1.8,75,-5.2,,7.408,7.408,,20,,,0,,,,,,,0,og-post,,,,AAXX 06234 07591 24/// /0204 11014 21052 39002 48332 52018 700// 333 60005 90710 91104=
07591,2009-03-07 00:00:00,-2.1,,1.7,81,-4.9,,,11.112,,,,,0,0,,,,,,0,og-post,,,,AAXX 07004 07591 04/// /0000 11021 21049 39007 48335 51017 60001 700// 333 60007 90710 91106 555 60005=
07591,2009-03-07 01:00:00,-2.5,,1.5,82,-5.1,,3.704,7.408,,280,,,0,,,,,,,0,og-post,,,,AAXX 07014 07591 24/// /2802 11025 21051 39011 48338 51015 700// 333 60005 90710 91104=
07591,2009-03-07 02:00:00,-3,,1.1,84,-5.3,,3.704,7.408,,250,,,0,,,,,,,0,og-post,,,,AAXX 07024 07591 24/// /2502 11030 21053 39013 48339 51011 700// 333 60005 90710 91104=
07591,2009-03-07 03:00:00,-3.3,,0.8,83,-5.8,,3.704,7.408,,30,,,0,0,,,,,,0,og-post,,,,AAXX 07034 07591 24/// /0302 11033 21058 39015 48340 51008 700// 333 60007 90710 91104 555 60005=
07591,2009-03-07 04:00:00,-3.4,,0.9,82,-6,,,7.408,,,,,0,,,,,,,0,og-post,,,,AAXX 07044 07591 24/// /0000 11034 21060 39020 48344 53009 700// 333 60005 90710 91104=
07591,2009-03-07 05:00:00,-3.1,,1.1,78,-6.4,,,7.408,,,,,0,,,,,,,0,og-post,,,,AAXX 07054 07591 24/// /0000 11031 21064 39024 48348 53011 700// 333 60005 90710 91104=
07591,2009-03-07 06:00:00,-3.5,,1.4,80,-6.4,,3.704,7.408,,80,-3.5,2.4,0,0,,,0.4,7.3,-7,0,og-post,,,,AAXX 07064 07591 04/// /0802 11035 21064 39029 48352 52014 60002 700// 333 10024 21035 3/107 55073 60007 70004 90710 91104 555 60005=
07591,2009-03-07 07:00:00,-2.9,,2.1,82,-5.5,,3.704,7.408,,210,,,0,,,,,,,0,og-post,,,,AAXX 07074 07591 24/// /2102 11029 21055 39041 48363 53021 700// 333 60005 90710 91104=
07591,2009-03-07 08:00:00,-0.4,,2.4,71,-5,,7.408,14.816,,70,,,0,,,,,,,0,og-post,,,,AAXX 07084 07591 24/// /0704 11004 21050 39048 48374 53024 700// 333 60005 90710 91108=
07591,2009-03-07 09:00:00,3,,2.1,55,-5.1,,3.704,11.112,,190,,,0,0,,,,,,0,og-post,,,,AAXX 07094 07591 24/// /1902 10030 21051 39050 48382 51021 700// 333 60007 90710 91106 555 60005=
07591,2009-03-07 10:00:00,5.2,,1.6,47,-5.2,,7.408,18.52,,210,,,0,,,,,,,0,og-post,,,,AAXX 07104 07591 24/// /2104 10052 21052 39057 48392 52016 700// 333 60005 90710 91110=
07591,2009-03-07 11:00:00,7.5,,0.8,40,-5.2,,11.112,18.52,,210,,,0,,,,,,,0,og-post,,,,AAXX 07114 07591 24/// /2106 10075 21052 39056 48396 50008 700// 333 60005 90710 91110=
07591,2009-03-07 12:00:00,8.6,,0.4,40,-4.2,,14.816,29.632,,210,,,0,0,,,,,,0,og-post,,,,AAXX 07124 07591 04/// /2108 10086 21042 39054 48396 50004 60001 700// 333 60007 90710 91116 555 60005=
07591,2009-03-07 13:00:00,9.6,,-0.6,36,-4.7,,14.816,31.484,,220,,,0,,,,,,,0,og-post,,,,AAXX 07134 07591 24/// /2208 10096 21047 39051 48395 58006 700// 333 60005 90710 91117=
07591,2009-03-07 14:00:00,9.3,,-0.2,37,-4.6,,22.224,38.892,,220,,,0,,,,,,,0,og-post,,,,AAXX 07144 07591 24/// /2212 10093 21046 39054 48397 55002 700// 333 60005 90710 91121=
07591,2009-03-07 15:00:00,9.2,,-0.1,34,-5.8,,14.816,42.596,,210,,,0,0,,,,,,0,og-post,,,,AAXX 07154 07591 24/// /2108 10092 21058 39053 48396 56001 700// 333 60007 90710 91123 555 60005=
07591,2009-03-07 16:00:00,9.2,,0.4,34,-5.8,,14.816,25.928,,210,,,0,,,,,,,0,og-post,,,,AAXX 07164 07591 24/// /2108 10092 21058 39055 48398 51004 700// 333 60005 90710 91114=
07591,2009-03-07 17:00:00,6.4,,0.9,41,-5.9,,14.816,31.484,,210,,,0,,,,,,,0,og-post,,,,AAXX 07174 07591 24/// /2108 10064 21059 39063 48400 53009 700// 333 60005 90710 91117=
07591,2009-03-07 18:00:00,3.8,,2.2,52,-5.1,,3.704,22.224,,350,-3.8,10,0,0,,,,,,0,og-post,,,,AAXX 07184 07591 04/// /3502 10038 21051 39075 48406 53022 60002 700// 333 10100 21038 60007 90710 91112 555 60005=
07591,2009-03-07 19:00:00,1.7,,2.7,59,-5.4,,3.704,11.112,,350,,,0,,,,,,,0,og-post,,,,AAXX 07194 07591 24/// /3502 10017 21054 39082 48408 51027 700// 333 60005 90710 91106=
07591,2009-03-07 20:00:00,0.7,,2.5,63,-5.5,,3.704,14.816,,200,,,0,,,,,,,0,og-post,,,,AAXX 07204 07591 24/// /2002 10007 21055 39088 48411 51025 700// 333 60005 90710 91108=
07591,2009-03-07 21:00:00,-0.6,,1.7,71,-5.2,,,7.408,,,,,0,0,,,,,,0,og-post,,,,AAXX 07214 07591 24/// /0000 11006 21052 39092 48412 51017 700// 333 60007 90710 91104 555 60005=
07591,2009-03-07 22:00:00,-0.9,,1.8,72,-5.3,,3.704,7.408,,220,,,0,,,,,,,0,og-post,,,,AAXX 07224 07591 24/// /2202 11009 21053 39100 48418 53018 700// 333 60005 90710 91104=
07591,2009-03-07 23:00:00,-2.1,,2.2,77,-5.6,,,7.408,,,,,0,,,,,,,0,og-post,,,,AAXX 07234 07591 24/// /0000 11021 21056 39110 48424 53022 700// 333 60005 90710 91104=
07591,2009-03-08 00:00:00,-1.9,,2,71,-6.4,,7.408,11.112,,20,,,0,0,,,,,,0,og-post,,,,AAXX 08004 07591 04/// /0204 11019 21064 39112 48427 51020 60001 700// 333 60007 90710 91106 555 60005=
07591,2009-03-08 01:00:00,-2.7,,2,78,-6,,3.704,11.112,,300,,,0,,,,,,,0,og-post,,,,AAXX 08014 07591 24/// /3002 11027 21060 39120 48432 51020 700// 333 60005 90710 91106=
07591,2009-03-08 02:00:00,-3.5,,1.2,80,-6.4,,,3.704,,,,,0,,,,,,,0,og-post,,,,AAXX 08024 07591 24/// /0000 11035 21064 39122 48432 52012 700// 333 60005 90710 91102=
07591,2009-03-08 03:00:00,-3.3,,0.9,76,-6.9,,7.408,11.112,,50,,,0,0,,,,,,0,og-post,,,,AAXX 08034 07591 24/// /0504 11033 21069 39121 48431 50009 700// 333 60007 90710 91106 555 60005=
07591,2009-03-08 04:00:00,-3.5,,-0.1,77,-6.9,,3.704,14.816,,50,,,0,,,,,,,0,og-post,,,,AAXX 08044 07591 24/// /0502 11035 21069 39119 48429 58001 700// 333 60005 90710 91108=
07591,2009-03-08 05:00:00,-4.2,,1,78,-7.4,,3.704,7.408,,260,,,0,,,,,,,0,og-post,,,,AAXX 08054 07591 24/// /2602 11042 21074 39132 48439 53010 700// 333 60005 90710 91104=
07591,2009-03-08 06:00:00,-4.4,,0.8,79,-7.5,,7.408,14.816,,40,-4.4,3.8,0,0,,,0,10.2,-7,0,og-post,,,,AAXX 08064 07591 04/// /0404 11044 21075 39129 48436 50008 60002 700// 333 10038 21044 3/107 55102 60007 70000 90710 91108 555 60005=
07591,2009-03-08 07:00:00,-2.4,,1,67,-7.7,,11.112,18.52,,40,,,0,,,,,,,0,og-post,,,,AAXX 08074 07591 24/// /0406 11024 21077 39129 48440 51010 700// 333 60005 90710 91110=
07591,2009-03-08 08:00:00,-0.3,,-0.2,59,-7.3,,3.704,14.816,,170,,,0,,,,,,,0,og-post,,,,AAXX 08084 07591 24/// /1702 11003 21073 39130 48445 55002 700// 333 60005 90710 91108=
07591,2009-03-08 09:00:00,2.8,,0.4,44,-8.2,,7.408,14.816,,180,,,0,0,,,,,,0,og-post,,,,AAXX 08094 07591 24/// /1804 10028 21082 39133 48454 53004 700// 333 60007 90710 91108 555 60005=
07591,2009-03-08 10:00:00,4.5,,0.5,45,-6.4,,7.408,14.816,,190,,,0,,,,,,,0,og-post,,,,AAXX 08104 07591 24/// /1904 10045 21064 39134 48459 52005 700// 333 60005 90710 91108=
07591,2009-03-08 11:00:00,6.9,,-0.1,38,-6.4,,7.408,14.816,,220,,,0,,,,,,,0,og-post,,,,AAXX 08114 07591 24/// /2204 10069 21064 39129 48460 58001 700// 333 60005 90710 91108=
07591,2009-03-08 12:00:00,8.9,,-1.1,31,-7.3,,11.112,18.52,,220,,,0,0,,,,,,0,og-post,,,,AAXX 08124 07591 04/// /2206 10089 21073 39122 48457 58011 60001 700// 333 60007 90710 91110 555 60005=
07591,2009-03-08 13:00:00,10.9,,-2.1,29,-6.4,,7.408,22.224,,190,,,0,,,,,,,0,og-post,,,,AAXX 08134 07591 24/// /1904 10109 21064 39113 48453 58021 700// 333 60005 90710 91112=
07591,2009-03-08 14:00:00,12.2,,-2,30,-4.8,,18.52,29.632,,220,,,0,,,,,,,0,og-post,,,,AAXX 08144 07591 24/// /2210 10122 21048 39109 48453 56020 700// 333 60005 90710 91116=
07591,2009-03-08 15:00:00,13.3,,-1.8,30,-3.9,,14.816,29.632,,220,,,0,0,,,,,,0,og-post,,,,AAXX 08154 07591 24/// /2208 10133 21039 39104 48450 56018 700// 333 60007 90710 91116 555 60005=
07591,2009-03-08 16:00:00,13.2,,-1.6,30,-4,,11.112,25.928,,220,,,0,,,,,,,0,og-post,,,,AAXX 08164 07591 24/// /2206 10132 21040 39097 48444 58016 700// 333 60005 90710 91114=
07591,2009-03-08 17:00:00,10.8,,-1,40,-2.2,,14.816,31.484,,170,,,0,,,,,,,0,og-post,,,,AAXX 08174 07591 24/// /1708 10108 21022 39099 48441 55010 700// 333 60005 90710 91117=
07591,2009-03-08 18:00:00,8.6,,-0.5,45,-2.6,,11.112,25.928,,200,-4.4,13.6,0,0,,,,,,0,og-post,,,,AAXX 08184 07591 04/// /2006 10086 21026 39099 48436 56005 60002 700// 333 10136 21044 60007 90710 91114 555 60005=
07591,2009-03-08 19:00:00,7.3,,0.5,51,-2.2,,11.112,25.928,,200,,,0,,,,,,,0,og-post,,,,AAXX 08194 07591 24/// /2006 10073 21022 39102 48437 53005 700// 333 60005 90710 91114=
07591,2009-03-08 20:00:00,6.6,,0.4,59,-0.8,,14.816,29.632,,200,,,0,,,,,,,0,og-post,,,,AAXX 08204 07591 24/// /2008 10066 21008 39103 48436 53004 700// 333 60005 90710 91116=
07591,2009-03-08 21:00:00,6.8,,0.9,56,-1.3,,14.816,35.188,,220,,,0,0,,,,,,0,og-post,,,,AAXX 08214 07591 24/// /2208 10068 21013 39108 48441 53009 700// 333 60007 90710 91119 555 60005=
07591,2009-03-08 22:00:00,5.3,,1.3,62,-1.4,,3.704,18.52,,230,,,0,,,,,,,0,og-post,,,,AAXX 08224 07591 24/// /2302 10053 21014 39115 48444 53013 700// 333 60005 90710 91110=
07591,2009-03-08 23:00:00,3.7,,1.3,69,-1.4,,3.704,14.816,,340,,,0,,,,,,,0,og-post,,,,AAXX 08234 07591 24/// /3402 10037 21014 39116 48442 51013 700// 333 60005 90710 91108=
07591,2009-03-09 00:00:00,2.6,,0.7,74,-1.6,,3.704,7.408,,280,,,0,0,,,,,,0,og-post,,,,AAXX 09004 07591 04/// /2802 10026 21016 39115 48439 50007 60001 700// 333 60007 90710 91104 555 60005=
07591,2009-03-09 01:00:00,2.3,,-0.5,77,-1.3,,3.704,11.112,,320,,,0,,,,,,,0,og-post,,,,AAXX 09014 07591 24/// /3202 10023 21013 39110 48434 58005 700// 333 60005 90710 91106=
07591,2009-03-09 02:00:00,2.2,,-1,77,-1.4,,7.408,11.112,,200,,,0,,,,,,,0,og-post,,,,AAXX 09024 07591 24/// /2004 10022 21014 39106 48430 58010 700// 333 60005 90710 91106=
07591,2009-03-09 03:00:00,5.1,,-1.5,68,-0.3,,29.632,57.412,57.412,240,,,0,0,,,,,,0,og-post,,,,AAXX 09034 07591 24/// /2416 10051 21003 39100 48431 58015 700// 333 60007 91031 90710 91131 555 60005=
07591,2009-03-09 04:00:00,4.6,,-1.2,51,-4.6,,22.224,53.708,,210,,,0,,,,,,,0,og-post,,,,AAXX 09044 07591 24/// /2112 10046 21046 39098 48427 56012 700// 333 60005 90710 91129=
07591,2009-03-09 05:00:00,4,,-0.4,46,-6.6,,29.632,50.004,50.004,210,,,0,,,,,,,0,og-post,,,,AAXX 09054 07591 24/// /2116 10040 21066 39102 48430 55004 700// 333 60005 91027 90710 91127=
07591,2009-03-09 06:00:00,3.2,,0.8,55,-5,,29.632,57.412,50.004,220,2.1,8.6,0,0,,,0,9.9,-1,0,og-post,,,,AAXX 09064 07591 04/// /2216 10032 21050 39108 48433 53008 60002 700// 333 10086 20021 3/101 55099 60007 70000 91027 90710 91131 555 60005=
07591,2009-03-09 07:00:00,2.3,,2.6,55,-5.8,,18.52,50.004,,230,,,0,,,,,,,0,og-post,,,,AAXX 09074 07591 24/// /2310 10023 21058 39124 48446 53026 700// 333 60005 90710 91127=
07591,2009-03-09 08:00:00,4.3,,3,41,-7.8,,14.816,35.188,,210,,,0,,,,,,,0,og-post,,,,AAXX 09084 07591 24/// /2108 10043 21078 39132 48457 53030 700// 333 60005 90710 91119=
07591,2009-03-09 09:00:00,5.3,,2.6,37,-8.2,,22.224,46.3,,220,,,0,0,,,,,,0,og-post,,,,AAXX 09094 07591 24/// /2212 10053 21082 39134 48460 51026 700// 333 60007 90710 91125 555 60005=
07591,2009-03-09 10:00:00,6.4,,0.8,34,-8.3,,29.632,53.708,50.004,220,,,0,,,,,,,0,og-post,,,,AAXX 09104 07591 24/// /2216 10064 21083 39132 48461 50008 700// 333 60005 91027 90710 91129=
07591,2009-03-09 12:00:00,6.3,,0.8,40,-6.3,,31.484,57.412,53.708,230,,,0,0,,,,,,0,og-post,,,,AAXX 09124 07591 04/// /2317 10063 21063 39142 48470 53008 60001 700// 333 60007 91029 90710 91131 555 60005=
07591,2009-03-09 15:00:00,5.9,,-0,43,-5.7,,31.484,61.116,57.412,230,,,0,0,,,,,,0,og-post,,,,AAXX 09154 07591 24/// /2317 10059 21057 39142 48469 55000 700// 333 60007 91031 90710 91133 555 60005=
07591,2009-03-09 16:00:00,5.5,,0.7,41,-6.7,,29.632,61.116,53.708,220,,,0,,,,,,,0,og-post,,,,AAXX 09164 07591 24/// /2216 10055 21067 39147 48472 53007 700// 333 60005 91029 90710 91133=
07591,2009-03-09 17:00:00,4.1,,2.2,44,-7,,18.52,53.708,,230,,,0,,,,,,,0,og-post,,,,AAXX 09174 07591 24/// /2310 10041 21070 39161 48482 53022 700// 333 60005 90710 91129=
07591,2009-03-09 18:00:00,2.4,,3,51,-6.7,,7.408,29.632,,200,2.3,6.9,0,0,,,,,,0,og-post,,,,AAXX 09184 07591 04/// /2004 10024 21067 39172 48488 53030 60002 700// 333 10069 20023 60007 90710 91116 555 60005=
07591,2009-03-09 19:00:00,0.6,,3.1,61,-6,,7.408,11.112,,60,,,0,,,,,,,0,og-post,,,,AAXX 09194 07591 24/// /0604 10006 21060 39178 48489 51031 700// 333 60005 90710 91106=
07591,2009-03-09 20:00:00,-0.5,,1.5,64,-6.5,,7.408,14.816,,30,,,0,,,,,,,0,og-post,,,,AAXX 09204 07591 24/// /0304 11005 21065 39176 48485 50015 700// 333 60005 90710 91108=
07591,2009-03-09 21:00:00,-0.4,,0.4,63,-6.6,,3.704,14.816,,50,,,0,0,,,,,,0,og-post,,,,AAXX 09214 07591 24/// /0502 11004 21066 39176 48485 51004 700// 333 60007 90710 91108 555 60005=
07591,2009-03-09 22:00:00,-1,,0.5,67,-6.3,,3.704,22.224,,20,,,0,,,,,,,0,og-post,,,,AAXX 09224 07591 24/// /0202 11010 21063 39183 48489 53005 700// 333 60005 90710 91112=
07591,2009-03-09 23:00:00,-0.6,,0.6,63,-6.8,,11.112,22.224,,40,,,0,,,,,,,0,og-post,,,,AAXX 09234 07591 24/// /0406 11006 21068 39182 48490 50006 700// 333 60005 90710 91112=
07591,2009-03-10 00:00:00,-1,,1.3,66,-6.5,,,14.816,,,,,0,0,,,,,,0,og-post,,,,AAXX 10004 07591 04/// /0000 11010 21065 39189 48495 52013 60001 700// 333 60007 90710 91108 555 60005=
07591,2009-03-10 01:00:00,-1.8,,0.4,65,-7.5,,3.704,7.408,,360,,,0,,,,,,,0,og-post,,,,AAXX 10014 07591 24/// /3602 11018 21075 39187 48491 50004 700// 333 60005 90710 91104=
07591,2009-03-10 02:00:00,-2.4,,0.5,69,-7.3,,3.704,11.112,,90,,,0,,,,,,,0,og-post,,,,AAXX 10024 07591 24/// /0902 11024 21073 39187 48490 51005 700// 333 60005 90710 91106=
07591,2009-03-10 03:00:00,-3.5,,-0.1,78,-6.8,,,7.408,,,,,0,0,,,,,,0,og-post,,,,AAXX 10034 07591 24/// /0000 11035 21068 39188 48488 55001 700// 333 60007 90710 91104 555 60005=
07591,2009-03-10 04:00:00,-3.2,,0.2,67,-8.4,,3.704,7.408,,10,,,0,,,,,,,0,og-post,,,,AAXX 10044 07591 24/// /0102 11032 21084 39189 48489 53002 700// 333 60005 90710 91104=
07591,2009-03-10 05:00:00,-3.2,,-0.3,67,-8.4,,14.816,22.224,,40,,,0,,,,,,,0,og-post,,,,AAXX 10054 07591 24/// /0408 11032 21084 39184 48485 58003 700// 333 60005 90710 91112=
07591,2009-03-10 06:00:00,-2.2,,-0.6,57,-9.5,,14.816,22.224,,30,-3.5,2.4,0,0,,,0,9.6,-7,0,og-post,,,,AAXX 10064 07591 04/// /0308 11022 21095 39182 48486 58006 60002 700// 333 10024 21035 3/107 55096 60007 70000 90710 91112 555 60005=
07591,2009-03-10 07:00:00,-1.2,,-0.7,53,-9.5,,11.112,25.928,,50,,,0,,,,,,,0,og-post,,,,AAXX 10074 07591 24/// /0506 11012 21095 39182 48488 56007 700// 333 60005 90710 91114=
07591,2009-03-10 09:00:00,2.9,,0.2,38,-10,,7.408,22.224,,80,,,0,0,,,,,,0,og-post,,,,AAXX 10094 07591 24/// /0804 10029 21100 39184 48499 53002 700// 333 60007 90710 91112 555 60005=
07591,2009-03-10 12:00:00,7.2,,-1.9,31,-8.8,,14.816,22.224,,220,,,0,0,,,,,,0,og-post,,,,AAXX 10124 07591 04/// /2208 10072 21088 39165 48492 57019 60001 700// 333 60007 90710 91112 555 60005=
07591,2009-03-10 13:00:00,8.1,,-2.4,34,-6.8,,14.816,25.928,,180,,,0,,,,,,,0,og-post,,,,AAXX 10134 07591 24/// /1808 10081 21068 39153 48483 58024 700// 333 60005 90710 91114=
07591,2009-03-10 14:00:00,7.9,,-2.1,34,-7,,18.52,35.188,,220,,,0,,,,,,,0,og-post,,,,AAXX 10144 07591 24/// /2210 10079 21070 39151 48481 56021 700// 333 60005 90710 91119=
07591,2009-03-10 15:00:00,7.1,,-2.2,43,-4.6,,18.52,35.188,,250,,,0,0,,,,,,0,og-post,,,,AAXX 10154 07591 24/// /2510 10071 21046 39143 48472 56022 700// 333 60007 90710 91119 555 60005=
07591,2009-03-10 16:00:00,5.9,,-0.5,54,-2.7,,14.816,38.892,,240,,,0,,,,,,,0,og-post,,,,AAXX 10164 07591 24/// /2408 10059 21027 39148 48475 55005 700// 333 60005 90710 91121=
07591,2009-03-10 17:00:00,4.6,,0.1,65,-1.4,,14.816,29.632,,220,,,0,,,,,,,0,og-post,,,,AAXX 10174 07591 24/// /2208 10046 21014 39152 48475 53001 700// 333 60005 90710 91116=
07591,2009-03-10 18:00:00,3.1,,1.5,83,0.5,,7.408,22.224,,190,-2.2,8.2,0,0,,,,,,60,og-post,,,,AAXX 10184 07591 04/// /1904 10031 20005 39158 48478 53015 60002 760// 333 10082 21022 60007 90710 91112 555 60005=
07591,2009-03-10 19:00:00,2.3,,1.4,90,0.8,,3.704,14.816,,200,,,0.2,,,,,,,60,og-post,,,,AAXX 10194 07591 24/// /2002 10023 20008 39162 48479 52014 760// 333 69925 90710 91108=
07591,2009-03-10 20:00:00,2,,0.7,92,0.8,,7.408,11.112,,220,,,0.2,,,,,,,61,og-post,,,,AAXX 10204 07591 24/// /2204 10020 20008 39159 48476 50007 761// 333 69925 90710 91106=
07591,2009-03-10 21:00:00,1.8,,0.2,93,0.8,,3.704,11.112,,220,,,0.2,0.6,,,,,,60,og-post,,,,AAXX 10214 07591 24/// /2202 10018 20008 39160 48477 51002 760// 333 69967 90710 91106 555 69925=
07591,2009-03-10 22:00:00,1.7,,-0.2,93,0.7,,11.112,14.816,,30,,,0,,,,,,,20,og-post,,,,AAXX 10224 07591 24/// /0306 10017 20007 39160 48476 56002 720// 333 60005 90710 91108=
07591,2009-03-10 23:00:00,1.6,,-0.2,94,0.7,,3.704,11.112,,350,,,0.2,,,,,,,60,og-post,,,,AAXX 10234 07591 24/// /3502 10016 20007 39157 48473 58002 760// 333 69925 90710 91106=
07591,2009-03-11 00:00:00,1.5,,-0.7,94,0.6,,7.408,14.816,,50,,,0,0.2,0.8,,,,,60,og-post,,,,AAXX 11004 07591 04/// /0504 10015 20006 39153 48470 58007 69981 760// 333 69927 90710 91108 555 60005=
07591,2009-03-11 01:00:00,1.4,,-0.9,94,0.5,,3.704,14.816,,340,,,0,,,,,,,0,og-post,,,,AAXX 11014 07591 24/// /3402 10014 20005 39151 48468 56009 700// 333 60005 90710 91108=
07591,2009-03-11 02:00:00,1.3,,-0.9,89,-0.3,,14.816,25.928,,40,,,0,,,,,,,0,og-post,,,,AAXX 11024 07591 24/// /0408 10013 21003 39148 48465 56009 700// 333 60005 90710 91114=
07591,2009-03-11 03:00:00,0.1,,-0.8,91,-1.2,,11.112,18.52,,50,,,0,0,,,,,,0,og-post,,,,AAXX 11034 07591 24/// /0506 10001 21012 39145 48460 58008 700// 333 60007 90710 91110 555 60005=
07591,2009-03-11 04:00:00,-0.2,,-0.9,90,-1.6,,11.112,18.52,,40,,,0,,,,,,,0,og-post,,,,AAXX 11044 07591 24/// /0406 11002 21016 39142 48456 57009 700// 333 60005 90710 91110=
07591,2009-03-11 05:00:00,-0.7,,-0.7,88,-2.4,,11.112,18.52,,60,,,0,,,,,,,0,og-post,,,,AAXX 11054 07591 24/// /0606 11007 21024 39141 48454 56007 700// 333 60005 90710 91110=
07591,2009-03-11 06:00:00,-1.5,,-0.3,91,-2.8,,7.408,14.816,,70,-1.5,3.1,0,0,,0.8,0.8,4.7,-4,0,og-post,,,,AAXX 11064 07591 04/// /0704 11015 21028 39142 48454 55003 69982 700// 333 10031 21015 3/104 55047 60007 70008 90710 91108 555 60005=
07591,2009-03-11 07:00:00,-0.2,,0.3,86,-2.3,,7.408,14.816,,60,,,0,,,,,,,0,og-post,,,,AAXX 11074 07591 24/// /0604 11002 21023 39145 48459 53003 700// 333 60005 90710 91108=
07591,2009-03-11 08:00:00,1.9,,0.5,80,-1.2,,11.112,18.52,,50,,,0,,,,,,,0,og-post,,,,AAXX 11084 07591 24/// /0506 10019 21012 39146 48464 52005 700// 333 60005 90710 91110=
07591,2009-03-11 09:00:00,5.2,,0.4,67,-0.4,,3.704,18.52,,180,,,0,0,,,,,,0,og-post,,,,AAXX 11094 07591 24/// /1802 10052 21004 39146 48471 51004 700// 333 60007 90710 91110 555 60005=
07591,2009-03-11 10:00:00,7.6,,0,56,-0.6,,7.408,18.52,,170,,,0,,,,,,,0,og-post,,,,AAXX 11104 07591 24/// /1704 10076 21006 39145 48476 50000 700// 333 60005 90710 91110=
07591,2009-03-11 11:00:00,10.6,,-0.4,45,-0.8,,18.52,25.928,,220,,,0,,,,,,,0,og-post,,,,AAXX 11114 07591 24/// /2210 10106 21008 39142 48479 58004 700// 333 60005 90710 91114=
07591,2009-03-11 12:00:00,12,,-0.8,34,-3.4,,18.52,29.632,,220,,,0,0,,,,,,0,og-post,,,,AAXX 11124 07591 04/// /2210 10120 21034 39138 48478 58008 60001 700// 333 60007 90710 91116 555 60005=
07591,2009-03-11 13:00:00,13,,-1.3,28,-5.1,,18.52,29.632,,210,,,0,,,,,,,0,og-post,,,,AAXX 11134 07591 24/// /2110 10130 21051 39132 48475 58013 700// 333 60005 90710 91116=
07591,2009-03-11 14:00:00,12.3,,-1.4,32,-3.9,,22.224,38.892,,220,,,0,,,,,,,0,og-post,,,,AAXX 11144 07591 24/// /2212 10123 21039 39128 48470 57014 700// 333 60005 90710 91121=
07591,2009-03-11 15:00:00,12.1,,-0.7,33,-3.7,,22.224,42.596,,240,,,0,0,,,,,,0,og-post,,,,AAXX 11154 07591 24/// /2412 10121 21037 39131 48472 55007 700// 333 60007 90710 91123 555 60005=
07591,2009-03-11 16:00:00,10.8,,-0,12,-17.4,,35.188,61.116,61.116,30,,,0,,,,,,,0,og-post,,,,AAXX 11164 07591 24/// /0319 10108 21174 39132 48470 55000 700// 333 60005 91033 90710 91133=
07591,2009-03-11 17:00:00,9.9,,1.1,12,-18.1,,31.484,57.412,,30,,,0,,,,,,,0,og-post,,,,AAXX 11174 07591 24/// /0317 10099 21181 39139 48474 53011 700// 333 60005 90710 91131=
07591,2009-03-11 18:00:00,8,,1.8,16,-16.2,,3.704,42.596,,320,-1.5,13.1,0,0,,,,,,0,og-post,,,,AAXX 11184 07591 04/// /3202 10080 21162 39149 48479 53018 60002 700// 333 10131 21015 60007 90710 91123 555 60005=
07591,2009-03-11 19:00:00,5.5,,2.4,41,-6.7,,7.408,22.224,,190,,,0,,,,,,,0,og-post,,,,AAXX 11194 07591 24/// /1904 10055 21067 39156 48480 52024 700// 333 60005 90710 91112=
07591,2009-03-11 20:00:00,4,,2.6,45,-6.8,,7.408,14.816,,210,,,0,,,,,,,0,og-post,,,,AAXX 11204 07591 24/// /2104 10040 21068 39165 48485 51026 700// 333 60005 90710 91108=
07591,2009-03-11 21:00:00,1.8,,2.7,49,-7.8,,3.704,7.408,,20,,,0,0,,,,,,0,og-post,,,,AAXX 11214 07591 24/// /0202 10018 21078 39176 48490 53027 700// 333 60007 90710 91104 555 60005=
07591,2009-03-11 23:00:00,-0.2,,3.1,56,-7.9,,3.704,7.408,,10,,,0,,,,,,,0,og-post,,,,AAXX 11234 07591 24/// /0102 11002 21079 39196 48502 51031 700// 333 60005 90710 91104=
07591,2009-03-12 00:00:00,-1.2,,2.3,63,-7.3,,3.704,7.408,,350,,,0,0,,,,,,0,og-post,,,,AAXX 12004 07591 04/// /3502 11012 21073 39199 48503 51023 60001 700// 333 60007 90710 91104 555 60005=
07591,2009-03-12 01:00:00,-1.7,,1.8,65,-7.4,,3.704,11.112,,200,,,0,,,,,,,0,og-post,,,,AAXX 12014 07591 24/// /2002 11017 21074 39204 48506 51018 700// 333 60005 90710 91106=
07591,2009-03-12 02:00:00,-2.5,,1,66,-8,,3.704,7.408,,40,,,0,,,,,,,0,og-post,,,,AAXX 12024 07591 24/// /0402 11025 21080 39206 48506 51010 700// 333 60005 90710 91104=
07591,2009-03-12 03:00:00,-2.7,,0.9,69,-7.6,,3.704,11.112,,160,,,0,0,,,,,,0,og-post,,,,AAXX 12034 07591 24/// /1602 11027 21076 39208 48507 51009 700// 333 60007 90710 91106 555 60005=
07591,2009-03-12 04:00:00,-2.5,,0.7,59,-9.4,,11.112,14.816,,30,,,0,,,,,,,0,og-post,,,,AAXX 12044 07591 24/// /0306 11025 21094 39211 48510 53007 700// 333 60005 90710 91108=
07591,2009-03-12 05:00:00,-2.7,,0.5,61,-9.2,,7.408,22.224,,10,,,0,,,,,,,0,og-post,,,,AAXX 12054 07591 24/// /0104 11027 21092 39211 48509 51005 700// 333 60005 90710 91112=
07591,2009-03-12 06:00:00,-2.1,,0.6,55,-9.9,,11.112,22.224,,40,-3.2,7.9,0,0,,,0,10,-6,0,og-post,,,,AAXX 12064 07591 04/// /0406 11021 21099 39214 48513 52006 60002 700// 333 10079 21032 3/106 55100 60007 70000 90710 91112 555 60005=
07591,2009-03-12 07:00:00,-1.6,,1,60,-8.3,,3.704,14.816,,130,,,0,,,,,,,0,og-post,,,,AAXX 12074 07591 24/// /1302 11016 21083 39221 48520 53010 700// 333 60005 90710 91108=
07591,2009-03-12 08:00:00,1,,1.4,45,-9.6,,7.408,11.112,,80,,,0,,,,,,,0,og-post,,,,AAXX 12084 07591 24/// /0804 10010 21096 39225 48530 53014 700// 333 60005 90710 91106=
07591,2009-03-12 09:00:00,4.3,,1.4,33,-10.5,,7.408,18.52,,80,,,0,0,,,,,,0,og-post,,,,AAXX 12094 07591 24/// /0804 10043 21105 39228 48540 51014 700// 333 60007 90710 91110 555 60005=
07591,2009-03-12 10:00:00,6.8,,0.3,26,-11.3,,7.408,14.816,,50,,,0,,,,,,,0,og-post,,,,AAXX 12104 07591 24/// /0504 10068 21113 39224 48543 50003 700// 333 60005 90710 91108=
07591,2009-03-12 11:00:00,8.9,,-0.5,25,-10,,7.408,14.816,,190,,,0,,,,,,,0,og-post,,,,AAXX 12114 07591 24/// /1904 10089 21100 39220 48544 58005 700// 333 60005 90710 91108=
07591,2009-03-12 12:00:00,10.5,,-1.6,25,-8.7,,11.112,14.816,,230,,,0,0,,,,,,0,og-post,,,,AAXX 12124 07591 04/// /2306 10105 21087 39212 48541 58016 60001 700// 333 60007 90710 91108 555 60005=
07591,2009-03-12 13:00:00,12,,-1.9,25,-7.4,,11.112,22.224,,220,,,0,,,,,,,0,og-post,,,,AAXX 12134 07591 24/// /2206 10120 21074 39205 48538 58019 700// 333 60005 90710 91112=
07591,2009-03-12 14:00:00,13.1,,-2.2,24,-7,,7.408,22.224,,220,,,0,,,,,,,0,og-post,,,,AAXX 12144 07591 24/// /2204 10131 21070 39198 48535 56022 700// 333 60005 90710 91112=
07591,2009-03-12 15:00:00,12.4,,-1.3,24,-7.6,,18.52,29.632,,210,,,0,0,,,,,,0,og-post,,,,AAXX 12154 07591 24/// /2110 10124 21076 39199 48534 55013 700// 333 60007 90710 91116 555 60005=
07591,2009-03-12 16:00:00,12.5,,-0.4,23,-8,,11.112,22.224,,210,,,0,,,,,,,0,og-post,,,,AAXX 12164 07591 24/// /2106 10125 21080 39201 48536 55004 700// 333 60005 90710 91112=
07591,2009-03-12 17:00:00,10.9,,0.6,32,-5.1,,7.408,18.52,,210,,,0,,,,,,,0,og-post,,,,AAXX 12174 07591 24/// /2104 10109 21051 39204 48535 53006 700// 333 60005 90710 91110=
07591,2009-03-12 18:00:00,7.8,,0.7,41,-4.6,,3.704,11.112,,30,-2.5,13.4,0,0,,,,,,0,og-post,,,,AAXX 12184 07591 04/// /0302 10078 21046 39206 48530 52007 60002 700// 333 10134 21025 60007 90710 91106 555 60005=
07591,2009-03-12 19:00:00,5.4,,0.6,46,-5.3,,3.704,11.112,,10,,,0,,,,,,,0,og-post,,,,AAXX 12194 07591 24/// /0102 10054 21053 39207 48525 51006 700// 333 60005 90710 91106=
07591,2009-03-12 20:00:00,3.9,,1,54,-4.5,,,7.408,,,,,0,,,,,,,0,og-post,,,,AAXX 12204 07591 24/// /0000 10039 21045 39214 48528 53010 700// 333 60005 90710 91104=
07591,2009-03-12 21:00:00,3.7,,0.8,54,-4.7,,7.408,11.112,,20,,,0,0,,,,,,0,og-post,,,,AAXX 12214 07591 24/// /0204 10037 21047 39214 48527 51008 700// 333 60007 90710 91106 555 60005=
07591,2009-03-12 22:00:00,2.4,,0.7,61,-4.3,,,14.816,,,,,0,,,,,,,0,og-post,,,,AAXX 12224 07591 24/// /0000 10024 21043 39214 48524 51007 700// 333 60005 90710 91108=
07591,2009-03-12 23:00:00,1.7,,-0.1,64,-4.4,,,7.408,,,,,0,,,,,,,0,og-post,,,,AAXX 12234 07591 24/// /0000 10017 21044 39213 48522 58001 700// 333 60005 90710 91104=
07591,2009-03-13 00:00:00,1.5,,-0.5,66,-4.1,,3.704,7.408,,50,,,0,0,,,,,,0,og-post,,,,AAXX 13004 07591 04/// /0502 10015 21041 39209 48518 58005 60001 700// 333 60007 90710 91104 555 60005=
07591,2009-03-13 01:00:00,1.4,,-0.7,68,-3.8,,,11.112,,,,,0,,,,,,,0,og-post,,,,AAXX 13014 07591 24/// /0000 10014 21038 39207 48516 58007 700// 333 60005 90710 91106=
07591,2009-03-13 02:00:00,-0.3,,-1,77,-3.8,,,7.408,,,,,0,,,,,,,0,og-post,,,,AAXX 13024 07591 24/// /0000 11003 21038 39203 48508 57010 700// 333 60005 90710 91104=
07591,2009-03-13 03:00:00,-0.6,,-1.2,77,-4.1,,3.704,7.408,,50,,,0,0,,,,,,0,og-post,,,,AAXX 13034 07591 24/// /0502 11006 21041 39197 48503 58012 700// 333 60007 90710 91104 555 60005=
07591,2009-03-13 04:00:00,-1,,-1.3,79,-4.2,,,7.408,,,,,0,,,,,,,0,og-post,,,,AAXX 13044 07591 24/// /0000 11010 21042 39194 48499 56013 700// 333 60005 90710 91104=
07591,2009-03-13 05:00:00,-1.6,,-1,83,-4.1,,,7.408,,,,,0,,,,,,,0,og-post,,,,AAXX 13054 07591 24/// /0000 11016 21041 39193 48497 56010 700// 333 60005 90710 91104=
07591,2009-03-13 06:00:00,-1.4,,-0.5,80,-4.4,,3.704,7.408,,60,-1.9,7.7,0,0,,,0,10.5,-5,0,og-post,,,,AAXX 13064 07591 04/// /0602 11014 21044 39192 48496 56005 60002 700// 333 10077 21019 3/105 55105 60007 70000 90710 91104 555 60005=
07591,2009-03-13 07:00:00,-1.2,,-0,81,-4,,3.704,11.112,,200,,,0,,,,,,,0,og-post,,,,AAXX 13074 07591 24/// /2002 11012 21040 39194 48499 55000 700// 333 60005 90710 91106=
07591,2009-03-13 08:00:00,0.1,,0.2,78,-3.3,,3.704,3.704,,210,,,0,,,,,,,0,og-post,,,,AAXX 13084 07591 24/// /2102 10001 21033 39195 48503 53002 700// 333 60005 90710 91102=
07591,2009-03-13 09:00:00,5.8,,-0.2,58,-1.8,,7.408,11.112,,110,,,0,0,,,,,,0,og-post,,,,AAXX 13094 07591 24/// /1104 10058 21018 39190 48511 58002 700// 333 60007 90710 91106 555 60005=
07591,2009-03-13 10:00:00,9.2,,-0.7,43,-2.7,,7.408,14.816,,180,,,0,,,,,,,0,og-post,,,,AAXX 13104 07591 24/// /1804 10092 21027 39187 48516 58007 700// 333 60005 90710 91108=
07591,2009-03-13 11:00:00,12.3,,-1.5,33,-3.5,,7.408,14.816,,190,,,0,,,,,,,0,og-post,,,,AAXX 13114 07591 24/// /1904 10123 21035 39180 48517 58015 700// 333 60005 90710 91108=
07591,2009-03-13 12:00:00,14.9,,-1.5,24,-5.5,,7.408,14.816,,220,,,0,0,,,,,,0,og-post,,,,AAXX 13124 07591 04/// /2204 10149 21055 39175 48518 58015 60001 700// 333 60007 90710 91108 555 60005=
07591,2009-03-13 13:00:00,16.7,,-2.2,20,-6.3,,11.112,18.52,,210,,,0,,,,,,,0,og-post,,,,AAXX 13134 07591 24/// /2106 10167 21063 39165 48513 58022 700// 333 60005 90710 91110=
07591,2009-03-13 14:00:00,18.1,,-1.9,20,-5.2,,14.816,22.224,,210,,,0,,,,,,,0,og-post,,,,AAXX 13144 07591 24/// /2108 10181 21052 39161 48512 56019 700// 333 60005 90710 91112=
07591,2009-03-13 15:00:00,18.6,,-1.7,15,-8.5,,14.816,25.928,,210,,,0,0,,,,,,0,og-post,,,,AAXX 13154 07591 24/// /2108 10186 21085 39158 48510 56017 700// 333 60007 90710 91114 555 60005=
07591,2009-03-13 16:00:00,18.5,,-0.9,13,-10.4,,11.112,22.224,,220,,,0,,,,,,,0,og-post,,,,AAXX 13164 07591 24/// /2206 10185 21104 39156 48508 56009 700// 333 60005 90710 91112=
07591,2009-03-13 17:00:00,15.6,,-0.3,21,-6.6,,7.408,18.52,,230,,,0,,,,,,,0,og-post,,,,AAXX 13174 07591 24/// /2304 10156 21066 39158 48504 55003 700// 333 60005 90710 91110=
07591,2009-03-13 18:00:00,10.7,,0.6,35,-4.1,,7.408,11.112,,360,-1.7,19,0,0,,,,,,0,og-post,,,,AAXX 13184 07591 04/// /3604 10107 21041 39164 48499 53006 60002 700// 333 10190 21017 60007 90710 91106 555 60005=
07591,2009-03-13 19:00:00,8.9,,1.2,38,-4.6,,11.112,18.52,,50,,,0,,,,,,,0,og-post,,,,AAXX 13194 07591 24/// /0506 10089 21046 39168 48499 53012 700// 333 60005 90710 91110=
07591,2009-03-13 20:00:00,7.3,,1.4,41,-5.1,,7.408,14.816,,20,,,0,,,,,,,0,og-post,,,,AAXX 13204 07591 24/// /0204 10073 21051 39172 48499 51014 700// 333 60005 90710 91108=
07591,2009-03-13 21:00:00,6.7,,1.2,39,-6.3,,14.816,18.52,,50,,,0,0,,,,,,0,og-post,,,,AAXX 13214 07591 24/// /0508 10067 21063 39176 48501 52012 700// 333 60007 90710 91110 555 60005=
07591,2009-03-13 22:00:00,5.4,,1.2,42,-6.5,,11.112,22.224,,60,,,0,,,,,,,0,og-post,,,,AAXX 13224 07591 24/// /0606 10054 21065 39180 48501 52012 700// 333 60005 90710 91112=
07591,2009-03-13 23:00:00,5.8,,0.8,36,-8.1,,14.816,25.928,,40,,,0,,,,,,,0,og-post,,,,AAXX 13234 07591 24/// /0408 10058 21081 39180 48502 51008 700// 333 60005 90710 91114=
07591,2009-03-14 00:00:00,6.3,,0.5,33,-8.8,,18.52,31.484,,20,,,0,0,,,,,,0,og-post,,,,AAXX 14004 07591 04/// /0210 10063 21088 39181 48504 51005 60001 700// 333 60007 90710 91117 555 60005=
07591,2009-03-14 01:00:00,6.3,,0.1,32,-9.2,,22.224,31.484,,20,,,0,,,,,,,0,og-post,,,,AAXX 14014 07591 24/// /0212 10063 21092 39181 48504 52001 700// 333 60005 90710 91117=
07591,2009-03-14 02:00:00,3.6,,0.3,44,-7.5,,11.112,31.484,,80,,,0,,,,,,,0,og-post,,,,AAXX 14024 07591 24/// /0806 10036 21075 39183 48500 53003 700// 333 60005 90710 91117=
07591,2009-03-14 03:00:00,4.9,,-0.2,34,-9.6,,18.52,35.188,,50,,,0,0,,,,,,0,og-post,,,,AAXX 14034 07591 24/// /0510 10049 21096 39179 48499 58002 700// 333 60007 90710 91119 555 60005=
07591,2009-03-14 04:00:00,3.3,,-0,42,-8.4,,7.408,29.632,,80,,,0,,,,,,,0,og-post,,,,AAXX 14044 07591 24/// /0804 10033 21084 39181 48497 54000 700// 333 60005 90710 91116=
07591,2009-03-14 05:00:00,3.1,,-0.4,41,-8.8,,18.52,25.928,,50,,,0,,,,,,,0,og-post,,,,AAXX 14054 07591 24/// /0510 10031 21088 39179 48495 56004 700// 333 60005 90710 91114=
07591,2009-03-14 06:00:00,0.8,,0.4,54,-7.4,,7.408,29.632,,70,0.7,10.6,0,0,,,0,9.3,-3,0,og-post,,,,AAXX 14064 07591 04/// /0704 10008 21074 39183 48493 53004 60002 700// 333 10106 20007 3/103 55093 60007 70000 90710 91116 555 60005=
07591,2009-03-14 07:00:00,3.1,,0.8,54,-5.3,,,25.928,,,,,0,,,,,,,0,og-post,,,,AAXX 14074 07591 24/// /0000 10031 21053 39189 48504 53008 700// 333 60005 90710 91114=
07591,2009-03-14 08:00:00,5.9,,1,42,-6,,7.408,14.816,,80,,,0,,,,,,,0,og-post,,,,AAXX 14084 07591 24/// /0804 10059 21060 39189 48510 51010 700// 333 60005 90710 91108=
07591,2009-03-14 09:00:00,9.9,,0.6,28,-7.7,,7.408,14.816,,80,,,0,0,,,,,,0,og-post,,,,AAXX 14094 07591 24/// /0804 10099 21077 39189 48519 51006 700// 333 60007 90710 91108 555 60005=
07591,2009-03-14 10:00:00,12.7,,-0.4,20,-9.7,,7.408,14.816,,90,,,0,,,,,,,0,og-post,,,,AAXX 14104 07591 24/// /0904 10127 21097 39185 48522 58004 700// 333 60005 90710 91108=
07591,2009-03-14 11:00:00,15.4,,-0.9,18,-8.8,,11.112,18.52,,210,,,0,,,,,,,0,og-post,,,,AAXX 14114 07591 24/// /2106 10154 21088 39180 48524 58009 700// 333 60005 90710 91110=
07591,2009-03-14 12:00:00,16.9,,-1.5,16,-9,,7.408,18.52,,200,,,0,0,,,,,,0,og-post,,,,AAXX 14124 07591 04/// /2004 10169 21090 39174 48521 58015 60001 700// 333 60007 90710 91110 555 60005=
07591,2009-03-14 13:00:00,18.8,,-2.1,15,-8.3,,11.112,29.632,,200,,,0,,,,,,,0,og-post,,,,AAXX 14134 07591 24/// /2006 10188 21083 39164 48516 58021 700// 333 60005 90710 91116=
07591,2009-03-14 14:00:00,18.4,,-1.9,16,-7.8,,22.224,35.188,,210,,,0,,,,,,,0,og-post,,,,AAXX 14144 07591 24/// /2112 10184 21078 39161 48513 56019 700// 333 60005 90710 91119=
07591,2009-03-14 15:00:00,17.7,,-1.2,16,-8.4,,18.52,38.892,,230,,,0,0,,,,,,0,og-post,,,,AAXX 14154 07591 24/// /2310 10177 21084 39162 48512 55012 700// 333 60007 90710 91121 555 60005=
07591,2009-03-14 16:00:00,17.1,,-0.1,20,-6,,18.52,31.484,,240,,,0,,,,,,,0,og-post,,,,AAXX 14164 07591 24/// /2410 10171 21060 39163 48512 55001 700// 333 60005 90710 91117=
07591,2009-03-14 17:00:00,15.8,,0.7,22,-5.8,,14.816,29.632,,220,,,0,,,,,,,0,og-post,,,,AAXX 14174 07591 24/// /2208 10158 21058 39168 48514 53007 700// 333 60005 90710 91116=
07591,2009-03-14 18:00:00,12.8,,1.1,31,-3.9,,7.408,22.224,,190,0.9,19.1,0,0,,,,,,0,og-post,,,,AAXX 14184 07591 04/// /1904 10128 21039 39173 48512 53011 60002 700// 333 10191 20009 60007 90710 91112 555 60005=
07591,2009-03-14 19:00:00,10.4,,1.8,39,-2.9,,7.408,14.816,,340,,,0,,,,,,,0,og-post,,,,AAXX 14194 07591 24/// /3404 10104 21029 39181 48514 53018 700// 333 60005 90710 91108=
07591,2009-03-14 20:00:00,8.9,,1.9,42,-3.3,,7.408,14.816,,10,,,0,,,,,,,0,og-post,,,,AAXX 14204 07591 24/// /0104 10089 21033 39187 48516 53019 700// 333 60005 90710 91108=
07591,2009-03-14 21:00:00,7.3,,1.9,48,-3,,7.408,18.52,,20,,,0,0,,,,,,0,og-post,,,,AAXX 14214 07591 24/// /0204 10073 21030 39192 48516 51019 700// 333 60007 90710 91110 555 60005=
07591,2009-03-14 22:00:00,6.5,,1.4,49,-3.4,,11.112,18.52,,20,,,0,,,,,,,0,og-post,,,,AAXX 14224 07591 24/// /0206 10065 21034 39195 48517 51014 700// 333 60005 90710 91110=
07591,2009-03-14 23:00:00,5.5,,0.9,54,-3.1,,11.112,18.52,,40,,,0,,,,,,,0,og-post,,,,AAXX 14234 07591 24/// /0406 10055 21031 39196 48516 51009 700// 333 60005 90710 91110=
07591,2009-03-15 00:00:00,5.5,,0.6,51,-3.8,,14.816,22.224,,40,,,0,0,,,,,,0,og-post,,,,AAXX 15004 07591 04/// /0408 10055 21038 39198 48517 51006 60001 700// 333 60007 90710 91112 555 60005=
07591,2009-03-15 01:00:00,5.5,,0.6,50,-4.1,,14.816,25.928,,40,,,0,,,,,,,0,og-post,,,,AAXX 15014 07591 24/// /0408 10055 21041 39201 48520 53006 700// 333 60005 90710 91114=
07591,2009-03-15 02:00:00,6,,-0.1,46,-4.7,,22.224,31.484,,20,,,0,,,,,,,0,og-post,,,,AAXX 15024 07591 24/// /0212 10060 21047 39195 48516 58001 700// 333 60005 90710 91117=
07591,2009-03-15 03:00:00,4.6,,-0.1,51,-4.6,,11.112,29.632,,60,,,0,0,,,,,,0,og-post,,,,AAXX 15034 07591 24/// /0606 10046 21046 39197 48514 58001 700// 333 60007 90710 91116 555 60005=
07591,2009-03-15 04:00:00,4.2,,-0.4,50,-5.3,,11.112,22.224,,40,,,0,,,,,,,0,og-post,,,,AAXX 15044 07591 24/// /0406 10042 21053 39197 48513 56004 700// 333 60005 90710 91112=
07591,2009-03-15 05:00:00,4.7,,0.4,48,-5.4,,11.112,22.224,,30,,,0,,,,,,,0,og-post,,,,AAXX 15054 07591 24/// /0306 10047 21054 39199 48516 52004 700// 333 60005 90710 91112=
07591,2009-03-15 06:00:00,4.2,,0.2,49,-5.5,,7.408,29.632,,70,3.7,12.7,0,0,,,0,8.4,0,0,og-post,,,,AAXX 15064 07591 04/// /0704 10042 21055 39199 48515 52002 60002 700// 333 10127 20037 3/000 55084 60007 70000 90710 91116 555 60005=
07591,2009-03-15 07:00:00,6.1,,0.3,42,-5.8,,7.408,35.188,,40,,,0,,,,,,,0,og-post,,,,AAXX 15074 07591 24/// /0404 10061 21058 39200 48520 51003 700// 333 60005 90710 91119=
07591,2009-03-15 08:00:00,7,,0.3,43,-4.7,,3.704,18.52,,280,,,0,,,,,,,0,og-post,,,,AAXX 15084 07591 24/// /2802 10070 21047 39202 48524 53003 700// 333 60005 90710 91110=
07591,2009-03-15 09:00:00,9.8,,0.5,43,-2.2,,11.112,18.52,,220,,,0,0,,,,,,0,og-post,,,,AAXX 15094 07591 24/// /2206 10098 21022 39204 48533 53005 700// 333 60007 90710 91110 555 60005=
07591,2009-03-15 10:00:00,12.3,,0.1,34,-3.1,,11.112,18.52,,210,,,0,,,,,,,0,og-post,,,,AAXX 15104 07591 24/// /2106 10123 21031 39201 48536 50001 700// 333 60005 90710 91110=
07591,2009-03-15 11:00:00,14,,-0.2,33,-2,,14.816,25.928,,210,,,0,,,,,,,0,og-post,,,,AAXX 15114 07591 24/// /2108 10140 21020 39200 48539 58002 700// 333 60005 90710 91114=
07591,2009-03-15 12:00:00,15.2,,-0.6,37,0.6,,18.52,29.632,,210,,,0,0,,,,,,0,og-post,,,,AAXX 15124 07591 04/// /2110 10152 20006 39198 48540 56006 60001 700// 333 60007 90710 91116 555 60005=
07591,2009-03-15 13:00:00,15.7,,-1.3,35,0.3,,18.52,31.484,,210,,,0,,,,,,,0,og-post,,,,AAXX 15134 07591 24/// /2110 10157 20003 39188 48532 58013 700// 333 60005 90710 91117=
07591,2009-03-15 14:00:00,16.3,,-1.6,34,0.4,,18.52,31.484,,220,,,0,,,,,,,0,og-post,,,,AAXX 15144 07591 24/// /2210 10163 20004 39184 48530 58016 700// 333 60005 90710 91117=
07591,2009-03-15 15:00:00,15.4,,-1.1,35,0,,22.224,35.188,,210,,,0,0,,,,,,0,og-post,,,,AAXX 15154 07591 24/// /2112 10154 20000 39187 48531 55011 700// 333 60007 90710 91119 555 60005=
07591,2009-03-15 16:00:00,15.6,,-0.3,34,-0.2,,11.112,35.188,,210,,,0,,,,,,,0,og-post,,,,AAXX 15164 07591 24/// /2106 10156 21002 39185 48529 56003 700// 333 60005 90710 91119=
07591,2009-03-15 17:00:00,13.3,,0.2,43,1,,7.408,22.224,,210,,,0,,,,,,,0,og-post,,,,AAXX 15174 07591 24/// /2104 10133 20010 39186 48525 51002 700// 333 60005 90710 91112=
07591,2009-03-15 18:00:00,10,,0.7,49,-0.2,,7.408,14.816,,310,4.1,16.4,0,0,,,,,,0,og-post,,,,AAXX 15184 07591 04/// /3104 10100 21002 39194 48525 53007 60002 700// 333 10164 20041 60007 90710 91108 555 60005=
07591,2009-03-15 19:00:00,8.4,,1.1,54,-0.4,,7.408,18.52,,240,,,0,,,,,,,0,og-post,,,,AAXX 15194 07591 24/// /2404 10084 21004 39196 48523 53011 700// 333 60005 90710 91110=
07591,2009-03-15 20:00:00,12.9,,1.1,21,-8.9,,31.484,53.708,53.708,80,,,0,,,,,,,0,og-post,,,,AAXX 15204 07591 24/// /0817 10129 21089 39197 48533 51011 700// 333 60005 91029 90710 91129=
07591,2009-03-15 21:00:00,11.1,,0.2,25,-8.2,,14.816,42.596,,50,,,0,0,,,,,,0,og-post,,,,AAXX 15214 07591 24/// /0508 10111 21082 39196 48528 50002 700// 333 60007 90710 91123 555 60005=
07591,2009-03-15 22:00:00,11.8,,0,23,-8.6,,29.632,57.412,57.412,70,,,0,,,,,,,0,og-post,,,,AAXX 15224 07591 24/// /0716 10118 21086 39196 48530 50000 700// 333 60005 91031 90710 91131=
07591,2009-03-15 23:00:00,11.1,,0.2,23,-9.2,,18.52,50.004,,40,,,0,,,,,,,0,og-post,,,,AAXX 15234 07591 24/// /0410 10111 21092 39199 48531 53002 700// 333 60005 90710 91127=
07591,2009-03-16 00:00:00,7.7,,0.7,41,-4.7,,7.408,42.596,,30,,,0,0,,,,,,0,og-post,,,,AAXX 16004 07591 04/// /0304 10077 21047 39203 48527 53007 60001 700// 333 60007 90710 91123 555 60005=
07591,2009-03-16 01:00:00,5.1,,1.4,53,-3.7,,7.408,11.112,,220,,,0,,,,,,,0,og-post,,,,AAXX 16014 07591 24/// /2204 10051 21037 39210 48527 53014 700// 333 60005 90710 91106=
07591,2009-03-16 02:00:00,4.4,,1.2,52,-4.6,,3.704,11.112,,110,,,0,,,,,,,0,og-post,,,,AAXX 16024 07591 24/// /1102 10044 21046 39211 48526 51012 700// 333 60005 90710 91106=
07591,2009-03-16 03:00:00,8.5,,0.8,36,-5.7,,29.632,42.596,,10,,,0,0,,,,,,0,og-post,,,,AAXX 16034 07591 24/// /0116 10085 21057 39211 48536 51008 700// 333 60007 90710 91123 555 60005=
07591,2009-03-16 04:00:00,8.4,,0.9,35,-6.1,,22.224,42.596,,20,,,0,,,,,,,0,og-post,,,,AAXX 16044 07591 24/// /0212 10084 21061 39219 48542 53009 700// 333 60005 90710 91123=
07591,2009-03-16 05:00:00,8.1,,1.5,36,-6,,22.224,42.596,,50,,,0,,,,,,,0,og-post,,,,AAXX 16054 07591 24/// /0512 10081 21060 39226 48548 53015 700// 333 60005 90710 91123=
07591,2009-03-16 06:00:00,8.3,,1.7,36,-5.9,,29.632,50.004,50.004,40,4.2,12.9,0,0,,,0,10.6,-0,0,og-post,,,,AAXX 16064 07591 04/// /0416 10083 21059 39228 48550 51017 60002 700// 333 10129 20042 3/100 55106 60007 70000 91027 90710 91127 555 60005=
07591,2009-03-16 07:00:00,9.2,,1.5,34,-5.8,,25.928,50.004,,40,,,0,,,,,,,0,og-post,,,,AAXX 16074 07591 24/// /0414 10092 21058 39234 48558 51015 700// 333 60005 90710 91127=
07591,2009-03-16 08:00:00,10.4,,1.4,32,-5.6,,25.928,50.004,,50,,,0,,,,,,,0,og-post,,,,AAXX 16084 07591 24/// /0514 10104 21056 39240 48566 53014 700// 333 60005 90710 91127=
07591,2009-03-16 09:00:00,11.8,,1.2,29,-5.6,,22.224,46.3,,70,,,0,0,,,,,,0,og-post,,,,AAXX 16094 07591 24/// /0712 10118 21056 39240 48569 51012 700// 333 60007 90710 91125 555 60005=
07591,2009-03-16 10:00:00,13.2,,0.6,20,-9.2,,14.816,42.596,,80,,,0,,,,,,,0,og-post,,,,AAXX 16104 07591 24/// /0808 10132 21092 39240 48572 51006 700// 333 60005 90710 91123=
07591,2009-03-16 11:00:00,15.2,,-0.5,13,-13,,3.704,31.484,,120,,,0,,,,,,,0,og-post,,,,AAXX 16114 07591 24/// /1202 10152 21130 39235 48573 58005 700// 333 60005 90710 91117=
07591,2009-03-16 12:00:00,16.1,,-0.8,16,-9.7,,11.112,25.928,,230,,,0,0,,,,,,0,og-post,,,,AAXX 16124 07591 04/// /2306 10161 21097 39232 48572 58008 60001 700// 333 60007 90710 91114 555 60005=
07591,2009-03-16 13:00:00,16.3,,-1.2,15,-10.3,,14.816,25.928,,220,,,0,,,,,,,0,og-post,,,,AAXX 16134 07591 24/// /2208 10163 21103 39228 48569 56012 700// 333 60005 90710 91114=
07591,2009-03-16 14:00:00,17.1,,-1,16,-8.9,,14.816,22.224,,210,,,0,,,,,,,0,og-post,,,,AAXX 16144 07591 24/// /2108 10171 21089 39225 48568 57010 700// 333 60005 90710 91112=
07591,2009-03-16 15:00:00,17.2,,-0.9,15,-9.6,,11.112,22.224,,230,,,0,0,,,,,,0,og-post,,,,AAXX 16154 07591 24/// /2306 10172 21096 39223 48567 56009 700// 333 60007 90710 91112 555 60005=
07591,2009-03-16 16:00:00,16.6,,-0.6,18,-7.8,,14.816,22.224,,210,,,0,,,,,,,0,og-post,,,,AAXX 16164 07591 24/// /2108 10166 21078 39222 48564 56006 700// 333 60005 90710 91112=
07591,2009-03-16 17:00:00,14.5,,-0.1,22,-6.9,,11.112,18.52,,210,,,0,,,,,,,0,og-post,,,,AAXX 16174 07591 24/// /2106 10145 21069 39224 48561 55001 700// 333 60005 90710 91110=
07591,2009-03-16 18:00:00,10.8,,1,33,-4.8,,3.704,14.816,,330,8.2,17.4,0,0,,,,,,0,og-post,,,,AAXX 16184 07591 04/// /3302 10108 21048 39233 48561 53010 60002 700// 333 10174 20082 60007 90710 91108 555 60005=
07591,2009-03-16 19:00:00,8.2,,1.6,38,-5.3,,7.408,14.816,,40,,,0,,,,,,,0,og-post,,,,AAXX 16194 07591 24/// /0404 10082 21053 39238 48559 53016 700// 333 60005 90710 91108=
07591,2009-03-16 20:00:00,6.8,,2.1,42,-5.2,,3.704,14.816,,20,,,0,,,,,,,0,og-post,,,,AAXX 16204 07591 24/// /0202 10068 21052 39245 48562 51021 700// 333 60005 90710 91108=
07591,2009-03-16 21:00:00,5.8,,1.8,42,-6.1,,7.408,11.112,,40,,,0,0,,,,,,0,og-post,,,,AAXX 16214 07591 24/// /0404 10058 21061 39251 48564 53018 700// 333 60007 90710 91106 555 60005=
07591,2009-03-16 22:00:00,4,,1.5,49,-5.7,,3.704,11.112,,50,,,0,,,,,,,0,og-post,,,,AAXX 16224 07591 24/// /0502 10040 21057 39253 48562 51015 700// 333 60005 90710 91106=
07591,2009-03-16 23:00:00,4.3,,1.1,45,-6.6,,7.408,18.52,,30,,,0,,,,,,,0,og-post,,,,AAXX 16234 07591 24/// /0304 10043 21066 39256 48565 51011 700// 333 60005 90710 91110=
07591,2009-03-17 00:00:00,2.5,,0.8,54,-5.8,,3.704,11.112,,340,,,0,0,,,,,,0,og-post,,,,AAXX 17004 07591 04/// /3402 10025 21058 39259 48563 53008 60001 700// 333 60007 90710 91106 555 60005=
07591,2009-03-17 01:00:00,1.9,,0.8,57,-5.7,,7.408,11.112,,70,,,0,,,,,,,0,og-post,,,,AAXX 17014 07591 24/// /0704 10019 21057 39261 48563 51008 700// 333 60005 90710 91106=
07591,2009-03-17 02:00:00,1.2,,0.4,58,-6.1,,7.408,18.52,,60,,,0,,,,,,,0,og-post,,,,AAXX 17024 07591 24/// /0604 10012 21061 39260 48561 50004 700// 333 60005 90710 91110=
07591,2009-03-17 03:00:00,0.2,,0.1,61,-6.4,,7.408,14.816,,50,,,0,0,,,,,,0,og-post,,,,AAXX 17034 07591 24/// /0504 10002 21064 39260 48558 51001 700// 333 60007 90710 91108 555 60005=
07591,2009-03-17 04:00:00,0.2,,0.1,61,-6.4,,3.704,14.816,,100,,,0,,,,,,,0,og-post,,,,AAXX 17044 07591 24/// /1002 10002 21064 39262 48560 53001 700// 333 60005 90710 91108=
07591,2009-03-17 05:00:00,-0.8,,0.4,65,-6.5,,3.704,7.408,,60,,,0,,,,,,,0,og-post,,,,AAXX 17054 07591 24/// /0602 11008 21065 39264 48559 53004 700// 333 60005 90710 91104=
07591,2009-03-17 06:00:00,-0.2,,0.7,62,-6.6,,11.112,18.52,,50,-0.8,10.7,0,0,,,0,10.6,-5,0,og-post,,,,AAXX 17064 07591 04/// /0506 11002 21066 39267 48563 53007 60002 700// 333 10107 21008 3/105 55106 60007 70000 90710 91110 555 60005=
07591,2009-03-17 07:00:00,1.8,,0.7,56,-6,,11.112,22.224,,60,,,0,,,,,,,0,og-post,,,,AAXX 17074 07591 24/// /0606 10018 21060 39269 48570 52007 700// 333 60005 90710 91112=
07591,2009-03-17 08:00:00,4.9,,0.1,45,-6,,14.816,22.224,,50,,,0,,,,,,,0,og-post,,,,AAXX 17084 07591 24/// /0508 10049 21060 39265 48574 50001 700// 333 60005 90710 91112=
07591,2009-03-17 09:00:00,8.8,,-0.6,33,-6.6,,11.112,29.632,,60,,,0,0,,,,,,0,og-post,,,,AAXX 17094 07591 24/// /0606 10088 21066 39261 48580 58006 700// 333 60007 90710 91116 555 60005=
07591,2009-03-17 10:00:00,11.7,,-1.1,23,-8.7,,3.704,14.816,,60,,,0,,,,,,,0,og-post,,,,AAXX 17104 07591 24/// /0602 10117 21087 39258 48585 56011 700// 333 60005 90710 91108=
07591,2009-03-17 11:00:00,13.2,,-0.7,24,-6.9,,7.408,18.52,,210,,,0,,,,,,,0,og-post,,,,AAXX 17114 07591 24/// /2104 10132 21069 39258 48589 56007 700// 333 60005 90710 91110=
07591,2009-03-17 12:00:00,15.3,,-0.9,21,-6.9,,11.112,22.224,,200,,,0,0,,,,,,0,og-post,,,,AAXX 17124 07591 04/// /2006 10153 21069 39252 48589 58009 60001 700// 333 60007 90710 91112 555 60005=
07591,2009-03-17 13:00:00,16.6,,-1.4,22,-5.2,,14.816,25.928,,220,,,0,,,,,,,0,og-post,,,,AAXX 17134 07591 24/// /2208 10166 21052 39244 48585 58014 700// 333 60005 90710 91114=
07591,2009-03-17 14:00:00,16.8,,-2,23,-4.4,,14.816,25.928,,210,,,0,,,,,,,0,og-post,,,,AAXX 17144 07591 24/// /2108 10168 21044 39238 48580 57020 700// 333 60005 90710 91114=
07591,2009-03-17 15:00:00,17,,-1.9,22,-4.8,,14.816,25.928,,210,,,0,0,,,,,,0,og-post,,,,AAXX 17154 07591 24/// /2108 10170 21048 39233 48576 56019 700// 333 60007 90710 91114 555 60005=
07591,2009-03-17 16:00:00,16.8,,-1.5,22,-5,,14.816,25.928,,220,,,0,,,,,,,0,og-post,,,,AAXX 17164 07591 24/// /2208 10168 21050 39229 48572 56015 700// 333 60005 90710 91114=
07591,2009-03-17 17:00:00,15.1,,-0.9,27,-3.7,,11.112,22.224,,210,,,0,,,,,,,0,og-post,,,,AAXX 17174 07591 24/// /2106 10151 21037 39229 48568 56009 700// 333 60005 90710 91112=
07591,2009-03-17 18:00:00,11.9,,0.1,36,-2.7,,3.704,14.816,,60,-0.6,17.3,0,0,,,,,,0,og-post,,,,AAXX 17184 07591 04/// /0602 10119 21027 39234 48564 53001 60002 700// 333 10173 21006 60007 90710 91108 555 60005=
07591,2009-03-17 19:00:00,9.2,,1.1,43,-2.7,,3.704,11.112,,30,,,0,,,,,,,0,og-post,,,,AAXX 17194 07591 24/// /0302 10092 21027 39240 48563 53011 700// 333 60005 90710 91106=
07591,2009-03-17 20:00:00,8.2,,1.1,45,-3,,11.112,14.816,,50,,,0,,,,,,,0,og-post,,,,AAXX 17204 07591 24/// /0506 10082 21030 39240 48561 51011 700// 333 60005 90710 91108=
07591,2009-03-17 21:00:00,8.7,,0.7,41,-3.8,,14.816,25.928,,20,,,0,0,,,,,,0,og-post,,,,AAXX 17214 07591 24/// /0208 10087 21038 39241 48563 51007 700// 333 60007 90710 91114 555 60005=
07591,2009-03-17 22:00:00,8.2,,0.1,42,-3.9,,14.816,25.928,,20,,,0,,,,,,,0,og-post,,,,AAXX 17224 07591 24/// /0208 10082 21039 39241 48562 52001 700// 333 60005 90710 91114=
07591,2009-03-17 23:00:00,7.4,,0,44,-4,,14.816,29.632,,50,,,0,,,,,,,0,og-post,,,,AAXX 17234 07591 24/// /0508 10074 21040 39240 48559 50000 700// 333 60005 90710 91116=
07591,2009-03-18 00:00:00,6.3,,-0.1,47,-4.2,,11.112,25.928,,60,,,0,0,,,,,,0,og-post,,,,AAXX 18004 07591 04/// /0606 10063 21042 39240 48556 57001 60001 700// 333 60007 90710 91114 555 60005=
07591,2009-03-18 01:00:00,6.2,,-0.5,46,-4.5,,14.816,35.188,,50,,,0,,,,,,,0,og-post,,,,AAXX 18014 07591 24/// /0508 10062 21045 39236 48552 58005 700// 333 60005 90710 91119=
07591,2009-03-18 03:00:00,6.6,,-0.6,44,-4.8,,22.224,38.892,,20,,,0,0,,,,,,0,og-post,,,,AAXX 18034 07591 24/// /0212 10066 21048 39234 48551 56006 700// 333 60007 90710 91121 555 60005=
07591,2009-03-18 04:00:00,5.9,,-0.4,46,-4.8,,22.224,38.892,,20,,,0,,,,,,,0,og-post,,,,AAXX 18044 07591 24/// /0212 10059 21048 39232 48548 57004 700// 333 60005 90710 91121=
07591,2009-03-18 06:00:00,5.7,,-0.3,48,-4.4,,18.52,31.484,,30,4.3,11.8,0,0,,,0,10.6,2,0,og-post,,,,AAXX 18064 07591 04/// /0310 10057 21044 39231 48547 56003 60002 700// 333 10118 20043 3/002 55106 60007 70000 90710 91117 555 60005=
07591,2009-03-18 07:00:00,7,,-0,44,-4.4,,25.928,35.188,,30,,,0,,,,,,,0,og-post,,,,AAXX 18074 07591 24/// /0314 10070 21044 39232 48551 55000 700// 333 60005 90710 91119=
07591,2009-03-18 08:00:00,9.7,,-0.5,39,-3.6,,22.224,38.892,,20,,,0,,,,,,,0,og-post,,,,AAXX 18084 07591 24/// /0212 10097 21036 39226 48552 58005 700// 333 60005 90710 91121=
07591,2009-03-18 09:00:00,12.2,,-0.7,35,-2.8,,22.224,35.188,,20,,,0,0,,,,,,0,og-post,,,,AAXX 18094 07591 24/// /0212 10122 21028 39224 48556 58007 700// 333 60007 90710 91119 555 60005=
07591,2009-03-18 12:00:00,19,,-1.6,18,-5.8,,11.112,18.52,,200,,,0,0,,,,,,0,og-post,,,,AAXX 18124 07591 04/// /2006 10190 21058 39208 48558 58016 60001 700// 333 60007 90710 91110 555 60005=
07591,2009-03-18 15:00:00,19.8,,-2.3,16,-6.7,,22.224,35.188,,220,,,0,0,,,,,,0,og-post,,,,AAXX 18154 07591 24/// /2212 10198 21067 39185 48538 56023 700// 333 60007 90710 91119 555 60005=
07591,2009-03-18 16:00:00,19.6,,-1.8,13,-9.5,,18.52,38.892,,250,,,0,,,,,,,0,og-post,,,,AAXX 18164 07591 24/// /2510 10196 21095 39181 48534 56018 700// 333 60005 90710 91121=
07591,2009-03-18 18:00:00,14.1,,-0.2,29,-3.6,,7.408,25.928,,230,5.7,20.3,0,0,,,,,,0,og-post,,,,AAXX 18184 07591 04/// /2304 10141 21036 39183 48524 55002 60002 700// 333 10203 20057 60007 90710 91114 555 60005=
07591,2009-03-18 19:00:00,10.7,,0.7,38,-3,,7.408,14.816,,350,,,0,,,,,,,0,og-post,,,,AAXX 18194 07591 24/// /3504 10107 21030 39188 48521 53007 700// 333 60005 90710 91108=
07591,2009-03-18 20:00:00,9.2,,1.2,41,-3.3,,7.408,14.816,,20,,,0,,,,,,,0,og-post,,,,AAXX 18204 07591 24/// /0204 10092 21033 39191 48520 51012 700// 333 60005 90710 91108=
07591,2009-03-18 21:00:00,8.2,,1,42,-3.9,,7.408,14.816,,40,,,0,0,,,,,,0,og-post,,,,AAXX 18214 07591 24/// /0404 10082 21039 39193 48519 51010 700// 333 60007 90710 91108 555 60005=
07591,2009-03-18 23:00:00,6.2,,-0.1,44,-5.1,,11.112,18.52,,50,,,0,,,,,,,0,og-post,,,,AAXX 18234 07591 24/// /0506 10062 21051 39190 48512 58001 700// 333 60005 90710 91110=
07591,2009-03-19 00:00:00,7.2,,-0.6,37,-6.5,,18.52,29.632,,20,,,0,0,,,,,,0,og-post,,,,AAXX 19004 07591 04/// /0210 10072 21065 39187 48511 58006 60001 700// 333 60007 90710 91116 555 60005=
07591,2009-03-19 01:00:00,5.1,,-0.5,45,-5.8,,7.408,25.928,,60,,,0,,,,,,,0,og-post,,,,AAXX 19014 07591 24/// /0604 10051 21058 39187 48507 56005 700// 333 60005 90710 91114=
07591,2009-03-19 03:00:00,5.9,,-1.2,38,-7.3,,22.224,35.188,,30,,,0,0,,,,,,0,og-post,,,,AAXX 19034 07591 24/// /0312 10059 21073 39175 48498 58012 700// 333 60007 90710 91119 555 60005=
07591,2009-03-19 04:00:00,5.1,,-1.2,40,-7.4,,22.224,35.188,,20,,,0,,,,,,,0,og-post,,,,AAXX 19044 07591 24/// /0212 10051 21074 39175 48496 56012 700// 333 60005 90710 91119=
07591,2009-03-19 06:00:00,4.9,,-0.8,38,-8.2,,22.224,35.188,,30,4.4,14.1,0,0,,,0,10.7,1,0,og-post,,,,AAXX 19064 07591 04/// /0312 10049 21082 39167 48489 58008 60002 700// 333 10141 20044 3/001 55107 60007 70000 90710 91119 555 60005=
07591,2009-03-19 07:00:00,5.9,,-1.2,36,-8,,18.52,35.188,,30,,,0,,,,,,,0,og-post,,,,AAXX 19074 07591 24/// /0310 10059 21080 39163 48487 56012 700// 333 60005 90710 91119=
07591,2009-03-19 09:00:00,10.3,,-1.1,28,-7.4,,7.408,29.632,,130,,,0,0,,,,,,0,og-post,,,,AAXX 19094 07591 24/// /1304 10103 21074 39156 48491 56011 700// 333 60007 90710 91116 555 60005=
07591,2009-03-19 11:00:00,12.2,,-1.5,29,-5.3,,11.112,18.52,,210,,,0,,,,,,,0,og-post,,,,AAXX 19114 07591 24/// /2106 10122 21053 39144 48484 58015 700// 333 60005 90710 91110=
07591,2009-03-19 12:00:00,14.3,,-1.9,26,-4.9,,14.816,29.632,,200,,,0,0,,,,,,0,og-post,,,,AAXX 19124 07591 04/// /2008 10143 21049 39137 48482 56019 60001 700// 333 60007 90710 91116 555 60005=
07591,2009-03-19 13:00:00,15.2,,-2.1,22,-6.3,,18.52,35.188,,210,,,0,,,,,,,0,og-post,,,,AAXX 19134 07591 24/// /2110 10152 21063 39127 48475 58021 700// 333 60005 90710 91119=
07591,2009-03-19 14:00:00,16,,-2.6,19,-7.6,,18.52,29.632,,220,,,0,,,,,,,0,synop_v4,,,,
07591,2009-03-19 15:00:00,15.9,,-2.3,17,-9.1,,18.52,31.484,,220,,,0,0,,,,,,0,og-post,,,,AAXX 19154 07591 24/// /2210 10159 21091 39114 48464 56023 700// 333 60007 90710 91117 555 60005=
07591,2009-03-19 16:00:00,15.8,,-1.6,17,-9.2,,14.816,31.484,,230,,,0,,,,,,,0,og-post,,,,AAXX 19164 07591 24/// /2308 10158 21092 39111 48461 56016 700// 333 60005 90710 91117=
07591,2009-03-19 17:00:00,14.1,,-0.9,21,-7.9,,11.112,29.632,,250,,,0,,,,,,,0,og-post,,,,AAXX 19174 07591 24/// /2506 10141 21079 39109 48456 56009 700// 333 60005 90710 91116=
07591,2009-03-19 18:00:00,11.5,,-0.5,25,-7.8,,7.408,18.52,,40,4.1,16.3,0,0,,,,,,0,og-post,,,,AAXX 19184 07591 04/// /0404 10115 21078 39109 48451 56005 60002 700// 333 10163 20041 60007 90710 91110 555 60005=
07591,2009-03-19 19:00:00,10.2,,0.1,22,-10.5,,11.112,35.188,,40,,,0,,,,,,,0,og-post,,,,AAXX 19194 07591 24/// /0406 10102 21105 39112 48451 53001 700// 333 60005 90710 91119=
07591,2009-03-19 20:00:00,10.6,,0.3,20,-11.4,,25.928,46.3,,20,,,0,,,,,,,0,og-post,,,,AAXX 19204 07591 24/// /0214 10106 21114 39112 48452 52003 700// 333 60005 90710 91125=
07591,2009-03-19 21:00:00,8.6,,0.8,25,-10.3,,22.224,31.484,,30,,,0,0,,,,,,0,og-post,,,,AAXX 19214 07591 24/// /0312 10086 21103 39117 48452 53008 700// 333 60007 90710 91117 555 60005=
07591,2009-03-19 22:00:00,8.6,,0.5,22,-11.9,,18.52,35.188,,20,,,0,,,,,,,0,og-post,,,,AAXX 19224 07591 24/// /0210 10086 21119 39117 48452 52005 700// 333 60005 90710 91119=
07591,2009-03-19 23:00:00,7.5,,0.6,25,-11.2,,14.816,22.224,,10,,,0,,,,,,,0,og-post,,,,AAXX 19234 07591 24/// /0108 10075 21112 39118 48451 51006 700// 333 60005 90710 91112=
07591,2009-03-20 00:00:00,7.1,,0.7,27,-10.6,,18.52,31.484,,360,,,0,0,,,,,,0,og-post,,,,AAXX 20004 07591 04/// /3610 10071 21106 39124 48455 53007 60001 700// 333 60007 90710 91117 555 60005=
07591,2009-03-20 01:00:00,6.2,,1.4,34,-8.5,,14.816,31.484,,360,,,0,,,,,,,0,og-post,,,,AAXX 20014 07591 24/// /3608 10062 21085 39131 48460 53014 700// 333 60005 90710 91117=
07591,2009-03-20 02:00:00,5.7,,1.2,34,-8.9,,14.816,25.928,,10,,,0,,,,,,,0,og-post,,,,AAXX 20024 07591 24/// /0108 10057 21089 39130 48458 50012 700// 333 60005 90710 91114=
07591,2009-03-20 03:00:00,5,,0.6,36,-8.8,,11.112,29.632,,20,,,0,0,,,,,,0,og-post,,,,AAXX 20034 07591 24/// /0206 10050 21088 39130 48456 51006 700// 333 60007 90710 91116 555 60005=
07591,2009-03-20 04:00:00,4.9,,0.2,36,-8.9,,18.52,29.632,,350,,,0,,,,,,,0,og-post,,,,AAXX 20044 07591 24/// /3510 10049 21089 39133 48459 53002 700// 333 60005 90710 91116=
07591,2009-03-20 05:00:00,3.3,,0.2,41,-8.7,,14.816,25.928,,30,,,0,,,,,,,0,og-post,,,,AAXX 20054 07591 24/// /0308 10033 21087 39132 48455 50002 700// 333 60005 90710 91114=
07591,2009-03-20 06:00:00,2.7,,-0.2,43,-8.6,,14.816,22.224,,40,2.4,11.4,0,0,,,0,9.6,-1,0,og-post,,,,AAXX 20064 07591 04/// /0408 10027 21086 39128 48450 58002 60002 700// 333 10114 20024 3/101 55096 60007 70000 90710 91112 555 60005=
07591,2009-03-20 07:00:00,3.8,,-0.6,42,-7.9,,11.112,22.224,,20,,,0,,,,,,,0,og-post,,,,AAXX 20074 07591 24/// /0206 10038 21079 39127 48451 57006 700// 333 60005 90710 91112=
07591,2009-03-20 08:00:00,5.4,,-0.3,39,-7.4,,7.408,14.816,,190,,,0,,,,,,,0,og-post,,,,AAXX 20084 07591 24/// /1904 10054 21074 39129 48456 55003 700// 333 60005 90710 91108=
07591,2009-03-20 09:00:00,7.8,,-0.2,35,-6.7,,3.704,18.52,,20,,,0,0,,,,,,0,og-post,,,,AAXX 20094 07591 24/// /0202 10078 21067 39126 48459 58002 700// 333 60007 90710 91110 555 60005=
07591,2009-03-20 10:00:00,8.6,,-0.8,32,-7.1,,11.112,25.928,,220,,,0,,,,,,,0,og-post,,,,AAXX 20104 07591 24/// /2206 10086 21071 39119 48454 58008 700// 333 60005 90710 91114=
07591,2009-03-20 11:00:00,9.7,,-1.6,27,-8.4,,11.112,22.224,,210,,,0,,,,,,,0,og-post,,,,AAXX 20114 07591 24/// /2106 10097 21084 39113 48451 58016 700// 333 60005 90710 91112=
07591,2009-03-20 12:00:00,9.4,,-0.8,23,-10.7,,35.188,53.708,,20,,,0,0,,,,,,0,og-post,,,,AAXX 20124 07591 04/// /0219 10094 21107 39118 48455 55008 60001 700// 333 60007 90710 91129 555 60005=
07591,2009-03-20 13:00:00,8.4,,0.7,25,-10.5,,31.484,61.116,53.708,20,,,0,,,,,,,0,og-post,,,,AAXX 20134 07591 24/// /0217 10084 21105 39126 48460 53007 700// 333 60005 91029 90710 91133=
07591,2009-03-20 14:00:00,8.1,,1.7,22,-12.3,,29.632,57.412,,50,,,0,,,,,,,0,og-post,,,,AAXX 20144 07591 24/// /0516 10081 21123 39130 48463 51017 700// 333 60005 90710 91131=
07591,2009-03-20 15:00:00,7.7,,1.7,22,-12.6,,29.632,53.708,,30,,,0,0,,,,,,0,og-post,,,,AAXX 20154 07591 24/// /0316 10077 21126 39135 48466 51017 700// 333 60007 90710 91129 555 60005=
07591,2009-03-20 16:00:00,7.4,,1.2,23,-12.3,,25.928,46.3,,30,,,0,,,,,,,0,og-post,,,,AAXX 20164 07591 24/// /0314 10074 21123 39138 48468 51012 700// 333 60005 90710 91125=
07591,2009-03-20 17:00:00,6.1,,1.4,25,-12.4,,22.224,38.892,,350,,,0,,,,,,,0,og-post,,,,AAXX 20174 07591 24/// /3512 10061 21124 39144 48471 53014 700// 333 60005 90710 91121=
07591,2009-03-20 18:00:00,4.9,,1.6,28,-12,,22.224,35.188,,350,2.1,10.6,0,0,,,,,,0,og-post,,,,AAXX 20184 07591 04/// /3512 10049 21120 39151 48474 53016 60002 700// 333 10106 20021 60007 90710 91119 555 60005=
07591,2009-03-20 19:00:00,3.9,,2.4,32,-11.3,,7.408,35.188,,330,,,0,,,,,,,0,og-post,,,,AAXX 20194 07591 24/// /3304 10039 21113 39162 48482 53024 700// 333 60005 90710 91119=
07591,2009-03-20 20:00:00,2.5,,2.7,44,-8.5,,7.408,18.52,,220,,,0,,,,,,,0,og-post,,,,AAXX 20204 07591 24/// /2204 10025 21085 39171 48487 53027 700// 333 60005 90710 91110=
07591,2009-03-20 21:00:00,0.4,,2.7,50,-8.8,,3.704,11.112,,350,,,0,0,,,,,,0,og-post,,,,AAXX 20214 07591 24/// /3502 10004 21088 39178 48488 51027 700// 333 60007 90710 91106 555 60005=
07591,2009-03-20 22:00:00,-0.5,,2,55,-8.4,,7.408,11.112,,60,,,0,,,,,,,0,og-post,,,,AAXX 20224 07591 24/// /0604 11005 21084 39182 48490 51020 700// 333 60005 90710 91106=
07591,2009-03-20 23:00:00,-1.5,,1.2,60,-8.2,,3.704,7.408,,200,,,0,,,,,,,0,og-post,,,,AAXX 20234 07591 24/// /2002 11015 21082 39183 48488 51012 700// 333 60005 90710 91104=
07591,2009-03-21 00:00:00,-2,,0.7,62,-8.3,,3.704,7.408,,40,,,0,0,,,,,,0,og-post,,,,AAXX 21004 07591 04/// /0402 11020 21083 39185 48489 51007 60001 700// 333 60007 90710 91104 555 60005=
07591,2009-03-21 01:00:00,-2.9,,0.4,64,-8.7,,,3.704,,,,,0,,,,,,,0,og-post,,,,AAXX 21014 07591 24/// /0000 11029 21087 39186 48488 52004 700// 333 60005 90710 91102=
07591,2009-03-21 02:00:00,-3.2,,-0.1,64,-9,,3.704,7.408,,50,,,0,,,,,,,0,og-post,,,,AAXX 21024 07591 24/// /0502 11032 21090 39182 48484 58001 700// 333 60005 90710 91104=
07591,2009-03-21 03:00:00,-3.7,,-0.6,66,-9.1,,3.704,3.704,,30,,,0,0,,,,,,0,og-post,,,,AAXX 21034 07591 24/// /0302 11037 21091 39179 48480 58006 700// 333 60007 90710 91102 555 60005=
07591,2009-03-21 04:00:00,-4,,-0.8,65,-9.6,,7.408,11.112,,50,,,0,,,,,,,0,og-post,,,,AAXX 21044 07591 24/// /0504 11040 21096 39178 48478 56008 700// 333 60005 90710 91106=
07591,2009-03-21 05:00:00,-4.7,,-0.6,68,-9.7,,7.408,11.112,,50,,,0,,,,,,,0,og-post,,,,AAXX 21054 07591 24/// /0504 11047 21097 39176 48475 56006 700// 333 60005 90710 91106=
07591,2009-03-21 06:00:00,-4.7,,-0.2,67,-9.9,,,11.112,,,-4.8,4.8,0,0,,,0,10.2,-9,0,og-post,,,,AAXX 21064 07591 04/// /0000 11047 21099 39177 48476 55002 60002 700// 333 10048 21048 3/109 55102 60007 70000 90710 91106 555 60005=
07591,2009-03-21 07:00:00,-2,,-0.3,56,-9.6,,11.112,22.224,,40,,,0,,,,,,,0,og-post,,,,AAXX 21074 07591 24/// /0406 11020 21096 39175 48480 57003 700// 333 60005 90710 91112=
07591,2009-03-21 08:00:00,0.1,,-0.3,49,-9.3,,11.112,22.224,,70,,,0,,,,,,,0,og-post,,,,AAXX 21084 07591 24/// /0706 10001 21093 39173 48483 58003 700// 333 60005 90710 91112=
07591,2009-03-21 09:00:00,2.9,,-1,37,-10.3,,11.112,18.52,,120,,,0,0,,,,,,0,og-post,,,,AAXX 21094 07591 24/// /1206 10029 21103 39167 48484 58010 700// 333 60007 90710 91110 555 60005=
07591,2009-03-21 10:00:00,5.3,,-1.5,34,-9.3,,7.408,14.816,,170,,,0,,,,,,,0,og-post,,,,AAXX 21104 07591 24/// /1704 10053 21093 39160 48483 58015 700// 333 60005 90710 91108=
07591,2009-03-21 11:00:00,6.7,,-1.8,28,-10.5,,7.408,18.52,,220,,,0,,,,,,,0,og-post,,,,AAXX 21114 07591 24/// /2204 10067 21105 39155 48482 56018 700// 333 60005 90710 91110=
07591,2009-03-21 12:00:00,7.7,,-1.7,27,-10.1,,14.816,25.928,,210,,,0,0,,,,,,0,og-post,,,,AAXX 21124 07591 04/// /2108 10077 21101 39150 48480 56017 60001 700// 333 60007 90710 91114 555 60005=
07591,2009-03-21 13:00:00,8.6,,-1.4,27,-9.3,,18.52,31.484,,220,,,0,,,,,,,0,og-post,,,,AAXX 21134 07591 24/// /2210 10086 21093 39146 48478 56014 700// 333 60005 90710 91117=
07591,2009-03-21 14:00:00,9.2,,-1.3,28,-8.3,,22.224,38.892,,210,,,0,,,,,,,0,og-post,,,,AAXX 21144 07591 24/// /2112 10092 21083 39142 48476 56013 700// 333 60005 90710 91121=
07591,2009-03-21 15:00:00,9.4,,-0.9,26,-9.1,,18.52,35.188,,220,,,0,0,,,,,,0,og-post,,,,AAXX 21154 07591 24/// /2210 10094 21091 39141 48475 56009 700// 333 60007 90710 91119 555 60005=
07591,2009-03-21 16:00:00,9.2,,-0.3,26,-9.3,,18.52,31.484,,230,,,0,,,,,,,0,og-post,,,,AAXX 21164 07591 24/// /2310 10092 21093 39143 48477 55003 700// 333 60005 90710 91117=
07591,2009-03-21 17:00:00,7.3,,0.8,33,-7.9,,14.816,31.484,,220,,,0,,,,,,,0,og-post,,,,AAXX 21174 07591 24/// /2208 10073 21079 39150 48479 53008 700// 333 60005 90710 91117=
07591,2009-03-21 18:00:00,5.1,,1.9,41,-7,,11.112,29.632,,200,-4.9,9.7,0,0,,,,,,0,og-post,,,,AAXX 21184 07591 04/// /2006 10051 21070 39160 48483 53019 60002 700// 333 10097 21049 60007 90710 91116 555 60005=
07591,2009-03-21 19:00:00,3.1,,3,46,-7.4,,3.704,18.52,,300,,,0,,,,,,,0,og-post,,,,AAXX 21194 07591 24/// /3002 10031 21074 39173 48490 53030 700// 333 60005 90710 91110=
07591,2009-03-21 20:00:00,1.3,,2.9,52,-7.5,,7.408,7.408,,350,,,0,,,,,,,0,og-post,,,,AAXX 21204 07591 24/// /3504 10013 21075 39179 48491 51029 700// 333 60005 90710 91104=
07591,2009-03-21 21:00:00,0.2,,2.5,56,-7.5,,3.704,7.408,,350,,,0,0,,,,,,0,og-post,,,,AAXX 21214 07591 24/// /3502 10002 21075 39185 48494 51025 700// 333 60007 90710 91104 555 60005=
07591,2009-03-21 22:00:00,-0.8,,1.8,60,-7.6,,3.704,7.408,,320,,,0,,,,,,,0,og-post,,,,AAXX 21224 07591 24/// /3202 11008 21076 39191 48497 52018 700// 333 60005 90710 91104=
07591,2009-03-21 23:00:00,-1.4,,1.4,63,-7.5,,3.704,7.408,,350,,,0,,,,,,,0,og-post,,,,AAXX 21234 07591 24/// /3502 11014 21075 39193 48497 51014 700// 333 60005 90710 91104=
07591,2009-03-22 00:00:00,-2.1,,0.9,63,-8.2,,3.704,7.408,,340,,,0,0,,,,,,0,og-post,,,,AAXX 22004 07591 04/// /3402 11021 21082 39194 48496 51009 60001 700// 333 60007 90710 91104 555 60005=
07591,2009-03-22 01:00:00,-2.6,,0.3,60,-9.3,,3.704,7.408,,360,,,0,,,,,,,0,og-post,,,,AAXX 22014 07591 24/// /3602 11026 21093 39194 48495 51003 700// 333 60005 90710 91104=
07591,2009-03-22 02:00:00,-3.1,,0.3,62,-9.3,,3.704,7.408,,40,,,0,,,,,,,0,og-post,,,,AAXX 22024 07591 24/// /0402 11031 21093 39196 48496 53003 700// 333 60005 90710 91104=
07591,2009-03-22 03:00:00,-3.1,,-0.3,62,-9.3,,11.112,14.816,,40,,,0,0,,,,,,0,og-post,,,,AAXX 22034 07591 24/// /0406 11031 21093 39191 48491 58003 700// 333 60007 90710 91108 555 60005=
07591,2009-03-22 04:00:00,-3.5,,-0.2,63,-9.5,,3.704,14.816,,360,,,0,,,,,,,0,og-post,,,,AAXX 22044 07591 24/// /3602 11035 21095 39192 48491 58002 700// 333 60005 90710 91108=
07591,2009-03-22 05:00:00,-3.1,,-0.5,60,-9.7,,14.816,18.52,,20,,,0,,,,,,,0,og-post,,,,AAXX 22054 07591 24/// /0208 11031 21097 39191 48491 56005 700// 333 60005 90710 91110=
07591,2009-03-22 06:00:00,-4.6,,0.5,69,-9.4,,,14.816,,,-4.6,5,0,0,,,0,10.7,-8,0,og-post,,,,AAXX 22064 07591 04/// /0000 11046 21094 39196 48492 53005 60002 700// 333 10050 21046 3/108 55107 60007 70000 90710 91108 555 60005=
07591,2009-03-22 07:00:00,-2.1,,0.5,63,-8.2,,3.704,7.408,,80,,,0,,,,,,,0,og-post,,,,AAXX 22074 07591 24/// /0802 11021 21082 39197 48499 53005 700// 333 60005 90710 91104=
07591,2009-03-22 08:00:00,1,,0.5,46,-9.3,,11.112,18.52,,70,,,0,,,,,,,0,og-post,,,,AAXX 22084 07591 24/// /0706 10010 21093 39196 48505 50005 700// 333 60005 90710 91110=
07591,2009-03-22 09:00:00,4.5,,-0.2,36,-9.2,,7.408,18.52,,90,,,0,0,,,,,,0,og-post,,,,AAXX 22094 07591 24/// /0904 10045 21092 39194 48511 58002 700// 333 60007 90710 91110 555 60005=
07591,2009-03-22 10:00:00,6.7,,-0.6,27,-10.9,,7.408,14.816,,190,,,0,,,,,,,0,og-post,,,,AAXX 22104 07591 24/// /1904 10067 21109 39191 48514 58006 700// 333 60005 90710 91108=
07591,2009-03-22 11:00:00,8.6,,-0.8,22,-11.9,,11.112,22.224,,220,,,0,,,,,,,0,og-post,,,,AAXX 22114 07591 24/// /2206 10086 21119 39188 48515 58008 700// 333 60005 90710 91112=
07591,2009-03-22 12:00:00,10.6,,-1,24,-9.1,,14.816,25.928,,200,,,0,0,,,,,,0,og-post,,,,AAXX 22124 07591 04/// /2008 10106 21091 39184 48516 58010 60001 700// 333 60007 90710 91114 555 60005=
07591,2009-03-22 13:00:00,11.5,,-1.4,23,-8.9,,18.52,31.484,,210,,,0,,,,,,,0,og-post,,,,AAXX 22134 07591 24/// /2110 10115 21089 39177 48512 58014 700// 333 60005 90710 91117=
07591,2009-03-22 14:00:00,12.5,,-1.7,21,-9.2,,18.52,31.484,,210,,,0,,,,,,,0,og-post,,,,AAXX 22144 07591 24/// /2110 10125 21092 39171 48509 58017 700// 333 60005 90710 91117=
07591,2009-03-22 15:00:00,12.4,,-1.9,23,-8.1,,18.52,31.484,,220,,,0,0,,,,,,0,og-post,,,,AAXX 22154 07591 24/// /2210 10124 21081 39165 48503 56019 700// 333 60007 90710 91117 555 60005=
07591,2009-03-22 16:00:00,11.7,,-1,25,-7.6,,18.52,35.188,,220,,,0,,,,,,,0,og-post,,,,AAXX 22164 07591 24/// /2210 10117 21076 39167 48504 55010 700// 333 60005 90710 91119=
07591,2009-03-22 17:00:00,10.6,,-0,29,-6.7,,11.112,29.632,,210,,,0,,,,,,,0,og-post,,,,AAXX 22174 07591 24/// /2106 10106 21067 39171 48505 55000 700// 333 60005 90710 91116=
07591,2009-03-22 18:00:00,7.8,,1.1,37,-6,,3.704,18.52,,220,-4.7,13.1,0,0,,,,,,0,og-post,,,,AAXX 22184 07591 04/// /2202 10078 21060 39176 48503 53011 60002 700// 333 10131 21047 60007 90710 91110 555 60005=
07591,2009-03-22 19:00:00,4.8,,1.6,45,-6.1,,3.704,7.408,,360,,,0,,,,,,,0,og-post,,,,AAXX 22194 07591 24/// /3602 10048 21061 39183 48503 53016 700// 333 60005 90710 91104=
07591,2009-03-22 20:00:00,3.7,,1.7,48,-6.3,,3.704,14.816,,350,,,0,,,,,,,0,og-post,,,,AAXX 22204 07591 24/// /3502 10037 21063 39188 48504 52017 700// 333 60005 90710 91108=
07591,2009-03-22 21:00:00,3.1,,1.1,49,-6.6,,7.408,14.816,,80,,,0,0,,,,,,0,og-post,,,,AAXX 22214 07591 24/// /0804 10031 21066 39187 48502 50011 700// 333 60007 90710 91108 555 60005=
07591,2009-03-23 00:00:00,0.6,,0.9,61,-6,,3.704,7.408,,40,,,0,0,,,,,,0,og-post,,,,AAXX 23004 07591 04/// /0402 10006 21060 39196 48504 53009 60001 700// 333 60007 90710 91104 555 60005=
07591,2009-03-23 03:00:00,-1.1,,-0.9,72,-5.5,,3.704,7.408,,360,,,0,0,,,,,,0,og-post,,,,AAXX 23034 07591 24/// /3602 11011 21055 39187 48493 56009 700// 333 60007 90710 91104 555 60005=
07591,2009-03-23 06:00:00,-2,,-0.5,75,-5.8,,7.408,11.112,,200,-2.1,7.8,0,0,,,0,10.7,-6,0,og-post,,,,AAXX 23064 07591 04/// /2004 11020 21058 39182 48486 55005 60002 700// 333 10078 21021 3/106 55107 60007 70000 90710 91106 555 60005=
07591,2009-03-23 09:00:00,7.2,,-0.7,38,-6.1,,7.408,14.816,,210,,,0,0,,,,,,0,og-post,,,,AAXX 23094 07591 24/// /2104 10072 21061 39175 48501 58007 700// 333 60007 90710 91108 555 60005=
07591,2009-03-23 10:00:00,9,,-1.1,33,-6.4,,7.408,18.52,,230,,,0,,,,,,,0,og-post,,,,AAXX 23104 07591 24/// /2304 10090 21064 39170 48500 58011 700// 333 60005 90710 91110=
07591,2009-03-23 11:00:00,12.3,,-2.1,27,-6.1,,11.112,18.52,,220,,,0,,,,,,,0,og-post,,,,AAXX 23114 07591 24/// /2206 10123 21061 39161 48500 58021 700// 333 60005 90710 91110=
07591,2009-03-23 12:00:00,14.5,,-2.4,23,-6.4,,14.816,22.224,,200,,,0,0,,,,,,0,og-post,,,,AAXX 23124 07591 04/// /2008 10145 21064 39151 48495 58024 60001 700// 333 60007 90710 91112 555 60005=
07591,2009-03-23 13:00:00,16,,-2.9,21,-6.3,,22.224,31.484,,210,,,0,,,,,,,0,og-post,,,,AAXX 23134 07591 24/// /2112 10160 21063 39141 48489 58029 700// 333 60005 90710 91117=
07591,2009-03-23 14:00:00,16.6,,-3,20,-6.4,,18.52,35.188,,220,,,0,,,,,,,0,og-post,,,,AAXX 23144 07591 24/// /2210 10166 21064 39131 48482 57030 700// 333 60005 90710 91119=
07591,2009-03-23 15:00:00,16.8,,-2.6,19,-6.9,,18.52,31.484,,230,,,0,0,,,,,,0,og-post,,,,AAXX 23154 07591 24/// /2310 10168 21069 39125 48476 56026 700// 333 60007 90710 91117 555 60005=
07591,2009-03-23 16:00:00,15.3,,-2.2,22,-6.3,,25.928,38.892,,240,,,0,,,,,,,0,og-post,,,,AAXX 23164 07591 24/// /2414 10153 21063 39119 48468 56022 700// 333 60005 90710 91121=
07591,2009-03-23 17:00:00,13.6,,-1.4,27,-5,,14.816,38.892,,230,,,0,,,,,,,0,og-post,,,,AAXX 23174 07591 24/// /2308 10136 21050 39117 48463 56014 700// 333 60005 90710 91121=
07591,2009-03-23 18:00:00,11.1,,-0.5,33,-4.5,,18.52,31.484,,220,-2.2,17.2,0,0,,,,,,0,og-post,,,,AAXX 23184 07591 04/// /2210 10111 21045 39120 48460 55005 60002 700// 333 10172 21022 60007 90710 91117 555 60005=
07591,2009-03-23 19:00:00,9.2,,0.4,39,-4,,7.408,22.224,,220,,,0,,,,,,,0,og-post,,,,AAXX 23194 07591 24/// /2204 10092 21040 39123 48459 53004 700// 333 60005 90710 91112=
07591,2009-03-23 20:00:00,6.9,,0.5,47,-3.6,,3.704,11.112,,350,,,0,,,,,,,0,og-post,,,,AAXX 23204 07591 24/// /3502 10069 21036 39122 48454 50005 700// 333 60005 90710 91106=
07591,2009-03-23 21:00:00,5.9,,-0.3,50,-3.7,,7.408,11.112,,360,,,0,0,,,,,,0,og-post,,,,AAXX 23214 07591 24/// /3604 10059 21037 39117 48447 58003 700// 333 60007 90710 91106 555 60005=
07591,2009-03-23 22:00:00,4.5,,-1,55,-3.7,,3.704,11.112,,340,,,0,,,,,,,0,og-post,,,,AAXX 23224 07591 24/// /3402 10045 21037 39113 48441 58010 700// 333 60005 90710 91106=
07591,2009-03-23 23:00:00,3.5,,-1.6,59,-3.7,,3.704,11.112,,340,,,0,,,,,,,0,og-post,,,,AAXX 23234 07591 24/// /3402 10035 21037 39106 48432 58016 700// 333 60005 90710 91106=
07591,2009-03-24 00:00:00,3.6,,-1.7,58,-3.9,,3.704,11.112,,330,,,0,0,,,,,,0,og-post,,,,AAXX 24004 07591 04/// /3302 10036 21039 39100 48427 58017 60001 700// 333 60007 90710 91106 555 60005=
07591,2009-03-24 01:00:00,3.6,,-2,59,-3.6,,7.408,11.112,,340,,,0,,,,,,,0,og-post,,,,AAXX 24014 07591 24/// /3404 10036 21036 39093 48421 57020 700// 333 60005 90710 91106=
07591,2009-03-24 02:00:00,3.9,,-2.7,57,-3.8,,7.408,11.112,,200,,,0,,,,,,,0,og-post,,,,AAXX 24024 07591 24/// /2004 10039 21038 39079 48409 58027 700// 333 60005 90710 91106=
07591,2009-03-24 03:00:00,5.6,,-3.6,52,-3.5,,14.816,25.928,,230,,,0,0,,,,,,0,og-post,,,,AAXX 24034 07591 24/// /2308 10056 21035 39064 48399 58036 700// 333 60007 90710 91114 555 60005=
07591,2009-03-24 04:00:00,6.4,,-4.6,49,-3.5,,25.928,57.412,,230,,,0,,,,,,,0,og-post,,,,AAXX 24044 07591 24/// /2314 10064 21035 39047 48386 58046 700// 333 60005 90710 91131=
07591,2009-03-24 05:00:00,6.6,,-3.8,48,-3.6,,29.632,53.708,50.004,240,,,0,,,,,,,0,og-post,,,,AAXX 24054 07591 24/// /2416 10066 21036 39041 48381 56038 700// 333 60005 91027 90710 91129=
07591,2009-03-24 06:00:00,6.6,,-3.6,44,-4.8,,25.928,53.708,,230,3.1,11.1,0,0,,,0,10.7,-1,0,og-post,,,,AAXX 24064 07591 04/// /2314 10066 21048 39028 48369 56036 60002 700// 333 10111 20031 3/101 55107 60007 70000 90710 91129 555 60005=
07591,2009-03-24 07:00:00,5.4,,-2,61,-1.5,,22.224,57.412,,240,,,0,,,,,,,0,og-post,,,,AAXX 24074 07591 24/// /2412 10054 21015 39027 48366 56020 700// 333 60005 90710 91131=
07591,2009-03-24 08:00:00,3.9,,-2.1,76,0.1,,29.632,57.412,57.412,220,,,0.2,,,,,,,21,og-post,,,,AAXX 24084 07591 24/// /2216 10039 20001 39020 48357 56021 721// 333 69925 91031 90710 91131=
07591,2009-03-24 09:00:00,3.8,,-0.3,58,-3.7,,35.188,79.636,64.82,220,,,0,0.2,,,,,,0,og-post,,,,AAXX 24094 07591 24/// /2219 10038 21037 39025 48361 55003 700// 333 69927 91035 90710 91143 555 60005=
07591,2009-03-24 10:00:00,4.9,,0.1,45,-6,,31.484,64.82,61.116,240,,,0,,,,,,,0,og-post,,,,AAXX 24104 07591 24/// /2417 10049 21060 39028 48366 53001 700// 333 60005 91033 90710 91135=
07591,2009-03-24 11:00:00,6.8,,1.2,23,-12.8,,31.484,68.524,57.412,40,,,0,,,,,,,21,og-post,,,,AAXX 24114 07591 24/// /0417 10068 21128 39032 48372 51012 721// 333 60005 91031 90710 91137=
07591,2009-03-24 12:00:00,6.2,,0.7,22,-13.9,,29.632,68.524,50.004,40,,,0,0,0.2,,,,,0,og-post,,,,AAXX 24124 07591 04/// /0416 10062 21139 39032 48371 51007 69921 700// 333 60007 91027 90710 91137 555 60005=
07591,2009-03-24 13:00:00,5.9,,0.8,21,-14.7,,35.188,75.932,72.228,50,,,0,,,,,,,0,og-post,,,,AAXX 24134 07591 24/// /0519 10059 21147 39036 48374 52008 700// 333 60005 91039 90710 91141=
07591,2009-03-24 14:00:00,6,,0.5,20,-15.2,,42.596,94.452,94.452,50,,,0,,,,,,,0,og-post,,,,AAXX 24144 07591 24/// /0523 10060 21152 39037 48375 53005 700// 333 60005 91051 90710 91151=
07591,2009-03-24 15:00:00,5.9,,1.8,21,-14.7,,38.892,87.044,75.932,50,,,0,0,,,,,,0,og-post,,,,AAXX 24154 07591 24/// /0521 10059 21147 39050 48387 53018 700// 333 60007 91041 90710 91147 555 60005=
07591,2009-03-24 16:00:00,5.7,,1.9,20,-15.5,,35.188,79.636,57.412,40,,,0,,,,,,,0,og-post,,,,AAXX 24164 07591 24/// /0419 10057 21155 39055 48391 53019 700// 333 60005 91031 90710 91143=
07591,2009-03-24 17:00:00,5,,1.9,21,-15.5,,31.484,64.82,64.82,40,,,0,,,,,,,0,og-post,,,,AAXX 24174 07591 24/// /0417 10050 21155 39056 48390 51019 700// 333 60005 91035 90710 91135=
07591,2009-03-24 18:00:00,4.4,,1.3,22,-15.4,,29.632,68.524,64.82,40,3.3,6.8,0,0,,0.2,,,,0,og-post,,,,AAXX 24184 07591 04/// /0416 10044 21154 39063 48396 53013 69922 700// 333 10068 20033 60007 91035 90710 91137 555 60005=
07591,2009-03-24 19:00:00,4,,1.9,23,-15.2,,31.484,72.228,,30,,,0,,,,,,,0,og-post,,,,AAXX 24194 07591 24/// /0317 10040 21152 39074 48405 53019 700// 333 60005 90710 91139=
07591,2009-03-24 20:00:00,3.8,,2.8,25,-14.4,,31.484,53.708,,30,,,0,,,,,,,0,og-post,,,,AAXX 24204 07591 24/// /0317 10038 21144 39084 48413 53028 700// 333 60005 90710 91129=
07591,2009-03-24 21:00:00,3.8,,2.8,26,-13.9,,31.484,50.004,,30,,,0,0,,,,,,0,og-post,,,,AAXX 24214 07591 24/// /0317 10038 21139 39091 48419 51028 700// 333 60007 90710 91127 555 60005=
07591,2009-03-24 22:00:00,3.4,,2,27,-13.8,,29.632,46.3,,40,,,0,,,,,,,0,og-post,,,,AAXX 24224 07591 24/// /0416 10034 21138 39094 48421 51020 700// 333 60005 90710 91125=
07591,2009-03-24 23:00:00,3,,1,27,-14.1,,14.816,38.892,,10,,,0,,,,,,,0,og-post,,,,AAXX 24234 07591 24/// /0108 10030 21141 39094 48420 51010 700// 333 60005 90710 91121=
07591,2009-03-25 00:00:00,2.7,,0.3,31,-12.7,,7.408,31.484,,40,,,0,0,,,,,,0,og-post,,,,AAXX 25004 07591 04/// /0404 10027 21127 39094 48420 51003 60001 700// 333 60007 90710 91117 555 60005=
07591,2009-03-25 01:00:00,-0.8,,0.3,50,-9.9,,3.704,18.52,,210,,,0,,,,,,,0,og-post,,,,AAXX 25014 07591 24/// /2102 11008 21099 39097 48416 53003 700// 333 60005 90710 91110=
07591,2009-03-25 02:00:00,-1.8,,-0.3,51,-10.6,,3.704,7.408,,10,,,0,,,,,,,0,og-post,,,,AAXX 25024 07591 24/// /0102 11018 21106 39091 48408 58003 700// 333 60005 90710 91104=
07591,2009-03-25 03:00:00,-2.6,,-0,55,-10.4,,3.704,7.408,,320,,,0,0,,,,,,0,og-post,,,,AAXX 25034 07591 24/// /3202 11026 21104 39094 48409 54000 700// 333 60007 90710 91104 555 60005=
07591,2009-03-25 04:00:00,-3,,-0.3,58,-10.1,,3.704,7.408,,360,,,0,,,,,,,0,og-post,,,,AAXX 25044 07591 24/// /3602 11030 21101 39094 48409 56003 700// 333 60005 90710 91104=
07591,2009-03-25 05:00:00,-2.8,,0.3,56,-10.3,,3.704,7.408,,10,,,0,,,,,,,0,og-post,,,,AAXX 25054 07591 24/// /0102 11028 21103 39094 48409 51003 700// 333 60005 90710 91104=
07591,2009-03-25 06:00:00,-3.4,,-0.1,62,-9.6,,,7.408,,,-3.6,4.6,0,0,,,0.2,6.3,-7,0,og-post,,,,AAXX 25064 07591 04/// /0000 11034 21096 39093 48407 58001 60002 700// 333 10046 21036 3/107 55063 60007 70002 90710 91104 555 60005=
07591,2009-03-25 07:00:00,-0.2,,-0.1,56,-7.9,,3.704,11.112,,60,,,0,,,,,,,0,og-post,,,,AAXX 25074 07591 24/// /0602 11002 21079 39093 48413 57001 700// 333 60005 90710 91106=
07591,2009-03-25 08:00:00,1.5,,-0.5,46,-8.8,,3.704,11.112,,240,,,0,,,,,,,0,og-post,,,,AAXX 25084 07591 24/// /2402 10015 21088 39089 48413 58005 700// 333 60005 90710 91106=
07591,2009-03-25 09:00:00,4.4,,-0.4,42,-7.4,,7.408,18.52,,220,,,0,0,,,,,,0,og-post,,,,AAXX 25094 07591 24/// /2204 10044 21074 39089 48419 57004 700// 333 60007 90710 91110 555 60005=
07591,2009-03-25 10:00:00,6.4,,-0.7,39,-6.5,,14.816,25.928,,200,,,0,,,,,,,0,og-post,,,,AAXX 25104 07591 24/// /2008 10064 21065 39086 48420 56007 700// 333 60005 90710 91114=
07591,2009-03-25 11:00:00,8,,-0.9,35,-6.5,,22.224,29.632,,210,,,0,,,,,,,0,og-post,,,,AAXX 25114 07591 24/// /2112 10080 21065 39080 48418 58009 700// 333 60005 90710 91116=
07591,2009-03-25 12:00:00,9.4,,-1.4,32,-6.4,,22.224,35.188,,220,,,0,0,,,,,,0,og-post,,,,AAXX 25124 07591 04/// /2212 10094 21064 39075 48416 58014 60001 700// 333 60007 90710 91119 555 60005=
07591,2009-03-25 13:00:00,9.8,,-1.9,28,-7.8,,25.928,46.3,,220,,,0,,,,,,,0,og-post,,,,AAXX 25134 07591 24/// /2214 10098 21078 39067 48410 58019 700// 333 60005 90710 91125=
07591,2009-03-25 14:00:00,8.4,,-1.4,22,-12,,29.632,53.708,53.708,220,,,0,,,,,,,0,og-post,,,,AAXX 25144 07591 24/// /2216 10084 21120 39066 48406 56014 700// 333 60005 91029 90710 91129=
07591,2009-03-25 15:00:00,7.8,,-0.8,35,-6.7,,25.928,50.004,,230,,,0,0,,,,,,0,og-post,,,,AAXX 25154 07591 24/// /2314 10078 21067 39067 48406 55008 700// 333 60007 90710 91127 555 60005=
07591,2009-03-25 16:00:00,8,,-0.8,37,-5.8,,29.632,53.708,53.708,230,,,0,,,,,,,0,og-post,,,,AAXX 25164 07591 24/// /2316 10080 21058 39059 48399 58008 700// 333 60005 91029 90710 91129=
07591,2009-03-25 17:00:00,7.1,,-0.6,42,-4.9,,25.928,50.004,,220,,,0,,,,,,,0,og-post,,,,AAXX 25174 07591 24/// /2214 10071 21049 39060 48398 57006 700// 333 60005 90710 91127=
07591,2009-03-25 18:00:00,5.6,,-0.5,48,-4.5,,14.816,42.596,,220,-3.3,10,0,0,,,,,,0,og-post,,,,AAXX 25184 07591 04/// /2208 10056 21045 39062 48397 55005 60002 700// 333 10100 21033 60007 90710 91123 555 60005=
07591,2009-03-25 19:00:00,3.3,,0.6,55,-4.9,,3.704,29.632,,350,,,0,,,,,,,0,og-post,,,,AAXX 25194 07591 24/// /3502 10033 21049 39065 48396 53006 700// 333 60005 90710 91116=
07591,2009-03-25 20:00:00,2.6,,0.8,58,-4.8,,3.704,11.112,,350,,,0,,,,,,,0,og-post,,,,AAXX 25204 07591 24/// /3502 10026 21048 39068 48397 53008 700// 333 60005 90710 91106=
07591,2009-03-25 21:00:00,2.1,,0.7,65,-3.8,,3.704,14.816,,360,,,0,0,,,,,,0,og-post,,,,AAXX 25214 07591 24/// /3602 10021 21038 39069 48397 51007 700// 333 60007 90710 91108 555 60005=
07591,2009-03-25 22:00:00,2.1,,0.7,68,-3.2,,7.408,14.816,,350,,,0,,,,,,,0,og-post,,,,AAXX 25224 07591 24/// /3504 10021 21032 39072 48400 52007 700// 333 60005 90710 91108=
07591,2009-03-25 23:00:00,2.7,,1,69,-2.4,,7.408,14.816,,350,,,0,,,,,,,0,og-post,,,,AAXX 25234 07591 24/// /3504 10027 21024 39078 48406 53010 700// 333 60005 90710 91108=
07591,2009-03-26 00:00:00,2.4,,1.3,71,-2.3,,3.704,11.112,,20,,,0,0,,,,,,0,og-post,,,,AAXX 26004 07591 04/// /0202 10024 21023 39082 48409 53013 60001 700// 333 60007 90710 91106 555 60005=
07591,2009-03-26 01:00:00,2,,1.3,69,-3.1,,11.112,22.224,,50,,,0,,,,,,,0,og-post,,,,AAXX 26014 07591 24/// /0506 10020 21031 39085 48411 51013 700// 333 60005 90710 91112=
07591,2009-03-26 02:00:00,0.2,,0.7,76,-3.5,,3.704,14.816,,30,,,0,,,,,,,0,og-post,,,,AAXX 26024 07591 24/// /0302 10002 21035 39085 48408 51007 700// 333 60005 90710 91108=
07591,2009-03-26 03:00:00,-1,,0.3,81,-3.8,,3.704,7.408,,270,,,0,0,,,,,,0,og-post,,,,AAXX 26034 07591 24/// /2702 11010 21038 39085 48405 51003 700// 333 60007 90710 91104 555 60005=
07591,2009-03-26 04:00:00,-1.5,,0.2,81,-4.3,,7.408,11.112,,30,,,0,,,,,,,0,og-post,,,,AAXX 26044 07591 24/// /0304 11015 21043 39087 48406 53002 700// 333 60005 90710 91106=
07591,2009-03-26 05:00:00,-1.7,,0.5,81,-4.5,,3.704,11.112,,10,,,0,,,,,,,0,og-post,,,,AAXX 26054 07591 24/// /0102 11017 21045 39090 48408 53005 700// 333 60005 90710 91106=
07591,2009-03-26 06:00:00,-1.7,,0.9,81,-4.5,,7.408,11.112,,50,-1.9,5.6,0,0,,,0,9.6,-5,0,og-post,,,,AAXX 26064 07591 04/// /0504 11017 21045 39094 48412 53009 60002 700// 333 10056 21019 3/105 55096 60007 70000 90710 91106 555 60005=
07591,2009-03-26 07:00:00,0.9,,1.5,71,-3.7,,3.704,14.816,,70,,,0,,,,,,,0,og-post,,,,AAXX 26074 07591 24/// /0702 10009 21037 39102 48424 53015 700// 333 60005 90710 91108=
07591,2009-03-26 08:00:00,3.7,,1.1,59,-3.6,,11.112,22.224,,70,,,0,,,,,,,0,og-post,,,,AAXX 26084 07591 24/// /0706 10037 21036 39101 48428 50011 700// 333 60005 90710 91112=
07591,2009-03-26 09:00:00,8,,0.8,43,-3.8,,7.408,11.112,,150,,,0,0,,,,,,0,og-post,,,,AAXX 26094 07591 24/// /1504 10080 21038 39102 48438 51008 700// 333 60007 90710 91106 555 60005=
07591,2009-03-26 10:00:00,10.2,,-0.1,33,-5.3,,14.816,22.224,,200,,,0,,,,,,,0,og-post,,,,AAXX 26104 07591 24/// /2008 10102 21053 39101 48441 57001 700// 333 60005 90710 91112=
07591,2009-03-26 11:00:00,11.4,,0,31,-5.1,,18.52,29.632,,210,,,0,,,,,,,0,og-post,,,,AAXX 26114 07591 24/// /2110 10114 21051 39101 48444 50000 700// 333 60005 90710 91116=
07591,2009-03-26 12:00:00,12.3,,-0.1,29,-5.2,,22.224,38.892,,220,,,0,0,,,,,,0,og-post,,,,AAXX 26124 07591 04/// /2212 10123 21052 39101 48445 56001 60001 700// 333 60007 90710 91121 555 60005=
07591,2009-03-26 13:00:00,13.4,,-0.4,28,-4.7,,22.224,35.188,,210,,,0,,,,,,,0,og-post,,,,AAXX 26134 07591 24/// /2112 10134 21047 39097 48444 58004 700// 333 60005 90710 91119=
07591,2009-03-26 14:00:00,13.8,,-0.7,28,-4.4,,18.52,31.484,,220,,,0,,,,,,,0,og-post,,,,AAXX 26144 07591 24/// /2210 10138 21044 39094 48442 58007 700// 333 60005 90710 91117=
07591,2009-03-26 15:00:00,14.3,,-0.9,28,-3.9,,18.52,29.632,,220,,,0,0,,,,,,0,og-post,,,,AAXX 26154 07591 24/// /2210 10143 21039 39092 48441 56009 700// 333 60007 90710 91116 555 60005=
07591,2009-03-26 16:00:00,13.7,,-0.4,31,-3.1,,18.52,29.632,,220,,,0,,,,,,,0,og-post,,,,AAXX 26164 07591 24/// /2210 10137 21031 39093 48441 55004 700// 333 60005 90710 91116=
07591,2009-03-26 17:00:00,12.3,,0.2,39,-1.2,,11.112,35.188,,220,,,0,,,,,,,0,og-post,,,,AAXX 26174 07591 24/// /2206 10123 21012 39096 48441 53002 700// 333 60005 90710 91119=
07591,2009-03-26 18:00:00,9.9,,1,45,-1.5,,7.408,29.632,,210,-1.7,14.5,0,0,,,,,,0,og-post,,,,AAXX 26184 07591 04/// /2104 10099 21015 39102 48442 53010 60002 700// 333 10145 21017 60007 90710 91116 555 60005=
07591,2009-03-26 19:00:00,8.6,,1.3,47,-2.1,,7.408,22.224,,210,,,0,,,,,,,0,og-post,,,,AAXX 26194 07591 24/// /2104 10086 21021 39106 48443 53013 700// 333 60005 90710 91112=
07591,2009-03-26 20:00:00,7.8,,2.1,50,-2,,7.408,14.816,,220,,,0,,,,,,,0,og-post,,,,AAXX 26204 07591 24/// /2204 10078 21020 39117 48451 53021 700// 333 60005 90710 91108=
07591,2009-03-26 21:00:00,6.5,,1.5,54,-2.1,,3.704,11.112,,250,,,0,0,,,,,,0,og-post,,,,AAXX 26214 07591 24/// /2502 10065 21021 39117 48448 51015 700// 333 60007 90710 91106 555 60005=
07591,2009-03-27 00:00:00,3.2,,-0.1,70,-1.7,,3.704,7.408,,340,,,0,0,,,,,,0,og-post,,,,AAXX 27004 07591 04/// /3402 10032 21017 39116 48441 57001 60001 700// 333 60007 90710 91104 555 60005=
07591,2009-03-27 03:00:00,1.4,,-0.9,75,-2.5,,7.408,11.112,,50,,,0,0,,,,,,0,og-post,,,,AAXX 27034 07591 24/// /0504 10014 21025 39107 48429 57009 700// 333 60007 90710 91106 555 60005=
07591,2009-03-27 06:00:00,0.3,,-0,80,-2.7,,3.704,14.816,,20,0.3,9.9,0,0,,,0,10.4,-2,0,og-post,,,,AAXX 27064 07591 04/// /0202 10003 21027 39107 48427 55000 60002 700// 333 10099 20003 3/102 55104 60007 70000 90710 91108 555 60005=
07591,2009-03-27 09:00:00,8.5,,-0.3,51,-1,,3.704,11.112,,210,,,0,0,,,,,,0,og-post,,,,AAXX 27094 07591 24/// /2102 10085 21010 39104 48441 58003 700// 333 60007 90710 91106 555 60005=
07591,2009-03-27 12:00:00,16.1,,-2.2,29,-1.9,,18.52,42.596,,220,,,0,0,,,,,,0,og-post,,,,AAXX 27124 07591 04/// /2210 10161 21019 39082 48436 58022 60001 700// 333 60007 90710 91123 555 60005=
07591,2009-03-27 13:00:00,16.8,,-2.3,28,-1.8,,25.928,46.3,,220,,,0,,,,,,,0,og-post,,,,AAXX 27134 07591 24/// /2214 10168 21018 39075 48431 56023 700// 333 60005 90710 91125=
07591,2009-03-27 14:00:00,16.2,,-1.6,29,-1.8,,25.928,46.3,,210,,,0,,,,,,,0,og-post,,,,AAXX 27144 07591 24/// /2114 10162 21018 39073 48428 56016 700// 333 60005 90710 91125=
07591,2009-03-27 15:00:00,15.9,,-1.3,33,-0.3,,22.224,42.596,,220,,,0,0,,,,,,0,og-post,,,,AAXX 27154 07591 24/// /2212 10159 21003 39069 48424 56013 700// 333 60007 90710 91123 555 60005=
07591,2009-03-27 16:00:00,15.5,,-1,32,-1.1,,14.816,29.632,,210,,,0,,,,,,,0,og-post,,,,AAXX 27164 07591 24/// /2108 10155 21011 39065 48419 58010 700// 333 60005 90710 91116=
07591,2009-03-27 17:00:00,15.6,,-1.3,32,-1,,14.816,31.484,,220,,,0,,,,,,,0,og-post,,,,AAXX 27174 07591 24/// /2208 10156 21010 39060 48415 58013 700// 333 60005 90710 91117=
07591,2009-03-27 18:00:00,13.3,,-0.9,39,-0.3,,11.112,29.632,,210,0.3,16.9,0,0,,,,,,0,og-post,,,,AAXX 27184 07591 04/// /2106 10133 21003 39060 48410 56009 60002 700// 333 10169 20003 60007 90710 91116 555 60005=
07591,2009-03-27 19:00:00,13.1,,-0.2,41,0.2,,18.52,35.188,,240,,,0,,,,,,,0,og-post,,,,AAXX 27194 07591 24/// /2410 10131 20002 39063 48413 55002 700// 333 60005 90710 91119=
07591,2009-03-27 20:00:00,11.3,,0.8,46,0.1,,7.408,31.484,,220,,,0,,,,,,,0,og-post,,,,AAXX 27204 07591 24/// /2204 10113 20001 39068 48414 53008 700// 333 60005 90710 91117=
07591,2009-03-27 21:00:00,9.6,,1.3,51,0,,11.112,22.224,,190,,,0,0,,,,,,0,og-post,,,,AAXX 27214 07591 24/// /1906 10096 20000 39073 48415 53013 700// 333 60007 90710 91112 555 60005=
07591,2009-03-27 22:00:00,8,,1.1,57,0,,7.408,22.224,,250,,,0,,,,,,,0,og-post,,,,AAXX 27224 07591 24/// /2504 10080 20000 39074 48413 51011 700// 333 60005 90710 91112=
07591,2009-03-27 23:00:00,7.2,,0.4,62,0.4,,7.408,14.816,,280,,,0,,,,,,,0,og-post,,,,AAXX 27234 07591 24/// /2804 10072 20004 39072 48410 50004 700// 333 60005 90710 91108=
07591,2009-03-28 00:00:00,7.4,,-0.1,63,0.8,,7.408,14.816,,250,,,0,0,,,,,,0,og-post,,,,AAXX 28004 07591 04/// /2504 10074 20008 39072 48410 58001 60001 700// 333 60007 90710 91108 555 60005=
07591,2009-03-28 01:00:00,6.7,,-1,66,0.8,,3.704,14.816,,150,,,0,,,,,,,0,og-post,,,,AAXX 28014 07591 24/// /1502 10067 20008 39064 48402 58010 700// 333 60005 90710 91108=
07591,2009-03-28 02:00:00,6.2,,-1.2,71,1.3,,3.704,7.408,,200,,,0,,,,,,,0,og-post,,,,AAXX 28024 07591 24/// /2002 10062 20013 39060 48397 58012 700// 333 60005 90710 91104=
07591,2009-03-28 03:00:00,5.9,,-1.9,73,1.4,,3.704,11.112,,60,,,0,0,,,,,,20,og-post,,,,AAXX 28034 07591 24/// /0602 10059 20014 39053 48391 56019 720// 333 60007 90710 91106 555 60005=
07591,2009-03-28 04:00:00,5.9,,-2.1,72,1.2,,7.408,11.112,,40,,,0,,,,,,,0,og-post,,,,AAXX 28044 07591 24/// /0404 10059 20012 39043 48382 58021 700// 333 60005 90710 91106=
07591,2009-03-28 05:00:00,5.7,,-1.9,75,1.6,,3.704,11.112,,170,,,0,,,,,,,0,og-post,,,,AAXX 28054 07591 24/// /1702 10057 20016 39041 48379 56019 700// 333 60005 90710 91106=
07591,2009-03-28 06:00:00,5.4,,-1.3,77,1.7,,3.704,7.408,,290,5.4,13.3,0,0,,,0,8.4,4,0,og-post,,,,AAXX 28064 07591 04/// /2902 10054 20017 39040 48378 56013 60002 700// 333 10133 20054 3/004 55084 60007 70000 90710 91104 555 60005=
07591,2009-03-28 07:00:00,5.3,,0.1,78,1.8,,,11.112,,,,,0,,,,,,,0,og-post,,,,AAXX 28074 07591 24/// /0000 10053 20018 39044 48381 53001 700// 333 60005 90710 91106=
07591,2009-03-28 08:00:00,5.8,,0.8,77,2.1,,3.704,11.112,,50,,,0,,,,,,,0,og-post,,,,AAXX 28084 07591 24/// /0502 10058 20021 39049 48387 53008 700// 333 60005 90710 91106=
07591,2009-03-28 09:00:00,6.6,,0.8,76,2.7,,14.816,29.632,,20,,,0,0,,,,,,20,og-post,,,,AAXX 28094 07591 24/// /0208 10066 20027 39048 48387 50008 720// 333 60007 90710 91116 555 60005=
07591,2009-03-28 10:00:00,5.7,,0.7,90,4.2,,7.408,25.928,,20,,,2,,,,,,,61,og-post,,,,AAXX 28104 07591 24/// /0204 10057 20042 39051 48389 51007 761// 333 60025 90710 91114=
07591,2009-03-28 11:00:00,5.8,,-0.2,91,4.4,,3.704,18.52,,10,,,0.4,,,,,,,21,og-post,,,,AAXX 28114 07591 24/// /0102 10058 20044 39047 48385 58002 721// 333 69945 90710 91110=
07591,2009-03-28 12:00:00,6,,-0.2,92,4.8,,3.704,11.112,,130,,,0.6,3,3,,,,,61,og-post,,,,AAXX 28124 07591 04/// /1302 10060 20048 39046 48385 58002 60031 761// 333 60037 90710 91106 555 69965=
07591,2009-03-28 13:00:00,6.1,,-0.8,92,4.9,,3.704,14.816,,150,,,2,,,,,,,61,og-post,,,,AAXX 28134 07591 24/// /1502 10061 20049 39043 48382 56008 761// 333 60025 90710 91108=
07591,2009-03-28 14:00:00,5.9,,-1.1,91,4.5,,3.704,7.408,,310,,,2,,,,,,,61,og-post,,,,AAXX 28144 07591 24/// /3102 10059 20045 39036 48376 58011 761// 333 60025 90710 91104=
07591,2009-03-28 15:00:00,5.5,,-1.1,92,4.3,,,11.112,,,,,2,6,,,,,,61,og-post,,,,AAXX 28154 07591 24/// /0000 10055 20043 39035 48374 56011 761// 333 60067 90710 91106 555 60025=
07591,2009-03-28 16:00:00,5.3,,-0.6,94,4.4,,,3.704,,,,,2,,,,,,,61,og-post,,,,AAXX 28164 07591 24/// /0000 10053 20044 39037 48375 55006 761// 333 60025 90710 91102=
07591,2009-03-28 17:00:00,5.2,,-0.1,94,4.3,,3.704,3.704,,110,,,1,,,,,,,61,og-post,,,,AAXX 28174 07591 24/// /1102 10052 20043 39035 48373 58001 761// 333 60015 90710 91102=
07591,2009-03-28 18:00:00,4.4,,0.2,94,3.5,,3.704,7.408,,50,4.4,7.1,1,5,,14,,,,61,og-post,,,,AAXX 28184 07591 04/// /0502 10044 20035 39037 48374 52002 60142 761// 333 10071 20044 60057 90710 91104 555 60015=
07591,2009-03-28 19:00:00,4.2,,0.1,94,3.3,,7.408,14.816,,30,,,0.8,,,,,,,61,og-post,,,,AAXX 28194 07591 24/// /0304 10042 20033 39038 48374 53001 761// 333 69985 90710 91108=
07591,2009-03-28 20:00:00,4.3,,-0.1,91,3,,14.816,22.224,,10,,,0.4,,,,,,,61,og-post,,,,AAXX 28204 07591 24/// /0108 10043 20030 39034 48371 58001 761// 333 69945 90710 91112=
07591,2009-03-28 21:00:00,4.2,,-0.7,91,2.9,,11.112,22.224,,20,,,0.2,1,,,,,,21,og-post,,,,AAXX 28214 07591 24/// /0206 10042 20029 39030 48367 58007 721// 333 60017 90710 91112 555 69925=
07591,2009-03-28 22:00:00,4.3,,-0.8,90,2.8,,14.816,29.632,,20,,,0.2,,,,,,,61,og-post,,,,AAXX 28224 07591 24/// /0208 10043 20028 39030 48367 56008 761// 333 69925 90710 91116=
07591,2009-03-28 23:00:00,4.2,,-0.5,91,2.9,,18.52,29.632,,20,,,0.4,,,,,,,61,og-post,,,,AAXX 28234 07591 24/// /0210 10042 20029 39029 48366 56005 761// 333 69945 90710 91116=
07591,2009-03-29 00:00:00,4.1,,-1.6,92,2.9,,11.112,25.928,,40,,,0.2,0.8,2,,,,,20,og-post,,,,AAXX 29004 07591 04/// /0406 10041 20029 39014 48353 58016 60021 720// 333 69987 90710 91114 555 69925=
07591,2009-03-29 01:00:00,4.5,,-1.3,91,3.2,,7.408,22.224,,220,,,0.4,,,,,,,60,og-post,,,,AAXX 29014 07591 24/// /2204 10045 20032 39017 48356 55013 760// 333 69945 90710 91112=
07591,2009-03-29 02:00:00,4.1,,-1.1,94,3.2,,3.704,14.816,,210,,,0.6,,,,,,,61,og-post,,,,AAXX 29024 07591 24/// /2102 10041 20032 39018 48356 55011 761// 333 69965 90710 91108=
07591,2009-03-29 03:00:00,4,,-0.4,95,3.3,,11.112,14.816,,40,,,0.6,2,,,,,,21,og-post,,,,AAXX 29034 07591 24/// /0406 10040 20033 39010 48349 58004 721// 333 60027 90710 91108 555 69965=
07591,2009-03-29 04:00:00,3.9,,-1.6,95,3.2,,,14.816,,,,,0,,,,,,,0,og-post,,,,AAXX 29044 07591 24/// /0000 10039 20032 39001 48341 58016 700// 333 60005 90710 91108=
07591,2009-03-29 05:00:00,3.3,,-1.1,95,2.6,,7.408,14.816,,190,,,0,,,,,,,61,og-post,,,,AAXX 29054 07591 24/// /1904 10033 20026 39007 48345 55011 761// 333 60005 90710 91108=
07591,2009-03-29 06:00:00,3.2,,-1,95,2.5,,7.408,11.112,,50,3.1,4.6,0.2,0.2,,4,17.6,0,3,60,og-post,,,,AAXX 29064 07591 04/// /0504 10032 20025 39000 48339 56010 60042 760// 333 10046 20031 3/003 55000 69927 70176 90710 91106 555 69925=
07591,2009-03-29 07:00:00,3.7,,-0.7,95,3,,7.408,11.112,,170,,,0.6,,,,,,,61,og-post,,,,AAXX 29074 07591 24/// /1704 10037 20030 38994 48334 58007 761// 333 69965 90710 91106=
07591,2009-03-29 08:00:00,3.4,,-0.4,94,2.5,,11.112,22.224,,210,,,0.8,,,,,,,61,og-post,,,,AAXX 29084 07591 24/// /2106 10034 20025 39003 48342 55004 761// 333 69985 90710 91112=
07591,2009-03-29 09:00:00,3.2,,0.7,95,2.5,,3.704,14.816,,200,,,2,4,,,,,,61,og-post,,,,AAXX 29094 07591 24/// /2002 10032 20025 39007 48345 53007 761// 333 60047 90710 91108 555 60025=
07591,2009-03-29 10:00:00,3.8,,1.1,95,3.1,,3.704,7.408,,200,,,0.4,,,,,,,61,og-post,,,,AAXX 29104 07591 24/// /2002 10038 20031 39005 48344 50011 761// 333 69945 90710 91104=
07591,2009-03-29 11:00:00,4.3,,0,94,3.4,,7.408,14.816,,210,,,0.2,,,,,,,60,og-post,,,,AAXX 29114 07591 24/// /2104 10043 20034 39003 48343 50000 760// 333 69925 90710 91108=
07591,2009-03-29 12:00:00,4.8,,-0.6,93,3.8,,7.408,14.816,,200,,,0,0.6,4,,,,,60,og-post,,,,AAXX 29124 07591 04/// /2004 10048 20038 39001 48342 57006 60041 760// 333 69967 90710 91108 555 60005=
07591,2009-03-29 13:00:00,5.1,,-1,91,3.8,,3.704,14.816,,240,,,0.2,,,,,,,60,og-post,,,,AAXX 29134 07591 24/// /2402 10051 20038 38995 48337 58010 760// 333 69925 90710 91108=
07591,2009-03-29 14:00:00,5.6,,-0.8,90,4.1,,11.112,14.816,,210,,,0.2,,,,,,,60,og-post,,,,AAXX 29144 07591 24/// /2106 10056 20041 38995 48338 56008 760// 333 69925 90710 91108=
07591,2009-03-29 15:00:00,5.5,,-0.2,84,3,,11.112,22.224,,210,,,0.2,0.6,,,,,,61,og-post,,,,AAXX 29154 07591 24/// /2106 10055 20030 38999 48342 55002 761// 333 69967 90710 91112 555 69925=
07591,2009-03-29 16:00:00,4.8,,0.8,85,2.5,,7.408,22.224,,200,,,0.2,,,,,,,61,og-post,,,,AAXX 29164 07591 24/// /2004 10048 20025 39003 48344 53008 761// 333 69925 90710 91112=
07591,2009-03-29 17:00:00,4.5,,1.5,88,2.7,,,14.816,,,,,0,,,,,,,60,og-post,,,,AAXX 29174 07591 24/// /0000 10045 20027 39010 48350 53015 760// 333 60005 90710 91108=
07591,2009-03-29 18:00:00,4.3,,1.7,88,2.5,,3.704,3.704,,240,3.2,6,0.4,0.6,,5,,,,61,og-post,,,,AAXX 29184 07591 04/// /2402 10043 20025 39016 48355 53017 60052 761// 333 10060 20032 69967 90710 91102 555 69945=
07591,2009-03-29 19:00:00,4.1,,1.5,91,2.8,,,3.704,,,,,0,,,,,,,20,og-post,,,,AAXX 29194 07591 24/// /0000 10041 20028 39018 48356 51015 720// 333 60005 90710 91102=
07591,2009-03-29 20:00:00,4,,1.7,93,3,,3.704,7.408,,200,,,0,,,,,,,0,og-post,,,,AAXX 29204 07591 24/// /2002 10040 20030 39027 48364 53017 700// 333 60005 90710 91104=
07591,2009-03-29 21:00:00,3.9,,1.8,93,2.9,,3.704,7.408,,60,,,0,0,,,,,,0,og-post,,,,AAXX 29214 07591 24/// /0602 10039 20029 39034 48370 53018 700// 333 60007 90710 91104 555 60005=
07591,2009-03-29 22:00:00,3.7,,2,93,2.7,,3.704,7.408,,40,,,0,,,,,,,0,og-post,,,,AAXX 29224 07591 24/// /0402 10037 20027 39038 48373 51020 700// 333 60005 90710 91104=
07591,2009-03-29 23:00:00,3.4,,1.7,94,2.5,,3.704,7.408,,240,,,0,,,,,,,0,og-post,,,,AAXX 29234 07591 24/// /2402 10034 20025 39044 48378 51017 700// 333 60005 90710 91104=
07591,2009-03-30 00:00:00,3,,1.7,95,2.3,,3.704,3.704,,210,,,0,0,,,,,,0,og-post,,,,AAXX 30004 07591 04/// /2102 10030 20023 39051 48383 53017 60001 700// 333 60007 90710 91102 555 60005=
07591,2009-03-30 01:00:00,3,,1.7,95,2.3,,,3.704,,,,,0,,,,,,,0,og-post,,,,AAXX 30014 07591 24/// /0000 10030 20023 39055 48387 51017 700// 333 60005 90710 91102=
07591,2009-03-30 02:00:00,2.7,,1.3,96,2.1,,,3.704,,,,,0,,,,,,,0,og-post,,,,AAXX 30024 07591 24/// /0000 10027 20021 39057 48388 51013 700// 333 60005 90710 91102=
07591,2009-03-30 03:00:00,3,,0.9,96,2.4,,,3.704,,,,,0,0,,,,,,0,og-post,,,,AAXX 30034 07591 24/// /0000 10030 20024 39060 48391 51009 700// 333 60007 90710 91102 555 60005=
07591,2009-03-30 04:00:00,3,,0.8,96,2.4,,3.704,3.704,,20,,,0,,,,,,,0,og-post,,,,AAXX 30044 07591 24/// /0202 10030 20024 39063 48394 53008 700// 333 60005 90710 91102=
07591,2009-03-30 05:00:00,3.1,,0.9,96,2.5,,3.704,3.704,,80,,,0,,,,,,,0,og-post,,,,AAXX 30054 07591 24/// /0802 10031 20025 39066 48397 52009 700// 333 60005 90710 91102=
07591,2009-03-30 06:00:00,3.1,,0.8,96,2.5,,7.408,14.816,,20,2.7,4.3,0,0,,,5.4,0,1,0,og-post,,,,AAXX 30064 07591 04/// /0204 10031 20025 39068 48399 51008 60002 700// 333 10043 20027 3/001 55000 60007 70054 90710 91108 555 60005=
07591,2009-03-30 07:00:00,4.5,,1.4,92,3.3,,3.704,11.112,,160,,,0,,,,,,,0,og-post,,,,AAXX 30074 07591 24/// /1602 10045 20033 39077 48409 53014 700// 333 60005 90710 91106=
07591,2009-03-30 08:00:00,6.6,,1.7,78,3,,7.408,11.112,,170,,,0,,,,,,,0,og-post,,,,AAXX 30084 07591 24/// /1704 10066 20030 39083 48419 53017 700// 333 60005 90710 91106=
07591,2009-03-30 09:00:00,8.9,,1.9,64,2.5,,3.704,14.816,,70,,,0,0,,,,,,0,og-post,,,,AAXX 30094 07591 24/// /0702 10089 20025 39087 48427 51019 700// 333 60007 90710 91108 555 60005=
07591,2009-03-30 10:00:00,10.5,,1.4,61,3.3,,11.112,18.52,,200,,,0,,,,,,,0,og-post,,,,AAXX 30104 07591 24/// /2006 10105 20033 39091 48434 51014 700// 333 60005 90710 91110=
07591,2009-03-30 11:00:00,11.4,,1.5,57,3.2,,14.816,22.224,,210,,,0,,,,,,,0,og-post,,,,AAXX 30114 07591 24/// /2108 10114 20032 39098 48442 53015 700// 333 60005 90710 91112=
07591,2009-03-30 12:00:00,12.4,,1.1,52,2.8,,11.112,25.928,,180,,,0,0,,,,,,0,og-post,,,,AAXX 30124 07591 04/// /1806 10124 20028 39098 48444 51011 60001 700// 333 60007 90710 91114 555 60005=
07591,2009-03-30 13:00:00,12.9,,0.4,51,3,,11.112,22.224,,200,,,0,,,,,,,0,og-post,,,,AAXX 30134 07591 24/// /2006 10129 20030 39095 48442 50004 700// 333 60005 90710 91112=
07591,2009-03-30 14:00:00,14.1,,-0.6,52,4.4,,11.112,22.224,,220,,,0,,,,,,,0,og-post,,,,AAXX 30144 07591 24/// /2206 10141 20044 39092 48442 58006 700// 333 60005 90710 91112=
07591,2009-03-30 15:00:00,14.3,,-0.5,48,3.5,,14.816,22.224,,230,,,0,0,,,,,,0,og-post,,,,AAXX 30154 07591 24/// /2308 10143 20035 39093 48443 55005 700// 333 60007 90710 91112 555 60005=
07591,2009-03-30 16:00:00,13.8,,-0.3,51,3.9,,14.816,25.928,,220,,,0,,,,,,,0,og-post,,,,AAXX 30164 07591 24/// /2208 10138 20039 39092 48441 56003 700// 333 60005 90710 91114=
07591,2009-03-30 17:00:00,11.2,,0.6,59,3.5,,11.112,25.928,,210,,,0,,,,,,,0,og-post,,,,AAXX 30174 07591 24/// /2106 10112 20035 39098 48441 53006 700// 333 60005 90710 91114=
07591,2009-03-30 18:00:00,9,,1.8,66,3,,7.408,22.224,,190,2.9,14.8,0,0,,,,,,0,og-post,,,,AAXX 30184 07591 04/// /1904 10090 20030 39111 48449 53018 60002 700// 333 10148 20029 60007 90710 91112 555 60005=
07591,2009-03-30 19:00:00,8,,3,69,2.7,,3.704,11.112,,80,,,0,,,,,,,0,og-post,,,,AAXX 30194 07591 24/// /0802 10080 20027 39122 48456 53030 700// 333 60005 90710 91106=
07591,2009-03-30 20:00:00,7.4,,2.7,74,3.1,,3.704,7.408,,230,,,0,,,,,,,0,og-post,,,,AAXX 30204 07591 24/// /2302 10074 20031 39125 48458 51027 700// 333 60005 90710 91104=
07591,2009-03-30 21:00:00,6.1,,1.9,80,2.9,,3.704,14.816,,200,,,0,0,,,,,,0,og-post,,,,AAXX 30214 07591 24/// /2002 10061 20029 39130 48460 51019 700// 333 60007 90710 91108 555 60005=
07591,2009-03-30 22:00:00,5,,1.5,82,2.2,,3.704,11.112,,200,,,0,,,,,,,0,og-post,,,,AAXX 30224 07591 24/// /2002 10050 20022 39137 48463 53015 700// 333 60005 90710 91106=
07591,2009-03-30 23:00:00,3.6,,1.1,88,1.8,,3.704,11.112,,10,,,0,,,,,,,0,og-post,,,,AAXX 30234 07591 24/// /0102 10036 20018 39136 48460 50011 700// 333 60005 90710 91106=
07591,2009-03-31 00:00:00,3.2,,0.5,90,1.7,,3.704,14.816,,220,,,0,0,,,,,,0,og-post,,,,AAXX 31004 07591 04/// /2202 10032 20017 39135 48458 50005 60001 700// 333 60007 90710 91108 555 60005=
07591,2009-03-31 01:00:00,3,,-0.1,91,1.7,,3.704,11.112,,170,,,0,,,,,,,0,og-post,,,,AAXX 31014 07591 24/// /1702 10030 20017 39136 48458 55001 700// 333 60005 90710 91106=
07591,2009-03-31 02:00:00,7.8,,-0.5,60,0.5,,18.52,29.632,,20,,,0,,,,,,,0,og-post,,,,AAXX 31024 07591 24/// /0210 10078 20005 39131 48464 58005 700// 333 60005 90710 91116=
07591,2009-03-31 03:00:00,8.9,,-0.7,54,0.1,,22.224,35.188,,10,,,0,0,,,,,,0,og-post,,,,AAXX 31034 07591 24/// /0112 10089 20001 39128 48463 58007 700// 333 60007 90710 91119 555 60005=
07591,2009-03-31 04:00:00,9.4,,-1.2,51,-0.2,,25.928,42.596,,360,,,0,,,,,,,0,og-post,,,,AAXX 31044 07591 24/// /3614 10094 21002 39124 48461 56012 700// 333 60005 90710 91123=
07591,2009-03-31 05:00:00,9.2,,-0.5,53,0.1,,31.484,46.3,,360,,,0,,,,,,,0,og-post,,,,AAXX 31054 07591 24/// /3617 10092 20001 39126 48462 55005 700// 333 60005 90710 91125=
07591,2009-03-31 06:00:00,9.2,,-0.1,54,0.4,,29.632,46.3,,360,2.9,9.6,0,0,,,0,9.9,0,0,og-post,,,,AAXX 31064 07591 04/// /3616 10092 20004 39127 48463 55001 60002 700// 333 10096 20029 3/000 55099 60007 70000 90710 91125 555 60005=
07591,2009-03-31 07:00:00,10.9,,0.5,49,0.6,,25.928,46.3,,20,,,0,,,,,,,0,og-post,,,,AAXX 31074 07591 24/// /0214 10109 20006 39129 48468 52005 700// 333 60005 90710 91125=
07591,2009-03-31 08:00:00,13.2,,-0.1,43,0.9,,22.224,42.596,,40,,,0,,,,,,,0,og-post,,,,AAXX 31084 07591 24/// /0412 10132 20009 39125 48470 58001 700// 333 60005 90710 91123=
07591,2009-03-31 09:00:00,14,,-0.6,38,-0.1,,25.928,46.3,,70,,,0,0,,,,,,0,og-post,,,,AAXX 31094 07591 24/// /0714 10140 21001 39121 48468 58006 700// 333 60007 90710 91125 555 60005=
07591,2009-03-31 10:00:00,14.8,,-1.5,37,0.3,,25.928,61.116,,30,,,0,,,,,,,0,og-post,,,,AAXX 31104 07591 24/// /0314 10148 20003 39114 48463 58015 700// 333 60005 90710 91133=
07591,2009-03-31 11:00:00,15.2,,-1.7,35,-0.1,,25.928,57.412,,30,,,0,,,,,,,0,og-post,,,,AAXX 31114 07591 24/// /0314 10152 21001 39108 48458 58017 700// 333 60005 90710 91131=
07591,2009-03-31 12:00:00,15.2,,-1.5,35,-0.1,,25.928,57.412,,30,,,0,0,,,,,,0,og-post,,,,AAXX 31124 07591 04/// /0314 10152 21001 39106 48456 56015 60001 700// 333 60007 90710 91131 555 60005=
07591,2009-03-31 13:00:00,15.3,,-1.2,33,-0.9,,25.928,50.004,,40,,,0,,,,,,,0,og-post,,,,AAXX 31134 07591 24/// /0414 10153 21009 39102 48453 56012 700// 333 60005 90710 91127=
07591,2009-03-31 14:00:00,15.4,,-1,34,-0.4,,29.632,53.708,50.004,50,,,0,,,,,,,0,og-post,,,,AAXX 31144 07591 24/// /0516 10154 21004 39098 48449 58010 700// 333 60005 91027 90710 91129=
07591,2009-03-31 15:00:00,15.1,,-1.2,36,0.2,,29.632,53.708,,60,,,0,0,,,,,,0,og-post,,,,AAXX 31154 07591 24/// /0616 10151 20002 39094 48445 57012 700// 333 60007 90710 91129 555 60005=
07591,2009-03-31 16:00:00,13.5,,-1.1,37,-0.9,,29.632,53.708,,60,,,0,,,,,,,0,og-post,,,,AAXX 31164 07591 24/// /0616 10135 21009 39091 48439 56011 700// 333 60005 90710 91129=
07591,2009-03-31 17:00:00,12.8,,-0.7,40,-0.4,,25.928,50.004,,40,,,0,,,,,,,0,og-post,,,,AAXX 31174 07591 24/// /0414 10128 21004 39091 48438 56007 700// 333 60005 90710 91127=
07591,2009-03-31 18:00:00,11.9,,-0.6,45,0.4,,18.52,57.412,,50,9.2,16.1,0,0,,,,,,0,og-post,,,,AAXX 31184 07591 04/// /0510 10119 20004 39088 48433 57006 60002 700// 333 10161 20092 60007 90710 91131 555 60005=
07591,2009-03-31 19:00:00,11.7,,-0.1,47,0.8,,22.224,46.3,,30,,,0,,,,,,,0,og-post,,,,AAXX 31194 07591 24/// /0312 10117 20008 39090 48435 55001 700// 333 60005 90710 91125=
07591,2009-03-31 20:00:00,10.3,,-0,56,1.9,,18.52,42.596,,10,,,0,,,,,,,0,og-post,,,,AAXX 31204 07591 24/// /0110 10103 20019 39091 48433 55000 700// 333 60005 90710 91123=
07591,2009-03-31 21:00:00,10,,0.2,60,2.6,,22.224,35.188,,10,,,0,0,,,,,,0,og-post,,,,AAXX 31214 07591 24/// /0112 10100 20026 39090 48432 50002 700// 333 60007 90710 91119 555 60005=
07591,2009-03-31 22:00:00,9.7,,0,58,1.8,,25.928,42.596,,20,,,0,,,,,,,0,og-post,,,,AAXX 31224 07591 24/// /0214 10097 20018 39090 48431 50000 700// 333 60005 90710 91123=
07591,2009-03-31 23:00:00,9.8,,-0.4,56,1.5,,29.632,46.3,,360,,,0,,,,,,,0,og-post,,,,AAXX 31234 07591 24/// /3616 10098 20015 39087 48428 58004 700// 333 60005 90710 91125=
07591,2009-04-01 00:00:00,9.7,,-0.6,54,0.9,,25.928,42.596,,360,,,0,0,,,,,,0,og-post,,,,AAXX 01004 07591 04/// /3614 10097 20009 39084 48425 58006 60001 700// 333 60007 90710 91123 555 60005=
07591,2009-04-01 01:00:00,9.8,,-0.9,53,0.7,,29.632,46.3,,360,,,0,,,,,,,0,og-post,,,,AAXX 01014 07591 24/// /3616 10098 20007 39081 48423 57009 700// 333 60005 90710 91125=
07591,2009-04-01 02:00:00,9.7,,-0.7,54,0.9,,29.632,42.596,,360,,,0,,,,,,,0,og-post,,,,AAXX 01024 07591 24/// /3616 10097 20009 39080 48422 56007 700// 333 60005 90710 91123=
07591,2009-04-01 03:00:00,9.7,,-0.5,53,0.6,,18.52,42.596,,360,,,0,0,,,,,,0,og-post,,,,AAXX 01034 07591 24/// /3610 10097 20006 39079 48421 56005 700// 333 60007 90710 91123 555 60005=
07591,2009-04-01 04:00:00,10.4,,-0,47,-0.4,,31.484,57.412,57.412,30,,,0,,,,,,,0,og-post,,,,AAXX 01044 07591 24/// /0317 10104 21004 39081 48424 55000 700// 333 60005 91031 90710 91131=
07591,2009-04-01 05:00:00,10.1,,0.5,48,-0.4,,29.632,53.708,,30,,,0,,,,,,,0,og-post,,,,AAXX 01054 07591 24/// /0316 10101 21004 39085 48427 53005 700// 333 60005 90710 91129=
07591,2009-04-01 06:00:00,9.5,,1,53,0.4,,29.632,53.708,,20,9.5,12,0,0,,,0,6.9,8,0,og-post,,,,AAXX 01064 07591 04/// /0216 10095 20004 39089 48430 53010 60002 700// 333 10120 20095 3/008 55069 60007 70000 90710 91129 555 60005=
07591,2009-04-01 07:00:00,10.3,,1.1,50,0.3,,31.484,46.3,,10,,,0,,,,,,,0,og-post,,,,AAXX 01074 07591 24/// /0117 10103 20003 39092 48434 51011 700// 333 60005 90710 91125=
07591,2009-04-01 08:00:00,12.1,,0.8,42,-0.4,,29.632,53.708,,20,,,0,,,,,,,0,og-post,,,,AAXX 01084 07591 24/// /0216 10121 21004 39093 48438 51008 700// 333 60005 90710 91129=
07591,2009-04-01 09:00:00,14,,0.3,37,-0.4,,29.632,46.3,,70,,,0,0,,,,,,0,og-post,,,,AAXX 01094 07591 24/// /0716 10140 21004 39092 48441 50003 700// 333 60007 90710 91125 555 60005=
07591,2009-04-01 10:00:00,14.9,,-0.1,37,0.4,,25.928,46.3,,60,,,0,,,,,,,0,og-post,,,,AAXX 01104 07591 24/// /0614 10149 20004 39091 48442 58001 700// 333 60005 90710 91125=
07591,2009-04-01 11:00:00,14.7,,-0.4,36,-0.2,,22.224,53.708,,60,,,0,,,,,,,0,og-post,,,,AAXX 01114 07591 24/// /0612 10147 21002 39089 48440 58004 700// 333 60005 90710 91129=
07591,2009-04-01 12:00:00,15.9,,-0.9,34,0.1,,25.928,46.3,,50,,,0,0,,,,,,0,og-post,,,,AAXX 01124 07591 04/// /0514 10159 20001 39083 48437 58009 60001 700// 333 60007 90710 91125 555 60005=
07591,2009-04-01 13:00:00,15.1,,-1.2,35,-0.2,,31.484,53.708,,30,,,0,,,,,,,0,og-post,,,,AAXX 01134 07591 24/// /0317 10151 21002 39079 48431 58012 700// 333 60005 90710 91129=
07591,2009-04-01 14:00:00,15.2,,-1.1,39,1.4,,31.484,72.228,53.708,40,,,0,,,,,,,0,og-post,,,,AAXX 01144 07591 24/// /0417 10152 20014 39078 48431 56011 700// 333 60005 91029 90710 91139=
07591,2009-04-01 15:00:00,13.5,,-0.5,44,1.5,,31.484,57.412,,60,,,0,0,,,,,,0,og-post,,,,AAXX 01154 07591 24/// /0617 10135 20015 39078 48427 56005 700// 333 60007 90710 91131 555 60005=
07591,2009-04-01 16:00:00,11.1,,0.4,59,3.4,,25.928,57.412,,40,,,0,,,,,,,60,og-post,,,,AAXX 01164 07591 24/// /0414 10111 20034 39083 48428 53004 760// 333 60005 90710 91131=
07591,2009-04-01 17:00:00,9.2,,0.8,75,5,,25.928,53.708,,20,,,0,,,,,,,60,og-post,,,,AAXX 01174 07591 24/// /0214 10092 20050 39086 48427 53008 760// 333 60005 90710 91129=
07591,2009-04-01 18:00:00,8.3,,1,81,5.2,,22.224,50.004,,20,8.3,16,1,1,,1,,,,61,og-post,,,,AAXX 01184 07591 04/// /0212 10083 20052 39088 48427 51010 60012 761// 333 10160 20083 60017 90710 91127 555 60015=
07591,2009-04-01 19:00:00,7.7,,1,85,5.3,,14.816,35.188,,360,,,3,,,,,,,61,og-post,,,,AAXX 01194 07591 24/// /3608 10077 20053 39093 48430 53010 761// 333 60035 90710 91119=
07591,2009-04-01 20:00:00,7.6,,1.2,83,4.9,,22.224,38.892,,360,,,0.6,,,,,,,61,og-post,,,,AAXX 01204 07591 24/// /3612 10076 20049 39098 48434 53012 761// 333 69965 90710 91121=
07591,2009-04-01 21:00:00,7.4,,1.3,82,4.5,,18.52,38.892,,20,,,0,3,,,,,,60,og-post,,,,AAXX 01214 07591 24/// /0210 10074 20045 39101 48437 51013 760// 333 60037 90710 91121 555 60005=
07591,2009-04-01 22:00:00,6.8,,0.6,89,5.1,,3.704,25.928,,120,,,0.4,,,,,,,60,og-post,,,,AAXX 01224 07591 24/// /1202 10068 20051 39099 48434 50006 760// 333 69945 90710 91114=
07591,2009-04-01 23:00:00,6.7,,0.3,89,5,,3.704,11.112,,120,,,0,,,,,,,61,og-post,,,,AAXX 01234 07591 24/// /1202 10067 20050 39101 48435 51003 761// 333 60005 90710 91106=
07591,2009-04-02 00:00:00,6.7,,-0,90,5.2,,3.704,11.112,,260,,,0.6,1,4,,,,,61,og-post,,,,AAXX 02004 07591 04/// /2602 10067 20052 39101 48435 55000 60041 761// 333 60017 90710 91106 555 69965=
07591,2009-04-02 01:00:00,6.5,,-0.2,92,5.3,,3.704,11.112,,170,,,0.2,,,,,,,60,og-post,,,,AAXX 02014 07591 24/// /1702 10065 20053 39097 48431 58002 760// 333 69925 90710 91106=
07591,2009-04-02 02:00:00,6.1,,-0.2,94,5.2,,3.704,7.408,,200,,,0.6,,,,,,,61,og-post,,,,AAXX 02024 07591 24/// /2002 10061 20052 39099 48432 55002 761// 333 69965 90710 91104=
07591,2009-04-02 03:00:00,5.7,,-0.2,95,5,,3.704,11.112,,190,,,0.4,1,,,,,,61,og-post,,,,AAXX 02034 07591 24/// /1902 10057 20050 39099 48432 56002 761// 333 60017 90710 91106 555 69945=
07591,2009-04-02 04:00:00,5.4,,0.5,95,4.7,,3.704,7.408,,200,,,0.4,,,,,,,61,og-post,,,,AAXX 02044 07591 24/// /2002 10054 20047 39102 48434 53005 761// 333 69945 90710 91104=
07591,2009-04-02 05:00:00,5.2,,0.5,95,4.5,,3.704,7.408,,190,,,0.8,,,,,,,61,og-post,,,,AAXX 02054 07591 24/// /1902 10052 20045 39104 48435 53005 761// 333 69985 90710 91104=
07591,2009-04-02 06:00:00,5.1,,1,95,4.4,,,7.408,,,5.1,8.3,2,3,,9,10,4.9,5,61,og-post,,,,AAXX 02064 07591 04/// /0000 10051 20044 39109 48439 53010 60092 761// 333 10083 20051 3/005 55049 60037 70100 90710 91104 555 60025=
07591,2009-04-02 07:00:00,5.5,,1.5,95,4.8,,3.704,3.704,,20,,,2,,,,,,,61,og-post,,,,AAXX 02074 07591 24/// /0202 10055 20048 39117 48447 53015 761// 333 60025 90710 91102=
07591,2009-04-02 08:00:00,5.9,,1.7,94,5,,11.112,18.52,,50,,,1,,,,,,,61,og-post,,,,AAXX 02084 07591 24/// /0506 10059 20050 39121 48452 51017 761// 333 60015 90710 91110=
07591,2009-04-02 09:00:00,6.9,,1.7,91,5.5,,11.112,18.52,,10,,,0.4,4,,,,,,60,og-post,,,,AAXX 02094 07591 24/// /0106 10069 20055 39126 48458 51017 760// 333 60047 90710 91110 555 69945=
07591,2009-04-02 10:00:00,7.7,,1.4,87,5.7,,14.816,18.52,,60,,,0.4,,,,,,,60,og-post,,,,AAXX 02104 07591 24/// /0608 10077 20057 39131 48464 53014 760// 333 69945 90710 91110=
07591,2009-04-02 11:00:00,9.3,,0.6,81,6.2,,22.224,35.188,,20,,,0.6,,,,,,,21,og-post,,,,AAXX 02114 07591 24/// /0212 10093 20062 39127 48464 50006 721// 333 69965 90710 91119=
07591,2009-04-02 12:00:00,11.4,,-0.4,69,5.9,,25.928,46.3,,360,,,0,1,5,,,,,0,og-post,,,,AAXX 02124 07591 04/// /3614 10114 20059 39122 48464 58004 60051 700// 333 60017 90710 91125 555 60005=
07591,2009-04-02 13:00:00,13.4,,-1.1,52,3.8,,11.112,38.892,,60,,,0,,,,,,,0,og-post,,,,AAXX 02134 07591 24/// /0606 10134 20038 39120 48466 56011 700// 333 60005 90710 91121=
07591,2009-04-02 14:00:00,11.9,,-0.5,68,6.2,,14.816,35.188,,230,,,0,,,,,,,0,og-post,,,,AAXX 02144 07591 24/// /2308 10119 20062 39122 48465 55005 700// 333 60005 90710 91119=
07591,2009-04-02 15:00:00,11.4,,0.2,68,5.7,,14.816,29.632,,220,,,0,0,,,,,,0,og-post,,,,AAXX 02154 07591 24/// /2208 10114 20057 39124 48466 53002 700// 333 60007 90710 91116 555 60005=
07591,2009-04-02 16:00:00,10.7,,0.8,72,5.9,,11.112,25.928,,210,,,0,,,,,,,0,og-post,,,,AAXX 02164 07591 24/// /2106 10107 20059 39128 48468 53008 700// 333 60005 90710 91114=
07591,2009-04-02 17:00:00,10.6,,1.2,72,5.8,,3.704,18.52,,210,,,0,,,,,,,0,og-post,,,,AAXX 02174 07591 24/// /2102 10106 20058 39134 48473 53012 700// 333 60005 90710 91110=
07591,2009-04-02 18:00:00,7.9,,1.8,82,5,,29.632,42.596,,10,5.1,13.5,0.4,0.4,,5,,,,61,og-post,,,,AAXX 02184 07591 04/// /0116 10079 20050 39142 48474 53018 60052 761// 333 10135 20051 69947 90710 91123 555 69945=
07591,2009-04-02 19:00:00,6.8,,2.1,85,4.5,,22.224,38.892,,20,,,0.2,,,,,,,21,og-post,,,,AAXX 02194 07591 24/// /0212 10068 20045 39149 48478 53021 721// 333 69925 90710 91121=
07591,2009-04-02 20:00:00,7.1,,2,81,4.1,,14.816,38.892,,40,,,0,,,,,,,0,og-post,,,,AAXX 02204 07591 24/// /0408 10071 20041 39154 48483 51020 700// 333 60005 90710 91121=
07591,2009-04-02 21:00:00,7.1,,1.2,79,3.7,,22.224,38.892,,360,,,0,0.2,,,,,,0,og-post,,,,AAXX 02214 07591 24/// /3612 10071 20037 39154 48483 51012 700// 333 69927 90710 91121 555 60005=
07591,2009-04-02 22:00:00,7.1,,0.4,77,3.3,,18.52,38.892,,70,,,0,,,,,,,0,og-post,,,,AAXX 02224 07591 24/// /0710 10071 20033 39153 48482 50004 700// 333 60005 90710 91121=
07591,2009-04-02 23:00:00,7.3,,0.2,73,2.8,,25.928,38.892,,10,,,0,,,,,,,0,og-post,,,,AAXX 02234 07591 24/// /0114 10073 20028 39156 48485 53002 700// 333 60005 90710 91121=
07591,2009-04-03 00:00:00,5.8,,0.7,82,3,,11.112,35.188,,90,,,0,0,0.2,,,,,0,og-post,,,,AAXX 03004 07591 04/// /0906 10058 20030 39161 48486 53007 69921 700// 333 60007 90710 91119 555 60005=
07591,2009-04-03 01:00:00,5.1,,0.8,84,2.6,,7.408,18.52,,80,,,0,,,,,,,0,og-post,,,,AAXX 03014 07591 24/// /0804 10051 20026 39161 48485 51008 700// 333 60005 90710 91110=
07591,2009-04-03 02:00:00,5.5,,0.5,78,2,,14.816,29.632,,50,,,0,,,,,,,0,synop_v4,,,,
07591,2009-04-03 03:00:00,5.6,,0.1,73,1.2,,14.816,35.188,,40,,,0,0,,,,,,0,og-post,,,,AAXX 03034 07591 24/// /0408 10056 20012 39162 48487 53001 700// 333 60007 90710 91119 555 60005=
07591,2009-04-03 04:00:00,6.7,,0.2,64,0.4,,29.632,42.596,,360,,,0,,,,,,,0,og-post,,,,AAXX 03044 07591 24/// /3616 10067 20004 39163 48490 53002 700// 333 60005 90710 91123=
07591,2009-04-03 05:00:00,6.7,,0.4,60,-0.5,,25.928,38.892,,10,,,0,,,,,,,0,og-post,,,,AAXX 03054 07591 24/// /0114 10067 21005 39165 48491 53004 700// 333 60005 90710 91121=
07591,2009-04-03 06:00:00,5.8,,1.2,64,-0.5,,18.52,42.596,,20,4.8,7.8,0,0,,0.2,5.2,2.9,2,0,og-post,,,,AAXX 03064 07591 04/// /0210 10058 21005 39174 48497 53012 69922 700// 333 10078 20048 3/002 55029 60007 70052 90710 91123 555 60005=
07591,2009-04-03 07:00:00,7.4,,1.4,59,-0.1,,22.224,38.892,,40,,,0,,,,,,,0,og-post,,,,AAXX 03074 07591 24/// /0412 10074 21001 39177 48504 53014 700// 333 60005 90710 91121=
07591,2009-04-03 08:00:00,8.8,,1.4,54,0,,31.484,50.004,,10,,,0,,,,,,,0,og-post,,,,AAXX 03084 07591 24/// /0117 10088 20000 39179 48509 51014 700// 333 60005 90710 91127=
07591,2009-04-03 09:00:00,11.2,,0.5,43,-0.9,,31.484,46.3,,10,,,0,0,,,,,,0,og-post,,,,AAXX 03094 07591 24/// /0117 10112 21009 39179 48514 51005 700// 333 60007 90710 91125 555 60005=
07591,2009-04-03 10:00:00,12.4,,0,36,-2.2,,29.632,46.3,,30,,,0,,,,,,,0,og-post,,,,AAXX 03104 07591 24/// /0316 10124 21022 39177 48515 50000 700// 333 60005 90710 91125=
07591,2009-04-03 11:00:00,13.5,,-0.5,35,-1.6,,25.928,42.596,,20,,,0,,,,,,,0,og-post,,,,AAXX 03114 07591 24/// /0214 10135 21016 39174 48514 58005 700// 333 60005 90710 91123=
07591,2009-04-03 12:00:00,14.5,,-0.6,32,-2,,22.224,38.892,,60,,,0,0,,,,,,0,og-post,,,,AAXX 03124 07591 04/// /0612 10145 21020 39173 48516 56006 60001 700// 333 60007 90710 91121 555 60005=
07591,2009-04-03 13:00:00,13.9,,-0.4,34,-1.7,,18.52,35.188,,20,,,0,,,,,,,0,og-post,,,,AAXX 03134 07591 24/// /0210 10139 21017 39173 48514 56004 700// 333 60005 90710 91119=
07591,2009-04-03 14:00:00,14.4,,-0.4,34,-1.2,,14.816,31.484,,30,,,0,,,,,,,0,og-post,,,,AAXX 03144 07591 24/// /0308 10144 21012 39170 48513 58004 700// 333 60005 90710 91117=
07591,2009-04-03 15:00:00,15.5,,-0.6,31,-1.5,,14.816,29.632,,30,,,0,0,,,,,,0,og-post,,,,AAXX 03154 07591 24/// /0308 10155 21015 39167 48513 58006 700// 333 60007 90710 91116 555 60005=
07591,2009-04-03 16:00:00,14.1,,-0.5,31,-2.8,,18.52,31.484,,30,,,0,,,,,,,0,og-post,,,,AAXX 03164 07591 24/// /0310 10141 21028 39168 48510 55005 700// 333 60005 90710 91117=
07591,2009-04-03 17:00:00,13.8,,-0.1,33,-2.2,,14.816,25.928,,360,,,0,,,,,,,0,og-post,,,,AAXX 03174 07591 24/// /3608 10138 21022 39169 48511 55001 700// 333 60005 90710 91114=
07591,2009-04-03 18:00:00,11.9,,0.4,36,-2.7,,18.52,25.928,,10,5.9,15.8,0,0,,,,,,0,og-post,,,,AAXX 03184 07591 04/// /0110 10119 21027 39171 48508 53004 60002 700// 333 10158 20059 60007 90710 91114 555 60005=
07591,2009-04-03 19:00:00,9,,1.1,50,-0.9,,3.704,25.928,,140,,,0,,,,,,,0,og-post,,,,AAXX 03194 07591 24/// /1402 10090 21009 39179 48509 53011 700// 333 60005 90710 91114=
07591,2009-04-03 20:00:00,7.1,,1.9,60,-0.1,,7.408,11.112,,350,,,0,,,,,,,0,og-post,,,,AAXX 03204 07591 24/// /3504 10071 21001 39188 48513 53019 700// 333 60005 90710 91106=
07591,2009-04-03 21:00:00,6,,2.1,64,-0.3,,3.704,7.408,,10,,,0,0,,,,,,0,og-post,,,,AAXX 03214 07591 24/// /0102 10060 21003 39192 48514 51021 700// 333 60007 90710 91104 555 60005=
07591,2009-04-03 22:00:00,5.1,,1.4,67,-0.5,,11.112,14.816,,50,,,0,,,,,,,0,og-post,,,,AAXX 03224 07591 24/// /0506 10051 21005 39193 48513 51014 700// 333 60005 90710 91108=
07591,2009-04-03 23:00:00,5,,0.4,66,-0.8,,7.408,14.816,,30,,,0,,,,,,,0,og-post,,,,AAXX 03234 07591 24/// /0304 10050 21008 39192 48511 50004 700// 333 60005 90710 91108=
07591,2009-04-04 00:00:00,4.4,,0,71,-0.4,,3.704,22.224,,90,,,0,0,,,,,,0,og-post,,,,AAXX 04004 07591 04/// /0902 10044 21004 39192 48510 50000 60001 700// 333 60007 90710 91112 555 60005=
07591,2009-04-04 01:00:00,3.1,,-0.3,79,-0.2,,3.704,11.112,,80,,,0,,,,,,,0,og-post,,,,AAXX 04014 07591 24/// /0802 10031 21002 39190 48505 58003 700// 333 60005 90710 91106=
07591,2009-04-04 02:00:00,2.9,,-0.6,76,-0.9,,7.408,11.112,,70,,,0,,,,,,,0,og-post,,,,AAXX 04024 07591 24/// /0704 10029 21009 39186 48501 58006 700// 333 60005 90710 91106=
07591,2009-04-04 03:00:00,3,,-0.5,72,-1.5,,7.408,22.224,,90,,,0,0,,,,,,0,og-post,,,,AAXX 04034 07591 24/// /0904 10030 21015 39187 48502 55005 700// 333 60007 90710 91112 555 60005=
07591,2009-04-04 04:00:00,3,,-0.3,71,-1.7,,7.408,22.224,,60,,,0,,,,,,,0,og-post,,,,AAXX 04044 07591 24/// /0604 10030 21017 39187 48502 56003 700// 333 60005 90710 91112=
07591,2009-04-04 05:00:00,3,,0.1,70,-1.9,,14.816,25.928,,20,,,0,,,,,,,0,og-post,,,,AAXX 04054 07591 24/// /0208 10030 21019 39187 48502 51001 700// 333 60005 90710 91114=
07591,2009-04-04 06:00:00,3.9,,-0.1,63,-2.5,,14.816,31.484,,40,2.3,11.9,0,0,,,0,7.9,-1,0,og-post,,,,AAXX 04064 07591 04/// /0408 10039 21025 39186 48503 58001 60002 700// 333 10119 20023 3/101 55079 60007 70000 90710 91117 555 60005=
07591,2009-04-04 07:00:00,6.6,,0.1,54,-2,,14.816,25.928,,30,,,0,,,,,,,0,og-post,,,,AAXX 04074 07591 24/// /0308 10066 21020 39188 48511 53001 700// 333 60005 90710 91114=
07591,2009-04-04 08:00:00,9.2,,-0,47,-1.5,,11.112,31.484,,40,,,0,,,,,,,0,og-post,,,,AAXX 04084 07591 24/// /0406 10092 21015 39187 48516 54000 700// 333 60005 90710 91117=
07591,2009-04-04 09:00:00,11.4,,-0.1,38,-2.4,,7.408,22.224,,160,,,0,0,,,,,,0,og-post,,,,AAXX 04094 07591 24/// /1604 10114 21024 39185 48520 58001 700// 333 60007 90710 91112 555 60005=
07591,2009-04-04 10:00:00,13.7,,-0.9,37,-0.7,,3.704,14.816,,170,,,0,,,,,,,0,og-post,,,,AAXX 04104 07591 24/// /1702 10137 21007 39179 48519 58009 700// 333 60005 90710 91108=
07591,2009-04-04 11:00:00,15.3,,-1.4,30,-2.2,,7.408,18.52,,200,,,0,,,,,,,0,og-post,,,,AAXX 04114 07591 24/// /2004 10153 21022 39173 48517 58014 700// 333 60005 90710 91110=
07591,2009-04-04 12:00:00,16.4,,-1.7,28,-2.1,,14.816,22.224,,220,,,0,0,,,,,,0,og-post,,,,AAXX 04124 07591 04/// /2208 10164 21021 39168 48515 56017 60001 700// 333 60007 90710 91112 555 60005=
07591,2009-04-04 13:00:00,17.2,,-1.2,26,-2.4,,14.816,25.928,,210,,,0,,,,,,,0,og-post,,,,AAXX 04134 07591 24/// /2108 10172 21024 39167 48516 56012 700// 333 60005 90710 91114=
07591,2009-04-04 14:00:00,18.1,,-0.9,23,-3.3,,11.112,22.224,,210,,,0,,,,,,,0,og-post,,,,AAXX 04144 07591 24/// /2106 10181 21033 39164 48515 56009 700// 333 60005 90710 91112=
07591,2009-04-04 15:00:00,18,,-0.8,24,-2.8,,14.816,22.224,,210,,,0,0,,,,,,0,og-post,,,,AAXX 04154 07591 24/// /2108 10180 21028 39160 48511 58008 700// 333 60007 90710 91112 555 60005=
07591,2009-04-04 16:00:00,16.8,,-0.6,29,-1.3,,11.112,29.632,,240,,,0,,,,,,,0,og-post,,,,AAXX 04164 07591 24/// /2406 10168 21013 39161 48510 55006 700// 333 60005 90710 91116=
07591,2009-04-04 17:00:00,15.6,,-0.2,31,-1.4,,3.704,18.52,,40,,,0,,,,,,,0,og-post,,,,AAXX 04174 07591 24/// /0402 10156 21014 39162 48508 55002 700// 333 60005 90710 91110=
07591,2009-04-04 18:00:00,13.4,,0.8,38,-0.6,,7.408,14.816,,20,3.8,18.9,0,0,,,,,,0,og-post,,,,AAXX 04184 07591 04/// /0204 10134 21006 39168 48509 53008 60002 700// 333 10189 20038 60007 90710 91108 555 60005=
07591,2009-04-04 19:00:00,11.9,,1.3,40,-1.3,,11.112,18.52,,40,,,0,,,,,,,0,og-post,,,,AAXX 04194 07591 24/// /0406 10119 21013 39174 48511 53013 700// 333 60005 90710 91110=
07591,2009-04-04 20:00:00,9.8,,2.2,49,-0.4,,3.704,14.816,,80,,,0,,,,,,,0,og-post,,,,AAXX 04204 07591 24/// /0802 10098 21004 39184 48515 53022 700// 333 60005 90710 91108=
07591,2009-04-04 21:00:00,8.1,,1.9,56,-0.1,,3.704,11.112,,350,,,0,0,,,,,,0,og-post,,,,AAXX 04214 07591 24/// /3502 10081 21001 39187 48514 51019 700// 333 60007 90710 91106 555 60005=
07591,2009-04-04 22:00:00,7,,1.5,60,-0.2,,3.704,7.408,,10,,,0,,,,,,,0,og-post,,,,AAXX 04224 07591 24/// /0102 10070 21002 39189 48513 51015 700// 333 60005 90710 91104=
07591,2009-04-04 23:00:00,6.2,,0.4,66,0.3,,3.704,7.408,,280,,,0,,,,,,,0,og-post,,,,AAXX 04234 07591 24/// /2802 10062 20003 39188 48511 50004 700// 333 60005 90710 91104=
07591,2009-04-05 00:00:00,5.4,,0.4,68,0,,3.704,7.408,,320,,,0,0,,,,,,0,og-post,,,,AAXX 05004 07591 04/// /3202 10054 20000 39191 48512 53004 60001 700// 333 60007 90710 91104 555 60005=
07591,2009-04-05 01:00:00,5.4,,0.1,68,0,,3.704,7.408,,40,,,0,,,,,,,0,og-post,,,,AAXX 05014 07591 24/// /0402 10054 20000 39190 48511 52001 700// 333 60005 90710 91104=
07591,2009-04-05 02:00:00,6.6,,-0.1,67,0.9,,7.408,14.816,,60,,,0,,,,,,,0,og-post,,,,AAXX 05024 07591 24/// /0604 10066 20009 39187 48511 58001 700// 333 60005 90710 91108=
07591,2009-04-05 03:00:00,6.3,,-0.5,70,1.2,,3.704,11.112,,90,,,0,0,,,,,,0,og-post,,,,AAXX 05034 07591 24/// /0902 10063 20012 39186 48509 57005 700// 333 60007 90710 91106 555 60005=
07591,2009-04-05 04:00:00,5.6,,-0.6,74,1.3,,3.704,7.408,,200,,,0,,,,,,,0,og-post,,,,AAXX 05044 07591 24/// /2002 10056 20013 39184 48506 56006 700// 333 60005 90710 91104=
07591,2009-04-05 05:00:00,5.2,,-0,78,1.7,,3.704,7.408,,230,,,0,,,,,,,0,og-post,,,,AAXX 05054 07591 24/// /2302 10052 20017 39187 48508 55000 700// 333 60005 90710 91104=
07591,2009-04-05 06:00:00,4.9,,0.2,83,2.3,,,7.408,,,4.7,13.4,0,0,,,0,9,1,0,og-post,,,,AAXX 05064 07591 04/// /0000 10049 20023 39188 48508 53002 60002 700// 333 10134 20047 3/001 55090 60007 70000 90710 91104 555 60005=
07591,2009-04-05 07:00:00,7.1,,0.4,70,2,,3.704,7.408,,140,,,0,,,,,,,0,og-post,,,,AAXX 05074 07591 24/// /1402 10071 20020 39188 48513 51004 700// 333 60005 90710 91104=
07591,2009-04-05 08:00:00,10.5,,-0.3,60,3.1,,3.704,11.112,,170,,,0,,,,,,,0,og-post,,,,AAXX 05084 07591 24/// /1702 10105 20031 39184 48517 58003 700// 333 60005 90710 91106=
07591,2009-04-05 09:00:00,12.3,,-0.6,53,3,,7.408,18.52,,200,,,0,0,,,,,,0,og-post,,,,AAXX 05094 07591 24/// /2004 10123 20030 39182 48520 58006 700// 333 60007 90710 91110 555 60005=
07591,2009-04-05 10:00:00,15,,-0.7,42,2.2,,11.112,22.224,,210,,,0,,,,,,,0,og-post,,,,AAXX 05104 07591 24/// /2106 10150 20022 39181 48525 56007 700// 333 60005 90710 91112=
07591,2009-04-05 11:00:00,16.2,,-0.9,38,1.9,,11.112,18.52,,210,,,0,,,,,,,0,og-post,,,,AAXX 05114 07591 24/// /2106 10162 20019 39175 48522 58009 700// 333 60005 90710 91110=
07591,2009-04-05 12:00:00,16.9,,-1.1,39,2.9,,7.408,18.52,,190,,,0,0,,,,,,0,og-post,,,,AAXX 05124 07591 04/// /1904 10169 20029 39171 48520 58011 60001 700// 333 60007 90710 91110 555 60005=
07591,2009-04-05 13:00:00,18.3,,-1.4,33,1.8,,18.52,29.632,,210,,,0,,,,,,,0,og-post,,,,AAXX 05134 07591 24/// /2110 10183 20018 39167 48519 56014 700// 333 60005 90710 91116=
07591,2009-04-05 14:00:00,17.3,,-1.2,35,1.7,,14.816,29.632,,250,,,0,,,,,,,0,og-post,,,,AAXX 05144 07591 24/// /2508 10173 20017 39163 48513 57012 700// 333 60005 90710 91116=
07591,2009-04-05 15:00:00,15.6,,-0.7,45,3.7,,7.408,42.596,,130,,,0,0,,,,,,21,og-post,,,,AAXX 05154 07591 24/// /1304 10156 20037 39164 48511 55007 721// 333 60007 90710 91123 555 60005=
07591,2009-04-05 16:00:00,14.6,,-0.3,48,3.7,,11.112,42.596,,290,,,0,,,,,,,0,og-post,,,,AAXX 05164 07591 24/// /2906 10146 20037 39164 48508 56003 700// 333 60005 90710 91123=
07591,2009-04-05 17:00:00,13.9,,0.3,51,3.9,,7.408,18.52,,240,,,0,,,,,,,0,og-post,,,,AAXX 05174 07591 24/// /2404 10139 20039 39166 48509 53003 700// 333 60005 90710 91110=
07591,2009-04-05 18:00:00,13,,0.8,56,4.4,,18.52,35.188,,220,4.9,19.5,0,0,,,,,,0,og-post,,,,AAXX 05184 07591 04/// /2210 10130 20044 39172 48512 53008 60002 700// 333 10195 20049 60007 90710 91119 555 60005=
07591,2009-04-05 19:00:00,11.4,,1.8,66,5.3,,7.408,31.484,,190,,,0,,,,,,,0,og-post,,,,AAXX 05194 07591 24/// /1904 10114 20053 39182 48518 53018 700// 333 60005 90710 91117=
07591,2009-04-05 20:00:00,10.2,,2,71,5.2,,7.408,14.816,,180,,,0,,,,,,,0,og-post,,,,AAXX 05204 07591 24/// /1804 10102 20052 39186 48519 51020 700// 333 60005 90710 91108=
07591,2009-04-05 21:00:00,8.2,,1.5,78,4.6,,3.704,11.112,,350,,,0,0,,,,,,0,og-post,,,,AAXX 05214 07591 24/// /3502 10082 20046 39187 48515 51015 700// 333 60007 90710 91106 555 60005=
07591,2009-04-05 22:00:00,6.8,,0.6,84,4.3,,3.704,7.408,,30,,,0,,,,,,,0,og-post,,,,AAXX 05224 07591 24/// /0302 10068 20043 39188 48513 51006 700// 333 60005 90710 91104=
07591,2009-04-05 23:00:00,6.1,,0,84,3.6,,3.704,7.408,,40,,,0,,,,,,,0,og-post,,,,AAXX 05234 07591 24/// /0402 10061 20036 39186 48509 50000 700// 333 60005 90710 91104=
07591,2009-04-06 00:00:00,5.6,,-0.5,85,3.3,,7.408,18.52,,70,,,0,0,,,,,,0,og-post,,,,AAXX 06004 07591 04/// /0704 10056 20033 39182 48504 58005 60001 700// 333 60007 90710 91110 555 60005=
07591,2009-04-06 01:00:00,7.2,,-1.1,75,3.1,,11.112,25.928,,40,,,0,,,,,,,0,og-post,,,,AAXX 06014 07591 24/// /0406 10072 20031 39177 48504 58011 700// 333 60005 90710 91114=
07591,2009-04-06 02:00:00,5.1,,-1,84,2.6,,3.704,14.816,,190,,,0,,,,,,,0,og-post,,,,AAXX 06024 07591 24/// /1902 10051 20026 39176 48498 56010 700// 333 60005 90710 91108=
07591,2009-04-06 03:00:00,4.4,,-0.8,88,2.6,,3.704,7.408,,300,,,0,0,,,,,,0,og-post,,,,AAXX 06034 07591 24/// /3002 10044 20026 39174 48495 56008 700// 333 60007 90710 91104 555 60005=
07591,2009-04-06 04:00:00,4,,-0.3,90,2.5,,,7.408,,,,,0,,,,,,,0,og-post,,,,AAXX 06044 07591 24/// /0000 10040 20025 39174 48494 56003 700// 333 60005 90710 91104=
07591,2009-04-06 05:00:00,4.2,,-0.2,90,2.7,,,3.704,,,,,0,,,,,,,0,og-post,,,,AAXX 06054 07591 24/// /0000 10042 20027 39174 48494 56002 700// 333 60005 90710 91102=
07591,2009-04-06 06:00:00,4.6,,0.2,87,2.6,,3.704,7.408,,50,3.9,13,0,0,,,0,5.3,1,0,og-post,,,,AAXX 06064 07591 04/// /0502 10046 20026 39176 48497 53002 60002 700// 333 10130 20039 3/001 55053 60007 70000 90710 91104 555 60005=
07591,2009-04-06 07:00:00,8,,0.2,74,3.7,,3.704,7.408,,140,,,0,,,,,,,0,og-post,,,,AAXX 06074 07591 24/// /1402 10080 20037 39176 48505 52002 700// 333 60005 90710 91104=
07591,2009-04-06 08:00:00,10.1,,-0.2,66,4,,3.704,14.816,,160,,,0,,,,,,,0,og-post,,,,AAXX 06084 07591 24/// /1602 10101 20040 39172 48506 58002 700// 333 60005 90710 91108=
07591,2009-04-06 09:00:00,12,,-0.4,56,3.5,,7.408,11.112,,210,,,0,0,,,,,,0,og-post,,,,AAXX 06094 07591 24/// /2104 10120 20035 39172 48510 57004 700// 333 60007 90710 91106 555 60005=
07591,2009-04-06 10:00:00,13.1,,-0.9,52,3.5,,3.704,11.112,,40,,,0,,,,,,,0,og-post,,,,AAXX 06104 07591 24/// /0402 10131 20035 39167 48508 58009 700// 333 60005 90710 91106=
07591,2009-04-06 11:00:00,15.3,,-1.2,48,4.4,,11.112,22.224,,200,,,0,,,,,,,0,og-post,,,,AAXX 06114 07591 24/// /2006 10153 20044 39160 48506 58012 700// 333 60005 90710 91112=
07591,2009-04-06 12:00:00,15.2,,-1.8,45,3.4,,14.816,25.928,,210,,,0,0,,,,,,0,og-post,,,,AAXX 06124 07591 04/// /2108 10152 20034 39154 48501 58018 60001 700// 333 60007 90710 91114 555 60005=
07591,2009-04-06 13:00:00,15.9,,-1.9,43,3.4,,14.816,25.928,,230,,,0,,,,,,,0,og-post,,,,AAXX 06134 07591 24/// /2308 10159 20034 39148 48497 56019 700// 333 60005 90710 91114=
07591,2009-04-06 14:00:00,15.2,,-1.5,47,4,,18.52,29.632,,220,,,0,,,,,,,0,og-post,,,,AAXX 06144 07591 24/// /2210 10152 20040 39145 48492 56015 700// 333 60005 90710 91116=
07591,2009-04-06 15:00:00,15.2,,-1.3,44,3,,18.52,31.484,,220,,,0,0,,,,,,0,og-post,,,,AAXX 06154 07591 24/// /2210 10152 20030 39141 48489 56013 700// 333 60007 90710 91117 555 60005=
07591,2009-04-06 16:00:00,15.4,,-0.7,45,3.5,,11.112,31.484,,190,,,0,,,,,,,0,og-post,,,,AAXX 06164 07591 24/// /1906 10154 20035 39141 48489 56007 700// 333 60005 90710 91117=
07591,2009-04-06 17:00:00,14,,-0.8,50,3.8,,3.704,18.52,,300,,,0,,,,,,,0,og-post,,,,AAXX 06174 07591 24/// /3002 10140 20038 39137 48483 57008 700// 333 60005 90710 91110=
07591,2009-04-06 18:00:00,12.1,,-0,66,5.9,,22.224,35.188,,210,4.7,15.9,0,0,,,,,,0,og-post,,,,AAXX 06184 07591 04/// /2112 10121 20059 39141 48483 55000 60002 700// 333 10159 20047 60007 90710 91119 555 60005=
07591,2009-04-06 19:00:00,11,,0.5,71,6,,7.408,31.484,,210,,,0,,,,,,,0,og-post,,,,AAXX 06194 07591 24/// /2104 10110 20060 39146 48485 53005 700// 333 60005 90710 91117=
07591,2009-04-06 20:00:00,10.5,,1.3,70,5.3,,7.408,18.52,,300,,,0,,,,,,,0,og-post,,,,AAXX 06204 07591 24/// /3004 10105 20053 39150 48487 52013 700// 333 60005 90710 91110=
07591,2009-04-06 21:00:00,8.9,,0.7,77,5.1,,3.704,7.408,,350,,,0,0,,,,,,0,og-post,,,,AAXX 06214 07591 24/// /3502 10089 20051 39148 48482 50007 700// 333 60007 90710 91104 555 60005=
07591,2009-04-06 22:00:00,7.4,,0.2,82,4.5,,,7.408,,,,,0,,,,,,,0,og-post,,,,AAXX 06224 07591 24/// /0000 10074 20045 39148 48479 51002 700// 333 60005 90710 91104=
07591,2009-04-06 23:00:00,7.6,,-0.5,82,4.7,,3.704,7.408,,20,,,0,,,,,,,0,og-post,,,,AAXX 06234 07591 24/// /0202 10076 20047 39145 48476 58005 700// 333 60005 90710 91104=
07591,2009-04-07 00:00:00,8,,-0.4,79,4.6,,,11.112,,,,,0,0,,,,,,0,og-post,,,,AAXX 07004 07591 04/// /0000 10080 20046 39144 48476 58004 60001 700// 333 60007 90710 91106 555 60005=
07591,2009-04-07 01:00:00,7.6,,-0.5,81,4.6,,3.704,7.408,,220,,,0,,,,,,,0,og-post,,,,AAXX 07014 07591 24/// /2202 10076 20046 39143 48475 56005 700// 333 60005 90710 91104=
07591,2009-04-07 02:00:00,7,,-0.6,85,4.7,,,3.704,,,,,0,,,,,,,0,og-post,,,,AAXX 07024 07591 24/// /0000 10070 20047 39139 48470 58006 700// 333 60005 90710 91102=
07591,2009-04-07 03:00:00,5.4,,-0.8,87,3.4,,3.704,3.704,,50,,,0,0,,,,,,0,og-post,,,,AAXX 07034 07591 24/// /0502 10054 20034 39136 48464 58008 700// 333 60007 90710 91102 555 60005=
07591,2009-04-07 04:00:00,4.8,,-1.1,88,3,,3.704,7.408,,20,,,0,,,,,,,0,og-post,,,,AAXX 07044 07591 24/// /0202 10048 20030 39132 48459 57011 700// 333 60005 90710 91104=
07591,2009-04-07 05:00:00,4.8,,-0.7,86,2.7,,11.112,18.52,,50,,,0,,,,,,,0,og-post,,,,AAXX 07054 07591 24/// /0506 10048 20027 39132 48459 56007 700// 333 60005 90710 91110=
07591,2009-04-07 06:00:00,4.3,,-0.4,87,2.3,,3.704,18.52,,30,4.3,12.1,0,0,,,0,4,1,0,og-post,,,,AAXX 07064 07591 04/// /0302 10043 20023 39132 48458 56004 60002 700// 333 10121 20043 3/001 55040 60007 70000 90710 91110 555 60005=
07591,2009-04-07 07:00:00,7.7,,-0.1,74,3.4,,14.816,18.52,,50,,,0,,,,,,,0,og-post,,,,AAXX 07074 07591 24/// /0508 10077 20034 39131 48464 58001 700// 333 60005 90710 91110=
07591,2009-04-07 08:00:00,11.5,,-0.2,58,3.5,,11.112,18.52,,80,,,0,,,,,,,0,og-post,,,,AAXX 07084 07591 24/// /0806 10115 20035 39130 48471 58002 700// 333 60005 90710 91110=
07591,2009-04-07 09:00:00,13.4,,-0.5,48,2.6,,7.408,18.52,,120,,,0,0,,,,,,0,og-post,,,,AAXX 07094 07591 24/// /1204 10134 20026 39127 48472 58005 700// 333 60007 90710 91110 555 60005=
07591,2009-04-07 10:00:00,15.5,,-0.5,47,4.2,,14.816,22.224,,220,,,0,,,,,,,0,og-post,,,,AAXX 07104 07591 24/// /2208 10155 20042 39126 48476 57005 700// 333 60005 90710 91112=
07591,2009-04-07 11:00:00,15.5,,-0.6,51,5.4,,18.52,31.484,,220,,,0,,,,,,,0,og-post,,,,AAXX 07114 07591 24/// /2210 10155 20054 39124 48474 56006 700// 333 60005 90710 91117=
07591,2009-04-07 12:00:00,13,,-0.1,52,3.4,,25.928,38.892,,210,,,0,0,,,,,,0,og-post,,,,AAXX 07124 07591 04/// /2114 10130 20034 39126 48470 55001 60001 700// 333 60007 90710 91121 555 60005=
07591,2009-04-07 13:00:00,11.3,,0.6,61,4.1,,18.52,38.892,,210,,,0,,,,,,,0,og-post,,,,AAXX 07134 07591 24/// /2110 10113 20041 39132 48472 53006 700// 333 60005 90710 91121=
07591,2009-04-07 14:00:00,11.1,,1,67,5.2,,11.112,31.484,,210,,,0,,,,,,,61,og-post,,,,AAXX 07144 07591 24/// /2106 10111 20052 39134 48474 52010 761// 333 60005 90710 91117=
07591,2009-04-07 15:00:00,11.8,,0.7,59,4.1,,14.816,25.928,,210,,,0,0,,,,,,0,og-post,,,,AAXX 07154 07591 24/// /2108 10118 20041 39133 48474 50007 700// 333 60007 90710 91114 555 60005=
07591,2009-04-07 16:00:00,11.5,,0.2,67,5.6,,3.704,25.928,,180,,,0,,,,,,,21,og-post,,,,AAXX 07164 07591 24/// /1802 10115 20056 39134 48475 51002 721// 333 60005 90710 91114=
07591,2009-04-07 17:00:00,11.5,,0.1,64,4.9,,7.408,11.112,,230,,,0,,,,,,,0,og-post,,,,AAXX 07174 07591 24/// /2304 10115 20049 39135 48476 53001 700// 333 60005 90710 91106=
07591,2009-04-07 18:00:00,10.3,,0.7,72,5.5,,11.112,22.224,,210,4.3,16.3,0,0,,,,,,0,og-post,,,,AAXX 07184 07591 04/// /2106 10103 20055 39140 48478 53007 60002 700// 333 10163 20043 60007 90710 91112 555 60005=
07591,2009-04-07 19:00:00,9.5,,1.3,78,5.9,,3.704,14.816,,200,,,0,,,,,,,0,og-post,,,,AAXX 07194 07591 24/// /2002 10095 20059 39147 48482 53013 700// 333 60005 90710 91108=
07591,2009-04-07 20:00:00,9,,2.1,83,6.3,,3.704,11.112,,200,,,0,,,,,,,0,og-post,,,,AAXX 07204 07591 24/// /2002 10090 20063 39156 48489 53021 700// 333 60005 90710 91106=
07591,2009-04-07 21:00:00,8.2,,1.3,87,6.2,,7.408,7.408,,10,,,0,0,,,,,,21,og-post,,,,AAXX 07214 07591 24/// /0104 10082 20062 39153 48485 50013 721// 333 60007 90710 91104 555 60005=
07591,2009-04-07 22:00:00,7.3,,0.2,87,5.3,,3.704,18.52,,50,,,0,,,,,,,0,og-post,,,,AAXX 07224 07591 24/// /0502 10073 20053 39149 48479 50002 700// 333 60005 90710 91110=
07591,2009-04-07 23:00:00,6.7,,-0.8,89,5,,3.704,7.408,,30,,,0,,,,,,,0,og-post,,,,AAXX 07234 07591 24/// /0302 10067 20050 39148 48477 56008 700// 333 60005 90710 91104=
07591,2009-04-08 00:00:00,7,,-0.7,86,4.8,,7.408,14.816,,100,,,0,0,,,,,,0,og-post,,,,AAXX 08004 07591 04/// /1004 10070 20048 39146 48476 56007 60001 700// 333 60007 90710 91108 555 60005=
07591,2009-04-08 01:00:00,5.8,,-0.6,92,4.6,,3.704,14.816,,240,,,0,,,,,,,0,og-post,,,,AAXX 08014 07591 24/// /2402 10058 20046 39143 48471 58006 700// 333 60005 90710 91108=
07591,2009-04-08 02:00:00,5.7,,-0.1,93,4.7,,7.408,14.816,,210,,,0,,,,,,,0,og-post,,,,AAXX 08024 07591 24/// /2104 10057 20047 39147 48474 55001 700// 333 60005 90710 91108=
07591,2009-04-08 03:00:00,5.7,,-0.4,95,5,,3.704,7.408,,340,,,0,0,,,,,,0,og-post,,,,AAXX 08034 07591 24/// /3402 10057 20050 39142 48470 58004 700// 333 60007 90710 91104 555 60005=
07591,2009-04-08 04:00:00,5.4,,-0.2,95,4.7,,3.704,11.112,,170,,,0.2,,,,,,,0,og-post,,,,AAXX 08044 07591 24/// /1702 10054 20047 39141 48468 58002 700// 333 69925 90710 91106=
07591,2009-04-08 05:00:00,4.6,,-0.1,95,3.9,,,11.112,,,,,0,,,,,,,0,og-post,,,,AAXX 08054 07591 24/// /0000 10046 20039 39146 48471 55001 700// 333 60005 90710 91106=
07591,2009-04-08 06:00:00,4.5,,1.1,96,3.9,,3.704,7.408,,60,4.4,10.3,0,0.2,,0.2,0.2,3.9,1,0,og-post,,,,AAXX 08064 07591 04/// /0602 10045 20039 39153 48477 53011 69922 700// 333 10103 20044 3/001 55039 69927 70002 90710 91104 555 60005=
07591,2009-04-08 07:00:00,5.7,,1.4,96,5.1,,3.704,11.112,,40,,,0,,,,,,,0,og-post,,,,AAXX 08074 07591 24/// /0402 10057 20051 39155 48481 51014 700// 333 60005 90710 91106=
07591,2009-04-08 08:00:00,9.6,,0.9,80,6.3,,3.704,11.112,,130,,,0,,,,,,,0,og-post,,,,AAXX 08084 07591 24/// /1302 10096 20063 39155 48490 51009 700// 333 60005 90710 91106=
07591,2009-04-08 09:00:00,10.9,,0.5,68,5.2,,7.408,11.112,,210,,,0,0,,,,,,0,og-post,,,,AAXX 08094 07591 24/// /2104 10109 20052 39158 48495 53005 700// 333 60007 90710 91106 555 60005=
07591,2009-04-08 10:00:00,11.4,,0.2,68,5.7,,11.112,14.816,,210,,,0,,,,,,,0,og-post,,,,AAXX 08104 07591 24/// /2106 10114 20057 39157 48495 50002 700// 333 60005 90710 91108=
07591,2009-04-08 11:00:00,12.1,,0.3,70,6.8,,11.112,22.224,,200,,,0,,,,,,,0,og-post,,,,AAXX 08114 07591 24/// /2006 10121 20068 39158 48498 51003 700// 333 60005 90710 91112=
07591,2009-04-08 12:00:00,12.5,,0.1,68,6.8,,11.112,25.928,,190,,,0,0,,,,,,0,og-post,,,,AAXX 08124 07591 04/// /1906 10125 20068 39159 48500 53001 60001 700// 333 60007 90710 91114 555 60005=
07591,2009-04-08 13:00:00,12.9,,0.1,60,5.3,,11.112,25.928,,210,,,0,,,,,,,0,og-post,,,,AAXX 08134 07591 24/// /2106 10129 20053 39158 48500 50001 700// 333 60005 90710 91114=
07591,2009-04-08 14:00:00,13.1,,-0.2,59,5.3,,11.112,22.224,,210,,,0,,,,,,,0,og-post,,,,AAXX 08144 07591 24/// /2106 10131 20053 39156 48498 58002 700// 333 60005 90710 91112=
07591,2009-04-08 15:00:00,13.2,,-0.7,59,5.4,,7.408,14.816,,210,,,0,0,,,,,,0,og-post,,,,AAXX 08154 07591 24/// /2104 10132 20054 39152 48495 58007 700// 333 60007 90710 91108 555 60005=
07591,2009-04-08 16:00:00,13,,-0.6,57,4.7,,7.408,11.112,,210,,,0,,,,,,,0,og-post,,,,AAXX 08164 07591 24/// /2104 10130 20047 39152 48494 56006 700// 333 60005 90710 91106=
07591,2009-04-08 17:00:00,12.4,,-0,62,5.3,,7.408,18.52,,200,,,0,,,,,,,0,og-post,,,,AAXX 08174 07591 24/// /2004 10124 20053 39156 48497 55000 700// 333 60005 90710 91110=
07591,2009-04-08 18:00:00,11.6,,0.9,64,5,,3.704,18.52,,180,4.5,13.3,0,0,,,,,,0,og-post,,,,AAXX 08184 07591 04/// /1802 10116 20050 39161 48499 53009 60002 700// 333 10133 20045 60007 90710 91110 555 60005=
07591,2009-04-08 19:00:00,10.6,,1.6,70,5.4,,3.704,7.408,,320,,,0,,,,,,,0,og-post,,,,AAXX 08194 07591 24/// /3202 10106 20054 39168 48504 53016 700// 333 60005 90710 91104=
07591,2009-04-08 20:00:00,9.3,,1.6,74,4.9,,3.704,7.408,,360,,,0,,,,,,,0,og-post,,,,AAXX 08204 07591 24/// /3602 10093 20049 39172 48504 51016 700// 333 60005 90710 91104=
07591,2009-04-08 21:00:00,8.4,,1.1,78,4.8,,3.704,7.408,,30,,,0,0,,,,,,0,og-post,,,,AAXX 08214 07591 24/// /0302 10084 20048 39172 48502 51011 700// 333 60007 90710 91104 555 60005=
07591,2009-04-08 22:00:00,7,,0.3,83,4.3,,,7.408,,,,,0,,,,,,,0,og-post,,,,AAXX 08224 07591 24/// /0000 10070 20043 39171 48498 50003 700// 333 60005 90710 91104=
07591,2009-04-08 23:00:00,6.2,,-0.2,85,3.9,,3.704,7.408,,320,,,0,,,,,,,0,og-post,,,,AAXX 08234 07591 24/// /3202 10062 20039 39170 48495 58002 700// 333 60005 90710 91104=
07591,2009-04-09 00:00:00,6.4,,-0.1,85,4.1,,3.704,7.408,,190,,,0,0,,,,,,0,og-post,,,,AAXX 09004 07591 04/// /1902 10064 20041 39171 48497 55001 60001 700// 333 60007 90710 91104 555 60005=
07591,2009-04-09 01:00:00,6.2,,-0.6,86,4,,3.704,7.408,,40,,,0,,,,,,,0,og-post,,,,AAXX 09014 07591 24/// /0402 10062 20040 39165 48491 58006 700// 333 60005 90710 91104=
07591,2009-04-09 02:00:00,6.4,,-0.9,85,4.1,,,7.408,,,,,0,,,,,,,0,og-post,,,,AAXX 09024 07591 24/// /0000 10064 20041 39161 48488 58009 700// 333 60005 90710 91104=
07591,2009-04-09 03:00:00,5.9,,-1.3,87,3.9,,,7.408,,,,,0,0,,,,,,0,og-post,,,,AAXX 09034 07591 24/// /0000 10059 20039 39158 48484 56013 700// 333 60007 90710 91104 555 60005=
07591,2009-04-09 04:00:00,6.2,,-1,77,2.5,,7.408,14.816,,50,,,0,,,,,,,0,og-post,,,,AAXX 09044 07591 24/// /0504 10062 20025 39155 48482 56010 700// 333 60005 90710 91108=
07591,2009-04-09 05:00:00,8.3,,-0.5,59,0.8,,11.112,22.224,,70,,,0,,,,,,,0,og-post,,,,AAXX 09054 07591 24/// /0706 10083 20008 39156 48487 55005 700// 333 60005 90710 91112=
07591,2009-04-09 06:00:00,10,,0.2,51,0.3,,14.816,25.928,,40,5.3,11.6,0,0,,,0,2.2,2,0,og-post,,,,AAXX 09064 07591 04/// /0408 10100 20003 39160 48494 53002 60002 700// 333 10116 20053 3/002 55022 60007 70000 90710 91114 555 60005=
07591,2009-04-09 07:00:00,11.7,,0.4,43,-0.4,,18.52,35.188,,30,,,0,,,,,,,0,og-post,,,,AAXX 09074 07591 24/// /0310 10117 21004 39159 48497 50004 700// 333 60005 90710 91119=
07591,2009-04-09 08:00:00,12.8,,0.4,38,-1.1,,29.632,42.596,,360,,,0,,,,,,,0,og-post,,,,AAXX 09084 07591 24/// /3616 10128 21011 39160 48500 51004 700// 333 60005 90710 91123=
07591,2009-04-09 09:00:00,14.4,,0.1,34,-1.2,,25.928,50.004,,360,,,0,0,,,,,,0,og-post,,,,AAXX 09094 07591 24/// /3614 10144 21012 39161 48505 53001 700// 333 60007 90710 91127 555 60005=
07591,2009-04-09 10:00:00,16.6,,-0.2,25,-3.5,,29.632,46.3,,10,,,0,,,,,,,0,og-post,,,,AAXX 09104 07591 24/// /0116 10166 21035 39157 48506 58002 700// 333 60005 90710 91125=
07591,2009-04-09 11:00:00,16.9,,-0.6,26,-2.7,,18.52,46.3,,20,,,0,,,,,,,0,og-post,,,,AAXX 09114 07591 24/// /0210 10169 21027 39154 48504 58006 700// 333 60005 90710 91125=
07591,2009-04-09 12:00:00,17.3,,-1.3,29,-0.9,,14.816,35.188,,60,,,0,0,,,,,,0,og-post,,,,AAXX 09124 07591 04/// /0608 10173 21009 39148 48499 58013 60001 700// 333 60007 90710 91119 555 60005=
07591,2009-04-09 13:00:00,17.9,,-1.3,29,-0.4,,22.224,38.892,,110,,,0,,,,,,,0,og-post,,,,AAXX 09134 07591 24/// /1112 10179 21004 39144 48497 58013 700// 333 60005 90710 91121=
07591,2009-04-09 14:00:00,17.9,,-1.3,31,0.6,,25.928,42.596,,110,,,0,,,,,,,0,og-post,,,,AAXX 09144 07591 24/// /1114 10179 20006 39141 48494 56013 700// 333 60005 90710 91123=
07591,2009-04-09 15:00:00,17.1,,-1,37,2.3,,14.816,46.3,,110,,,0,0,,,,,,0,og-post,,,,AAXX 09154 07591 24/// /1108 10171 20023 39138 48490 56010 700// 333 60007 90710 91125 555 60005=
07591,2009-04-09 16:00:00,16.2,,-0.5,46,4.6,,7.408,18.52,,170,,,0,,,,,,,0,og-post,,,,AAXX 09164 07591 24/// /1704 10162 20046 39139 48489 55005 700// 333 60005 90710 91110=
07591,2009-04-09 17:00:00,15.7,,-0.1,38,1.4,,14.816,29.632,,40,,,0,,,,,,,0,og-post,,,,AAXX 09174 07591 24/// /0408 10157 20014 39140 48489 55001 700// 333 60005 90710 91116=
07591,2009-04-09 18:00:00,14.9,,0.1,39,1.1,,25.928,38.892,,360,10,19.2,0,0,,,,,,0,og-post,,,,AAXX 09184 07591 04/// /3614 10149 20011 39139 48486 50001 60002 700// 333 10192 20100 60007 90710 91121 555 60005=
07591,2009-04-09 19:00:00,13.9,,0.4,41,0.9,,25.928,38.892,,360,,,0,,,,,,,0,og-post,,,,AAXX 09194 07591 24/// /3614 10139 20009 39143 48487 53004 700// 333 60005 90710 91121=
07591,2009-04-09 20:00:00,13.6,,0.8,39,-0.1,,25.928,38.892,,10,,,0,,,,,,,0,og-post,,,,AAXX 09204 07591 24/// /0114 10136 21001 39148 48491 53008 700// 333 60005 90710 91121=
07591,2009-04-09 21:00:00,12.7,,0.9,41,-0.2,,25.928,38.892,,360,,,0,0,,,,,,0,og-post,,,,AAXX 09214 07591 24/// /3614 10127 21002 39148 48489 51009 700// 333 60007 90710 91121 555 60005=
07591,2009-04-09 22:00:00,12.5,,0.1,41,-0.4,,31.484,50.004,,360,,,0,,,,,,,0,og-post,,,,AAXX 09224 07591 24/// /3617 10125 21004 39144 48485 50001 700// 333 60005 90710 91127=
07591,2009-04-09 23:00:00,11.9,,-0.7,41,-0.9,,29.632,46.3,,360,,,0,,,,,,,0,og-post,,,,AAXX 09234 07591 24/// /3616 10119 21009 39141 48481 58007 700// 333 60005 90710 91125=
07591,2009-04-10 00:00:00,11.8,,-0.7,41,-1,,25.928,46.3,,360,,,0,0,,,,,,0,og-post,,,,AAXX 10004 07591 04/// /3614 10118 21010 39141 48481 56007 60001 700// 333 60007 90710 91125 555 60005=
07591,2009-04-10 01:00:00,12,,-0.8,41,-0.8,,22.224,38.892,,10,,,0,,,,,,,0,og-post,,,,AAXX 10014 07591 24/// /0112 10120 21008 39136 48477 58008 700// 333 60005 90710 91121=
07591,2009-04-10 02:00:00,12.2,,-0.9,42,-0.3,,25.928,38.892,,360,,,0,,,,,,,0,og-post,,,,AAXX 10024 07591 24/// /3614 10122 21003 39132 48474 58009 700// 333 60005 90710 91121=
07591,2009-04-10 03:00:00,12.3,,-1.2,44,0.4,,25.928,42.596,,10,,,0,0,,,,,,0,og-post,,,,AAXX 10034 07591 24/// /0114 10123 20004 39129 48471 56012 700// 333 60007 90710 91123 555 60005=
07591,2009-04-10 04:00:00,12.3,,-1,45,0.7,,29.632,38.892,,360,,,0,,,,,,,0,og-post,,,,AAXX 10044 07591 24/// /3616 10123 20007 39126 48469 56010 700// 333 60005 90710 91121=
07591,2009-04-10 05:00:00,12.2,,-1,46,0.9,,25.928,42.596,,360,,,0,,,,,,,0,og-post,,,,AAXX 10054 07591 24/// /3614 10122 20009 39122 48465 58010 700// 333 60005 90710 91123=
07591,2009-04-10 06:00:00,12.4,,-0.7,45,0.8,,25.928,38.892,,360,11.8,14.8,0,0,,,0,3.3,11,0,og-post,,,,AAXX 10064 07591 04/// /3614 10124 20008 39122 48465 56007 60002 700// 333 10148 20118 3/011 55033 60007 70000 90710 91121 555 60005=
07591,2009-04-10 07:00:00,12.8,,-0.5,46,1.5,,25.928,38.892,,10,,,0,,,,,,,0,og-post,,,,AAXX 10074 07591 24/// /0114 10128 20015 39121 48465 56005 700// 333 60005 90710 91121=
07591,2009-04-10 08:00:00,14.6,,-0.7,44,2.5,,35.188,50.004,,10,,,0,,,,,,,0,og-post,,,,AAXX 10084 07591 24/// /0119 10146 20025 39115 48464 58007 700// 333 60005 90710 91127=
07591,2009-04-10 09:00:00,15.4,,-0.9,42,2.6,,31.484,57.412,53.708,20,,,0,0,,,,,,0,og-post,,,,AAXX 10094 07591 24/// /0217 10154 20026 39113 48463 58009 700// 333 60007 91029 90710 91131 555 60005=
07591,2009-04-10 10:00:00,15.5,,-1.1,41,2.3,,31.484,53.708,,10,,,0,,,,,,,0,og-post,,,,AAXX 10104 07591 24/// /0117 10155 20023 39110 48461 56011 700// 333 60005 90710 91129=
07591,2009-04-10 11:00:00,16.6,,-0.7,37,1.9,,18.52,50.004,,100,,,0,,,,,,,0,og-post,,,,AAXX 10114 07591 24/// /1010 10166 20019 39108 48461 57007 700// 333 60005 90710 91127=
07591,2009-04-10 12:00:00,17.9,,-1.1,28,-0.8,,22.224,38.892,,80,,,0,0,,,,,,0,og-post,,,,AAXX 10124 07591 04/// /0812 10179 21008 39102 48458 58011 60001 700// 333 60007 90710 91121 555 60005=
07591,2009-04-10 13:00:00,17.4,,-1.4,27,-1.8,,18.52,38.892,,110,,,0,,,,,,,0,og-post,,,,AAXX 10134 07591 24/// /1110 10174 21018 39096 48451 58014 700// 333 60005 90710 91121=
07591,2009-04-10 14:00:00,17,,-1.7,30,-0.7,,11.112,31.484,,140,,,0,,,,,,,0,og-post,,,,AAXX 10144 07591 24/// /1406 10170 21007 39091 48446 56017 700// 333 60005 90710 91117=
07591,2009-04-10 15:00:00,16.1,,-1.4,34,0.3,,22.224,42.596,,120,,,0,0,,,,,,0,og-post,,,,AAXX 10154 07591 24/// /1212 10161 20003 39088 48442 56014 700// 333 60007 90710 91123 555 60005=
07591,2009-04-10 16:00:00,15.2,,-0.7,35,-0.1,,22.224,42.596,,110,,,0,,,,,,,0,og-post,,,,AAXX 10164 07591 24/// /1112 10152 21001 39089 48441 55007 700// 333 60005 90710 91123=
07591,2009-04-10 17:00:00,14.7,,-0.2,38,0.5,,11.112,31.484,,60,,,0,,,,,,,0,og-post,,,,AAXX 10174 07591 24/// /0606 10147 20005 39089 48440 56002 700// 333 60005 90710 91117=
07591,2009-04-10 18:00:00,13.3,,0.1,39,-0.3,,7.408,42.596,,40,12.4,18,0,0,,,,,,0,og-post,,,,AAXX 10184 07591 04/// /0404 10133 21003 39089 48437 51001 60002 700// 333 10180 20124 60007 90710 91123 555 60005=
07591,2009-04-10 19:00:00,12.8,,0.2,43,0.5,,18.52,31.484,,10,,,0,,,,,,,0,og-post,,,,AAXX 10194 07591 24/// /0110 10128 20005 39091 48438 53002 700// 333 60005 90710 91117=
07591,2009-04-10 20:00:00,12.2,,0.5,45,0.6,,29.632,46.3,,10,,,0,,,,,,,0,og-post,,,,AAXX 10204 07591 24/// /0116 10122 20006 39094 48439 53005 700// 333 60005 90710 91125=
07591,2009-04-10 21:00:00,12.1,,0.4,45,0.5,,29.632,46.3,,10,,,0,0,,,,,,0,og-post,,,,AAXX 10214 07591 24/// /0116 10121 20005 39093 48438 50004 700// 333 60007 90710 91125 555 60005=
07591,2009-04-10 22:00:00,11.8,,0.2,46,0.6,,31.484,50.004,,10,,,0,,,,,,,0,og-post,,,,AAXX 10224 07591 24/// /0117 10118 20006 39093 48438 51002 700// 333 60005 90710 91127=
07591,2009-04-10 23:00:00,11.4,,-0.2,48,0.8,,29.632,46.3,,360,,,0,,,,,,,0,og-post,,,,AAXX 10234 07591 24/// /3616 10114 20008 39092 48436 57002 700// 333 60005 90710 91125=
07591,2009-04-11 00:00:00,11.3,,-0.7,48,0.7,,29.632,50.004,,360,,,0,0,,,,,,0,og-post,,,,AAXX 11004 07591 04/// /3616 10113 20007 39086 48430 58007 60001 700// 333 60007 90710 91127 555 60005=
07591,2009-04-11 01:00:00,11.1,,-1.2,50,1.1,,29.632,50.004,,360,,,0,,,,,,,0,og-post,,,,AAXX 11014 07591 24/// /3616 10111 20011 39081 48426 58012 700// 333 60005 90710 91127=
07591,2009-04-11 02:00:00,10.8,,-1.4,52,1.4,,25.928,42.596,,10,,,0,,,,,,,0,og-post,,,,AAXX 11024 07591 24/// /0114 10108 20014 39078 48422 56014 700// 333 60005 90710 91123=
07591,2009-04-11 03:00:00,10.5,,-0.6,53,1.3,,29.632,50.004,,360,,,0,0,,,,,,0,og-post,,,,AAXX 11034 07591 24/// /3616 10105 20013 39080 48423 55006 700// 333 60007 90710 91127 555 60005=
07591,2009-04-11 04:00:00,10.5,,-0.1,53,1.3,,22.224,50.004,,10,,,0,,,,,,,0,og-post,,,,AAXX 11044 07591 24/// /0112 10105 20013 39080 48423 56001 700// 333 60005 90710 91127=
07591,2009-04-11 05:00:00,10.8,,0.1,52,1.4,,31.484,50.004,,10,,,0,,,,,,,0,og-post,,,,AAXX 11054 07591 24/// /0117 10108 20014 39079 48423 50001 700// 333 60005 90710 91127=
07591,2009-04-11 06:00:00,10.9,,0.1,51,1.2,,31.484,57.412,,360,10.5,13.7,0,0,,,0,3.3,10,0,og-post,,,,AAXX 11064 07591 04/// /3617 10109 20012 39081 48425 53001 60002 700// 333 10137 20105 3/010 55033 60007 70000 90710 91131 555 60005=
07591,2009-04-11 07:00:00,12,,-0.1,46,0.8,,35.188,61.116,61.116,20,,,0,,,,,,,0,og-post,,,,AAXX 11074 07591 24/// /0219 10120 20008 39079 48425 58001 700// 333 60005 91033 90710 91133=
07591,2009-04-11 08:00:00,12.6,,-0.1,42,0,,38.892,61.116,,30,,,0,,,,,,,0,og-post,,,,AAXX 11084 07591 24/// /0321 10126 20000 39078 48426 58001 700// 333 60005 90710 91133=
07591,2009-04-11 09:00:00,13.5,,-0.3,41,0.5,,35.188,61.116,61.116,30,,,0,0,,,,,,0,og-post,,,,AAXX 11094 07591 24/// /0319 10135 20005 39078 48427 56003 700// 333 60007 91033 90710 91133 555 60005=
07591,2009-04-11 10:00:00,13.7,,0.1,40,0.4,,38.892,61.116,,30,,,0,,,,,,,0,og-post,,,,AAXX 11104 07591 24/// /0321 10137 20004 39080 48430 53001 700// 333 60005 90710 91133=
07591,2009-04-11 11:00:00,13.8,,-0.1,42,1.1,,38.892,61.116,61.116,10,,,0,,,,,,,0,og-post,,,,AAXX 11114 07591 24/// /0121 10138 20011 39077 48427 58001 700// 333 60005 91033 90710 91133=
07591,2009-04-11 12:00:00,14.1,,0,40,0.7,,35.188,57.412,,30,,,0,0,,,,,,0,og-post,,,,AAXX 11124 07591 04/// /0319 10141 20007 39078 48429 50000 60001 700// 333 60007 90710 91131 555 60005=
07591,2009-04-11 13:00:00,14.3,,-0.1,40,0.9,,35.188,61.116,61.116,20,,,0,,,,,,,0,og-post,,,,AAXX 11134 07591 24/// /0219 10143 20009 39079 48430 55001 700// 333 60005 91033 90710 91133=
07591,2009-04-11 14:00:00,14,,0.3,42,1.3,,35.188,57.412,,20,,,0,,,,,,,0,og-post,,,,AAXX 11144 07591 24/// /0219 10140 20013 39080 48430 52003 700// 333 60005 90710 91131=
07591,2009-04-11 15:00:00,13.8,,0.2,43,1.5,,31.484,53.708,,30,,,0,0,,,,,,0,og-post,,,,AAXX 11154 07591 24/// /0317 10138 20015 39080 48430 51002 700// 333 60007 90710 91129 555 60005=
07591,2009-04-11 16:00:00,13.5,,0.1,42,0.9,,25.928,50.004,,30,,,0,,,,,,,0,og-post,,,,AAXX 11164 07591 24/// /0314 10135 20009 39080 48429 51001 700// 333 60005 90710 91127=
07591,2009-04-11 17:00:00,13,,-0.1,43,0.7,,29.632,50.004,50.004,30,,,0,,,,,,,0,og-post,,,,AAXX 11174 07591 24/// /0316 10130 20007 39079 48427 58001 700// 333 60005 91027 90710 91127=
07591,2009-04-11 18:00:00,12.5,,0.1,45,0.9,,31.484,57.412,,30,10.8,14.5,0,0,,,,,,0,og-post,,,,AAXX 11184 07591 04/// /0317 10125 20009 39081 48428 53001 60002 700// 333 10145 20108 60007 90710 91131 555 60005=
07591,2009-04-11 19:00:00,12.2,,0.4,47,1.2,,29.632,46.3,,20,,,0,,,,,,,0,og-post,,,,AAXX 11194 07591 24/// /0216 10122 20012 39084 48430 53004 700// 333 60005 90710 91125=
07591,2009-04-11 20:00:00,12.1,,0.9,46,0.8,,29.632,53.708,,20,,,0,,,,,,,0,og-post,,,,AAXX 11204 07591 24/// /0216 10121 20008 39088 48434 53009 700// 333 60005 90710 91129=
07591,2009-04-11 21:00:00,11.8,,0.7,49,1.4,,29.632,50.004,,20,,,0,0,,,,,,0,og-post,,,,AAXX 11214 07591 24/// /0216 10118 20014 39088 48433 51007 700// 333 60007 90710 91127 555 60005=
07591,2009-04-11 22:00:00,11.5,,0.2,51,1.7,,29.632,50.004,,20,,,0,,,,,,,0,og-post,,,,AAXX 11224 07591 24/// /0216 10115 20017 39086 48431 50002 700// 333 60005 90710 91127=
07591,2009-04-11 23:00:00,11.1,,-0.5,53,1.9,,31.484,57.412,53.708,20,,,0,,,,,,,0,og-post,,,,AAXX 11234 07591 24/// /0217 10111 20019 39083 48427 58005 700// 333 60005 91029 90710 91131=
07591,2009-04-12 00:00:00,10.9,,-0.7,52,1.4,,31.484,50.004,,360,,,0,0,,,,,,0,og-post,,,,AAXX 12004 07591 04/// /3617 10109 20014 39081 48425 57007 60001 700// 333 60007 90710 91127 555 60005=
07591,2009-04-12 01:00:00,10.7,,-1.2,53,1.5,,31.484,53.708,,10,,,0,,,,,,,0,og-post,,,,AAXX 12014 07591 24/// /0117 10107 20015 39074 48418 58012 700// 333 60005 90710 91129=
07591,2009-04-12 02:00:00,11.4,,-1.2,48,0.8,,25.928,46.3,,20,,,0,,,,,,,0,og-post,,,,AAXX 12024 07591 24/// /0214 10114 20008 39071 48417 58012 700// 333 60005 90710 91125=
07591,2009-04-12 03:00:00,10.9,,-1.1,52,1.4,,22.224,35.188,,10,,,0,0,,,,,,0,og-post,,,,AAXX 12034 07591 24/// /0112 10109 20014 39070 48415 56011 700// 333 60007 90710 91119 555 60005=
07591,2009-04-12 04:00:00,11.1,,-0.7,51,1.4,,22.224,38.892,,10,,,0,,,,,,,0,og-post,,,,AAXX 12044 07591 24/// /0112 10111 20014 39067 48413 57007 700// 333 60005 90710 91121=
07591,2009-04-12 05:00:00,11,,-0.2,52,1.5,,25.928,38.892,,360,,,0,,,,,,,0,og-post,,,,AAXX 12054 07591 24/// /3614 10110 20015 39069 48414 55002 700// 333 60005 90710 91121=
07591,2009-04-12 06:00:00,11.2,,-0,52,1.7,,29.632,46.3,,360,10.7,12.5,0,0,,,0,1.7,10,0,og-post,,,,AAXX 12064 07591 04/// /3616 10112 20017 39070 48416 55000 60002 700// 333 10125 20107 3/010 55017 60007 70000 90710 91125 555 60005=
07591,2009-04-12 07:00:00,12.4,,0.5,46,1.1,,29.632,46.3,,20,,,0,,,,,,,0,og-post,,,,AAXX 12074 07591 24/// /0216 10124 20011 39072 48420 52005 700// 333 60005 90710 91125=
07591,2009-04-12 08:00:00,13,,0.4,45,1.4,,31.484,50.004,,20,,,0,,,,,,,0,og-post,,,,AAXX 12084 07591 24/// /0217 10130 20014 39073 48422 52004 700// 333 60005 90710 91127=
07591,2009-04-12 09:00:00,13.7,,0.6,43,1.4,,29.632,42.596,,30,,,0,0,,,,,,0,og-post,,,,AAXX 12094 07591 24/// /0316 10137 20014 39076 48426 53006 700// 333 60007 90710 91123 555 60005=
07591,2009-04-12 10:00:00,14.6,,0.4,42,1.8,,29.632,46.3,,60,,,0,,,,,,,0,og-post,,,,AAXX 12104 07591 24/// /0616 10146 20018 39076 48428 51004 700// 333 60005 90710 91125=
07591,2009-04-12 11:00:00,15.2,,0.4,41,2.1,,29.632,50.004,,40,,,0,,,,,,,0,og-post,,,,AAXX 12114 07591 24/// /0416 10152 20021 39077 48430 51004 700// 333 60005 90710 91127=
07591,2009-04-12 12:00:00,15.3,,0.1,41,2.1,,25.928,50.004,,20,,,0,0,,,,,,0,og-post,,,,AAXX 12124 07591 04/// /0214 10153 20021 39077 48430 52001 60001 700// 333 60007 90710 91127 555 60005=
07591,2009-04-12 13:00:00,14.7,,0.4,41,1.6,,25.928,46.3,,40,,,0,,,,,,,0,og-post,,,,AAXX 12134 07591 24/// /0414 10147 20016 39080 48432 53004 700// 333 60005 90710 91125=
07591,2009-04-12 14:00:00,14.1,,0.3,42,1.4,,22.224,46.3,,50,,,0,,,,,,,0,og-post,,,,AAXX 12144 07591 24/// /0512 10141 20014 39080 48430 52003 700// 333 60005 90710 91125=
07591,2009-04-12 15:00:00,14,,0.4,41,1,,18.52,46.3,,50,,,0,0,,,,,,0,og-post,,,,AAXX 12154 07591 24/// /0510 10140 20010 39081 48431 51004 700// 333 60007 90710 91125 555 60005=
07591,2009-04-12 16:00:00,14.1,,0.2,41,1.1,,18.52,42.596,,30,,,0,,,,,,,0,og-post,,,,AAXX 12164 07591 24/// /0310 10141 20011 39082 48432 53002 700// 333 60005 90710 91123=
07591,2009-04-12 17:00:00,13.7,,0.3,41,0.7,,22.224,38.892,,30,,,0,,,,,,,0,og-post,,,,AAXX 12174 07591 24/// /0312 10137 20007 39083 48432 52003 700// 333 60005 90710 91121=
07591,2009-04-12 18:00:00,12.7,,0.1,45,1.1,,18.52,38.892,,10,11.2,15.7,0,0,,,,,,0,og-post,,,,AAXX 12184 07591 04/// /0110 10127 20011 39082 48430 50001 60002 700// 333 10157 20112 60007 90710 91121 555 60005=
07591,2009-04-12 19:00:00,12.2,,0.3,45,0.6,,18.52,31.484,,20,,,0,,,,,,,0,og-post,,,,AAXX 12194 07591 24/// /0210 10122 20006 39085 48431 53003 700// 333 60005 90710 91117=
07591,2009-04-12 20:00:00,11.9,,0.5,46,0.7,,18.52,29.632,,10,,,0,,,,,,,0,og-post,,,,AAXX 12204 07591 24/// /0110 10119 20007 39088 48433 53005 700// 333 60005 90710 91116=
07591,2009-04-12 21:00:00,12,,0.6,44,0.1,,18.52,35.188,,10,,,0,0,,,,,,0,og-post,,,,AAXX 12214 07591 24/// /0110 10120 20001 39088 48434 51006 700// 333 60007 90710 91119 555 60005=
07591,2009-04-12 22:00:00,11.5,,0,46,0.3,,22.224,35.188,,20,,,0,,,,,,,0,og-post,,,,AAXX 12224 07591 24/// /0212 10115 20003 39085 48430 50000 700// 333 60005 90710 91119=
07591,2009-04-12 23:00:00,11.5,,-0.5,45,0,,18.52,35.188,,10,,,0,,,,,,,0,og-post,,,,AAXX 12234 07591 24/// /0110 10115 20000 39083 48428 58005 700// 333 60005 90710 91119=
07591,2009-04-13 00:00:00,11.2,,-0.8,46,0,,22.224,35.188,,10,,,0,0,,,,,,0,og-post,,,,AAXX 13004 07591 04/// /0112 10112 20000 39080 48425 57008 60001 700// 333 60007 90710 91119 555 60005=
07591,2009-04-13 01:00:00,11,,-0.8,47,0.1,,22.224,38.892,,360,,,0,,,,,,,0,og-post,,,,AAXX 13014 07591 24/// /3612 10110 20001 39077 48422 58008 700// 333 60005 90710 91121=
07591,2009-04-13 02:00:00,10.5,,-0.7,48,0,,22.224,31.484,,360,,,0,,,,,,,0,og-post,,,,AAXX 13024 07591 24/// /3612 10105 20000 39076 48420 56007 700// 333 60005 90710 91117=
07591,2009-04-13 03:00:00,10.5,,-0.7,47,-0.3,,18.52,31.484,,10,,,0,0,,,,,,0,og-post,,,,AAXX 13034 07591 24/// /0110 10105 21003 39073 48417 57007 700// 333 60007 90710 91117 555 60005=
07591,2009-04-13 04:00:00,9.7,,-0.8,50,-0.2,,14.816,38.892,,30,,,0,,,,,,,0,og-post,,,,AAXX 13044 07591 24/// /0308 10097 21002 39069 48412 58008 700// 333 60005 90710 91121=
07591,2009-04-13 05:00:00,8.5,,-0.4,54,-0.3,,14.816,29.632,,50,,,0,,,,,,,0,og-post,,,,AAXX 13054 07591 24/// /0508 10085 21003 39072 48412 55004 700// 333 60005 90710 91116=
07591,2009-04-13 06:00:00,8.5,,0.1,54,-0.3,,18.52,25.928,,30,8.2,12.7,0,0,,,0,0.2,6,0,og-post,,,,AAXX 13064 07591 04/// /0310 10085 21003 39074 48414 53001 60002 700// 333 10127 20082 3/006 55002 60007 70000 90710 91114 555 60005=
07591,2009-04-13 07:00:00,10.7,,0.4,47,-0.1,,22.224,29.632,,30,,,0,,,,,,,0,og-post,,,,AAXX 13074 07591 24/// /0312 10107 21001 39073 48417 50004 700// 333 60005 90710 91116=
07591,2009-04-13 08:00:00,13.7,,0,40,0.4,,22.224,38.892,,20,,,0,,,,,,,0,og-post,,,,AAXX 13084 07591 24/// /0212 10137 20004 39072 48422 50000 700// 333 60005 90710 91121=
07591,2009-04-13 09:00:00,16.4,,-0.3,26,-3.1,,22.224,31.484,,30,,,0,0,,,,,,0,og-post,,,,AAXX 13094 07591 24/// /0312 10164 21031 39071 48426 57003 700// 333 60007 90710 91117 555 60005=
07591,2009-04-13 10:00:00,17.6,,-0.4,24,-3.2,,18.52,31.484,,40,,,0,,,,,,,0,og-post,,,,AAXX 13104 07591 24/// /0410 10176 21032 39069 48426 58004 700// 333 60005 90710 91117=
07591,2009-04-13 11:00:00,18.7,,-0.7,24,-2.3,,7.408,25.928,,80,,,0,,,,,,,0,og-post,,,,AAXX 13114 07591 24/// /0804 10187 21023 39065 48425 58007 700// 333 60005 90710 91114=
07591,2009-04-13 12:00:00,19.2,,-1.3,18,-5.7,,7.408,18.52,,70,,,0,0,,,,,,0,og-post,,,,AAXX 13124 07591 04/// /0704 10192 21057 39058 48419 58013 60001 700// 333 60007 90710 91110 555 60005=
07591,2009-04-13 13:00:00,21,,-1.5,19,-3.5,,7.408,22.224,,250,,,0,,,,,,,0,og-post,,,,AAXX 13134 07591 24/// /2504 10210 21035 39054 48419 57015 700// 333 60005 90710 91112=
07591,2009-04-13 14:00:00,20.2,,-1.5,16,-6.4,,7.408,25.928,,60,,,0,,,,,,,0,og-post,,,,AAXX 13144 07591 24/// /0604 10202 21064 39050 48413 56015 700// 333 60005 90710 91114=
07591,2009-04-13 15:00:00,20.4,,-1.2,17,-5.4,,14.816,22.224,,10,,,0,0,,,,,,0,og-post,,,,AAXX 13154 07591 24/// /0108 10204 21054 39046 48410 57012 700// 333 60007 90710 91112 555 60005=
07591,2009-04-13 16:00:00,18.3,,-0.9,21,-4.4,,11.112,25.928,,40,,,0,,,,,,,0,og-post,,,,AAXX 13164 07591 24/// /0406 10183 21044 39045 48405 56009 700// 333 60005 90710 91114=
07591,2009-04-13 17:00:00,17,,-0.2,24,-3.7,,11.112,18.52,,350,,,0,,,,,,,0,og-post,,,,AAXX 13174 07591 24/// /3506 10170 21037 39048 48406 55002 700// 333 60005 90710 91110=
07591,2009-04-13 18:00:00,15.8,,0.9,25,-4.2,,11.112,22.224,,30,8.4,21.3,0,0,,,,,,0,og-post,,,,AAXX 13184 07591 04/// /0306 10158 21042 39055 48410 53009 60002 700// 333 10213 20084 60007 90710 91112 555 60005=
07591,2009-04-13 19:00:00,13.7,,2.2,32,-2.7,,3.704,18.52,,210,,,0,,,,,,,0,og-post,,,,AAXX 13194 07591 24/// /2102 10137 21027 39067 48417 53022 700// 333 60005 90710 91110=
07591,2009-04-13 20:00:00,12.7,,2.8,59,4.9,,7.408,22.224,,250,,,0,,,,,,,0,og-post,,,,AAXX 13204 07591 24/// /2504 10127 20049 39076 48424 53028 700// 333 60005 90710 91112=
07591,2009-04-13 21:00:00,10.9,,2.9,64,4.4,,3.704,22.224,,260,,,0,0,,,,,,0,og-post,,,,AAXX 13214 07591 24/// /2602 10109 20044 39084 48428 51029 700// 333 60007 90710 91112 555 60005=
07591,2009-04-13 22:00:00,8.9,,2.1,69,3.5,,3.704,7.408,,350,,,0,,,,,,,0,og-post,,,,AAXX 13224 07591 24/// /3502 10089 20035 39088 48428 51021 700// 333 60005 90710 91104=
07591,2009-04-13 23:00:00,8.1,,1.5,70,3,,3.704,11.112,,30,,,0,,,,,,,0,og-post,,,,AAXX 13234 07591 24/// /0302 10081 20030 39091 48429 51015 700// 333 60005 90710 91106=
07591,2009-04-14 00:00:00,7.6,,1,64,1.2,,7.408,14.816,,30,,,0,0,,,,,,0,og-post,,,,AAXX 14004 07591 04/// /0304 10076 20012 39094 48430 51010 60001 700// 333 60007 90710 91108 555 60005=
07591,2009-04-14 01:00:00,7.9,,0.4,56,-0.3,,14.816,22.224,,40,,,0,,,,,,,0,og-post,,,,AAXX 14014 07591 24/// /0408 10079 21003 39092 48429 50004 700// 333 60005 90710 91112=
07591,2009-04-14 02:00:00,7.7,,0,56,-0.5,,14.816,31.484,,50,,,0,,,,,,,0,og-post,,,,AAXX 14024 07591 24/// /0508 10077 21005 39091 48428 50000 700// 333 60005 90710 91117=
07591,2009-04-14 03:00:00,7.7,,-0.4,54,-1,,18.52,35.188,,30,,,0,0,,,,,,0,og-post,,,,AAXX 14034 07591 24/// /0310 10077 21010 39090 48427 56004 700// 333 60007 90710 91119 555 60005=
07591,2009-04-14 04:00:00,7.8,,-0.3,52,-1.4,,25.928,35.188,,30,,,0,,,,,,,0,og-post,,,,AAXX 14044 07591 24/// /0314 10078 21014 39089 48426 57003 700// 333 60005 90710 91119=
07591,2009-04-14 05:00:00,7.4,,-0.1,54,-1.3,,25.928,38.892,,10,,,0,,,,,,,0,og-post,,,,AAXX 14054 07591 24/// /0114 10074 21013 39090 48426 55001 700// 333 60005 90710 91121=
07591,2009-04-14 06:00:00,7.3,,0.5,54,-1.4,,22.224,38.892,,20,6.4,15.8,0,0,,,0,9.4,3,0,og-post,,,,AAXX 14064 07591 04/// /0212 10073 21014 39095 48430 53005 60002 700// 333 10158 20064 3/003 55094 60007 70000 90710 91121 555 60005=
07591,2009-04-14 07:00:00,9.5,,0.5,48,-0.9,,22.224,42.596,,30,,,0,,,,,,,0,og-post,,,,AAXX 14074 07591 24/// /0312 10095 21009 39094 48434 50005 700// 333 60005 90710 91123=
07591,2009-04-14 08:00:00,12.1,,0.2,43,-0.1,,22.224,38.892,,20,,,0,,,,,,,0,og-post,,,,AAXX 14084 07591 24/// /0212 10121 21001 39092 48437 50002 700// 333 60005 90710 91121=
07591,2009-04-14 09:00:00,15,,-0.4,35,-0.3,,14.816,29.632,,30,,,0,0,,,,,,0,og-post,,,,AAXX 14094 07591 24/// /0308 10150 21003 39091 48442 57004 700// 333 60007 90710 91116 555 60005=
07591,2009-04-14 10:00:00,18.5,,-0.7,25,-1.9,,7.408,22.224,,150,,,0,,,,,,,0,og-post,,,,AAXX 14104 07591 24/// /1504 10185 21019 39087 48445 58007 700// 333 60005 90710 91112=
07591,2009-04-14 11:00:00,19.3,,-1,21,-3.5,,11.112,22.224,,230,,,0,,,,,,,0,og-post,,,,AAXX 14114 07591 24/// /2306 10193 21035 39082 48442 58010 700// 333 60005 90710 91112=
07591,2009-04-14 12:00:00,19.6,,-1.2,21,-3.3,,11.112,22.224,,220,,,0,0,,,,,,0,og-post,,,,AAXX 14124 07591 04/// /2206 10196 21033 39079 48440 56012 60001 700// 333 60007 90710 91112 555 60005=
07591,2009-04-14 13:00:00,20.1,,-1,21,-2.9,,11.112,29.632,,230,,,0,,,,,,,0,og-post,,,,AAXX 14134 07591 24/// /2306 10201 21029 39077 48439 56010 700// 333 60005 90710 91116=
07591,2009-04-14 14:00:00,20,,-0.7,21,-3,,14.816,29.632,,210,,,0,,,,,,,0,og-post,,,,AAXX 14144 07591 24/// /2108 10200 21030 39075 48437 56007 700// 333 60005 90710 91116=
07591,2009-04-14 15:00:00,19,,-0.1,27,-0.4,,22.224,42.596,,240,,,0,0,,,,,,0,og-post,,,,AAXX 14154 07591 24/// /2412 10190 21004 39078 48438 55001 700// 333 60007 90710 91123 555 60005=
07591,2009-04-14 16:00:00,17.2,,0.9,34,1.2,,11.112,46.3,,240,,,0,,,,,,,0,og-post,,,,AAXX 14164 07591 24/// /2406 10172 20012 39086 48442 53009 700// 333 60005 90710 91125=
07591,2009-04-14 17:00:00,15.6,,1.4,43,3.1,,3.704,35.188,,100,,,0,,,,,,,0,og-post,,,,AAXX 14174 07591 24/// /1002 10156 20031 39089 48442 52014 700// 333 60005 90710 91119=
07591,2009-04-14 18:00:00,14.6,,1.2,43,2.2,,11.112,18.52,,90,7.2,20.5,0,0,,,,,,0,og-post,,,,AAXX 14184 07591 04/// /0906 10146 20022 39090 48441 51012 60002 700// 333 10205 20072 60007 90710 91110 555 60005=
07591,2009-04-14 19:00:00,13.4,,0.9,46,2,,7.408,18.52,,90,,,0,,,,,,,0,og-post,,,,AAXX 14194 07591 24/// /0904 10134 20020 39095 48443 53009 700// 333 60005 90710 91110=
07591,2009-04-14 20:00:00,11.7,,1.2,54,2.7,,,11.112,,,,,0,,,,,,,0,og-post,,,,AAXX 14204 07591 24/// /0000 10117 20027 39101 48445 53012 700// 333 60005 90710 91106=
07591,2009-04-14 21:00:00,10.5,,1.5,57,2.4,,3.704,7.408,,350,,,0,0,,,,,,0,og-post,,,,AAXX 14214 07591 24/// /3502 10105 20024 39105 48446 51015 700// 333 60007 90710 91104 555 60005=
07591,2009-04-14 22:00:00,9,,1.5,63,2.3,,3.704,7.408,,340,,,0,,,,,,,0,og-post,,,,AAXX 14224 07591 24/// /3402 10090 20023 39110 48448 51015 700// 333 60005 90710 91104=
07591,2009-04-14 23:00:00,8.1,,1.1,65,1.9,,7.408,11.112,,10,,,0,,,,,,,0,og-post,,,,AAXX 14234 07591 24/// /0104 10081 20019 39112 48448 51011 700// 333 60005 90710 91106=
07591,2009-04-15 00:00:00,7.6,,1,68,2.1,,3.704,14.816,,330,,,0,0,,,,,,0,og-post,,,,AAXX 15004 07591 04/// /3302 10076 20021 39115 48449 51010 60001 700// 333 60007 90710 91108 555 60005=
07591,2009-04-15 01:00:00,8.6,,0.2,59,1.1,,18.52,25.928,,30,,,0,,,,,,,0,og-post,,,,AAXX 15014 07591 24/// /0310 10086 20011 39112 48449 50002 700// 333 60005 90710 91114=
07591,2009-04-15 02:00:00,7.1,,0.1,64,0.8,,11.112,22.224,,50,,,0,,,,,,,0,og-post,,,,AAXX 15024 07591 24/// /0506 10071 20008 39113 48446 51001 700// 333 60005 90710 91112=
07591,2009-04-15 03:00:00,5.6,,-0,72,1,,3.704,14.816,,160,,,0,0,,,,,,0,og-post,,,,AAXX 15034 07591 24/// /1602 10056 20010 39115 48445 55000 700// 333 60007 90710 91108 555 60005=
07591,2009-04-15 04:00:00,4.7,,0.2,73,0.3,,11.112,14.816,,60,,,0,,,,,,,0,og-post,,,,AAXX 15044 07591 24/// /0606 10047 20003 39114 48442 50002 700// 333 60005 90710 91108=
07591,2009-04-15 05:00:00,5.8,,0.1,68,0.4,,14.816,22.224,,40,,,0,,,,,,,0,og-post,,,,AAXX 15054 07591 24/// /0408 10058 20004 39114 48445 51001 700// 333 60005 90710 91112=
07591,2009-04-15 06:00:00,7,,0.3,63,0.5,,18.52,25.928,,40,4.5,14.6,0,0,,,0,8.4,-0,0,og-post,,,,AAXX 15064 07591 04/// /0410 10070 20005 39118 48451 53003 60002 700// 333 10146 20045 3/100 55084 60007 70000 90710 91114 555 60005=
07591,2009-04-15 07:00:00,10.5,,-0.1,51,0.8,,22.224,35.188,,20,,,0,,,,,,,0,og-post,,,,AAXX 15074 07591 24/// /0212 10105 20008 39113 48453 58001 700// 333 60005 90710 91119=
07591,2009-04-15 08:00:00,12.5,,-0.3,44,0.6,,22.224,35.188,,30,,,0,,,,,,,0,og-post,,,,AAXX 15084 07591 24/// /0312 10125 20006 39111 48455 58003 700// 333 60005 90710 91119=
07591,2009-04-15 09:00:00,14.8,,-0.8,43,2.4,,7.408,31.484,,50,,,0,0,,,,,,0,og-post,,,,AAXX 15094 07591 24/// /0504 10148 20024 39110 48459 56008 700// 333 60007 90710 91117 555 60005=
07591,2009-04-15 10:00:00,18,,-0.7,31,0.6,,7.408,18.52,,270,,,0,,,,,,,0,og-post,,,,AAXX 15104 07591 24/// /2704 10180 20006 39106 48462 58007 700// 333 60005 90710 91110=
07591,2009-04-15 11:00:00,18.3,,-0.8,29,0,,7.408,25.928,,220,,,0,,,,,,,0,og-post,,,,AAXX 15114 07591 24/// /2204 10183 20000 39103 48460 58008 700// 333 60005 90710 91114=
07591,2009-04-15 12:00:00,17.8,,-0.8,27,-1.4,,14.816,35.188,,190,,,0,0,,,,,,0,og-post,,,,AAXX 15124 07591 04/// /1908 10178 21014 39102 48458 56008 60001 700// 333 60007 90710 91119 555 60005=
07591,2009-04-15 13:00:00,17.6,,-0.4,31,0.3,,22.224,46.3,,160,,,0,,,,,,,0,og-post,,,,AAXX 15134 07591 24/// /1612 10176 20003 39102 48457 56004 700// 333 60005 90710 91125=
07591,2009-04-15 14:00:00,16.8,,-0.1,31,-0.4,,14.816,38.892,,220,,,0,,,,,,,0,og-post,,,,AAXX 15144 07591 24/// /2208 10168 21004 39102 48456 56001 700// 333 60005 90710 91121=
07591,2009-04-15 15:00:00,15.1,,0.5,39,1.3,,22.224,42.596,,240,,,0,0,,,,,,0,og-post,,,,AAXX 15154 07591 24/// /2412 10151 20013 39107 48457 53005 700// 333 60007 90710 91123 555 60005=
07591,2009-04-15 16:00:00,14.6,,0.6,39,0.8,,7.408,29.632,,240,,,0,,,,,,,0,og-post,,,,AAXX 15164 07591 24/// /2404 10146 20008 39108 48457 53006 700// 333 60005 90710 91116=
07591,2009-04-15 17:00:00,14.3,,0.4,41,1.2,,11.112,25.928,,260,,,0,,,,,,,0,og-post,,,,AAXX 15174 07591 24/// /2606 10143 20012 39106 48455 50004 700// 333 60005 90710 91114=
07591,2009-04-15 18:00:00,12.7,,0.6,49,2.3,,11.112,31.484,,270,6.9,18.9,0,0,,,,,,0,og-post,,,,AAXX 15184 07591 04/// /2706 10127 20023 39113 48458 53006 60002 700// 333 10189 20069 60007 90710 91117 555 60005=
07591,2009-04-15 19:00:00,10.7,,0.5,63,4,,18.52,31.484,,30,,,0,,,,,,,0,og-post,,,,AAXX 15194 07591 24/// /0310 10107 20040 39113 48454 53005 700// 333 60005 90710 91117=
07591,2009-04-15 20:00:00,10.8,,1.2,63,4,,7.408,22.224,,220,,,0,,,,,,,0,og-post,,,,AAXX 15204 07591 24/// /2204 10108 20040 39118 48459 51012 700// 333 60005 90710 91112=
07591,2009-04-15 21:00:00,9.7,,0.4,73,5.1,,3.704,14.816,,320,,,0,0,,,,,,21,og-post,,,,AAXX 15214 07591 24/// /3202 10097 20051 39117 48456 50004 721// 333 60007 90710 91108 555 60005=
07591,2009-04-15 22:00:00,9.2,,0.6,78,5.6,,,14.816,,,,,0,,,,,,,21,og-post,,,,AAXX 15224 07591 24/// /0000 10092 20056 39119 48457 51006 721// 333 60005 90710 91108=
07591,2009-04-15 23:00:00,8.9,,-0.2,80,5.6,,7.408,14.816,,30,,,0,,,,,,,60,og-post,,,,AAXX 15234 07591 24/// /0304 10089 20056 39116 48453 58002 760// 333 60005 90710 91108=
07591,2009-04-16 00:00:00,8.5,,-0.4,86,6.3,,7.408,14.816,,260,,,0.2,0.2,0.2,,,,,61,og-post,,,,AAXX 16004 07591 04/// /2604 10085 20063 39113 48450 58004 69921 761// 333 69927 90710 91108 555 69925=
07591,2009-04-16 01:00:00,7.8,,-1.3,92,6.6,,11.112,14.816,,40,,,1,,,,,,,61,og-post,,,,AAXX 16014 07591 24/// /0406 10078 20066 39106 48442 58013 761// 333 60015 90710 91108=
07591,2009-04-16 02:00:00,7.4,,-2,91,6,,3.704,18.52,,120,,,0,,,,,,,21,og-post,,,,AAXX 16024 07591 24/// /1202 10074 20060 39096 48432 58020 721// 333 60005 90710 91110=
07591,2009-04-16 03:00:00,7.4,,-1.9,93,6.3,,7.408,11.112,,280,,,0.8,2,,,,,,61,og-post,,,,AAXX 16034 07591 24/// /2804 10074 20063 39094 48431 56019 761// 333 60027 90710 91106 555 69985=
07591,2009-04-16 04:00:00,7,,-1.9,94,6.1,,3.704,11.112,,280,,,0.2,,,,,,,60,og-post,,,,AAXX 16044 07591 24/// /2802 10070 20061 39087 48424 56019 760// 333 69925 90710 91106=
07591,2009-04-16 05:00:00,6.8,,-1.4,95,6.1,,3.704,11.112,,120,,,0,,,,,,,21,og-post,,,,AAXX 16054 07591 24/// /1202 10068 20061 39082 48419 58014 721// 333 60005 90710 91106=
07591,2009-04-16 06:00:00,6.9,,-1.5,95,6.2,,7.408,14.816,,70,6.7,12.7,0.2,0.4,,2,2.4,4.2,6,60,og-post,,,,AAXX 16064 07591 04/// /0704 10069 20062 39079 48416 56015 60022 760// 333 10127 20067 3/006 55042 69947 70024 90710 91108 555 69925=
07591,2009-04-16 07:00:00,7.4,,-0.7,93,6.3,,11.112,18.52,,240,,,0,,,,,,,60,og-post,,,,AAXX 16074 07591 24/// /2406 10074 20063 39080 48418 55007 760// 333 60005 90710 91110=
07591,2009-04-16 08:00:00,4.2,,1.9,88,2.4,,25.928,61.116,,220,,,7,,,,,,,61,og-post,,,,AAXX 16084 07591 24/// /2214 10042 20024 39101 48430 53019 761// 333 60075 90710 91133=
07591,2009-04-16 09:00:00,1.8,,4.2,93,0.8,,7.408,46.3,,210,,,6,13,,,,,,73,og-post,,,,AAXX 16094 07591 24/// /2104 10018 20008 39121 48443 53042 773// 333 60137 90710 91125 555 60065=
07591,2009-04-16 10:00:00,2.5,,3.8,94,1.6,,3.704,11.112,,50,,,3,,,,,,,22,og-post,,,,AAXX 16104 07591 24/// /0502 10025 20016 39118 48441 50038 722// 333 60035 90710 91106=
07591,2009-04-16 11:00:00,6.4,,0.9,89,4.7,,14.816,22.224,,50,,,0.2,,,,,,,0,og-post,,,,AAXX 16114 07591 24/// /0508 10064 20047 39110 48443 50009 700// 333 69925 90710 91112=
07591,2009-04-16 12:00:00,9.9,,-2.2,67,4.1,,3.704,18.52,,210,,,0,3,16,,,,,0,og-post,,,,AAXX 16124 07591 04/// /2102 10099 20041 39099 48440 58022 60161 700// 333 60037 90710 91110 555 60005=
07591,2009-04-16 13:00:00,8.7,,-2,72,3.9,,14.816,25.928,,210,,,0,,,,,,,0,og-post,,,,AAXX 16134 07591 24/// /2108 10087 20039 39098 48437 56020 700// 333 60005 90710 91114=
07591,2009-04-16 14:00:00,10.5,,-1.8,64,4,,14.816,22.224,,170,,,0,,,,,,,0,og-post,,,,AAXX 16144 07591 24/// /1708 10105 20040 39092 48435 56018 700// 333 60005 90710 91112=
07591,2009-04-16 15:00:00,11.1,,-1.2,53,1.9,,11.112,18.52,,190,,,0,0,,,,,,0,og-post,,,,AAXX 16154 07591 24/// /1906 10111 20019 39087 48431 58012 700// 333 60007 90710 91110 555 60005=
07591,2009-04-16 16:00:00,11.6,,-1.4,51,1.8,,11.112,25.928,,190,,,0,,,,,,,0,og-post,,,,AAXX 16164 07591 24/// /1906 10116 20018 39084 48429 56014 700// 333 60005 90710 91114=
07591,2009-04-16 17:00:00,8.3,,-0.4,61,1.2,,14.816,31.484,,310,,,0,,,,,,,21,og-post,,,,AAXX 16174 07591 24/// /3108 10083 20012 39088 48426 55004 721// 333 60005 90710 91117=
07591,2009-04-16 18:00:00,7.7,,0.5,72,3,,3.704,18.52,,330,1.4,12.3,0,0,,16,,,,60,og-post,,,,AAXX 16184 07591 04/// /3302 10077 20030 39092 48429 53005 60162 760// 333 10123 20014 60007 90710 91110 555 60005=
07591,2009-04-16 19:00:00,5.2,,2.3,85,2.9,,18.52,42.596,,250,,,2,,,,,,,63,og-post,,,,AAXX 16194 07591 24/// /2510 10052 20029 39107 48437 53023 763// 333 60025 90710 91123=
07591,2009-04-16 20:00:00,3.8,,2.6,92,2.6,,14.816,31.484,,210,,,3,,,,,,,60,og-post,,,,AAXX 16204 07591 24/// /2108 10038 20026 39114 48441 53026 760// 333 60035 90710 91117=
07591,2009-04-16 21:00:00,2.8,,2.5,93,1.8,,7.408,29.632,,220,,,2,7,,,,,,61,og-post,,,,AAXX 16214 07591 24/// /2204 10028 20018 39117 48441 51025 761// 333 60077 90710 91116 555 60025=
07591,2009-04-16 22:00:00,2.7,,0.7,93,1.7,,3.704,11.112,,90,,,1,,,,,,,61,og-post,,,,AAXX 16224 07591 24/// /0902 10027 20017 39114 48438 50007 761// 333 60015 90710 91106=
07591,2009-04-16 23:00:00,2.4,,-0.3,94,1.5,,7.408,11.112,,20,,,0,,,,,,,0,og-post,,,,AAXX 16234 07591 24/// /0204 10024 20015 39111 48435 58003 700// 333 60005 90710 91106=
07591,2009-04-17 00:00:00,2.3,,-1.2,94,1.4,,3.704,7.408,,50,,,0,1,8,,,,,21,og-post,,,,AAXX 17004 07591 04/// /0502 10023 20014 39105 48430 58012 60081 721// 333 60017 90710 91104 555 60005=
07591,2009-04-17 01:00:00,1.9,,-0.8,95,1.2,,,7.408,,,,,0,,,,,,,0,og-post,,,,AAXX 17014 07591 24/// /0000 10019 20012 39106 48430 55008 700// 333 60005 90710 91104=
07591,2009-04-17 02:00:00,2.2,,-0.4,95,1.5,,3.704,7.408,,30,,,0,,,,,,,0,og-post,,,,AAXX 17024 07591 24/// /0302 10022 20015 39107 48431 55004 700// 333 60005 90710 91104=
07591,2009-04-17 03:00:00,2.5,,-0.1,95,1.8,,11.112,14.816,,50,,,0,0,,,,,,0,og-post,,,,AAXX 17034 07591 24/// /0506 10025 20018 39104 48429 58001 700// 333 60007 90710 91108 555 60005=
07591,2009-04-17 04:00:00,2.3,,-0.4,95,1.6,,7.408,11.112,,50,,,0.2,,,,,,,0,og-post,,,,AAXX 17044 07591 24/// /0504 10023 20016 39102 48427 58004 700// 333 69925 90710 91106=
07591,2009-04-17 05:00:00,1.7,,-0.4,95,1,,7.408,18.52,,50,,,0,,,,,,,0,og-post,,,,AAXX 17054 07591 24/// /0504 10017 20010 39103 48427 55004 700// 333 60005 90710 91110=
07591,2009-04-17 06:00:00,1.9,,0.4,95,1.2,,,18.52,,,1.7,7.7,0,0.2,,8,24.8,2.2,-1,0,og-post,,,,AAXX 17064 07591 04/// /0000 10019 20012 39108 48431 53004 60082 700// 333 10077 20017 3/101 55022 69927 70248 90710 91110 555 60005=
07591,2009-04-17 07:00:00,4.6,,0.7,93,3.6,,3.704,7.408,,80,,,0,,,,,,,0,og-post,,,,AAXX 17074 07591 24/// /0802 10046 20036 39109 48438 52007 700// 333 60005 90710 91104=
07591,2009-04-17 08:00:00,7.4,,0.7,74,3.1,,7.408,14.816,,40,,,0,,,,,,,0,og-post,,,,AAXX 17084 07591 24/// /0404 10074 20031 39110 48445 51007 700// 333 60005 90710 91108=
07591,2009-04-17 09:00:00,9.4,,0.2,61,2.3,,7.408,14.816,,230,,,0,0,,,,,,0,og-post,,,,AAXX 17094 07591 24/// /2304 10094 20023 39110 48448 51002 700// 333 60007 90710 91108 555 60005=
07591,2009-04-17 10:00:00,11.5,,-0.1,52,2,,7.408,22.224,,200,,,0,,,,,,,0,og-post,,,,AAXX 17104 07591 24/// /2004 10115 20020 39108 48451 58001 700// 333 60005 90710 91112=
07591,2009-04-17 11:00:00,12.9,,-0.5,50,2.7,,11.112,22.224,,200,,,0,,,,,,,0,og-post,,,,AAXX 17114 07591 24/// /2006 10129 20027 39105 48451 58005 700// 333 60005 90710 91112=
07591,2009-04-17 12:00:00,14.3,,-1,43,1.9,,7.408,18.52,,220,,,0,0,,,,,,0,og-post,,,,AAXX 17124 07591 04/// /2204 10143 20019 39100 48449 58010 60001 700// 333 60007 90710 91110 555 60005=
07591,2009-04-17 13:00:00,14.5,,-1.4,33,-1.6,,11.112,22.224,,230,,,0,,,,,,,0,og-post,,,,AAXX 17134 07591 24/// /2306 10145 21016 39094 48444 58014 700// 333 60005 90710 91112=
07591,2009-04-17 14:00:00,14.3,,-1.7,38,0.2,,14.816,25.928,,210,,,0,,,,,,,0,og-post,,,,AAXX 17144 07591 24/// /2108 10143 20002 39088 48438 58017 700// 333 60005 90710 91114=
07591,2009-04-17 15:00:00,12.7,,-1.4,42,0.1,,14.816,29.632,,280,,,0,0,,,,,,0,og-post,,,,AAXX 17154 07591 24/// /2808 10127 20001 39086 48433 56014 700// 333 60007 90710 91116 555 60005=
07591,2009-04-17 16:00:00,10.7,,0.4,47,-0.1,,18.52,31.484,,220,,,0,,,,,,,0,og-post,,,,AAXX 17164 07591 24/// /2210 10107 21001 39098 48440 53004 700// 333 60005 90710 91117=
07591,2009-04-17 17:00:00,7.1,,2.3,77,3.3,,11.112,38.892,,170,,,0.4,,,,,,,61,og-post,,,,AAXX 17174 07591 24/// /1706 10071 20033 39111 48445 53023 761// 333 69945 90710 91121=
07591,2009-04-17 18:00:00,7.1,,2.3,73,2.6,,11.112,22.224,,290,2,14.8,0,0.4,,0.4,,,,0,og-post,,,,AAXX 17184 07591 04/// /2906 10071 20026 39109 48443 50023 69942 700// 333 10148 20020 69947 90710 91112 555 60005=
07591,2009-04-17 19:00:00,6.5,,1.7,79,3.1,,7.408,18.52,,180,,,0,,,,,,,0,og-post,,,,AAXX 17194 07591 24/// /1804 10065 20031 39115 48447 51017 700// 333 60005 90710 91110=
07591,2009-04-17 20:00:00,6.3,,0.8,82,3.5,,11.112,18.52,,190,,,0,,,,,,,0,og-post,,,,AAXX 17204 07591 24/// /1906 10063 20035 39119 48450 53008 700// 333 60005 90710 91110=
07591,2009-04-17 21:00:00,5.9,,1.2,82,3.1,,7.408,14.816,,200,,,0,0,,,,,,0,og-post,,,,AAXX 17214 07591 24/// /2004 10059 20031 39121 48451 51012 700// 333 60007 90710 91108 555 60005=
07591,2009-04-17 22:00:00,5,,0.5,86,2.9,,3.704,7.408,,180,,,0,,,,,,,0,og-post,,,,AAXX 17224 07591 24/// /1802 10050 20029 39120 48448 50005 700// 333 60005 90710 91104=
07591,2009-04-17 23:00:00,3.9,,0.1,90,2.4,,3.704,7.408,,340,,,0,,,,,,,0,og-post,,,,AAXX 17234 07591 24/// /3402 10039 20024 39120 48446 51001 700// 333 60005 90710 91104=
07591,2009-04-18 00:00:00,2.9,,-0.2,92,1.7,,3.704,7.408,,60,,,0,0,,,,,,0,og-post,,,,AAXX 18004 07591 04/// /0602 10029 20017 39119 48443 57002 60001 700// 333 60007 90710 91104 555 60005=
07591,2009-04-18 01:00:00,2.2,,-0.3,93,1.2,,,3.704,,,,,0,,,,,,,0,og-post,,,,AAXX 18014 07591 24/// /0000 10022 20012 39117 48440 58003 700// 333 60005 90710 91102=
07591,2009-04-18 02:00:00,1.6,,-0.6,94,0.7,,3.704,7.408,,40,,,0,,,,,,,0,og-post,,,,AAXX 18024 07591 24/// /0402 10016 20007 39114 48436 58006 700// 333 60005 90710 91104=
07591,2009-04-18 03:00:00,1.6,,-0.6,94,0.7,,7.408,11.112,,20,,,0,0,,,,,,0,og-post,,,,AAXX 18034 07591 24/// /0204 10016 20007 39113 48435 56006 700// 333 60007 90710 91106 555 60005=
07591,2009-04-18 04:00:00,1,,-0.5,94,0.1,,,7.408,,,,,0,,,,,,,0,og-post,,,,AAXX 18044 07591 24/// /0000 10010 20001 39112 48433 56005 700// 333 60005 90710 91104=
07591,2009-04-18 05:00:00,0.4,,0.1,94,-0.5,,,7.408,,,,,0,,,,,,,0,og-post,,,,AAXX 18054 07591 24/// /0000 10004 21005 39115 48434 53001 700// 333 60005 90710 91104=
07591,2009-04-18 06:00:00,0.7,,0.5,95,0,,,3.704,,,0.3,7.1,0,0,,,0.4,8,-3,0,og-post,,,,AAXX 18064 07591 04/// /0000 10007 20000 39118 48438 53005 60002 700// 333 10071 20003 3/103 55080 60007 70004 90710 91102 555 60005=
07591,2009-04-18 07:00:00,4.1,,0.7,90,2.6,,,7.408,,,,,0.2,,,,,,,0,og-post,,,,AAXX 18074 07591 24/// /0000 10041 20026 39119 48446 51007 700// 333 69925 90710 91104=
07591,2009-04-18 08:00:00,7.3,,0.4,71,2.4,,3.704,11.112,,130,,,0,,,,,,,0,og-post,,,,AAXX 18084 07591 24/// /1302 10073 20024 39119 48452 51004 700// 333 60005 90710 91106=
07591,2009-04-18 09:00:00,9.9,,-0.2,59,2.3,,7.408,14.816,,160,,,0,0.2,,,,,,0,og-post,,,,AAXX 18094 07591 24/// /1604 10099 20023 39116 48455 58002 700// 333 69927 90710 91108 555 60005=
07591,2009-04-18 10:00:00,10.2,,-0.5,59,2.6,,7.408,18.52,,210,,,0,,,,,,,0,og-post,,,,AAXX 18104 07591 24/// /2104 10102 20026 39114 48454 58005 700// 333 60005 90710 91110=
07591,2009-04-18 11:00:00,11.6,,-1,48,1,,7.408,18.52,,220,,,0,,,,,,,0,og-post,,,,AAXX 18114 07591 24/// /2204 10116 20010 39109 48452 58010 700// 333 60005 90710 91110=
07591,2009-04-18 12:00:00,15.3,,-1.3,38,1.1,,11.112,25.928,,210,,,0,0,0.2,,,,,0,og-post,,,,AAXX 18124 07591 04/// /2106 10153 20011 39103 48454 58013 69921 700// 333 60007 90710 91114 555 60005=
07591,2009-04-18 13:00:00,15.7,,-1.6,35,0.3,,11.112,25.928,,220,,,0,,,,,,,0,og-post,,,,AAXX 18134 07591 24/// /2206 10157 20003 39098 48450 57016 700// 333 60005 90710 91114=
07591,2009-04-18 14:00:00,14.3,,-1.3,39,0.5,,18.52,31.484,,210,,,0,,,,,,,0,og-post,,,,AAXX 18144 07591 24/// /2110 10143 20005 39096 48445 56013 700// 333 60005 90710 91117=
07591,2009-04-18 15:00:00,12.6,,-0.3,49,2.2,,22.224,50.004,,230,,,0,0,,,,,,0,og-post,,,,AAXX 18154 07591 24/// /2312 10126 20022 39100 48446 55003 700// 333 60007 90710 91127 555 60005=
07591,2009-04-18 16:00:00,10.3,,1.1,59,2.7,,11.112,35.188,,330,,,0,,,,,,,60,og-post,,,,AAXX 18164 07591 24/// /3306 10103 20027 39109 48449 53011 760// 333 60005 90710 91119=
07591,2009-04-18 17:00:00,9.6,,1.9,63,2.9,,7.408,22.224,,160,,,0,,,,,,,21,og-post,,,,AAXX 18174 07591 24/// /1604 10096 20029 39115 48453 53019 721// 333 60005 90710 91112=
07591,2009-04-18 18:00:00,7.9,,2.3,78,4.3,,7.408,25.928,,200,0.6,16.2,0.2,0.2,,0.4,,,,61,og-post,,,,AAXX 18184 07591 04/// /2004 10079 20043 39123 48457 51023 69942 761// 333 10162 20006 69927 90710 91114 555 69925=
07591,2009-04-18 19:00:00,7,,2.1,79,3.6,,3.704,14.816,,220,,,0,,,,,,,21,og-post,,,,AAXX 18194 07591 24/// /2202 10070 20036 39130 48462 53021 721// 333 60005 90710 91108=
07591,2009-04-18 20:00:00,6.8,,2,80,3.6,,7.408,14.816,,190,,,0,,,,,,,0,og-post,,,,AAXX 18204 07591 24/// /1904 10068 20036 39135 48466 51020 700// 333 60005 90710 91108=
07591,2009-04-18 21:00:00,6.5,,1.5,85,4.2,,3.704,14.816,,200,,,0,0,,,,,,0,og-post,,,,AAXX 18214 07591 24/// /2002 10065 20042 39138 48468 51015 700// 333 60007 90710 91108 555 60005=
07591,2009-04-18 22:00:00,6,,0.8,86,3.8,,3.704,11.112,,210,,,0,,,,,,,0,og-post,,,,AAXX 18224 07591 24/// /2102 10060 20038 39138 48467 51008 700// 333 60005 90710 91106=
07591,2009-04-18 23:00:00,5.6,,0.4,89,3.9,,3.704,11.112,,200,,,0,,,,,,,0,og-post,,,,AAXX 18234 07591 24/// /2002 10056 20039 39139 48467 51004 700// 333 60005 90710 91106=
07591,2009-04-19 00:00:00,5.2,,0,89,3.5,,,7.408,,,,,0,0,,,,,,0,og-post,,,,AAXX 19004 07591 04/// /0000 10052 20035 39138 48465 50000 60001 700// 333 60007 90710 91104 555 60005=
07591,2009-04-19 01:00:00,5.1,,-0.3,90,3.6,,,3.704,,,,,0,,,,,,,0,og-post,,,,AAXX 19014 07591 24/// /0000 10051 20036 39135 48462 58003 700// 333 60005 90710 91102=
07591,2009-04-19 02:00:00,5,,-0.4,90,3.5,,,3.704,,,,,0,,,,,,,0,og-post,,,,AAXX 19024 07591 24/// /0000 10050 20035 39135 48462 56004 700// 333 60005 90710 91102=
07591,2009-04-19 03:00:00,4.9,,-0.4,92,3.7,,3.704,3.704,,160,,,0,0,,,,,,0,og-post,,,,AAXX 19034 07591 24/// /1602 10049 20037 39134 48461 56004 700// 333 60007 90710 91102 555 60005=
07591,2009-04-19 04:00:00,4.8,,-0.1,93,3.8,,3.704,3.704,,80,,,0.2,,,,,,,61,og-post,,,,AAXX 19044 07591 24/// /0802 10048 20038 39134 48461 57001 761// 333 69925 90710 91102=
07591,2009-04-19 05:00:00,4.6,,-0.1,94,3.7,,3.704,7.408,,10,,,0,,,,,,,21,og-post,,,,AAXX 19054 07591 24/// /0102 10046 20037 39134 48460 56001 721// 333 60005 90710 91104=
07591,2009-04-19 06:00:00,4.8,,0.4,94,3.9,,3.704,7.408,,160,4.6,7.9,0,0.2,,0.2,0.6,5.6,4,0,og-post,,,,AAXX 19064 07591 04/// /1602 10048 20039 39138 48464 53004 69922 700// 333 10079 20046 3/004 55056 69927 70006 90710 91104 555 60005=
07591,2009-04-19 07:00:00,6.6,,0.7,89,4.9,,3.704,7.408,,140,,,0,,,,,,,0,og-post,,,,AAXX 19074 07591 24/// /1402 10066 20049 39141 48471 53007 700// 333 60005 90710 91104=
07591,2009-04-19 08:00:00,9.5,,0.7,67,3.7,,11.112,14.816,,110,,,0,,,,,,,0,og-post,,,,AAXX 19084 07591 24/// /1106 10095 20037 39141 48477 51007 700// 333 60005 90710 91108=
07591,2009-04-19 09:00:00,11.8,,0.3,55,3.1,,7.408,18.52,,150,,,0,0,,,,,,0,og-post,,,,AAXX 19094 07591 24/// /1504 10118 20031 39141 48481 51003 700// 333 60007 90710 91110 555 60005=
07591,2009-04-19 10:00:00,12.2,,-0.1,55,3.4,,11.112,22.224,,220,,,0,,,,,,,0,og-post,,,,AAXX 19104 07591 24/// /2206 10122 20034 39140 48481 58001 700// 333 60005 90710 91112=
07591,2009-04-19 11:00:00,12.9,,-0.2,53,3.6,,11.112,25.928,,180,,,0,,,,,,,0,og-post,,,,AAXX 19114 07591 24/// /1806 10129 20036 39139 48482 58002 700// 333 60005 90710 91114=
07591,2009-04-19 12:00:00,13.4,,-0.3,50,3.2,,14.816,25.928,,210,,,0,0,,,,,,0,og-post,,,,AAXX 19124 07591 04/// /2108 10134 20032 39138 48482 57003 60001 700// 333 60007 90710 91114 555 60005=
07591,2009-04-19 13:00:00,13.3,,-0.3,51,3.4,,11.112,22.224,,210,,,0,,,,,,,0,og-post,,,,AAXX 19134 07591 24/// /2106 10133 20034 39137 48481 57003 700// 333 60005 90710 91112=
07591,2009-04-19 14:00:00,13.6,,-0.5,50,3.4,,11.112,22.224,,200,,,0,,,,,,,0,og-post,,,,AAXX 19144 07591 24/// /2006 10136 20034 39134 48479 58005 700// 333 60005 90710 91112=
07591,2009-04-19 15:00:00,14.7,,-0.4,47,3.5,,11.112,22.224,,210,,,0,0,,,,,,0,og-post,,,,AAXX 19154 07591 24/// /2106 10147 20035 39134 48481 56004 700// 333 60007 90710 91112 555 60005=
07591,2009-04-19 16:00:00,13.7,,-0.4,40,0.4,,29.632,53.708,53.708,30,,,0,,,,,,,0,og-post,,,,AAXX 19164 07591 24/// /0316 10137 20004 39133 48478 56004 700// 333 60005 91029 90710 91129=
07591,2009-04-19 17:00:00,13,,0.2,41,0.1,,31.484,46.3,,30,,,0,,,,,,,0,og-post,,,,AAXX 19174 07591 24/// /0317 10130 20001 39136 48479 53002 700// 333 60005 90710 91125=
07591,2009-04-19 18:00:00,12.1,,0.8,45,0.5,,22.224,42.596,,40,4.8,15.4,0,0,,,,,,0,og-post,,,,AAXX 19184 07591 04/// /0412 10121 20005 39142 48483 53008 60002 700// 333 10154 20048 60007 90710 91123 555 60005=
07591,2009-04-19 19:00:00,11.3,,1.9,47,0.4,,22.224,42.596,,60,,,0,,,,,,,0,og-post,,,,AAXX 19194 07591 24/// /0612 10113 20004 39152 48490 53019 700// 333 60005 90710 91123=
07591,2009-04-19 20:00:00,11,,2,47,0.1,,18.52,35.188,,50,,,0,,,,,,,0,og-post,,,,AAXX 19204 07591 24/// /0510 10110 20001 39156 48493 51020 700// 333 60005 90710 91119=
07591,2009-04-19 21:00:00,10.3,,1.4,51,0.6,,25.928,38.892,,350,,,0,0,,,,,,0,og-post,,,,AAXX 19214 07591 24/// /3514 10103 20006 39156 48491 51014 700// 333 60007 90710 91121 555 60005=
07591,2009-04-19 22:00:00,10.1,,0.5,52,0.7,,22.224,35.188,,360,,,0,,,,,,,0,og-post,,,,AAXX 19224 07591 24/// /3612 10101 20007 39157 48492 51005 700// 333 60005 90710 91119=
07591,2009-04-19 23:00:00,9.7,,0.2,54,0.9,,22.224,35.188,,10,,,0,,,,,,,0,og-post,,,,AAXX 19234 07591 24/// /0112 10097 20009 39158 48492 53002 700// 333 60005 90710 91119=
07591,2009-04-20 00:00:00,9.3,,0,56,1,,22.224,42.596,,10,,,0,0,,,,,,0,og-post,,,,AAXX 20004 07591 04/// /0112 10093 20010 39156 48489 50000 60001 700// 333 60007 90710 91123 555 60005=
07591,2009-04-20 01:00:00,8.6,,-0.4,60,1.3,,3.704,35.188,,90,,,0,,,,,,,0,og-post,,,,AAXX 20014 07591 24/// /0902 10086 20013 39153 48485 58004 700// 333 60005 90710 91119=
07591,2009-04-20 02:00:00,8.4,,-0.9,64,2,,18.52,29.632,,360,,,0,,,,,,,0,og-post,,,,AAXX 20024 07591 24/// /3610 10084 20020 39149 48481 58009 700// 333 60005 90710 91116=
07591,2009-04-20 03:00:00,7.7,,-0.7,68,2.2,,3.704,29.632,,140,,,0,0,,,,,,0,og-post,,,,AAXX 20034 07591 24/// /1402 10077 20022 39149 48480 56007 700// 333 60007 90710 91116 555 60005=
07591,2009-04-20 04:00:00,7.4,,-0.5,69,2.1,,11.112,22.224,,20,,,0,,,,,,,0,og-post,,,,AAXX 20044 07591 24/// /0206 10074 20021 39148 48478 56005 700// 333 60005 90710 91112=
07591,2009-04-20 05:00:00,7.3,,-0,69,2,,7.408,25.928,,40,,,0,,,,,,,0,og-post,,,,AAXX 20054 07591 24/// /0404 10073 20020 39149 48479 55000 700// 333 60005 90710 91114=
07591,2009-04-20 06:00:00,7.4,,0.1,69,2.1,,3.704,14.816,,80,6.8,12.1,0,0,,,0,5.4,3,0,og-post,,,,AAXX 20064 07591 04/// /0802 10074 20021 39150 48480 53001 60002 700// 333 10121 20068 3/003 55054 60007 70000 90710 91108 555 60005=
07591,2009-04-20 07:00:00,9.6,,0.2,67,3.8,,3.704,18.52,,90,,,0,,,,,,,0,og-post,,,,AAXX 20074 07591 24/// /0902 10096 20038 39150 48485 51002 700// 333 60005 90710 91110=
07591,2009-04-20 08:00:00,12.1,,-0.5,53,2.8,,29.632,50.004,50.004,20,,,0,,,,,,,0,og-post,,,,AAXX 20084 07591 24/// /0216 10121 20028 39144 48485 58005 700// 333 60005 91027 90710 91127=
07591,2009-04-20 09:00:00,13.5,,-0.6,45,1.8,,25.928,46.3,,30,,,0,0,,,,,,0,og-post,,,,AAXX 20094 07591 24/// /0314 10135 20018 39144 48488 57006 700// 333 60007 90710 91125 555 60005=
07591,2009-04-20 10:00:00,14.7,,-0.8,44,2.6,,29.632,50.004,,50,,,0,,,,,,,0,og-post,,,,AAXX 20104 07591 24/// /0516 10147 20026 39142 48488 56008 700// 333 60005 90710 91127=
07591,2009-04-20 11:00:00,15.5,,-0.2,40,2,,29.632,53.708,,50,,,0,,,,,,,0,og-post,,,,AAXX 20114 07591 24/// /0516 10155 20020 39142 48490 57002 700// 333 60005 90710 91129=
07591,2009-04-20 12:00:00,14.3,,0.5,44,2.2,,29.632,61.116,50.004,50,,,0,0,,,,,,0,og-post,,,,AAXX 20124 07591 04/// /0516 10143 20022 39149 48494 53005 60001 700// 333 60007 91027 90710 91133 555 60005=
07591,2009-04-20 13:00:00,12.5,,1.2,54,3.5,,25.928,53.708,,50,,,0,,,,,,,21,og-post,,,,AAXX 20134 07591 24/// /0514 10125 20035 39154 48495 53012 721// 333 60005 90710 91129=
07591,2009-04-20 14:00:00,14.3,,0.6,44,2.2,,35.188,57.412,57.412,30,,,0,,,,,,,0,og-post,,,,AAXX 20144 07591 24/// /0319 10143 20022 39148 48493 50006 700// 333 60005 91031 90710 91131=
07591,2009-04-20 15:00:00,14.5,,-0.2,41,1.4,,25.928,57.412,,50,,,0,0,,,,,,0,og-post,,,,AAXX 20154 07591 24/// /0514 10145 20014 39147 48492 58002 700// 333 60007 90710 91131 555 60005=
07591,2009-04-20 16:00:00,14.7,,-0.7,38,0.5,,29.632,68.524,,30,,,0,,,,,,,0,og-post,,,,AAXX 20164 07591 24/// /0316 10147 20005 39147 48493 56007 700// 333 60005 90710 91137=
07591,2009-04-20 17:00:00,14,,0.1,36,-0.8,,29.632,50.004,,30,,,0,,,,,,,0,og-post,,,,AAXX 20174 07591 24/// /0316 10140 21008 39149 48493 53001 700// 333 60005 90710 91127=
07591,2009-04-20 18:00:00,12.3,,0.7,41,-0.6,,18.52,42.596,,40,7.4,16.4,0,0,,,,,,0,og-post,,,,AAXX 20184 07591 04/// /0410 10123 21006 39154 48494 53007 60002 700// 333 10164 20074 60007 90710 91123 555 60005=
07591,2009-04-20 19:00:00,11.5,,1.1,45,0,,18.52,35.188,,10,,,0,,,,,,,0,og-post,,,,AAXX 20194 07591 24/// /0110 10115 20000 39158 48496 53011 700// 333 60005 90710 91119=
07591,2009-04-20 20:00:00,11,,1.1,48,0.4,,11.112,31.484,,350,,,0,,,,,,,0,og-post,,,,AAXX 20204 07591 24/// /3506 10110 20004 39160 48497 51011 700// 333 60005 90710 91117=
07591,2009-04-20 21:00:00,9.6,,1,54,0.8,,3.704,22.224,,160,,,0,0,,,,,,0,og-post,,,,AAXX 20214 07591 24/// /1602 10096 20008 39164 48497 52010 700// 333 60007 90710 91112 555 60005=
07591,2009-04-20 22:00:00,7.8,,0.8,81,4.7,,7.408,11.112,,220,,,0,,,,,,,0,og-post,,,,AAXX 20224 07591 24/// /2204 10078 20047 39166 48495 52008 700// 333 60005 90710 91106=
07591,2009-04-20 23:00:00,7,,0.4,81,4,,7.408,14.816,,190,,,0,,,,,,,0,og-post,,,,AAXX 20234 07591 24/// /1904 10070 20040 39164 48492 50004 700// 333 60005 90710 91108=
07591,2009-04-21 00:00:00,6.2,,-0.2,83,3.5,,7.408,14.816,,190,,,0,0,,,,,,0,og-post,,,,AAXX 21004 07591 04/// /1904 10062 20035 39162 48488 58002 60001 700// 333 60007 90710 91108 555 60005=
07591,2009-04-21 01:00:00,5.5,,-0.7,86,3.3,,3.704,14.816,,230,,,0,,,,,,,0,og-post,,,,AAXX 21014 07591 24/// /2302 10055 20033 39159 48484 58007 700// 333 60005 90710 91108=
07591,2009-04-21 02:00:00,4.7,,-0.7,91,3.4,,3.704,11.112,,210,,,0,,,,,,,0,og-post,,,,AAXX 21024 07591 24/// /2102 10047 20034 39157 48481 57007 700// 333 60005 90710 91106=
07591,2009-04-21 03:00:00,4.5,,-0.9,91,3.2,,,7.408,,,,,0,0,,,,,,0,og-post,,,,AAXX 21034 07591 24/// /0000 10045 20032 39153 48477 58009 700// 333 60007 90710 91104 555 60005=
07591,2009-04-21 04:00:00,4.2,,-0.6,93,3.2,,3.704,11.112,,300,,,0,,,,,,,0,og-post,,,,AAXX 21044 07591 24/// /3002 10042 20032 39153 48476 56006 700// 333 60005 90710 91106=
07591,2009-04-21 05:00:00,4.1,,-0.3,94,3.2,,3.704,7.408,,300,,,0,,,,,,,0,og-post,,,,AAXX 21054 07591 24/// /3002 10041 20032 39154 48477 55003 700// 333 60005 90710 91104=
07591,2009-04-21 06:00:00,4.9,,0.2,93,3.9,,3.704,7.408,,220,3.8,12.3,0,0,,,0,8.8,1,0,og-post,,,,AAXX 21064 07591 04/// /2202 10049 20039 39155 48479 53002 60002 700// 333 10123 20038 3/001 55088 60007 70000 90710 91104 555 60005=
07591,2009-04-21 07:00:00,5.6,,-0.1,90,4.1,,3.704,11.112,,200,,,0,,,,,,,0,og-post,,,,AAXX 21074 07591 24/// /2002 10056 20041 39152 48478 58001 700// 333 60005 90710 91106=
07591,2009-04-21 08:00:00,7,,-0.3,88,5.2,,7.408,14.816,,210,,,0,,,,,,,0,og-post,,,,AAXX 21084 07591 24/// /2104 10070 20052 39151 48480 58003 700// 333 60005 90710 91108=
07591,2009-04-21 09:00:00,9.4,,-0.8,75,5.2,,7.408,14.816,,210,,,0,0,,,,,,0,og-post,,,,AAXX 21094 07591 24/// /2104 10094 20052 39147 48482 58008 700// 333 60007 90710 91108 555 60005=
07591,2009-04-21 10:00:00,12,,-1.1,64,5.4,,3.704,14.816,,200,,,0,,,,,,,0,og-post,,,,AAXX 21104 07591 24/// /2002 10120 20054 39141 48482 58011 700// 333 60005 90710 91108=
07591,2009-04-21 11:00:00,16.9,,-1.7,47,5.5,,14.816,22.224,,220,,,0,,,,,,,0,og-post,,,,AAXX 21114 07591 24/// /2208 10169 20055 39134 48486 58017 700// 333 60005 90710 91112=
07591,2009-04-21 12:00:00,18.6,,-1.7,37,3.6,,11.112,22.224,,200,,,0,0,,,,,,0,og-post,,,,AAXX 21124 07591 04/// /2006 10186 20036 39130 48486 56017 60001 700// 333 60007 90710 91112 555 60005=
07591,2009-04-21 13:00:00,18.9,,-1.1,31,1.4,,18.52,38.892,,50,,,0,,,,,,,0,og-post,,,,AAXX 21134 07591 24/// /0510 10189 20014 39130 48486 56011 700// 333 60005 90710 91121=
07591,2009-04-21 14:00:00,18.1,,-0.2,36,2.8,,25.928,42.596,,30,,,0,,,,,,,0,og-post,,,,AAXX 21144 07591 24/// /0314 10181 20028 39132 48487 55002 700// 333 60005 90710 91123=
07591,2009-04-21 15:00:00,17.9,,0.4,33,1.4,,29.632,50.004,,30,,,0,0,,,,,,0,og-post,,,,AAXX 21154 07591 24/// /0316 10179 20014 39134 48488 53004 700// 333 60007 90710 91127 555 60005=
07591,2009-04-21 16:00:00,16.8,,0.5,36,1.7,,25.928,50.004,,50,,,0,,,,,,,0,og-post,,,,AAXX 21164 07591 24/// /0514 10168 20017 39135 48486 51005 700// 333 60005 90710 91127=
07591,2009-04-21 17:00:00,16.3,,0.7,39,2.3,,29.632,46.3,,30,,,0,,,,,,,0,og-post,,,,AAXX 21174 07591 24/// /0316 10163 20023 39139 48489 53007 700// 333 60005 90710 91125=
07591,2009-04-21 18:00:00,14.5,,1.1,45,2.7,,14.816,35.188,,360,4.6,19.6,0,0,,,,,,0,og-post,,,,AAXX 21184 07591 04/// /3608 10145 20027 39145 48491 53011 60002 700// 333 10196 20046 60007 90710 91119 555 60005=
07591,2009-04-21 19:00:00,12.7,,1.7,51,2.8,,7.408,22.224,,20,,,0,,,,,,,0,og-post,,,,AAXX 21194 07591 24/// /0204 10127 20028 39152 48493 53017 700// 333 60005 90710 91112=
07591,2009-04-21 20:00:00,11.2,,1.5,57,3,,3.704,11.112,,300,,,0,,,,,,,0,og-post,,,,AAXX 21204 07591 24/// /3002 10112 20030 39154 48492 51015 700// 333 60005 90710 91106=
07591,2009-04-21 21:00:00,10.2,,1.1,62,3.3,,,7.408,,,,,0,0,,,,,,0,og-post,,,,AAXX 21214 07591 24/// /0000 10102 20033 39156 48492 51011 700// 333 60007 90710 91104 555 60005=
07591,2009-04-21 22:00:00,9.9,,0.5,64,3.4,,7.408,11.112,,190,,,0,,,,,,,0,og-post,,,,AAXX 21224 07591 24/// /1904 10099 20034 39157 48492 51005 700// 333 60005 90710 91106=
07591,2009-04-21 23:00:00,9.1,,0.3,68,3.5,,,7.408,,,,,0,,,,,,,0,og-post,,,,AAXX 21234 07591 24/// /0000 10091 20035 39157 48490 51003 700// 333 60005 90710 91104=
07591,2009-04-22 00:00:00,8.2,,0.2,73,3.7,,3.704,7.408,,70,,,0,0,,,,,,0,og-post,,,,AAXX 22004 07591 04/// /0702 10082 20037 39158 48489 52002 60001 700// 333 60007 90710 91104 555 60005=
07591,2009-04-22 01:00:00,8,,0.1,73,3.5,,3.704,7.408,,50,,,0,,,,,,,0,og-post,,,,AAXX 22014 07591 24/// /0502 10080 20035 39158 48489 52001 700// 333 60005 90710 91104=
07591,2009-04-22 02:00:00,7.5,,0.3,76,3.6,,3.704,7.408,,110,,,0,,,,,,,0,og-post,,,,AAXX 22024 07591 24/// /1102 10075 20036 39160 48489 53003 700// 333 60005 90710 91104=
07591,2009-04-22 03:00:00,6.7,,0.1,81,3.7,,3.704,11.112,,230,,,0,0,,,,,,0,og-post,,,,AAXX 22034 07591 24/// /2302 10067 20037 39159 48487 50001 700// 333 60007 90710 91106 555 60005=
07591,2009-04-22 04:00:00,5.7,,0.3,86,3.5,,3.704,7.408,,10,,,0,,,,,,,0,og-post,,,,AAXX 22044 07591 24/// /0102 10057 20035 39161 48486 52003 700// 333 60005 90710 91104=
07591,2009-04-22 05:00:00,5.9,,0.2,84,3.4,,7.408,14.816,,40,,,0,,,,,,,0,og-post,,,,AAXX 22054 07591 24/// /0404 10059 20034 39162 48488 53002 700// 333 60005 90710 91108=
07591,2009-04-22 06:00:00,5.5,,0.6,87,3.5,,3.704,11.112,,290,5.2,14.4,0,0,,,0,5.9,2,0,og-post,,,,AAXX 22064 07591 04/// /2902 10055 20035 39165 48489 53006 60002 700// 333 10144 20052 3/002 55059 60007 70000 90710 91106 555 60005=
07591,2009-04-22 07:00:00,9,,0.3,73,4.4,,3.704,11.112,,210,,,0,,,,,,,0,og-post,,,,AAXX 22074 07591 24/// /2102 10090 20044 39164 48496 50003 700// 333 60005 90710 91106=
07591,2009-04-22 08:00:00,12.2,,0,63,5.4,,7.408,11.112,,170,,,0,,,,,,,0,og-post,,,,AAXX 22084 07591 24/// /1704 10122 20054 39162 48502 50000 700// 333 60005 90710 91106=
07591,2009-04-22 09:00:00,14.5,,-0.5,52,4.8,,7.408,14.816,,210,,,0,0,,,,,,0,og-post,,,,AAXX 22094 07591 24/// /2104 10145 20048 39160 48505 58005 700// 333 60007 90710 91108 555 60005=
07591,2009-04-22 10:00:00,17,,-1,43,4.3,,7.408,18.52,,220,,,0,,,,,,,0,og-post,,,,AAXX 22104 07591 24/// /2204 10170 20043 39154 48505 58010 700// 333 60005 90710 91110=
07591,2009-04-22 11:00:00,19.3,,-1.4,41,5.7,,7.408,18.52,,220,,,0,,,,,,,0,og-post,,,,AAXX 22114 07591 24/// /2204 10193 20057 39148 48504 58014 700// 333 60005 90710 91110=
07591,2009-04-22 12:00:00,20.9,,-1.8,25,0.2,,14.816,29.632,,30,,,0,0,,,,,,0,og-post,,,,AAXX 22124 07591 04/// /0308 10209 20002 39142 48501 57018 60001 700// 333 60007 90710 91116 555 60005=
07591,2009-04-22 13:00:00,21.3,,-1.5,32,4,,11.112,25.928,,210,,,0,,,,,,,0,og-post,,,,AAXX 22134 07591 24/// /2106 10213 20040 39139 48500 56015 700// 333 60005 90710 91114=
07591,2009-04-22 14:00:00,22.4,,-1.4,29,3.5,,18.52,31.484,,240,,,0,,,,,,,0,og-post,,,,AAXX 22144 07591 24/// /2410 10224 20035 39134 48497 56014 700// 333 60005 90710 91117=
07591,2009-04-22 15:00:00,21.9,,-1,26,1.5,,18.52,31.484,,240,,,0,0,,,,,,0,og-post,,,,AAXX 22154 07591 24/// /2410 10219 20015 39132 48494 56010 700// 333 60007 90710 91117 555 60005=
07591,2009-04-22 16:00:00,21.4,,-0.5,33,4.5,,14.816,29.632,,220,,,0,,,,,,,0,og-post,,,,AAXX 22164 07591 24/// /2208 10214 20045 39134 48496 55005 700// 333 60005 90710 91116=
07591,2009-04-22 17:00:00,20.2,,0.2,36,4.7,,14.816,31.484,,220,,,0,,,,,,,0,og-post,,,,AAXX 22174 07591 24/// /2208 10202 20047 39136 48495 53002 700// 333 60005 90710 91117=
07591,2009-04-22 18:00:00,17,,0.8,40,3.3,,7.408,22.224,,10,5.5,22.5,0,0,,,,,,0,og-post,,,,AAXX 22184 07591 04/// /0104 10170 20033 39140 48492 53008 60002 700// 333 10225 20055 60007 90710 91112 555 60005=
07591,2009-04-22 19:00:00,15,,1.5,50,4.7,,3.704,14.816,,320,,,0,,,,,,,0,og-post,,,,AAXX 22194 07591 24/// /3202 10150 20047 39149 48496 53015 700// 333 60005 90710 91108=
07591,2009-04-22 20:00:00,13.3,,2.1,53,3.9,,3.704,14.816,,190,,,0,,,,,,,0,og-post,,,,AAXX 22204 07591 24/// /1902 10133 20039 39157 48499 53021 700// 333 60005 90710 91108=
07591,2009-04-22 21:00:00,11.5,,1.9,57,3.3,,3.704,11.112,,100,,,0,0,,,,,,0,og-post,,,,AAXX 22214 07591 24/// /1002 10115 20033 39159 48497 51019 700// 333 60007 90710 91106 555 60005=
07591,2009-04-22 22:00:00,10.1,,1.4,64,3.6,,3.704,7.408,,300,,,0,,,,,,,0,og-post,,,,AAXX 22224 07591 24/// /3002 10101 20036 39163 48498 51014 700// 333 60005 90710 91104=
07591,2009-04-22 23:00:00,9.2,,0.7,62,2.3,,3.704,7.408,,20,,,0,,,,,,,0,og-post,,,,AAXX 22234 07591 24/// /0202 10092 20023 39164 48496 51007 700// 333 60005 90710 91104=
07591,2009-04-23 00:00:00,8.5,,0.6,65,2.3,,3.704,14.816,,310,,,0,0,,,,,,0,og-post,,,,AAXX 23004 07591 04/// /3102 10085 20023 39165 48496 51006 60001 700// 333 60007 90710 91108 555 60005=
07591,2009-04-23 01:00:00,7.5,,0.2,67,1.8,,7.408,7.408,,10,,,0,,,,,,,0,og-post,,,,AAXX 23014 07591 24/// /0104 10075 20018 39165 48494 51002 700// 333 60005 90710 91104=
07591,2009-04-23 02:00:00,6.9,,0.1,72,2.2,,3.704,7.408,,300,,,0,,,,,,,0,og-post,,,,AAXX 23024 07591 24/// /3002 10069 20022 39165 48492 51001 700// 333 60005 90710 91104=
07591,2009-04-23 03:00:00,6.4,,-0.1,76,2.5,,3.704,11.112,,240,,,0,0,,,,,,0,og-post,,,,AAXX 23034 07591 24/// /2402 10064 20025 39164 48490 58001 700// 333 60007 90710 91106 555 60005=
07591,2009-04-23 04:00:00,5.4,,-0.5,77,1.7,,3.704,11.112,,300,,,0,,,,,,,0,og-post,,,,AAXX 23044 07591 24/// /3002 10054 20017 39160 48484 58005 700// 333 60005 90710 91106=
07591,2009-04-23 05:00:00,4.3,,-0.5,80,1.2,,3.704,7.408,,30,,,0,,,,,,,0,og-post,,,,AAXX 23054 07591 24/// /0302 10043 20012 39160 48482 56005 700// 333 60005 90710 91104=
07591,2009-04-23 06:00:00,4.5,,-0.3,78,1,,3.704,7.408,,360,4.1,16.9,0,0,,,0,11.1,-1,0,og-post,,,,AAXX 23064 07591 04/// /3602 10045 20010 39161 48483 55003 60002 700// 333 10169 20041 3/101 55111 60007 70000 90710 91104 555 60005=
07591,2009-04-23 07:00:00,9.5,,-0.3,64,3,,7.408,14.816,,100,,,0,,,,,,,0,og-post,,,,AAXX 23074 07591 24/// /1004 10095 20030 39157 48491 58003 700// 333 60005 90710 91108=
07591,2009-04-23 08:00:00,12.3,,-0.8,49,1.9,,7.408,14.816,,190,,,0,,,,,,,0,og-post,,,,AAXX 23084 07591 24/// /1904 10123 20019 39152 48492 58008 700// 333 60005 90710 91108=
07591,2009-04-23 09:00:00,14.6,,-1.4,48,3.7,,7.408,18.52,,220,,,0,0,,,,,,0,og-post,,,,AAXX 23094 07591 24/// /2204 10146 20037 39147 48493 58014 700// 333 60007 90710 91110 555 60005=
07591,2009-04-23 10:00:00,17.4,,-1.8,40,3.7,,11.112,22.224,,210,,,0,,,,,,,0,og-post,,,,AAXX 23104 07591 24/// /2106 10174 20037 39139 48492 58018 700// 333 60005 90710 91112=
07591,2009-04-23 11:00:00,19.2,,-1.9,25,-1.3,,18.52,29.632,,220,,,0,,,,,,,0,og-post,,,,AAXX 23114 07591 24/// /2210 10192 21013 39133 48489 58019 700// 333 60005 90710 91116=
07591,2009-04-23 12:00:00,20.3,,-2.1,23,-1.5,,18.52,35.188,,230,,,0,0,,,,,,0,og-post,,,,AAXX 23124 07591 04/// /2310 10203 21015 39126 48485 56021 60001 700// 333 60007 90710 91119 555 60005=
07591,2009-04-23 13:00:00,20.5,,-1.7,19,-3.9,,18.52,35.188,,260,,,0,,,,,,,0,og-post,,,,AAXX 23134 07591 24/// /2610 10205 21039 39122 48481 56017 700// 333 60005 90710 91119=
07591,2009-04-23 14:00:00,20.3,,-1.7,17,-5.5,,25.928,46.3,,40,,,0,,,,,,,0,og-post,,,,AAXX 23144 07591 24/// /0414 10203 21055 39116 48475 56017 700// 333 60005 90710 91125=
07591,2009-04-23 15:00:00,20.3,,-1.6,13,-9,,25.928,50.004,,30,,,0,0,,,,,,0,og-post,,,,AAXX 23154 07591 24/// /0314 10203 21090 39110 48470 58016 700// 333 60007 90710 91127 555 60005=
07591,2009-04-23 16:00:00,19.5,,-1.5,12,-10.6,,22.224,46.3,,30,,,0,,,,,,,0,og-post,,,,AAXX 23164 07591 24/// /0312 10195 21106 39107 48465 56015 700// 333 60005 90710 91125=
07591,2009-04-23 17:00:00,17.9,,-0.6,12,-11.9,,29.632,57.412,57.412,40,,,0,,,,,,,0,og-post,,,,AAXX 23174 07591 24/// /0416 10179 21119 39110 48465 55006 700// 333 60005 91031 90710 91131=
07591,2009-04-23 18:00:00,15.8,,0.5,15,-10.7,,25.928,53.708,,30,4.5,21.1,0,0,,,,,,0,og-post,,,,AAXX 23184 07591 04/// /0314 10158 21107 39115 48465 53005 60002 700// 333 10211 20045 60007 90710 91129 555 60005=
07591,2009-04-23 19:00:00,14.1,,1.8,19,-9.1,,14.816,38.892,,20,,,0,,,,,,,0,og-post,,,,AAXX 23194 07591 24/// /0208 10141 21091 39125 48471 53018 700// 333 60005 90710 91121=
07591,2009-04-23 20:00:00,13.3,,2.2,23,-7.4,,7.408,25.928,,10,,,0,,,,,,,0,og-post,,,,AAXX 23204 07591 24/// /0104 10133 21074 39132 48475 53022 700// 333 60005 90710 91114=
07591,2009-04-23 21:00:00,12.8,,1.8,26,-6.2,,18.52,35.188,,350,,,0,0,,,,,,0,og-post,,,,AAXX 23214 07591 24/// /3510 10128 21062 39133 48475 51018 700// 333 60007 90710 91119 555 60005=
07591,2009-04-23 22:00:00,12.1,,0.8,29,-5.4,,25.928,38.892,,360,,,0,,,,,,,0,og-post,,,,AAXX 23224 07591 24/// /3614 10121 21054 39133 48474 51008 700// 333 60005 90710 91121=
07591,2009-04-23 23:00:00,10.7,,0.6,35,-4.1,,14.816,38.892,,20,,,0,,,,,,,0,og-post,,,,AAXX 23234 07591 24/// /0208 10107 21041 39138 48476 53006 700// 333 60005 90710 91121=
07591,2009-04-24 00:00:00,10.1,,0.6,39,-3.2,,14.816,31.484,,30,,,0,0,,,,,,0,og-post,,,,AAXX 24004 07591 04/// /0308 10101 21032 39139 48475 53006 60001 700// 333 60007 90710 91117 555 60005=
07591,2009-04-24 01:00:00,8.3,,0.8,45,-2.9,,3.704,25.928,,100,,,0,,,,,,,0,og-post,,,,AAXX 24014 07591 24/// /1002 10083 21029 39141 48473 51008 700// 333 60005 90710 91114=
07591,2009-04-24 02:00:00,6.8,,0.4,49,-3.1,,3.704,14.816,,80,,,0,,,,,,,0,og-post,,,,AAXX 24024 07591 24/// /0802 10068 21031 39142 48471 52004 700// 333 60005 90710 91108=
07591,2009-04-24 03:00:00,5.8,,0.3,55,-2.5,,3.704,7.408,,220,,,0,0,,,,,,0,og-post,,,,AAXX 24034 07591 24/// /2202 10058 21025 39142 48469 51003 700// 333 60007 90710 91104 555 60005=
07591,2009-04-24 04:00:00,4.6,,0.2,65,-1.4,,3.704,7.408,,40,,,0,,,,,,,0,og-post,,,,AAXX 24044 07591 24/// /0402 10046 21014 39143 48467 52002 700// 333 60005 90710 91104=
07591,2009-04-24 05:00:00,6.1,,0.1,59,-1.3,,14.816,22.224,,30,,,0,,,,,,,0,og-post,,,,AAXX 24054 07591 24/// /0308 10061 21013 39143 48471 52001 700// 333 60005 90710 91112=
07591,2009-04-24 06:00:00,6.4,,0.3,58,-1.2,,14.816,22.224,,30,4.3,15.7,0,0,,,0,10.9,-1,0,og-post,,,,AAXX 24064 07591 04/// /0308 10064 21012 39145 48473 53003 60002 700// 333 10157 20043 3/101 55109 60007 70000 90710 91112 555 60005=
07591,2009-04-24 07:00:00,8,,0.4,57,0,,7.408,22.224,,60,,,0,,,,,,,0,og-post,,,,AAXX 24074 07591 24/// /0604 10080 20000 39147 48478 53004 700// 333 60005 90710 91112=
07591,2009-04-24 08:00:00,9.1,,0.4,53,0,,3.704,14.816,,240,,,0,,,,,,,0,og-post,,,,AAXX 24084 07591 24/// /2402 10091 20000 39147 48481 51004 700// 333 60005 90710 91108=
07591,2009-04-24 09:00:00,10.9,,0.1,47,0,,7.408,14.816,,210,,,0,0,,,,,,0,og-post,,,,AAXX 24094 07591 24/// /2104 10109 20000 39146 48484 50001 700// 333 60007 90710 91108 555 60005=
07591,2009-04-24 10:00:00,13.3,,-0.6,47,2.2,,11.112,18.52,,170,,,0,,,,,,,0,og-post,,,,AAXX 24104 07591 24/// /1706 10133 20022 39141 48485 58006 700// 333 60005 90710 91110=
07591,2009-04-24 11:00:00,14.3,,-0.8,39,0.5,,18.52,35.188,,230,,,0,,,,,,,0,og-post,,,,AAXX 24114 07591 24/// /2310 10143 20005 39139 48485 58008 700// 333 60005 90710 91119=
07591,2009-04-24 12:00:00,14.9,,-1.2,32,-1.6,,14.816,31.484,,240,,,0,0,,,,,,0,og-post,,,,AAXX 24124 07591 04/// /2408 10149 21016 39134 48481 57012 60001 700// 333 60007 90710 91117 555 60005=
07591,2009-04-24 13:00:00,16.1,,-0.9,31,-1,,14.816,29.632,,240,,,0,,,,,,,0,og-post,,,,AAXX 24134 07591 24/// /2408 10161 21010 39132 48482 57009 700// 333 60005 90710 91116=
07591,2009-04-24 14:00:00,14.1,,-0.5,44,2,,14.816,31.484,,260,,,0,,,,,,,60,og-post,,,,AAXX 24144 07591 24/// /2608 10141 20020 39134 48480 55005 760// 333 60005 90710 91117=
07591,2009-04-24 15:00:00,11.2,,-0,60,3.7,,29.632,53.708,53.708,100,,,0.2,0.2,,,,,,60,og-post,,,,AAXX 24154 07591 24/// /1016 10112 20037 39134 48474 55000 760// 333 69927 91029 90710 91129 555 69925=
07591,2009-04-24 16:00:00,9,,0.5,75,4.8,,18.52,50.004,,100,,,3,,,,,,,61,og-post,,,,AAXX 24164 07591 24/// /1010 10090 20048 39137 48472 53005 761// 333 60035 90710 91127=
07591,2009-04-24 17:00:00,9.2,,0.9,79,5.8,,7.408,35.188,,100,,,0.2,,,,,,,61,og-post,,,,AAXX 24174 07591 24/// /1004 10092 20058 39143 48478 53009 761// 333 69925 90710 91119=
07591,2009-04-24 18:00:00,8.9,,1.1,79,5.5,,11.112,29.632,,360,6.4,16.5,1,4,,4,,,,61,og-post,,,,AAXX 24184 07591 04/// /3606 10089 20055 39145 48479 51011 60042 761// 333 10165 20064 60047 90710 91116 555 60015=
07591,2009-04-24 19:00:00,8.1,,1.6,76,4.1,,22.224,31.484,,10,,,0.8,,,,,,,21,og-post,,,,AAXX 24194 07591 24/// /0112 10081 20041 39153 48484 53016 721// 333 69985 90710 91117=
07591,2009-04-24 20:00:00,7.3,,1.6,80,4.1,,25.928,42.596,,10,,,0,,,,,,,21,og-post,,,,AAXX 24204 07591 24/// /0114 10073 20041 39159 48488 53016 721// 333 60005 90710 91123=
07591,2009-04-24 21:00:00,7.2,,1.8,76,3.3,,22.224,38.892,,10,,,0,0.8,,,,,,0,og-post,,,,AAXX 24214 07591 24/// /0112 10072 20033 39163 48491 51018 700// 333 69987 90710 91121 555 60005=
07591,2009-04-24 22:00:00,6.8,,1.3,78,3.2,,11.112,29.632,,40,,,0,,,,,,,0,og-post,,,,AAXX 24224 07591 24/// /0406 10068 20032 39166 48493 51013 700// 333 60005 90710 91116=
07591,2009-04-24 23:00:00,6.3,,0.7,79,2.9,,11.112,25.928,,30,,,0,,,,,,,0,og-post,,,,AAXX 24234 07591 24/// /0306 10063 20029 39166 48492 51007 700// 333 60005 90710 91114=
07591,2009-04-25 00:00:00,6.2,,0.1,78,2.7,,14.816,22.224,,30,,,0,0,0.8,,,,,0,og-post,,,,AAXX 25004 07591 04/// /0308 10062 20027 39164 48490 50001 69981 700// 333 60007 90710 91112 555 60005=
07591,2009-04-25 01:00:00,5.3,,-0.4,82,2.5,,11.112,22.224,,50,,,0,,,,,,,0,og-post,,,,AAXX 25014 07591 24/// /0506 10053 20025 39162 48486 58004 700// 333 60005 90710 91112=
07591,2009-04-25 02:00:00,5.7,,-0.5,75,1.6,,14.816,25.928,,20,,,0,,,,,,,0,og-post,,,,AAXX 25024 07591 24/// /0208 10057 20016 39161 48486 56005 700// 333 60005 90710 91114=
07591,2009-04-25 03:00:00,4.8,,-0.2,80,1.6,,11.112,25.928,,40,,,0,0,,,,,,0,og-post,,,,AAXX 25034 07591 24/// /0406 10048 20016 39162 48485 55002 700// 333 60007 90710 91114 555 60005=
07591,2009-04-25 04:00:00,5.2,,-0.4,76,1.3,,11.112,22.224,,60,,,0,,,,,,,0,og-post,,,,AAXX 25044 07591 24/// /0606 10052 20013 39158 48482 58004 700// 333 60005 90710 91112=
07591,2009-04-25 05:00:00,6.1,,-0.4,69,0.9,,18.52,29.632,,30,,,0,,,,,,,0,og-post,,,,AAXX 25054 07591 24/// /0310 10061 20009 39157 48483 58004 700// 333 60005 90710 91116=
07591,2009-04-25 06:00:00,6.6,,-0.2,70,1.5,,11.112,35.188,,40,4.7,8.8,0,0,,0.8,5.2,2.7,1,0,og-post,,,,AAXX 25064 07591 04/// /0406 10066 20015 39160 48487 55002 69982 700// 333 10088 20047 3/001 55027 60007 70052 90710 91119 555 60005=
07591,2009-04-25 07:00:00,10,,0.1,55,1.4,,25.928,50.004,,30,,,0,,,,,,,0,og-post,,,,AAXX 25074 07591 24/// /0314 10100 20014 39159 48494 52001 700// 333 60005 90710 91127=
07591,2009-04-25 08:00:00,11.6,,-0.4,49,1.3,,29.632,57.412,,30,,,0,,,,,,,0,og-post,,,,AAXX 25084 07591 24/// /0316 10116 20013 39153 48492 58004 700// 333 60005 90710 91131=
07591,2009-04-25 09:00:00,12.6,,-0.7,44,0.7,,31.484,50.004,,30,,,0,0,,,,,,0,og-post,,,,AAXX 25094 07591 24/// /0317 10126 20007 39153 48494 56007 700// 333 60007 90710 91127 555 60005=
07591,2009-04-25 10:00:00,14.2,,-0.9,41,1.2,,29.632,46.3,,30,,,0,,,,,,,0,og-post,,,,AAXX 25104 07591 24/// /0316 10142 20012 39150 48495 56009 700// 333 60005 90710 91125=
07591,2009-04-25 11:00:00,15.8,,-0.9,34,0,,25.928,50.004,,30,,,0,,,,,,,0,og-post,,,,AAXX 25114 07591 24/// /0314 10158 20000 39144 48492 58009 700// 333 60005 90710 91127=
07591,2009-04-25 12:00:00,16.9,,-1.5,34,1,,22.224,35.188,,20,,,0,0,,,,,,0,og-post,,,,AAXX 25124 07591 04/// /0212 10169 20010 39138 48489 58015 60001 700// 333 60007 90710 91119 555 60005=
07591,2009-04-25 13:00:00,18.1,,-1.6,29,-0.2,,22.224,31.484,,30,,,0,,,,,,,0,og-post,,,,AAXX 25134 07591 24/// /0312 10181 21002 39134 48488 56016 700// 333 60005 90710 91117=
07591,2009-04-25 14:00:00,19.6,,-1.6,25,-0.9,,14.816,29.632,,10,,,0,,,,,,,0,og-post,,,,AAXX 25144 07591 24/// /0108 10196 21009 39128 48485 57016 700// 333 60005 90710 91116=
07591,2009-04-25 15:00:00,19.5,,-1.5,26,-0.5,,14.816,29.632,,20,,,0,0,,,,,,0,og-post,,,,AAXX 25154 07591 24/// /0208 10195 21005 39123 48481 58015 700// 333 60007 90710 91116 555 60005=
07591,2009-04-25 16:00:00,17.2,,-1.4,32,0.4,,25.928,38.892,,10,,,0,,,,,,,0,og-post,,,,AAXX 25164 07591 24/// /0114 10172 20004 39120 48473 56014 700// 333 60005 90710 91121=
07591,2009-04-25 17:00:00,16.2,,-0.6,35,0.7,,25.928,42.596,,20,,,0,,,,,,,0,og-post,,,,AAXX 25174 07591 24/// /0214 10162 20007 39122 48473 55006 700// 333 60005 90710 91123=
07591,2009-04-25 18:00:00,14.3,,0.4,40,0.9,,29.632,42.596,,10,6.6,20.1,0,0,,,,,,0,og-post,,,,AAXX 25184 07591 04/// /0116 10143 20009 39127 48474 53004 60002 700// 333 10201 20066 60007 90710 91123 555 60005=
07591,2009-04-25 19:00:00,13.1,,1.4,42,0.5,,31.484,61.116,53.708,10,,,0,,,,,,,0,og-post,,,,AAXX 25194 07591 24/// /0117 10131 20005 39134 48478 53014 700// 333 60005 91029 90710 91133=
07591,2009-04-25 20:00:00,12.5,,1.9,43,0.3,,31.484,53.708,53.708,360,,,0,,,,,,,0,og-post,,,,AAXX 25204 07591 24/// /3617 10125 20003 39141 48483 53019 700// 333 60005 91029 90710 91129=
07591,2009-04-25 21:00:00,12.5,,1.7,42,0,,38.892,64.82,,10,,,0,0,,,,,,0,og-post,,,,AAXX 25214 07591 24/// /0121 10125 20000 39144 48485 51017 700// 333 60007 90710 91135 555 60005=
07591,2009-04-25 22:00:00,11.5,,1.5,48,0.9,,29.632,61.116,50.004,10,,,0,,,,,,,61,og-post,,,,AAXX 25224 07591 24/// /0116 10115 20009 39149 48488 51015 761// 333 60005 91027 90710 91133=
07591,2009-04-25 23:00:00,10.8,,0.7,55,2.1,,29.632,57.412,,20,,,0,,,,,,,0,og-post,,,,AAXX 25234 07591 24/// /0216 10108 20021 39148 48486 50007 700// 333 60005 90710 91131=
07591,2009-04-26 00:00:00,9.9,,-0.3,59,2.3,,35.188,57.412,57.412,10,,,0,0,,,,,,0,og-post,,,,AAXX 26004 07591 04/// /0119 10099 20023 39141 48477 58003 60001 700// 333 60007 91031 90710 91131 555 60005=
07591,2009-04-26 01:00:00,9.1,,-1.4,63,2.4,,38.892,61.116,61.116,360,,,0,,,,,,,0,og-post,,,,AAXX 26014 07591 24/// /3621 10091 20024 39135 48470 58014 700// 333 60005 91033 90710 91133=
07591,2009-04-26 02:00:00,8,,-1,75,3.8,,35.188,57.412,,360,,,0,,,,,,,61,og-post,,,,AAXX 26024 07591 24/// /3619 10080 20038 39138 48471 55010 761// 333 60005 90710 91131=
07591,2009-04-26 03:00:00,7.1,,-0.8,80,3.9,,38.892,61.116,61.116,10,,,0.6,0.6,,,,,,61,og-post,,,,AAXX 26034 07591 24/// /0121 10071 20039 39133 48465 56008 761// 333 69967 91033 90710 91133 555 69965=
07591,2009-04-26 04:00:00,6.7,,0,83,4,,35.188,57.412,57.412,360,,,0.4,,,,,,,60,og-post,,,,AAXX 26044 07591 24/// /3619 10067 20040 39135 48465 50000 760// 333 69945 91031 90710 91131=
07591,2009-04-26 05:00:00,6.8,,-1.1,79,3.4,,42.596,64.82,64.82,360,,,0.6,,,,,,,21,og-post,,,,AAXX 26054 07591 24/// /3623 10068 20034 39127 48458 58011 721// 333 69965 91035 90710 91135=
07591,2009-04-26 06:00:00,7,,-1.3,79,3.6,,42.596,68.524,64.82,10,6.3,14.2,0.2,1,,2,1.8,9.4,5,21,og-post,,,,AAXX 26064 07591 04/// /0123 10070 20036 39120 48453 58013 60022 721// 333 10142 20063 3/005 55094 60017 70018 91035 90710 91137 555 69925=
07591,2009-04-26 07:00:00,7.5,,-2.3,74,3.2,,42.596,68.524,64.82,360,,,0,,,,,,,0,og-post,,,,AAXX 26074 07591 24/// /3623 10075 20032 39112 48447 57023 700// 333 60005 91035 90710 91137=
07591,2009-04-26 08:00:00,8.4,,-2.3,70,3.3,,42.596,68.524,64.82,360,,,0,,,,,,,20,og-post,,,,AAXX 26084 07591 24/// /3623 10084 20033 39104 48441 58023 720// 333 60005 91035 90710 91137=
07591,2009-04-26 09:00:00,9.2,,-0.7,68,3.6,,31.484,61.116,,360,,,0,0,,,,,,61,og-post,,,,AAXX 26094 07591 24/// /3617 10092 20036 39113 48451 55007 761// 333 60007 90710 91133 555 60005=
07591,2009-04-26 10:00:00,9.3,,-0.6,74,4.9,,35.188,68.524,57.412,10,,,0.2,,,,,,,60,og-post,,,,AAXX 26104 07591 24/// /0119 10093 20049 39106 48445 56006 760// 333 69925 91031 90710 91137=
07591,2009-04-26 11:00:00,9.7,,-0.5,66,3.7,,38.892,64.82,64.82,20,,,0.2,,,,,,,60,og-post,,,,AAXX 26114 07591 24/// /0221 10097 20037 39099 48439 58005 760// 333 69925 91035 90710 91135=
07591,2009-04-26 12:00:00,9,,-1,74,4.6,,35.188,64.82,,10,,,0.2,0.6,0.6,,,,,61,og-post,,,,AAXX 26124 07591 04/// /0119 10090 20046 39103 48442 55010 69961 761// 333 69967 90710 91135 555 69925=
07591,2009-04-26 13:00:00,9.9,,-1,73,5.3,,35.188,61.116,61.116,10,,,0,,,,,,,0,og-post,,,,AAXX 26134 07591 24/// /0119 10099 20053 39096 48437 57010 700// 333 60005 91033 90710 91133=
07591,2009-04-26 14:00:00,10.6,,-0.5,65,4.3,,42.596,68.524,64.82,360,,,0,,,,,,,21,og-post,,,,AAXX 26144 07591 24/// /3623 10106 20043 39094 48437 58005 721// 333 60005 91035 90710 91137=
07591,2009-04-26 15:00:00,10.8,,-1.6,60,3.4,,42.596,72.228,68.524,360,,,0,0,,,,,,0,og-post,,,,AAXX 26154 07591 24/// /3623 10108 20034 39087 48431 57016 700// 333 60007 91037 90710 91139 555 60005=
07591,2009-04-26 16:00:00,10.2,,0.1,67,4.4,,29.632,64.82,,360,,,0,,,,,,,61,og-post,,,,AAXX 26164 07591 24/// /3616 10102 20044 39097 48439 53001 761// 333 60005 90710 91135=
07591,2009-04-26 17:00:00,9.7,,0.2,70,4.5,,29.632,50.004,,10,,,0.2,,,,,,,21,og-post,,,,AAXX 26174 07591 24/// /0116 10097 20045 39096 48437 53002 721// 333 69925 90710 91127=
07591,2009-04-26 18:00:00,9.5,,1,66,3.5,,29.632,46.3,,30,7,11.2,0,0.2,,0.8,,,,0,og-post,,,,AAXX 26184 07591 04/// /0316 10095 20035 39097 48437 51010 69982 700// 333 10112 20070 69927 90710 91125 555 60005=
07591,2009-04-26 19:00:00,9.4,,0.3,67,3.6,,22.224,42.596,,20,,,0,,,,,,,0,og-post,,,,AAXX 26194 07591 24/// /0212 10094 20036 39100 48440 53003 700// 333 60005 90710 91123=
07591,2009-04-26 20:00:00,8.8,,0.8,71,3.8,,22.224,31.484,,10,,,0,,,,,,,0,og-post,,,,AAXX 26204 07591 24/// /0112 10088 20038 39104 48442 53008 700// 333 60005 90710 91117=
07591,2009-04-26 21:00:00,8.7,,0.3,70,3.5,,25.928,38.892,,10,,,0,0,,,,,,21,og-post,,,,AAXX 26214 07591 24/// /0114 10087 20035 39100 48438 50003 721// 333 60007 90710 91121 555 60005=
07591,2009-04-26 22:00:00,9,,-0.2,68,3.4,,25.928,38.892,,10,,,0,,,,,,,0,og-post,,,,AAXX 26224 07591 24/// /0114 10090 20034 39098 48437 58002 700// 333 60005 90710 91121=
07591,2009-04-26 23:00:00,9,,-1,66,3,,22.224,35.188,,30,,,0,,,,,,,0,og-post,,,,AAXX 26234 07591 24/// /0312 10090 20030 39094 48433 57010 700// 333 60005 90710 91119=
07591,2009-04-27 00:00:00,8.7,,-1.4,68,3.1,,18.52,35.188,,30,,,0,0,,,,,,0,og-post,,,,AAXX 27004 07591 04/// /0310 10087 20031 39086 48426 58014 60001 700// 333 60007 90710 91119 555 60005=
07591,2009-04-27 01:00:00,9,,-1.7,66,3,,25.928,42.596,,10,,,0,,,,,,,0,og-post,,,,AAXX 27014 07591 24/// /0114 10090 20030 39081 48422 58017 700// 333 60005 90710 91123=
07591,2009-04-27 02:00:00,8.8,,-2.4,66,2.8,,25.928,35.188,,10,,,0,,,,,,,0,og-post,,,,AAXX 27024 07591 24/// /0114 10088 20028 39070 48411 58024 700// 333 60005 90710 91119=
07591,2009-04-27 03:00:00,8.4,,-1.1,75,4.2,,3.704,35.188,,160,,,0,0,,,,,,0,og-post,,,,AAXX 27034 07591 24/// /1602 10084 20042 39075 48415 55011 700// 333 60007 90710 91119 555 60005=
07591,2009-04-27 04:00:00,7.6,,-0.9,85,5.2,,11.112,22.224,,210,,,0,,,,,,,0,og-post,,,,AAXX 27044 07591 24/// /2106 10076 20052 39072 48411 56009 700// 333 60005 90710 91112=
07591,2009-04-27 05:00:00,7,,0.2,90,5.5,,3.704,14.816,,190,,,0,,,,,,,20,og-post,,,,AAXX 27054 07591 24/// /1902 10070 20055 39072 48410 51002 720// 333 60005 90710 91108=
07591,2009-04-27 06:00:00,6.7,,-0.3,92,5.5,,3.704,11.112,,190,6.7,9.5,0.2,0.2,,0.2,1,0.9,6,60,og-post,,,,AAXX 27064 07591 04/// /1902 10067 20055 39072 48410 56003 69922 760// 333 10095 20067 3/006 55009 69927 70010 90710 91106 555 69925=
07591,2009-04-27 07:00:00,6.6,,0.2,93,5.6,,3.704,11.112,,170,,,0.6,,,,,,,61,og-post,,,,AAXX 27074 07591 24/// /1702 10066 20056 39074 48411 53002 761// 333 69965 90710 91106=
07591,2009-04-27 08:00:00,6.4,,-0.7,93,5.4,,3.704,7.408,,180,,,0.8,,,,,,,61,og-post,,,,AAXX 27084 07591 24/// /1802 10064 20054 39065 48403 58007 761// 333 69985 90710 91104=
07591,2009-04-27 09:00:00,6.6,,-1.3,93,5.6,,3.704,7.408,,90,,,0.6,2,,,,,,61,og-post,,,,AAXX 27094 07591 24/// /0902 10066 20056 39059 48398 58013 761// 333 60027 90710 91104 555 69965=
07591,2009-04-27 10:00:00,6.9,,-1.3,92,5.7,,7.408,11.112,,70,,,1,,,,,,,61,og-post,,,,AAXX 27104 07591 24/// /0704 10069 20057 39061 48400 55013 761// 333 60015 90710 91106=
07591,2009-04-27 11:00:00,7,,-0.9,90,5.5,,3.704,18.52,,80,,,1,,,,,,,61,og-post,,,,AAXX 27114 07591 24/// /0802 10070 20055 39056 48396 56009 761// 333 60015 90710 91110=
07591,2009-04-27 12:00:00,7.6,,-1.1,88,5.7,,11.112,14.816,,60,,,0.8,3,5,,,,,60,og-post,,,,AAXX 27124 07591 04/// /0606 10076 20057 39048 48390 58011 60051 760// 333 60037 90710 91108 555 69985=
07591,2009-04-27 13:00:00,7.7,,-1.7,83,5,,18.52,35.188,,30,,,0.2,,,,,,,60,og-post,,,,AAXX 27134 07591 24/// /0310 10077 20050 39044 48386 56017 760// 333 69925 90710 91119=
07591,2009-04-27 14:00:00,8.5,,-2,79,5.1,,11.112,29.632,,90,,,0,,,,,,,21,og-post,,,,AAXX 27144 07591 24/// /0906 10085 20051 39036 48380 57020 721// 333 60005 90710 91116=
07591,2009-04-27 15:00:00,9,,-1.4,79,5.6,,7.408,29.632,,50,,,0,0.2,,,,,,0,og-post,,,,AAXX 27154 07591 24/// /0504 10090 20056 39034 48379 56014 700// 333 69927 90710 91116 555 60005=
07591,2009-04-27 16:00:00,9,,-1,82,6.1,,3.704,11.112,,200,,,0,,,,,,,61,og-post,,,,AAXX 27164 07591 24/// /2002 10090 20061 39034 48380 56010 761// 333 60005 90710 91106=
07591,2009-04-27 17:00:00,8.8,,-0.5,83,6.1,,3.704,11.112,,250,,,0.2,,,,,,,21,og-post,,,,AAXX 27174 07591 24/// /2502 10088 20061 39031 48376 58005 721// 333 69925 90710 91106=
07591,2009-04-27 18:00:00,8.2,,-0.5,78,4.6,,11.112,31.484,,20,6.3,9,0,0.2,,5,,,,20,og-post,,,,AAXX 27184 07591 04/// /0206 10082 20046 39029 48373 58005 60052 720// 333 10090 20063 69927 90710 91117 555 60005=
07591,2009-04-27 19:00:00,7.7,,-0.2,77,3.9,,11.112,31.484,,50,,,0,,,,,,,0,og-post,,,,AAXX 27194 07591 24/// /0506 10077 20039 39032 48375 55002 700// 333 60005 90710 91117=
07591,2009-04-27 20:00:00,7.4,,0.5,82,4.5,,7.408,14.816,,30,,,0,,,,,,,0,og-post,,,,AAXX 27204 07591 24/// /0304 10074 20045 39036 48378 53005 700// 333 60005 90710 91108=
07591,2009-04-27 21:00:00,7,,0.9,88,5.2,,3.704,11.112,,290,,,0.6,0.6,,,,,,61,og-post,,,,AAXX 27214 07591 24/// /2902 10070 20052 39038 48379 51009 761// 333 69967 90710 91106 555 69965=
07591,2009-04-27 22:00:00,6.7,,0.9,93,5.6,,7.408,11.112,,210,,,1,,,,,,,61,og-post,,,,AAXX 27224 07591 24/// /2104 10067 20056 39041 48382 51009 761// 333 60015 90710 91106=
07591,2009-04-27 23:00:00,6.4,,0.4,94,5.5,,3.704,7.408,,20,,,0.6,,,,,,,60,og-post,,,,AAXX 27234 07591 24/// /0202 10064 20055 39040 48380 50004 760// 333 69965 90710 91104=
07591,2009-04-28 00:00:00,6.3,,-0.2,95,5.6,,11.112,18.52,,40,,,0.6,2,3,,,,,61,og-post,,,,AAXX 28004 07591 04/// /0406 10063 20056 39036 48376 58002 60031 761// 333 60027 90710 91110 555 69965=
07591,2009-04-28 01:00:00,6.2,,-0.7,91,4.8,,14.816,25.928,,20,,,0.6,,,,,,,61,og-post,,,,AAXX 28014 07591 24/// /0208 10062 20048 39034 48374 58007 761// 333 69965 90710 91114=
07591,2009-04-28 02:00:00,6.3,,-0.5,94,5.4,,3.704,22.224,,240,,,0.4,,,,,,,60,og-post,,,,AAXX 28024 07591 24/// /2402 10063 20054 39035 48376 55005 760// 333 69945 90710 91112=
07591,2009-04-28 03:00:00,6.1,,-0.2,95,5.4,,3.704,3.704,,220,,,0.6,2,,,,,,61,og-post,,,,AAXX 28034 07591 24/// /2202 10061 20054 39034 48374 56002 761// 333 60027 90710 91102 555 69965=
07591,2009-04-28 04:00:00,6.1,,0,95,5.4,,7.408,11.112,,220,,,0,,,,,,,20,og-post,,,,AAXX 28044 07591 24/// /2204 10061 20054 39034 48374 50000 720// 333 60005 90710 91106=
07591,2009-04-28 05:00:00,6,,0.1,96,5.4,,,14.816,,,,,0,,,,,,,0,og-post,,,,AAXX 28054 07591 24/// /0000 10060 20054 39036 48376 53001 700// 333 60005 90710 91108=
07591,2009-04-28 06:00:00,5.9,,0.9,96,5.3,,11.112,18.52,,210,5.9,8.2,0.2,0.2,,5,9.8,0,5,0,og-post,,,,AAXX 28064 07591 04/// /2106 10059 20053 39043 48382 53009 60052 700// 333 10082 20059 3/005 55000 69927 70098 90710 91110 555 69925=
07591,2009-04-28 07:00:00,7.2,,1.3,89,5.5,,7.408,18.52,,210,,,0,,,,,,,0,og-post,,,,AAXX 28074 07591 24/// /2104 10072 20055 39047 48388 53013 700// 333 60005 90710 91110=
07591,2009-04-28 08:00:00,10.1,,1,66,4,,7.408,14.816,,200,,,0,,,,,,,0,og-post,,,,AAXX 28084 07591 24/// /2004 10101 20040 39046 48392 50010 700// 333 60005 90710 91108=
07591,2009-04-28 09:00:00,11.3,,0.2,61,4.1,,11.112,22.224,,180,,,0,0,,,,,,0,og-post,,,,AAXX 28094 07591 24/// /1806 10113 20041 39045 48393 50002 700// 333 60007 90710 91112 555 60005=
07591,2009-04-28 10:00:00,12.2,,-0.5,63,5.4,,22.224,31.484,,210,,,0,,,,,,,0,og-post,,,,AAXX 28104 07591 24/// /2112 10122 20054 39042 48393 58005 700// 333 60005 90710 91117=
07591,2009-04-28 11:00:00,13.9,,-0.8,48,3.1,,18.52,38.892,,210,,,0,,,,,,,0,og-post,,,,AAXX 28114 07591 24/// /2110 10139 20031 39038 48392 58008 700// 333 60005 90710 91121=
07591,2009-04-28 12:00:00,15.3,,-1,38,1.1,,14.816,35.188,,260,,,0,0,,,,,,0,og-post,,,,AAXX 28124 07591 04/// /2608 10153 20011 39035 48391 57010 60001 700// 333 60007 90710 91119 555 60005=
07591,2009-04-28 13:00:00,15.3,,-0.7,39,1.4,,22.224,38.892,,220,,,0,,,,,,,0,og-post,,,,AAXX 28134 07591 24/// /2212 10153 20014 39035 48391 56007 700// 333 60005 90710 91121=
07591,2009-04-28 14:00:00,16.5,,-0.5,32,-0.2,,14.816,35.188,,240,,,0,,,,,,,0,og-post,,,,AAXX 28144 07591 24/// /2408 10165 21002 39033 48391 56005 700// 333 60005 90710 91119=
07591,2009-04-28 15:00:00,15.6,,-0,34,-0.2,,18.52,35.188,,220,,,0,0,,,,,,0,og-post,,,,AAXX 28154 07591 24/// /2210 10156 21002 39035 48392 55000 700// 333 60007 90710 91119 555 60005=
07591,2009-04-28 16:00:00,13.7,,0.7,40,0.4,,18.52,38.892,,220,,,0,,,,,,,0,og-post,,,,AAXX 28164 07591 24/// /2210 10137 20004 39042 48395 53007 700// 333 60005 90710 91121=
07591,2009-04-28 17:00:00,13.1,,1.2,41,0.2,,18.52,31.484,,200,,,0,,,,,,,0,og-post,,,,AAXX 28174 07591 24/// /2010 10131 20002 39045 48396 53012 700// 333 60005 90710 91117=
07591,2009-04-28 18:00:00,11.4,,1.8,45,-0.1,,14.816,29.632,,220,5.8,16.7,0,0,,,,,,0,og-post,,,,AAXX 28184 07591 04/// /2208 10114 21001 39053 48400 53018 60002 700// 333 10167 20058 60007 90710 91116 555 60005=
07591,2009-04-28 19:00:00,10.3,,2,50,0.3,,14.816,25.928,,230,,,0,,,,,,,0,og-post,,,,AAXX 28194 07591 24/// /2308 10103 20003 39062 48407 53020 700// 333 60005 90710 91114=
07591,2009-04-28 20:00:00,9,,2.4,54,0.2,,7.408,22.224,,220,,,0,,,,,,,0,og-post,,,,AAXX 28204 07591 24/// /2204 10090 20002 39069 48411 51024 700// 333 60005 90710 91112=
07591,2009-04-28 21:00:00,8,,2,56,-0.2,,7.408,14.816,,220,,,0,0,,,,,,0,og-post,,,,AAXX 28214 07591 24/// /2204 10080 21002 39073 48412 51020 700// 333 60007 90710 91108 555 60005=
07591,2009-04-28 22:00:00,7.3,,1.3,63,0.7,,3.704,14.816,,240,,,0,,,,,,,0,og-post,,,,AAXX 28224 07591 24/// /2402 10073 20007 39075 48413 51013 700// 333 60005 90710 91108=
07591,2009-04-28 23:00:00,6.9,,0.8,65,0.8,,7.408,14.816,,220,,,0,,,,,,,0,og-post,,,,AAXX 28234 07591 24/// /2204 10069 20008 39077 48414 51008 700// 333 60005 90710 91108=
07591,2009-04-29 00:00:00,6.3,,0.2,72,1.6,,14.816,18.52,,220,,,0,0,,,,,,0,og-post,,,,AAXX 29004 07591 04/// /2208 10063 20016 39075 48411 50002 60001 700// 333 60007 90710 91110 555 60005=
07591,2009-04-29 01:00:00,5.5,,-0.3,74,1.2,,7.408,14.816,,220,,,0,,,,,,,0,og-post,,,,AAXX 29014 07591 24/// /2204 10055 20012 39072 48407 58003 700// 333 60005 90710 91108=
07591,2009-04-29 02:00:00,5.2,,-0.4,76,1.3,,7.408,14.816,,230,,,0,,,,,,,0,og-post,,,,AAXX 29024 07591 24/// /2304 10052 20013 39073 48407 55004 700// 333 60005 90710 91108=
07591,2009-04-29 03:00:00,5.1,,-0.1,81,2.1,,7.408,18.52,,200,,,0,0,,,,,,0,og-post,,,,AAXX 29034 07591 24/// /2004 10051 20021 39074 48408 55001 700// 333 60007 90710 91110 555 60005=
07591,2009-04-29 04:00:00,4.9,,0.4,87,2.9,,7.408,18.52,,190,,,0,,,,,,,21,og-post,,,,AAXX 29044 07591 24/// /1904 10049 20029 39076 48409 53004 721// 333 60005 90710 91110=
07591,2009-04-29 05:00:00,5.2,,0.5,80,2,,11.112,22.224,,200,,,0,,,,,,,0,og-post,,,,AAXX 29054 07591 24/// /2006 10052 20020 39078 48412 53005 700// 333 60005 90710 91112=
07591,2009-04-29 06:00:00,4.5,,0.7,90,3,,11.112,29.632,,190,4.3,11.4,0.2,0.2,,0.2,0.2,10,2,61,og-post,,,,AAXX 29064 07591 04/// /1906 10045 20030 39081 48413 53007 69922 761// 333 10114 20043 3/002 55100 69927 70002 90710 91116 555 69925=
07591,2009-04-29 07:00:00,5.6,,0.4,82,2.8,,11.112,25.928,,220,,,0.2,,,,,,,21,og-post,,,,AAXX 29074 07591 24/// /2206 10056 20028 39080 48414 50004 721// 333 69925 90710 91114=
07591,2009-04-29 08:00:00,7.8,,0,71,2.9,,22.224,38.892,,240,,,0,,,,,,,0,og-post,,,,AAXX 29084 07591 24/// /2412 10078 20029 39078 48417 50000 700// 333 60005 90710 91121=
07591,2009-04-29 09:00:00,6,,0.4,74,1.7,,18.52,38.892,,240,,,0.6,0.8,,,,,,63,og-post,,,,AAXX 29094 07591 24/// /2410 10060 20017 39085 48419 53004 763// 333 69987 90710 91121 555 69965=
07591,2009-04-29 10:00:00,8.6,,0.7,67,2.8,,14.816,42.596,,190,,,0,,,,,,,0,og-post,,,,AAXX 29104 07591 24/// /1908 10086 20028 39087 48426 53007 700// 333 60005 90710 91123=
07591,2009-04-29 11:00:00,9.3,,0.8,43,-2.6,,25.928,46.3,,220,,,0,,,,,,,0,og-post,,,,AAXX 29114 07591 24/// /2214 10093 21026 39086 48426 50008 700// 333 60005 90710 91125=
07591,2009-04-29 12:00:00,11.4,,-0.3,36,-3.1,,25.928,50.004,,220,,,0,0,0.8,,,,,0,og-post,,,,AAXX 29124 07591 04/// /2214 10114 21031 39082 48427 58003 69981 700// 333 60007 90710 91127 555 60005=
07591,2009-04-29 14:00:00,11.2,,-0.2,39,-2.2,,29.632,53.708,,240,,,0,,,,,,,0,og-post,,,,AAXX 29144 07591 24/// /2416 10112 21022 39084 48428 55002 700// 333 60005 90710 91129=
07591,2009-04-29 15:00:00,10,,0.5,45,-1.4,,31.484,57.412,,220,,,0,0,,,,,,0,og-post,,,,AAXX 29154 07591 24/// /2217 10100 21014 39087 48429 53005 700// 333 60007 90710 91131 555 60005=
07591,2009-04-29 16:00:00,10.8,,0.9,43,-1.3,,25.928,57.412,,230,,,0,,,,,,,0,og-post,,,,AAXX 29164 07591 24/// /2314 10108 21013 39092 48435 53009 700// 333 60005 90710 91131=
07591,2009-04-29 17:00:00,10.6,,1.4,45,-0.8,,18.52,46.3,,220,,,0,,,,,,,0,og-post,,,,AAXX 29174 07591 24/// /2210 10106 21008 39098 48440 53014 700// 333 60005 90710 91125=
07591,2009-04-29 18:00:00,8.6,,2.1,46,-2.3,,18.52,42.596,,200,4.5,12.5,0,0,,0.8,,,,0,og-post,,,,AAXX 29184 07591 04/// /2010 10086 21023 39108 48445 53021 69982 700// 333 10125 20045 60007 90710 91123 555 60005=
07591,2009-04-29 19:00:00,7.3,,2.7,52,-1.9,,7.408,29.632,,240,,,0,,,,,,,0,og-post,,,,AAXX 29194 07591 24/// /2404 10073 21019 39119 48452 53027 700// 333 60005 90710 91116=
07591,2009-04-29 20:00:00,5.2,,2.8,62,-1.5,,3.704,11.112,,350,,,0,,,,,,,0,og-post,,,,AAXX 29204 07591 24/// /3502 10052 21015 39126 48454 51028 700// 333 60005 90710 91106=
07591,2009-04-29 21:00:00,3.9,,2.1,67,-1.7,,3.704,11.112,,10,,,0,0,,,,,,0,og-post,,,,AAXX 29214 07591 24/// /0102 10039 21017 39129 48454 51021 700// 333 60007 90710 91106 555 60005=
07591,2009-04-29 22:00:00,3,,1.1,71,-1.7,,3.704,11.112,,30,,,0,,,,,,,0,og-post,,,,AAXX 29224 07591 24/// /0302 10030 21017 39130 48453 51011 700// 333 60005 90710 91106=
07591,2009-04-29 23:00:00,1.9,,0.5,77,-1.7,,3.704,7.408,,330,,,0,,,,,,,0,og-post,,,,AAXX 29234 07591 24/// /3302 10019 21017 39131 48451 51005 700// 333 60005 90710 91104=
07591,2009-04-30 00:00:00,1.1,,0.2,80,-2,,7.408,11.112,,50,,,0,0,,,,,,0,og-post,,,,AAXX 30004 07591 04/// /0504 10011 21020 39131 48450 51002 60001 700// 333 60007 90710 91106 555 60005=
07591,2009-04-30 01:00:00,0.3,,0,84,-2.1,,3.704,7.408,,350,,,0,,,,,,,0,og-post,,,,AAXX 30014 07591 24/// /3502 10003 21021 39130 48447 50000 700// 333 60005 90710 91104=
07591,2009-04-30 02:00:00,0,,-0.1,83,-2.5,,7.408,11.112,,50,,,0,,,,,,,0,og-post,,,,AAXX 30024 07591 24/// /0504 10000 21025 39130 48446 57001 700// 333 60005 90710 91106=
07591,2009-04-30 03:00:00,0,,-0.3,81,-2.9,,7.408,14.816,,30,,,0,0,,,,,,0,og-post,,,,AAXX 30034 07591 24/// /0304 10000 21029 39128 48445 58003 700// 333 60007 90710 91108 555 60005=
07591,2009-04-30 04:00:00,-0.6,,-0,86,-2.6,,3.704,11.112,,170,,,0,,,,,,,0,og-post,,,,AAXX 30044 07591 24/// /1702 11006 21026 39130 48445 55000 700// 333 60005 90710 91106=
07591,2009-04-30 05:00:00,-0.7,,0.1,86,-2.7,,7.408,14.816,,30,,,0,,,,,,,0,og-post,,,,AAXX 30054 07591 24/// /0304 11007 21027 39131 48446 53001 700// 333 60005 90710 91108=
07591,2009-04-30 06:00:00,-0.5,,0.6,87,-2.4,,3.704,11.112,,20,-1,8.6,0,0,,,0.8,6,-4,0,og-post,,,,AAXX 30064 07591 04/// /0202 11005 21024 39134 48449 53006 60002 700// 333 10086 21010 3/104 55060 60007 70008 90710 91106 555 60005=
07591,2009-04-30 07:00:00,4.7,,0,70,-0.3,,3.704,11.112,,100,,,0,,,,,,,0,og-post,,,,AAXX 30074 07591 24/// /1002 10047 21003 39130 48456 50000 700// 333 60005 90710 91106=
07591,2009-04-30 08:00:00,7.4,,0,52,-1.8,,7.408,22.224,,190,,,0,,,,,,,0,og-post,,,,AAXX 30084 07591 24/// /1904 10074 21018 39131 48463 50000 700// 333 60005 90710 91112=
07591,2009-04-30 09:00:00,10.4,,-0.3,39,-2.9,,11.112,22.224,,210,,,0,0,,,,,,0,og-post,,,,AAXX 30094 07591 24/// /2106 10104 21029 39131 48469 56003 700// 333 60007 90710 91112 555 60005=
07591,2009-04-30 10:00:00,12.3,,-0.1,35,-2.7,,18.52,31.484,,220,,,0,,,,,,,0,og-post,,,,AAXX 30104 07591 24/// /2210 10123 21027 39129 48471 58001 700// 333 60005 90710 91117=
07591,2009-04-30 11:00:00,13.6,,-0.5,37,-0.8,,22.224,35.188,,210,,,0,,,,,,,0,og-post,,,,AAXX 30114 07591 24/// /2112 10136 21008 39126 48471 58005 700// 333 60005 90710 91119=
07591,2009-04-30 12:00:00,15,,-0.8,35,-0.3,,18.52,35.188,,210,,,0,0,,,,,,0,og-post,,,,AAXX 30124 07591 04/// /2110 10150 21003 39123 48471 58008 60001 700// 333 60007 90710 91119 555 60005=
07591,2009-04-30 13:00:00,16.4,,-0.9,28,-2.1,,14.816,25.928,,210,,,0,,,,,,,0,og-post,,,,AAXX 30134 07591 24/// /2108 10164 21021 39120 48471 57009 700// 333 60005 90710 91114=
07591,2009-04-30 14:00:00,16.9,,-1,28,-1.7,,18.52,29.632,,210,,,0,,,,,,,0,og-post,,,,AAXX 30144 07591 24/// /2110 10169 21017 39116 48469 58010 700// 333 60005 90710 91116=
07591,2009-04-30 15:00:00,17.8,,-0.9,29,-0.5,,14.816,29.632,,230,,,0,0,,,,,,0,og-post,,,,AAXX 30154 07591 24/// /2308 10178 21005 39114 48469 56009 700// 333 60007 90710 91116 555 60005=
07591,2009-04-30 16:00:00,17.5,,-0.7,27,-1.7,,14.816,29.632,,220,,,0,,,,,,,0,og-post,,,,AAXX 30164 07591 24/// /2208 10175 21017 39113 48467 56007 700// 333 60005 90710 91116=
07591,2009-04-30 17:00:00,16.3,,-0.3,30,-1.3,,11.112,25.928,,230,,,0,,,,,,,0,og-post,,,,AAXX 30174 07591 24/// /2306 10163 21013 39113 48465 56003 700// 333 60005 90710 91114=
07591,2009-04-30 18:00:00,14.5,,0.3,35,-0.8,,7.408,22.224,,240,-0.4,17.8,0,0,,,,,,0,og-post,,,,AAXX 30184 07591 04/// /2404 10145 21008 39117 48465 53003 60002 700// 333 10178 21004 60007 90710 91112 555 60005=
07591,2009-04-30 19:00:00,11.1,,1.2,50,1.1,,3.704,11.112,,310,,,0,,,,,,,0,og-post,,,,AAXX 30194 07591 24/// /3102 10111 20011 39125 48465 53012 700// 333 60005 90710 91106=
07591,2009-04-30 20:00:00,9.3,,2.3,56,1,,3.704,7.408,,170,,,0,,,,,,,0,og-post,,,,AAXX 30204 07591 24/// /1702 10093 20010 39136 48471 53023 700// 333 60005 90710 91104=
07591,2009-04-30 21:00:00,7.8,,2.5,64,1.4,,7.408,11.112,,360,,,0,0,,,,,,0,og-post,,,,AAXX 30214 07591 24/// /3604 10078 20014 39142 48474 51025 700// 333 60007 90710 91106 555 60005=
07591,2009-04-30 22:00:00,6.8,,2.1,69,1.5,,3.704,11.112,,340,,,0,,,,,,,0,og-post,,,,AAXX 30224 07591 24/// /3402 10068 20015 39146 48475 51021 700// 333 60005 90710 91106=
07591,2009-04-30 23:00:00,5.5,,1.3,75,1.4,,3.704,7.408,,10,,,0,,,,,,,0,og-post,,,,AAXX 30234 07591 24/// /0102 10055 20014 39149 48475 51013 700// 333 60005 90710 91104=
07591,2009-05-01 00:00:00,5.1,,0.8,73,0.7,,11.112,14.816,,20,,,0,0,,,,,,0,og-post,,,,AAXX 01004 07591 04/// /0206 10051 20007 39150 48475 51008 60001 700// 333 60007 90710 91108 555 60005=
07591,2009-05-01 01:00:00,6.1,,0.4,65,0,,14.816,29.632,,40,,,0,,,,,,,0,og-post,,,,AAXX 01014 07591 24/// /0408 10061 20000 39150 48477 51004 700// 333 60005 90710 91116=
07591,2009-05-01 02:00:00,6.6,,0.1,58,-1.1,,22.224,31.484,,20,,,0,,,,,,,0,og-post,,,,AAXX 01024 07591 24/// /0212 10066 21011 39150 48478 51001 700// 333 60005 90710 91117=
07591,2009-05-01 03:00:00,6.2,,0.1,59,-1.2,,18.52,38.892,,20,,,0,0,,,,,,0,og-post,,,,AAXX 01034 07591 24/// /0210 10062 21012 39151 48478 53001 700// 333 60007 90710 91121 555 60005=
07591,2009-05-01 04:00:00,5.9,,0.5,59,-1.5,,14.816,35.188,,20,,,0,,,,,,,0,og-post,,,,AAXX 01044 07591 24/// /0208 10059 21015 39155 48481 53005 700// 333 60005 90710 91119=
07591,2009-05-01 05:00:00,5.5,,1.1,61,-1.4,,18.52,29.632,,10,,,0,,,,,,,0,og-post,,,,AAXX 01054 07591 24/// /0110 10055 21014 39161 48485 53011 700// 333 60005 90710 91116=
07591,2009-05-01 06:00:00,6.3,,1.5,57,-1.6,,22.224,35.188,,20,4.9,14.5,0,0,,,0,11.5,-1,0,og-post,,,,AAXX 01064 07591 04/// /0212 10063 21016 39166 48491 53015 60002 700// 333 10145 20049 3/101 55115 60007 70000 90710 91119 555 60005=
07591,2009-05-01 07:00:00,9.1,,1.2,50,-0.8,,22.224,35.188,,10,,,0,,,,,,,0,og-post,,,,AAXX 01074 07591 24/// /0112 10091 21008 39167 48499 51012 700// 333 60005 90710 91119=
07591,2009-05-01 08:00:00,12.3,,0.6,42,-0.2,,11.112,35.188,,50,,,0,,,,,,,0,og-post,,,,AAXX 01084 07591 24/// /0506 10123 21002 39167 48506 51006 700// 333 60005 90710 91119=
07591,2009-05-01 09:00:00,14.8,,0,35,-0.5,,11.112,22.224,,90,,,0,0,,,,,,0,og-post,,,,AAXX 01094 07591 24/// /0906 10148 21005 39166 48510 50000 700// 333 60007 90710 91112 555 60005=
07591,2009-05-01 10:00:00,16.8,,-0.2,37,2,,3.704,14.816,,180,,,0,,,,,,,0,og-post,,,,AAXX 01104 07591 24/// /1802 10168 20020 39165 48514 58002 700// 333 60005 90710 91108=
07591,2009-05-01 11:00:00,18,,-0.5,31,0.6,,11.112,22.224,,220,,,0,,,,,,,0,og-post,,,,AAXX 01114 07591 24/// /2206 10180 20006 39162 48514 58005 700// 333 60005 90710 91112=
07591,2009-05-01 12:00:00,19.4,,-0.6,24,-1.7,,11.112,25.928,,240,,,0,0,,,,,,0,og-post,,,,AAXX 01124 07591 04/// /2406 10194 21017 39160 48515 58006 60001 700// 333 60007 90710 91114 555 60005=
07591,2009-05-01 13:00:00,20.1,,-0.6,26,0,,14.816,29.632,,240,,,0,,,,,,,0,og-post,,,,AAXX 01134 07591 24/// /2408 10201 20000 39159 48515 56006 700// 333 60005 90710 91116=
07591,2009-05-01 14:00:00,20.5,,-0.4,29,1.9,,18.52,35.188,,220,,,0,,,,,,,0,og-post,,,,AAXX 01144 07591 24/// /2210 10205 20019 39158 48516 56004 700// 333 60005 90710 91119=
07591,2009-05-01 15:00:00,20.6,,-0.3,24,-0.7,,18.52,31.484,,220,,,0,0,,,,,,0,og-post,,,,AAXX 01154 07591 24/// /2210 10206 21007 39157 48515 57003 700// 333 60007 90710 91117 555 60005=
07591,2009-05-01 16:00:00,20.1,,-0.1,26,0,,18.52,25.928,,230,,,0,,,,,,,0,og-post,,,,AAXX 01164 07591 24/// /2310 10201 20000 39158 48514 55001 700// 333 60005 90710 91114=
07591,2009-05-01 17:00:00,18.4,,0.2,33,1.9,,14.816,29.632,,240,,,0,,,,,,,0,og-post,,,,AAXX 01174 07591 24/// /2408 10184 20019 39160 48513 53002 700// 333 60005 90710 91116=
07591,2009-05-01 18:00:00,15.7,,0.8,45,3.8,,14.816,29.632,,210,6.4,21.1,0,0,,,,,,0,og-post,,,,AAXX 01184 07591 04/// /2108 10157 20038 39165 48512 53008 60002 700// 333 10211 20064 60007 90710 91116 555 60005=
07591,2009-05-01 19:00:00,12.8,,2,54,3.7,,3.704,22.224,,310,,,0,,,,,,,0,og-post,,,,AAXX 01194 07591 24/// /3102 10128 20037 39178 48517 53020 700// 333 60005 90710 91112=
07591,2009-05-01 20:00:00,11.4,,2.7,60,3.9,,3.704,7.408,,340,,,0,,,,,,,0,og-post,,,,AAXX 01204 07591 24/// /3402 10114 20039 39187 48522 53027 700// 333 60005 90710 91104=
07591,2009-05-01 21:00:00,9.6,,2.9,65,3.4,,3.704,7.408,,30,,,0,0,,,,,,0,og-post,,,,AAXX 01214 07591 24/// /0302 10096 20034 39194 48524 51029 700// 333 60007 90710 91104 555 60005=
07591,2009-05-01 22:00:00,8,,2,72,3.3,,3.704,11.112,,10,,,0,,,,,,,0,og-post,,,,AAXX 01224 07591 24/// /0102 10080 20033 39198 48524 51020 700// 333 60005 90710 91106=
07591,2009-05-01 23:00:00,7.2,,1.6,75,3.1,,,7.408,,,,,0,,,,,,,0,og-post,,,,AAXX 01234 07591 24/// /0000 10072 20031 39203 48527 51016 700// 333 60005 90710 91104=
07591,2009-05-02 00:00:00,6.5,,1.3,74,2.2,,3.704,7.408,,20,,,0,0,,,,,,0,og-post,,,,AAXX 02004 07591 04/// /0202 10065 20022 39207 48528 52013 60001 700// 333 60007 90710 91104 555 60005=
07591,2009-05-02 01:00:00,5.9,,1.1,77,2.2,,,7.408,,,,,0,,,,,,,0,og-post,,,,AAXX 02014 07591 24/// /0000 10059 20022 39209 48529 51011 700// 333 60005 90710 91104=
07591,2009-05-02 02:00:00,5.7,,0.5,74,1.4,,7.408,11.112,,40,,,0,,,,,,,0,og-post,,,,AAXX 02024 07591 24/// /0404 10057 20014 39208 48527 50005 700// 333 60005 90710 91106=
07591,2009-05-02 03:00:00,6.2,,0.6,69,0.9,,3.704,25.928,,180,,,0,0,,,,,,0,og-post,,,,AAXX 02034 07591 24/// /1802 10062 20009 39213 48533 53006 700// 333 60007 90710 91114 555 60005=
07591,2009-05-02 04:00:00,4.3,,0.9,82,1.5,,3.704,11.112,,360,,,0,,,,,,,0,og-post,,,,AAXX 02044 07591 24/// /3602 10043 20015 39218 48533 53009 700// 333 60005 90710 91106=
07591,2009-05-02 05:00:00,6.2,,1.2,66,0.3,,18.52,22.224,,30,,,0,,,,,,,0,og-post,,,,AAXX 02054 07591 24/// /0310 10062 20003 39220 48539 51012 700// 333 60005 90710 91112=
07591,2009-05-02 06:00:00,6.8,,1,65,0.7,,11.112,22.224,,40,4.2,15.7,0,0,,,0,10.6,-1,0,og-post,,,,AAXX 02064 07591 04/// /0406 10068 20007 39223 48543 51010 60002 700// 333 10157 20042 3/101 55106 60007 70000 90710 91112 555 60005=
07591,2009-05-02 07:00:00,9.8,,0.6,60,2.4,,3.704,14.816,,150,,,0,,,,,,,0,og-post,,,,AAXX 02074 07591 24/// /1502 10098 20024 39224 48551 51006 700// 333 60005 90710 91108=
07591,2009-05-02 08:00:00,13.5,,0,42,0.9,,7.408,14.816,,140,,,0,,,,,,,0,og-post,,,,AAXX 02084 07591 24/// /1404 10135 20009 39220 48556 50000 700// 333 60005 90710 91108=
07591,2009-05-02 09:00:00,15.1,,-0.8,41,2,,7.408,14.816,,180,,,0,0,,,,,,0,og-post,,,,AAXX 02094 07591 24/// /1804 10151 20020 39215 48556 58008 700// 333 60007 90710 91108 555 60005=
07591,2009-05-02 10:00:00,17,,-1.2,38,2.6,,11.112,18.52,,220,,,0,,,,,,,0,og-post,,,,AAXX 02104 07591 24/// /2206 10170 20026 39212 48557 56012 700// 333 60005 90710 91110=
07591,2009-05-02 11:00:00,19.2,,-1.3,33,2.6,,14.816,25.928,,210,,,0,,,,,,,0,og-post,,,,AAXX 02114 07591 24/// /2108 10192 20026 39207 48558 57013 700// 333 60005 90710 91114=
07591,2009-05-02 12:00:00,20.3,,-1.6,28,1.2,,18.52,31.484,,210,,,0,0,,,,,,0,og-post,,,,AAXX 02124 07591 04/// /2110 10203 20012 39199 48553 58016 60001 700// 333 60007 90710 91117 555 60005=
07591,2009-05-02 13:00:00,21.7,,-1.7,26,1.4,,14.816,31.484,,220,,,0,,,,,,,0,og-post,,,,AAXX 02134 07591 24/// /2208 10217 20014 39195 48553 56017 700// 333 60005 90710 91117=
07591,2009-05-02 14:00:00,22,,-1.7,24,0.5,,14.816,31.484,,220,,,0,,,,,,,0,og-post,,,,AAXX 02144 07591 24/// /2208 10220 20005 39190 48548 56017 700// 333 60005 90710 91117=
07591,2009-05-02 15:00:00,21.7,,-1.3,26,1.4,,18.52,31.484,,220,,,0,0,,,,,,0,og-post,,,,AAXX 02154 07591 24/// /2210 10217 20014 39186 48544 57013 700// 333 60007 90710 91117 555 60005=
07591,2009-05-02 16:00:00,21.6,,-1.1,27,1.8,,18.52,31.484,,220,,,0,,,,,,,0,og-post,,,,AAXX 02164 07591 24/// /2210 10216 20018 39184 48542 56011 700// 333 60005 90710 91117=
07591,2009-05-02 17:00:00,20.6,,-0.5,30,2.4,,18.52,29.632,,220,,,0,,,,,,,0,og-post,,,,AAXX 02174 07591 24/// /2210 10206 20024 39185 48541 55005 700// 333 60005 90710 91116=
07591,2009-05-02 18:00:00,18.4,,0.3,43,5.6,,11.112,29.632,,230,6.8,22.3,0,0,,,,,,0,og-post,,,,AAXX 02184 07591 04/// /2306 10184 20056 39189 48540 53003 60002 700// 333 10223 20068 60007 90710 91116 555 60005=
07591,2009-05-02 19:00:00,15.5,,1.2,52,5.7,,3.704,25.928,,20,,,0,,,,,,,0,og-post,,,,AAXX 02194 07591 24/// /0202 10155 20057 39196 48540 53012 700// 333 60005 90710 91114=
07591,2009-05-02 20:00:00,13.6,,1.8,59,5.7,,7.408,11.112,,360,,,0,,,,,,,0,og-post,,,,AAXX 02204 07591 24/// /3604 10136 20057 39203 48542 53018 700// 333 60005 90710 91106=
07591,2009-05-02 21:00:00,12,,1.7,62,5,,3.704,7.408,,250,,,0,0,,,,,,0,og-post,,,,AAXX 02214 07591 24/// /2502 10120 20050 39206 48541 51017 700// 333 60007 90710 91104 555 60005=
07591,2009-05-02 22:00:00,10.5,,1.4,64,4,,,7.408,,,,,0,,,,,,,0,og-post,,,,AAXX 02224 07591 24/// /0000 10105 20040 39210 48541 51014 700// 333 60005 90710 91104=
07591,2009-05-02 23:00:00,9.7,,0.9,63,3,,7.408,11.112,,60,,,0,,,,,,,0,og-post,,,,AAXX 02234 07591 24/// /0604 10097 20030 39212 48540 51009 700// 333 60005 90710 91106=
07591,2009-05-03 00:00:00,10,,0.6,57,1.9,,3.704,14.816,,40,,,0,0,,,,,,0,og-post,,,,AAXX 03004 07591 04/// /0402 10100 20019 39212 48541 51006 60001 700// 333 60007 90710 91108 555 60005=
07591,2009-05-03 01:00:00,11.1,,0,51,1.4,,18.52,29.632,,10,,,0,,,,,,,0,og-post,,,,AAXX 03014 07591 24/// /0110 10111 20014 39210 48542 50000 700// 333 60005 90710 91116=
07591,2009-05-03 02:00:00,10.3,,-0.1,53,1.2,,14.816,31.484,,30,,,0,,,,,,,0,og-post,,,,AAXX 03024 07591 24/// /0308 10103 20012 39211 48541 55001 700// 333 60005 90710 91117=
07591,2009-05-03 03:00:00,10.5,,-0.1,53,1.3,,25.928,38.892,,20,,,0,0,,,,,,0,og-post,,,,AAXX 03034 07591 24/// /0214 10105 20013 39211 48541 56001 700// 333 60007 90710 91121 555 60005=
07591,2009-05-03 04:00:00,10,,0.1,55,1.4,,25.928,38.892,,20,,,0,,,,,,,0,og-post,,,,AAXX 03044 07591 24/// /0214 10100 20014 39211 48540 51001 700// 333 60005 90710 91121=
07591,2009-05-03 05:00:00,9.6,,0.2,57,1.5,,22.224,38.892,,40,,,0,,,,,,,0,og-post,,,,AAXX 03054 07591 24/// /0412 10096 20015 39213 48541 53002 700// 333 60005 90710 91121=
07591,2009-05-03 06:00:00,10.1,,0.4,56,1.7,,25.928,35.188,,20,9.5,18.3,0,0,,,0,11.5,3,0,og-post,,,,AAXX 03064 07591 04/// /0214 10101 20017 39215 48544 53004 60002 700// 333 10183 20095 3/003 55115 60007 70000 90710 91119 555 60005=
07591,2009-05-03 07:00:00,11.7,,0.3,52,2.2,,18.52,29.632,,20,,,0,,,,,,,0,og-post,,,,AAXX 03074 07591 24/// /0210 10117 20022 39214 48547 50003 700// 333 60005 90710 91116=
07591,2009-05-03 08:00:00,15,,-0.2,42,2.2,,14.816,29.632,,20,,,0,,,,,,,0,og-post,,,,AAXX 03084 07591 24/// /0208 10150 20022 39211 48552 58002 700// 333 60005 90710 91116=
07591,2009-05-03 09:00:00,17.4,,-0.5,43,4.7,,11.112,25.928,,200,,,0,0,,,,,,0,og-post,,,,AAXX 03094 07591 24/// /2006 10174 20047 39210 48557 57005 700// 333 60007 90710 91114 555 60005=
07591,2009-05-03 10:00:00,18,,-0.7,46,6.2,,11.112,22.224,,220,,,0,,,,,,,0,og-post,,,,AAXX 03104 07591 24/// /2206 10180 20062 39207 48556 57007 700// 333 60005 90710 91112=
07591,2009-05-03 11:00:00,20,,-1.1,33,3.3,,18.52,31.484,,220,,,0,,,,,,,0,og-post,,,,AAXX 03114 07591 24/// /2210 10200 20033 39200 48554 58011 700// 333 60005 90710 91117=
07591,2009-05-03 12:00:00,20.4,,-1.6,36,4.8,,18.52,31.484,,210,,,0,0,,,,,,0,og-post,,,,AAXX 03124 07591 04/// /2110 10204 20048 39194 48549 58016 60001 700// 333 60007 90710 91117 555 60005=
07591,2009-05-03 13:00:00,18.7,,-1.6,40,4.8,,14.816,35.188,,210,,,0,,,,,,,0,og-post,,,,AAXX 03134 07591 24/// /2108 10187 20048 39191 48543 56016 700// 333 60005 90710 91119=
07591,2009-05-03 14:00:00,20.6,,-1.4,38,5.8,,18.52,35.188,,230,,,0,,,,,,,0,og-post,,,,AAXX 03144 07591 24/// /2310 10206 20058 39186 48542 56014 700// 333 60005 90710 91119=
07591,2009-05-03 15:00:00,19.2,,-1.1,42,6,,25.928,42.596,,240,,,0,0,,,,,,0,og-post,,,,AAXX 03154 07591 24/// /2414 10192 20060 39183 48536 57011 700// 333 60007 90710 91123 555 60005=
07591,2009-05-03 16:00:00,17.7,,-0.5,48,6.6,,22.224,53.708,,260,,,0,,,,,,,0,og-post,,,,AAXX 03164 07591 24/// /2612 10177 20066 39186 48536 55005 700// 333 60005 90710 91129=
07591,2009-05-03 17:00:00,15.7,,0.2,54,6.4,,22.224,46.3,,250,,,0,,,,,,,0,og-post,,,,AAXX 03174 07591 24/// /2512 10157 20064 39188 48533 53002 700// 333 60005 90710 91125=
07591,2009-05-03 18:00:00,14.6,,1.3,58,6.4,,7.408,38.892,,140,10.1,21.2,0,0,,,,,,0,og-post,,,,AAXX 03184 07591 04/// /1404 10146 20064 39196 48538 53013 60002 700// 333 10212 20101 60007 90710 91121 555 60005=
07591,2009-05-03 19:00:00,13.4,,1.5,63,6.5,,11.112,14.816,,340,,,0,,,,,,,0,og-post,,,,AAXX 03194 07591 24/// /3406 10134 20065 39201 48540 53015 700// 333 60005 90710 91108=
07591,2009-05-03 20:00:00,12,,1.6,70,6.7,,3.704,11.112,,30,,,0,,,,,,,0,og-post,,,,AAXX 03204 07591 24/// /0302 10120 20067 39204 48539 51016 700// 333 60005 90710 91106=
07591,2009-05-03 21:00:00,11,,1.1,76,6.9,,3.704,7.408,,30,,,0,0,,,,,,0,og-post,,,,AAXX 03214 07591 24/// /0302 10110 20069 39207 48540 51011 700// 333 60007 90710 91104 555 60005=
07591,2009-05-03 22:00:00,10.6,,0.4,76,6.6,,3.704,11.112,,20,,,0,,,,,,,0,og-post,,,,AAXX 03224 07591 24/// /0202 10106 20066 39205 48537 50004 700// 333 60005 90710 91106=
07591,2009-05-03 23:00:00,9.5,,0,81,6.4,,,7.408,,,,,0,,,,,,,0,og-post,,,,AAXX 03234 07591 24/// /0000 10095 20064 39204 48533 50000 700// 333 60005 90710 91104=
07591,2009-05-04 00:00:00,8.9,,-0.5,83,6.2,,3.704,7.408,,350,,,0,0,,,,,,0,og-post,,,,AAXX 04004 07591 04/// /3502 10089 20062 39202 48530 57005 60001 700// 333 60007 90710 91104 555 60005=
07591,2009-05-04 01:00:00,7.9,,-0.7,87,5.9,,,14.816,,,,,0,,,,,,,0,og-post,,,,AAXX 04014 07591 24/// /0000 10079 20059 39198 48524 58007 700// 333 60005 90710 91108=
07591,2009-05-04 02:00:00,6.7,,-0.7,90,5.2,,3.704,7.408,,350,,,0,,,,,,,0,og-post,,,,AAXX 04024 07591 24/// /3502 10067 20052 39197 48520 56007 700// 333 60005 90710 91104=
07591,2009-05-04 03:00:00,6.3,,-0.7,91,4.9,,3.704,7.408,,10,,,0,0,,,,,,0,og-post,,,,AAXX 04034 07591 24/// /0102 10063 20049 39195 48518 56007 700// 333 60007 90710 91104 555 60005=
07591,2009-05-04 04:00:00,6.2,,-0.3,91,4.8,,7.408,7.408,,30,,,0,,,,,,,0,og-post,,,,AAXX 04044 07591 24/// /0304 10062 20048 39195 48518 56003 700// 333 60005 90710 91104=
07591,2009-05-04 05:00:00,6.4,,-0.3,90,4.9,,3.704,18.52,,350,,,0,,,,,,,0,og-post,,,,AAXX 04054 07591 24/// /3502 10064 20049 39194 48517 56003 700// 333 60005 90710 91110=
07591,2009-05-04 06:00:00,6.6,,-0.4,91,5.2,,3.704,7.408,,350,6.1,14.6,0,0,,,0,8.3,1,0,og-post,,,,AAXX 04064 07591 04/// /3502 10066 20052 39191 48515 58004 60002 700// 333 10146 20061 3/001 55083 60007 70000 90710 91104 555 60005=
07591,2009-05-04 07:00:00,9.4,,-0.3,83,6.7,,3.704,7.408,,190,,,0,,,,,,,0,og-post,,,,AAXX 04074 07591 24/// /1902 10094 20067 39192 48522 55003 700// 333 60005 90710 91104=
07591,2009-05-04 08:00:00,12.2,,-0.8,67,6.3,,7.408,11.112,,180,,,0,,,,,,,0,og-post,,,,AAXX 04084 07591 24/// /1804 10122 20063 39186 48523 58008 700// 333 60005 90710 91106=
07591,2009-05-04 09:00:00,14.4,,-0.9,60,6.7,,7.408,14.816,,210,,,0,0,,,,,,0,og-post,,,,AAXX 04094 07591 24/// /2104 10144 20067 39182 48525 58009 700// 333 60007 90710 91108 555 60005=
07591,2009-05-04 10:00:00,17.5,,-1.9,44,5.1,,11.112,22.224,,220,,,0,,,,,,,0,og-post,,,,AAXX 04104 07591 24/// /2206 10175 20051 39173 48523 58019 700// 333 60005 90710 91112=
07591,2009-05-04 11:00:00,16.8,,-1.8,45,4.8,,11.112,29.632,,220,,,0,,,,,,,0,og-post,,,,AAXX 04114 07591 24/// /2206 10168 20048 39168 48517 58018 700// 333 60005 90710 91116=
07591,2009-05-04 12:00:00,17.1,,-1.8,42,4.1,,11.112,29.632,,230,,,0,0,,,,,,0,og-post,,,,AAXX 04124 07591 04/// /2306 10171 20041 39164 48514 56018 60001 700// 333 60007 90710 91116 555 60005=
07591,2009-05-04 13:00:00,18.5,,-1.7,37,3.6,,11.112,22.224,,210,,,0,,,,,,,0,og-post,,,,AAXX 04134 07591 24/// /2106 10185 20036 39156 48510 58017 700// 333 60005 90710 91112=
07591,2009-05-04 14:00:00,18.9,,-1.8,34,2.7,,14.816,25.928,,230,,,0,,,,,,,0,og-post,,,,AAXX 04144 07591 24/// /2308 10189 20027 39150 48505 58018 700// 333 60005 90710 91114=
07591,2009-05-04 15:00:00,16.2,,-1.7,43,3.6,,18.52,31.484,,340,,,0,0,,,,,,0,og-post,,,,AAXX 04154 07591 24/// /3410 10162 20036 39147 48496 56017 700// 333 60007 90710 91117 555 60005=
07591,2009-05-04 16:00:00,16,,-1,47,4.7,,11.112,25.928,,220,,,0,,,,,,,0,og-post,,,,AAXX 04164 07591 24/// /2206 10160 20047 39146 48495 56010 700// 333 60005 90710 91114=
07591,2009-05-04 17:00:00,14.1,,-0.1,56,5.5,,7.408,25.928,,200,,,0,,,,,,,0,og-post,,,,AAXX 04174 07591 24/// /2004 10141 20055 39149 48494 55001 700// 333 60005 90710 91114=
07591,2009-05-04 18:00:00,12.7,,0.8,58,4.7,,7.408,22.224,,190,6.6,19.2,0,0,,,,,,0,og-post,,,,AAXX 04184 07591 04/// /1904 10127 20047 39155 48496 53008 60002 700// 333 10192 20066 60007 90710 91112 555 60005=
07591,2009-05-04 19:00:00,11.1,,1.7,65,4.8,,7.408,14.816,,220,,,0,,,,,,,0,og-post,,,,AAXX 04194 07591 24/// /2204 10111 20048 39163 48500 53017 700// 333 60005 90710 91108=
07591,2009-05-04 20:00:00,9.3,,1.8,70,4.1,,3.704,11.112,,300,,,0,,,,,,,0,og-post,,,,AAXX 04204 07591 24/// /3002 10093 20041 39167 48500 51018 700// 333 60005 90710 91106=
07591,2009-05-04 21:00:00,7.8,,1.5,76,3.8,,3.704,11.112,,230,,,0,0,,,,,,0,og-post,,,,AAXX 04214 07591 24/// /2302 10078 20038 39170 48499 51015 700// 333 60007 90710 91106 555 60005=
07591,2009-05-04 22:00:00,6.7,,0.9,80,3.5,,7.408,14.816,,170,,,0,,,,,,,0,og-post,,,,AAXX 04224 07591 24/// /1704 10067 20035 39172 48498 51009 700// 333 60005 90710 91108=
07591,2009-05-04 23:00:00,6.1,,0.8,80,2.9,,3.704,11.112,,320,,,0,,,,,,,0,og-post,,,,AAXX 04234 07591 24/// /3202 10061 20029 39175 48499 52008 700// 333 60005 90710 91106=
07591,2009-05-05 00:00:00,5.6,,0.5,80,2.4,,,7.408,,,,,0,0,,,,,,0,og-post,,,,AAXX 05004 07591 04/// /0000 10056 20024 39175 48498 51005 60001 700// 333 60007 90710 91104 555 60005=
07591,2009-05-05 01:00:00,4.9,,0.3,79,1.6,,3.704,11.112,,170,,,0,,,,,,,0,og-post,,,,AAXX 05014 07591 24/// /1702 10049 20016 39175 48497 51003 700// 333 60005 90710 91106=
07591,2009-05-05 02:00:00,4.4,,0.2,77,0.7,,3.704,7.408,,350,,,0,,,,,,,0,og-post,,,,AAXX 05024 07591 24/// /3502 10044 20007 39177 48497 53002 700// 333 60005 90710 91104=
07591,2009-05-05 03:00:00,4.2,,0.4,75,0.2,,3.704,11.112,,210,,,0,0,,,,,,0,og-post,,,,AAXX 05034 07591 24/// /2102 10042 20002 39179 48498 53004 700// 333 60007 90710 91106 555 60005=
07591,2009-05-05 04:00:00,3.4,,0.7,77,-0.2,,3.704,7.408,,30,,,0,,,,,,,0,og-post,,,,AAXX 05044 07591 24/// /0302 10034 21002 39182 48499 53007 700// 333 60005 90710 91104=
07591,2009-05-05 05:00:00,3.3,,1.2,80,0.2,,3.704,7.408,,320,,,0,,,,,,,0,og-post,,,,AAXX 05054 07591 24/// /3202 10033 20002 39189 48505 53012 700// 333 60005 90710 91104=
07591,2009-05-05 06:00:00,3.9,,1.3,83,1.3,,,7.408,,,3,12.6,0,0,,,0,4.9,-2,0,og-post,,,,AAXX 05064 07591 04/// /0000 10039 20013 39192 48509 52013 60002 700// 333 10126 20030 3/102 55049 60007 70000 90710 91104 555 60005=
07591,2009-05-05 07:00:00,8.7,,0.9,60,1.4,,3.704,11.112,,120,,,0,,,,,,,0,og-post,,,,AAXX 05074 07591 24/// /1202 10087 20014 39191 48519 50009 700// 333 60005 90710 91106=
07591,2009-05-05 08:00:00,10.7,,0.5,50,0.7,,7.408,18.52,,210,,,0,,,,,,,0,og-post,,,,AAXX 05084 07591 24/// /2104 10107 20007 39194 48526 52005 700// 333 60005 90710 91110=
07591,2009-05-05 09:00:00,13.1,,0.1,48,2.4,,11.112,18.52,,220,,,0,0,,,,,,0,og-post,,,,AAXX 05094 07591 24/// /2206 10131 20024 39193 48531 52001 700// 333 60007 90710 91110 555 60005=
07591,2009-05-05 10:00:00,14.8,,0.1,41,1.7,,18.52,25.928,,210,,,0,,,,,,,0,og-post,,,,AAXX 05104 07591 24/// /2110 10148 20017 39192 48534 50001 700// 333 60005 90710 91114=
07591,2009-05-05 11:00:00,16.2,,-0.7,36,1.1,,14.816,29.632,,210,,,0,,,,,,,0,og-post,,,,AAXX 05114 07591 24/// /2108 10162 20011 39187 48533 58007 700// 333 60005 90710 91116=
07591,2009-05-05 12:00:00,17.5,,-1.4,32,0.6,,18.52,31.484,,210,,,0,0,,,,,,0,og-post,,,,AAXX 05124 07591 04/// /2110 10175 20006 39179 48528 58014 60001 700// 333 60007 90710 91117 555 60005=
07591,2009-05-05 13:00:00,18.4,,-1.7,30,0.5,,22.224,35.188,,220,,,0,,,,,,,0,og-post,,,,AAXX 05134 07591 24/// /2212 10184 20005 39175 48526 56017 700// 333 60005 90710 91119=
07591,2009-05-05 14:00:00,18.8,,-1.5,32,1.8,,18.52,35.188,,220,,,0,,,,,,,0,og-post,,,,AAXX 05144 07591 24/// /2210 10188 20018 39172 48525 56015 700// 333 60005 90710 91119=
07591,2009-05-05 15:00:00,18.8,,-0.9,33,2.2,,18.52,38.892,,220,,,0,0,,,,,,0,og-post,,,,AAXX 05154 07591 24/// /2210 10188 20022 39170 48523 56009 700// 333 60007 90710 91121 555 60005=
07591,2009-05-05 16:00:00,18.1,,-0.4,39,3.9,,18.52,35.188,,220,,,0,,,,,,,0,og-post,,,,AAXX 05164 07591 24/// /2210 10181 20039 39171 48523 55004 700// 333 60005 90710 91119=
07591,2009-05-05 17:00:00,15.7,,0.2,45,3.8,,14.816,31.484,,210,,,0,,,,,,,0,og-post,,,,AAXX 05174 07591 24/// /2108 10157 20038 39174 48520 53002 700// 333 60005 90710 91117=
07591,2009-05-05 18:00:00,14.3,,1,50,4,,11.112,22.224,,220,4.1,19.3,0,0,,,,,,0,og-post,,,,AAXX 05184 07591 04/// /2206 10143 20040 39180 48522 53010 60002 700// 333 10193 20041 60007 90710 91112 555 60005=
07591,2009-05-05 19:00:00,12.2,,1.4,60,4.7,,,14.816,,,,,0,,,,,,,0,og-post,,,,AAXX 05194 07591 24/// /0000 10122 20047 39185 48522 53014 700// 333 60005 90710 91108=
07591,2009-05-05 20:00:00,9.8,,1.7,69,4.4,,,7.408,,,,,0,,,,,,,0,og-post,,,,AAXX 05204 07591 24/// /0000 10098 20044 39191 48522 52017 700// 333 60005 90710 91104=
07591,2009-05-05 21:00:00,8.6,,2.1,74,4.2,,3.704,7.408,,350,,,0,0,,,,,,0,og-post,,,,AAXX 05214 07591 24/// /3502 10086 20042 39201 48528 53021 700// 333 60007 90710 91104 555 60005=
07591,2009-05-05 22:00:00,7.9,,2,75,3.8,,3.704,3.704,,330,,,0,,,,,,,0,og-post,,,,AAXX 05224 07591 24/// /3302 10079 20038 39205 48530 51020 700// 333 60005 90710 91102=
07591,2009-05-05 23:00:00,7.2,,1.9,77,3.4,,,7.408,,,,,0,,,,,,,0,og-post,,,,AAXX 05234 07591 24/// /0000 10072 20034 39210 48533 51019 700// 333 60005 90710 91104=
07591,2009-05-06 00:00:00,7,,0.7,77,3.3,,3.704,7.408,,30,,,0,0,,,,,,0,og-post,,,,AAXX 06004 07591 04/// /0302 10070 20033 39208 48531 50007 60001 700// 333 60007 90710 91104 555 60005=
07591,2009-05-06 01:00:00,6.4,,-0.1,81,3.4,,3.704,11.112,,360,,,0,,,,,,,0,og-post,,,,AAXX 06014 07591 24/// /3602 10064 20034 39204 48526 58001 700// 333 60005 90710 91106=
07591,2009-05-06 02:00:00,5.8,,-0.6,84,3.3,,3.704,7.408,,80,,,0,,,,,,,0,og-post,,,,AAXX 06024 07591 24/// /0802 10058 20033 39204 48524 56006 700// 333 60005 90710 91104=
07591,2009-05-06 03:00:00,5.7,,-0.7,84,3.2,,3.704,7.408,,360,,,0,0,,,,,,0,og-post,,,,AAXX 06034 07591 24/// /3602 10057 20032 39201 48521 56007 700// 333 60007 90710 91104 555 60005=
07591,2009-05-06 04:00:00,5.1,,-0.4,87,3.1,,,7.408,,,,,0,,,,,,,0,og-post,,,,AAXX 06044 07591 24/// /0000 10051 20031 39200 48519 58004 700// 333 60005 90710 91104=
07591,2009-05-06 05:00:00,4.7,,-0.3,89,3,,3.704,3.704,,10,,,0,,,,,,,0,og-post,,,,AAXX 06054 07591 24/// /0102 10047 20030 39201 48519 55003 700// 333 60005 90710 91102=
07591,2009-05-06 06:00:00,5.7,,0.4,86,3.5,,3.704,11.112,,220,4.6,14.3,0,0,,,0,10.9,1,0,og-post,,,,AAXX 06064 07591 04/// /2202 10057 20035 39205 48525 53004 60002 700// 333 10143 20046 3/001 55109 60007 70000 90710 91106 555 60005=
07591,2009-05-06 07:00:00,7.6,,0.7,80,4.4,,7.408,11.112,,210,,,0,,,,,,,0,og-post,,,,AAXX 06074 07591 24/// /2104 10076 20044 39207 48531 53007 700// 333 60005 90710 91106=
07591,2009-05-06 08:00:00,10.3,,0.5,67,4.5,,3.704,11.112,,190,,,0,,,,,,,0,og-post,,,,AAXX 06084 07591 24/// /1902 10103 20045 39206 48537 50005 700// 333 60005 90710 91106=
07591,2009-05-06 09:00:00,13.7,,-0.1,54,4.6,,7.408,14.816,,170,,,0,0,,,,,,0,og-post,,,,AAXX 06094 07591 24/// /1704 10137 20046 39204 48543 58001 700// 333 60007 90710 91108 555 60005=
07591,2009-05-06 10:00:00,16.4,,-0.9,46,4.8,,7.408,14.816,,200,,,0,,,,,,,0,og-post,,,,AAXX 06104 07591 24/// /2004 10164 20048 39198 48544 58009 700// 333 60005 90710 91108=
07591,2009-05-06 11:00:00,18.7,,-1.4,40,4.8,,11.112,22.224,,200,,,0,,,,,,,0,og-post,,,,AAXX 06114 07591 24/// /2006 10187 20048 39192 48543 58014 700// 333 60005 90710 91112=
07591,2009-05-06 12:00:00,21.2,,-1.9,31,3.4,,14.816,25.928,,220,,,0,0,,,,,,0,og-post,,,,AAXX 06124 07591 04/// /2208 10212 20034 39185 48542 58019 60001 700// 333 60007 90710 91114 555 60005=
07591,2009-05-06 13:00:00,22.5,,-1.8,25,1.5,,22.224,35.188,,220,,,0,,,,,,,0,og-post,,,,AAXX 06134 07591 24/// /2212 10225 20015 39180 48540 56018 700// 333 60005 90710 91119=
07591,2009-05-06 14:00:00,23.1,,-1.7,23,0.9,,18.52,38.892,,220,,,0,,,,,,,0,og-post,,,,AAXX 06144 07591 24/// /2210 10231 20009 39175 48537 56017 700// 333 60005 90710 91121=
07591,2009-05-06 15:00:00,23.2,,-1.2,24,1.5,,22.224,35.188,,230,,,0,0,,,,,,0,og-post,,,,AAXX 06154 07591 24/// /2312 10232 20015 39173 48535 56012 700// 333 60007 90710 91119 555 60005=
07591,2009-05-06 16:00:00,23,,-0.7,25,1.9,,18.52,31.484,,230,,,0,,,,,,,0,og-post,,,,AAXX 06164 07591 24/// /2310 10230 20019 39173 48535 56007 700// 333 60005 90710 91117=
07591,2009-05-06 17:00:00,21.8,,-0.2,28,2.5,,14.816,31.484,,230,,,0,,,,,,,0,og-post,,,,AAXX 06174 07591 24/// /2308 10218 20025 39173 48532 56002 700// 333 60005 90710 91117=
07591,2009-05-06 18:00:00,19.1,,0.3,37,4.1,,7.408,29.632,,180,5.8,23.5,0,0,,,,,,0,og-post,,,,AAXX 06184 07591 04/// /1804 10191 20041 39176 48529 53003 60002 700// 333 10235 20058 60007 90710 91116 555 60005=
07591,2009-05-06 19:00:00,16.3,,0.9,45,4.4,,3.704,11.112,,280,,,0,,,,,,,0,og-post,,,,AAXX 06194 07591 24/// /2802 10163 20044 39182 48529 53009 700// 333 60005 90710 91106=
07591,2009-05-06 20:00:00,13.4,,1.7,54,4.3,,3.704,11.112,,340,,,0,,,,,,,0,og-post,,,,AAXX 06204 07591 24/// /3402 10134 20043 39190 48529 53017 700// 333 60005 90710 91106=
07591,2009-05-06 21:00:00,12,,1.8,57,3.8,,3.704,7.408,,30,,,0,0,,,,,,0,og-post,,,,AAXX 06214 07591 24/// /0302 10120 20038 39194 48530 51018 700// 333 60007 90710 91104 555 60005=
07591,2009-05-06 22:00:00,10.7,,1.4,61,3.5,,3.704,11.112,,10,,,0,,,,,,,0,og-post,,,,AAXX 06224 07591 24/// /0102 10107 20035 39196 48529 51014 700// 333 60005 90710 91106=
07591,2009-05-06 23:00:00,10.7,,0.7,51,1,,11.112,18.52,,40,,,0,,,,,,,0,og-post,,,,AAXX 06234 07591 24/// /0406 10107 20010 39197 48529 51007 700// 333 60005 90710 91110=
07591,2009-05-07 00:00:00,9.8,,0.3,52,0.4,,7.408,18.52,,70,,,0,0,,,,,,0,og-post,,,,AAXX 07004 07591 04/// /0704 10098 20004 39197 48527 51003 60001 700// 333 60007 90710 91110 555 60005=
07591,2009-05-07 01:00:00,9.2,,-0.2,49,-0.9,,11.112,25.928,,40,,,0,,,,,,,0,og-post,,,,AAXX 07014 07591 24/// /0406 10092 21009 39194 48523 58002 700// 333 60005 90710 91114=
07591,2009-05-07 02:00:00,9.5,,-0.4,44,-2.1,,14.816,25.928,,30,,,0,,,,,,,0,og-post,,,,AAXX 07024 07591 24/// /0308 10095 21021 39193 48522 58004 700// 333 60005 90710 91114=
07591,2009-05-07 03:00:00,9.7,,-0.6,41,-2.9,,22.224,38.892,,20,,,0,0,,,,,,0,og-post,,,,AAXX 07034 07591 24/// /0212 10097 21029 39191 48521 56006 700// 333 60007 90710 91121 555 60005=
07591,2009-05-07 04:00:00,9.7,,-0.3,40,-3.2,,29.632,42.596,,20,,,0,,,,,,,0,og-post,,,,AAXX 07044 07591 24/// /0216 10097 21032 39191 48521 56003 700// 333 60005 90710 91123=
07591,2009-05-07 05:00:00,9.3,,0.1,40,-3.6,,22.224,46.3,,20,,,0,,,,,,,0,og-post,,,,AAXX 07054 07591 24/// /0212 10093 21036 39194 48523 53001 700// 333 60005 90710 91125=
07591,2009-05-07 06:00:00,9.4,,0.5,46,-1.6,,11.112,35.188,,70,8.1,19.1,0,0,,,0,10.4,5,0,og-post,,,,AAXX 07064 07591 04/// /0706 10094 21016 39196 48525 53005 60002 700// 333 10191 20081 3/005 55104 60007 70000 90710 91119 555 60005=
07591,2009-05-07 07:00:00,12.9,,0.6,38,-1.1,,11.112,35.188,,80,,,0,,,,,,,0,og-post,,,,AAXX 07074 07591 24/// /0806 10129 21011 39197 48534 51006 700// 333 60005 90710 91119=
07591,2009-05-07 08:00:00,15.9,,-0.2,33,-0.3,,11.112,31.484,,60,,,0,,,,,,,0,og-post,,,,AAXX 07084 07591 24/// /0606 10159 21003 39192 48536 58002 700// 333 60005 90710 91117=
07591,2009-05-07 09:00:00,18,,-0.4,31,0.6,,7.408,22.224,,210,,,0,0,,,,,,0,og-post,,,,AAXX 07094 07591 24/// /2104 10180 20006 39192 48541 58004 700// 333 60007 90710 91112 555 60005=
07591,2009-05-07 10:00:00,19.7,,-0.7,30,1.7,,11.112,18.52,,220,,,0,,,,,,,0,og-post,,,,AAXX 07104 07591 24/// /2206 10197 20017 39190 48543 56007 700// 333 60005 90710 91110=
07591,2009-05-07 11:00:00,22.7,,-0.9,26,2.2,,14.816,25.928,,200,,,0,,,,,,,0,og-post,,,,AAXX 07114 07591 24/// /2008 10227 20022 39183 48544 58009 700// 333 60005 90710 91114=
07591,2009-05-07 12:00:00,23.7,,-1.5,26,3.1,,18.52,31.484,,210,,,0,0,,,,,,0,og-post,,,,AAXX 07124 07591 04/// /2110 10237 20031 39177 48541 58015 60001 700// 333 60007 90710 91117 555 60005=
07591,2009-05-07 13:00:00,25.3,,-1.8,21,1.4,,18.52,31.484,,230,,,0,,,,,,,0,og-post,,,,AAXX 07134 07591 24/// /2310 10253 20014 39172 48539 56018 700// 333 60005 90710 91117=
07591,2009-05-07 14:00:00,25.4,,-1.3,23,2.8,,18.52,31.484,,240,,,0,,,,,,,0,og-post,,,,AAXX 07144 07591 24/// /2410 10254 20028 39170 48538 56013 700// 333 60005 90710 91117=
07591,2009-05-07 15:00:00,25.1,,-0.7,19,-0.1,,18.52,35.188,,230,,,0,0,,,,,,0,og-post,,,,AAXX 07154 07591 24/// /2310 10251 21001 39170 48537 56007 700// 333 60007 90710 91119 555 60005=
07591,2009-05-07 16:00:00,25.1,,-0.1,17,-1.6,,14.816,35.188,,230,,,0,,,,,,,0,og-post,,,,AAXX 07164 07591 24/// /2308 10251 21016 39171 48537 55001 700// 333 60005 90710 91119=
07591,2009-05-07 17:00:00,23.5,,0.1,24,1.8,,11.112,35.188,,250,,,0,,,,,,,0,og-post,,,,AAXX 07174 07591 24/// /2506 10235 20018 39171 48534 52001 700// 333 60005 90710 91119=
07591,2009-05-07 18:00:00,21.2,,0.7,36,5.5,,18.52,38.892,,250,9.4,25.6,0,0,,,,,,0,og-post,,,,AAXX 07184 07591 04/// /2510 10212 20055 39177 48535 53007 60002 700// 333 10256 20094 60007 90710 91121 555 60005=
07591,2009-05-07 19:00:00,19.1,,1.5,46,7.2,,11.112,35.188,,210,,,0,,,,,,,0,og-post,,,,AAXX 07194 07591 24/// /2106 10191 20072 39186 48539 53015 700// 333 60005 90710 91119=
07591,2009-05-07 20:00:00,17.1,,2.2,51,6.9,,7.408,14.816,,220,,,0,,,,,,,0,og-post,,,,AAXX 07204 07591 24/// /2204 10171 20069 39193 48541 53022 700// 333 60005 90710 91108=
07591,2009-05-07 21:00:00,15.9,,1.9,57,7.4,,7.408,18.52,,220,,,0,0,,,,,,0,og-post,,,,AAXX 07214 07591 24/// /2204 10159 20074 39196 48541 51019 700// 333 60007 90710 91110 555 60005=
07591,2009-05-07 22:00:00,15.9,,1.4,60,8.2,,3.704,18.52,,210,,,0,,,,,,,0,og-post,,,,AAXX 07224 07591 24/// /2102 10159 20082 39200 48545 51014 700// 333 60005 90710 91110=
07591,2009-05-07 23:00:00,14.4,,0.6,69,8.8,,,7.408,,,,,0,,,,,,,0,og-post,,,,AAXX 07234 07591 24/// /0000 10144 20088 39199 48541 50006 700// 333 60005 90710 91104=
07591,2009-05-08 00:00:00,13.2,,0.6,76,9.1,,3.704,7.408,,300,,,0,0,,,,,,0,og-post,,,,AAXX 08004 07591 04/// /3002 10132 20091 39202 48541 51006 60001 700// 333 60007 90710 91104 555 60005=
07591,2009-05-08 01:00:00,12.2,,-0.1,81,9,,3.704,7.408,,350,,,0,,,,,,,0,og-post,,,,AAXX 08014 07591 24/// /3502 10122 20090 39199 48536 58001 700// 333 60005 90710 91104=
07591,2009-05-08 02:00:00,11.3,,-0.1,82,8.3,,,7.408,,,,,0,,,,,,,0,og-post,,,,AAXX 08024 07591 24/// /0000 10113 20083 39198 48533 58001 700// 333 60005 90710 91104=
07591,2009-05-08 03:00:00,10.6,,-0.4,86,8.4,,3.704,7.408,,40,,,0,0,,,,,,0,og-post,,,,AAXX 08034 07591 24/// /0402 10106 20084 39198 48531 56004 700// 333 60007 90710 91104 555 60005=
07591,2009-05-08 04:00:00,10.2,,-0.1,87,8.1,,3.704,7.408,,20,,,0,,,,,,,0,og-post,,,,AAXX 08044 07591 24/// /0202 10102 20081 39198 48530 56001 700// 333 60005 90710 91104=
07591,2009-05-08 05:00:00,10.6,,0.4,85,8.2,,7.408,11.112,,30,,,0,,,,,,,0,og-post,,,,AAXX 08054 07591 24/// /0304 10106 20082 39202 48534 53004 700// 333 60005 90710 91106=
07591,2009-05-08 06:00:00,11.2,,0.3,82,8.2,,3.704,14.816,,70,10,21.1,0,0,,,0,11.7,8,0,og-post,,,,AAXX 08064 07591 04/// /0702 10112 20082 39201 48535 50003 60002 700// 333 10211 20100 3/008 55117 60007 70000 90710 91108 555 60005=
07591,2009-05-08 07:00:00,14.2,,0.3,70,8.8,,3.704,7.408,,110,,,0,,,,,,,0,og-post,,,,AAXX 08074 07591 24/// /1102 10142 20088 39201 48542 51003 700// 333 60005 90710 91104=
07591,2009-05-08 08:00:00,15.2,,0.3,64,8.4,,7.408,14.816,,210,,,0,,,,,,,0,og-post,,,,AAXX 08084 07591 24/// /2104 10152 20084 39205 48548 53003 700// 333 60005 90710 91108=
07591,2009-05-08 09:00:00,14.7,,0.7,71,9.5,,3.704,14.816,,220,,,0,0,,,,,,0,og-post,,,,AAXX 08094 07591 24/// /2202 10147 20095 39208 48550 53007 700// 333 60007 90710 91108 555 60005=
07591,2009-05-08 10:00:00,16.4,,1,60,8.6,,11.112,18.52,,210,,,0,,,,,,,0,og-post,,,,AAXX 08104 07591 24/// /2106 10164 20086 39211 48556 51010 700// 333 60005 90710 91110=
07591,2009-05-08 11:00:00,18.1,,0.5,52,8.1,,14.816,22.224,,170,,,0,,,,,,,0,og-post,,,,AAXX 08114 07591 24/// /1708 10181 20081 39210 48559 50005 700// 333 60005 90710 91112=
07591,2009-05-08 12:00:00,18.3,,0,52,8.3,,7.408,18.52,,160,,,0,0,,,,,,0,og-post,,,,AAXX 08124 07591 04/// /1604 10183 20083 39208 48558 50000 60001 700// 333 60007 90710 91110 555 60005=
07591,2009-05-08 13:00:00,19.3,,-0.6,45,7.1,,11.112,18.52,,170,,,0,,,,,,,0,og-post,,,,AAXX 08134 07591 24/// /1706 10193 20071 39205 48557 58006 700// 333 60005 90710 91110=
07591,2009-05-08 14:00:00,18.8,,-0.8,45,6.6,,11.112,22.224,,250,,,0,,,,,,,0,og-post,,,,AAXX 08144 07591 24/// /2506 10188 20066 39202 48553 58008 700// 333 60005 90710 91112=
07591,2009-05-08 15:00:00,17.3,,-0.1,53,7.6,,11.112,29.632,,210,,,0,0,,,,,,21,og-post,,,,AAXX 08154 07591 24/// /2106 10173 20076 39207 48554 55001 721// 333 60007 90710 91116 555 60005=
07591,2009-05-08 16:00:00,15.8,,0.7,63,8.8,,7.408,18.52,,220,,,0,,,,,,,61,og-post,,,,AAXX 08164 07591 24/// /2204 10158 20088 39212 48556 53007 761// 333 60005 90710 91110=
07591,2009-05-08 17:00:00,14.5,,0.6,80,11.1,,7.408,11.112,,340,,,0.8,,,,,,,21,og-post,,,,AAXX 08174 07591 24/// /3404 10145 20111 39208 48550 50006 721// 333 69985 90710 91106=
07591,2009-05-08 18:00:00,14.1,,0.1,80,10.7,,7.408,11.112,,360,11.2,19.4,0,0.8,,0.8,,,,0,og-post,,,,AAXX 08184 07591 04/// /3604 10141 20107 39208 48549 51001 69982 700// 333 10194 20112 69987 90710 91106 555 60005=
07591,2009-05-08 19:00:00,12.3,,-0.3,85,9.9,,7.408,11.112,,360,,,0,,,,,,,0,og-post,,,,AAXX 08194 07591 24/// /3604 10123 20099 39209 48545 55003 700// 333 60005 90710 91106=
07591,2009-05-08 20:00:00,10.7,,0.8,89,9,,3.704,7.408,,350,,,0,,,,,,,0,og-post,,,,AAXX 08204 07591 24/// /3502 10107 20090 39216 48547 53008 700// 333 60005 90710 91104=
07591,2009-05-08 21:00:00,9.9,,1.1,89,8.2,,3.704,11.112,,340,,,0,0,,,,,,0,og-post,,,,AAXX 08214 07591 24/// /3402 10099 20082 39219 48548 53011 700// 333 60007 90710 91106 555 60005=
07591,2009-05-08 22:00:00,9.6,,0.9,89,7.9,,7.408,11.112,,30,,,0,,,,,,,0,og-post,,,,AAXX 08224 07591 24/// /0304 10096 20079 39218 48546 50009 700// 333 60005 90710 91106=
07591,2009-05-08 23:00:00,10.2,,0,84,7.6,,14.816,18.52,,40,,,0,,,,,,,0,og-post,,,,AAXX 08234 07591 24/// /0408 10102 20076 39216 48546 50000 700// 333 60005 90710 91110=
07591,2009-05-09 00:00:00,10.4,,-0.6,80,7.1,,14.816,25.928,,40,,,0,0,,,,,,0,og-post,,,,AAXX 09004 07591 04/// /0408 10104 20071 39213 48544 58006 60001 700// 333 60007 90710 91114 555 60005=
07591,2009-05-09 01:00:00,11.4,,-0.6,73,6.7,,22.224,31.484,,20,,,0,,,,,,,0,og-post,,,,AAXX 09014 07591 24/// /0212 10114 20067 39212 48545 56006 700// 333 60005 90710 91117=
07591,2009-05-09 02:00:00,10.8,,-0.6,75,6.6,,14.816,29.632,,20,,,0,,,,,,,0,og-post,,,,AAXX 09024 07591 24/// /0208 10108 20066 39210 48542 56006 700// 333 60005 90710 91116=
07591,2009-05-09 03:00:00,11.2,,-0.7,72,6.3,,22.224,31.484,,30,,,0,0,,,,,,0,og-post,,,,AAXX 09034 07591 24/// /0312 10112 20063 39206 48539 58007 700// 333 60007 90710 91117 555 60005=
07591,2009-05-09 04:00:00,10.9,,-0.8,75,6.6,,22.224,35.188,,20,,,0,,,,,,,0,og-post,,,,AAXX 09044 07591 24/// /0212 10109 20066 39204 48537 57008 700// 333 60005 90710 91119=
07591,2009-05-09 05:00:00,10.8,,-0.5,75,6.6,,18.52,35.188,,20,,,0,,,,,,,0,og-post,,,,AAXX 09054 07591 24/// /0210 10108 20066 39205 48537 55005 700// 333 60005 90710 91119=
07591,2009-05-09 06:00:00,11.6,,-0.1,72,6.7,,22.224,31.484,,20,9.6,14.1,0,0,,,0.8,1.3,7,0,og-post,,,,AAXX 09064 07591 04/// /0212 10116 20067 39205 48539 56001 60002 700// 333 10141 20096 3/007 55013 60007 70008 90710 91117 555 60005=
07591,2009-05-09 07:00:00,13.2,,0,66,7,,18.52,35.188,,30,,,0,,,,,,,0,og-post,,,,AAXX 09074 07591 24/// /0310 10132 20070 39204 48542 50000 700// 333 60005 90710 91119=
07591,2009-05-09 08:00:00,14.5,,-0.1,66,8.2,,11.112,31.484,,40,,,0,,,,,,,0,og-post,,,,AAXX 09084 07591 24/// /0406 10145 20082 39204 48545 57001 700// 333 60005 90710 91117=
07591,2009-05-09 09:00:00,16.1,,-0.3,61,8.6,,3.704,11.112,,210,,,0,0,,,,,,0,og-post,,,,AAXX 09094 07591 24/// /2102 10161 20086 39202 48547 58003 700// 333 60007 90710 91106 555 60005=
07591,2009-05-09 10:00:00,16.7,,-0.2,57,8.1,,11.112,18.52,,230,,,0,,,,,,,0,og-post,,,,AAXX 09104 07591 24/// /2306 10167 20081 39202 48549 57002 700// 333 60005 90710 91110=
07591,2009-05-09 11:00:00,19.7,,-0.8,49,8.7,,7.408,14.816,,190,,,0,,,,,,,0,og-post,,,,AAXX 09114 07591 24/// /1904 10197 20087 39196 48550 58008 700// 333 60005 90710 91108=
07591,2009-05-09 12:00:00,18.7,,-0.7,54,9.2,,14.816,29.632,,220,,,0,0,,,,,,0,og-post,,,,AAXX 09124 07591 04/// /2208 10187 20092 39195 48547 58007 60001 700// 333 60007 90710 91116 555 60005=
07591,2009-05-09 13:00:00,15.5,,-0.5,62,8.3,,14.816,46.3,,170,,,0,,,,,,,61,og-post,,,,AAXX 09134 07591 24/// /1708 10155 20083 39197 48541 55005 761// 333 60005 90710 91125=
07591,2009-05-09 14:00:00,16.4,,0.2,56,7.6,,7.408,25.928,,170,,,0,,,,,,,0,og-post,,,,AAXX 09144 07591 24/// /1704 10164 20076 39198 48544 53002 700// 333 60005 90710 91114=
07591,2009-05-09 15:00:00,17.5,,0.5,53,7.8,,3.704,11.112,,50,,,0,0,,,,,,0,og-post,,,,AAXX 09154 07591 24/// /0502 10175 20078 39200 48549 52005 700// 333 60007 90710 91106 555 60005=
07591,2009-05-09 16:00:00,17.6,,-0.6,56,8.7,,14.816,22.224,,20,,,0,,,,,,,0,og-post,,,,AAXX 09164 07591 24/// /0208 10176 20087 39191 48541 58006 700// 333 60005 90710 91112=
07591,2009-05-09 17:00:00,18.4,,-1,52,8.4,,3.704,22.224,,50,,,0,,,,,,,0,og-post,,,,AAXX 09174 07591 24/// /0502 10184 20084 39188 48540 58010 700// 333 60005 90710 91112=
07591,2009-05-09 18:00:00,16.5,,-0.9,63,9.4,,3.704,11.112,,310,11.6,19.9,0,0,,,,,,0,og-post,,,,AAXX 09184 07591 04/// /3102 10165 20094 39191 48538 55009 60002 700// 333 10199 20116 60007 90710 91106 555 60005=
07591,2009-05-09 19:00:00,13.8,,0.5,68,8,,7.408,11.112,,10,,,0,,,,,,,0,og-post,,,,AAXX 09194 07591 24/// /0104 10138 20080 39196 48536 53005 700// 333 60005 90710 91106=
07591,2009-05-09 20:00:00,12.2,,1.2,74,7.7,,7.408,11.112,,360,,,0,,,,,,,0,og-post,,,,AAXX 09204 07591 24/// /3604 10122 20077 39200 48536 53012 700// 333 60005 90710 91106=
07591,2009-05-09 21:00:00,11.3,,1,74,6.8,,11.112,18.52,,40,,,0,0,,,,,,0,og-post,,,,AAXX 09214 07591 24/// /0406 10113 20068 39201 48535 51010 700// 333 60007 90710 91110 555 60005=
07591,2009-05-09 22:00:00,10.2,,0.9,80,6.9,,3.704,14.816,,340,,,0,,,,,,,0,og-post,,,,AAXX 09224 07591 24/// /3402 10102 20069 39205 48536 52009 700// 333 60005 90710 91108=
07591,2009-05-09 23:00:00,10.2,,0.9,79,6.7,,7.408,14.816,,50,,,0,,,,,,,0,og-post,,,,AAXX 09234 07591 24/// /0504 10102 20067 39209 48539 53009 700// 333 60005 90710 91108=
07591,2009-05-10 00:00:00,11.7,,0.5,71,6.6,,14.816,22.224,,30,,,0,0,,,,,,0,og-post,,,,AAXX 10004 07591 04/// /0308 10117 20066 39206 48540 50005 60001 700// 333 60007 90710 91112 555 60005=
07591,2009-05-10 01:00:00,11.3,,-0.5,73,6.6,,11.112,29.632,,60,,,0,,,,,,,0,og-post,,,,AAXX 10014 07591 24/// /0606 10113 20066 39200 48534 58005 700// 333 60005 90710 91116=
07591,2009-05-10 02:00:00,12.2,,-1.7,65,5.8,,22.224,31.484,,20,,,0,,,,,,,0,og-post,,,,AAXX 10024 07591 24/// /0212 10122 20058 39192 48529 58017 700// 333 60005 90710 91117=
07591,2009-05-10 03:00:00,12,,-2,66,5.9,,18.52,31.484,,20,,,0,0,,,,,,0,og-post,,,,AAXX 10034 07591 24/// /0210 10120 20059 39186 48523 57020 700// 333 60007 90710 91117 555 60005=
07591,2009-05-10 04:00:00,11.9,,-1.4,67,6,,14.816,35.188,,40,,,0,,,,,,,0,og-post,,,,AAXX 10044 07591 24/// /0408 10119 20060 39186 48523 56014 700// 333 60005 90710 91119=
07591,2009-05-10 05:00:00,11.6,,-0.2,66,5.5,,7.408,29.632,,30,,,0,,,,,,,0,og-post,,,,AAXX 10054 07591 24/// /0304 10116 20055 39190 48526 55002 700// 333 60005 90710 91116=
07591,2009-05-10 06:00:00,10.9,,0.8,76,6.8,,7.408,14.816,,60,9.7,16.4,0,0,,,0,3.4,7,0,og-post,,,,AAXX 10064 07591 04/// /0604 10109 20068 39194 48528 53008 60002 700// 333 10164 20097 3/007 55034 60007 70000 90710 91108 555 60005=
07591,2009-05-10 07:00:00,14.1,,0.6,61,6.7,,7.408,14.816,,70,,,0,,,,,,,0,og-post,,,,AAXX 10074 07591 24/// /0704 10141 20067 39192 48533 50006 700// 333 60005 90710 91108=
07591,2009-05-10 08:00:00,15.9,,0.3,55,6.9,,7.408,14.816,,190,,,0,,,,,,,0,og-post,,,,AAXX 10084 07591 24/// /1904 10159 20069 39193 48538 51003 700// 333 60005 90710 91108=
07591,2009-05-10 09:00:00,17,,-0,52,7.1,,3.704,14.816,,240,,,0,0,,,,,,0,og-post,,,,AAXX 10094 07591 24/// /2402 10170 20071 39194 48542 55000 700// 333 60007 90710 91108 555 60005=
07591,2009-05-10 10:00:00,18.3,,-0.3,51,8,,7.408,18.52,,30,,,0,,,,,,,0,og-post,,,,AAXX 10104 07591 24/// /0304 10183 20080 39189 48540 58003 700// 333 60005 90710 91110=
07591,2009-05-10 11:00:00,20,,-0.7,46,8,,7.408,18.52,,230,,,0,,,,,,,0,og-post,,,,AAXX 10114 07591 24/// /2304 10200 20080 39186 48541 58007 700// 333 60005 90710 91110=
07591,2009-05-10 12:00:00,20.5,,-1.2,41,6.8,,7.408,14.816,,210,,,0,0,,,,,,0,og-post,,,,AAXX 10124 07591 04/// /2104 10205 20068 39182 48539 56012 60001 700// 333 60007 90710 91108 555 60005=
07591,2009-05-10 13:00:00,18.5,,-0.2,34,2.4,,25.928,50.004,,260,,,0,,,,,,,0,og-post,,,,AAXX 10134 07591 24/// /2614 10185 20024 39187 48538 55002 700// 333 60005 90710 91127=
07591,2009-05-10 14:00:00,18.1,,0.4,41,4.7,,3.704,35.188,,70,,,0,,,,,,,0,og-post,,,,AAXX 10144 07591 24/// /0702 10181 20047 39190 48540 53004 700// 333 60005 90710 91119=
07591,2009-05-10 15:00:00,18.7,,0.5,35,2.9,,3.704,14.816,,210,,,0,0,,,,,,0,og-post,,,,AAXX 10154 07591 24/// /2102 10187 20029 39187 48539 50005 700// 333 60007 90710 91108 555 60005=
07591,2009-05-10 16:00:00,17.5,,-0.2,41,4.1,,22.224,31.484,,360,,,0,,,,,,,0,og-post,,,,AAXX 10164 07591 24/// /3612 10175 20041 39185 48534 58002 700// 333 60005 90710 91117=
07591,2009-05-10 17:00:00,16.9,,-0.7,45,4.9,,18.52,35.188,,10,,,0,,,,,,,0,og-post,,,,AAXX 10174 07591 24/// /0110 10169 20049 39183 48531 56007 700// 333 60005 90710 91119=
07591,2009-05-10 18:00:00,16.4,,-0.6,44,4.1,,18.52,31.484,,360,11,20.8,0,0,,,,,,0,og-post,,,,AAXX 10184 07591 04/// /3610 10164 20041 39181 48528 57006 60002 700// 333 10208 20110 60007 90710 91117 555 60005=
07591,2009-05-10 19:00:00,15.7,,0.1,47,4.4,,14.816,29.632,,10,,,0,,,,,,,0,og-post,,,,AAXX 10194 07591 24/// /0108 10157 20044 39186 48531 53001 700// 333 60005 90710 91116=
07591,2009-05-10 20:00:00,13.2,,0.7,56,4.6,,7.408,18.52,,60,,,0,,,,,,,0,og-post,,,,AAXX 10204 07591 24/// /0604 10132 20046 39190 48529 53007 700// 333 60005 90710 91110=
07591,2009-05-10 21:00:00,12.1,,1.5,59,4.3,,7.408,18.52,,40,,,0,0,,,,,,0,og-post,,,,AAXX 10214 07591 24/// /0404 10121 20043 39196 48532 53015 700// 333 60007 90710 91110 555 60005=
07591,2009-05-10 22:00:00,11.7,,0.9,62,4.7,,11.112,25.928,,50,,,0,,,,,,,0,og-post,,,,AAXX 10224 07591 24/// /0506 10117 20047 39195 48530 50009 700// 333 60005 90710 91114=
07591,2009-05-10 23:00:00,12,,0.6,60,4.5,,14.816,29.632,,40,,,0,,,,,,,0,og-post,,,,AAXX 10234 07591 24/// /0408 10120 20045 39196 48532 51006 700// 333 60005 90710 91116=
07591,2009-05-11 00:00:00,11.8,,-0.1,62,4.8,,14.816,29.632,,50,,,0,0,,,,,,0,og-post,,,,AAXX 11004 07591 04/// /0508 10118 20048 39195 48530 57001 60001 700// 333 60007 90710 91116 555 60005=
07591,2009-05-11 01:00:00,12.1,,-0.1,61,4.8,,14.816,25.928,,30,,,0,,,,,,,0,og-post,,,,AAXX 11014 07591 24/// /0308 10121 20048 39194 48530 58001 700// 333 60005 90710 91114=
07591,2009-05-11 02:00:00,11.5,,-0.5,62,4.5,,14.816,29.632,,40,,,0,,,,,,,0,og-post,,,,AAXX 11024 07591 24/// /0408 10115 20045 39191 48526 58005 700// 333 60005 90710 91116=
07591,2009-05-11 03:00:00,11.8,,-0.5,63,5,,14.816,29.632,,20,,,0,0,,,,,,0,og-post,,,,AAXX 11034 07591 24/// /0208 10118 20050 39190 48526 57005 700// 333 60007 90710 91116 555 60005=
07591,2009-05-11 04:00:00,10.8,,-0.4,71,5.8,,14.816,29.632,,40,,,0,,,,,,,21,og-post,,,,AAXX 11044 07591 24/// /0408 10108 20058 39190 48524 56004 721// 333 60005 90710 91116=
07591,2009-05-11 05:00:00,11.1,,-0,69,5.6,,18.52,29.632,,30,,,0,,,,,,,0,og-post,,,,AAXX 11054 07591 24/// /0310 10111 20056 39191 48525 55000 700// 333 60005 90710 91116=
07591,2009-05-11 06:00:00,11.8,,-0.2,67,5.9,,25.928,42.596,,20,10.7,16.4,0,0,,,0,3.2,9,21,og-post,,,,AAXX 11064 07591 04/// /0214 10118 20059 39188 48524 58002 60002 721// 333 10164 20107 3/009 55032 60007 70000 90710 91123 555 60005=
07591,2009-05-11 07:00:00,12,,-0,69,6.5,,18.52,42.596,,40,,,0,,,,,,,21,og-post,,,,AAXX 11074 07591 24/// /0410 10120 20065 39190 48527 55000 721// 333 60005 90710 91123=
07591,2009-05-11 08:00:00,13.2,,-0.3,65,6.8,,25.928,35.188,,20,,,0,,,,,,,0,og-post,,,,AAXX 11084 07591 24/// /0214 10132 20068 39188 48528 56003 700// 333 60005 90710 91119=
07591,2009-05-11 09:00:00,15,,-0.3,61,7.5,,22.224,38.892,,20,,,0,0,,,,,,0,og-post,,,,AAXX 11094 07591 24/// /0212 10150 20075 39185 48529 58003 700// 333 60007 90710 91121 555 60005=
07591,2009-05-11 10:00:00,16.8,,-0.8,54,7.4,,18.52,35.188,,20,,,0,,,,,,,0,og-post,,,,AAXX 11104 07591 24/// /0210 10168 20074 39182 48530 58008 700// 333 60005 90710 91119=
07591,2009-05-11 11:00:00,17.6,,-0.8,53,7.9,,11.112,29.632,,20,,,0,,,,,,,0,og-post,,,,AAXX 11114 07591 24/// /0206 10176 20079 39180 48530 56008 700// 333 60005 90710 91116=
07591,2009-05-11 12:00:00,20.4,,-1.3,48,9,,11.112,18.52,,30,,,0,0,,,,,,0,og-post,,,,AAXX 11124 07591 04/// /0306 10204 20090 39172 48530 58013 60001 700// 333 60007 90710 91110 555 60005=
07591,2009-05-11 13:00:00,22,,-1.5,44,9.2,,7.408,14.816,,70,,,0,,,,,,,0,og-post,,,,AAXX 11134 07591 24/// /0704 10220 20092 39167 48528 58015 700// 333 60005 90710 91108=
07591,2009-05-11 14:00:00,24.1,,-1.9,32,6.4,,14.816,25.928,,240,,,0,,,,,,,0,og-post,,,,AAXX 11144 07591 24/// /2408 10241 20064 39161 48527 56019 700// 333 60005 90710 91114=
07591,2009-05-11 15:00:00,24,,-1,35,7.6,,14.816,35.188,,230,,,0,0,,,,,,0,og-post,,,,AAXX 11154 07591 24/// /2308 10240 20076 39162 48528 55010 700// 333 60007 90710 91119 555 60005=
07591,2009-05-11 16:00:00,22.3,,-0.1,38,7.3,,18.52,38.892,,230,,,0,,,,,,,0,og-post,,,,AAXX 11164 07591 24/// /2310 10223 20073 39166 48528 55001 700// 333 60005 90710 91121=
07591,2009-05-11 17:00:00,21.2,,0.6,44,8.5,,14.816,35.188,,210,,,0,,,,,,,0,og-post,,,,AAXX 11174 07591 24/// /2108 10212 20085 39167 48527 52006 700// 333 60005 90710 91119=
07591,2009-05-11 18:00:00,19.4,,0.8,52,9.3,,11.112,29.632,,200,11.8,24.3,0,0,,,,,,0,og-post,,,,AAXX 11184 07591 04/// /2006 10194 20093 39170 48526 51008 60002 700// 333 10243 20118 60007 90710 91116 555 60005=
07591,2009-05-11 19:00:00,18.1,,0.9,54,8.7,,14.816,25.928,,210,,,0,,,,,,,0,og-post,,,,AAXX 11194 07591 24/// /2108 10181 20087 39175 48527 53009 700// 333 60005 90710 91114=
07591,2009-05-11 20:00:00,16.2,,1.3,71,10.9,,3.704,25.928,,10,,,0.4,,,,,,,21,og-post,,,,AAXX 11204 07591 24/// /0102 10162 20109 39180 48528 53013 721// 333 69945 90710 91114=
07591,2009-05-11 21:00:00,15.1,,0.6,67,9,,11.112,29.632,,40,,,0,0.4,,,,,,0,og-post,,,,AAXX 11214 07591 24/// /0406 10151 20090 39176 48521 50006 700// 333 69947 90710 91116 555 60005=
07591,2009-05-11 22:00:00,13.5,,0.5,75,9.2,,3.704,14.816,,350,,,0,,,,,,,0,og-post,,,,AAXX 11224 07591 24/// /3502 10135 20092 39180 48521 51005 700// 333 60005 90710 91108=
07591,2009-05-11 23:00:00,14.1,,0.1,68,8.3,,3.704,18.52,,50,,,0,,,,,,,0,og-post,,,,AAXX 11234 07591 24/// /0502 10141 20083 39181 48524 53001 700// 333 60005 90710 91110=
07591,2009-05-12 00:00:00,14.1,,-0.1,61,6.7,,14.816,22.224,,20,,,0,0,0.4,,,,,0,og-post,,,,AAXX 12004 07591 04/// /0208 10141 20067 39175 48518 58001 69941 700// 333 60007 90710 91112 555 60005=
07591,2009-05-12 01:00:00,12.9,,-0.5,70,7.6,,3.704,22.224,,60,,,0,,,,,,,0,og-post,,,,AAXX 12014 07591 24/// /0602 10129 20076 39175 48515 58005 700// 333 60005 90710 91112=
07591,2009-05-12 02:00:00,12.6,,-0.1,75,8.3,,3.704,11.112,,200,,,0,,,,,,,0,og-post,,,,AAXX 12024 07591 24/// /2002 10126 20083 39180 48519 55001 700// 333 60005 90710 91106=
07591,2009-05-12 03:00:00,12.2,,0.6,76,8.1,,3.704,18.52,,170,,,0,0,,,,,,60,og-post,,,,AAXX 12034 07591 24/// /1702 10122 20081 39181 48519 53006 760// 333 60007 90710 91110 555 60005=
07591,2009-05-12 04:00:00,11.6,,0.2,80,8.3,,11.112,18.52,,30,,,0,,,,,,,0,og-post,,,,AAXX 12044 07591 24/// /0306 10116 20083 39177 48514 50002 700// 333 60005 90710 91110=
07591,2009-05-12 05:00:00,12.3,,-0.1,74,7.8,,7.408,31.484,,30,,,0,,,,,,,0,og-post,,,,AAXX 12054 07591 24/// /0304 10123 20078 39179 48518 55001 700// 333 60005 90710 91117=
07591,2009-05-12 06:00:00,12,,0.1,79,8.5,,18.52,31.484,,30,11.5,19.3,0.2,0.2,,0.6,0.6,3.3,10,60,og-post,,,,AAXX 12064 07591 04/// /0310 10120 20085 39182 48520 53001 69962 760// 333 10193 20115 3/010 55033 69927 70006 90710 91117 555 69925=
07591,2009-05-12 07:00:00,13.9,,0.7,77,9.9,,11.112,35.188,,30,,,0,,,,,,,0,og-post,,,,AAXX 12074 07591 24/// /0306 10139 20099 39184 48526 52007 700// 333 60005 90710 91119=
07591,2009-05-12 08:00:00,15.6,,0.4,70,10.2,,11.112,29.632,,30,,,0,,,,,,,0,og-post,,,,AAXX 12084 07591 24/// /0306 10156 20102 39183 48529 50004 700// 333 60005 90710 91116=
07591,2009-05-12 09:00:00,15.7,,0.1,71,10.5,,11.112,14.816,,30,,,0,0,,,,,,0,og-post,,,,AAXX 12094 07591 24/// /0306 10157 20105 39183 48529 51001 700// 333 60007 90710 91108 555 60005=
07591,2009-05-12 10:00:00,17.4,,-0.5,66,11,,3.704,14.816,,70,,,0,,,,,,,0,og-post,,,,AAXX 12104 07591 24/// /0702 10174 20110 39179 48530 58005 700// 333 60005 90710 91108=
07591,2009-05-12 11:00:00,19,,-0.7,59,10.8,,3.704,11.112,,140,,,0,,,,,,,0,og-post,,,,AAXX 12114 07591 24/// /1402 10190 20108 39176 48531 58007 700// 333 60005 90710 91106=
07591,2009-05-12 12:00:00,21.8,,-1.2,50,10.9,,7.408,14.816,,180,,,0,0,,,,,,0,og-post,,,,AAXX 12124 07591 04/// /1804 10218 20109 39171 48532 58012 60001 700// 333 60007 90710 91108 555 60005=
07591,2009-05-12 13:00:00,23.8,,-1.1,31,5.7,,22.224,42.596,,260,,,0,,,,,,,0,og-post,,,,AAXX 12134 07591 24/// /2612 10238 20057 39168 48533 57011 700// 333 60005 90710 91123=
07591,2009-05-12 14:00:00,23.5,,-1,32,5.9,,18.52,46.3,,250,,,0,,,,,,,0,og-post,,,,AAXX 12144 07591 24/// /2510 10235 20059 39166 48530 56010 700// 333 60005 90710 91125=
07591,2009-05-12 15:00:00,22.6,,-0.4,32,5.1,,18.52,38.892,,260,,,0,0,,,,,,0,og-post,,,,AAXX 12154 07591 24/// /2610 10226 20051 39167 48529 55004 700// 333 60007 90710 91121 555 60005=
07591,2009-05-12 16:00:00,22.1,,-0.6,31,4.2,,25.928,61.116,,280,,,0,,,,,,,0,og-post,,,,AAXX 12164 07591 24/// /2814 10221 20042 39162 48523 58006 700// 333 60005 90710 91133=
07591,2009-05-12 17:00:00,21.9,,0.1,34,5.3,,18.52,42.596,,260,,,0,,,,,,,0,og-post,,,,AAXX 12174 07591 24/// /2610 10219 20053 39167 48528 53001 700// 333 60005 90710 91123=
07591,2009-05-12 18:00:00,19.9,,0.1,42,6.6,,7.408,35.188,,190,12.1,24.3,0,0,,,,,,60,og-post,,,,AAXX 12184 07591 04/// /1904 10199 20066 39168 48524 53001 60002 760// 333 10243 20121 60007 90710 91119 555 60005=
07591,2009-05-12 19:00:00,17.3,,0.9,56,8.4,,7.408,18.52,,340,,,0.2,,,,,,,0,og-post,,,,AAXX 12194 07591 24/// /3404 10173 20084 39171 48522 51009 700// 333 69925 90710 91110=
07591,2009-05-12 20:00:00,16.6,,1.1,61,9.1,,3.704,14.816,,250,,,0,,,,,,,21,og-post,,,,AAXX 12204 07591 24/// /2502 10166 20091 39178 48527 53011 721// 333 60005 90710 91108=
07591,2009-05-12 21:00:00,16.2,,1.1,60,8.4,,7.408,11.112,,260,,,0,0.2,,,,,,0,og-post,,,,AAXX 12214 07591 24/// /2604 10162 20084 39179 48527 51011 700// 333 69927 90710 91106 555 60005=
07591,2009-05-12 22:00:00,15.3,,1.1,66,9,,3.704,11.112,,330,,,0,,,,,,,0,og-post,,,,AAXX 12224 07591 24/// /3302 10153 20090 39182 48527 51011 700// 333 60005 90710 91106=
07591,2009-05-12 23:00:00,14.1,,0.4,72,9.1,,11.112,18.52,,50,,,0,,,,,,,21,og-post,,,,AAXX 12234 07591 24/// /0506 10141 20091 39182 48525 51004 721// 333 60005 90710 91110=
07591,2009-05-13 00:00:00,14.9,,-0.1,65,8.4,,3.704,35.188,,90,,,0,0,0.2,,,,,20,og-post,,,,AAXX 13004 07591 04/// /0902 10149 20084 39178 48523 58001 69921 720// 333 60007 90710 91119 555 60005=
07591,2009-05-13 01:00:00,14.2,,-0.1,69,8.6,,,11.112,,,,,0,,,,,,,0,og-post,,,,AAXX 13014 07591 24/// /0000 10142 20086 39181 48524 55001 700// 333 60005 90710 91106=
07591,2009-05-13 02:00:00,14.1,,-0.5,70,8.7,,11.112,18.52,,30,,,0,,,,,,,0,og-post,,,,AAXX 13024 07591 24/// /0306 10141 20087 39177 48520 57005 700// 333 60005 90710 91110=
07591,2009-05-13 03:00:00,13.7,,-0.3,72,8.7,,11.112,18.52,,50,,,0,0,,,,,,0,og-post,,,,AAXX 13034 07591 24/// /0506 10137 20087 39175 48517 58003 700// 333 60007 90710 91110 555 60005=
07591,2009-05-13 04:00:00,12.7,,-0.5,82,9.7,,3.704,14.816,,20,,,0.4,,,,,,,61,og-post,,,,AAXX 13044 07591 24/// /0202 10127 20097 39176 48516 55005 761// 333 69945 90710 91108=
07591,2009-05-13 05:00:00,12.2,,-0.1,85,9.8,,7.408,14.816,,50,,,0,,,,,,,0,og-post,,,,AAXX 13054 07591 24/// /0504 10122 20098 39176 48515 56001 700// 333 60005 90710 91108=
07591,2009-05-13 06:00:00,12.6,,0.2,83,9.8,,11.112,18.52,,20,12.2,20,0,0.4,,0.6,0.6,1.6,11,0,og-post,,,,AAXX 13064 07591 04/// /0206 10126 20098 39177 48517 52002 69962 700// 333 10200 20122 3/011 55016 69947 70006 90710 91110 555 60005=
07591,2009-05-13 07:00:00,12.8,,0.6,83,10,,7.408,18.52,,40,,,0,,,,,,,0,og-post,,,,AAXX 13074 07591 24/// /0404 10128 20100 39182 48522 53006 700// 333 60005 90710 91110=
07591,2009-05-13 08:00:00,12.7,,1.3,87,10.6,,14.816,22.224,,40,,,0.2,,,,,,,60,og-post,,,,AAXX 13084 07591 24/// /0408 10127 20106 39189 48528 53013 760// 333 69925 90710 91112=
07591,2009-05-13 09:00:00,13.6,,1.3,82,10.6,,18.52,31.484,,20,,,0.8,1,,,,,,60,og-post,,,,AAXX 13094 07591 24/// /0210 10136 20106 39190 48531 51013 760// 333 60017 90710 91117 555 69985=
07591,2009-05-13 10:00:00,14.9,,-0.2,74,10.3,,22.224,38.892,,10,,,0.2,,,,,,,0,og-post,,,,AAXX 13104 07591 24/// /0112 10149 20103 39180 48525 58002 700// 333 69925 90710 91121=
07591,2009-05-13 11:00:00,16,,-0.8,66,9.7,,18.52,31.484,,10,,,0,,,,,,,0,og-post,,,,AAXX 13114 07591 24/// /0110 10160 20097 39181 48528 57008 700// 333 60005 90710 91117=
07591,2009-05-13 12:00:00,17.4,,-1.4,67,11.2,,18.52,31.484,,360,,,0,0.2,1,,,,,0,og-post,,,,AAXX 13124 07591 04/// /3610 10174 20112 39176 48527 56014 60011 700// 333 69927 90710 91117 555 60005=
07591,2009-05-13 13:00:00,19.2,,-1.2,56,10.2,,11.112,31.484,,60,,,0,,,,,,,0,og-post,,,,AAXX 13134 07591 24/// /0606 10192 20102 39168 48523 58012 700// 333 60005 90710 91117=
07591,2009-05-13 14:00:00,19.8,,-2,52,9.7,,3.704,22.224,,70,,,0,,,,,,,0,og-post,,,,AAXX 13144 07591 24/// /0702 10198 20097 39161 48518 58020 700// 333 60005 90710 91112=
07591,2009-05-13 15:00:00,21.1,,-2.4,47,9.4,,3.704,7.408,,170,,,0,0,,,,,,0,og-post,,,,AAXX 13154 07591 24/// /1702 10211 20094 39152 48513 58024 700// 333 60007 90710 91104 555 60005=
07591,2009-05-13 16:00:00,21,,-2.2,48,9.6,,3.704,11.112,,360,,,0,,,,,,,0,og-post,,,,AAXX 13164 07591 24/// /3602 10210 20096 39146 48507 56022 700// 333 60005 90710 91106=
07591,2009-05-13 17:00:00,20.9,,-2,46,8.9,,7.408,14.816,,190,,,0,,,,,,,0,og-post,,,,AAXX 13174 07591 24/// /1904 10209 20089 39141 48502 56020 700// 333 60005 90710 91108=
07591,2009-05-13 18:00:00,19.1,,-1.3,55,9.9,,3.704,14.816,,200,12.4,21.3,0,0,,1,,,,0,og-post,,,,AAXX 13184 07591 04/// /2002 10191 20099 39139 48496 56013 60012 700// 333 10213 20124 60007 90710 91108 555 60005=
07591,2009-05-13 19:00:00,16.9,,-0.9,66,10.5,,,7.408,,,,,0,,,,,,,0,og-post,,,,AAXX 13194 07591 24/// /0000 10169 20105 39137 48490 56009 700// 333 60005 90710 91104=
07591,2009-05-13 20:00:00,14.8,,0.1,70,9.4,,3.704,7.408,,350,,,0,,,,,,,0,og-post,,,,AAXX 13204 07591 24/// /3502 10148 20094 39142 48490 53001 700// 333 60005 90710 91104=
07591,2009-05-13 21:00:00,13.8,,0.3,72,8.8,,7.408,7.408,,360,,,0,0,,,,,,0,og-post,,,,AAXX 13214 07591 24/// /3604 10138 20088 39142 48488 53003 700// 333 60007 90710 91104 555 60005=
07591,2009-05-13 22:00:00,13.2,,0.3,76,9.1,,3.704,11.112,,330,,,0,,,,,,,0,og-post,,,,AAXX 13224 07591 24/// /3302 10132 20091 39140 48485 50003 700// 333 60005 90710 91106=
07591,2009-05-13 23:00:00,12.9,,-0.1,77,9,,3.704,7.408,,10,,,0,,,,,,,0,og-post,,,,AAXX 13234 07591 24/// /0102 10129 20090 39141 48485 55001 700// 333 60005 90710 91104=
07591,2009-05-14 00:00:00,12.2,,-0.5,81,9,,7.408,11.112,,50,,,0,0,,,,,,0,og-post,,,,AAXX 14004 07591 04/// /0504 10122 20090 39137 48480 58005 60001 700// 333 60007 90710 91106 555 60005=
07591,2009-05-14 01:00:00,12.3,,-0.8,81,9.1,,7.408,11.112,,10,,,0,,,,,,,0,og-post,,,,AAXX 14014 07591 24/// /0104 10123 20091 39132 48475 58008 700// 333 60005 90710 91106=
07591,2009-05-14 02:00:00,12.2,,-1.6,80,8.9,,3.704,18.52,,30,,,0,,,,,,,0,og-post,,,,AAXX 14024 07591 24/// /0302 10122 20089 39125 48469 58016 700// 333 60005 90710 91110=
07591,2009-05-14 03:00:00,11.7,,-1.6,81,8.6,,7.408,11.112,,30,,,0,0,,,,,,0,og-post,,,,AAXX 14034 07591 24/// /0304 10117 20086 39121 48464 56016 700// 333 60007 90710 91106 555 60005=
07591,2009-05-14 04:00:00,11.4,,-1.3,82,8.4,,7.408,14.816,,60,,,0,,,,,,,0,og-post,,,,AAXX 14044 07591 24/// /0604 10114 20084 39119 48462 56013 700// 333 60005 90710 91108=
07591,2009-05-14 05:00:00,11.1,,-0.2,87,9,,3.704,11.112,,190,,,0,,,,,,,0,og-post,,,,AAXX 14054 07591 24/// /1902 10111 20090 39123 48465 55002 700// 333 60005 90710 91106=
07591,2009-05-14 06:00:00,11.5,,0.2,87,9.4,,3.704,7.408,,20,10.9,19.1,0,0,,,1.2,2,10,0,og-post,,,,AAXX 14064 07591 04/// /0202 10115 20094 39123 48466 53002 60002 700// 333 10191 20109 3/010 55020 60007 70012 90710 91104 555 60005=
07591,2009-05-14 07:00:00,13.5,,0.5,74,9,,,11.112,,,,,0,,,,,,,0,og-post,,,,AAXX 14074 07591 24/// /0000 10135 20090 39124 48471 51005 700// 333 60005 90710 91106=
07591,2009-05-14 08:00:00,13.6,,0,77,9.6,,3.704,7.408,,180,,,0,,,,,,,0,og-post,,,,AAXX 14084 07591 24/// /1802 10136 20096 39123 48470 50000 700// 333 60005 90710 91104=
07591,2009-05-14 09:00:00,14,,0.3,73,9.2,,3.704,14.816,,230,,,0,0,,,,,,0,og-post,,,,AAXX 14094 07591 24/// /2302 10140 20092 39126 48473 53003 700// 333 60007 90710 91108 555 60005=
07591,2009-05-14 10:00:00,14.7,,0.2,70,9.3,,3.704,11.112,,320,,,0,,,,,,,21,og-post,,,,AAXX 14104 07591 24/// /3202 10147 20093 39126 48475 53002 721// 333 60005 90710 91106=
07591,2009-05-14 11:00:00,15.7,,-0.4,69,10,,11.112,14.816,,30,,,0,,,,,,,0,og-post,,,,AAXX 14114 07591 24/// /0306 10157 20100 39119 48471 58004 700// 333 60005 90710 91108=
07591,2009-05-14 12:00:00,16.9,,-1.4,65,10.3,,7.408,14.816,,30,,,0,0,,,,,,0,og-post,,,,AAXX 14124 07591 04/// /0304 10169 20103 39112 48467 58014 60001 700// 333 60007 90710 91108 555 60005=
07591,2009-05-14 13:00:00,17.8,,-2,53,8.1,,14.816,22.224,,10,,,0,,,,,,,0,og-post,,,,AAXX 14134 07591 24/// /0108 10178 20081 39106 48463 56020 700// 333 60005 90710 91112=
07591,2009-05-14 14:00:00,16.6,,-1.5,59,8.6,,7.408,25.928,,360,,,0,,,,,,,0,og-post,,,,AAXX 14144 07591 24/// /3604 10166 20086 39104 48458 56015 700// 333 60005 90710 91114=
07591,2009-05-14 15:00:00,14.6,,-0.5,77,10.6,,3.704,22.224,,90,,,0.2,0.2,,,,,,60,og-post,,,,AAXX 14154 07591 24/// /0902 10146 20106 39107 48458 55005 760// 333 69927 90710 91112 555 69925=
07591,2009-05-14 16:00:00,13.6,,0.1,81,10.4,,3.704,14.816,,210,,,0.6,,,,,,,60,og-post,,,,AAXX 14164 07591 24/// /2102 10136 20104 39107 48456 53001 760// 333 69965 90710 91108=
07591,2009-05-14 17:00:00,12.9,,-0.3,91,11.5,,7.408,11.112,,50,,,0.8,,,,,,,61,og-post,,,,AAXX 14174 07591 24/// /0504 10129 20115 39101 48449 58003 761// 333 69985 90710 91106=
07591,2009-05-14 18:00:00,12.4,,-0.6,91,11,,3.704,11.112,,70,11.5,17.8,0.4,2,,2,,,,0,og-post,,,,AAXX 14184 07591 04/// /0702 10124 20110 39101 48448 57006 60022 700// 333 10178 20115 60027 90710 91106 555 69945=
07591,2009-05-14 19:00:00,12.2,,-0.7,93,11.1,,3.704,11.112,,50,,,0,,,,,,,60,og-post,,,,AAXX 14194 07591 24/// /0502 10122 20111 39100 48446 56007 760// 333 60005 90710 91106=
07591,2009-05-14 20:00:00,11.7,,-0,94,10.8,,,11.112,,,,,0,,,,,,,0,og-post,,,,AAXX 14204 07591 24/// /0000 10117 20108 39101 48446 55000 700// 333 60005 90710 91106=
07591,2009-05-14 21:00:00,11,,0.1,94,10.1,1700,3.704,3.704,,310,,,0,0,,,,,,10,og-post,,,,AAXX 14214 07591 24/17 /3102 10110 20101 39102 48446 53001 710// 333 60007 90710 91102 555 60005=
07591,2009-05-14 22:00:00,10.8,,-0.1,95,10,,3.704,7.408,,330,,,0,,,,,,,60,og-post,,,,AAXX 14224 07591 24/// /3302 10108 20100 39099 48443 58001 760// 333 60005 90710 91104=
07591,2009-05-14 23:00:00,10.8,,-0.5,96,10.2,,3.704,7.408,,20,,,1,,,,,,,61,og-post,,,,AAXX 14234 07591 24/// /0202 10108 20102 39096 48440 58005 761// 333 60015 90710 91104=
07591,2009-05-15 00:00:00,10.7,,-1,96,10.1,,3.704,3.704,,60,,,0.2,1,1,,,,,21,og-post,,,,AAXX 15004 07591 04/// /0602 10107 20101 39092 48436 58010 60011 721// 333 60017 90710 91102 555 69925=
07591,2009-05-15 01:00:00,10.5,,-1.3,96,9.9,,3.704,7.408,,30,,,0.2,,,,,,,61,og-post,,,,AAXX 15014 07591 24/// /0302 10105 20099 39086 48430 58013 761// 333 69925 90710 91104=
07591,2009-05-15 02:00:00,10.4,,-1.4,96,9.8,,3.704,7.408,,30,,,0.4,,,,,,,21,og-post,,,,AAXX 15024 07591 24/// /0302 10104 20098 39082 48426 57014 721// 333 69945 90710 91104=
07591,2009-05-15 03:00:00,10.4,,-1.2,96,9.8,,3.704,7.408,,150,,,0.4,1,,,,,,61,og-post,,,,AAXX 15034 07591 24/// /1502 10104 20098 39080 48425 56012 761// 333 60017 90710 91104 555 69945=
07591,2009-05-15 04:00:00,10.5,,-0.8,97,10,,,7.408,,,,,1,,,,,,,21,og-post,,,,AAXX 15044 07591 24/// /0000 10105 20100 39078 48423 56008 721// 333 60015 90710 91104=
07591,2009-05-15 05:00:00,10.1,,-0.5,96,9.5,,7.408,14.816,,70,,,0.4,,,,,,,61,og-post,,,,AAXX 15054 07591 24/// /0704 10101 20095 39077 48421 56005 761// 333 69945 90710 91108=
07591,2009-05-15 06:00:00,10.2,,0.1,92,9,,14.816,31.484,,20,10,12.5,0.4,2,,4,6,0,9,61,og-post,,,,AAXX 15064 07591 04/// /0208 10102 20090 39081 48425 53001 60042 761// 333 10125 20100 3/009 55000 60027 70060 90710 91117 555 69945=
07591,2009-05-15 07:00:00,10.1,,0.5,92,8.9,,11.112,25.928,,40,,,2,,,,,,,61,og-post,,,,AAXX 15074 07591 24/// /0406 10101 20089 39083 48426 53005 761// 333 60025 90710 91114=
07591,2009-05-15 08:00:00,10,,0.8,93,8.9,,11.112,22.224,,40,,,0.8,,,,,,,61,og-post,,,,AAXX 15084 07591 24/// /0406 10100 20089 39085 48428 51008 761// 333 69985 90710 91112=
07591,2009-05-17 09:00:00,18.6,,0.3,54,9.1,,7.408,18.52,,220,,,0,0,,,,,,0,og-post,,,,AAXX 17094 07591 24/// /2204 10186 20091 39176 48529 52003 700// 333 60007 90710 91110 555 60005=
07591,2009-05-17 12:00:00,21.9,,-0.6,48,10.4,,14.816,25.928,,190,,,0,0,,,,,,0,og-post,,,,AAXX 17124 07591 04/// /1908 10219 20104 39170 48531 57006 60001 700// 333 60007 90710 91114 555 60005=
07591,2009-05-17 15:00:00,23.3,,-0.9,36,7.4,,18.52,38.892,,270,,,0,0,,,,,,0,og-post,,,,AAXX 17154 07591 24/// /2710 10233 20074 39161 48525 56009 700// 333 60007 90710 91121 555 60005=
07591,2009-05-17 18:00:00,18.6,,0.9,56,9.7,,14.816,31.484,,210,12,23.6,0,0,,,,,,0,og-post,,,,AAXX 17184 07591 04/// /2108 10186 20097 39170 48524 53009 60002 700// 333 10236 20120 60007 90710 91117 555 60005=
07591,2009-05-17 21:00:00,14.9,,1.9,70,9.5,,7.408,11.112,,200,,,0,0,,,,,,0,og-post,,,,AAXX 17214 07591 24/// /2004 10149 20095 39189 48533 53019 700// 333 60007 90710 91106 555 60005=
07591,2009-05-18 00:00:00,11.8,,-0.3,84,9.2,,7.408,11.112,,30,,,0,0,,,,,,0,og-post,,,,AAXX 18004 07591 04/// /0304 10118 20092 39186 48523 58003 60001 700// 333 60007 90710 91106 555 60005=
07591,2009-05-18 03:00:00,9.6,,-0.2,91,8.2,,3.704,7.408,,30,,,0,0,,,,,,0,og-post,,,,AAXX 18034 07591 24/// /0302 10096 20082 39184 48516 58002 700// 333 60007 90710 91104 555 60005=
07591,2009-05-18 04:00:00,9.3,,0.1,91,7.9,,3.704,7.408,,70,,,0,,,,,,,0,og-post,,,,AAXX 18044 07591 24/// /0702 10093 20079 39187 48518 53001 700// 333 60005 90710 91104=
07591,2009-05-18 05:00:00,10.4,,-0.1,87,8.3,,14.816,22.224,,30,,,0,,,,,,,0,og-post,,,,AAXX 18054 07591 24/// /0308 10104 20083 39186 48520 56001 700// 333 60005 90710 91112=
07591,2009-05-18 06:00:00,11.5,,0.1,84,8.9,,11.112,25.928,,60,9.2,18.6,0,0,,,0,8,5,0,og-post,,,,AAXX 18064 07591 04/// /0606 10115 20089 39185 48521 50001 60002 700// 333 10186 20092 3/005 55080 60007 70000 90710 91114 555 60005=
07591,2009-05-18 07:00:00,13.2,,-0.2,77,9.3,,7.408,18.52,,40,,,0,,,,,,,0,og-post,,,,AAXX 18074 07591 24/// /0404 10132 20093 39185 48525 56002 700// 333 60005 90710 91110=
07591,2009-05-18 08:00:00,12.8,,1,84,10.2,,7.408,35.188,,340,,,0.2,,,,,,,21,og-post,,,,AAXX 18084 07591 24/// /3404 10128 20102 39196 48535 53010 721// 333 69925 90710 91119=
07591,2009-05-18 09:00:00,17,,0.2,65,10.4,,7.408,14.816,,80,,,0,0.2,,,,,,0,og-post,,,,AAXX 18094 07591 24/// /0804 10170 20104 39187 48536 50002 700// 333 69927 90710 91108 555 60005=
07591,2009-05-18 10:00:00,18,,-0.2,58,9.6,,3.704,14.816,,210,,,0,,,,,,,0,og-post,,,,AAXX 18104 07591 24/// /2102 10180 20096 39183 48534 58002 700// 333 60005 90710 91108=
07591,2009-05-18 11:00:00,20.7,,-1.7,50,9.9,,11.112,18.52,,200,,,0,,,,,,,0,og-post,,,,AAXX 18114 07591 24/// /2006 10207 20099 39179 48537 56017 700// 333 60005 90710 91110=
07591,2009-05-18 12:00:00,20.1,,-0.9,46,8.1,,18.52,29.632,,220,,,0,0,0.2,,,,,0,og-post,,,,AAXX 18124 07591 04/// /2210 10201 20081 39178 48534 56009 69921 700// 333 60007 90710 91116 555 60005=
07591,2009-05-18 13:00:00,20.4,,-0.3,49,9.3,,14.816,29.632,,210,,,0,,,,,,,0,og-post,,,,AAXX 18134 07591 24/// /2108 10204 20093 39180 48537 55003 700// 333 60005 90710 91116=
07591,2009-05-18 14:00:00,22.7,,-0.4,43,9.5,,14.816,25.928,,220,,,0,,,,,,,0,og-post,,,,AAXX 18144 07591 24/// /2208 10227 20095 39175 48538 58004 700// 333 60005 90710 91114=
07591,2009-05-18 15:00:00,23.5,,-0.7,35,7.2,,14.816,31.484,,240,,,0,0,,,,,,0,og-post,,,,AAXX 18154 07591 24/// /2408 10235 20072 39171 48535 58007 700// 333 60007 90710 91117 555 60005=
07591,2009-05-18 16:00:00,23.4,,-1.1,36,7.5,,11.112,31.484,,230,,,0,,,,,,,0,og-post,,,,AAXX 18164 07591 24/// /2306 10234 20075 39169 48533 56011 700// 333 60005 90710 91117=
07591,2009-05-18 17:00:00,20.7,,-0.5,42,7.3,,14.816,25.928,,210,,,0,,,,,,,0,og-post,,,,AAXX 18174 07591 24/// /2108 10207 20073 39170 48528 55005 700// 333 60005 90710 91114=
07591,2009-05-18 18:00:00,19,,0.4,49,8.1,,14.816,29.632,,200,11.5,23.7,0,0,,0.2,,,,0,og-post,,,,AAXX 18184 07591 04/// /2008 10190 20081 39175 48529 53004 69922 700// 333 10237 20115 60007 90710 91116 555 60005=
07591,2009-05-18 19:00:00,17.3,,1,56,8.4,,7.408,25.928,,200,,,0,,,,,,,0,og-post,,,,AAXX 18194 07591 24/// /2004 10173 20084 39179 48529 53010 700// 333 60005 90710 91114=
07591,2009-05-18 20:00:00,16.7,,1.7,60,8.9,,7.408,18.52,,210,,,0,,,,,,,0,og-post,,,,AAXX 18204 07591 24/// /2104 10167 20089 39187 48535 53017 700// 333 60005 90710 91110=
07591,2009-05-18 21:00:00,15.2,,1.7,79,11.6,,3.704,18.52,,300,,,0,0,,,,,,21,og-post,,,,AAXX 18214 07591 24/// /3002 10152 20116 39192 48537 53017 721// 333 60007 90710 91110 555 60005=
07591,2009-05-18 22:00:00,14.7,,1.7,77,10.7,,3.704,11.112,,250,,,0,,,,,,,0,og-post,,,,AAXX 18224 07591 24/// /2502 10147 20107 39196 48539 51017 700// 333 60005 90710 91106=
07591,2009-05-18 23:00:00,13.2,,1.3,83,10.4,,3.704,11.112,,40,,,0,,,,,,,0,og-post,,,,AAXX 18234 07591 24/// /0402 10132 20104 39200 48539 51013 700// 333 60005 90710 91106=
07591,2009-05-19 00:00:00,11.6,,0.9,87,9.5,,3.704,7.408,,360,,,0,0,,,,,,0,og-post,,,,AAXX 19004 07591 04/// /3602 10116 20095 39201 48536 51009 60001 700// 333 60007 90710 91104 555 60005=
07591,2009-05-19 01:00:00,10.8,,0.4,86,8.6,,7.408,14.816,,10,,,0,,,,,,,0,og-post,,,,AAXX 19014 07591 24/// /0104 10108 20086 39200 48533 50004 700// 333 60005 90710 91108=
07591,2009-05-19 02:00:00,10,,0.2,87,7.9,,7.408,14.816,,30,,,0,,,,,,,0,og-post,,,,AAXX 19024 07591 24/// /0304 10100 20079 39202 48533 53002 700// 333 60005 90710 91108=
07591,2009-05-19 03:00:00,9.6,,0.2,85,7.2,,11.112,18.52,,40,,,0,0,,,,,,0,og-post,,,,AAXX 19034 07591 24/// /0406 10096 20072 39203 48533 53002 700// 333 60007 90710 91110 555 60005=
07591,2009-05-19 04:00:00,9.9,,0.2,81,6.8,,14.816,22.224,,20,,,0,,,,,,,0,og-post,,,,AAXX 19044 07591 24/// /0208 10099 20068 39202 48533 50002 700// 333 60005 90710 91112=
07591,2009-05-19 05:00:00,9.3,,0.3,83,6.6,,11.112,18.52,,50,,,0,,,,,,,0,og-post,,,,AAXX 19054 07591 24/// /0506 10093 20066 39205 48534 53003 700// 333 60005 90710 91110=
07591,2009-05-19 06:00:00,11.5,,0.7,76,7.4,,14.816,22.224,,50,9.1,18.9,0,0,,,0.2,5,6,0,og-post,,,,AAXX 19064 07591 04/// /0508 10115 20074 39210 48544 53007 60002 700// 333 10189 20091 3/006 55050 60007 70002 90710 91112 555 60005=
07591,2009-05-19 07:00:00,14.4,,0.7,65,7.9,,14.816,29.632,,30,,,0,,,,,,,0,og-post,,,,AAXX 19074 07591 24/// /0308 10144 20079 39209 48550 50007 700// 333 60005 90710 91116=
07591,2009-05-19 08:00:00,17,,0.3,57,8.4,,11.112,29.632,,20,,,0,,,,,,,0,og-post,,,,AAXX 19084 07591 24/// /0206 10170 20084 39208 48555 50003 700// 333 60005 90710 91116=
07591,2009-05-19 09:00:00,19.1,,-0.3,49,8.1,,7.408,14.816,,200,,,0,0,,,,,,0,og-post,,,,AAXX 19094 07591 24/// /2004 10191 20081 39207 48559 57003 700// 333 60007 90710 91108 555 60005=
07591,2009-05-19 10:00:00,21.4,,-0.3,34,4.9,,11.112,22.224,,200,,,0,,,,,,,0,og-post,,,,AAXX 19104 07591 24/// /2006 10214 20049 39206 48563 57003 700// 333 60005 90710 91112=
07591,2009-05-19 11:00:00,22.7,,-0.4,29,3.8,,11.112,29.632,,230,,,0,,,,,,,0,og-post,,,,AAXX 19114 07591 24/// /2306 10227 20038 39204 48564 58004 700// 333 60005 90710 91116=
07591,2009-05-19 12:00:00,23.2,,-0.5,27,3.2,,14.816,35.188,,230,,,0,0,,,,,,0,og-post,,,,AAXX 19124 07591 04/// /2308 10232 20032 39202 48563 58005 60001 700// 333 60007 90710 91119 555 60005=
07591,2009-05-19 13:00:00,24.2,,-0.6,25,2.9,,14.816,35.188,,240,,,0,,,,,,,0,og-post,,,,AAXX 19134 07591 24/// /2408 10242 20029 39200 48563 57006 700// 333 60005 90710 91119=
07591,2009-05-19 14:00:00,24.1,,-0.9,25,2.9,,14.816,31.484,,220,,,0,,,,,,,0,og-post,,,,AAXX 19144 07591 24/// /2208 10241 20029 39195 48558 58009 700// 333 60005 90710 91117=
07591,2009-05-19 15:00:00,24,,-0.8,26,3.3,,14.816,35.188,,230,,,0,0,,,,,,0,og-post,,,,AAXX 19154 07591 24/// /2308 10240 20033 39194 48557 56008 700// 333 60007 90710 91119 555 60005=
07591,2009-05-19 16:00:00,23.9,,-0.7,26,3.2,,14.816,31.484,,220,,,0,,,,,,,0,og-post,,,,AAXX 19164 07591 24/// /2208 10239 20032 39193 48556 56007 700// 333 60005 90710 91117=
07591,2009-05-19 17:00:00,23.1,,-0.1,29,4.1,,11.112,25.928,,220,,,0,,,,,,,0,og-post,,,,AAXX 19174 07591 24/// /2206 10231 20041 39194 48555 55001 700// 333 60005 90710 91114=
07591,2009-05-19 18:00:00,21.1,,0.3,33,4.2,,7.408,18.52,,280,11.5,24.4,0,0,,,,,,0,og-post,,,,AAXX 19184 07591 04/// /2804 10211 20042 39197 48553 53003 60002 700// 333 10244 20115 60007 90710 91110 555 60005=
07591,2009-05-19 19:00:00,18.4,,0.8,40,4.6,,3.704,11.112,,140,,,0,,,,,,,0,og-post,,,,AAXX 19194 07591 24/// /1402 10184 20046 39201 48551 53008 700// 333 60005 90710 91106=
07591,2009-05-19 20:00:00,15.8,,1.6,46,4.2,,3.704,7.408,,340,,,0,,,,,,,0,og-post,,,,AAXX 19204 07591 24/// /3402 10158 20042 39210 48553 53016 700// 333 60005 90710 91104=
07591,2009-05-19 21:00:00,14.6,,1.7,50,4.3,,7.408,11.112,,40,,,0,0,,,,,,0,og-post,,,,AAXX 19214 07591 24/// /0404 10146 20043 39214 48554 52017 700// 333 60007 90710 91106 555 60005=
07591,2009-05-19 22:00:00,13,,1.6,55,4.2,,7.408,11.112,,350,,,0,,,,,,,0,og-post,,,,AAXX 19224 07591 24/// /3504 10130 20042 39217 48553 51016 700// 333 60005 90710 91106=
07591,2009-05-19 23:00:00,12.6,,1.1,57,4.3,,14.816,18.52,,20,,,0,,,,,,,0,og-post,,,,AAXX 19234 07591 24/// /0208 10126 20043 39221 48555 52011 700// 333 60005 90710 91110=
07591,2009-05-20 00:00:00,12.2,,0.6,58,4.2,,14.816,22.224,,40,,,0,0,,,,,,0,og-post,,,,AAXX 20004 07591 04/// /0408 10122 20042 39220 48554 50006 60001 700// 333 60007 90710 91112 555 60005=
07591,2009-05-20 01:00:00,13,,0.4,54,3.9,,18.52,29.632,,30,,,0,,,,,,,0,og-post,,,,AAXX 20014 07591 24/// /0310 10130 20039 39221 48556 51004 700// 333 60005 90710 91116=
07591,2009-05-20 02:00:00,13,,-0.1,53,3.7,,25.928,31.484,,20,,,0,,,,,,,0,og-post,,,,AAXX 20024 07591 24/// /0214 10130 20037 39220 48555 57001 700// 333 60005 90710 91117=
07591,2009-05-20 03:00:00,12.4,,0,55,3.6,,22.224,35.188,,20,,,0,0,,,,,,0,og-post,,,,AAXX 20034 07591 24/// /0212 10124 20036 39220 48554 50000 700// 333 60007 90710 91119 555 60005=
07591,2009-05-20 04:00:00,12.3,,0.1,54,3.3,,25.928,38.892,,10,,,0,,,,,,,0,og-post,,,,AAXX 20044 07591 24/// /0114 10123 20033 39222 48555 53001 700// 333 60005 90710 91121=
07591,2009-05-20 05:00:00,12,,0.5,55,3.3,,25.928,42.596,,30,,,0,,,,,,,0,og-post,,,,AAXX 20054 07591 24/// /0314 10120 20033 39225 48557 53005 700// 333 60005 90710 91123=
07591,2009-05-20 06:00:00,13.3,,0.6,53,3.9,,29.632,46.3,,20,11.8,21,0,0,,,0,11.9,6,0,og-post,,,,AAXX 20064 07591 04/// /0216 10133 20039 39226 48562 51006 60002 700// 333 10210 20118 3/006 55119 60007 70000 90710 91125 555 60005=
07591,2009-05-20 07:00:00,15.6,,0.5,48,4.6,,25.928,42.596,,20,,,0,,,,,,,0,og-post,,,,AAXX 20074 07591 24/// /0214 10156 20046 39227 48568 51005 700// 333 60005 90710 91123=
07591,2009-05-20 08:00:00,18,,0.1,43,5.2,,22.224,38.892,,30,,,0,,,,,,,0,og-post,,,,AAXX 20084 07591 24/// /0312 10180 20052 39226 48573 50001 700// 333 60005 90710 91121=
07591,2009-05-20 09:00:00,20.6,,-0.4,37,5.4,,14.816,29.632,,20,,,0,0,,,,,,0,og-post,,,,AAXX 20094 07591 24/// /0208 10206 20054 39222 48576 58004 700// 333 60007 90710 91116 555 60005=
07591,2009-05-20 10:00:00,23.1,,-0.9,30,4.6,,7.408,22.224,,170,,,0,,,,,,,0,og-post,,,,AAXX 20104 07591 24/// /1704 10231 20046 39218 48578 58009 700// 333 60005 90710 91112=
07591,2009-05-20 11:00:00,24.9,,-1.2,32,7.1,,11.112,22.224,,170,,,0,,,,,,,0,og-post,,,,AAXX 20114 07591 24/// /1706 10249 20071 39214 48579 57012 700// 333 60005 90710 91112=
07591,2009-05-20 12:00:00,26.3,,-1.3,17,-0.7,,14.816,25.928,,210,,,0,0,,,,,,0,og-post,,,,AAXX 20124 07591 04/// /2108 10263 21007 39209 48576 58013 60001 700// 333 60007 90710 91114 555 60005=
07591,2009-05-20 13:00:00,26.6,,-1.4,20,1.8,,14.816,29.632,,230,,,0,,,,,,,0,og-post,,,,AAXX 20134 07591 24/// /2308 10266 20018 39204 48572 58014 700// 333 60005 90710 91116=
07591,2009-05-20 14:00:00,27.2,,-1.3,19,1.6,,18.52,29.632,,230,,,0,,,,,,,0,og-post,,,,AAXX 20144 07591 24/// /2310 10272 20016 39201 48571 56013 700// 333 60005 90710 91116=
07591,2009-05-20 15:00:00,27.5,,-1.2,20,2.6,,14.816,29.632,,230,,,0,0,,,,,,0,og-post,,,,AAXX 20154 07591 24/// /2308 10275 20026 39197 48568 56012 700// 333 60007 90710 91116 555 60005=
07591,2009-05-20 16:00:00,27.1,,-0.9,19,1.5,,11.112,25.928,,240,,,0,,,,,,,0,og-post,,,,AAXX 20164 07591 24/// /2406 10271 20015 39195 48565 56009 700// 333 60005 90710 91114=
07591,2009-05-20 17:00:00,26.9,,-1,22,3.4,,7.408,18.52,,270,,,0,,,,,,,0,og-post,,,,AAXX 20174 07591 24/// /2704 10269 20034 39191 48561 57010 700// 333 60005 90710 91110=
07591,2009-05-20 18:00:00,23.6,,-0.4,35,7.3,,,14.816,,,13.3,27.7,0,0,,,,,,0,og-post,,,,AAXX 20184 07591 04/// /0000 10236 20073 39193 48556 55004 60002 700// 333 10277 20133 60007 90710 91108 555 60005=
07591,2009-05-20 19:00:00,21.1,,0.3,47,9.4,,11.112,14.816,,190,,,0,,,,,,,0,og-post,,,,AAXX 20194 07591 24/// /1906 10211 20094 39198 48555 53003 700// 333 60005 90710 91108=
07591,2009-05-20 20:00:00,18.3,,1.5,54,8.8,,7.408,14.816,,300,,,0,,,,,,,0,og-post,,,,AAXX 20204 07591 24/// /3004 10183 20088 39206 48556 53015 700// 333 60005 90710 91108=
07591,2009-05-20 21:00:00,17.1,,1.7,55,8,,7.408,11.112,,10,,,0,0,,,,,,0,og-post,,,,AAXX 20214 07591 24/// /0104 10171 20080 39210 48557 51017 700// 333 60007 90710 91106 555 60005=
07591,2009-05-20 22:00:00,15.7,,1.2,60,8,,3.704,11.112,,360,,,0,,,,,,,0,og-post,,,,AAXX 20224 07591 24/// /3602 10157 20080 39210 48554 51012 700// 333 60005 90710 91106=
07591,2009-05-20 23:00:00,14.9,,0.5,60,7.2,,11.112,14.816,,50,,,0,,,,,,,0,og-post,,,,AAXX 20234 07591 24/// /0506 10149 20072 39211 48552 51005 700// 333 60005 90710 91108=
07591,2009-05-21 00:00:00,13.8,,0.6,65,7.3,,3.704,14.816,,20,,,0,0,,,,,,0,og-post,,,,AAXX 21004 07591 04/// /0202 10138 20073 39216 48554 53006 60001 700// 333 60007 90710 91108 555 60005=
07591,2009-05-21 01:00:00,13.5,,0.5,63,6.6,,11.112,18.52,,40,,,0,,,,,,,0,og-post,,,,AAXX 21014 07591 24/// /0406 10135 20066 39215 48553 50005 700// 333 60005 90710 91110=
07591,2009-05-21 02:00:00,12.9,,0.5,65,6.5,,11.112,18.52,,30,,,0,,,,,,,0,og-post,,,,AAXX 21024 07591 24/// /0306 10129 20065 39216 48552 51005 700// 333 60005 90710 91110=
07591,2009-05-21 03:00:00,12.4,,0.1,68,6.7,,3.704,18.52,,40,,,0,0,,,,,,0,og-post,,,,AAXX 21034 07591 24/// /0402 10124 20067 39217 48552 53001 700// 333 60007 90710 91110 555 60005=
07591,2009-05-21 04:00:00,12.2,,-0.1,69,6.7,,14.816,25.928,,30,,,0,,,,,,,0,og-post,,,,AAXX 21044 07591 24/// /0308 10122 20067 39214 48549 58001 700// 333 60005 90710 91114=
07591,2009-05-21 05:00:00,12.4,,-1,70,7.1,,18.52,29.632,,50,,,0,,,,,,,0,og-post,,,,AAXX 21054 07591 24/// /0510 10124 20071 39206 48542 58010 700// 333 60005 90710 91116=
07591,2009-05-21 06:00:00,15.2,,-1.7,58,7,,22.224,42.596,,30,11.4,23.6,0,0,,,0,12,7,0,og-post,,,,AAXX 21064 07591 04/// /0312 10152 20070 39200 48543 58017 60002 700// 333 10236 20114 3/007 55120 60007 70000 90710 91123 555 60005=
07591,2009-05-21 07:00:00,17.7,,-1.4,55,8.6,,18.52,31.484,,20,,,0,,,,,,,0,og-post,,,,AAXX 21074 07591 24/// /0210 10177 20086 39200 48549 56014 700// 333 60005 90710 91117=
07591,2009-05-21 08:00:00,20.1,,-1,49,9.1,,14.816,29.632,,30,,,0,,,,,,,0,og-post,,,,AAXX 21084 07591 24/// /0308 10201 20091 39196 48551 56010 700// 333 60005 90710 91116=
07591,2009-05-21 09:00:00,22,,-0.5,45,9.5,,7.408,18.52,,190,,,0,0,,,,,,0,og-post,,,,AAXX 21094 07591 24/// /1904 10220 20095 39195 48555 58005 700// 333 60007 90710 91110 555 60005=
07591,2009-05-21 10:00:00,23.7,,-0.7,42,10,,7.408,22.224,,220,,,0,,,,,,,0,og-post,,,,AAXX 21104 07591 24/// /2204 10237 20100 39193 48557 56007 700// 333 60005 90710 91112=
07591,2009-05-21 11:00:00,26.3,,-1.1,32,8.3,,11.112,29.632,,220,,,0,,,,,,,0,og-post,,,,AAXX 21114 07591 24/// /2206 10263 20083 39185 48555 58011 700// 333 60005 90710 91116=
07591,2009-05-21 12:00:00,26.9,,-1.3,30,7.9,,18.52,38.892,,260,,,0,0,,,,,,0,og-post,,,,AAXX 21124 07591 04/// /2610 10269 20079 39182 48553 58013 60001 700// 333 60007 90710 91121 555 60005=
07591,2009-05-21 13:00:00,27.2,,-1.4,29,7.6,,18.52,38.892,,250,,,0,,,,,,,0,og-post,,,,AAXX 21134 07591 24/// /2510 10272 20076 39179 48551 56014 700// 333 60005 90710 91121=
07591,2009-05-21 14:00:00,27.7,,-0.8,30,8.6,,14.816,38.892,,250,,,0,,,,,,,0,og-post,,,,AAXX 21144 07591 24/// /2508 10277 20086 39177 48550 56008 700// 333 60005 90710 91121=
07591,2009-05-21 15:00:00,26.4,,-0.5,35,9.7,,14.816,29.632,,220,,,0,0,,,,,,0,og-post,,,,AAXX 21154 07591 24/// /2208 10264 20097 39177 48548 56005 700// 333 60007 90710 91116 555 60005=
07591,2009-05-21 16:00:00,24.5,,-0.4,41,10.4,,11.112,25.928,,230,,,0,,,,,,,0,og-post,,,,AAXX 21164 07591 24/// /2306 10245 20104 39175 48542 57004 700// 333 60005 90710 91114=
07591,2009-05-21 17:00:00,22.8,,0.1,50,11.8,,7.408,29.632,,170,,,0,,,,,,,0,og-post,,,,AAXX 21174 07591 24/// /1704 10228 20118 39178 48541 53001 700// 333 60005 90710 91116=
07591,2009-05-21 18:00:00,22.4,,0.4,47,10.5,,11.112,18.52,,270,15.1,27.8,0,0,,,,,,0,og-post,,,,AAXX 21184 07591 04/// /2706 10224 20105 39181 48543 53004 60002 700// 333 10278 20151 60007 90710 91110 555 60005=
07591,2009-05-21 19:00:00,20.8,,0.2,54,11.2,,3.704,25.928,,330,,,0,,,,,,,0,og-post,,,,AAXX 21194 07591 24/// /3302 10208 20112 39177 48536 50002 700// 333 60005 90710 91114=
07591,2009-05-21 20:00:00,19.5,,0.2,57,10.8,,7.408,14.816,,330,,,0,,,,,,,0,og-post,,,,AAXX 21204 07591 24/// /3304 10195 20108 39180 48535 52002 700// 333 60005 90710 91108=
07591,2009-05-21 21:00:00,18.8,,0.4,57,10.1,,3.704,14.816,,240,,,0,0,,,,,,0,og-post,,,,AAXX 21214 07591 24/// /2402 10188 20101 39185 48538 53004 700// 333 60007 90710 91108 555 60005=
07591,2009-05-21 22:00:00,17.9,,0.6,60,10,,3.704,11.112,,240,,,0,,,,,,,0,og-post,,,,AAXX 21224 07591 24/// /2402 10179 20100 39183 48534 50006 700// 333 60005 90710 91106=
07591,2009-05-21 23:00:00,17.3,,0.3,62,10,,3.704,7.408,,220,,,0,,,,,,,0,og-post,,,,AAXX 21234 07591 24/// /2202 10173 20100 39183 48533 51003 700// 333 60005 90710 91104=
07591,2009-05-22 00:00:00,16,,-0.5,67,9.9,,7.408,11.112,,40,,,0,0,,,,,,0,og-post,,,,AAXX 22004 07591 04/// /0404 10160 20099 39180 48527 58005 60001 700// 333 60007 90710 91106 555 60005=
07591,2009-05-22 01:00:00,15,,-0.5,71,9.8,,3.704,11.112,,40,,,0,,,,,,,0,og-post,,,,AAXX 22014 07591 24/// /0402 10150 20098 39178 48523 58005 700// 333 60005 90710 91106=
07591,2009-05-22 02:00:00,14.2,,-0.9,71,9,,7.408,18.52,,40,,,0,,,,,,,0,og-post,,,,AAXX 22024 07591 24/// /0404 10142 20090 39174 48518 58009 700// 333 60005 90710 91110=
07591,2009-05-22 03:00:00,14,,-0.9,72,9,,7.408,14.816,,20,,,0,0,,,,,,0,og-post,,,,AAXX 22034 07591 24/// /0204 10140 20090 39171 48514 58009 700// 333 60007 90710 91108 555 60005=
07591,2009-05-22 04:00:00,13.8,,-0.9,73,9,,3.704,18.52,,260,,,0,,,,,,,0,og-post,,,,AAXX 22044 07591 24/// /2602 10138 20090 39169 48512 56009 700// 333 60005 90710 91110=
07591,2009-05-22 05:00:00,13.4,,-0.3,75,9.1,,3.704,18.52,,310,,,0,,,,,,,0,og-post,,,,AAXX 22054 07591 24/// /3102 10134 20091 39171 48513 55003 700// 333 60005 90710 91110=
07591,2009-05-22 06:00:00,15.3,,0.3,69,9.7,,7.408,7.408,,70,13,22.6,0,0,,,0,8.6,12,0,og-post,,,,AAXX 22064 07591 04/// /0704 10153 20097 39174 48520 53003 60002 700// 333 10226 20130 3/012 55086 60007 70000 90710 91104 555 60005=
07591,2009-05-22 07:00:00,17,,0.7,66,10.6,,7.408,11.112,,70,,,0,,,,,,,0,og-post,,,,AAXX 22074 07591 24/// /0704 10170 20106 39176 48526 52007 700// 333 60005 90710 91106=
07591,2009-05-22 08:00:00,17.5,,0.6,65,10.9,,3.704,11.112,,180,,,0,,,,,,,0,og-post,,,,AAXX 22084 07591 24/// /1802 10175 20109 39177 48528 51006 700// 333 60005 90710 91106=
07591,2009-05-22 09:00:00,20.7,,0.3,57,11.9,,3.704,11.112,,190,,,0,0,,,,,,0,og-post,,,,AAXX 22094 07591 24/// /1902 10207 20119 39177 48536 51003 700// 333 60007 90710 91106 555 60005=
07591,2009-05-22 10:00:00,21.1,,0.3,61,13.3,,7.408,18.52,,190,,,0,,,,,,,0,og-post,,,,AAXX 22104 07591 24/// /1904 10211 20133 39179 48539 53003 700// 333 60005 90710 91110=
07591,2009-05-22 11:00:00,24.2,,0.1,47,12.2,,11.112,22.224,,210,,,0,,,,,,,0,og-post,,,,AAXX 22114 07591 24/// /2106 10242 20122 39178 48544 50001 700// 333 60005 90710 91112=
07591,2009-05-22 12:00:00,26.5,,-0.4,40,11.8,,14.816,25.928,,200,,,0,0,,,,,,0,og-post,,,,AAXX 22124 07591 04/// /2008 10265 20118 39173 48545 58004 60001 700// 333 60007 90710 91114 555 60005=
07591,2009-05-22 13:00:00,25.6,,-0,35,9,,18.52,31.484,,260,,,0,,,,,,,0,og-post,,,,AAXX 22134 07591 24/// /2610 10256 20090 39179 48548 55000 700// 333 60005 90710 91117=
07591,2009-05-22 14:00:00,26.7,,-0.9,37,10.8,,11.112,22.224,,240,,,0,,,,,,,0,og-post,,,,AAXX 22144 07591 24/// /2406 10267 20108 39169 48541 58009 700// 333 60005 90710 91112=
07591,2009-05-22 15:00:00,27.1,,-0.3,37,11.2,,11.112,29.632,,220,,,0,0,,,,,,0,og-post,,,,AAXX 22154 07591 24/// /2206 10271 20112 39170 48543 58003 700// 333 60007 90710 91116 555 60005=
07591,2009-05-22 16:00:00,26.3,,-1.1,36,10,,11.112,29.632,,260,,,0,,,,,,,0,og-post,,,,AAXX 22164 07591 24/// /2606 10263 20100 39168 48539 56011 700// 333 60005 90710 91116=
07591,2009-05-22 17:00:00,24.8,,0.5,45,12.1,,3.704,25.928,,10,,,0,,,,,,,0,og-post,,,,AAXX 22174 07591 24/// /0102 10248 20121 39174 48542 53005 700// 333 60005 90710 91114=
07591,2009-05-22 18:00:00,23.3,,0.9,42,9.7,,18.52,29.632,,30,15.3,27.6,0,0,,,,,,0,og-post,,,,AAXX 22184 07591 04/// /0310 10233 20097 39179 48543 53009 60002 700// 333 10276 20153 60007 90710 91116 555 60005=
07591,2009-05-22 19:00:00,21.9,,1.7,45,9.4,,18.52,35.188,,20,,,0,,,,,,,0,og-post,,,,AAXX 22194 07591 24/// /0210 10219 20094 39185 48545 52017 700// 333 60005 90710 91119=
07591,2009-05-22 20:00:00,20.7,,2,51,10.2,,14.816,31.484,,30,,,0,,,,,,,0,og-post,,,,AAXX 22204 07591 24/// /0308 10207 20102 39194 48551 53020 700// 333 60005 90710 91117=
07591,2009-05-22 21:00:00,19.9,,0.5,51,9.5,,31.484,46.3,,10,,,0,0,,,,,,0,og-post,,,,AAXX 22214 07591 24/// /0117 10199 20095 39184 48540 50005 700// 333 60007 90710 91125 555 60005=
07591,2009-05-22 22:00:00,19.4,,-0.2,53,9.6,,22.224,50.004,,20,,,0,,,,,,,0,og-post,,,,AAXX 22224 07591 24/// /0212 10194 20096 39183 48538 58002 700// 333 60005 90710 91127=
07591,2009-05-22 23:00:00,18,,-0.7,59,9.9,,7.408,42.596,,60,,,0,,,,,,,0,og-post,,,,AAXX 22234 07591 24/// /0604 10180 20099 39187 48538 55007 700// 333 60005 90710 91123=
07591,2009-05-23 00:00:00,17.6,,0.2,57,9,,18.52,31.484,,20,,,0,0,,,,,,0,og-post,,,,AAXX 23004 07591 04/// /0210 10176 20090 39186 48536 52002 60001 700// 333 60007 90710 91117 555 60005=
07591,2009-05-23 01:00:00,17.3,,-0.3,56,8.4,,22.224,35.188,,30,,,0,,,,,,,0,og-post,,,,AAXX 23014 07591 24/// /0312 10173 20084 39180 48530 58003 700// 333 60005 90710 91119=
07591,2009-05-23 02:00:00,16.8,,-0.9,56,8,,25.928,38.892,,20,,,0,,,,,,,0,og-post,,,,AAXX 23024 07591 24/// /0214 10168 20080 39178 48527 58009 700// 333 60005 90710 91121=
07591,2009-05-23 03:00:00,16.8,,-0.6,56,8,,22.224,35.188,,30,,,0,0,,,,,,0,og-post,,,,AAXX 23034 07591 24/// /0312 10168 20080 39180 48529 55006 700// 333 60007 90710 91119 555 60005=
07591,2009-05-23 04:00:00,16.7,,0.4,55,7.6,,18.52,29.632,,30,,,0,,,,,,,0,og-post,,,,AAXX 23044 07591 24/// /0310 10167 20076 39184 48532 53004 700// 333 60005 90710 91116=
07591,2009-05-23 05:00:00,14.2,,0.9,67,8.2,,14.816,25.928,,60,,,0,,,,,,,0,og-post,,,,AAXX 23054 07591 24/// /0608 10142 20082 39187 48529 53009 700// 333 60005 90710 91114=
07591,2009-05-23 06:00:00,16.3,,1,60,8.5,,14.816,31.484,,60,14.2,23.3,0,0,,,0,4.8,13,0,og-post,,,,AAXX 23064 07591 04/// /0608 10163 20085 39190 48537 51010 60002 700// 333 10233 20142 3/013 55048 60007 70000 90710 91117 555 60005=
07591,2009-05-23 07:00:00,19.3,,0.8,50,8.6,,18.52,35.188,,40,,,0,,,,,,,0,og-post,,,,AAXX 23074 07591 24/// /0410 10193 20086 39192 48546 51008 700// 333 60005 90710 91119=
07591,2009-05-23 08:00:00,22,,0.7,48,10.5,,11.112,25.928,,40,,,0,,,,,,,0,og-post,,,,AAXX 23084 07591 24/// /0406 10220 20105 39194 48554 51007 700// 333 60005 90710 91114=
07591,2009-05-23 09:00:00,23.3,,0.5,40,9,,3.704,18.52,,50,,,0,0,,,,,,0,og-post,,,,AAXX 23094 07591 24/// /0502 10233 20090 39195 48558 51005 700// 333 60007 90710 91110 555 60005=
07591,2009-05-23 10:00:00,25.5,,-0.1,45,12.7,,3.704,11.112,,140,,,0,,,,,,,0,og-post,,,,AAXX 23104 07591 24/// /1402 10255 20127 39191 48560 58001 700// 333 60005 90710 91106=
07591,2009-05-23 11:00:00,25.5,,-0.1,44,12.4,,7.408,14.816,,190,,,0,,,,,,,0,og-post,,,,AAXX 23114 07591 24/// /1904 10255 20124 39193 48562 55001 700// 333 60005 90710 91108=
07591,2009-05-23 12:00:00,28.3,,-0.6,35,11.4,,3.704,11.112,,250,,,0,0,,,,,,0,og-post,,,,AAXX 23124 07591 04/// /2502 10283 20114 39189 48564 57006 60001 700// 333 60007 90710 91106 555 60005=
07591,2009-05-23 13:00:00,29.3,,-0.6,30,9.9,,7.408,11.112,,200,,,0,,,,,,,0,og-post,,,,AAXX 23134 07591 24/// /2004 10293 20099 39185 48562 58006 700// 333 60005 90710 91106=
07591,2009-05-23 14:00:00,31.5,,-1.2,22,7.2,,11.112,31.484,,230,,,0,,,,,,,0,og-post,,,,AAXX 23144 07591 24/// /2306 10315 20072 39181 48563 57012 700// 333 60005 90710 91117=
07591,2009-05-23 15:00:00,27.2,,-0.3,44,13.9,,11.112,31.484,,170,,,0,0,,,,,,0,og-post,,,,AAXX 23154 07591 24/// /1706 10272 20139 39186 48559 55003 700// 333 60007 90710 91117 555 60005=
07591,2009-05-23 16:00:00,29.3,,0.4,26,7.8,,14.816,29.632,,240,,,0,,,,,,,0,og-post,,,,AAXX 23164 07591 24/// /2408 10293 20078 39189 48565 53004 700// 333 60005 90710 91116=
07591,2009-05-23 17:00:00,28.7,,0.8,32,10.4,,7.408,25.928,,250,,,0,,,,,,,0,og-post,,,,AAXX 23174 07591 24/// /2504 10287 20104 39189 48565 51008 700// 333 60005 90710 91114=
07591,2009-05-23 18:00:00,26.2,,0.6,36,10,,3.704,18.52,,360,16.3,31.8,0,0,,,,,,0,og-post,,,,AAXX 23184 07591 04/// /3602 10262 20100 39192 48562 52006 60002 700// 333 10318 20163 60007 90710 91110 555 60005=
07591,2009-05-23 19:00:00,22.5,,0.9,47,10.6,,7.408,7.408,,350,,,0,,,,,,,0,og-post,,,,AAXX 23194 07591 24/// /3504 10225 20106 39198 48559 53009 700// 333 60005 90710 91104=
07591,2009-05-23 20:00:00,21,,1.6,48,9.6,,7.408,18.52,,60,,,0,,,,,,,0,og-post,,,,AAXX 23204 07591 24/// /0604 10210 20096 39205 48562 53016 700// 333 60005 90710 91110=
07591,2009-05-23 21:00:00,18.9,,1.8,52,8.8,,3.704,14.816,,360,,,0,0,,,,,,0,og-post,,,,AAXX 23214 07591 24/// /3602 10189 20088 39210 48561 51018 700// 333 60007 90710 91108 555 60005=
07591,2009-05-23 22:00:00,17,,1.7,58,8.7,,,7.408,,,,,0,,,,,,,0,og-post,,,,AAXX 23224 07591 24/// /0000 10170 20087 39215 48561 51017 700// 333 60005 90710 91104=
07591,2009-05-23 23:00:00,16.3,,1.4,57,7.8,,7.408,7.408,,60,,,0,,,,,,,0,og-post,,,,AAXX 23234 07591 24/// /0604 10163 20078 39219 48563 51014 700// 333 60005 90710 91104=
07591,2009-05-24 00:00:00,16.4,,1.2,54,7.1,,11.112,18.52,,40,,,0,0,,,,,,0,og-post,,,,AAXX 24004 07591 04/// /0406 10164 20071 39222 48566 51012 60001 700// 333 60007 90710 91110 555 60005=
07591,2009-05-24 01:00:00,16.6,,0.6,53,7,,14.816,25.928,,40,,,0,,,,,,,0,og-post,,,,AAXX 24014 07591 24/// /0408 10166 20070 39221 48565 50006 700// 333 60005 90710 91114=
07591,2009-05-24 02:00:00,16.6,,0.2,50,6.1,,18.52,25.928,,30,,,0,,,,,,,0,og-post,,,,AAXX 24024 07591 24/// /0310 10166 20061 39221 48565 51002 700// 333 60005 90710 91114=
07591,2009-05-24 03:00:00,15.8,,-0.1,53,6.2,,18.52,31.484,,30,,,0,0,,,,,,0,og-post,,,,AAXX 24034 07591 24/// /0310 10158 20062 39221 48563 56001 700// 333 60007 90710 91117 555 60005=
07591,2009-05-24 04:00:00,16.3,,-0.1,50,5.9,,22.224,31.484,,20,,,0,,,,,,,0,og-post,,,,AAXX 24044 07591 24/// /0212 10163 20059 39220 48564 58001 700// 333 60005 90710 91117=
07591,2009-05-24 05:00:00,16.5,,0.2,49,5.8,,25.928,38.892,,20,,,0,,,,,,,0,og-post,,,,AAXX 24054 07591 24/// /0214 10165 20058 39223 48567 53002 700// 333 60005 90710 91121=
07591,2009-05-24 06:00:00,16.9,,0.6,51,6.7,,18.52,35.188,,30,15,26.1,0,0,,,0,7.7,12,0,og-post,,,,AAXX 24064 07591 04/// /0310 10169 20067 39227 48572 53006 60002 700// 333 10261 20150 3/012 55077 60007 70000 90710 91119 555 60005=
07591,2009-05-24 07:00:00,18.3,,0.7,49,7.4,,18.52,38.892,,40,,,0,,,,,,,0,og-post,,,,AAXX 24074 07591 24/// /0410 10183 20074 39227 48575 51007 700// 333 60005 90710 91121=
07591,2009-05-24 08:00:00,20.2,,0.2,48,8.8,,18.52,35.188,,50,,,0,,,,,,,0,og-post,,,,AAXX 24084 07591 24/// /0510 10202 20088 39225 48578 50002 700// 333 60005 90710 91119=
07591,2009-05-24 09:00:00,22.4,,-0.4,42,8.9,,14.816,29.632,,50,,,0,0,,,,,,0,og-post,,,,AAXX 24094 07591 24/// /0508 10224 20089 39223 48581 58004 700// 333 60007 90710 91116 555 60005=
07591,2009-05-24 10:00:00,24.7,,-0.6,38,9.4,,11.112,22.224,,50,,,0,,,,,,,0,og-post,,,,AAXX 24104 07591 24/// /0506 10247 20094 39221 48585 57006 700// 333 60005 90710 91112=
07591,2009-05-24 11:00:00,26.5,,-0.9,32,8.5,,7.408,14.816,,90,,,0,,,,,,,0,og-post,,,,AAXX 24114 07591 24/// /0904 10265 20085 39216 48585 58009 700// 333 60005 90710 91108=
07591,2009-05-24 12:00:00,29.1,,-1.2,23,5.9,,11.112,14.816,,210,,,0,0,,,,,,0,og-post,,,,AAXX 24124 07591 04/// /2106 10291 20059 39211 48585 58012 60001 700// 333 60007 90710 91108 555 60005=
07591,2009-05-24 13:00:00,31,,-1.5,17,3.1,,11.112,25.928,,250,,,0,,,,,,,0,og-post,,,,AAXX 24134 07591 24/// /2506 10310 20031 39206 48585 57015 700// 333 60005 90710 91114=
07591,2009-05-24 14:00:00,23.9,,-1.3,44,10.9,,14.816,31.484,,340,,,3,,,,,,,63,og-post,,,,AAXX 24144 07591 24/// /3408 10239 20109 39203 48567 56013 763// 333 60035 90710 91117=
07591,2009-05-24 15:00:00,28.6,,-0.9,36,12.1,,11.112,25.928,,170,,,0,3,,,,,,0,og-post,,,,AAXX 24154 07591 24/// /1706 10286 20121 39202 48577 56009 700// 333 60037 90710 91114 555 60005=
07591,2009-05-24 16:00:00,30.7,,-0.9,18,3.7,,22.224,46.3,,240,,,0,,,,,,,0,og-post,,,,AAXX 24164 07591 24/// /2412 10307 20037 39197 48575 58009 700// 333 60005 90710 91125=
07591,2009-05-24 17:00:00,29.6,,-0.5,17,2,,18.52,42.596,,260,,,0,,,,,,,0,og-post,,,,AAXX 24174 07591 24/// /2610 10296 20020 39198 48574 55005 700// 333 60005 90710 91123=
07591,2009-05-24 18:00:00,27.2,,-0.2,20,2.3,,14.816,31.484,,270,17,31.1,0,0,,3,,,,0,og-post,,,,AAXX 24184 07591 04/// /2708 10272 20023 39200 48570 55002 60032 700// 333 10311 20170 60007 90710 91117 555 60005=
07591,2009-05-24 19:00:00,23.7,,0.9,31,5.6,,3.704,29.632,,350,,,0,,,,,,,0,og-post,,,,AAXX 24194 07591 24/// /3502 10237 20056 39206 48568 53009 700// 333 60005 90710 91116=
07591,2009-05-24 20:00:00,20.4,,1.5,39,6,,7.408,11.112,,340,,,0,,,,,,,0,og-post,,,,AAXX 24204 07591 24/// /3404 10204 20060 39213 48567 53015 700// 333 60005 90710 91106=
07591,2009-05-24 21:00:00,19.1,,1.7,42,5.9,,14.816,18.52,,40,,,0,0,,,,,,0,og-post,,,,AAXX 24214 07591 24/// /0408 10191 20059 39217 48567 51017 700// 333 60007 90710 91110 555 60005=
07591,2009-05-24 22:00:00,18.6,,1.4,41,5.1,,14.816,22.224,,40,,,0,,,,,,,0,og-post,,,,AAXX 24224 07591 24/// /0408 10186 20051 39220 48569 51014 700// 333 60005 90710 91112=
07591,2009-05-24 23:00:00,19.4,,0.6,36,4,,18.52,29.632,,30,,,0,,,,,,,0,og-post,,,,AAXX 24234 07591 24/// /0310 10194 20040 39219 48570 50006 700// 333 60005 90710 91116=
07591,2009-05-25 00:00:00,19.1,,0,36,3.7,,25.928,38.892,,10,,,0,0,,,,,,0,og-post,,,,AAXX 25004 07591 04/// /0114 10191 20037 39217 48567 50000 60001 700// 333 60007 90710 91121 555 60005=
07591,2009-05-25 01:00:00,17.7,,-0.1,40,3.9,,14.816,35.188,,30,,,0,,,,,,,0,og-post,,,,AAXX 25014 07591 24/// /0308 10177 20039 39219 48566 55001 700// 333 60005 90710 91119=
07591,2009-05-25 02:00:00,16.7,,-0.2,42,3.7,,14.816,31.484,,40,,,0,,,,,,,0,og-post,,,,AAXX 25024 07591 24/// /0408 10167 20037 39217 48561 57002 700// 333 60005 90710 91117=
07591,2009-05-25 03:00:00,14.5,,-0.5,49,3.9,,18.52,31.484,,50,,,0,0,,,,,,0,og-post,,,,AAXX 25034 07591 24/// /0510 10145 20039 39212 48552 58005 700// 333 60007 90710 91117 555 60005=
07591,2009-05-25 04:00:00,16.3,,-0.7,41,3,,22.224,35.188,,20,,,0,,,,,,,0,og-post,,,,AAXX 25044 07591 24/// /0212 10163 20030 39212 48556 56007 700// 333 60005 90710 91119=
07591,2009-05-25 05:00:00,16.4,,-0.5,41,3.1,,22.224,42.596,,20,,,0,,,,,,,0,og-post,,,,AAXX 25054 07591 24/// /0212 10164 20031 39212 48556 56005 700// 333 60005 90710 91123=
07591,2009-05-25 06:00:00,17.2,,-0,43,4.5,,22.224,38.892,,30,14.5,27.1,0,0,,,3.2,9.6,12,0,og-post,,,,AAXX 25064 07591 04/// /0312 10172 20045 39212 48558 54000 60002 700// 333 10271 20145 3/012 55096 60007 70032 90710 91121 555 60005=
07591,2009-05-25 07:00:00,19.5,,-0.3,39,5.2,,22.224,35.188,,40,,,0,,,,,,,0,og-post,,,,AAXX 25074 07591 24/// /0412 10195 20052 39209 48561 58003 700// 333 60005 90710 91119=
07591,2009-05-25 08:00:00,22.1,,-0.7,36,6.3,,22.224,38.892,,30,,,0,,,,,,,0,og-post,,,,AAXX 25084 07591 24/// /0312 10221 20063 39205 48564 58007 700// 333 60005 90710 91121=
07591,2009-05-25 09:00:00,24.9,,-1.4,37,9.2,,14.816,31.484,,40,,,0,0,,,,,,0,og-post,,,,AAXX 25094 07591 24/// /0408 10249 20092 39198 48564 58014 700// 333 60007 90710 91117 555 60005=
07591,2009-05-25 10:00:00,28.1,,-1.6,32,9.9,,7.408,29.632,,70,,,0,,,,,,,0,og-post,,,,AAXX 25104 07591 24/// /0704 10281 20099 39193 48567 58016 700// 333 60005 90710 91116=
07591,2009-05-25 11:00:00,28.5,,-1.4,31,9.7,,11.112,25.928,,190,,,0,,,,,,,0,og-post,,,,AAXX 25114 07591 24/// /1906 10285 20097 39191 48566 56014 700// 333 60005 90710 91114=
07591,2009-05-25 12:00:00,27.8,,-1.3,30,8.6,,22.224,35.188,,220,,,0,0,,,,,,0,og-post,,,,AAXX 25124 07591 04/// /2212 10278 20086 39185 48558 58013 60001 700// 333 60007 90710 91119 555 60005=
07591,2009-05-25 13:00:00,30.6,,-1.4,21,5.8,,11.112,31.484,,240,,,0,,,,,,,0,og-post,,,,AAXX 25134 07591 24/// /2406 10306 20058 39179 48558 58014 700// 333 60005 90710 91117=
07591,2009-05-25 14:00:00,30.8,,-1.7,18,3.8,,14.816,35.188,,250,,,0,,,,,,,0,og-post,,,,AAXX 25144 07591 24/// /2508 10308 20038 39174 48554 56017 700// 333 60005 90710 91119=
07591,2009-05-25 15:00:00,30.6,,-1.7,18,3.6,,11.112,35.188,,250,,,0,0,,,,,,0,og-post,,,,AAXX 25154 07591 24/// /2506 10306 20036 39168 48547 57017 700// 333 60007 90710 91119 555 60005=
07591,2009-05-25 16:00:00,29.6,,-1.1,28,9.2,,14.816,31.484,,240,,,0,,,,,,,0,og-post,,,,AAXX 25164 07591 24/// /2408 10296 20092 39168 48546 56011 700// 333 60005 90710 91117=
07591,2009-05-25 17:00:00,27.8,,-0.3,23,4.8,,18.52,38.892,,240,,,0,,,,,,,0,og-post,,,,AAXX 25174 07591 24/// /2410 10278 20048 39171 48544 55003 700// 333 60005 90710 91121=
07591,2009-05-25 18:00:00,25.7,,0.8,30,6.8,,11.112,35.188,,210,17.3,31.1,0,0,,,,,,0,og-post,,,,AAXX 25184 07591 04/// /2106 10257 20068 39176 48545 53008 60002 700// 333 10311 20173 60007 90710 91119 555 60005=
07591,2009-05-25 19:00:00,23,,1.2,37,7.5,,7.408,18.52,,200,,,0,,,,,,,0,og-post,,,,AAXX 25194 07591 24/// /2004 10230 20075 39180 48543 53012 700// 333 60005 90710 91110=
07591,2009-05-25 20:00:00,20.4,,1.3,44,7.7,,7.408,11.112,,350,,,0,,,,,,,0,og-post,,,,AAXX 25204 07591 24/// /3504 10204 20077 39184 48540 51013 700// 333 60005 90710 91106=
07591,2009-05-25 21:00:00,18.8,,1.1,49,7.9,,3.704,14.816,,320,,,0,0,,,,,,0,og-post,,,,AAXX 25214 07591 24/// /3202 10188 20079 39187 48540 51011 700// 333 60007 90710 91108 555 60005=
07591,2009-05-25 22:00:00,17.1,,0.6,55,8,,3.704,7.408,,360,,,0,,,,,,,0,og-post,,,,AAXX 25224 07591 24/// /3602 10171 20080 39186 48535 50006 700// 333 60005 90710 91104=
07591,2009-05-25 23:00:00,16.3,,-0.4,55,7.3,,7.408,22.224,,30,,,0,,,,,,,0,og-post,,,,AAXX 25234 07591 24/// /0304 10163 20073 39180 48527 58004 700// 333 60005 90710 91112=
07591,2009-05-26 00:00:00,18.1,,-1.1,48,6.9,,18.52,25.928,,30,,,0,0,,,,,,0,og-post,,,,AAXX 26004 07591 04/// /0310 10181 20069 39176 48528 58011 60001 700// 333 60007 90710 91114 555 60005=
07591,2009-05-26 01:00:00,15.8,,-0.6,57,7.3,,3.704,25.928,,220,,,0,,,,,,,0,og-post,,,,AAXX 26014 07591 24/// /2202 10158 20073 39180 48526 55006 700// 333 60005 90710 91114=
07591,2009-05-26 02:00:00,14.2,,-0.2,64,7.5,,3.704,7.408,,30,,,0,,,,,,,0,og-post,,,,AAXX 26024 07591 24/// /0302 10142 20075 39178 48521 56002 700// 333 60005 90710 91104=
07591,2009-05-26 03:00:00,13.8,,0.3,64,7.1,,3.704,14.816,,10,,,0,0,,,,,,0,og-post,,,,AAXX 26034 07591 24/// /0102 10138 20071 39179 48521 51003 700// 333 60007 90710 91108 555 60005=
07591,2009-05-26 04:00:00,16,,-0.5,55,7,,22.224,35.188,,10,,,0,,,,,,,0,og-post,,,,AAXX 26044 07591 24/// /0112 10160 20070 39175 48522 58005 700// 333 60005 90710 91119=
07591,2009-05-26 05:00:00,15.9,,-0.2,55,6.9,,14.816,25.928,,20,,,0,,,,,,,0,og-post,,,,AAXX 26054 07591 24/// /0208 10159 20069 39176 48523 57002 700// 333 60005 90710 91114=
07591,2009-05-26 06:00:00,16.7,,-1.7,54,7.4,,25.928,46.3,,20,13.7,25.7,0,0,,,0,11.4,10,0,og-post,,,,AAXX 26064 07591 04/// /0214 10167 20074 39162 48512 58017 60002 700// 333 10257 20137 3/010 55114 60007 70000 90710 91125 555 60005=
07591,2009-05-26 07:00:00,18.7,,-1.5,54,9.2,,3.704,31.484,,80,,,0,,,,,,,0,og-post,,,,AAXX 26074 07591 24/// /0802 10187 20092 39160 48515 58015 700// 333 60005 90710 91117=
07591,2009-05-26 08:00:00,20.3,,-1.8,51,9.8,,3.704,29.632,,220,,,0,,,,,,,0,og-post,,,,AAXX 26084 07591 24/// /2202 10203 20098 39158 48517 56018 700// 333 60005 90710 91116=
07591,2009-05-26 09:00:00,18.6,,0.7,50,8,,11.112,31.484,,160,,,0,0,,,,,,0,og-post,,,,AAXX 26094 07591 24/// /1606 10186 20080 39169 48523 53007 700// 333 60007 90710 91117 555 60005=
07591,2009-05-26 10:00:00,20.3,,0.8,53,10.4,,3.704,31.484,,10,,,0,,,,,,,60,og-post,,,,AAXX 26104 07591 24/// /0102 10203 20104 39168 48526 53008 760// 333 60005 90710 91117=
07591,2009-05-26 11:00:00,19,,2.4,47,7.4,,7.408,22.224,,260,,,0,,,,,,,60,og-post,,,,AAXX 26114 07591 24/// /2604 10190 20074 39182 48535 53024 760// 333 60005 90710 91112=
07591,2009-05-26 12:00:00,14.8,,2,77,10.8,,14.816,29.632,,20,,,1,1,1,,,,,60,og-post,,,,AAXX 26124 07591 04/// /0208 10148 20108 39189 48533 53020 60011 760// 333 60017 90710 91116 555 60015=
07591,2009-05-26 13:00:00,14.9,,-0.3,72,9.9,,25.928,46.3,,10,,,0,,,,,,,61,og-post,,,,AAXX 26134 07591 24/// /0114 10149 20099 39165 48511 58003 761// 333 60005 90710 91125=
07591,2009-05-26 14:00:00,15.2,,-1.2,70,9.8,,25.928,42.596,,10,,,0.2,,,,,,,60,og-post,,,,AAXX 26144 07591 24/// /0114 10152 20098 39170 48516 58012 760// 333 69925 90710 91123=
07591,2009-05-26 15:00:00,15,,-2,78,11.2,,18.52,35.188,,40,,,0.2,0.4,,,,,,60,og-post,,,,AAXX 26154 07591 24/// /0410 10150 20112 39169 48515 56020 760// 333 69947 90710 91119 555 69925=
07591,2009-05-26 16:00:00,16.2,,-0.4,70,10.7,,11.112,31.484,,20,,,0,,,,,,,0,og-post,,,,AAXX 26164 07591 24/// /0206 10162 20107 39161 48511 58004 700// 333 60005 90710 91117=
07591,2009-05-26 17:00:00,15.5,,-1.1,72,10.5,,11.112,31.484,,10,,,0,,,,,,,21,og-post,,,,AAXX 26174 07591 24/// /0106 10155 20105 39159 48507 58011 721// 333 60005 90710 91117=
07591,2009-05-26 18:00:00,13.8,,0.9,82,10.8,,3.704,22.224,,230,13.8,20.6,0.4,0.4,,2,,,,60,og-post,,,,AAXX 26184 07591 04/// /2302 10138 20108 39178 48521 53009 60022 760// 333 10206 20138 69947 90710 91112 555 69945=
07591,2009-05-26 19:00:00,12.6,,1.8,91,11.2,,7.408,18.52,,40,,,1,,,,,,,21,og-post,,,,AAXX 26194 07591 24/// /0404 10126 20112 39179 48519 53018 721// 333 60015 90710 91110=
07591,2009-05-26 20:00:00,11.3,,2.5,94,10.4,,7.408,11.112,,40,,,0,,,,,,,0,og-post,,,,AAXX 26204 07591 24/// /0404 10113 20104 39184 48520 51025 700// 333 60005 90710 91106=
07591,2009-05-26 21:00:00,10.9,,0.9,94,10,,,11.112,,,,,0,1,,,,,,0,og-post,,,,AAXX 26214 07591 24/// /0000 10109 20100 39187 48522 53009 700// 333 60017 90710 91106 555 60005=
07591,2009-05-26 22:00:00,9.6,,0.9,94,8.7,,3.704,14.816,,10,,,0,,,,,,,0,og-post,,,,AAXX 26224 07591 24/// /0102 10096 20087 39188 48520 51009 700// 333 60005 90710 91108=
07591,2009-05-26 23:00:00,9.2,,0.4,95,8.4,,3.704,7.408,,300,,,0,,,,,,,0,og-post,,,,AAXX 26234 07591 24/// /3002 10092 20084 39188 48519 51004 700// 333 60005 90710 91104=
07591,2009-05-27 00:00:00,8.5,,0.1,95,7.7,,3.704,7.408,,350,,,0.2,0.2,1,,,,,0,og-post,,,,AAXX 27004 07591 04/// /3502 10085 20077 39188 48517 51001 60011 700// 333 69927 90710 91104 555 69925=
07591,2009-05-27 01:00:00,8.6,,-0.7,94,7.7,,14.816,22.224,,30,,,0,,,,,,,0,og-post,,,,AAXX 27014 07591 24/// /0308 10086 20077 39181 48511 58007 700// 333 60005 90710 91112=
07591,2009-05-27 02:00:00,7.8,,-0.5,95,7,,11.112,14.816,,210,,,0,,,,,,,0,og-post,,,,AAXX 27024 07591 24/// /2106 10078 20070 39183 48511 55005 700// 333 60005 90710 91108=
07591,2009-05-27 03:00:00,7.4,,-0.4,96,6.8,,3.704,11.112,,320,,,0,0,,,,,,0,og-post,,,,AAXX 27034 07591 24/// /3202 10074 20068 39184 48511 55004 700// 333 60007 90710 91106 555 60005=
07591,2009-05-27 04:00:00,6.5,,-0.1,95,5.8,,11.112,18.52,,50,,,0,,,,,,,0,og-post,,,,AAXX 27044 07591 24/// /0506 10065 20058 39180 48505 58001 700// 333 60005 90710 91110=
07591,2009-05-27 05:00:00,6.4,,0.1,95,5.7,,7.408,18.52,,180,,,0,,,,,,,0,og-post,,,,AAXX 27054 07591 24/// /1804 10064 20057 39184 48508 53001 700// 333 60005 90710 91110=
07591,2009-05-27 06:00:00,8.5,,0.7,95,7.7,,3.704,11.112,,260,6.4,13.8,0,0,,1,3.4,0.9,4,0,og-post,,,,AAXX 27064 07591 04/// /2602 10085 20077 39191 48520 53007 60012 700// 333 10138 20064 3/004 55009 60007 70034 90710 91106 555 60005=
07591,2009-05-27 07:00:00,12,,1.3,79,8.5,,7.408,11.112,,180,,,0,,,,,,,0,og-post,,,,AAXX 27074 07591 24/// /1804 10120 20085 39193 48530 51013 700// 333 60005 90710 91106=
07591,2009-05-27 08:00:00,14.2,,0.9,67,8.2,,7.408,18.52,,210,,,0,,,,,,,0,og-post,,,,AAXX 27084 07591 24/// /2104 10142 20082 39193 48535 51009 700// 333 60005 90710 91110=
07591,2009-05-27 09:00:00,17.1,,0,59,9,,11.112,18.52,,210,,,0,0,,,,,,0,og-post,,,,AAXX 27094 07591 24/// /2106 10171 20090 39191 48540 50000 700// 333 60007 90710 91110 555 60005=
07591,2009-05-27 10:00:00,18.8,,-0.1,44,6.3,,22.224,31.484,,210,,,0,,,,,,,0,og-post,,,,AAXX 27104 07591 24/// /2112 10188 20063 39192 48544 55001 700// 333 60005 90710 91117=
07591,2009-05-27 11:00:00,19.6,,-0.5,42,6.3,,22.224,38.892,,210,,,0,,,,,,,0,og-post,,,,AAXX 27114 07591 24/// /2112 10196 20063 39188 48542 58005 700// 333 60005 90710 91121=
07591,2009-05-27 12:00:00,21.1,,-0.2,38,6.2,,18.52,38.892,,220,,,0,0,,,,,,0,og-post,,,,AAXX 27124 07591 04/// /2210 10211 20062 39189 48546 57002 60001 700// 333 60007 90710 91121 555 60005=
07591,2009-05-27 13:00:00,21.2,,-0.3,36,5.5,,25.928,38.892,,220,,,0,,,,,,,0,og-post,,,,AAXX 27134 07591 24/// /2214 10212 20055 39189 48546 56003 700// 333 60005 90710 91121=
07591,2009-05-27 14:00:00,21.5,,0,32,4.1,,22.224,38.892,,220,,,0,,,,,,,0,og-post,,,,AAXX 27144 07591 24/// /2212 10215 20041 39188 48546 50000 700// 333 60005 90710 91121=
07591,2009-05-27 15:00:00,21.1,,-0.1,34,4.6,,25.928,46.3,,210,,,0,0,,,,,,0,og-post,,,,AAXX 27154 07591 24/// /2114 10211 20046 39188 48545 57001 700// 333 60007 90710 91125 555 60005=
07591,2009-05-27 16:00:00,21,,-0.1,35,5,,14.816,38.892,,200,,,0,,,,,,,0,og-post,,,,AAXX 27164 07591 24/// /2008 10210 20050 39188 48545 56001 700// 333 60005 90710 91121=
07591,2009-05-27 17:00:00,20.4,,-0,41,6.7,,11.112,29.632,,200,,,0,,,,,,,0,og-post,,,,AAXX 27174 07591 24/// /2006 10204 20067 39188 48544 54000 700// 333 60005 90710 91116=
07591,2009-05-27 18:00:00,17,,0.3,51,6.8,,14.816,29.632,,210,8.8,21.5,0,0,,,,,,0,og-post,,,,AAXX 27184 07591 04/// /2108 10170 20068 39191 48539 53003 60002 700// 333 10215 20088 60007 90710 91116 555 60005=
07591,2009-05-27 19:00:00,14.6,,1.6,60,6.9,,7.408,22.224,,200,,,0,,,,,,,0,og-post,,,,AAXX 27194 07591 24/// /2004 10146 20069 39204 48545 53016 700// 333 60005 90710 91112=
07591,2009-05-27 20:00:00,12.5,,2.5,69,7,,3.704,11.112,,360,,,0,,,,,,,0,og-post,,,,AAXX 27204 07591 24/// /3602 10125 20070 39213 48549 53025 700// 333 60005 90710 91106=
07591,2009-05-27 21:00:00,10.9,,2.5,75,6.6,,3.704,11.112,,360,,,0,0,,,,,,0,og-post,,,,AAXX 27214 07591 24/// /3602 10109 20066 39216 48547 51025 700// 333 60007 90710 91106 555 60005=
07591,2009-05-27 22:00:00,9.6,,1.7,81,6.5,,3.704,11.112,,230,,,0,,,,,,,0,og-post,,,,AAXX 27224 07591 24/// /2302 10096 20065 39221 48549 51017 700// 333 60005 90710 91106=
07591,2009-05-27 23:00:00,9,,1,81,5.9,,3.704,11.112,,330,,,0,,,,,,,0,og-post,,,,AAXX 27234 07591 24/// /3302 10090 20059 39223 48549 51010 700// 333 60005 90710 91106=
07591,2009-05-28 00:00:00,8.2,,1.1,85,5.8,,3.704,11.112,,180,,,0,0,,,,,,0,og-post,,,,AAXX 28004 07591 04/// /1802 10082 20058 39227 48551 51011 60001 700// 333 60007 90710 91106 555 60005=
07591,2009-05-28 01:00:00,7.9,,0.7,80,4.7,,3.704,7.408,,330,,,0,,,,,,,0,og-post,,,,AAXX 28014 07591 24/// /3302 10079 20047 39228 48551 51007 700// 333 60005 90710 91104=
07591,2009-05-28 02:00:00,7.5,,0.3,76,3.6,,,7.408,,,,,0,,,,,,,0,og-post,,,,AAXX 28024 07591 24/// /0000 10075 20036 39226 48548 50003 700// 333 60005 90710 91104=
07591,2009-05-28 03:00:00,6.5,,0.2,84,4,,3.704,7.408,,230,,,0,0,,,,,,0,og-post,,,,AAXX 28034 07591 24/// /2302 10065 20040 39229 48548 53002 700// 333 60007 90710 91104 555 60005=
07591,2009-05-28 04:00:00,6.3,,0.4,80,3.1,,3.704,7.408,,30,,,0,,,,,,,0,og-post,,,,AAXX 28044 07591 24/// /0302 10063 20031 39232 48550 53004 700// 333 60005 90710 91104=
07591,2009-05-28 05:00:00,6.3,,0.9,82,3.5,,7.408,7.408,,30,,,0,,,,,,,0,og-post,,,,AAXX 28054 07591 24/// /0304 10063 20035 39235 48553 52009 700// 333 60005 90710 91104=
07591,2009-05-28 06:00:00,9.9,,0.7,70,4.7,,7.408,11.112,,80,6,16.9,0,0,,,0,12.3,2,0,og-post,,,,AAXX 28064 07591 04/// /0804 10099 20047 39236 48562 51007 60002 700// 333 10169 20060 3/002 55123 60007 70000 90710 91106 555 60005=
07591,2009-05-28 07:00:00,12,,0.3,63,5.2,,7.408,11.112,,180,,,0,,,,,,,0,og-post,,,,AAXX 28074 07591 24/// /1804 10120 20052 39235 48567 50003 700// 333 60005 90710 91106=
07591,2009-05-28 08:00:00,14.5,,0.1,52,4.8,,7.408,14.816,,200,,,0,,,,,,,0,og-post,,,,AAXX 28084 07591 24/// /2004 10145 20048 39236 48574 52001 700// 333 60005 90710 91108=
07591,2009-05-28 09:00:00,16.5,,-0.3,45,4.5,,7.408,18.52,,220,,,0,0,,,,,,0,og-post,,,,AAXX 28094 07591 24/// /2204 10165 20045 39233 48576 58003 700// 333 60007 90710 91110 555 60005=
07591,2009-05-28 10:00:00,19.2,,-0.3,39,4.9,,14.816,18.52,,210,,,0,,,,,,,0,og-post,,,,AAXX 28104 07591 24/// /2108 10192 20049 39232 48581 58003 700// 333 60005 90710 91110=
07591,2009-05-28 11:00:00,21.5,,-0.8,37,6.2,,14.816,25.928,,200,,,0,,,,,,,0,og-post,,,,AAXX 28114 07591 24/// /2008 10215 20062 39228 48583 58008 700// 333 60005 90710 91114=
07591,2009-05-28 12:00:00,23.1,,-0.9,34,6.4,,22.224,31.484,,210,,,0,0,,,,,,0,og-post,,,,AAXX 28124 07591 04/// /2112 10231 20064 39224 48584 58009 60001 700// 333 60007 90710 91117 555 60005=
07591,2009-05-28 13:00:00,23.7,,-1.2,33,6.5,,22.224,38.892,,210,,,0,,,,,,,0,og-post,,,,AAXX 28134 07591 24/// /2112 10237 20065 39220 48581 57012 700// 333 60005 90710 91121=
07591,2009-05-28 14:00:00,24.6,,-1.4,32,6.8,,18.52,35.188,,220,,,0,,,,,,,0,og-post,,,,AAXX 28144 07591 24/// /2210 10246 20068 39214 48578 58014 700// 333 60005 90710 91119=
07591,2009-05-28 15:00:00,24.3,,-1.4,35,7.9,,22.224,35.188,,220,,,0,0,,,,,,0,og-post,,,,AAXX 28154 07591 24/// /2212 10243 20079 39210 48574 57014 700// 333 60007 90710 91119 555 60005=
07591,2009-05-28 16:00:00,23.7,,-1.1,38,8.5,,18.52,38.892,,210,,,0,,,,,,,0,og-post,,,,AAXX 28164 07591 24/// /2110 10237 20085 39209 48571 56011 700// 333 60005 90710 91121=
07591,2009-05-28 17:00:00,22.3,,-0.6,43,9.1,,18.52,35.188,,210,,,0,,,,,,,0,og-post,,,,AAXX 28174 07591 24/// /2110 10223 20091 39208 48567 56006 700// 333 60005 90710 91119=
07591,2009-05-28 18:00:00,20,,0.1,51,9.6,,11.112,25.928,,200,10,24.6,0,0,,,,,,0,og-post,,,,AAXX 28184 07591 04/// /2006 10200 20096 39211 48565 53001 60002 700// 333 10246 20100 60007 90710 91114 555 60005=
07591,2009-05-28 19:00:00,17.9,,0.7,58,9.5,,7.408,25.928,,200,,,0,,,,,,,0,og-post,,,,AAXX 28194 07591 24/// /2004 10179 20095 39216 48564 53007 700// 333 60005 90710 91114=
07591,2009-05-28 20:00:00,15.8,,1.6,66,9.5,,,14.816,,,,,0,,,,,,,0,og-post,,,,AAXX 28204 07591 24/// /0000 10158 20095 39224 48567 53016 700// 333 60005 90710 91108=
07591,2009-05-28 21:00:00,14.3,,1.8,71,9.1,,3.704,7.408,,340,,,0,0,,,,,,0,og-post,,,,AAXX 28214 07591 24/// /3402 10143 20091 39229 48568 52018 700// 333 60007 90710 91104 555 60005=
07591,2009-05-28 22:00:00,13.1,,1.7,77,9.2,,3.704,7.408,,230,,,0,,,,,,,0,og-post,,,,AAXX 28224 07591 24/// /2302 10131 20092 39233 48568 51017 700// 333 60005 90710 91104=
07591,2009-05-28 23:00:00,12.2,,0.9,80,8.9,,3.704,7.408,,20,,,0,,,,,,,0,og-post,,,,AAXX 28234 07591 24/// /0202 10122 20089 39233 48566 51009 700// 333 60005 90710 91104=
07591,2009-05-29 00:00:00,12.1,,0.1,79,8.6,,14.816,22.224,,50,,,0,0,,,,,,0,og-post,,,,AAXX 29004 07591 04/// /0508 10121 20086 39230 48563 50001 60001 700// 333 60007 90710 91112 555 60005=
07591,2009-05-29 01:00:00,11.4,,-0.7,81,8.3,,7.408,14.816,,70,,,0,,,,,,,0,og-post,,,,AAXX 29014 07591 24/// /0704 10114 20083 39226 48558 58007 700// 333 60005 90710 91108=
07591,2009-05-29 02:00:00,10.2,,-0.8,88,8.3,,,11.112,,,,,0,,,,,,,0,og-post,,,,AAXX 29024 07591 24/// /0000 10102 20083 39225 48554 56008 700// 333 60005 90710 91106=
07591,2009-05-29 03:00:00,9.5,,-0.5,89,7.8,,3.704,11.112,,360,,,0,0,,,,,,0,og-post,,,,AAXX 29034 07591 24/// /3602 10095 20078 39225 48552 56005 700// 333 60007 90710 91106 555 60005=
07591,2009-05-29 04:00:00,8.9,,0.2,90,7.4,,,7.408,,,,,0,,,,,,,0,og-post,,,,AAXX 29044 07591 24/// /0000 10089 20074 39228 48553 53002 700// 333 60005 90710 91104=
07591,2009-05-29 05:00:00,9.2,,0.4,90,7.6,,7.408,11.112,,10,,,0,,,,,,,0,og-post,,,,AAXX 29054 07591 24/// /0104 10092 20076 39229 48555 53004 700// 333 60005 90710 91106=
07591,2009-05-29 06:00:00,12,,-0.2,77,8.1,,11.112,18.52,,50,8.5,20,0,0,,,0,12.3,5,0,og-post,,,,AAXX 29064 07591 04/// /0506 10120 20081 39223 48557 58002 60002 700// 333 10200 20085 3/005 55123 60007 70000 90710 91110 555 60005=
07591,2009-05-29 07:00:00,15.6,,-0.7,62,8.4,,7.408,18.52,,80,,,0,,,,,,,0,og-post,,,,AAXX 29074 07591 24/// /0804 10156 20084 39221 48563 58007 700// 333 60005 90710 91110=
07591,2009-05-29 08:00:00,17.6,,-1.4,54,8.2,,7.408,11.112,,210,,,0,,,,,,,0,og-post,,,,AAXX 29084 07591 24/// /2104 10176 20082 39215 48563 57014 700// 333 60005 90710 91106=
07591,2009-05-29 09:00:00,19.6,,-1.6,50,8.9,,7.408,14.816,,230,,,0,0,,,,,,0,og-post,,,,AAXX 29094 07591 24/// /2304 10196 20089 39207 48560 58016 700// 333 60007 90710 91108 555 60005=
07591,2009-05-29 10:00:00,21.9,,-2.4,47,10.1,,7.408,18.52,,200,,,0,,,,,,,0,og-post,,,,AAXX 29104 07591 24/// /2004 10219 20101 39197 48556 58024 700// 333 60005 90710 91110=
07591,2009-05-29 11:00:00,24.2,,-2.7,38,9,,18.52,29.632,,220,,,0,,,,,,,0,og-post,,,,AAXX 29114 07591 24/// /2210 10242 20090 39188 48553 58027 700// 333 60005 90710 91116=
07591,2009-05-29 12:00:00,24.4,,-2.7,37,8.8,,18.52,31.484,,240,,,0,0,,,,,,0,og-post,,,,AAXX 29124 07591 04/// /2410 10244 20088 39180 48546 56027 60001 700// 333 60007 90710 91117 555 60005=
07591,2009-05-29 13:00:00,25.6,,-2.7,38,10.2,,18.52,31.484,,210,,,0,,,,,,,0,og-post,,,,AAXX 29134 07591 24/// /2110 10256 20102 39170 48540 58027 700// 333 60005 90710 91117=
07591,2009-05-29 14:00:00,26,,-2.6,38,10.6,,18.52,35.188,,220,,,0,,,,,,,0,og-post,,,,AAXX 29144 07591 24/// /2210 10260 20106 39162 48533 57026 700// 333 60005 90710 91119=
07591,2009-05-29 15:00:00,25.7,,-2.6,37,9.9,,22.224,35.188,,220,,,0,0,,,,,,0,og-post,,,,AAXX 29154 07591 24/// /2212 10257 20099 39154 48525 56026 700// 333 60007 90710 91119 555 60005=
07591,2009-05-29 16:00:00,25.3,,-2.2,39,10.4,,18.52,38.892,,220,,,0,,,,,,,0,og-post,,,,AAXX 29164 07591 24/// /2210 10253 20104 39148 48518 56022 700// 333 60005 90710 91121=
07591,2009-05-29 17:00:00,23.7,,-1.8,45,11.1,,18.52,35.188,,210,,,0,,,,,,,0,og-post,,,,AAXX 29174 07591 24/// /2110 10237 20111 39144 48511 56018 700// 333 60005 90710 91119=
07591,2009-05-29 18:00:00,21.2,,-0.9,52,11,,14.816,35.188,,200,12.1,26.1,0,0,,,,,,0,og-post,,,,AAXX 29184 07591 04/// /2008 10212 20110 39145 48507 55009 60002 700// 333 10261 20121 60007 90710 91119 555 60005=
07591,2009-05-29 19:00:00,19.1,,-0.2,58,10.6,,7.408,25.928,,200,,,0,,,,,,,0,og-post,,,,AAXX 29194 07591 24/// /2004 10191 20106 39146 48503 55002 700// 333 60005 90710 91114=
07591,2009-05-29 20:00:00,16.8,,1,67,10.6,,3.704,11.112,,340,,,0,,,,,,,0,og-post,,,,AAXX 29204 07591 24/// /3402 10168 20106 39154 48505 53010 700// 333 60005 90710 91106=
07591,2009-05-29 21:00:00,16,,1.1,70,10.5,,3.704,18.52,,350,,,0,0,,,,,,0,og-post,,,,AAXX 29214 07591 24/// /3502 10160 20105 39156 48505 53011 700// 333 60007 90710 91110 555 60005=
07591,2009-05-29 22:00:00,15,,0.7,74,10.4,,3.704,11.112,,290,,,0,,,,,,,0,og-post,,,,AAXX 29224 07591 24/// /2902 10150 20104 39153 48501 50007 700// 333 60005 90710 91106=
07591,2009-05-29 23:00:00,18.6,,-0.1,40,4.8,,22.224,38.892,,10,,,0,,,,,,,0,og-post,,,,AAXX 29234 07591 24/// /0112 10186 20048 39153 48507 58001 700// 333 60005 90710 91121=
07591,2009-05-30 00:00:00,18.6,,0.2,37,3.6,,29.632,50.004,,10,,,0,0,,,,,,0,og-post,,,,AAXX 30004 07591 04/// /0116 10186 20036 39158 48512 53002 60001 700// 333 60007 90710 91127 555 60005=
07591,2009-05-30 01:00:00,18,,0.7,36,2.7,,22.224,53.708,,20,,,0,,,,,,,0,og-post,,,,AAXX 30014 07591 24/// /0212 10180 20027 39160 48512 53007 700// 333 60005 90710 91129=
07591,2009-05-30 02:00:00,17.6,,0.4,35,2,,29.632,42.596,,10,,,0,,,,,,,0,og-post,,,,AAXX 30024 07591 24/// /0116 10176 20020 39157 48508 50004 700// 333 60005 90710 91123=
07591,2009-05-30 03:00:00,17,,-0.2,40,3.3,,29.632,46.3,,360,,,0,0,,,,,,0,og-post,,,,AAXX 30034 07591 24/// /3616 10170 20033 39156 48506 58002 700// 333 60007 90710 91125 555 60005=
07591,2009-05-30 04:00:00,16.4,,-0.4,43,3.8,,22.224,50.004,,10,,,0,,,,,,,0,og-post,,,,AAXX 30044 07591 24/// /0112 10164 20038 39156 48505 56004 700// 333 60005 90710 91127=
07591,2009-05-30 05:00:00,16.2,,0.3,45,4.3,,25.928,42.596,,10,,,0,,,,,,,0,og-post,,,,AAXX 30054 07591 24/// /0114 10162 20043 39160 48508 53003 700// 333 60005 90710 91123=
07591,2009-05-30 06:00:00,16.3,,0.6,48,5.3,,25.928,38.892,,10,14.8,21.1,0,0,,,0,12.4,11,0,og-post,,,,AAXX 30064 07591 04/// /0114 10163 20053 39162 48511 53006 60002 700// 333 10211 20148 3/011 55124 60007 70000 90710 91121 555 60005=
07591,2009-05-30 07:00:00,17.2,,0.9,45,5.2,,22.224,35.188,,20,,,0,,,,,,,0,og-post,,,,AAXX 30074 07591 24/// /0212 10172 20052 39165 48515 51009 700// 333 60005 90710 91119=
07591,2009-05-30 08:00:00,18.8,,0.7,40,4.9,,22.224,38.892,,30,,,0,,,,,,,0,og-post,,,,AAXX 30084 07591 24/// /0312 10188 20049 39167 48521 52007 700// 333 60005 90710 91121=
07591,2009-05-30 09:00:00,20.1,,0.4,37,5,,11.112,31.484,,30,,,0,0,,,,,,0,og-post,,,,AAXX 30094 07591 24/// /0306 10201 20050 39166 48523 50004 700// 333 60007 90710 91117 555 60005=
07591,2009-05-30 10:00:00,21.1,,-0.1,35,5.1,,3.704,14.816,,40,,,0,,,,,,,0,og-post,,,,AAXX 30104 07591 24/// /0402 10211 20051 39164 48523 58001 700// 333 60005 90710 91108=
07591,2009-05-30 11:00:00,20.8,,-0.4,43,7.8,,14.816,29.632,,210,,,0,,,,,,,0,og-post,,,,AAXX 30114 07591 24/// /2108 10208 20078 39163 48522 57004 700// 333 60005 90710 91116=
07591,2009-05-30 12:00:00,19.9,,-0.3,49,8.9,,18.52,31.484,,250,,,0,0,,,,,,0,og-post,,,,AAXX 30124 07591 04/// /2510 10199 20089 39163 48520 56003 60001 700// 333 60007 90710 91117 555 60005=
07591,2009-05-30 13:00:00,19.4,,-0.2,50,8.7,,11.112,31.484,,230,,,0,,,,,,,0,og-post,,,,AAXX 30134 07591 24/// /2306 10194 20087 39162 48518 57002 700// 333 60005 90710 91117=
07591,2009-05-30 14:00:00,18.6,,0.1,53,8.8,,7.408,25.928,,220,,,0,,,,,,,21,og-post,,,,AAXX 30144 07591 24/// /2204 10186 20088 39164 48518 53001 721// 333 60005 90710 91114=
07591,2009-05-30 15:00:00,17.1,,-0,68,11.2,,3.704,22.224,,20,,,0.2,0.2,,,,,,60,og-post,,,,AAXX 30154 07591 24/// /0202 10171 20112 39163 48514 54000 760// 333 69927 90710 91112 555 69925=
07591,2009-05-30 16:00:00,17.2,,-0.3,65,10.6,,7.408,7.408,,10,,,0,,,,,,,0,og-post,,,,AAXX 30164 07591 24/// /0104 10172 20106 39159 48511 58003 700// 333 60005 90710 91104=
07591,2009-05-30 17:00:00,17.5,,-0.9,60,9.7,,3.704,7.408,,70,,,0,,,,,,,0,og-post,,,,AAXX 30174 07591 24/// /0702 10175 20097 39155 48508 58009 700// 333 60005 90710 91104=
07591,2009-05-30 18:00:00,17.2,,-0.9,60,9.4,,3.704,7.408,,120,16.3,21.9,0,0,,0.2,,,,0,og-post,,,,AAXX 30184 07591 04/// /1202 10172 20094 39154 48506 56009 69922 700// 333 10219 20163 60007 90710 91104 555 60005=
07591,2009-05-30 19:00:00,16.1,,-0.2,64,9.3,,3.704,7.408,,90,,,0,,,,,,,0,og-post,,,,AAXX 30194 07591 24/// /0902 10161 20093 39157 48506 55002 700// 333 60005 90710 91104=
07591,2009-05-30 20:00:00,14.8,,1.6,66,8.5,,14.816,35.188,,240,,,0.2,,,,,,,60,og-post,,,,AAXX 30204 07591 24/// /2408 10148 20085 39171 48516 53016 760// 333 69925 90710 91119=
07591,2009-05-30 21:00:00,12.5,,2.2,81,9.3,,22.224,31.484,,20,,,0.4,0.6,,,,,,60,og-post,,,,AAXX 30214 07591 24/// /0212 10125 20093 39176 48516 53022 760// 333 69967 90710 91117 555 69945=
07591,2009-05-30 22:00:00,11.7,,2.5,86,9.4,,22.224,35.188,,10,,,0.2,,,,,,,61,og-post,,,,AAXX 30224 07591 24/// /0112 10117 20094 39182 48519 51025 761// 333 69925 90710 91119=
07591,2009-05-30 23:00:00,11,,1.4,92,9.8,,3.704,29.632,,150,,,2,,,,,,,61,og-post,,,,AAXX 30234 07591 24/// /1502 10110 20098 39185 48520 51014 761// 333 60025 90710 91116=
07591,2009-05-31 00:00:00,10.9,,0.8,94,10,,,11.112,,,,,0.6,3,4,,,,,61,og-post,,,,AAXX 31004 07591 04/// /0000 10109 20100 39184 48519 50008 60041 761// 333 60037 90710 91106 555 69965=
07591,2009-05-31 01:00:00,10.8,,-0.6,95,10,,7.408,11.112,,50,,,0.4,,,,,,,61,og-post,,,,AAXX 31014 07591 24/// /0504 10108 20100 39176 48512 58006 761// 333 69945 90710 91106=
07591,2009-05-31 02:00:00,10.5,,-1.9,95,9.7,,11.112,18.52,,50,,,0.2,,,,,,,21,og-post,,,,AAXX 31024 07591 24/// /0506 10105 20097 39166 48502 58019 721// 333 69925 90710 91110=
07591,2009-05-31 03:00:00,10.4,,-2,95,9.6,,3.704,25.928,,30,,,0,0.6,,,,,,0,og-post,,,,AAXX 31034 07591 24/// /0302 10104 20096 39164 48500 56020 700// 333 69967 90710 91114 555 60005=
07591,2009-05-31 04:00:00,10.9,,-1.3,91,9.5,,14.816,22.224,,20,,,0,,,,,,,0,og-post,,,,AAXX 31044 07591 24/// /0208 10109 20095 39163 48500 56013 700// 333 60005 90710 91112=
07591,2009-05-31 05:00:00,11.1,,-0.6,88,9.2,,18.52,25.928,,10,,,0,,,,,,,0,og-post,,,,AAXX 31054 07591 24/// /0110 10111 20092 39160 48498 58006 700// 333 60005 90710 91114=
07591,2009-05-31 06:00:00,12.4,,-0.2,85,10,,7.408,22.224,,270,10.4,17.2,0,0,,4,4.6,2.6,10,0,og-post,,,,AAXX 31064 07591 04/// /2704 10124 20100 39162 48503 55002 60042 700// 333 10172 20104 3/010 55026 60007 70046 90710 91112 555 60005=
07591,2009-05-31 07:00:00,13.6,,-0.2,82,10.6,,3.704,18.52,,70,,,0,,,,,,,0,og-post,,,,AAXX 31074 07591 24/// /0702 10136 20106 39161 48505 56002 700// 333 60005 90710 91110=
07591,2009-05-31 08:00:00,16.2,,-0.4,65,9.6,,3.704,11.112,,90,,,0,,,,,,,0,og-post,,,,AAXX 31084 07591 24/// /0902 10162 20096 39156 48506 58004 700// 333 60005 90710 91106=
07591,2009-05-31 09:00:00,17.1,,-0.8,65,10.5,,7.408,11.112,,170,,,0,0,,,,,,0,og-post,,,,AAXX 31094 07591 24/// /1704 10171 20105 39154 48506 58008 700// 333 60007 90710 91106 555 60005=
07591,2009-05-31 10:00:00,17.9,,-1,57,9.3,,11.112,22.224,,190,,,0,,,,,,,0,og-post,,,,AAXX 31104 07591 24/// /1906 10179 20093 39151 48505 56010 700// 333 60005 90710 91112=
07591,2009-05-31 11:00:00,19,,-0.7,55,9.8,,18.52,31.484,,210,,,0,,,,,,,0,og-post,,,,AAXX 31114 07591 24/// /2110 10190 20098 39149 48505 57007 700// 333 60005 90710 91117=
07591,2009-05-31 12:00:00,19.2,,-0.8,52,9.1,,18.52,31.484,,210,,,0,0,,,,,,0,og-post,,,,AAXX 31124 07591 04/// /2110 10192 20091 39146 48503 57008 60001 700// 333 60007 90710 91117 555 60005=
07591,2009-05-31 13:00:00,19.2,,-1,49,8.2,,18.52,31.484,,210,,,0,,,,,,,0,og-post,,,,AAXX 31134 07591 24/// /2110 10192 20082 39141 48498 58010 700// 333 60005 90710 91117=
07591,2009-05-31 14:00:00,18.6,,-0.7,55,9.4,,14.816,35.188,,230,,,0,,,,,,,0,og-post,,,,AAXX 31144 07591 24/// /2308 10186 20094 39142 48498 55007 700// 333 60005 90710 91119=
07591,2009-05-31 15:00:00,17.1,,-0.5,64,10.2,,11.112,25.928,,200,,,0,0,,,,,,0,og-post,,,,AAXX 31154 07591 24/// /2006 10171 20102 39141 48494 56005 700// 333 60007 90710 91114 555 60005=
07591,2009-05-31 16:00:00,16.2,,0.3,78,12.4,,7.408,18.52,,190,,,0.2,,,,,,,61,og-post,,,,AAXX 31164 07591 24/// /1904 10162 20124 39144 48495 53003 761// 333 69925 90710 91110=
07591,2009-05-31 17:00:00,14.5,,0.4,84,11.8,,14.816,31.484,,190,,,0,,,,,,,21,og-post,,,,AAXX 31174 07591 24/// /1908 10145 20118 39146 48493 53004 721// 333 60005 90710 91117=
07591,2009-05-31 18:00:00,13.6,,1.6,85,11.1,,7.408,29.632,,40,12.4,19.5,0,0.2,,0.2,,,,60,og-post,,,,AAXX 31184 07591 04/// /0404 10136 20111 39157 48501 53016 69922 760// 333 10195 20124 69927 90710 91116 555 60005=
07591,2009-05-31 19:00:00,11.8,,1.7,93,10.7,,11.112,25.928,,40,,,3,,,,,,,63,og-post,,,,AAXX 31194 07591 24/// /0406 10118 20107 39161 48501 53017 763// 333 60035 90710 91114=
07591,2009-05-31 20:00:00,11.5,,1.7,94,10.6,,3.704,14.816,,120,,,2,,,,,,,21,og-post,,,,AAXX 31204 07591 24/// /1202 10115 20106 39163 48502 51017 721// 333 60025 90710 91108=
07591,2009-05-31 21:00:00,11.1,,1,95,10.3,,3.704,11.112,,270,,,0.2,5,,,,,,0,og-post,,,,AAXX 31214 07591 24/// /2702 10111 20103 39167 48505 52010 700// 333 60057 90710 91106 555 69925=
07591,2009-05-31 22:00:00,11.2,,0.7,96,10.6,,,7.408,,,,,0,,,,,,,0,og-post,,,,AAXX 31224 07591 24/// /0000 10112 20106 39168 48506 51007 700// 333 60005 90710 91104=
07591,2009-05-31 23:00:00,11.2,,0.3,96,10.6,,,7.408,,,,,0,,,,,,,0,og-post,,,,AAXX 31234 07591 24/// /0000 10112 20106 39166 48504 50003 700// 333 60005 90710 91104=
07591,2009-06-01 00:00:00,11.1,,-0.7,96,10.5,,7.408,11.112,,30,,,0,0,5,,,,,0,og-post,,,,AAXX 01004 07591 04/// /0304 10111 20105 39160 48498 58007 60051 700// 333 60007 90710 91106 555 60005=
07591,2009-06-01 01:00:00,11.1,,-1.1,96,10.5,,3.704,7.408,,190,,,0,,,,,,,0,og-post,,,,AAXX 01014 07591 24/// /1902 10111 20105 39157 48496 58011 700// 333 60005 90710 91104=
07591,2009-06-01 02:00:00,10.4,,-1.3,96,9.8,,,7.408,,,,,0,,,,,,,0,og-post,,,,AAXX 01024 07591 24/// /0000 10104 20098 39153 48490 56013 700// 333 60005 90710 91104=
07591,2009-06-01 03:00:00,10.1,,-0.9,96,9.5,,,3.704,,,,,0,0,,,,,,0,og-post,,,,AAXX 01034 07591 24/// /0000 10101 20095 39151 48488 56009 700// 333 60007 90710 91102 555 60005=
07591,2009-06-01 04:00:00,10.1,,-0.8,97,9.6,,7.408,7.408,,60,,,0,,,,,,,21,og-post,,,,AAXX 01044 07591 24/// /0604 10101 20096 39149 48486 56008 721// 333 60005 90710 91104=
07591,2009-06-01 05:00:00,10.6,,-0.8,97,10.1,,,7.408,,,,,0,,,,,,,21,og-post,,,,AAXX 01054 07591 24/// /0000 10106 20101 39145 48484 58008 721// 333 60005 90710 91104=
07591,2009-06-01 06:00:00,10.9,,-0.9,96,10.3,,7.408,14.816,,70,10.1,13.6,0,0,,5,5.2,3.9,8,0,og-post,,,,AAXX 01064 07591 04/// /0704 10109 20103 39142 48482 58009 60052 700// 333 10136 20101 3/008 55039 60007 70052 90710 91108 555 60005=
07591,2009-06-01 07:00:00,12.8,,-0.8,89,11,,7.408,11.112,,180,,,0,,,,,,,0,og-post,,,,AAXX 01074 07591 24/// /1804 10128 20110 39141 48485 56008 700// 333 60005 90710 91106=
07591,2009-06-01 08:00:00,15.7,,-1,67,9.6,,7.408,11.112,,110,,,0,,,,,,,0,og-post,,,,AAXX 01084 07591 24/// /1104 10157 20096 39135 48485 58010 700// 333 60005 90710 91106=
07591,2009-06-01 09:00:00,16.8,,-1.3,65,10.2,,11.112,18.52,,220,,,0,0,,,,,,0,og-post,,,,AAXX 01094 07591 24/// /2206 10168 20102 39129 48482 58013 700// 333 60007 90710 91110 555 60005=
07591,2009-06-01 10:00:00,18.1,,-1.9,58,9.7,,14.816,25.928,,210,,,0,,,,,,,0,og-post,,,,AAXX 01104 07591 24/// /2108 10181 20097 39122 48478 58019 700// 333 60005 90710 91114=
07591,2009-06-01 11:00:00,19.8,,-2,52,9.7,,14.816,25.928,,200,,,0,,,,,,,0,og-post,,,,AAXX 01114 07591 24/// /2008 10198 20097 39115 48475 58020 700// 333 60005 90710 91114=
07591,2009-06-01 12:00:00,16.9,,-1.2,52,7,,14.816,25.928,,170,,,0,0,,,,,,0,og-post,,,,AAXX 01124 07591 04/// /1708 10169 20070 39117 48471 55012 60001 700// 333 60007 90710 91114 555 60005=
07591,2009-06-01 13:00:00,17.1,,-0.5,45,5.1,,7.408,31.484,,270,,,0,,,,,,,0,og-post,,,,AAXX 01134 07591 24/// /2704 10171 20051 39117 48471 56005 700// 333 60005 90710 91117=
07591,2009-06-01 14:00:00,16.4,,0.3,51,6.2,,18.52,31.484,,210,,,0,,,,,,,0,og-post,,,,AAXX 01144 07591 24/// /2110 10164 20062 39118 48471 51003 700// 333 60005 90710 91117=
07591,2009-06-01 15:00:00,15.2,,0.5,60,7.5,,11.112,29.632,,180,,,0,0,,,,,,0,og-post,,,,AAXX 01154 07591 24/// /1806 10152 20075 39122 48472 53005 700// 333 60007 90710 91116 555 60005=
07591,2009-06-01 16:00:00,16.2,,0.8,59,8.2,,14.816,31.484,,180,,,0,,,,,,,0,og-post,,,,AAXX 01164 07591 24/// /1808 10162 20082 39125 48477 53008 700// 333 60005 90710 91117=
07591,2009-06-01 17:00:00,15.4,,1,62,8.2,,7.408,18.52,,210,,,0,,,,,,,0,og-post,,,,AAXX 01174 07591 24/// /2104 10154 20082 39128 48478 51010 700// 333 60005 90710 91110=
07591,2009-06-01 18:00:00,14.5,,1.1,69,8.9,,7.408,14.816,,170,10.6,19.8,0,0,,,,,,0,og-post,,,,AAXX 01184 07591 04/// /1704 10145 20089 39133 48481 53011 60002 700// 333 10198 20106 60007 90710 91108 555 60005=
07591,2009-06-01 19:00:00,13.3,,1,73,8.6,,7.408,14.816,,230,,,0,,,,,,,0,og-post,,,,AAXX 01194 07591 24/// /2304 10133 20086 39135 48480 51010 700// 333 60005 90710 91108=
07591,2009-06-01 20:00:00,11.7,,1.1,82,8.7,,3.704,11.112,,40,,,0,,,,,,,0,og-post,,,,AAXX 01204 07591 24/// /0402 10117 20087 39139 48480 51011 700// 333 60005 90710 91106=
07591,2009-06-01 21:00:00,10.8,,0.9,86,8.6,,,7.408,,,,,0,0,,,,,,0,og-post,,,,AAXX 01214 07591 24/// /0000 10108 20086 39142 48481 53009 700// 333 60007 90710 91104 555 60005=
07591,2009-06-01 22:00:00,10.5,,0.8,87,8.4,,3.704,3.704,,350,,,0,,,,,,,0,og-post,,,,AAXX 01224 07591 24/// /3502 10105 20084 39143 48481 51008 700// 333 60005 90710 91102=
07591,2009-06-01 23:00:00,10,,0.4,89,8.3,,3.704,7.408,,50,,,0,,,,,,,0,og-post,,,,AAXX 01234 07591 24/// /0502 10100 20083 39143 48480 51004 700// 333 60005 90710 91104=
07591,2009-06-02 00:00:00,9.5,,0,91,8.1,,3.704,11.112,,50,,,0,0,,,,,,0,og-post,,,,AAXX 02004 07591 04/// /0502 10095 20081 39142 48478 50000 60001 700// 333 60007 90710 91106 555 60005=
07591,2009-06-02 01:00:00,9.2,,-0.2,91,7.8,,,7.408,,,,,0,,,,,,,0,og-post,,,,AAXX 02014 07591 24/// /0000 10092 20078 39141 48477 58002 700// 333 60005 90710 91104=
07591,2009-06-02 02:00:00,8.6,,-0.3,92,7.4,,3.704,7.408,,10,,,0,,,,,,,0,og-post,,,,AAXX 02024 07591 24/// /0102 10086 20074 39140 48474 57003 700// 333 60005 90710 91104=
07591,2009-06-02 03:00:00,8,,-0.6,91,6.6,,11.112,14.816,,40,,,0,0,,,,,,0,og-post,,,,AAXX 02034 07591 24/// /0406 10080 20066 39136 48469 58006 700// 333 60007 90710 91108 555 60005=
07591,2009-06-02 04:00:00,7.5,,-0.2,92,6.3,,3.704,14.816,,170,,,0,,,,,,,0,og-post,,,,AAXX 02044 07591 24/// /1702 10075 20063 39139 48471 55002 700// 333 60005 90710 91108=
07591,2009-06-02 05:00:00,7.2,,-0.1,92,6,,7.408,11.112,,50,,,0,,,,,,,0,og-post,,,,AAXX 02054 07591 24/// /0504 10072 20060 39139 48470 56001 700// 333 60005 90710 91106=
07591,2009-06-02 06:00:00,9.8,,0.4,82,6.9,,3.704,14.816,,210,7.2,14.5,0,0,,,0,4.5,4,0,og-post,,,,AAXX 02064 07591 04/// /2102 10098 20069 39140 48477 51004 60002 700// 333 10145 20072 3/004 55045 60007 70000 90710 91108 555 60005=
07591,2009-06-02 07:00:00,12.8,,0.2,69,7.3,,3.704,7.408,,160,,,0,,,,,,,0,og-post,,,,AAXX 02074 07591 24/// /1602 10128 20073 39141 48484 53002 700// 333 60005 90710 91104=
07591,2009-06-02 08:00:00,15.4,,-0.2,56,6.7,,3.704,11.112,,150,,,0,,,,,,,0,og-post,,,,AAXX 02084 07591 24/// /1502 10154 20067 39137 48486 58002 700// 333 60005 90710 91106=
07591,2009-06-02 09:00:00,17,,-0.5,49,6.2,,11.112,14.816,,210,,,0,0,,,,,,0,og-post,,,,AAXX 02094 07591 24/// /2106 10170 20062 39135 48487 58005 700// 333 60007 90710 91108 555 60005=
07591,2009-06-02 10:00:00,19.4,,-1.1,47,7.8,,14.816,22.224,,210,,,0,,,,,,,0,og-post,,,,AAXX 02104 07591 24/// /2108 10194 20078 39130 48488 58011 700// 333 60005 90710 91112=
07591,2009-06-02 11:00:00,20.7,,-1,46,8.7,,18.52,31.484,,220,,,0,,,,,,,0,og-post,,,,AAXX 02114 07591 24/// /2210 10207 20087 39127 48488 58010 700// 333 60005 90710 91117=
07591,2009-06-02 12:00:00,21.7,,-1,46,9.6,,22.224,31.484,,220,,,0,0,,,,,,0,og-post,,,,AAXX 02124 07591 04/// /2212 10217 20096 39125 48489 56010 60001 700// 333 60007 90710 91117 555 60005=
07591,2009-06-02 13:00:00,22.4,,-0.7,43,9.2,,22.224,42.596,,220,,,0,,,,,,,0,og-post,,,,AAXX 02134 07591 24/// /2212 10224 20092 39123 48488 56007 700// 333 60005 90710 91123=
07591,2009-06-02 14:00:00,23,,-0.6,44,10.1,,22.224,38.892,,230,,,0,,,,,,,0,og-post,,,,AAXX 02144 07591 24/// /2312 10230 20101 39121 48488 57006 700// 333 60005 90710 91121=
07591,2009-06-02 15:00:00,22.8,,-0.4,44,9.9,,18.52,38.892,,230,,,0,0,,,,,,0,og-post,,,,AAXX 02154 07591 24/// /2310 10228 20099 39121 48487 56004 700// 333 60007 90710 91121 555 60005=
07591,2009-06-02 16:00:00,22.5,,-0.3,45,10,,22.224,38.892,,220,,,0,,,,,,,0,og-post,,,,AAXX 02164 07591 24/// /2212 10225 20100 39120 48486 56003 700// 333 60005 90710 91121=
07591,2009-06-02 17:00:00,21.6,,0.2,47,9.8,,18.52,35.188,,210,,,0,,,,,,,0,og-post,,,,AAXX 02174 07591 24/// /2110 10216 20098 39123 48487 53002 700// 333 60005 90710 91119=
07591,2009-06-02 18:00:00,20,,0.7,50,9.3,,14.816,31.484,,210,9.8,23.1,0,0,,,,,,0,og-post,,,,AAXX 02184 07591 04/// /2108 10200 20093 39128 48488 53007 60002 700// 333 10231 20098 60007 90710 91117 555 60005=
07591,2009-06-02 19:00:00,18.3,,1.2,54,8.8,,7.408,25.928,,170,,,0,,,,,,,0,og-post,,,,AAXX 02194 07591 24/// /1704 10183 20088 39132 48488 53012 700// 333 60005 90710 91114=
07591,2009-06-02 20:00:00,16.5,,1.6,63,9.4,,3.704,14.816,,340,,,0,,,,,,,0,og-post,,,,AAXX 02204 07591 24/// /3402 10165 20094 39139 48491 53016 700// 333 60005 90710 91108=
07591,2009-06-02 21:00:00,15.5,,1.4,66,9.2,,3.704,7.408,,360,,,0,0,,,,,,0,og-post,,,,AAXX 02214 07591 24/// /3602 10155 20092 39142 48491 51014 700// 333 60007 90710 91104 555 60005=
07591,2009-06-02 22:00:00,14.1,,1.1,72,9.1,,3.704,7.408,,20,,,0,,,,,,,0,og-post,,,,AAXX 02224 07591 24/// /0202 10141 20091 39143 48489 51011 700// 333 60005 90710 91104=
07591,2009-06-02 23:00:00,12.6,,0.7,78,8.9,,3.704,7.408,,10,,,0,,,,,,,0,og-post,,,,AAXX 02234 07591 24/// /0102 10126 20089 39146 48489 52007 700// 333 60005 90710 91104=
07591,2009-06-03 00:00:00,11.8,,0.3,80,8.5,,3.704,11.112,,10,,,0,0,,,,,,0,og-post,,,,AAXX 03004 07591 04/// /0102 10118 20085 39145 48486 50003 60001 700// 333 60007 90710 91106 555 60005=
07591,2009-06-03 01:00:00,11.1,,0.1,83,8.3,,7.408,11.112,,70,,,0,,,,,,,0,og-post,,,,AAXX 03014 07591 24/// /0704 10111 20083 39144 48484 50001 700// 333 60005 90710 91106=
07591,2009-06-03 02:00:00,11.6,,-0.4,77,7.7,,11.112,25.928,,60,,,0,,,,,,,0,og-post,,,,AAXX 03024 07591 24/// /0606 10116 20077 39142 48483 58004 700// 333 60005 90710 91114=
07591,2009-06-03 03:00:00,10.8,,-0.3,80,7.5,,3.704,18.52,,100,,,0,0,,,,,,0,og-post,,,,AAXX 03034 07591 24/// /1002 10108 20075 39142 48481 56003 700// 333 60007 90710 91110 555 60005=
07591,2009-06-03 04:00:00,10,,-0.1,83,7.2,,3.704,11.112,,40,,,0,,,,,,,0,og-post,,,,AAXX 03044 07591 24/// /0402 10100 20072 39143 48480 55001 700// 333 60005 90710 91106=
07591,2009-06-03 05:00:00,10.3,,0.6,81,7.2,,,18.52,,,,,0,,,,,,,0,og-post,,,,AAXX 03054 07591 24/// /0000 10103 20072 39148 48485 53006 700// 333 60005 90710 91110=
07591,2009-06-03 06:00:00,13.2,,0.3,70,7.9,,11.112,22.224,,40,9.5,19.9,0,0,,,0,12,6,0,og-post,,,,AAXX 03064 07591 04/// /0406 10132 20079 39145 48489 50003 60002 700// 333 10199 20095 3/006 55120 60007 70000 90710 91112 555 60005=
07591,2009-06-03 07:00:00,15.5,,0.1,61,8,,11.112,22.224,,30,,,0,,,,,,,0,og-post,,,,AAXX 03074 07591 24/// /0306 10155 20080 39144 48493 50001 700// 333 60005 90710 91112=
07591,2009-06-03 08:00:00,18.1,,-1,54,8.7,,7.408,18.52,,90,,,0,,,,,,,0,og-post,,,,AAXX 03084 07591 24/// /0904 10181 20087 39138 48493 58010 700// 333 60005 90710 91110=
07591,2009-06-03 09:00:00,20,,-1.1,45,7.7,,7.408,14.816,,190,,,0,0,,,,,,0,og-post,,,,AAXX 03094 07591 24/// /1904 10200 20077 39134 48493 58011 700// 333 60007 90710 91108 555 60005=
07591,2009-06-03 10:00:00,21.8,,-1.4,46,9.7,,11.112,18.52,,200,,,0,,,,,,,0,og-post,,,,AAXX 03104 07591 24/// /2006 10218 20097 39130 48494 56014 700// 333 60005 90710 91110=
07591,2009-06-03 11:00:00,24.3,,-1.2,33,7,,14.816,29.632,,220,,,0,,,,,,,0,og-post,,,,AAXX 03114 07591 24/// /2208 10243 20070 39126 48494 57012 700// 333 60005 90710 91116=
07591,2009-06-03 12:00:00,24.3,,-1.2,38,9.1,,22.224,31.484,,210,,,0,0,,,,,,0,og-post,,,,AAXX 03124 07591 04/// /2112 10243 20091 39122 48491 57012 60001 700// 333 60007 90710 91117 555 60005=
07591,2009-06-03 13:00:00,25.6,,-1.6,31,7.2,,18.52,31.484,,220,,,0,,,,,,,0,og-post,,,,AAXX 03134 07591 24/// /2210 10256 20072 39114 48486 58016 700// 333 60005 90710 91117=
07591,2009-06-03 14:00:00,25.4,,-1.6,33,8,,22.224,38.892,,230,,,0,,,,,,,0,og-post,,,,AAXX 03144 07591 24/// /2312 10254 20080 39110 48482 57016 700// 333 60005 90710 91121=
07591,2009-06-03 15:00:00,25.1,,-1.5,35,8.6,,22.224,46.3,,220,,,0,0,,,,,,0,og-post,,,,AAXX 03154 07591 24/// /2212 10251 20086 39107 48478 56015 700// 333 60007 90710 91125 555 60005=
07591,2009-06-03 16:00:00,24.7,,-0.9,37,9,,18.52,38.892,,220,,,0,,,,,,,0,og-post,,,,AAXX 03164 07591 24/// /2210 10247 20090 39105 48476 56009 700// 333 60005 90710 91121=
07591,2009-06-03 17:00:00,23.9,,-0.5,38,8.7,,18.52,42.596,,220,,,0,,,,,,,0,og-post,,,,AAXX 03174 07591 24/// /2210 10239 20087 39105 48474 56005 700// 333 60005 90710 91123=
07591,2009-06-03 18:00:00,21.7,,-0,46,9.6,,14.816,31.484,,220,13.2,25.8,0,0,,,,,,0,og-post,,,,AAXX 03184 07591 04/// /2208 10217 20096 39107 48472 55000 60002 700// 333 10258 20132 60007 90710 91117 555 60005=
07591,2009-06-03 19:00:00,20.2,,0.6,48,8.8,,14.816,31.484,,220,,,0,,,,,,,0,og-post,,,,AAXX 03194 07591 24/// /2208 10202 20088 39111 48472 53006 700// 333 60005 90710 91117=
07591,2009-06-03 20:00:00,18.4,,1.5,55,9.2,,3.704,25.928,,180,,,0,,,,,,,0,og-post,,,,AAXX 03204 07591 24/// /1802 10184 20092 39120 48477 53015 700// 333 60005 90710 91114=
07591,2009-06-03 21:00:00,16,,1.7,64,9.2,,3.704,11.112,,360,,,0,0,,,,,,0,og-post,,,,AAXX 03214 07591 24/// /3602 10160 20092 39124 48476 52017 700// 333 60007 90710 91106 555 60005=
07591,2009-06-03 22:00:00,14.6,,1.5,69,9,,3.704,7.408,,270,,,0,,,,,,,0,og-post,,,,AAXX 03224 07591 24/// /2702 10146 20090 39126 48475 51015 700// 333 60005 90710 91104=
07591,2009-06-03 23:00:00,13.3,,0.5,74,8.8,,3.704,7.408,,10,,,0,,,,,,,0,og-post,,,,AAXX 03234 07591 24/// /0102 10133 20088 39125 48471 50005 700// 333 60005 90710 91104=
07591,2009-06-04 00:00:00,12.6,,-0.2,76,8.5,,,18.52,,,,,0,0,,,,,,0,og-post,,,,AAXX 04004 07591 04/// /0000 10126 20085 39122 48467 58002 60001 700// 333 60007 90710 91110 555 60005=
07591,2009-06-04 01:00:00,11.1,,-0.4,81,8,,3.704,7.408,,330,,,0,,,,,,,0,og-post,,,,AAXX 04014 07591 24/// /3302 10111 20080 39122 48464 56004 700// 333 60005 90710 91104=
07591,2009-06-04 02:00:00,10.3,,-0.6,81,7.2,,3.704,11.112,,60,,,0,,,,,,,0,og-post,,,,AAXX 04024 07591 24/// /0602 10103 20072 39119 48459 57006 700// 333 60005 90710 91106=
07591,2009-06-04 03:00:00,9.7,,-0.5,78,6.1,,3.704,11.112,,50,,,0,0,,,,,,0,og-post,,,,AAXX 04034 07591 24/// /0502 10097 20061 39117 48456 58005 700// 333 60007 90710 91106 555 60005=
07591,2009-06-04 04:00:00,8.8,,-0.3,83,6.1,,3.704,7.408,,300,,,0,,,,,,,0,og-post,,,,AAXX 04044 07591 24/// /3002 10088 20061 39119 48456 55003 700// 333 60005 90710 91104=
07591,2009-06-04 05:00:00,8.5,,0.1,78,4.9,,3.704,7.408,,40,,,0,,,,,,,0,og-post,,,,AAXX 04054 07591 24/// /0402 10085 20049 39120 48456 53001 700// 333 60005 90710 91104=
07591,2009-06-04 06:00:00,11.8,,0.2,65,5.4,,7.408,14.816,,80,8.3,21.6,0,0,,,0,11.8,4,0,og-post,,,,AAXX 04064 07591 04/// /0804 10118 20054 39119 48462 50002 60002 700// 333 10216 20083 3/004 55118 60007 70000 90710 91108 555 60005=
07591,2009-06-04 07:00:00,15,,0,55,6,,,11.112,,,,,0,,,,,,,0,og-post,,,,AAXX 04074 07591 24/// /0000 10150 20060 39119 48469 50000 700// 333 60005 90710 91106=
07591,2009-06-04 08:00:00,17.2,,-0.4,49,6.4,,7.408,14.816,,190,,,0,,,,,,,0,og-post,,,,AAXX 04084 07591 24/// /1904 10172 20064 39116 48470 58004 700// 333 60005 90710 91108=
07591,2009-06-04 09:00:00,18.4,,-0.6,46,6.6,,11.112,18.52,,210,,,0,0,,,,,,0,og-post,,,,AAXX 04094 07591 24/// /2106 10184 20066 39113 48470 58006 700// 333 60007 90710 91110 555 60005=
07591,2009-06-04 10:00:00,21.5,,-1.2,43,8.4,,11.112,29.632,,200,,,0,,,,,,,0,og-post,,,,AAXX 04104 07591 24/// /2006 10215 20084 39107 48471 58012 700// 333 60005 90710 91116=
07591,2009-06-04 11:00:00,22,,-1.3,39,7.4,,22.224,31.484,,210,,,0,,,,,,,0,og-post,,,,AAXX 04114 07591 24/// /2112 10220 20074 39103 48468 58013 700// 333 60005 90710 91117=
07591,2009-06-04 12:00:00,23.3,,-1.5,34,6.6,,22.224,35.188,,220,,,0,0,,,,,,0,og-post,,,,AAXX 04124 07591 04/// /2212 10233 20066 39098 48466 56015 60001 700// 333 60007 90710 91119 555 60005=
07591,2009-06-04 13:00:00,24.1,,-1.2,35,7.7,,22.224,42.596,,210,,,0,,,,,,,0,og-post,,,,AAXX 04134 07591 24/// /2112 10241 20077 39095 48465 56012 700// 333 60005 90710 91123=
07591,2009-06-04 14:00:00,24.4,,-1.2,32,6.6,,25.928,46.3,,240,,,0,,,,,,,0,og-post,,,,AAXX 04144 07591 24/// /2414 10244 20066 39091 48461 56012 700// 333 60005 90710 91125=
07591,2009-06-04 15:00:00,25,,-0.8,28,5.2,,25.928,46.3,,240,,,0,0,,,,,,0,og-post,,,,AAXX 04154 07591 24/// /2414 10250 20052 39090 48461 56008 700// 333 60007 90710 91125 555 60005=
07591,2009-06-04 16:00:00,24.4,,-0.6,29,5.2,,22.224,42.596,,220,,,0,,,,,,,0,og-post,,,,AAXX 04164 07591 24/// /2212 10244 20052 39089 48459 56006 700// 333 60005 90710 91123=
07591,2009-06-04 17:00:00,23.4,,-0.3,32,5.8,,22.224,38.892,,220,,,0,,,,,,,0,og-post,,,,AAXX 04174 07591 24/// /2212 10234 20058 39088 48456 57003 700// 333 60005 90710 91121=
07591,2009-06-04 18:00:00,21.1,,0.3,39,6.6,,18.52,35.188,,220,11.9,25.2,0,0,,,,,,0,og-post,,,,AAXX 04184 07591 04/// /2210 10211 20066 39093 48457 53003 60002 700// 333 10252 20119 60007 90710 91119 555 60005=
07591,2009-06-04 19:00:00,19.2,,1,42,6,,11.112,29.632,,200,,,0,,,,,,,0,og-post,,,,AAXX 04194 07591 24/// /2006 10192 20060 39099 48459 53010 700// 333 60005 90710 91116=
07591,2009-06-04 20:00:00,17.6,,1.9,48,6.5,,7.408,31.484,,200,,,0,,,,,,,0,og-post,,,,AAXX 04204 07591 24/// /2004 10176 20065 39107 48463 53019 700// 333 60005 90710 91117=
07591,2009-06-04 21:00:00,15.9,,2,53,6.3,,3.704,11.112,,210,,,0,0,,,,,,0,og-post,,,,AAXX 04214 07591 24/// /2102 10159 20063 39113 48465 52020 700// 333 60007 90710 91106 555 60005=
07591,2009-06-04 22:00:00,15,,1.7,56,6.3,,3.704,14.816,,300,,,0,,,,,,,0,og-post,,,,AAXX 04224 07591 24/// /3002 10150 20063 39116 48466 51017 700// 333 60005 90710 91108=
07591,2009-06-04 23:00:00,13.4,,0.9,64,6.7,,,7.408,,,,,0,,,,,,,0,og-post,,,,AAXX 04234 07591 24/// /0000 10134 20067 39116 48463 51009 700// 333 60005 90710 91104=
07591,2009-06-05 00:00:00,11.9,,0.6,70,6.6,,3.704,3.704,,90,,,0,0,,,,,,0,og-post,,,,AAXX 05004 07591 04/// /0902 10119 20066 39119 48462 52006 60001 700// 333 60007 90710 91102 555 60005=
07591,2009-06-05 01:00:00,11.6,,-0.2,71,6.5,,3.704,11.112,,360,,,0,,,,,,,0,og-post,,,,AAXX 05014 07591 24/// /3602 10116 20065 39114 48457 58002 700// 333 60005 90710 91106=
07591,2009-06-05 02:00:00,11,,-0.3,75,6.7,,3.704,7.408,,10,,,0,,,,,,,0,og-post,,,,AAXX 05024 07591 24/// /0102 10110 20067 39113 48455 58003 700// 333 60005 90710 91104=
07591,2009-06-05 03:00:00,10.2,,-0.6,79,6.7,,3.704,7.408,,10,,,0,0,,,,,,0,og-post,,,,AAXX 05034 07591 24/// /0102 10102 20067 39113 48453 56006 700// 333 60007 90710 91104 555 60005=
07591,2009-06-05 04:00:00,9.5,,-0.3,80,6.2,,3.704,14.816,,40,,,0,,,,,,,0,og-post,,,,AAXX 05044 07591 24/// /0402 10095 20062 39111 48450 58003 700// 333 60005 90710 91108=
07591,2009-06-05 05:00:00,10.2,,-0.2,78,6.5,,7.408,11.112,,40,,,0,,,,,,,0,og-post,,,,AAXX 05054 07591 24/// /0404 10102 20065 39111 48452 57002 700// 333 60005 90710 91106=
07591,2009-06-05 06:00:00,12.6,,-0.3,72,7.7,,7.408,14.816,,60,9.5,21.1,0,0,,,0,12.5,6,0,og-post,,,,AAXX 05064 07591 04/// /0604 10126 20077 39110 48456 56003 60002 700// 333 10211 20095 3/006 55125 60007 70000 90710 91108 555 60005=
07591,2009-06-05 07:00:00,14.8,,-0.7,60,7.1,,14.816,22.224,,40,,,0,,,,,,,0,og-post,,,,AAXX 05074 07591 24/// /0408 10148 20071 39104 48455 58007 700// 333 60005 90710 91112=
07591,2009-06-05 08:00:00,16,,-0.5,56,7.2,,3.704,18.52,,120,,,0,,,,,,,0,og-post,,,,AAXX 05084 07591 24/// /1202 10160 20072 39106 48459 55005 700// 333 60005 90710 91110=
07591,2009-06-05 09:00:00,16.3,,-0.3,55,7.3,,3.704,11.112,,290,,,0,0,,,,,,0,og-post,,,,AAXX 05094 07591 24/// /2902 10163 20073 39107 48460 55003 700// 333 60007 90710 91106 555 60005=
07591,2009-06-05 10:00:00,16.7,,0.4,57,8.1,,7.408,11.112,,190,,,0,,,,,,,60,og-post,,,,AAXX 05104 07591 24/// /1904 10167 20081 39108 48462 51004 760// 333 60005 90710 91106=
07591,2009-06-05 11:00:00,15.4,,0.5,72,10.4,,3.704,14.816,,210,,,0.2,,,,,,,21,og-post,,,,AAXX 05114 07591 24/// /2102 10154 20104 39111 48463 53005 721// 333 69925 90710 91108=
07591,2009-06-05 12:00:00,14.5,,0.6,86,12.2,,3.704,14.816,,210,,,2,2,2,,,,,63,og-post,,,,AAXX 05124 07591 04/// /2102 10145 20122 39113 48463 53006 60021 763// 333 60027 90710 91108 555 60025=
07591,2009-06-05 13:00:00,13,,0.4,93,11.9,,3.704,14.816,,150,,,4,,,,,,,61,og-post,,,,AAXX 05134 07591 24/// /1502 10130 20119 39112 48459 50004 761// 333 60045 90710 91108=
07591,2009-06-05 14:00:00,12.5,,-0.5,93,11.4,,3.704,11.112,,50,,,0.6,,,,,,,60,og-post,,,,AAXX 05144 07591 24/// /0502 10125 20114 39106 48453 58005 760// 333 69965 90710 91106=
07591,2009-06-05 15:00:00,12.8,,-1.7,92,11.5,,11.112,14.816,,60,,,0,5,,,,,,0,og-post,,,,AAXX 05154 07591 24/// /0606 10128 20115 39096 48444 58017 700// 333 60057 90710 91108 555 60005=
07591,2009-06-05 16:00:00,13.1,,-2.4,91,11.7,,11.112,18.52,,40,,,0,,,,,,,0,og-post,,,,AAXX 05164 07591 24/// /0406 10131 20117 39088 48437 58024 700// 333 60005 90710 91110=
07591,2009-06-05 17:00:00,13.9,,-3.2,90,12.3,,11.112,22.224,,30,,,0,,,,,,,0,og-post,,,,AAXX 05174 07591 24/// /0306 10139 20123 39074 48426 58032 700// 333 60005 90710 91112=
07591,2009-06-05 18:00:00,13.6,,-2.5,90,12,,11.112,18.52,,70,12.4,17.2,0,0,,7,,,,0,og-post,,,,AAXX 05184 07591 04/// /0706 10136 20120 39071 48423 56025 60072 700// 333 10172 20124 60007 90710 91110 555 60005=
07591,2009-06-05 19:00:00,13.2,,-1.9,91,11.8,,14.816,25.928,,30,,,0.4,,,,,,,21,og-post,,,,AAXX 05194 07591 24/// /0308 10132 20118 39069 48420 56019 721// 333 69945 90710 91114=
07591,2009-06-05 20:00:00,12.9,,0.1,94,12,,14.816,25.928,,40,,,1,,,,,,,21,og-post,,,,AAXX 05204 07591 24/// /0408 10129 20120 39075 48425 53001 721// 333 60015 90710 91114=
07591,2009-06-05 21:00:00,12.8,,0.5,92,11.5,,11.112,29.632,,230,,,0.4,2,,,,,,0,og-post,,,,AAXX 05214 07591 24/// /2306 10128 20115 39076 48426 53005 700// 333 60027 90710 91116 555 69945=
07591,2009-06-05 22:00:00,12.4,,0.9,95,11.6,,7.408,18.52,,320,,,1,,,,,,,60,og-post,,,,AAXX 05224 07591 24/// /3204 10124 20116 39078 48427 51009 760// 333 60015 90710 91110=
07591,2009-06-05 23:00:00,12.5,,-1.7,89,10.7,,18.52,35.188,,20,,,0.8,,,,,,,0,og-post,,,,AAXX 05234 07591 24/// /0210 10125 20107 39058 48409 58017 700// 333 69985 90710 91119=
07591,2009-06-06 00:00:00,12,,-3,92,10.7,,11.112,35.188,,80,,,0,2,4,,,,,21,og-post,,,,AAXX 06004 07591 04/// /0806 10120 20107 39046 48397 58030 60041 721// 333 60027 90710 91119 555 60005=
07591,2009-06-06 01:00:00,11.3,,-3.3,93,10.2,,3.704,14.816,,60,,,0,,,,,,,0,og-post,,,,AAXX 06014 07591 24/// /0602 10113 20102 39045 48394 56033 700// 333 60005 90710 91108=
07591,2009-06-06 02:00:00,11.2,,-1.9,94,10.3,,7.408,14.816,,80,,,0,,,,,,,61,og-post,,,,AAXX 06024 07591 24/// /0804 10112 20103 39039 48389 56019 761// 333 60005 90710 91108=
07591,2009-06-06 03:00:00,11.2,,-0.2,96,10.6,,3.704,14.816,,270,,,0.6,0.6,,,,,,60,og-post,,,,AAXX 06034 07591 24/// /2702 10112 20106 39044 48393 55002 760// 333 69967 90710 91108 555 69965=
07591,2009-06-06 04:00:00,11.9,,-0.5,94,11,,11.112,25.928,,200,,,0.8,,,,,,,62,og-post,,,,AAXX 06044 07591 24/// /2006 10119 20110 39040 48391 56005 762// 333 69985 90710 91114=
07591,2009-06-06 05:00:00,11.5,,-0.2,95,10.7,,7.408,22.224,,300,,,3,,,,,,,21,og-post,,,,AAXX 06054 07591 24/// /3004 10115 20107 39037 48388 58002 721// 333 60035 90710 91112=
07591,2009-06-06 06:00:00,11.8,,-0.7,96,11.2,,3.704,11.112,,250,11,13.6,0,4,,8,15.2,0.9,10,0,og-post,,,,AAXX 06064 07591 04/// /2502 10118 20112 39037 48388 56007 60082 700// 333 10136 20110 3/010 55009 60047 70152 90710 91106 555 60005=
07591,2009-06-06 07:00:00,12.6,,-0.1,94,11.7,,3.704,11.112,,210,,,0,,,,,,,0,og-post,,,,AAXX 06074 07591 24/// /2102 10126 20117 39039 48392 55001 700// 333 60005 90710 91106=
07591,2009-06-06 08:00:00,13.6,,0.4,88,11.7,,3.704,11.112,,180,,,0,,,,,,,0,og-post,,,,AAXX 06084 07591 24/// /1802 10136 20117 39041 48395 53004 700// 333 60005 90710 91106=
07591,2009-06-06 09:00:00,15.1,,0.5,85,12.6,,3.704,18.52,,140,,,0.6,0.6,,,,,,21,og-post,,,,AAXX 06094 07591 24/// /1402 10151 20126 39042 48399 51005 721// 333 69967 90710 91110 555 69965=
07591,2009-06-06 10:00:00,16,,-0.2,76,11.8,,11.112,22.224,,200,,,0,,,,,,,21,og-post,,,,AAXX 06104 07591 24/// /2006 10160 20118 39037 48396 58002 721// 333 60005 90710 91112=
07591,2009-06-06 11:00:00,16.5,,-0.8,63,9.4,,14.816,31.484,,260,,,0.2,,,,,,,0,og-post,,,,AAXX 06114 07591 24/// /2608 10165 20094 39033 48393 58008 700// 333 69925 90710 91117=
07591,2009-06-06 12:00:00,15.6,,-0.8,77,11.6,,3.704,38.892,,340,,,1,1,2,,,,,21,og-post,,,,AAXX 06124 07591 04/// /3402 10156 20116 39034 48392 55008 60021 721// 333 60017 90710 91121 555 60015=
07591,2009-06-06 13:00:00,14.1,,-0.3,76,9.9,,7.408,25.928,,70,,,0,,,,,,,60,og-post,,,,AAXX 06134 07591 24/// /0704 10141 20099 39034 48389 56003 760// 333 60005 90710 91114=
07591,2009-06-06 14:00:00,14.3,,0,73,9.5,,3.704,14.816,,40,,,0.4,,,,,,,60,og-post,,,,AAXX 06144 07591 24/// /0402 10143 20095 39033 48389 50000 760// 333 69945 90710 91108=
07591,2009-06-06 15:00:00,10.1,,2.7,83,7.3,,18.52,57.412,,230,,,2,3,,,,,,65,og-post,,,,AAXX 06154 07591 24/// /2310 10101 20073 39061 48406 53027 765// 333 60037 90710 91131 555 60025=
07591,2009-06-06 16:00:00,9.7,,2.9,90,8.1,,7.408,22.224,,330,,,3,,,,,,,63,og-post,,,,AAXX 06164 07591 24/// /3304 10097 20081 39063 48407 53029 763// 333 60035 90710 91112=
07591,2009-06-06 17:00:00,9,,3.1,93,7.9,,7.408,11.112,,70,,,5,,,,,,,61,og-post,,,,AAXX 06174 07591 24/// /0704 10090 20079 39064 48407 51031 761// 333 60055 90710 91106=
07591,2009-06-06 18:00:00,9,,0.5,94,8.1,,7.408,18.52,,350,8.9,17,1,9,,14,,,,21,og-post,,,,AAXX 06184 07591 04/// /3504 10090 20081 39066 48409 52005 60142 721// 333 10170 20089 60097 90710 91110 555 60015=
07591,2009-06-06 19:00:00,9,,1.2,95,8.2,,3.704,14.816,,320,,,1,,,,,,,61,og-post,,,,AAXX 06194 07591 24/// /3202 10090 20082 39075 48417 53012 761// 333 60015 90710 91108=
07591,2009-06-06 20:00:00,8.8,,1.2,95,8,,7.408,14.816,,20,,,1,,,,,,,21,og-post,,,,AAXX 06204 07591 24/// /0204 10088 20080 39076 48417 51012 721// 333 60015 90710 91108=
07591,2009-06-06 21:00:00,8.2,,1.1,94,7.3,,3.704,18.52,,290,,,0,3,,,,,,0,og-post,,,,AAXX 06214 07591 24/// /2902 10082 20073 39077 48417 51011 700// 333 60037 90710 91110 555 60005=
07591,2009-06-06 22:00:00,7,,0.4,95,6.3,,3.704,7.408,,350,,,0,,,,,,,0,og-post,,,,AAXX 06224 07591 24/// /3502 10070 20063 39079 48416 53004 700// 333 60005 90710 91104=
07591,2009-06-06 23:00:00,6.2,,0.6,96,5.6,,3.704,7.408,,10,,,0.2,,,,,,,0,og-post,,,,AAXX 06234 07591 24/// /0102 10062 20056 39082 48418 53006 700// 333 69925 90710 91104=
07591,2009-06-07 00:00:00,5.7,,0.4,96,5.1,,3.704,7.408,,30,,,0,0.2,3,,,,,0,og-post,,,,AAXX 07004 07591 04/// /0302 10057 20051 39081 48416 50004 60031 700// 333 69927 90710 91104 555 60005=
07591,2009-06-07 01:00:00,5.4,,0,96,4.8,,3.704,14.816,,360,,,0,,,,,,,0,og-post,,,,AAXX 07014 07591 24/// /3602 10054 20048 39079 48413 50000 700// 333 60005 90710 91108=
07591,2009-06-07 02:00:00,5.2,,0.2,96,4.6,,3.704,14.816,,260,,,0,,,,,,,0,og-post,,,,AAXX 07024 07591 24/// /2602 10052 20046 39084 48417 53002 700// 333 60005 90710 91108=
07591,2009-06-07 03:00:00,5.1,,0.1,97,4.7,,11.112,18.52,,30,,,0,0,,,,,,0,og-post,,,,AAXX 07034 07591 24/// /0306 10051 20047 39082 48415 52001 700// 333 60007 90710 91110 555 60005=
07591,2009-06-07 04:00:00,4.5,,0.8,96,3.9,,3.704,14.816,,360,,,0,,,,,,,0,og-post,,,,AAXX 07044 07591 24/// /3602 10045 20039 39087 48418 52008 700// 333 60005 90710 91108=
07591,2009-06-07 05:00:00,4.2,,0.8,97,3.8,,3.704,7.408,,40,,,0,,,,,,,0,og-post,,,,AAXX 07054 07591 24/// /0402 10042 20038 39092 48422 53008 700// 333 60005 90710 91104=
07591,2009-06-07 06:00:00,7,,1.3,97,6.6,,3.704,11.112,,100,4,9.2,0,0,,3,16.4,0.6,1,0,og-post,,,,AAXX 07064 07591 04/// /1002 10070 20066 39095 48431 51013 60032 700// 333 10092 20040 3/001 55006 60007 70164 90710 91106 555 60005=
07591,2009-06-07 07:00:00,10.1,,1.1,85,7.7,,11.112,18.52,,80,,,0,,,,,,,0,og-post,,,,AAXX 07074 07591 24/// /0806 10101 20077 39098 48440 51011 700// 333 60005 90710 91110=
07591,2009-06-07 08:00:00,12,,1,72,7.1,,3.704,14.816,,220,,,0,,,,,,,0,og-post,,,,AAXX 07084 07591 24/// /2202 10120 20071 39102 48447 53010 700// 333 60005 90710 91108=
07591,2009-06-07 09:00:00,14,,0.7,69,8.4,,11.112,18.52,,220,,,0,0,,,,,,0,og-post,,,,AAXX 07094 07591 24/// /2206 10140 20084 39102 48451 51007 700// 333 60007 90710 91110 555 60005=
07591,2009-06-07 10:00:00,15.6,,0.5,64,8.8,,14.816,22.224,,210,,,0,,,,,,,0,og-post,,,,AAXX 07104 07591 24/// /2108 10156 20088 39103 48456 51005 700// 333 60005 90710 91112=
07591,2009-06-07 11:00:00,17.1,,0.2,52,7.2,,14.816,29.632,,240,,,0,,,,,,,0,og-post,,,,AAXX 07114 07591 24/// /2408 10171 20072 39104 48459 53002 700// 333 60005 90710 91116=
07591,2009-06-07 12:00:00,18,,0.3,52,8,,14.816,29.632,,210,,,0,0,,,,,,0,og-post,,,,AAXX 07124 07591 04/// /2108 10180 20080 39105 48462 52003 60001 700// 333 60007 90710 91116 555 60005=
07591,2009-06-07 13:00:00,18.5,,0.1,46,6.7,,14.816,29.632,,220,,,0,,,,,,,0,og-post,,,,AAXX 07134 07591 24/// /2208 10185 20067 39104 48462 50001 700// 333 60005 90710 91116=
07591,2009-06-07 14:00:00,17.2,,0.4,50,6.7,,18.52,31.484,,240,,,0,,,,,,,0,og-post,,,,AAXX 07144 07591 24/// /2410 10172 20067 39108 48463 53004 700// 333 60005 90710 91117=
07591,2009-06-07 15:00:00,17.9,,0.3,50,7.3,,14.816,25.928,,190,,,0,0,,,,,,0,og-post,,,,AAXX 07154 07591 24/// /1908 10179 20073 39108 48465 53003 700// 333 60007 90710 91114 555 60005=
07591,2009-06-07 16:00:00,18.5,,0.3,48,7.3,,11.112,29.632,,210,,,0,,,,,,,0,og-post,,,,AAXX 07164 07591 24/// /2106 10185 20073 39107 48465 50003 700// 333 60005 90710 91116=
07591,2009-06-07 17:00:00,18.2,,-0.4,49,7.3,,11.112,22.224,,230,,,0,,,,,,,0,og-post,,,,AAXX 07174 07591 24/// /2306 10182 20073 39104 48461 58004 700// 333 60005 90710 91112=
07591,2009-06-07 18:00:00,16.3,,-0.2,56,7.5,,7.408,25.928,,250,7.1,19.6,0,0,,,,,,0,og-post,,,,AAXX 07184 07591 04/// /2504 10163 20075 39106 48460 55002 60002 700// 333 10196 20071 60007 90710 91114 555 60005=
07591,2009-06-07 19:00:00,14.3,,0.3,70,8.9,,7.408,14.816,,180,,,0,,,,,,,0,og-post,,,,AAXX 07194 07591 24/// /1804 10143 20089 39110 48459 53003 700// 333 60005 90710 91108=
07591,2009-06-07 20:00:00,12.8,,1.5,76,8.7,,7.408,11.112,,280,,,0,,,,,,,0,og-post,,,,AAXX 07204 07591 24/// /2804 10128 20087 39119 48465 53015 700// 333 60005 90710 91106=
07591,2009-06-07 21:00:00,11.7,,1.9,79,8.2,,3.704,11.112,,90,,,0,0,,,,,,0,og-post,,,,AAXX 07214 07591 24/// /0902 10117 20082 39125 48468 53019 700// 333 60007 90710 91106 555 60005=
07591,2009-06-07 22:00:00,10.9,,1.9,83,8.1,,3.704,11.112,,140,,,0,,,,,,,0,og-post,,,,AAXX 07224 07591 24/// /1402 10109 20081 39129 48470 51019 700// 333 60005 90710 91106=
07591,2009-06-07 23:00:00,10.8,,0.5,79,7.3,,14.816,18.52,,20,,,0,,,,,,,0,og-post,,,,AAXX 07234 07591 24/// /0208 10108 20073 39124 48465 50005 700// 333 60005 90710 91110=
07591,2009-06-08 00:00:00,9.9,,-0.1,82,7,,7.408,25.928,,60,,,0,0,,,,,,0,og-post,,,,AAXX 08004 07591 04/// /0604 10099 20070 39124 48463 58001 60001 700// 333 60007 90710 91114 555 60005=
07591,2009-06-08 01:00:00,9.2,,-0.5,85,6.8,,3.704,11.112,,130,,,0,,,,,,,0,og-post,,,,AAXX 08014 07591 24/// /1302 10092 20068 39124 48461 56005 700// 333 60005 90710 91106=
07591,2009-06-08 02:00:00,7.9,,0.2,87,5.9,,7.408,11.112,,40,,,0,,,,,,,0,og-post,,,,AAXX 08024 07591 24/// /0404 10079 20059 39126 48460 53002 700// 333 60005 90710 91106=
07591,2009-06-08 03:00:00,7.9,,0,85,5.5,,14.816,22.224,,50,,,0,0,,,,,,0,og-post,,,,AAXX 08034 07591 24/// /0508 10079 20055 39124 48458 50000 700// 333 60007 90710 91112 555 60005=
07591,2009-06-08 04:00:00,8.2,,0,83,5.5,,14.816,25.928,,40,,,0,,,,,,,0,og-post,,,,AAXX 08044 07591 24/// /0408 10082 20055 39124 48459 50000 700// 333 60005 90710 91114=
07591,2009-06-08 05:00:00,10,,-0.1,74,5.6,,18.52,35.188,,20,,,0,,,,,,,0,og-post,,,,AAXX 08054 07591 24/// /0210 10100 20056 39125 48464 55001 700// 333 60005 90710 91119=
07591,2009-06-08 06:00:00,10.6,,0.1,71,5.6,,18.52,38.892,,20,7.7,16.2,0,0,,,0,8.7,5,0,og-post,,,,AAXX 08064 07591 04/// /0210 10106 20056 39125 48465 52001 60002 700// 333 10162 20077 3/005 55087 60007 70000 90710 91121 555 60005=
07591,2009-06-08 07:00:00,11.4,,0.5,71,6.3,,11.112,25.928,,60,,,0,,,,,,,0,og-post,,,,AAXX 08074 07591 24/// /0606 10114 20063 39129 48470 53005 700// 333 60005 90710 91114=
07591,2009-06-08 08:00:00,12.3,,0.6,69,6.8,,7.408,22.224,,50,,,0,,,,,,,0,og-post,,,,AAXX 08084 07591 24/// /0504 10123 20068 39131 48474 53006 700// 333 60005 90710 91112=
07591,2009-06-08 09:00:00,13.5,,0.5,69,7.9,,3.704,11.112,,180,,,0,0,,,,,,0,og-post,,,,AAXX 08094 07591 24/// /1802 10135 20079 39130 48476 50005 700// 333 60007 90710 91106 555 60005=
07591,2009-06-08 10:00:00,16,,-0.3,63,9,,3.704,11.112,,170,,,0,,,,,,,0,og-post,,,,AAXX 08104 07591 24/// /1702 10160 20090 39126 48478 58003 700// 333 60005 90710 91106=
07591,2009-06-08 11:00:00,17.3,,-0.9,54,7.9,,7.408,14.816,,190,,,0,,,,,,,0,og-post,,,,AAXX 08114 07591 24/// /1904 10173 20079 39122 48476 58009 700// 333 60005 90710 91108=
07591,2009-06-08 12:00:00,18.6,,-1.4,51,8.3,,11.112,22.224,,190,,,0,0,,,,,,0,og-post,,,,AAXX 08124 07591 04/// /1906 10186 20083 39116 48474 58014 60001 700// 333 60007 90710 91112 555 60005=
07591,2009-06-08 13:00:00,17.7,,-0.9,54,8.3,,14.816,22.224,,210,,,0,,,,,,,0,og-post,,,,AAXX 08134 07591 24/// /2108 10177 20083 39117 48473 55009 700// 333 60005 90710 91112=
07591,2009-06-08 14:00:00,17.5,,-0.6,61,9.9,,7.408,25.928,,210,,,0,,,,,,,0,og-post,,,,AAXX 08144 07591 24/// /2104 10175 20099 39116 48472 56006 700// 333 60005 90710 91114=
07591,2009-06-08 15:00:00,17.1,,0,65,10.5,,7.408,22.224,,210,,,0,0,,,,,,0,og-post,,,,AAXX 08154 07591 24/// /2104 10171 20105 39116 48471 50000 700// 333 60007 90710 91112 555 60005=
07591,2009-06-08 16:00:00,16.6,,0.1,64,9.8,,11.112,25.928,,200,,,0,,,,,,,0,og-post,,,,AAXX 08164 07591 24/// /2006 10166 20098 39118 48472 53001 700// 333 60005 90710 91114=
07591,2009-06-08 17:00:00,16.1,,0.2,67,10,,7.408,29.632,,210,,,0,,,,,,,0,og-post,,,,AAXX 08174 07591 24/// /2104 10161 20100 39118 48471 52002 700// 333 60005 90710 91116=
07591,2009-06-08 18:00:00,15.9,,0.2,66,9.6,,11.112,25.928,,230,10.6,19.2,0,0,,,,,,0,og-post,,,,AAXX 08184 07591 04/// /2306 10159 20096 39118 48470 51002 60002 700// 333 10192 20106 60007 90710 91114 555 60005=
07591,2009-06-08 19:00:00,15.6,,-0,67,9.5,,7.408,18.52,,210,,,0,,,,,,,0,og-post,,,,AAXX 08194 07591 24/// /2104 10156 20095 39118 48470 54000 700// 333 60005 90710 91110=
07591,2009-06-08 20:00:00,15.3,,0.5,68,9.4,,11.112,18.52,,210,,,0,,,,,,,0,og-post,,,,AAXX 08204 07591 24/// /2106 10153 20094 39123 48473 53005 700// 333 60005 90710 91110=
07591,2009-06-08 21:00:00,14.4,,0.8,76,10.2,,3.704,22.224,,250,,,0.2,0.2,,,,,,61,og-post,,,,AAXX 08214 07591 24/// /2502 10144 20102 39126 48475 53008 761// 333 69927 90710 91112 555 69925=
07591,2009-06-08 22:00:00,12.8,,1.5,88,10.9,,7.408,14.816,,240,,,0.8,,,,,,,61,og-post,,,,AAXX 08224 07591 24/// /2404 10128 20109 39133 48478 53015 761// 333 69985 90710 91108=
07591,2009-06-08 23:00:00,11.9,,0.7,92,10.6,,7.408,14.816,,330,,,1,,,,,,,61,og-post,,,,AAXX 08234 07591 24/// /3304 10119 20106 39130 48473 50007 761// 333 60015 90710 91108=
07591,2009-06-09 00:00:00,11.6,,1,94,10.7,,3.704,11.112,,190,,,2,4,4,,,,,61,og-post,,,,AAXX 09004 07591 04/// /1902 10116 20107 39136 48478 51010 60041 761// 333 60047 90710 91106 555 60025=
07591,2009-06-09 01:00:00,11.4,,0.1,95,10.6,,3.704,11.112,,210,,,0.6,,,,,,,61,og-post,,,,AAXX 09014 07591 24/// /2102 10114 20106 39134 48476 53001 761// 333 69965 90710 91106=
07591,2009-06-09 02:00:00,10.9,,-0.1,95,10.1,,3.704,7.408,,320,,,0.2,,,,,,,60,og-post,,,,AAXX 09024 07591 24/// /3202 10109 20101 39129 48470 58001 760// 333 69925 90710 91104=
07591,2009-06-09 03:00:00,10.8,,-0.9,95,10,,3.704,11.112,,40,,,0.4,1,,,,,,61,og-post,,,,AAXX 09034 07591 24/// /0402 10108 20100 39127 48468 57009 761// 333 60017 90710 91106 555 69945=
07591,2009-06-09 04:00:00,10.6,,-0.9,95,9.8,,3.704,11.112,,40,,,0.6,,,,,,,61,og-post,,,,AAXX 09044 07591 24/// /0402 10106 20098 39125 48466 56009 761// 333 69965 90710 91106=
07591,2009-06-09 05:00:00,10.6,,0.9,96,10,,7.408,14.816,,210,,,2,,,,,,,63,og-post,,,,AAXX 09054 07591 24/// /2104 10106 20100 39138 48477 53009 763// 333 60025 90710 91108=
07591,2009-06-09 06:00:00,10.5,,2.3,96,9.9,,18.52,29.632,,210,10.5,15.9,4,7,,12,12.4,0.8,10,61,og-post,,,,AAXX 09064 07591 04/// /2110 10105 20099 39150 48488 53023 60122 761// 333 10159 20105 3/010 55008 60077 70124 90710 91116 555 60045=
07591,2009-06-09 07:00:00,10.7,,3.1,96,10.1,,7.408,22.224,,270,,,3,,,,,,,61,og-post,,,,AAXX 09074 07591 24/// /2704 10107 20101 39156 48494 51031 761// 333 60035 90710 91112=
07591,2009-06-09 08:00:00,12.4,,1.2,90,10.8,,11.112,29.632,,40,,,0,,,,,,,21,og-post,,,,AAXX 09084 07591 24/// /0406 10124 20108 39150 48492 50012 721// 333 60005 90710 91116=
07591,2009-06-09 09:00:00,15,,-0.3,69,9.4,,3.704,18.52,,250,,,0,3,,,,,,0,og-post,,,,AAXX 09094 07591 24/// /2502 10150 20094 39147 48495 58003 700// 333 60037 90710 91110 555 60005=
07591,2009-06-09 10:00:00,17,,-0.9,59,8.9,,7.408,14.816,,210,,,0,,,,,,,0,og-post,,,,AAXX 09104 07591 24/// /2104 10170 20089 39147 48499 56009 700// 333 60005 90710 91108=
07591,2009-06-09 11:00:00,19,,-0.4,55,9.8,,11.112,18.52,,200,,,0,,,,,,,0,og-post,,,,AAXX 09114 07591 24/// /2006 10190 20098 39146 48503 56004 700// 333 60005 90710 91110=
07591,2009-06-09 12:00:00,17.2,,0.1,68,11.2,,14.816,25.928,,200,,,0.2,0.2,3,,,,,63,og-post,,,,AAXX 09124 07591 04/// /2008 10172 20112 39148 48501 53001 60031 763// 333 69927 90710 91114 555 69925=
07591,2009-06-09 13:00:00,19.1,,-0.6,59,10.9,,7.408,22.224,,130,,,0.4,,,,,,,21,og-post,,,,AAXX 09134 07591 24/// /1304 10191 20109 39141 48498 58006 721// 333 69945 90710 91112=
07591,2009-06-09 14:00:00,18.7,,-0.9,57,10,,14.816,29.632,,210,,,0,,,,,,,0,og-post,,,,AAXX 09144 07591 24/// /2108 10187 20100 39137 48494 58009 700// 333 60005 90710 91116=
07591,2009-06-09 15:00:00,13.7,,1.3,75,9.4,,11.112,42.596,,270,,,1,1,,,,,,61,og-post,,,,AAXX 09154 07591 24/// /2706 10137 20094 39161 48505 53013 761// 333 60017 90710 91123 555 60015=
07591,2009-06-09 16:00:00,13.6,,2.4,80,10.2,,7.408,14.816,,310,,,0.6,,,,,,,21,og-post,,,,AAXX 09164 07591 24/// /3104 10136 20102 39165 48508 53024 721// 333 69965 90710 91108=
07591,2009-06-09 17:00:00,11.9,,3.6,92,10.6,,7.408,29.632,,220,,,0.8,,,,,,,62,og-post,,,,AAXX 09174 07591 24/// /2204 10119 20106 39173 48512 51036 762// 333 69985 90710 91116=
07591,2009-06-09 18:00:00,12.2,,0.7,90,10.6,,7.408,14.816,,40,10.3,20.8,0.2,2,,6,,,,21,og-post,,,,AAXX 09184 07591 04/// /0404 10122 20106 39168 48508 50007 60062 721// 333 10208 20103 60027 90710 91108 555 69925=
07591,2009-06-09 19:00:00,11.6,,0.6,92,10.3,,7.408,11.112,,50,,,0,,,,,,,0,og-post,,,,AAXX 09194 07591 24/// /0504 10116 20103 39171 48509 51006 700// 333 60005 90710 91106=
07591,2009-06-09 20:00:00,11.3,,0.2,94,10.4,,3.704,7.408,,210,,,0,,,,,,,0,og-post,,,,AAXX 09204 07591 24/// /2102 10113 20104 39175 48512 53002 700// 333 60005 90710 91104=
07591,2009-06-09 21:00:00,10,,1,94,9.1,,,7.408,,,,,0,0,,,,,,0,og-post,,,,AAXX 09214 07591 24/// /0000 10100 20091 39178 48512 52010 700// 333 60007 90710 91104 555 60005=
07591,2009-06-09 22:00:00,9.3,,1.3,95,8.5,,3.704,7.408,,50,,,0,,,,,,,0,og-post,,,,AAXX 09224 07591 24/// /0502 10093 20085 39184 48515 53013 700// 333 60005 90710 91104=
07591,2009-06-09 23:00:00,8.4,,1,95,7.6,,3.704,7.408,,30,,,0,,,,,,,0,og-post,,,,AAXX 09234 07591 24/// /0302 10084 20076 39185 48514 51010 700// 333 60005 90710 91104=
07591,2009-06-10 00:00:00,7.9,,0.7,95,7.1,,7.408,7.408,,30,,,0,0,,,,,,0,og-post,,,,AAXX 10004 07591 04/// /0304 10079 20071 39185 48513 51007 60001 700// 333 60007 90710 91104 555 60005=
07591,2009-06-10 01:00:00,8.3,,0.5,96,7.7,,11.112,22.224,,220,,,0,,,,,,,0,og-post,,,,AAXX 10014 07591 24/// /2206 10083 20077 39189 48518 53005 700// 333 60005 90710 91112=
07591,2009-06-10 02:00:00,8.5,,0.1,96,7.9,,14.816,22.224,,30,,,0.2,,,,,,,21,og-post,,,,AAXX 10024 07591 24/// /0308 10085 20079 39186 48515 50001 721// 333 69925 90710 91112=
07591,2009-06-10 03:00:00,7.8,,0.1,96,7.2,,3.704,18.52,,360,,,0,0.2,,,,,,0,og-post,,,,AAXX 10034 07591 24/// /3602 10078 20072 39186 48514 51001 700// 333 69927 90710 91110 555 60005=
07591,2009-06-10 04:00:00,7.2,,-0.2,96,6.6,,3.704,7.408,,350,,,0,,,,,,,0,og-post,,,,AAXX 10044 07591 24/// /3502 10072 20066 39187 48513 55002 700// 333 60005 90710 91104=
07591,2009-06-10 05:00:00,7.4,,0.3,97,7,,11.112,14.816,,60,,,0,,,,,,,0,og-post,,,,AAXX 10054 07591 24/// /0606 10074 20070 39189 48515 53003 700// 333 60005 90710 91108=
07591,2009-06-10 06:00:00,9.7,,0.3,93,8.6,,7.408,18.52,,50,6.8,12.2,0,0,,0.2,6,4.6,4,0,og-post,,,,AAXX 10064 07591 04/// /0504 10097 20086 39189 48521 51003 69922 700// 333 10122 20068 3/004 55046 60007 70060 90710 91110 555 60005=
07591,2009-06-10 07:00:00,12.7,,0.4,79,9.2,,11.112,18.52,,30,,,0,,,,,,,0,og-post,,,,AAXX 10074 07591 24/// /0306 10127 20092 39191 48530 52004 700// 333 60005 90710 91110=
07591,2009-06-10 08:00:00,15.4,,0.2,66,9.1,,3.704,18.52,,50,,,0,,,,,,,0,og-post,,,,AAXX 10084 07591 24/// /0502 10154 20091 39191 48536 52002 700// 333 60005 90710 91110=
07591,2009-06-10 09:00:00,17.1,,0.2,62,9.8,,7.408,14.816,,180,,,0,0,,,,,,0,og-post,,,,AAXX 10094 07591 24/// /1804 10171 20098 39191 48540 51002 700// 333 60007 90710 91108 555 60005=
07591,2009-06-10 10:00:00,18.8,,-0,57,10.1,,14.816,18.52,,210,,,0,,,,,,,0,og-post,,,,AAXX 10104 07591 24/// /2108 10188 20101 39191 48544 54000 700// 333 60005 90710 91110=
07591,2009-06-10 11:00:00,20.5,,-0.1,34,4.1,,18.52,31.484,,230,,,0,,,,,,,0,og-post,,,,AAXX 10114 07591 24/// /2310 10205 20041 39190 48546 58001 700// 333 60005 90710 91117=
07591,2009-06-10 12:00:00,21.2,,-0.2,32,3.9,,18.52,31.484,,230,,,0,0,,,,,,0,og-post,,,,AAXX 10124 07591 04/// /2310 10212 20039 39189 48546 58002 60001 700// 333 60007 90710 91117 555 60005=
07591,2009-06-10 13:00:00,21.8,,-0.2,39,7.2,,18.52,35.188,,250,,,0,,,,,,,0,og-post,,,,AAXX 10134 07591 24/// /2510 10218 20072 39189 48548 56002 700// 333 60005 90710 91119=
07591,2009-06-10 14:00:00,22.2,,-0.1,34,5.6,,18.52,35.188,,250,,,0,,,,,,,0,og-post,,,,AAXX 10144 07591 24/// /2510 10222 20056 39189 48549 56001 700// 333 60005 90710 91119=
07591,2009-06-10 15:00:00,22.5,,-0.2,35,6.3,,11.112,31.484,,230,,,0,0,,,,,,0,og-post,,,,AAXX 10154 07591 24/// /2306 10225 20063 39187 48548 58002 700// 333 60007 90710 91117 555 60005=
07591,2009-06-10 16:00:00,22.7,,-0.2,38,7.7,,14.816,31.484,,230,,,0,,,,,,,0,og-post,,,,AAXX 10164 07591 24/// /2308 10227 20077 39187 48548 57002 700// 333 60005 90710 91117=
07591,2009-06-10 17:00:00,20.9,,-0,44,8.2,,11.112,29.632,,210,,,0,,,,,,,0,og-post,,,,AAXX 10174 07591 24/// /2106 10209 20082 39189 48546 55000 700// 333 60005 90710 91116=
07591,2009-06-10 18:00:00,19.7,,0.3,48,8.4,,7.408,22.224,,230,9.7,22.8,0,0,,,,,,0,og-post,,,,AAXX 10184 07591 04/// /2304 10197 20084 39190 48545 53003 60002 700// 333 10228 20097 60007 90710 91112 555 60005=
07591,2009-06-10 19:00:00,18.2,,0.7,57,9.5,,11.112,14.816,,210,,,0,,,,,,,0,og-post,,,,AAXX 10194 07591 24/// /2106 10182 20095 39194 48545 53007 700// 333 60005 90710 91108=
07591,2009-06-10 20:00:00,16.5,,1.1,64,9.7,,7.408,14.816,,270,,,0,,,,,,,0,og-post,,,,AAXX 10204 07591 24/// /2704 10165 20097 39200 48547 53011 700// 333 60005 90710 91108=
07591,2009-06-10 21:00:00,15.5,,1.2,67,9.4,,7.408,18.52,,260,,,0,0,,,,,,0,og-post,,,,AAXX 10214 07591 24/// /2604 10155 20094 39202 48546 51012 700// 333 60007 90710 91110 555 60005=
07591,2009-06-10 22:00:00,14.8,,1.1,73,10,,7.408,14.816,,250,,,0,,,,,,,0,og-post,,,,AAXX 10224 07591 24/// /2504 10148 20100 39205 48547 51011 700// 333 60005 90710 91108=
07591,2009-06-10 23:00:00,14,,1,79,10.4,,11.112,14.816,,220,,,0,,,,,,,0,og-post,,,,AAXX 10234 07591 24/// /2206 10140 20104 39210 48550 53010 700// 333 60005 90710 91108=
07591,2009-06-11 00:00:00,13.3,,0.8,89,11.5,,3.704,14.816,,210,,,0.6,0.6,0.6,,,,,61,og-post,,,,AAXX 11004 07591 04/// /2102 10133 20115 39210 48549 51008 69961 761// 333 69967 90710 91108 555 69965=
07591,2009-06-11 01:00:00,12.9,,-0.4,91,11.5,,7.408,11.112,,60,,,0,,,,,,,21,og-post,,,,AAXX 11014 07591 24/// /0604 10129 20115 39201 48540 58004 721// 333 60005 90710 91106=
07591,2009-06-11 02:00:00,12.4,,-1.1,93,11.3,,3.704,7.408,,150,,,0,,,,,,,0,og-post,,,,AAXX 11024 07591 24/// /1502 10124 20113 39199 48537 58011 700// 333 60005 90710 91104=
07591,2009-06-11 03:00:00,12.8,,-1.4,94,11.9,,3.704,11.112,,230,,,0,0,,,,,,21,og-post,,,,AAXX 11034 07591 24/// /2302 10128 20119 39196 48535 56014 721// 333 60007 90710 91106 555 60005=
07591,2009-06-11 04:00:00,12.6,,0.2,94,11.7,,7.408,18.52,,190,,,4,,,,,,,60,og-post,,,,AAXX 11044 07591 24/// /1904 10126 20117 39203 48541 53002 760// 333 60045 90710 91110=
07591,2009-06-11 05:00:00,12.6,,0.9,95,11.8,,11.112,18.52,,210,,,2,,,,,,,60,og-post,,,,AAXX 11054 07591 24/// /2106 10126 20118 39208 48545 53009 760// 333 60025 90710 91110=
07591,2009-06-11 06:00:00,13,,1.2,94,12.1,,11.112,18.52,,210,12.4,19.7,0.4,6,,6,6.4,11.3,10,21,og-post,,,,AAXX 11064 07591 04/// /2106 10130 20121 39208 48546 51012 60062 721// 333 10197 20124 3/010 55113 60067 70064 90710 91110 555 69945=
07591,2009-06-11 07:00:00,13.5,,0.5,94,12.6,,14.816,22.224,,200,,,0.2,,,,,,,21,og-post,,,,AAXX 11074 07591 24/// /2008 10135 20126 39208 48548 51005 721// 333 69925 90710 91112=
07591,2009-06-11 08:00:00,16.5,,-0.4,79,12.8,,7.408,29.632,,200,,,0,,,,,,,0,og-post,,,,AAXX 11084 07591 24/// /2004 10165 20128 39204 48551 58004 700// 333 60005 90710 91116=
07591,2009-06-11 09:00:00,18.8,,-0.8,71,13.4,,11.112,18.52,,210,,,0,0.2,,,,,,0,og-post,,,,AAXX 11094 07591 24/// /2106 10188 20134 39200 48553 58008 700// 333 69927 90710 91110 555 60005=
07591,2009-06-11 10:00:00,21,,-1.4,49,9.9,,14.816,31.484,,200,,,0,,,,,,,0,og-post,,,,AAXX 11104 07591 24/// /2008 10210 20099 39194 48552 58014 700// 333 60005 90710 91117=
07591,2009-06-11 11:00:00,22.2,,-1.4,35,6,,29.632,53.708,53.708,240,,,0,,,,,,,0,og-post,,,,AAXX 11114 07591 24/// /2416 10222 20060 39190 48550 57014 700// 333 60005 91029 90710 91129=
07591,2009-06-11 12:00:00,22.3,,-1,32,4.8,,29.632,53.708,53.708,220,,,0,0,0.2,,,,,0,og-post,,,,AAXX 11124 07591 04/// /2216 10223 20048 39190 48550 56010 69921 700// 333 60007 91029 90710 91129 555 60005=
07591,2009-06-11 13:00:00,22.9,,-0.8,30,4.4,,25.928,50.004,,220,,,0,,,,,,,0,og-post,,,,AAXX 11134 07591 24/// /2214 10229 20044 39186 48547 57008 700// 333 60005 90710 91127=
07591,2009-06-11 14:00:00,23.1,,-0.8,30,4.6,,25.928,50.004,,220,,,0,,,,,,,0,og-post,,,,AAXX 11144 07591 24/// /2214 10231 20046 39182 48544 58008 700// 333 60005 90710 91127=
07591,2009-06-11 15:00:00,23.5,,-1,29,4.5,,25.928,50.004,,230,,,0,0,,,,,,0,og-post,,,,AAXX 11154 07591 24/// /2314 10235 20045 39180 48543 56010 700// 333 60007 90710 91127 555 60005=
07591,2009-06-11 16:00:00,22.8,,-1.1,36,7,,25.928,42.596,,220,,,0,,,,,,,0,og-post,,,,AAXX 11164 07591 24/// /2214 10228 20070 39175 48537 58011 700// 333 60005 90710 91123=
07591,2009-06-11 17:00:00,21.3,,-0.5,41,7.5,,22.224,42.596,,210,,,0,,,,,,,0,og-post,,,,AAXX 11174 07591 24/// /2112 10213 20075 39177 48536 55005 700// 333 60005 90710 91123=
07591,2009-06-11 18:00:00,19.7,,0.1,43,6.8,,18.52,35.188,,220,13,23.6,0,0,,0.2,,,,0,og-post,,,,AAXX 11184 07591 04/// /2210 10197 20068 39181 48536 53001 69922 700// 333 10236 20130 60007 90710 91119 555 60005=
07591,2009-06-11 19:00:00,18.1,,1.2,47,6.6,,3.704,25.928,,240,,,0,,,,,,,0,og-post,,,,AAXX 11194 07591 24/// /2402 10181 20066 39187 48538 53012 700// 333 60005 90710 91114=
07591,2009-06-11 20:00:00,15.2,,1.8,61,7.7,,3.704,11.112,,340,,,0,,,,,,,0,og-post,,,,AAXX 11204 07591 24/// /3402 10152 20077 39195 48539 53018 700// 333 60005 90710 91106=
07591,2009-06-11 21:00:00,13.9,,1.6,65,7.4,,7.408,11.112,,10,,,0,0,,,,,,0,og-post,,,,AAXX 11214 07591 24/// /0104 10139 20074 39197 48537 51016 700// 333 60007 90710 91106 555 60005=
07591,2009-06-11 22:00:00,12.5,,1.3,74,8,,3.704,14.816,,270,,,0,,,,,,,0,og-post,,,,AAXX 11224 07591 24/// /2702 10125 20080 39200 48537 51013 700// 333 60005 90710 91108=
07591,2009-06-11 23:00:00,11.3,,0.6,78,7.6,,3.704,7.408,,30,,,0,,,,,,,0,og-post,,,,AAXX 11234 07591 24/// /0302 10113 20076 39201 48535 51006 700// 333 60005 90710 91104=
07591,2009-06-12 00:00:00,10.9,,0.3,79,7.4,,7.408,11.112,,10,,,0,0,,,,,,0,og-post,,,,AAXX 12004 07591 04/// /0104 10109 20074 39200 48533 50003 60001 700// 333 60007 90710 91106 555 60005=
07591,2009-06-12 01:00:00,10.5,,-0.3,81,7.4,,3.704,22.224,,120,,,0,,,,,,,0,og-post,,,,AAXX 12014 07591 24/// /1202 10105 20074 39197 48530 58003 700// 333 60005 90710 91112=
07591,2009-06-12 02:00:00,9.3,,-0,86,7.1,,3.704,7.408,,190,,,0,,,,,,,0,og-post,,,,AAXX 12024 07591 24/// /1902 10093 20071 39201 48530 55000 700// 333 60005 90710 91104=
07591,2009-06-12 03:00:00,8.7,,0.5,87,6.7,,,7.408,,,,,0,0,,,,,,0,og-post,,,,AAXX 12034 07591 24/// /0000 10087 20067 39205 48532 53005 700// 333 60007 90710 91104 555 60005=
07591,2009-06-12 04:00:00,8,,0.8,89,6.3,,7.408,14.816,,30,,,0,,,,,,,0,og-post,,,,AAXX 12044 07591 24/// /0304 10080 20063 39205 48531 51008 700// 333 60005 90710 91108=
07591,2009-06-12 05:00:00,8,,0.3,86,5.8,,7.408,18.52,,20,,,0,,,,,,,0,og-post,,,,AAXX 12054 07591 24/// /0204 10080 20058 39204 48530 50003 700// 333 60005 90710 91110=
07591,2009-06-12 06:00:00,11.9,,-0.3,70,6.6,,11.112,18.52,,50,7.7,19.7,0,0,,,0.2,10,4,0,og-post,,,,AAXX 12064 07591 04/// /0506 10119 20066 39202 48537 58003 60002 700// 333 10197 20077 3/004 55100 60007 70002 90710 91110 555 60005=
07591,2009-06-12 07:00:00,13.8,,0.2,60,6.2,,3.704,18.52,,210,,,0,,,,,,,0,og-post,,,,AAXX 12074 07591 24/// /2102 10138 20062 39207 48546 53002 700// 333 60005 90710 91110=
07591,2009-06-12 08:00:00,16.6,,-0.2,51,6.4,,3.704,11.112,,170,,,0,,,,,,,0,og-post,,,,AAXX 12084 07591 24/// /1702 10166 20064 39202 48548 58002 700// 333 60005 90710 91106=
07591,2009-06-12 09:00:00,18.2,,-0.4,48,7,,7.408,14.816,,200,,,0,0,,,,,,0,og-post,,,,AAXX 12094 07591 24/// /2004 10182 20070 39198 48548 58004 700// 333 60007 90710 91108 555 60005=
07591,2009-06-12 10:00:00,20.3,,-1.3,41,6.6,,7.408,14.816,,210,,,0,,,,,,,0,og-post,,,,AAXX 12104 07591 24/// /2104 10203 20066 39194 48549 56013 700// 333 60005 90710 91108=
07591,2009-06-12 11:00:00,22.1,,-1.1,38,7.1,,14.816,22.224,,210,,,0,,,,,,,0,og-post,,,,AAXX 12114 07591 24/// /2108 10221 20071 39191 48551 56011 700// 333 60005 90710 91112=
07591,2009-06-12 12:00:00,23.6,,-1.1,40,9.2,,11.112,22.224,,200,,,0,0,,,,,,0,og-post,,,,AAXX 12124 07591 04/// /2006 10236 20092 39187 48551 57011 60001 700// 333 60007 90710 91112 555 60005=
07591,2009-06-12 13:00:00,24.8,,-1.1,37,9.1,,18.52,29.632,,210,,,0,,,,,,,0,og-post,,,,AAXX 12134 07591 24/// /2110 10248 20091 39183 48550 58011 700// 333 60005 90710 91116=
07591,2009-06-12 14:00:00,25.7,,-1.1,39,10.7,,18.52,31.484,,220,,,0,,,,,,,0,og-post,,,,AAXX 12144 07591 24/// /2210 10257 20107 39180 48549 56011 700// 333 60005 90710 91117=
07591,2009-06-12 15:00:00,25.9,,-0.9,37,10.1,,18.52,35.188,,210,,,0,0,,,,,,0,og-post,,,,AAXX 12154 07591 24/// /2110 10259 20101 39178 48548 56009 700// 333 60007 90710 91119 555 60005=
07591,2009-06-12 16:00:00,25.5,,-1,38,10.1,,18.52,35.188,,210,,,0,,,,,,,0,og-post,,,,AAXX 12164 07591 24/// /2110 10255 20101 39173 48542 58010 700// 333 60005 90710 91119=
07591,2009-06-12 17:00:00,24.7,,-0.6,37,9,,18.52,31.484,,210,,,0,,,,,,,0,og-post,,,,AAXX 12174 07591 24/// /2110 10247 20090 39174 48541 55006 700// 333 60005 90710 91117=
07591,2009-06-12 18:00:00,22.6,,-0.1,40,8.3,,11.112,29.632,,200,11.9,26.2,0,0,,,,,,0,og-post,,,,AAXX 12184 07591 04/// /2006 10226 20083 39177 48539 55001 60002 700// 333 10262 20119 60007 90710 91116 555 60005=
07591,2009-06-12 19:00:00,20.2,,1,46,8.2,,3.704,29.632,,350,,,0,,,,,,,0,og-post,,,,AAXX 12194 07591 24/// /3502 10202 20082 39183 48539 53010 700// 333 60005 90710 91116=
07591,2009-06-12 20:00:00,17.7,,1.5,56,8.8,,7.408,11.112,,330,,,0,,,,,,,0,og-post,,,,AAXX 12204 07591 24/// /3304 10177 20088 39189 48539 53015 700// 333 60005 90710 91106=
07591,2009-06-12 21:00:00,16.1,,1.6,63,9.1,,3.704,7.408,,330,,,0,0,,,,,,0,og-post,,,,AAXX 12214 07591 24/// /3302 10161 20091 39193 48539 51016 700// 333 60007 90710 91104 555 60005=
07591,2009-06-12 22:00:00,14.5,,1.3,70,9.1,,3.704,7.408,,350,,,0,,,,,,,0,og-post,,,,AAXX 12224 07591 24/// /3502 10145 20091 39196 48538 51013 700// 333 60005 90710 91104=
07591,2009-06-12 23:00:00,13.4,,0.9,76,9.3,,,7.408,,,,,0,,,,,,,0,og-post,,,,AAXX 12234 07591 24/// /0000 10134 20093 39198 48538 51009 700// 333 60005 90710 91104=
07591,2009-06-13 00:00:00,12.7,,0.6,77,8.8,,3.704,7.408,,360,,,0,0,,,,,,0,og-post,,,,AAXX 13004 07591 04/// /3602 10127 20088 39199 48537 51006 60001 700// 333 60007 90710 91104 555 60005=
07591,2009-06-13 01:00:00,11.5,,0.1,83,8.7,,3.704,11.112,,310,,,0,,,,,,,0,og-post,,,,AAXX 13014 07591 24/// /3102 10115 20087 39197 48532 50001 700// 333 60005 90710 91106=
07591,2009-06-13 02:00:00,11.2,,-0.1,84,8.6,,3.704,7.408,,360,,,0,,,,,,,0,og-post,,,,AAXX 13024 07591 24/// /3602 10112 20086 39197 48531 58001 700// 333 60005 90710 91104=
07591,2009-06-13 03:00:00,10.3,,-0.1,88,8.4,,7.408,7.408,,350,,,0,0,,,,,,0,og-post,,,,AAXX 13034 07591 24/// /3504 10103 20084 39198 48530 55001 700// 333 60007 90710 91104 555 60005=
07591,2009-06-13 04:00:00,9.7,,0.3,88,7.8,,3.704,11.112,,60,,,0,,,,,,,0,og-post,,,,AAXX 13044 07591 24/// /0602 10097 20078 39200 48531 53003 700// 333 60005 90710 91106=
07591,2009-06-13 05:00:00,9.7,,0.5,89,8,,,7.408,,,,,0,,,,,,,0,og-post,,,,AAXX 13054 07591 24/// /0000 10097 20080 39202 48532 53005 700// 333 60005 90710 91104=
07591,2009-06-13 06:00:00,13.1,,0.7,76,9,,3.704,7.408,,150,9.5,22.6,0,0,,,0,12.6,5,0,og-post,,,,AAXX 13064 07591 04/// /1502 10131 20090 39205 48543 53007 60002 700// 333 10226 20095 3/005 55126 60007 70000 90710 91104 555 60005=
07591,2009-06-13 07:00:00,15.5,,0.4,70,10.1,,3.704,7.408,,170,,,0,,,,,,,0,og-post,,,,AAXX 13074 07591 24/// /1702 10155 20101 39204 48548 50004 700// 333 60005 90710 91104=
07591,2009-06-13 08:00:00,18.7,,-0.2,54,9.2,,3.704,11.112,,170,,,0,,,,,,,0,og-post,,,,AAXX 13084 07591 24/// /1702 10187 20092 39200 48552 58002 700// 333 60005 90710 91106=
07591,2009-06-13 09:00:00,20.4,,-0.5,52,10.2,,11.112,18.52,,210,,,0,0,,,,,,0,og-post,,,,AAXX 13094 07591 24/// /2106 10204 20102 39200 48556 56005 700// 333 60007 90710 91110 555 60005=
07591,2009-06-13 10:00:00,22.7,,-0.6,50,11.7,,7.408,14.816,,210,,,0,,,,,,,0,og-post,,,,AAXX 13104 07591 24/// /2104 10227 20117 39198 48560 56006 700// 333 60005 90710 91108=
07591,2009-06-13 11:00:00,25,,-0.4,44,11.9,,14.816,22.224,,210,,,0,,,,,,,0,og-post,,,,AAXX 13114 07591 24/// /2108 10250 20119 39196 48563 58004 700// 333 60005 90710 91112=
07591,2009-06-13 12:00:00,26.1,,-1,41,11.8,,14.816,29.632,,210,,,0,0,,,,,,0,og-post,,,,AAXX 13124 07591 04/// /2108 10261 20118 39190 48560 58010 60001 700// 333 60007 90710 91116 555 60005=
07591,2009-06-13 13:00:00,27,,-1.1,35,10.2,,18.52,31.484,,210,,,0,,,,,,,0,og-post,,,,AAXX 13134 07591 24/// /2110 10270 20102 39187 48559 58011 700// 333 60005 90710 91117=
07591,2009-06-13 14:00:00,27.7,,-1.1,35,10.9,,22.224,38.892,,220,,,0,,,,,,,0,og-post,,,,AAXX 13144 07591 24/// /2212 10277 20109 39185 48559 56011 700// 333 60005 90710 91121=
07591,2009-06-13 15:00:00,28.6,,-0.6,34,11.2,,18.52,35.188,,220,,,0,0,,,,,,0,og-post,,,,AAXX 13154 07591 24/// /2210 10286 20112 39184 48560 56006 700// 333 60007 90710 91119 555 60005=
07591,2009-06-13 16:00:00,28.8,,-0.4,26,7.4,,14.816,42.596,,230,,,0,,,,,,,0,og-post,,,,AAXX 13164 07591 24/// /2308 10288 20074 39183 48558 56004 700// 333 60005 90710 91123=
07591,2009-06-13 17:00:00,28.5,,-0.2,27,7.7,,14.816,38.892,,230,,,0,,,,,,,0,og-post,,,,AAXX 13174 07591 24/// /2308 10285 20077 39183 48558 56002 700// 333 60005 90710 91121=
07591,2009-06-13 18:00:00,26,,0.3,30,7.1,,7.408,22.224,,230,13.1,28.8,0,0,,,,,,0,og-post,,,,AAXX 13184 07591 04/// /2304 10260 20071 39187 48556 53003 60002 700// 333 10288 20131 60007 90710 91112 555 60005=
07591,2009-06-13 19:00:00,21.7,,1.1,37,6.4,,3.704,11.112,,350,,,0,,,,,,,0,og-post,,,,AAXX 13194 07591 24/// /3502 10217 20064 39194 48552 53011 700// 333 60005 90710 91106=
07591,2009-06-13 20:00:00,19.2,,1.8,42,6,,7.408,11.112,,350,,,0,,,,,,,0,og-post,,,,AAXX 13204 07591 24/// /3504 10192 20060 39201 48553 53018 700// 333 60005 90710 91106=
07591,2009-06-13 21:00:00,17.3,,2.1,43,4.6,,3.704,11.112,,350,,,0,0,,,,,,0,og-post,,,,AAXX 13214 07591 24/// /3502 10173 20046 39208 48555 52021 700// 333 60007 90710 91106 555 60005=
07591,2009-06-13 22:00:00,15.4,,2.2,51,5.3,,3.704,11.112,,360,,,0,,,,,,,0,og-post,,,,AAXX 13224 07591 24/// /3602 10154 20053 39216 48558 53022 700// 333 60005 90710 91106=
07591,2009-06-13 23:00:00,14.7,,2,54,5.5,,3.704,7.408,,10,,,0,,,,,,,0,og-post,,,,AAXX 13234 07591 24/// /0102 10147 20055 39221 48561 51020 700// 333 60005 90710 91104=
07591,2009-06-14 00:00:00,14.7,,1.3,54,5.5,,14.816,22.224,,40,,,0,0,,,,,,0,og-post,,,,AAXX 14004 07591 04/// /0408 10147 20055 39221 48561 51013 60001 700// 333 60007 90710 91112 555 60005=
07591,2009-06-14 01:00:00,14.6,,0.7,54,5.4,,11.112,22.224,,30,,,0,,,,,,,0,og-post,,,,AAXX 14014 07591 24/// /0306 10146 20054 39223 48562 51007 700// 333 60005 90710 91112=
07591,2009-06-14 02:00:00,14.3,,0.6,55,5.4,,11.112,29.632,,50,,,0,,,,,,,0,og-post,,,,AAXX 14024 07591 24/// /0506 10143 20054 39227 48565 53006 700// 333 60005 90710 91116=
07591,2009-06-14 03:00:00,14.7,,0.3,52,5,,18.52,29.632,,30,,,0,0,,,,,,0,og-post,,,,AAXX 14034 07591 24/// /0310 10147 20050 39224 48563 50003 700// 333 60007 90710 91116 555 60005=
07591,2009-06-14 04:00:00,14.4,,0.1,51,4.4,,22.224,35.188,,30,,,0,,,,,,,0,og-post,,,,AAXX 14044 07591 24/// /0312 10144 20044 39224 48562 51001 700// 333 60005 90710 91119=
07591,2009-06-14 05:00:00,15.1,,0.2,48,4.2,,25.928,38.892,,30,,,0,,,,,,,0,og-post,,,,AAXX 14054 07591 24/// /0314 10151 20042 39229 48569 53002 700// 333 60005 90710 91121=
07591,2009-06-14 06:00:00,16.2,,0.7,50,5.8,,18.52,38.892,,50,13.7,25.9,0,0,,,0,12.6,8,0,og-post,,,,AAXX 14064 07591 04/// /0510 10162 20058 39231 48573 53007 60002 700// 333 10259 20137 3/008 55126 60007 70000 90710 91121 555 60005=
07591,2009-06-14 07:00:00,18.8,,0.8,46,6.9,,14.816,38.892,,30,,,0,,,,,,,0,og-post,,,,AAXX 14074 07591 24/// /0308 10188 20069 39232 48581 51008 700// 333 60005 90710 91121=
07591,2009-06-14 08:00:00,21.1,,-0.1,44,8.4,,14.816,25.928,,70,,,0,,,,,,,0,og-post,,,,AAXX 14084 07591 24/// /0708 10211 20084 39228 48583 58001 700// 333 60005 90710 91114=
07591,2009-06-14 09:00:00,23.5,,-0.3,33,6.3,,3.704,22.224,,50,,,0,0,,,,,,0,og-post,,,,AAXX 14094 07591 24/// /0502 10235 20063 39228 48588 58003 700// 333 60007 90710 91112 555 60005=
07591,2009-06-14 10:00:00,25.5,,-0.7,31,7.1,,7.408,11.112,,170,,,0,,,,,,,0,og-post,,,,AAXX 14104 07591 24/// /1704 10255 20071 39225 48590 56007 700// 333 60005 90710 91106=
07591,2009-06-14 11:00:00,27.1,,-0.7,30,8,,11.112,14.816,,180,,,0,,,,,,,0,og-post,,,,AAXX 14114 07591 24/// /1806 10271 20080 39221 48591 58007 700// 333 60005 90710 91108=
07591,2009-06-14 12:00:00,29.6,,-1.6,28,9.2,,11.112,22.224,,170,,,0,0,,,,,,0,og-post,,,,AAXX 14124 07591 04/// /1706 10296 20092 39212 48588 58016 60001 700// 333 60007 90710 91112 555 60005=
07591,2009-06-14 13:00:00,30.4,,-2,25,8.2,,18.52,38.892,,260,,,0,,,,,,,0,og-post,,,,AAXX 14134 07591 24/// /2610 10304 20082 39205 48583 58020 700// 333 60005 90710 91121=
07591,2009-06-14 14:00:00,29.7,,-1.4,28,9.3,,18.52,35.188,,240,,,0,,,,,,,0,og-post,,,,AAXX 14144 07591 24/// /2410 10297 20093 39207 48584 55014 700// 333 60005 90710 91119=
07591,2009-06-14 15:00:00,28.4,,-0.4,34,11,,22.224,46.3,,240,,,0,0,,,,,,0,og-post,,,,AAXX 14154 07591 24/// /2412 10284 20110 39208 48582 55004 700// 333 60007 90710 91125 555 60005=
07591,2009-06-14 16:00:00,27.3,,0.4,39,12.1,,14.816,35.188,,220,,,0,,,,,,,0,og-post,,,,AAXX 14164 07591 24/// /2208 10273 20121 39209 48581 51004 700// 333 60005 90710 91119=
07591,2009-06-14 17:00:00,26.7,,0.4,38,11.2,,14.816,31.484,,230,,,0,,,,,,,0,og-post,,,,AAXX 14174 07591 24/// /2308 10267 20112 39211 48581 53004 700// 333 60005 90710 91117=
07591,2009-06-14 18:00:00,24.6,,0.5,54,14.7,,11.112,25.928,,190,16.2,30.6,0,0,,,,,,0,og-post,,,,AAXX 14184 07591 04/// /1906 10246 20147 39213 48579 53005 60002 700// 333 10306 20162 60007 90710 91114 555 60005=
07591,2009-06-14 19:00:00,23.3,,0.6,55,13.8,,11.112,18.52,,200,,,0,,,,,,,0,og-post,,,,AAXX 14194 07591 24/// /2006 10233 20138 39215 48577 52006 700// 333 60005 90710 91110=
07591,2009-06-14 20:00:00,22.3,,0.9,59,13.9,,7.408,22.224,,210,,,0,,,,,,,0,og-post,,,,AAXX 14204 07591 24/// /2104 10223 20139 39220 48580 53009 700// 333 60005 90710 91112=
07591,2009-06-14 21:00:00,20.7,,0.8,60,12.7,,3.704,11.112,,230,,,0,0,,,,,,0,og-post,,,,AAXX 14214 07591 24/// /2302 10207 20127 39221 48577 51008 700// 333 60007 90710 91106 555 60005=
07591,2009-06-14 22:00:00,19.5,,0.2,65,12.7,,7.408,14.816,,50,,,0,,,,,,,0,og-post,,,,AAXX 14224 07591 24/// /0504 10195 20127 39217 48570 50002 700// 333 60005 90710 91108=
07591,2009-06-14 23:00:00,18.1,,0.2,73,13.2,,7.408,14.816,,200,,,0,,,,,,,0,og-post,,,,AAXX 14234 07591 24/// /2004 10181 20132 39222 48571 53002 700// 333 60005 90710 91108=
07591,2009-06-15 00:00:00,17.2,,-0.2,75,12.7,,3.704,7.408,,30,,,0,0,,,,,,0,og-post,,,,AAXX 15004 07591 04/// /0302 10172 20127 39219 48566 56002 60001 700// 333 60007 90710 91104 555 60005=
07591,2009-06-15 01:00:00,17.3,,-0.1,74,12.6,,3.704,7.408,,10,,,0,,,,,,,0,og-post,,,,AAXX 15014 07591 24/// /0102 10173 20126 39216 48564 58001 700// 333 60005 90710 91104=
07591,2009-06-15 02:00:00,16.3,,-0.3,80,12.8,,3.704,7.408,,170,,,0,,,,,,,0,og-post,,,,AAXX 15024 07591 24/// /1702 10163 20128 39219 48564 55003 700// 333 60005 90710 91104=
07591,2009-06-15 03:00:00,15.1,,-0.1,83,12.2,,3.704,3.704,,20,,,0,0,,,,,,0,og-post,,,,AAXX 15034 07591 24/// /0202 10151 20122 39218 48560 56001 700// 333 60007 90710 91102 555 60005=
07591,2009-06-15 04:00:00,14.6,,0.1,85,12.1,,7.408,14.816,,50,,,0,,,,,,,0,og-post,,,,AAXX 15044 07591 24/// /0504 10146 20121 39217 48558 50001 700// 333 60005 90710 91108=
07591,2009-06-15 05:00:00,15.6,,-0,80,12.2,,11.112,18.52,,40,,,0,,,,,,,0,og-post,,,,AAXX 15054 07591 24/// /0406 10156 20122 39219 48562 55000 700// 333 60005 90710 91110=
07591,2009-06-15 06:00:00,17.3,,-0.3,73,12.4,,7.408,18.52,,50,14.5,24.6,0,0,,,0,9.5,10,0,og-post,,,,AAXX 15064 07591 04/// /0504 10173 20124 39215 48563 58003 60002 700// 333 10246 20145 3/010 55095 60007 70000 90710 91110 555 60005=
07591,2009-06-15 07:00:00,19,,0.4,68,13,,3.704,14.816,,200,,,0,,,,,,,0,og-post,,,,AAXX 15074 07591 24/// /2002 10190 20130 39221 48573 53004 700// 333 60005 90710 91108=
07591,2009-06-15 08:00:00,20.8,,-0.3,65,14,,3.704,7.408,,160,,,0,,,,,,,0,og-post,,,,AAXX 15084 07591 24/// /1602 10208 20140 39216 48573 58003 700// 333 60005 90710 91104=
07591,2009-06-15 09:00:00,23,,-0.2,53,12.9,,7.408,11.112,,210,,,0,0,,,,,,0,og-post,,,,AAXX 15094 07591 24/// /2104 10230 20129 39213 48575 58002 700// 333 60007 90710 91106 555 60005=
07591,2009-06-15 10:00:00,23.9,,-1.1,55,14.3,,7.408,11.112,,170,,,0,,,,,,,0,og-post,,,,AAXX 15104 07591 24/// /1704 10239 20143 39210 48574 56011 700// 333 60005 90710 91106=
07591,2009-06-15 11:00:00,25.7,,-1.2,52,15.1,,7.408,11.112,,200,,,0,,,,,,,0,og-post,,,,AAXX 15114 07591 24/// /2004 10257 20151 39204 48573 58012 700// 333 60005 90710 91106=
07591,2009-06-15 12:00:00,27.6,,-1.5,40,12.8,,11.112,22.224,,210,,,0,0,,,,,,0,og-post,,,,AAXX 15124 07591 04/// /2106 10276 20128 39198 48571 58015 60001 700// 333 60007 90710 91112 555 60005=
07591,2009-06-15 13:00:00,27.3,,-1.9,41,12.9,,14.816,25.928,,210,,,0,,,,,,,0,og-post,,,,AAXX 15134 07591 24/// /2108 10273 20129 39191 48564 58019 700// 333 60005 90710 91114=
07591,2009-06-15 14:00:00,28.8,,-1.8,35,11.8,,18.52,35.188,,270,,,0,,,,,,,0,og-post,,,,AAXX 15144 07591 24/// /2710 10288 20118 39186 48562 56018 700// 333 60005 90710 91119=
07591,2009-06-15 15:00:00,28.9,,-0.9,34,11.5,,22.224,46.3,,220,,,0,0,,,,,,0,og-post,,,,AAXX 15154 07591 24/// /2212 10289 20115 39189 48565 55009 700// 333 60007 90710 91125 555 60005=
07591,2009-06-15 16:00:00,26.5,,0.2,37,10.6,,18.52,38.892,,260,,,0,,,,,,,0,og-post,,,,AAXX 15164 07591 24/// /2610 10265 20106 39193 48563 53002 700// 333 60005 90710 91121=
07591,2009-06-15 17:00:00,25.1,,1,42,11.3,,11.112,35.188,,240,,,0,,,,,,,0,og-post,,,,AAXX 15174 07591 24/// /2406 10251 20113 39196 48563 52010 700// 333 60005 90710 91119=
07591,2009-06-15 18:00:00,23,,-0.2,54,13.2,,3.704,14.816,,340,17.4,29.5,0,0,,,,,,0,og-post,,,,AAXX 15184 07591 04/// /3402 10230 20132 39187 48550 58002 60002 700// 333 10295 20174 60007 90710 91108 555 60005=
07591,2009-06-15 19:00:00,22.1,,0.2,58,13.5,,14.816,22.224,,200,,,0,,,,,,,0,og-post,,,,AAXX 15194 07591 24/// /2008 10221 20135 39195 48556 53002 700// 333 60005 90710 91112=
07591,2009-06-15 20:00:00,22.8,,0.7,55,13.3,,22.224,38.892,,220,,,0,,,,,,,0,og-post,,,,AAXX 15204 07591 24/// /2212 10228 20133 39203 48565 53007 700// 333 60005 90710 91121=
07591,2009-06-15 21:00:00,22.6,,1.8,53,12.5,,18.52,42.596,,210,,,0,0,,,,,,0,og-post,,,,AAXX 15214 07591 24/// /2110 10226 20125 39205 48566 51018 700// 333 60007 90710 91123 555 60005=
07591,2009-06-15 22:00:00,20.5,,1.3,60,12.5,,11.112,29.632,,200,,,0,,,,,,,0,og-post,,,,AAXX 15224 07591 24/// /2006 10205 20125 39208 48564 51013 700// 333 60005 90710 91116=
07591,2009-06-15 23:00:00,20.2,,0.3,60,12.2,,11.112,22.224,,230,,,0,,,,,,,0,og-post,,,,AAXX 15234 07591 24/// /2306 10202 20122 39206 48561 50003 700// 333 60005 90710 91112=
07591,2009-06-16 00:00:00,19.1,,0.1,66,12.6,,7.408,18.52,,210,,,0,0,,,,,,0,og-post,,,,AAXX 16004 07591 04/// /2104 10191 20126 39206 48559 51001 60001 700// 333 60007 90710 91110 555 60005=
07591,2009-06-16 01:00:00,17.5,,-0.5,79,13.8,,7.408,11.112,,200,,,0,,,,,,,21,og-post,,,,AAXX 16014 07591 24/// /2004 10175 20138 39203 48553 58005 721// 333 60005 90710 91106=
07591,2009-06-16 02:00:00,16.7,,-0.3,82,13.6,,,11.112,,,,,0,,,,,,,0,og-post,,,,AAXX 16024 07591 24/// /0000 10167 20136 39203 48551 57003 700// 333 60005 90710 91106=
07591,2009-06-16 03:00:00,15.5,,-0.4,86,13.2,,3.704,3.704,,10,,,0,0,,,,,,0,og-post,,,,AAXX 16034 07591 24/// /0102 10155 20132 39202 48547 56004 700// 333 60007 90710 91102 555 60005=
07591,2009-06-16 04:00:00,14.3,,-0,89,12.5,,3.704,7.408,,320,,,0,,,,,,,0,og-post,,,,AAXX 16044 07591 24/// /3202 10143 20125 39203 48545 55000 700// 333 60005 90710 91104=
07591,2009-06-16 05:00:00,14.2,,0.3,89,12.4,,3.704,7.408,,190,,,0,,,,,,,0,og-post,,,,AAXX 16054 07591 24/// /1902 10142 20124 39206 48547 53003 700// 333 60005 90710 91104=
07591,2009-06-16 06:00:00,17,,0.4,79,13.3,,3.704,11.112,,40,14.2,23.6,0,0,,,0,6,11,0,og-post,,,,AAXX 16064 07591 04/// /0402 10170 20133 39206 48554 51004 60002 700// 333 10236 20142 3/011 55060 60007 70000 90710 91106 555 60005=
07591,2009-06-16 07:00:00,19.7,,0.4,65,12.9,,3.704,11.112,,190,,,0,,,,,,,0,og-post,,,,AAXX 16074 07591 24/// /1902 10197 20129 39207 48561 51004 700// 333 60005 90710 91106=
07591,2009-06-16 08:00:00,20.5,,0,63,13.2,,7.408,14.816,,220,,,0,,,,,,,0,og-post,,,,AAXX 16084 07591 24/// /2204 10205 20132 39206 48562 50000 700// 333 60005 90710 91108=
07591,2009-06-16 09:00:00,23.1,,-0.3,53,13,,11.112,25.928,,190,,,0,0,,,,,,0,og-post,,,,AAXX 16094 07591 24/// /1906 10231 20130 39203 48566 58003 700// 333 60007 90710 91114 555 60005=
07591,2009-06-16 10:00:00,24.9,,-0.7,49,13.5,,18.52,29.632,,190,,,0,,,,,,,0,og-post,,,,AAXX 16104 07591 24/// /1910 10249 20135 39200 48567 58007 700// 333 60005 90710 91116=
07591,2009-06-16 11:00:00,25.8,,-0.6,43,12.3,,25.928,38.892,,220,,,0,,,,,,,0,og-post,,,,AAXX 16114 07591 24/// /2214 10258 20123 39200 48569 56006 700// 333 60005 90710 91121=
07591,2009-06-16 12:00:00,26.8,,-0.4,38,11.3,,22.224,35.188,,250,,,0,0,,,,,,0,og-post,,,,AAXX 16124 07591 04/// /2512 10268 20113 39199 48570 56004 60001 700// 333 60007 90710 91119 555 60005=
07591,2009-06-16 13:00:00,27.8,,-0.4,37,11.8,,18.52,38.892,,230,,,0,,,,,,,0,og-post,,,,AAXX 16134 07591 24/// /2310 10278 20118 39196 48569 58004 700// 333 60005 90710 91121=
07591,2009-06-16 14:00:00,26.9,,-0.5,37,11,,22.224,35.188,,220,,,0,,,,,,,0,og-post,,,,AAXX 16144 07591 24/// /2212 10269 20110 39195 48566 57005 700// 333 60005 90710 91119=
07591,2009-06-16 15:00:00,27.6,,-0.4,36,11.2,,18.52,35.188,,240,,,0,0,,,,,,0,og-post,,,,AAXX 16154 07591 24/// /2410 10276 20112 39195 48568 56004 700// 333 60007 90710 91119 555 60005=
07591,2009-06-16 16:00:00,26.1,,-0.3,38,10.7,,14.816,31.484,,240,,,0,,,,,,,0,og-post,,,,AAXX 16164 07591 24/// /2408 10261 20107 39193 48562 58003 700// 333 60005 90710 91117=
07591,2009-06-16 17:00:00,24.6,,-0,45,11.9,,14.816,29.632,,210,,,0,,,,,,,0,og-post,,,,AAXX 16174 07591 24/// /2108 10246 20119 39195 48561 55000 700// 333 60005 90710 91116=
07591,2009-06-16 18:00:00,22.7,,0.6,50,11.7,,11.112,29.632,,210,17.1,27.9,0,0,,,,,,0,og-post,,,,AAXX 16184 07591 04/// /2106 10227 20117 39201 48562 53006 60002 700// 333 10279 20171 60007 90710 91116 555 60005=
07591,2009-06-16 19:00:00,21.8,,1.1,52,11.5,,7.408,22.224,,200,,,0,,,,,,,0,og-post,,,,AAXX 16194 07591 24/// /2004 10218 20115 39204 48563 53011 700// 333 60005 90710 91112=
07591,2009-06-16 20:00:00,20.3,,1.5,56,11.2,,11.112,14.816,,210,,,0,,,,,,,0,og-post,,,,AAXX 16204 07591 24/// /2106 10203 20112 39210 48565 52015 700// 333 60005 90710 91108=
07591,2009-06-16 21:00:00,19.2,,0.9,57,10.5,,3.704,14.816,,220,,,0,0,,,,,,0,og-post,,,,AAXX 16214 07591 24/// /2202 10192 20105 39210 48562 51009 700// 333 60007 90710 91108 555 60005=
07591,2009-06-16 22:00:00,17.1,,0.4,66,10.7,,3.704,7.408,,320,,,0,,,,,,,0,og-post,,,,AAXX 16224 07591 24/// /3202 10171 20107 39208 48556 50004 700// 333 60005 90710 91104=
07591,2009-06-16 23:00:00,15.7,,0.3,71,10.5,,3.704,7.408,,350,,,0,,,,,,,0,og-post,,,,AAXX 16234 07591 24/// /3502 10157 20105 39213 48557 53003 700// 333 60005 90710 91104=
07591,2009-06-17 00:00:00,14.5,,0.5,71,9.3,,3.704,7.408,,360,,,0,0,,,,,,0,og-post,,,,AAXX 17004 07591 04/// /3602 10145 20093 39215 48556 53005 60001 700// 333 60007 90710 91104 555 60005=
07591,2009-06-17 01:00:00,14.1,,0.5,69,8.5,,7.408,11.112,,20,,,0,,,,,,,0,og-post,,,,AAXX 17014 07591 24/// /0204 10141 20085 39213 48553 50005 700// 333 60005 90710 91106=
07591,2009-06-17 02:00:00,13.8,,-0.1,71,8.6,,7.408,14.816,,30,,,0,,,,,,,0,og-post,,,,AAXX 17024 07591 24/// /0304 10138 20086 39212 48551 58001 700// 333 60005 90710 91108=
07591,2009-06-17 03:00:00,13.6,,-0,74,9.1,,7.408,11.112,,220,,,0,0,,,,,,0,og-post,,,,AAXX 17034 07591 24/// /2204 10136 20091 39215 48553 55000 700// 333 60007 90710 91106 555 60005=
07591,2009-06-17 04:00:00,12.8,,0.5,78,9.1,,3.704,7.408,,30,,,0,,,,,,,0,og-post,,,,AAXX 17044 07591 24/// /0302 10128 20091 39218 48554 53005 700// 333 60005 90710 91104=
07591,2009-06-17 05:00:00,12.9,,0.7,79,9.3,,7.408,11.112,,60,,,0,,,,,,,0,og-post,,,,AAXX 17054 07591 24/// /0604 10129 20093 39219 48555 51007 700// 333 60005 90710 91106=
07591,2009-06-17 06:00:00,15.3,,0.1,60,7.6,,22.224,35.188,,20,12.6,22.7,0,0,,,0,10.3,8,21,og-post,,,,AAXX 17064 07591 04/// /0212 10153 20076 39216 48558 50001 60002 721// 333 10227 20126 3/008 55103 60007 70000 90710 91119 555 60005=
07591,2009-06-17 07:00:00,15.8,,0.7,62,8.5,,18.52,38.892,,30,,,0,,,,,,,61,og-post,,,,AAXX 17074 07591 24/// /0310 10158 20085 39225 48567 53007 761// 333 60005 90710 91121=
07591,2009-06-17 08:00:00,16.6,,1.1,61,9.1,,18.52,35.188,,20,,,0,,,,,,,21,og-post,,,,AAXX 17084 07591 24/// /0210 10166 20091 39230 48574 53011 721// 333 60005 90710 91119=
07591,2009-06-17 09:00:00,20.1,,0.6,52,9.9,,18.52,25.928,,30,,,0,0,,,,,,0,og-post,,,,AAXX 17094 07591 24/// /0310 10201 20099 39222 48575 50006 700// 333 60007 90710 91114 555 60005=
07591,2009-06-17 10:00:00,23.5,,-0.8,38,8.4,,7.408,22.224,,80,,,0,,,,,,,0,og-post,,,,AAXX 17104 07591 24/// /0804 10235 20084 39217 48578 58008 700// 333 60005 90710 91112=
07591,2009-06-17 11:00:00,25.7,,-1.5,29,6.3,,3.704,14.816,,110,,,0,,,,,,,0,og-post,,,,AAXX 17114 07591 24/// /1102 10257 20063 39215 48581 56015 700// 333 60005 90710 91108=
07591,2009-06-17 12:00:00,27.2,,-1.2,23,4.3,,7.408,18.52,,200,,,0,0,,,,,,0,og-post,,,,AAXX 17124 07591 04/// /2004 10272 20043 39210 48580 57012 60001 700// 333 60007 90710 91110 555 60005=
07591,2009-06-17 13:00:00,27.9,,-1,26,6.6,,14.816,29.632,,210,,,0,,,,,,,0,og-post,,,,AAXX 17134 07591 24/// /2108 10279 20066 39207 48579 58010 700// 333 60005 90710 91116=
07591,2009-06-17 14:00:00,28.4,,-1,27,7.6,,18.52,31.484,,230,,,0,,,,,,,0,og-post,,,,AAXX 17144 07591 24/// /2310 10284 20076 39205 48578 56010 700// 333 60005 90710 91117=
07591,2009-06-17 15:00:00,28.5,,-0.5,27,7.7,,18.52,31.484,,220,,,0,0,,,,,,0,og-post,,,,AAXX 17154 07591 24/// /2210 10285 20077 39205 48579 56005 700// 333 60007 90710 91117 555 60005=
07591,2009-06-17 16:00:00,28.5,,-0.6,31,9.7,,14.816,29.632,,220,,,0,,,,,,,0,og-post,,,,AAXX 17164 07591 24/// /2208 10285 20097 39201 48575 58006 700// 333 60005 90710 91116=
07591,2009-06-17 17:00:00,27.7,,-0.3,34,10.4,,14.816,29.632,,220,,,0,,,,,,,0,og-post,,,,AAXX 17174 07591 24/// /2208 10277 20104 39202 48575 55003 700// 333 60005 90710 91116=
07591,2009-06-17 18:00:00,26.1,,-0,37,10.3,,3.704,22.224,,240,15.2,28.8,0,0,,,,,,0,og-post,,,,AAXX 17184 07591 04/// /2402 10261 20103 39205 48574 55000 60002 700// 333 10288 20152 60007 90710 91112 555 60005=
07591,2009-06-17 19:00:00,24.3,,0.5,46,11.9,,7.408,14.816,,210,,,0,,,,,,,0,og-post,,,,AAXX 17194 07591 24/// /2104 10243 20119 39206 48571 52005 700// 333 60005 90710 91108=
07591,2009-06-17 20:00:00,22.7,,1.4,48,11.1,,7.408,14.816,,230,,,0,,,,,,,0,og-post,,,,AAXX 17204 07591 24/// /2304 10227 20111 39216 48576 53014 700// 333 60005 90710 91108=
07591,2009-06-17 21:00:00,21.6,,1.6,52,11.3,,3.704,11.112,,210,,,0,0,,,,,,0,og-post,,,,AAXX 17214 07591 24/// /2102 10216 20113 39221 48578 53016 700// 333 60007 90710 91106 555 60005=
07591,2009-06-17 22:00:00,20.7,,2.1,59,12.4,,7.408,14.816,,190,,,0,,,,,,,0,og-post,,,,AAXX 17224 07591 24/// /1904 10207 20124 39227 48582 51021 700// 333 60005 90710 91108=
07591,2009-06-17 23:00:00,19.5,,1.1,65,12.7,,3.704,18.52,,100,,,0,,,,,,,0,og-post,,,,AAXX 17234 07591 24/// /1002 10195 20127 39227 48579 51011 700// 333 60005 90710 91110=
07591,2009-06-18 00:00:00,18,,0.8,74,13.3,,3.704,7.408,,350,,,0,0,,,,,,0,og-post,,,,AAXX 18004 07591 04/// /3502 10180 20133 39229 48578 51008 60001 700// 333 60007 90710 91104 555 60005=
07591,2009-06-18 01:00:00,16.7,,0.4,78,12.8,,3.704,7.408,,350,,,0,,,,,,,0,og-post,,,,AAXX 18014 07591 24/// /3502 10167 20128 39231 48576 53004 700// 333 60005 90710 91104=
07591,2009-06-18 02:00:00,16.1,,0.3,79,12.5,,7.408,14.816,,20,,,0,,,,,,,0,og-post,,,,AAXX 18024 07591 24/// /0204 10161 20125 39230 48574 50003 700// 333 60005 90710 91108=
07591,2009-06-18 03:00:00,15.1,,0.2,85,12.6,,,11.112,,,,,0,0,,,,,,0,og-post,,,,AAXX 18034 07591 24/// /0000 10151 20126 39231 48572 51002 700// 333 60007 90710 91106 555 60005=
07591,2009-06-18 04:00:00,15.5,,-0.1,79,11.9,,14.816,18.52,,40,,,0,,,,,,,0,og-post,,,,AAXX 18044 07591 24/// /0408 10155 20119 39230 48572 57001 700// 333 60005 90710 91110=
07591,2009-06-18 05:00:00,16,,0.3,74,11.4,,11.112,22.224,,10,,,0,,,,,,,0,og-post,,,,AAXX 18054 07591 24/// /0106 10160 20114 39233 48576 53003 700// 333 60005 90710 91112=
07591,2009-06-18 06:00:00,18.2,,0.1,69,12.4,,11.112,22.224,,40,15,26,0,0,,,0,9,11,0,og-post,,,,AAXX 18064 07591 04/// /0406 10182 20124 39232 48581 52001 60002 700// 333 10260 20150 3/011 55090 60007 70000 90710 91112 555 60005=
07591,2009-06-18 08:00:00,22.5,,-0.7,55,13,,7.408,25.928,,70,,,0,,,,,,,0,og-post,,,,AAXX 18084 07591 24/// /0704 10225 20130 39226 48586 58007 700// 333 60005 90710 91114=
07591,2009-06-18 09:00:00,24.4,,-1,54,14.5,,7.408,11.112,,170,,,0,0,,,,,,0,og-post,,,,AAXX 18094 07591 24/// /1704 10244 20145 39222 48587 58010 700// 333 60007 90710 91106 555 60005=
07591,2009-06-18 10:00:00,25.8,,-1.3,48,14,,11.112,18.52,,210,,,0,,,,,,,0,og-post,,,,AAXX 18104 07591 24/// /2106 10258 20140 39217 48585 58013 700// 333 60005 90710 91110=
07591,2009-06-18 11:00:00,27.2,,-1.5,48,15.2,,14.816,25.928,,210,,,0,,,,,,,0,og-post,,,,AAXX 18114 07591 24/// /2108 10272 20152 39211 48583 58015 700// 333 60005 90710 91114=
07591,2009-06-18 12:00:00,28.4,,-1.6,41,13.9,,14.816,35.188,,220,,,0,0,,,,,,0,og-post,,,,AAXX 18124 07591 04/// /2208 10284 20139 39206 48581 57016 60001 700// 333 60007 90710 91119 555 60005=
07591,2009-06-18 13:00:00,28.9,,-1.6,36,12.3,,14.816,31.484,,220,,,0,,,,,,,0,og-post,,,,AAXX 18134 07591 24/// /2208 10289 20123 39201 48577 56016 700// 333 60005 90710 91117=
07591,2009-06-18 14:00:00,29.7,,-1.5,36,13,,22.224,31.484,,220,,,0,,,,,,,0,og-post,,,,AAXX 18144 07591 24/// /2212 10297 20130 39196 48574 57015 700// 333 60005 90710 91117=
07591,2009-06-18 15:00:00,28.3,,-1.1,40,13.4,,18.52,38.892,,260,,,0,0,,,,,,0,og-post,,,,AAXX 18154 07591 24/// /2610 10283 20134 39195 48570 56011 700// 333 60007 90710 91121 555 60005=
07591,2009-06-18 16:00:00,26.4,,-0.6,48,14.5,,11.112,42.596,,190,,,0,,,,,,,0,og-post,,,,AAXX 18164 07591 24/// /1906 10264 20145 39195 48566 56006 700// 333 60005 90710 91123=
07591,2009-06-18 17:00:00,26.4,,-0.6,52,15.8,,11.112,22.224,,200,,,0,,,,,,,0,og-post,,,,AAXX 18174 07591 24/// /2006 10264 20158 39190 48562 58006 700// 333 60005 90710 91112=
07591,2009-06-18 18:00:00,25.9,,-0.5,53,15.6,,14.816,18.52,,210,18.2,30.3,0,0,,,,,,0,og-post,,,,AAXX 18184 07591 04/// /2108 10259 20156 39190 48561 57005 60002 700// 333 10303 20182 60007 90710 91110 555 60005=
07591,2009-06-18 19:00:00,25.2,,0.2,51,14.3,,14.816,31.484,,220,,,0,,,,,,,0,og-post,,,,AAXX 18194 07591 24/// /2208 10252 20143 39197 48565 53002 700// 333 60005 90710 91117=
07591,2009-06-18 20:00:00,23.6,,1.1,54,13.8,,7.408,25.928,,180,,,0,,,,,,,0,og-post,,,,AAXX 18204 07591 24/// /1804 10236 20138 39201 48565 53011 700// 333 60005 90710 91114=
07591,2009-06-18 21:00:00,21.9,,1.5,60,13.8,,7.408,18.52,,210,,,0,0,,,,,,0,og-post,,,,AAXX 18214 07591 24/// /2104 10219 20138 39205 48565 51015 700// 333 60007 90710 91110 555 60005=
07591,2009-06-18 22:00:00,20.2,,0.8,68,14.1,,3.704,14.816,,300,,,0,,,,,,,0,og-post,,,,AAXX 18224 07591 24/// /3002 10202 20141 39205 48561 51008 700// 333 60005 90710 91108=
07591,2009-06-18 23:00:00,19.2,,0.3,71,13.8,,3.704,11.112,,250,,,0,,,,,,,0,og-post,,,,AAXX 18234 07591 24/// /2502 10192 20138 39204 48558 50003 700// 333 60005 90710 91106=
07591,2009-06-19 00:00:00,17.5,,-0.1,79,13.8,,3.704,7.408,,350,,,0,0,,,,,,0,og-post,,,,AAXX 19004 07591 04/// /3502 10175 20138 39204 48554 57001 60001 700// 333 60007 90710 91104 555 60005=
07591,2009-06-19 01:00:00,16.9,,-0.2,80,13.4,,7.408,11.112,,10,,,0,,,,,,,0,og-post,,,,AAXX 19014 07591 24/// /0104 10169 20134 39203 48551 57002 700// 333 60005 90710 91106=
07591,2009-06-19 02:00:00,16.2,,-0.5,82,13.1,,7.408,11.112,,40,,,0,,,,,,,0,og-post,,,,AAXX 19024 07591 24/// /0404 10162 20131 39199 48546 58005 700// 333 60005 90710 91106=
07591,2009-06-19 03:00:00,15.7,,-0.9,85,13.2,,3.704,14.816,,340,,,0,0,,,,,,0,og-post,,,,AAXX 19034 07591 24/// /3402 10157 20132 39195 48541 58009 700// 333 60007 90710 91108 555 60005=
07591,2009-06-19 04:00:00,15.2,,-0.8,86,12.9,,3.704,14.816,,40,,,0,,,,,,,0,og-post,,,,AAXX 19044 07591 24/// /0402 10152 20129 39195 48540 56008 700// 333 60005 90710 91108=
07591,2009-06-19 05:00:00,15.3,,-0.4,86,13,,3.704,7.408,,40,,,0,,,,,,,0,og-post,,,,AAXX 19054 07591 24/// /0402 10153 20130 39195 48540 56004 700// 333 60005 90710 91104=
07591,2009-06-19 06:00:00,17.8,,-0.3,78,13.9,,11.112,18.52,,60,14.9,25.9,0,0,,,0,9.6,12,0,og-post,,,,AAXX 19064 07591 04/// /0606 10178 20139 39192 48543 58003 60002 700// 333 10259 20149 3/012 55096 60007 70000 90710 91110 555 60005=
07591,2009-06-19 07:00:00,18.6,,-0.1,76,14.3,,3.704,14.816,,180,,,0,,,,,,,0,og-post,,,,AAXX 19074 07591 24/// /1802 10186 20143 39194 48547 55001 700// 333 60005 90710 91108=
07591,2009-06-19 08:00:00,22,,-0.7,64,14.9,,3.704,11.112,,80,,,0,,,,,,,0,og-post,,,,AAXX 19084 07591 24/// /0802 10220 20149 39188 48550 58007 700// 333 60005 90710 91106=
07591,2009-06-19 09:00:00,24.2,,-0.8,58,15.4,,11.112,18.52,,210,,,0,0,,,,,,0,og-post,,,,AAXX 19094 07591 24/// /2106 10242 20154 39184 48551 58008 700// 333 60007 90710 91110 555 60005=
07591,2009-06-19 10:00:00,25.9,,-1.4,52,15.3,,14.816,29.632,,220,,,0,,,,,,,0,og-post,,,,AAXX 19104 07591 24/// /2208 10259 20153 39180 48551 56014 700// 333 60005 90710 91116=
07591,2009-06-19 11:00:00,27.2,,-1.4,46,14.6,,14.816,35.188,,230,,,0,,,,,,,0,og-post,,,,AAXX 19114 07591 24/// /2308 10272 20146 39174 48548 58014 700// 333 60005 90710 91119=
07591,2009-06-19 12:00:00,28.2,,-1.7,39,12.9,,18.52,35.188,,220,,,0,0,,,,,,0,og-post,,,,AAXX 19124 07591 04/// /2210 10282 20129 39167 48543 58017 60001 700// 333 60007 90710 91119 555 60005=
07591,2009-06-19 13:00:00,26.4,,-2.1,43,12.8,,18.52,38.892,,230,,,0,,,,,,,0,og-post,,,,AAXX 19134 07591 24/// /2310 10264 20128 39159 48531 58021 700// 333 60005 90710 91121=
07591,2009-06-19 14:00:00,19.8,,0.6,64,12.8,,11.112,75.932,,200,,,0.2,,,,,,,21,og-post,,,,AAXX 19144 07591 24/// /2006 10198 20128 39180 48537 53006 721// 333 69925 90710 91141=
07591,2009-06-19 15:00:00,18.6,,1.1,81,15.3,,7.408,25.928,,200,,,0,0.2,,,,,,21,og-post,,,,AAXX 19154 07591 24/// /2004 10186 20153 39178 48533 53011 721// 333 69927 90710 91114 555 60005=
07591,2009-06-19 16:00:00,21.6,,0.6,71,16.1,,18.52,25.928,,210,,,0,,,,,,,0,og-post,,,,AAXX 19164 07591 24/// /2110 10216 20161 39165 48528 50006 700// 333 60005 90710 91114=
07591,2009-06-19 17:00:00,23.2,,-1.8,61,15.3,,18.52,29.632,,210,,,0,,,,,,,0,og-post,,,,AAXX 19174 07591 24/// /2110 10232 20153 39162 48528 58018 700// 333 60005 90710 91116=
07591,2009-06-19 18:00:00,21.4,,-1.9,69,15.5,,14.816,31.484,,220,17.7,28.4,0,0,,0.2,,,,0,og-post,,,,AAXX 19184 07591 04/// /2208 10214 20155 39159 48521 56019 69922 700// 333 10284 20177 60007 90710 91117 555 60005=
07591,2009-06-19 19:00:00,21,,-0.4,61,13.2,,22.224,38.892,,240,,,0,,,,,,,0,og-post,,,,AAXX 19194 07591 24/// /2412 10210 20132 39161 48522 55004 700// 333 60005 90710 91121=
07591,2009-06-19 20:00:00,19.4,,-0.1,65,12.7,,11.112,31.484,,200,,,0,,,,,,,0,og-post,,,,AAXX 19204 07591 24/// /2006 10194 20127 39161 48518 56001 700// 333 60005 90710 91117=
07591,2009-06-19 21:00:00,18,,0.4,67,11.8,,14.816,25.928,,210,,,0,0,,,,,,0,og-post,,,,AAXX 19214 07591 24/// /2108 10180 20118 39163 48517 52004 700// 333 60007 90710 91114 555 60005=
07591,2009-06-19 22:00:00,16.4,,0.4,67,10.3,,7.408,31.484,,180,,,0,,,,,,,0,og-post,,,,AAXX 19224 07591 24/// /1804 10164 20103 39165 48515 53004 700// 333 60005 90710 91117=
07591,2009-06-19 23:00:00,14.7,,0.7,75,10.3,,3.704,18.52,,140,,,0,,,,,,,0,og-post,,,,AAXX 19234 07591 24/// /1402 10147 20103 39168 48514 53007 700// 333 60005 90710 91110=
07591,2009-06-20 00:00:00,14.1,,0,76,9.9,,,11.112,,,,,0,0,,,,,,0,og-post,,,,AAXX 20004 07591 04/// /0000 10141 20099 39163 48508 50000 60001 700// 333 60007 90710 91106 555 60005=
07591,2009-06-20 01:00:00,12.6,,-0.7,84,10,,3.704,7.408,,10,,,0,,,,,,,0,og-post,,,,AAXX 20014 07591 24/// /0102 10126 20100 39158 48500 58007 700// 333 60005 90710 91104=
07591,2009-06-20 02:00:00,11.4,,-1.4,89,9.7,,3.704,7.408,,350,,,0,,,,,,,0,og-post,,,,AAXX 20024 07591 24/// /3502 10114 20097 39154 48493 56014 700// 333 60005 90710 91104=
07591,2009-06-20 03:00:00,10.9,,-1.5,89,9.2,,3.704,11.112,,10,,,0,0,,,,,,0,og-post,,,,AAXX 20034 07591 24/// /0102 10109 20092 39148 48487 58015 700// 333 60007 90710 91106 555 60005=
07591,2009-06-20 04:00:00,10.1,,-1,92,8.9,,3.704,7.408,,200,,,0,,,,,,,0,og-post,,,,AAXX 20044 07591 24/// /2002 10101 20089 39148 48485 56010 700// 333 60005 90710 91104=
07591,2009-06-20 05:00:00,10,,-0.4,94,9.1,,3.704,11.112,,320,,,0,,,,,,,0,og-post,,,,AAXX 20054 07591 24/// /3202 10100 20091 39150 48487 55004 700// 333 60005 90710 91106=
07591,2009-06-20 06:00:00,13.4,,0.2,78,9.6,,3.704,11.112,,100,9.7,21.6,0,0,,,0.2,7.2,5,0,og-post,,,,AAXX 20064 07591 04/// /1002 10134 20096 39150 48494 52002 60002 700// 333 10216 20097 3/005 55072 60007 70002 90710 91106 555 60005=
07591,2009-06-20 07:00:00,15.4,,0.2,67,9.3,,7.408,11.112,,190,,,0,,,,,,,0,og-post,,,,AAXX 20074 07591 24/// /1904 10154 20093 39150 48498 51002 700// 333 60005 90710 91106=
07591,2009-06-20 08:00:00,17.6,,-0,53,7.9,,7.408,22.224,,200,,,0,,,,,,,0,og-post,,,,AAXX 20084 07591 24/// /2004 10176 20079 39150 48503 54000 700// 333 60005 90710 91112=
07591,2009-06-20 09:00:00,19.2,,-0.5,48,7.9,,11.112,18.52,,200,,,0,0,,,,,,0,og-post,,,,AAXX 20094 07591 24/// /2006 10192 20079 39145 48502 58005 700// 333 60007 90710 91110 555 60005=
07591,2009-06-20 10:00:00,19.9,,-0.7,44,7.3,,22.224,38.892,,220,,,0,,,,,,,0,og-post,,,,AAXX 20104 07591 24/// /2212 10199 20073 39143 48501 58007 700// 333 60005 90710 91121=
07591,2009-06-20 11:00:00,20.4,,-1,40,6.4,,25.928,42.596,,210,,,0,,,,,,,0,og-post,,,,AAXX 20114 07591 24/// /2114 10204 20064 39140 48499 56010 700// 333 60005 90710 91123=
07591,2009-06-20 12:00:00,21.2,,-1.1,40,7.1,,25.928,42.596,,210,,,0,0,,,,,,0,og-post,,,,AAXX 20124 07591 04/// /2114 10212 20071 39134 48496 58011 60001 700// 333 60007 90710 91123 555 60005=
07591,2009-06-20 13:00:00,21.3,,-1.3,38,6.4,,25.928,42.596,,210,,,0,,,,,,,0,og-post,,,,AAXX 20134 07591 24/// /2114 10213 20064 39130 48492 58013 700// 333 60005 90710 91123=
07591,2009-06-20 14:00:00,20.5,,-1.2,41,6.8,,25.928,53.708,,220,,,0,,,,,,,0,og-post,,,,AAXX 20144 07591 24/// /2214 10205 20068 39128 48488 56012 700// 333 60005 90710 91129=
07591,2009-06-20 15:00:00,21.9,,-1.2,40,7.7,,18.52,46.3,,220,,,0,0,,,,,,0,og-post,,,,AAXX 20154 07591 24/// /2210 10219 20077 39122 48486 58012 700// 333 60007 90710 91125 555 60005=
07591,2009-06-20 16:00:00,19.7,,-0.8,44,7.1,,18.52,46.3,,220,,,0,,,,,,,0,og-post,,,,AAXX 20164 07591 24/// /2210 10197 20071 39122 48481 56008 700// 333 60005 90710 91125=
07591,2009-06-20 17:00:00,18.8,,-0.6,48,7.6,,25.928,50.004,,230,,,0,,,,,,,0,og-post,,,,AAXX 20174 07591 24/// /2314 10188 20076 39122 48479 56006 700// 333 60005 90710 91127=
07591,2009-06-20 18:00:00,16,,0.2,55,7,,22.224,38.892,,230,13.3,22.3,0,0,,,,,,0,og-post,,,,AAXX 20184 07591 04/// /2312 10160 20070 39124 48475 53002 60002 700// 333 10223 20133 60007 90710 91121 555 60005=
07591,2009-06-20 19:00:00,14.8,,0.8,58,6.6,,11.112,38.892,,200,,,0,,,,,,,0,og-post,,,,AAXX 20194 07591 24/// /2006 10148 20066 39130 48478 53008 700// 333 60005 90710 91121=
07591,2009-06-20 20:00:00,14.3,,1.3,58,6.2,,3.704,25.928,,120,,,0,,,,,,,0,og-post,,,,AAXX 20204 07591 24/// /1202 10143 20062 39135 48482 53013 700// 333 60005 90710 91114=
07591,2009-06-20 21:00:00,13.6,,1.6,62,6.5,,3.704,18.52,,190,,,0,0,,,,,,0,og-post,,,,AAXX 20214 07591 24/// /1902 10136 20065 39140 48485 51016 700// 333 60007 90710 91110 555 60005=
07591,2009-06-20 22:00:00,13.3,,1.6,60,5.7,,7.408,25.928,,130,,,0,,,,,,,0,og-post,,,,AAXX 20224 07591 24/// /1304 10133 20057 39146 48490 53016 700// 333 60005 90710 91114=
07591,2009-06-20 23:00:00,11.9,,1.3,72,7,,25.928,42.596,,360,,,0.4,,,,,,,61,og-post,,,,AAXX 20234 07591 24/// /3614 10119 20070 39148 48489 51013 761// 333 69945 90710 91123=
07591,2009-06-21 00:00:00,12.1,,0.7,64,5.5,,22.224,35.188,,360,,,0,0.4,0.4,,,,,21,og-post,,,,AAXX 21004 07591 04/// /3612 10121 20055 39147 48488 50007 69941 721// 333 69947 90710 91119 555 60005=
07591,2009-06-21 01:00:00,12.4,,-0.4,59,4.6,,22.224,35.188,,360,,,0,,,,,,,0,og-post,,,,AAXX 21014 07591 24/// /3612 10124 20046 39142 48484 58004 700// 333 60005 90710 91119=
07591,2009-06-21 02:00:00,11.8,,-0.9,59,4.1,,11.112,29.632,,10,,,0,,,,,,,0,og-post,,,,AAXX 21024 07591 24/// /0106 10118 20041 39139 48480 58009 700// 333 60005 90710 91116=
07591,2009-06-21 03:00:00,11.3,,-1.1,60,3.8,,7.408,18.52,,20,,,0,0,,,,,,0,og-post,,,,AAXX 21034 07591 24/// /0204 10113 20038 39136 48476 56011 700// 333 60007 90710 91110 555 60005=
07591,2009-06-21 04:00:00,12.5,,-0.9,52,2.9,,14.816,29.632,,10,,,0,,,,,,,0,og-post,,,,AAXX 21044 07591 24/// /0108 10125 20029 39133 48476 57009 700// 333 60005 90710 91116=
07591,2009-06-21 05:00:00,13.6,,-0.3,46,2.2,,18.52,38.892,,40,,,0,,,,,,,0,og-post,,,,AAXX 21054 07591 24/// /0410 10136 20022 39136 48481 55003 700// 333 60005 90710 91121=
07591,2009-06-21 06:00:00,15.7,,0.7,40,2.2,,18.52,46.3,,80,11.3,15.9,0,0,,0.4,0.4,11.9,8,0,og-post,,,,AAXX 21064 07591 04/// /0810 10157 20022 39143 48491 53007 69942 700// 333 10159 20113 3/008 55119 60007 70004 90710 91125 555 60005=
07591,2009-06-21 07:00:00,15.2,,1.6,51,5.1,,11.112,31.484,,210,,,0,,,,,,,0,og-post,,,,AAXX 21074 07591 24/// /2106 10152 20051 39149 48496 53016 700// 333 60005 90710 91117=
07591,2009-06-21 08:00:00,16.6,,1.4,48,5.6,,18.52,25.928,,210,,,0,,,,,,,0,og-post,,,,AAXX 21084 07591 24/// /2110 10166 20056 39150 48500 51014 700// 333 60005 90710 91114=
07591,2009-06-21 09:00:00,18.3,,0.9,40,4.5,,18.52,29.632,,220,,,0,0,,,,,,0,og-post,,,,AAXX 21094 07591 24/// /2210 10183 20045 39152 48506 51009 700// 333 60007 90710 91116 555 60005=
07591,2009-06-21 10:00:00,19.5,,0.2,35,3.6,,18.52,31.484,,220,,,0,,,,,,,0,og-post,,,,AAXX 21104 07591 24/// /2210 10195 20036 39151 48507 50002 700// 333 60005 90710 91117=
07591,2009-06-21 11:00:00,19.9,,-0.1,37,4.8,,22.224,38.892,,220,,,0,,,,,,,0,og-post,,,,AAXX 21114 07591 24/// /2212 10199 20048 39149 48506 58001 700// 333 60005 90710 91121=
07591,2009-06-21 12:00:00,19.7,,-0.8,37,4.6,,18.52,38.892,,220,,,0,0,,,,,,0,og-post,,,,AAXX 21124 07591 04/// /2210 10197 20046 39144 48501 58008 60001 700// 333 60007 90710 91121 555 60005=
07591,2009-06-21 13:00:00,20.9,,-1.1,33,4,,22.224,38.892,,220,,,0,,,,,,,0,og-post,,,,AAXX 21134 07591 24/// /2212 10209 20040 39140 48500 58011 700// 333 60005 90710 91121=
07591,2009-06-21 14:00:00,21.4,,-1.3,35,5.3,,25.928,42.596,,220,,,0,,,,,,,0,og-post,,,,AAXX 21144 07591 24/// /2214 10214 20053 39136 48498 56013 700// 333 60005 90710 91123=
07591,2009-06-21 15:00:00,21.6,,-1,34,5.1,,18.52,46.3,,220,,,0,0,,,,,,0,og-post,,,,AAXX 21154 07591 24/// /2210 10216 20051 39134 48496 56010 700// 333 60007 90710 91125 555 60005=
07591,2009-06-21 16:00:00,21.1,,-0.8,36,5.5,,18.52,38.892,,220,,,0,,,,,,,0,og-post,,,,AAXX 21164 07591 24/// /2210 10211 20055 39132 48493 56008 700// 333 60005 90710 91121=
07591,2009-06-21 17:00:00,19.2,,-0.2,40,5.3,,18.52,35.188,,240,,,0,,,,,,,0,og-post,,,,AAXX 21174 07591 24/// /2410 10192 20053 39134 48491 55002 700// 333 60005 90710 91119=
07591,2009-06-21 18:00:00,17.1,,0.4,49,6.3,,7.408,29.632,,200,14.2,21.7,0,0,,,,,,0,og-post,,,,AAXX 21184 07591 04/// /2004 10171 20063 39138 48490 53004 60002 700// 333 10217 20142 60007 90710 91116 555 60005=
07591,2009-06-21 19:00:00,15.4,,1.1,55,6.4,,7.408,18.52,,330,,,0,,,,,,,0,og-post,,,,AAXX 21194 07591 24/// /3304 10154 20064 39143 48491 53011 700// 333 60005 90710 91110=
07591,2009-06-21 20:00:00,14.1,,1.8,57,5.7,,7.408,14.816,,210,,,0,,,,,,,0,og-post,,,,AAXX 21204 07591 24/// /2104 10141 20057 39152 48497 53018 700// 333 60005 90710 91108=
07591,2009-06-21 21:00:00,13.1,,2,60,5.5,,3.704,18.52,,220,,,0,0,,,,,,0,og-post,,,,AAXX 21214 07591 24/// /2202 10131 20055 39158 48500 53020 700// 333 60007 90710 91110 555 60005=
07591,2009-06-21 22:00:00,11.4,,1.9,63,4.6,,7.408,14.816,,280,,,0,,,,,,,0,og-post,,,,AAXX 21224 07591 24/// /2804 10114 20046 39162 48500 51019 700// 333 60005 90710 91108=
07591,2009-06-21 23:00:00,9.9,,1.4,71,4.9,,3.704,7.408,,10,,,0,,,,,,,0,og-post,,,,AAXX 21234 07591 24/// /0102 10099 20049 39166 48500 51014 700// 333 60005 90710 91104=
07591,2009-06-22 00:00:00,9.2,,1,73,4.6,,7.408,11.112,,30,,,0,0,,,,,,0,og-post,,,,AAXX 22004 07591 04/// /0304 10092 20046 39168 48500 51010 60001 700// 333 60007 90710 91106 555 60005=
07591,2009-06-22 01:00:00,8.2,,0.4,77,4.4,,3.704,7.408,,360,,,0,,,,,,,0,og-post,,,,AAXX 22014 07591 24/// /3602 10082 20044 39166 48496 50004 700// 333 60005 90710 91104=
07591,2009-06-22 02:00:00,7.5,,-0.1,80,4.3,,3.704,11.112,,360,,,0,,,,,,,0,og-post,,,,AAXX 22024 07591 24/// /3602 10075 20043 39165 48494 58001 700// 333 60005 90710 91106=
07591,2009-06-22 03:00:00,6.8,,-0.2,83,4.1,,3.704,7.408,,350,,,0,0,,,,,,0,og-post,,,,AAXX 22034 07591 24/// /3502 10068 20041 39166 48493 55002 700// 333 60007 90710 91104 555 60005=
07591,2009-06-22 04:00:00,6.3,,0.2,83,3.6,,3.704,7.408,,30,,,0,,,,,,,0,og-post,,,,AAXX 22044 07591 24/// /0302 10063 20036 39168 48494 53002 700// 333 60005 90710 91104=
07591,2009-06-22 05:00:00,6.8,,0,82,3.9,,3.704,11.112,,360,,,0,,,,,,,0,og-post,,,,AAXX 22054 07591 24/// /3602 10068 20039 39165 48492 50000 700// 333 60005 90710 91106=
07591,2009-06-22 06:00:00,10.2,,-0.4,67,4.4,,3.704,14.816,,120,6.3,17.1,0,0,,,0,11.6,1,0,og-post,,,,AAXX 22064 07591 04/// /1202 10102 20044 39162 48497 58004 60002 700// 333 10171 20063 3/001 55116 60007 70000 90710 91108 555 60005=
07591,2009-06-22 07:00:00,12.4,,-0.8,60,4.9,,3.704,11.112,,160,,,0,,,,,,,0,og-post,,,,AAXX 22074 07591 24/// /1602 10124 20049 39160 48500 56008 700// 333 60005 90710 91106=
07591,2009-06-22 08:00:00,14.7,,-1.2,49,4.1,,11.112,18.52,,200,,,0,,,,,,,0,og-post,,,,AAXX 22084 07591 24/// /2006 10147 20041 39153 48499 58012 700// 333 60005 90710 91110=
07591,2009-06-22 09:00:00,17.2,,-1.3,46,5.5,,11.112,22.224,,200,,,0,0,,,,,,0,og-post,,,,AAXX 22094 07591 24/// /2006 10172 20055 39149 48501 58013 700// 333 60007 90710 91112 555 60005=
07591,2009-06-22 10:00:00,18.8,,-1.5,35,3,,14.816,29.632,,230,,,0,,,,,,,0,og-post,,,,AAXX 22104 07591 24/// /2308 10188 20030 39145 48500 56015 700// 333 60005 90710 91116=
07591,2009-06-22 11:00:00,20.3,,-1.4,32,3.1,,18.52,29.632,,220,,,0,,,,,,,0,og-post,,,,AAXX 22114 07591 24/// /2210 10203 20031 39139 48498 58014 700// 333 60005 90710 91116=
07591,2009-06-22 12:00:00,20.7,,-1.7,31,3,,18.52,38.892,,210,,,0,0,,,,,,0,og-post,,,,AAXX 22124 07591 04/// /2110 10207 20030 39132 48492 58017 60001 700// 333 60007 90710 91121 555 60005=
07591,2009-06-22 13:00:00,21.1,,-1.7,31,3.3,,14.816,38.892,,220,,,0,,,,,,,0,og-post,,,,AAXX 22134 07591 24/// /2208 10211 20033 39128 48489 56017 700// 333 60005 90710 91121=
07591,2009-06-22 14:00:00,21,,-1.6,30,2.8,,25.928,38.892,,230,,,0,,,,,,,0,og-post,,,,AAXX 22144 07591 24/// /2314 10210 20028 39123 48484 56016 700// 333 60005 90710 91121=
07591,2009-06-22 15:00:00,21,,-0.8,28,1.8,,22.224,38.892,,230,,,0,0,,,,,,0,og-post,,,,AAXX 22154 07591 24/// /2312 10210 20018 39124 48485 55008 700// 333 60007 90710 91121 555 60005=
07591,2009-06-22 16:00:00,20.8,,-0.7,30,2.6,,18.52,31.484,,230,,,0,,,,,,,0,og-post,,,,AAXX 22164 07591 24/// /2310 10208 20026 39121 48482 56007 700// 333 60005 90710 91117=
07591,2009-06-22 17:00:00,20.3,,-0,33,3.5,,11.112,29.632,,210,,,0,,,,,,,0,og-post,,,,AAXX 22174 07591 24/// /2106 10203 20035 39123 48483 55000 700// 333 60005 90710 91116=
07591,2009-06-22 18:00:00,18,,0.1,22,-4,,14.816,25.928,,120,10.1,21.7,0,0,,,,,,0,og-post,,,,AAXX 22184 07591 04/// /1208 10180 21040 39125 48479 53001 60002 700// 333 10217 20101 60007 90710 91114 555 60005=
07591,2009-06-22 19:00:00,15.6,,1,42,2.7,,7.408,31.484,,150,,,0,,,,,,,0,og-post,,,,AAXX 22194 07591 24/// /1504 10156 20027 39131 48480 53010 700// 333 60005 90710 91117=
07591,2009-06-22 20:00:00,13.8,,1.5,47,2.7,,7.408,25.928,,140,,,0,,,,,,,0,og-post,,,,AAXX 22204 07591 24/// /1404 10138 20027 39138 48483 53015 700// 333 60005 90710 91114=
07591,2009-06-22 21:00:00,12.8,,2,49,2.4,,7.408,22.224,,200,,,0,0,,,,,,0,og-post,,,,AAXX 22214 07591 24/// /2004 10128 20024 39145 48487 53020 700// 333 60007 90710 91112 555 60005=
07591,2009-06-22 22:00:00,11.1,,2,54,2.2,,3.704,22.224,,290,,,0,,,,,,,0,og-post,,,,AAXX 22224 07591 24/// /2902 10111 20022 39151 48489 51020 700// 333 60005 90710 91112=
07591,2009-06-22 23:00:00,9.6,,1.4,56,1.3,,3.704,14.816,,180,,,0,,,,,,,0,og-post,,,,AAXX 22234 07591 24/// /1802 10096 20013 39152 48486 51014 700// 333 60005 90710 91108=
07591,2009-06-23 00:00:00,8.5,,1,62,1.6,,3.704,7.408,,350,,,0,0,,,,,,0,og-post,,,,AAXX 23004 07591 04/// /3502 10085 20016 39155 48487 51010 60001 700// 333 60007 90710 91104 555 60005=
07591,2009-06-23 01:00:00,7.7,,0.3,66,1.8,,3.704,7.408,,80,,,0,,,,,,,0,og-post,,,,AAXX 23014 07591 24/// /0802 10077 20018 39154 48484 50003 700// 333 60005 90710 91104=
07591,2009-06-23 02:00:00,6.9,,0.2,70,1.8,,3.704,7.408,,340,,,0,,,,,,,0,og-post,,,,AAXX 23024 07591 24/// /3402 10069 20018 39154 48482 51002 700// 333 60005 90710 91104=
07591,2009-06-23 03:00:00,5.8,,-0,75,1.7,,3.704,7.408,,360,,,0,0,,,,,,0,og-post,,,,AAXX 23034 07591 24/// /3602 10058 20017 39155 48481 55000 700// 333 60007 90710 91104 555 60005=
07591,2009-06-23 04:00:00,5.6,,0.2,74,1.3,,3.704,7.408,,280,,,0,,,,,,,0,og-post,,,,AAXX 23044 07591 24/// /2802 10056 20013 39156 48481 53002 700// 333 60005 90710 91104=
07591,2009-06-23 05:00:00,5.4,,0.2,74,1.1,,3.704,7.408,,20,,,0,,,,,,,0,og-post,,,,AAXX 23054 07591 24/// /0202 10054 20011 39156 48481 51002 700// 333 60005 90710 91104=
07591,2009-06-23 06:00:00,9.4,,-0.2,59,1.8,,3.704,7.408,,160,5.2,18,0,0,,,0,12.6,-1,0,og-post,,,,AAXX 23064 07591 04/// /1602 10094 20018 39153 48487 58002 60002 700// 333 10180 20052 3/101 55126 60007 70000 90710 91104 555 60005=
07591,2009-06-23 07:00:00,11.8,,-0.5,52,2.3,,3.704,11.112,,160,,,0,,,,,,,0,og-post,,,,AAXX 23074 07591 24/// /1602 10118 20023 39151 48490 58005 700// 333 60005 90710 91106=
07591,2009-06-23 08:00:00,13.7,,-1.1,42,1,,7.408,11.112,,180,,,0,,,,,,,0,og-post,,,,AAXX 23084 07591 24/// /1804 10137 20010 39145 48489 58011 700// 333 60005 90710 91106=
07591,2009-06-23 09:00:00,15.8,,-1.5,41,2.6,,11.112,18.52,,200,,,0,0,,,,,,0,og-post,,,,AAXX 23094 07591 24/// /2006 10158 20026 39138 48487 58015 700// 333 60007 90710 91110 555 60005=
07591,2009-06-23 10:00:00,17.7,,-1.9,38,3.2,,14.816,25.928,,210,,,0,,,,,,,0,og-post,,,,AAXX 23104 07591 24/// /2108 10177 20032 39132 48486 57019 700// 333 60005 90710 91114=
07591,2009-06-23 11:00:00,18.8,,-1.9,37,3.8,,18.52,31.484,,210,,,0,,,,,,,0,og-post,,,,AAXX 23114 07591 24/// /2110 10188 20038 39126 48483 56019 700// 333 60005 90710 91117=
07591,2009-06-23 12:00:00,19.6,,-1.6,37,4.5,,22.224,38.892,,210,,,0,0,,,,,,0,og-post,,,,AAXX 23124 07591 04/// /2112 10196 20045 39122 48481 56016 60001 700// 333 60007 90710 91121 555 60005=
07591,2009-06-23 13:00:00,19.4,,-1.5,43,6.5,,18.52,42.596,,210,,,0,,,,,,,0,og-post,,,,AAXX 23134 07591 24/// /2110 10194 20065 39117 48476 56015 700// 333 60005 90710 91123=
07591,2009-06-23 14:00:00,21.4,,-1.1,39,6.9,,22.224,38.892,,210,,,0,,,,,,,0,og-post,,,,AAXX 23144 07591 24/// /2112 10214 20069 39115 48478 56011 700// 333 60005 90710 91121=
07591,2009-06-23 15:00:00,20.4,,-0.9,40,6.4,,18.52,42.596,,210,,,0,0,,,,,,0,og-post,,,,AAXX 23154 07591 24/// /2110 10204 20064 39113 48474 56009 700// 333 60007 90710 91123 555 60005=
07591,2009-06-23 16:00:00,20.1,,-0.3,44,7.5,,22.224,38.892,,210,,,0,,,,,,,0,og-post,,,,AAXX 23164 07591 24/// /2112 10201 20075 39114 48475 55003 700// 333 60005 90710 91121=
07591,2009-06-23 17:00:00,19.9,,-0,44,7.3,,18.52,35.188,,220,,,0,,,,,,,0,og-post,,,,AAXX 23174 07591 24/// /2210 10199 20073 39115 48475 55000 700// 333 60005 90710 91119=
07591,2009-06-23 18:00:00,18.3,,0.4,50,7.7,,14.816,31.484,,210,9.1,21.6,0,0,,,,,,0,og-post,,,,AAXX 23184 07591 04/// /2108 10183 20077 39117 48474 53004 60002 700// 333 10216 20091 60007 90710 91117 555 60005=
07591,2009-06-23 19:00:00,16.7,,0.7,57,8.1,,11.112,25.928,,210,,,0,,,,,,,0,og-post,,,,AAXX 23194 07591 24/// /2106 10167 20081 39121 48474 53007 700// 333 60005 90710 91114=
07591,2009-06-23 20:00:00,14.7,,1.4,63,7.7,,3.704,18.52,,190,,,0,,,,,,,0,og-post,,,,AAXX 23204 07591 24/// /1902 10147 20077 39129 48477 53014 700// 333 60005 90710 91110=
07591,2009-06-23 21:00:00,12.8,,1.5,71,7.7,,7.408,11.112,,360,,,0,0,,,,,,0,og-post,,,,AAXX 23214 07591 24/// /3604 10128 20077 39132 48476 51015 700// 333 60007 90710 91106 555 60005=
07591,2009-06-23 22:00:00,11.7,,1.1,75,7.4,,3.704,11.112,,340,,,0,,,,,,,0,og-post,,,,AAXX 23224 07591 24/// /3402 10117 20074 39132 48474 51011 700// 333 60005 90710 91106=
07591,2009-06-23 23:00:00,10.9,,0.6,79,7.4,,3.704,7.408,,260,,,0,,,,,,,0,og-post,,,,AAXX 23234 07591 24/// /2602 10109 20074 39135 48475 52006 700// 333 60005 90710 91104=
07591,2009-06-24 00:00:00,10.1,,0.2,82,7.2,,7.408,11.112,,40,,,0,0,,,,,,0,og-post,,,,AAXX 24004 07591 04/// /0404 10101 20072 39134 48472 50002 60001 700// 333 60007 90710 91106 555 60005=
07591,2009-06-24 01:00:00,9.5,,0.1,85,7.1,,3.704,11.112,,340,,,0,,,,,,,0,og-post,,,,AAXX 24014 07591 24/// /3402 10095 20071 39133 48470 50001 700// 333 60005 90710 91106=
07591,2009-06-24 02:00:00,9.4,,-0.6,84,6.8,,11.112,18.52,,40,,,0,,,,,,,0,og-post,,,,AAXX 24024 07591 24/// /0406 10094 20068 39129 48466 58006 700// 333 60005 90710 91110=
07591,2009-06-24 03:00:00,9.6,,-0.7,80,6.3,,7.408,18.52,,60,,,0,0,,,,,,0,og-post,,,,AAXX 24034 07591 24/// /0604 10096 20063 39127 48465 58007 700// 333 60007 90710 91110 555 60005=
07591,2009-06-24 04:00:00,10.1,,-0.7,76,6.1,,11.112,25.928,,40,,,0,,,,,,,0,og-post,,,,AAXX 24044 07591 24/// /0406 10101 20061 39126 48465 56007 700// 333 60005 90710 91114=
07591,2009-06-24 05:00:00,10.1,,-0.1,77,6.3,,3.704,25.928,,310,,,0,,,,,,,0,og-post,,,,AAXX 24054 07591 24/// /3102 10101 20063 39128 48467 55001 700// 333 60005 90710 91114=
07591,2009-06-24 06:00:00,12.7,,-0,70,7.4,,3.704,11.112,,20,8.5,18.3,0,0,,,0,12.1,6,0,og-post,,,,AAXX 24064 07591 04/// /0202 10127 20074 39127 48471 54000 60002 700// 333 10183 20085 3/006 55121 60007 70000 90710 91106 555 60005=
07591,2009-06-24 07:00:00,14.7,,0.1,62,7.5,,3.704,14.816,,180,,,0,,,,,,,0,og-post,,,,AAXX 24074 07591 24/// /1802 10147 20075 39127 48476 51001 700// 333 60005 90710 91108=
07591,2009-06-24 08:00:00,17.8,,-0.6,50,7.2,,3.704,11.112,,300,,,0,,,,,,,0,og-post,,,,AAXX 24084 07591 24/// /3002 10178 20072 39122 48477 58006 700// 333 60005 90710 91106=
07591,2009-06-24 09:00:00,19.6,,-0.7,49,8.6,,7.408,18.52,,220,,,0,0,,,,,,0,og-post,,,,AAXX 24094 07591 24/// /2204 10196 20086 39120 48479 58007 700// 333 60007 90710 91110 555 60005=
07591,2009-06-24 10:00:00,22.7,,-1.3,39,8,,14.816,25.928,,190,,,0,,,,,,,0,og-post,,,,AAXX 24104 07591 24/// /1908 10227 20080 39114 48480 58013 700// 333 60005 90710 91114=
07591,2009-06-24 11:00:00,24.2,,-1.3,37,8.6,,18.52,31.484,,210,,,0,,,,,,,0,og-post,,,,AAXX 24114 07591 24/// /2110 10242 20086 39109 48478 58013 700// 333 60005 90710 91117=
07591,2009-06-24 12:00:00,25.7,,-1.8,31,7.3,,18.52,31.484,,210,,,0,0,,,,,,0,og-post,,,,AAXX 24124 07591 04/// /2110 10257 20073 39102 48475 58018 60001 700// 333 60007 90710 91117 555 60005=
07591,2009-06-24 13:00:00,26.9,,-1.7,32,8.8,,18.52,35.188,,230,,,0,,,,,,,0,og-post,,,,AAXX 24134 07591 24/// /2310 10269 20088 39097 48472 57017 700// 333 60005 90710 91119=
07591,2009-06-24 14:00:00,27,,-1.5,32,8.9,,22.224,38.892,,240,,,0,,,,,,,0,og-post,,,,AAXX 24144 07591 24/// /2412 10270 20089 39094 48470 56015 700// 333 60005 90710 91121=
07591,2009-06-24 15:00:00,27.2,,-1.1,31,8.6,,22.224,38.892,,230,,,0,0,,,,,,0,og-post,,,,AAXX 24154 07591 24/// /2312 10272 20086 39091 48467 56011 700// 333 60007 90710 91121 555 60005=
07591,2009-06-24 16:00:00,27.1,,-0.6,31,8.5,,22.224,35.188,,220,,,0,,,,,,,0,og-post,,,,AAXX 24164 07591 24/// /2212 10271 20085 39091 48467 56006 700// 333 60005 90710 91119=
07591,2009-06-24 17:00:00,26.8,,-0.4,32,8.7,,18.52,35.188,,220,,,0,,,,,,,0,og-post,,,,AAXX 24174 07591 24/// /2210 10268 20087 39090 48466 56004 700// 333 60005 90710 91119=
07591,2009-06-24 18:00:00,25,,0.2,36,8.9,,14.816,29.632,,230,12.7,27.4,0,0,,,,,,0,og-post,,,,AAXX 24184 07591 04/// /2308 10250 20089 39093 48465 53002 60002 700// 333 10274 20127 60007 90710 91116 555 60005=
07591,2009-06-24 19:00:00,23.5,,0.9,42,9.9,,11.112,25.928,,230,,,0,,,,,,,0,og-post,,,,AAXX 24194 07591 24/// /2306 10235 20099 39100 48469 53009 700// 333 60005 90710 91114=
07591,2009-06-24 20:00:00,21.2,,1.8,47,9.4,,11.112,22.224,,190,,,0,,,,,,,0,og-post,,,,AAXX 24204 07591 24/// /1906 10212 20094 39108 48472 53018 700// 333 60005 90710 91112=
07591,2009-06-24 21:00:00,20.1,,2.5,52,9.9,,7.408,22.224,,200,,,0,0,,,,,,0,og-post,,,,AAXX 24214 07591 24/// /2004 10201 20099 39118 48479 53025 700// 333 60007 90710 91112 555 60005=
07591,2009-06-24 22:00:00,19.4,,2.1,53,9.6,,7.408,14.816,,190,,,0,,,,,,,0,og-post,,,,AAXX 24224 07591 24/// /1904 10194 20096 39121 48480 51021 700// 333 60005 90710 91108=
07591,2009-06-24 23:00:00,18.3,,1.1,59,10.2,,3.704,11.112,,210,,,0,,,,,,,0,og-post,,,,AAXX 24234 07591 24/// /2102 10183 20102 39119 48476 50011 700// 333 60005 90710 91106=
07591,2009-06-25 00:00:00,15.9,,0.1,67,9.8,,3.704,7.408,,10,,,0,0,,,,,,0,og-post,,,,AAXX 25004 07591 04/// /0102 10159 20098 39119 48471 51001 60001 700// 333 60007 90710 91104 555 60005=
07591,2009-06-25 01:00:00,14.7,,-0.1,72,9.7,,,11.112,,,,,0,,,,,,,0,og-post,,,,AAXX 25014 07591 24/// /0000 10147 20097 39120 48470 55001 700// 333 60005 90710 91106=
07591,2009-06-25 02:00:00,13.5,,0,77,9.6,,7.408,7.408,,30,,,0,,,,,,,0,og-post,,,,AAXX 25024 07591 24/// /0304 10135 20096 39119 48466 50000 700// 333 60005 90710 91104=
07591,2009-06-25 03:00:00,13,,-0.1,79,9.4,,3.704,11.112,,350,,,0,0,,,,,,0,og-post,,,,AAXX 25034 07591 24/// /3502 10130 20094 39118 48464 58001 700// 333 60007 90710 91106 555 60005=
07591,2009-06-25 04:00:00,12.1,,-0.2,83,9.3,,3.704,7.408,,50,,,0,,,,,,,0,og-post,,,,AAXX 25044 07591 24/// /0502 10121 20093 39118 48462 56002 700// 333 60005 90710 91104=
07591,2009-06-25 05:00:00,12.1,,-0.1,83,9.3,,3.704,7.408,,50,,,0,,,,,,,0,og-post,,,,AAXX 25054 07591 24/// /0502 10121 20093 39118 48462 56001 700// 333 60005 90710 91104=
07591,2009-06-25 06:00:00,15.2,,-0,73,10.4,,7.408,11.112,,70,11.9,25,0,0,,,0,12.5,9,0,og-post,,,,AAXX 25064 07591 04/// /0704 10152 20104 39118 48469 54000 60002 700// 333 10250 20119 3/009 55125 60007 70000 90710 91106 555 60005=
07591,2009-06-25 07:00:00,18.3,,0.1,59,10.2,,7.408,11.112,,60,,,0,,,,,,,0,og-post,,,,AAXX 25074 07591 24/// /0604 10183 20102 39119 48476 53001 700// 333 60005 90710 91106=
07591,2009-06-25 08:00:00,20.4,,-0.2,56,11.3,,7.408,14.816,,190,,,0,,,,,,,0,og-post,,,,AAXX 25084 07591 24/// /1904 10204 20113 39116 48478 58002 700// 333 60005 90710 91108=
07591,2009-06-25 09:00:00,22.2,,-0.6,50,11.3,,18.52,29.632,,220,,,0,0,,,,,,0,og-post,,,,AAXX 25094 07591 24/// /2210 10222 20113 39112 48478 58006 700// 333 60007 90710 91116 555 60005=
07591,2009-06-25 10:00:00,24.3,,-1.2,41,10.2,,18.52,38.892,,240,,,0,,,,,,,0,og-post,,,,AAXX 25104 07591 24/// /2410 10243 20102 39107 48477 58012 700// 333 60005 90710 91121=
07591,2009-06-25 11:00:00,26,,-1.5,33,8.5,,18.52,35.188,,210,,,0,,,,,,,0,og-post,,,,AAXX 25114 07591 24/// /2110 10260 20085 39101 48474 58015 700// 333 60005 90710 91119=
07591,2009-06-25 12:00:00,26.7,,-1.8,31,8.2,,22.224,31.484,,210,,,0,0,,,,,,0,og-post,,,,AAXX 25124 07591 04/// /2112 10267 20082 39094 48469 58018 60001 700// 333 60007 90710 91117 555 60005=
07591,2009-06-25 13:00:00,26.7,,-1.6,29,7.2,,22.224,38.892,,230,,,0,,,,,,,0,og-post,,,,AAXX 25134 07591 24/// /2312 10267 20072 39091 48466 56016 700// 333 60005 90710 91121=
07591,2009-06-28 09:00:00,22.2,,-0.1,51,11.6,,11.112,18.52,,220,,,0,0,,,,,,0,og-post,,,,AAXX 28094 07591 24/// /2206 10222 20116 39141 48505 58001 700// 333 60007 90710 91110 555 60005=
07591,2009-06-28 12:00:00,27.9,,-1.2,29,8.2,,18.52,29.632,,220,,,0,0,,,,,,0,og-post,,,,AAXX 28124 07591 04/// /2210 10279 20082 39129 48505 56012 60001 700// 333 60007 90710 91116 555 60005=
07591,2009-06-28 15:00:00,28.9,,-0.5,28,8.6,,22.224,38.892,,220,,,0,0,,,,,,0,og-post,,,,AAXX 28154 07591 24/// /2212 10289 20086 39124 48502 56005 700// 333 60007 90710 91121 555 60005=
07591,2009-06-28 18:00:00,24.7,,1,49,13.3,,18.52,42.596,,250,16.1,29.4,0,0,,,,,,0,og-post,,,,AAXX 28184 07591 04/// /2510 10247 20133 39134 48504 53010 60002 700// 333 10294 20161 60007 90710 91123 555 60005=
07591,2009-06-28 21:00:00,21.3,,1.4,61,13.5,,7.408,14.816,,180,,,0,0,,,,,,0,og-post,,,,AAXX 28214 07591 24/// /1804 10213 20135 39148 48510 52014 700// 333 60007 90710 91108 555 60005=
07591,2009-06-29 00:00:00,16.5,,0.9,77,12.5,,3.704,11.112,,350,,,0,0,,,,,,0,og-post,,,,AAXX 29004 07591 04/// /3502 10165 20125 39157 48508 51009 60001 700// 333 60007 90710 91106 555 60005=
07591,2009-06-29 03:00:00,14.9,,-0.1,84,12.2,,3.704,7.408,,20,,,0,0,,,,,,0,og-post,,,,AAXX 29034 07591 24/// /0202 10149 20122 39156 48503 56001 700// 333 60007 90710 91104 555 60005=
07591,2009-06-29 04:00:00,14.1,,0.4,86,11.8,,,3.704,,,,,0,,,,,,,0,og-post,,,,AAXX 29044 07591 24/// /0000 10141 20118 39159 48504 53004 700// 333 60005 90710 91102=
07591,2009-06-29 05:00:00,14.3,,0.2,85,11.8,,11.112,11.112,,50,,,0,,,,,,,0,og-post,,,,AAXX 29054 07591 24/// /0506 10143 20118 39158 48504 50002 700// 333 60005 90710 91106=
07591,2009-06-29 06:00:00,18.7,,0.1,65,12,,11.112,25.928,,40,13.9,24.7,0,0,,,0,11.6,11,0,og-post,,,,AAXX 29064 07591 04/// /0406 10187 20120 39157 48513 50001 60002 700// 333 10247 20139 3/011 55116 60007 70000 90710 91114 555 60005=
07591,2009-06-29 07:00:00,20.6,,-0.1,61,12.8,,7.408,25.928,,240,,,0,,,,,,,0,og-post,,,,AAXX 29074 07591 24/// /2404 10206 20128 39158 48518 55001 700// 333 60005 90710 91114=
07591,2009-06-29 08:00:00,22.3,,-0.2,54,12.5,,7.408,14.816,,170,,,0,,,,,,,0,og-post,,,,AAXX 29084 07591 24/// /1704 10223 20125 39156 48520 58002 700// 333 60005 90710 91108=
07591,2009-06-29 09:00:00,24.2,,-0.3,49,12.8,,11.112,18.52,,210,,,0,0,,,,,,0,og-post,,,,AAXX 29094 07591 24/// /2106 10242 20128 39154 48522 58003 700// 333 60007 90710 91110 555 60005=
07591,2009-06-29 10:00:00,25.8,,-0.5,48,14,,14.816,29.632,,200,,,0,,,,,,,0,og-post,,,,AAXX 29104 07591 24/// /2008 10258 20140 39153 48525 56005 700// 333 60005 90710 91116=
07591,2009-06-29 11:00:00,27,,-0.7,45,14.1,,22.224,35.188,,210,,,0,,,,,,,0,og-post,,,,AAXX 29114 07591 24/// /2112 10270 20141 39149 48524 58007 700// 333 60005 90710 91119=
07591,2009-06-29 12:00:00,29.1,,-0.8,37,12.9,,18.52,31.484,,210,,,0,0,,,,,,0,og-post,,,,AAXX 29124 07591 04/// /2110 10291 20129 39146 48525 58008 60001 700// 333 60007 90710 91117 555 60005=
07591,2009-06-29 13:00:00,29.6,,-1.2,36,12.9,,22.224,35.188,,210,,,0,,,,,,,0,og-post,,,,AAXX 29134 07591 24/// /2112 10296 20129 39141 48521 58012 700// 333 60005 90710 91119=
07591,2009-06-29 14:00:00,28.9,,-1.1,35,11.9,,18.52,38.892,,220,,,0,,,,,,,0,og-post,,,,AAXX 29144 07591 24/// /2210 10289 20119 39138 48517 57011 700// 333 60005 90710 91121=
07591,2009-06-29 15:00:00,24.3,,-0.5,59,15.8,,18.52,42.596,,220,,,2,2,,,,,,63,og-post,,,,AAXX 29154 07591 24/// /2210 10243 20158 39141 48511 55005 763// 333 60027 90710 91123 555 60025=
07591,2009-06-29 16:00:00,19.2,,1.9,85,16.6,,7.408,53.708,,280,,,12,,,,,,,63,og-post,,,,AAXX 29164 07591 24/// /2804 10192 20166 39160 48518 53019 763// 333 60125 90710 91129=
07591,2009-06-29 17:00:00,17.9,,4.1,83,15,,7.408,38.892,,300,,,1,,,,,,,62,og-post,,,,AAXX 29174 07591 24/// /3004 10179 20150 39179 48532 53041 762// 333 60015 90710 91121=
07591,2009-06-29 18:00:00,16,,4.6,91,14.5,,11.112,22.224,,50,16,30.4,1,14,,16,,,,61,og-post,,,,AAXX 29184 07591 04/// /0506 10160 20145 39187 48535 51046 60162 761// 333 10304 20160 60147 90710 91112 555 60015=
07591,2009-06-29 19:00:00,16.2,,3.2,92,14.9,,3.704,14.816,,180,,,0,,,,,,,0,og-post,,,,AAXX 29194 07591 24/// /1802 10162 20149 39192 48540 51032 700// 333 60005 90710 91108=
07591,2009-06-29 20:00:00,16,,1.8,93,14.9,,3.704,11.112,,200,,,0,,,,,,,0,og-post,,,,AAXX 29204 07591 24/// /2002 10160 20149 39197 48544 51018 700// 333 60005 90710 91106=
07591,2009-06-29 21:00:00,15.7,,0.3,91,14.2,,18.52,29.632,,30,,,0,0,,,,,,0,og-post,,,,AAXX 29214 07591 24/// /0310 10157 20142 39190 48537 50003 700// 333 60007 90710 91116 555 60005=
07591,2009-06-29 22:00:00,14.8,,0,91,13.3,,7.408,29.632,,40,,,0,,,,,,,0,og-post,,,,AAXX 29224 07591 24/// /0404 10148 20133 39192 48536 50000 700// 333 60005 90710 91116=
07591,2009-06-29 23:00:00,14.1,,-0.7,91,12.7,,11.112,18.52,,60,,,0,,,,,,,0,og-post,,,,AAXX 29234 07591 24/// /0606 10141 20127 39190 48533 56007 700// 333 60005 90710 91110=
07591,2009-06-30 00:00:00,14.7,,-0.2,86,12.4,,14.816,22.224,,30,,,0,0,,,,,,0,og-post,,,,AAXX 30004 07591 04/// /0308 10147 20124 39188 48532 58002 60001 700// 333 60007 90710 91112 555 60005=
07591,2009-06-30 01:00:00,14.9,,-0.4,84,12.2,,14.816,22.224,,30,,,0,,,,,,,0,og-post,,,,AAXX 30014 07591 24/// /0308 10149 20122 39188 48533 56004 700// 333 60005 90710 91112=
07591,2009-06-30 02:00:00,15.2,,-0.3,81,12,,18.52,35.188,,10,,,0,,,,,,,0,og-post,,,,AAXX 30024 07591 24/// /0110 10152 20120 39187 48532 56003 700// 333 60005 90710 91119=
07591,2009-06-30 03:00:00,15.4,,-0.4,77,11.4,,18.52,35.188,,20,,,0,0,,,,,,0,og-post,,,,AAXX 30034 07591 24/// /0210 10154 20114 39184 48530 58004 700// 333 60007 90710 91119 555 60005=
07591,2009-06-30 04:00:00,14.1,,-0.1,83,11.3,,14.816,31.484,,30,,,0,,,,,,,0,og-post,,,,AAXX 30044 07591 24/// /0308 10141 20113 39187 48530 55001 700// 333 60005 90710 91117=
07591,2009-06-30 05:00:00,14.6,,0.3,80,11.2,,14.816,25.928,,30,,,0,,,,,,,0,og-post,,,,AAXX 30054 07591 24/// /0308 10146 20112 39190 48534 53003 700// 333 60005 90710 91114=
07591,2009-06-30 06:00:00,16.2,,0.7,75,11.8,,18.52,31.484,,40,13.8,16.5,0,0,,,16.4,8.6,12,0,og-post,,,,AAXX 30064 07591 04/// /0410 10162 20118 39191 48538 51007 60002 700// 333 10165 20138 3/012 55086 60007 70164 90710 91117 555 60005=
07591,2009-06-30 07:00:00,18.6,,0.5,65,11.9,,7.408,25.928,,70,,,0,,,,,,,0,og-post,,,,AAXX 30074 07591 24/// /0704 10186 20119 39192 48545 51005 700// 333 60005 90710 91114=
07591,2009-06-30 08:00:00,20.4,,0.1,62,12.9,,3.704,14.816,,160,,,0,,,,,,,0,og-post,,,,AAXX 30084 07591 24/// /1602 10204 20129 39191 48548 50001 700// 333 60005 90710 91108=
07591,2009-06-30 09:00:00,22.1,,-0.4,58,13.5,,7.408,14.816,,180,,,0,0,,,,,,0,og-post,,,,AAXX 30094 07591 24/// /1804 10221 20135 39187 48548 58004 700// 333 60007 90710 91108 555 60005=
07591,2009-06-30 10:00:00,24,,-0.7,50,12.9,,7.408,14.816,,220,,,0,,,,,,,0,og-post,,,,AAXX 30104 07591 24/// /2204 10240 20129 39185 48551 58007 700// 333 60005 90710 91108=
07591,2009-06-30 11:00:00,26.6,,-1.2,45,13.7,,11.112,22.224,,200,,,0,,,,,,,0,og-post,,,,AAXX 30114 07591 24/// /2006 10266 20137 39179 48551 58012 700// 333 60005 90710 91112=
07591,2009-06-30 12:00:00,28.2,,-1.1,41,13.7,,14.816,31.484,,220,,,0,0,,,,,,0,og-post,,,,AAXX 30124 07591 04/// /2208 10282 20137 39176 48552 58011 60001 700// 333 60007 90710 91117 555 60005=
07591,2009-06-30 13:00:00,28.8,,-1.3,36,12.2,,18.52,31.484,,220,,,0,,,,,,,0,og-post,,,,AAXX 30134 07591 24/// /2210 10288 20122 39172 48549 56013 700// 333 60005 90710 91117=
07591,2009-06-30 14:00:00,28,,-1.1,38,12.4,,18.52,35.188,,210,,,0,,,,,,,0,og-post,,,,AAXX 30144 07591 24/// /2110 10280 20124 39168 48543 58011 700// 333 60005 90710 91119=
07591,2009-06-30 15:00:00,26.2,,-1,50,15,,3.704,29.632,,190,,,0,0,,,,,,0,og-post,,,,AAXX 30154 07591 24/// /1902 10262 20150 39166 48538 56010 700// 333 60007 90710 91116 555 60005=
07591,2009-06-30 16:00:00,21.9,,0.2,62,14.3,,18.52,46.3,,270,,,0.4,,,,,,,65,og-post,,,,AAXX 30164 07591 24/// /2710 10219 20143 39174 48536 53002 765// 333 69945 90710 91125=
07591,2009-06-30 17:00:00,22.2,,1.5,63,14.8,,7.408,22.224,,280,,,0.2,,,,,,,21,og-post,,,,AAXX 30174 07591 24/// /2804 10222 20148 39183 48545 53015 721// 333 69925 90710 91112=
07591,2009-06-30 18:00:00,20.6,,2.2,73,15.6,,7.408,14.816,,200,16.2,28.9,0,0.6,,0.6,,,,0,og-post,,,,AAXX 30184 07591 04/// /2004 10206 20156 39188 48547 51022 69962 700// 333 10289 20162 69967 90710 91108 555 60005=
07591,2009-06-30 19:00:00,19.6,,2.2,79,15.9,,7.408,22.224,,50,,,0,,,,,,,0,og-post,,,,AAXX 30194 07591 24/// /0504 10196 20159 39196 48552 51022 700// 333 60005 90710 91112=
07591,2009-06-30 20:00:00,19.7,,1.7,79,16,,3.704,14.816,,270,,,0,,,,,,,0,og-post,,,,AAXX 30204 07591 24/// /2702 10197 20160 39200 48556 51017 700// 333 60005 90710 91108=
07591,2009-06-30 21:00:00,18.6,,2.1,86,16.2,,3.704,11.112,,150,,,0,0,,,,,,0,og-post,,,,AAXX 30214 07591 24/// /1502 10186 20162 39209 48562 53021 700// 333 60007 90710 91106 555 60005=
07591,2009-06-30 22:00:00,17.5,,1.6,88,15.5,,3.704,11.112,,30,,,0,,,,,,,0,og-post,,,,AAXX 30224 07591 24/// /0302 10175 20155 39212 48561 51016 700// 333 60005 90710 91106=
07591,2009-06-30 23:00:00,16.8,,1,79,13.1,,11.112,18.52,,30,,,0,,,,,,,0,og-post,,,,AAXX 30234 07591 24/// /0306 10168 20131 39210 48557 50010 700// 333 60005 90710 91110=
07591,2009-07-01 00:00:00,16.7,,-0.3,75,12.2,,14.816,22.224,,30,,,0,0,,,,,,0,og-post,,,,AAXX 01004 07591 04/// /0308 10167 20122 39206 48553 58003 60001 700// 333 60007 90710 91112 555 60005=
07591,2009-07-01 01:00:00,17,,-1.1,70,11.5,,25.928,35.188,,20,,,0,,,,,,,0,og-post,,,,AAXX 01014 07591 24/// /0214 10170 20115 39201 48549 58011 700// 333 60005 90710 91119=
07591,2009-07-01 02:00:00,16.3,,-1.2,72,11.2,,18.52,31.484,,20,,,0,,,,,,,0,og-post,,,,AAXX 01024 07591 24/// /0210 10163 20112 39198 48545 56012 700// 333 60005 90710 91117=
07591,2009-07-01 03:00:00,16.3,,-0.9,71,11,,22.224,31.484,,20,,,0,0,,,,,,0,og-post,,,,AAXX 01034 07591 24/// /0212 10163 20110 39197 48544 56009 700// 333 60007 90710 91117 555 60005=
07591,2009-07-01 04:00:00,16.2,,-0.6,70,10.7,,25.928,38.892,,10,,,0,,,,,,,0,og-post,,,,AAXX 01044 07591 24/// /0114 10162 20107 39195 48542 56006 700// 333 60005 90710 91121=
07591,2009-07-01 05:00:00,16.1,,-0,71,10.8,,18.52,35.188,,10,,,0,,,,,,,0,og-post,,,,AAXX 01054 07591 24/// /0110 10161 20108 39198 48544 55000 700// 333 60005 90710 91119=
07591,2009-07-01 06:00:00,17.7,,0.4,69,11.9,,3.704,38.892,,160,15.8,20.6,0,0,,,0.6,9.5,14,0,og-post,,,,AAXX 01064 07591 04/// /1602 10177 20119 39201 48551 53004 60002 700// 333 10206 20158 3/014 55095 60007 70006 90710 91121 555 60005=
07591,2009-07-01 07:00:00,19.2,,0.8,60,11.3,,3.704,11.112,,160,,,0,,,,,,,0,og-post,,,,AAXX 01074 07591 24/// /1602 10192 20113 39203 48556 51008 700// 333 60005 90710 91106=
07591,2009-07-01 08:00:00,21.6,,0.2,56,12.5,,3.704,14.816,,80,,,0,,,,,,,0,og-post,,,,AAXX 01084 07591 24/// /0802 10216 20125 39200 48559 50002 700// 333 60005 90710 91108=
07591,2009-07-01 09:00:00,23.2,,-0.3,54,13.4,,7.408,14.816,,210,,,0,0,,,,,,0,og-post,,,,AAXX 01094 07591 24/// /2104 10232 20134 39198 48561 58003 700// 333 60007 90710 91108 555 60005=
07591,2009-07-01 10:00:00,25.2,,-0.7,51,14.3,,11.112,22.224,,210,,,0,,,,,,,0,og-post,,,,AAXX 01104 07591 24/// /2106 10252 20143 39196 48564 56007 700// 333 60005 90710 91112=
07591,2009-07-01 11:00:00,27.2,,-1,42,13.2,,18.52,25.928,,210,,,0,,,,,,,0,og-post,,,,AAXX 01114 07591 24/// /2110 10272 20132 39190 48563 58010 700// 333 60005 90710 91114=
07591,2009-07-01 12:00:00,28.4,,-1.3,37,12.3,,14.816,29.632,,220,,,0,0,,,,,,0,og-post,,,,AAXX 01124 07591 04/// /2208 10284 20123 39185 48561 58013 60001 700// 333 60007 90710 91116 555 60005=
07591,2009-07-01 13:00:00,29.4,,-1.7,37,13.2,,14.816,31.484,,220,,,0,,,,,,,0,og-post,,,,AAXX 01134 07591 24/// /2208 10294 20132 39179 48557 57017 700// 333 60005 90710 91117=
07591,2009-07-01 14:00:00,28.8,,-1.7,37,12.7,,18.52,31.484,,220,,,0,,,,,,,0,og-post,,,,AAXX 01144 07591 24/// /2210 10288 20127 39173 48550 58017 700// 333 60005 90710 91117=
07591,2009-07-01 15:00:00,29.3,,-1.7,30,9.9,,18.52,31.484,,210,,,0,0,,,,,,0,og-post,,,,AAXX 01154 07591 24/// /2110 10293 20099 39168 48546 56017 700// 333 60007 90710 91117 555 60005=
07591,2009-07-01 16:00:00,21.5,,0.4,74,16.7,,22.224,46.3,,280,,,2,,,,,,,65,og-post,,,,AAXX 01164 07591 24/// /2812 10215 20167 39183 48544 53004 765// 333 60025 90710 91125=
07591,2009-07-01 17:00:00,19.1,,1.9,79,15.4,,14.816,61.116,,210,,,1,,,,,,,21,og-post,,,,AAXX 01174 07591 24/// /2108 10191 20154 39192 48547 53019 721// 333 60015 90710 91133=
07591,2009-07-01 18:00:00,18.4,,2.8,81,15.1,,7.408,29.632,,240,17.8,29.5,0,3,,3,,,,0,og-post,,,,AAXX 01184 07591 04/// /2404 10184 20151 39196 48549 51028 60032 700// 333 10295 20178 60037 90710 91116 555 60005=
07591,2009-07-01 19:00:00,18.4,,1.7,84,15.6,,7.408,29.632,,30,,,0,,,,,,,0,og-post,,,,AAXX 01194 07591 24/// /0304 10184 20156 39200 48553 51017 700// 333 60005 90710 91116=
07591,2009-07-01 20:00:00,18,,1.5,88,16,,3.704,11.112,,140,,,0,,,,,,,0,og-post,,,,AAXX 01204 07591 24/// /1402 10180 20160 39207 48558 53015 700// 333 60005 90710 91106=
07591,2009-07-01 21:00:00,16.9,,1.3,92,15.6,,3.704,7.408,,360,,,0,0,,,,,,0,og-post,,,,AAXX 01214 07591 24/// /3602 10169 20156 39209 48557 51013 700// 333 60007 90710 91104 555 60005=
07591,2009-07-01 22:00:00,15.7,,1,93,14.6,,3.704,7.408,,90,,,0,,,,,,,0,og-post,,,,AAXX 01224 07591 24/// /0902 10157 20146 39210 48555 51010 700// 333 60005 90710 91104=
07591,2009-07-01 23:00:00,14.8,,0.2,94,13.8,,3.704,7.408,,30,,,0,,,,,,,0,og-post,,,,AAXX 01234 07591 24/// /0302 10148 20138 39209 48552 50002 700// 333 60005 90710 91104=
07591,2009-07-02 00:00:00,14.6,,-0.5,93,13.5,,7.408,11.112,,40,,,0,0,,,,,,0,og-post,,,,AAXX 02004 07591 04/// /0404 10146 20135 39204 48547 58005 60001 700// 333 60007 90710 91106 555 60005=
07591,2009-07-02 01:00:00,15.5,,-1,86,13.2,,18.52,29.632,,40,,,0,,,,,,,0,og-post,,,,AAXX 02014 07591 24/// /0410 10155 20132 39200 48545 58010 700// 333 60005 90710 91116=
07591,2009-07-02 02:00:00,15.8,,-1.2,82,12.7,,18.52,29.632,,20,,,0,,,,,,,0,og-post,,,,AAXX 02024 07591 24/// /0210 10158 20127 39197 48543 56012 700// 333 60005 90710 91116=
07591,2009-07-02 03:00:00,15.6,,-1.1,81,12.4,,14.816,29.632,,30,,,0,0,,,,,,0,og-post,,,,AAXX 02034 07591 24/// /0308 10156 20124 39193 48539 57011 700// 333 60007 90710 91116 555 60005=
07591,2009-07-02 04:00:00,14.7,,-0.8,84,12,,11.112,25.928,,40,,,0,,,,,,,0,og-post,,,,AAXX 02044 07591 24/// /0406 10147 20120 39192 48536 56008 700// 333 60005 90710 91114=
07591,2009-07-02 05:00:00,14,,-0.3,88,12,,3.704,18.52,,140,,,0,,,,,,,0,og-post,,,,AAXX 02054 07591 24/// /1402 10140 20120 39194 48536 55003 700// 333 60005 90710 91110=
07591,2009-07-02 06:00:00,16.8,,0.1,78,12.9,,3.704,11.112,,70,14,18.6,0,0,,,3.4,9.9,12,0,og-post,,,,AAXX 02064 07591 04/// /0702 10168 20129 39194 48543 53001 60002 700// 333 10186 20140 3/012 55099 60007 70034 90710 91106 555 60005=
07591,2009-07-02 07:00:00,19.4,,0.2,67,13.1,,7.408,14.816,,80,,,0,,,,,,,0,og-post,,,,AAXX 02074 07591 24/// /0804 10194 20131 39194 48549 51002 700// 333 60005 90710 91108=
07591,2009-07-02 08:00:00,20.8,,-0.2,61,13,,7.408,14.816,,190,,,0,,,,,,,0,og-post,,,,AAXX 02084 07591 24/// /1904 10208 20130 39192 48550 58002 700// 333 60005 90710 91108=
07591,2009-07-02 09:00:00,22.3,,-0.4,61,14.4,,7.408,14.816,,200,,,0,0,,,,,,0,og-post,,,,AAXX 02094 07591 24/// /2004 10223 20144 39190 48552 58004 700// 333 60007 90710 91108 555 60005=
07591,2009-07-02 10:00:00,24.2,,-0.7,53,14,,11.112,18.52,,200,,,0,,,,,,,0,og-post,,,,AAXX 02104 07591 24/// /2006 10242 20140 39187 48553 58007 700// 333 60005 90710 91110=
07591,2009-07-02 11:00:00,26.5,,-1.1,48,14.6,,14.816,29.632,,210,,,0,,,,,,,0,og-post,,,,AAXX 02114 07591 24/// /2108 10265 20146 39181 48553 58011 700// 333 60005 90710 91116=
07591,2009-07-02 12:00:00,27.4,,-1.8,45,14.4,,18.52,29.632,,210,,,0,0,,,,,,0,og-post,,,,AAXX 02124 07591 04/// /2110 10274 20144 39172 48546 58018 60001 700// 333 60007 90710 91116 555 60005=
07591,2009-07-02 13:00:00,28.6,,-1.8,41,14.1,,11.112,31.484,,220,,,0,,,,,,,0,og-post,,,,AAXX 02134 07591 24/// /2206 10286 20141 39169 48546 56018 700// 333 60005 90710 91117=
07591,2009-07-02 14:00:00,24.1,,-1.6,49,12.7,,3.704,25.928,,160,,,0.4,,,,,,,21,og-post,,,,AAXX 02144 07591 24/// /1602 10241 20127 39165 48532 56016 721// 333 69945 90710 91114=
07591,2009-07-02 15:00:00,19,,-0.5,76,14.7,,29.632,42.596,,30,,,6,7,,,,,,63,og-post,,,,AAXX 02154 07591 24/// /0316 10190 20147 39167 48523 55005 763// 333 60077 90710 91123 555 60065=
07591,2009-07-02 16:00:00,19.6,,-0.2,68,13.5,,7.408,50.004,,10,,,1,,,,,,,21,og-post,,,,AAXX 02164 07591 24/// /0104 10196 20135 39167 48524 56002 721// 333 60015 90710 91127=
07591,2009-07-02 17:00:00,22.4,,-0.4,63,15,,3.704,31.484,,10,,,0,,,,,,,0,og-post,,,,AAXX 02174 07591 24/// /0102 10224 20150 39161 48525 58004 700// 333 60005 90710 91117=
07591,2009-07-02 18:00:00,20.8,,-0.4,69,14.9,,7.408,11.112,,340,16.8,28.6,0,1,,8,,,,0,og-post,,,,AAXX 02184 07591 04/// /3404 10208 20149 39163 48524 55004 60082 700// 333 10286 20168 60017 90710 91106 555 60005=
07591,2009-07-02 19:00:00,20.2,,0.1,70,14.6,,3.704,11.112,,30,,,0,,,,,,,0,og-post,,,,AAXX 02194 07591 24/// /0302 10202 20146 39168 48527 53001 700// 333 60005 90710 91106=
07591,2009-07-02 20:00:00,18.6,,1.2,77,14.5,,3.704,11.112,,10,,,0,,,,,,,0,og-post,,,,AAXX 02204 07591 24/// /0102 10186 20145 39173 48528 53012 700// 333 60005 90710 91106=
07591,2009-07-02 21:00:00,17.8,,1.3,79,14.1,,3.704,11.112,,350,,,0,0,,,,,,0,og-post,,,,AAXX 02214 07591 24/// /3502 10178 20141 39176 48529 51013 700// 333 60007 90710 91106 555 60005=
07591,2009-07-02 22:00:00,17.5,,0.6,78,13.6,,7.408,14.816,,20,,,0,,,,,,,0,og-post,,,,AAXX 02224 07591 24/// /0204 10175 20136 39174 48526 50006 700// 333 60005 90710 91108=
07591,2009-07-02 23:00:00,17.3,,-0.1,76,13,,14.816,18.52,,40,,,0,,,,,,,0,og-post,,,,AAXX 02234 07591 24/// /0408 10173 20130 39172 48524 58001 700// 333 60005 90710 91110=
07591,2009-07-03 00:00:00,17.3,,-0.4,75,12.8,,3.704,18.52,,90,,,0,0,,,,,,0,og-post,,,,AAXX 03004 07591 04/// /0902 10173 20128 39172 48524 56004 60001 700// 333 60007 90710 91110 555 60005=
07591,2009-07-03 01:00:00,17,,-0.4,76,12.7,,7.408,14.816,,20,,,0,,,,,,,0,og-post,,,,AAXX 03014 07591 24/// /0204 10170 20127 39170 48521 57004 700// 333 60005 90710 91108=
07591,2009-07-03 02:00:00,16.8,,-0.6,76,12.5,,11.112,22.224,,40,,,0,,,,,,,0,og-post,,,,AAXX 03024 07591 24/// /0406 10168 20125 39166 48517 58006 700// 333 60005 90710 91112=
07591,2009-07-03 03:00:00,16,,-0.9,77,12,,11.112,18.52,,40,,,0,0,,,,,,0,og-post,,,,AAXX 03034 07591 24/// /0406 10160 20120 39163 48512 58009 700// 333 60007 90710 91110 555 60005=
07591,2009-07-03 04:00:00,15.5,,-0.5,78,11.7,,11.112,22.224,,40,,,0,,,,,,,0,og-post,,,,AAXX 03044 07591 24/// /0406 10155 20117 39165 48513 55005 700// 333 60005 90710 91112=
07591,2009-07-03 05:00:00,15.5,,0.3,78,11.7,,11.112,18.52,,50,,,0,,,,,,,0,og-post,,,,AAXX 03054 07591 24/// /0506 10155 20117 39169 48517 53003 700// 333 60005 90710 91110=
07591,2009-07-03 06:00:00,17.5,,0.9,73,12.6,,11.112,18.52,,50,15.1,20.8,0,0,,,8,9.1,14,0,og-post,,,,AAXX 03064 07591 04/// /0506 10175 20126 39172 48524 53009 60002 700// 333 10208 20151 3/014 55091 60007 70080 90710 91110 555 60005=
07591,2009-07-03 07:00:00,19.6,,0.2,66,13.1,,14.816,18.52,,50,,,0,,,,,,,0,og-post,,,,AAXX 03074 07591 24/// /0508 10196 20131 39167 48524 50002 700// 333 60005 90710 91110=
07591,2009-07-03 08:00:00,21.9,,-0.6,58,13.3,,11.112,22.224,,70,,,0,,,,,,,0,og-post,,,,AAXX 03084 07591 24/// /0706 10219 20133 39163 48526 58006 700// 333 60005 90710 91112=
07591,2009-07-03 09:00:00,22.9,,-1.2,57,13.9,,14.816,18.52,,210,,,0,0,,,,,,0,og-post,,,,AAXX 03094 07591 24/// /2108 10229 20139 39160 48525 56012 700// 333 60007 90710 91110 555 60005=
07591,2009-07-03 10:00:00,24.6,,-0.9,51,13.8,,14.816,22.224,,210,,,0,,,,,,,0,og-post,,,,AAXX 03104 07591 24/// /2108 10246 20138 39158 48527 56009 700// 333 60005 90710 91112=
07591,2009-07-03 11:00:00,26.8,,-1.1,48,14.9,,14.816,29.632,,210,,,0,,,,,,,0,og-post,,,,AAXX 03114 07591 24/// /2108 10268 20149 39152 48526 58011 700// 333 60005 90710 91116=
07591,2009-07-03 12:00:00,28.3,,-1.4,37,12.2,,18.52,31.484,,230,,,0,0,,,,,,0,og-post,,,,AAXX 03124 07591 04/// /2310 10283 20122 39146 48523 58014 60001 700// 333 60007 90710 91117 555 60005=
07591,2009-07-03 13:00:00,28.6,,-1.6,38,12.9,,18.52,31.484,,220,,,0,,,,,,,0,og-post,,,,AAXX 03134 07591 24/// /2210 10286 20129 39142 48520 56016 700// 333 60005 90710 91117=
07591,2009-07-03 14:00:00,27.8,,-1.4,41,13.3,,14.816,29.632,,230,,,0,,,,,,,0,og-post,,,,AAXX 03144 07591 24/// /2308 10278 20133 39138 48515 56014 700// 333 60005 90710 91116=
07591,2009-07-03 15:00:00,29,,-1.2,41,14.4,,18.52,31.484,,210,,,0,0,,,,,,0,og-post,,,,AAXX 03154 07591 24/// /2110 10290 20144 39134 48514 57012 700// 333 60007 90710 91117 555 60005=
07591,2009-07-03 16:00:00,29.1,,-1.2,38,13.3,,14.816,31.484,,220,,,0,,,,,,,0,og-post,,,,AAXX 03164 07591 24/// /2208 10291 20133 39130 48510 57012 700// 333 60005 90710 91117=
07591,2009-07-03 17:00:00,28.8,,-0.9,36,12.2,,14.816,29.632,,220,,,0,,,,,,,0,og-post,,,,AAXX 03174 07591 24/// /2208 10288 20122 39129 48508 56009 700// 333 60005 90710 91116=
07591,2009-07-03 18:00:00,26.6,,-0.2,45,13.7,,14.816,25.928,,210,17.6,29.3,0,0,,,,,,0,og-post,,,,AAXX 03184 07591 04/// /2108 10266 20137 39132 48506 55002 60002 700// 333 10293 20176 60007 90710 91114 555 60005=
07591,2009-07-03 19:00:00,24.9,,0.4,45,12.2,,14.816,22.224,,240,,,0,,,,,,,0,og-post,,,,AAXX 03194 07591 24/// /2408 10249 20122 39134 48504 53004 700// 333 60005 90710 91112=
07591,2009-07-03 20:00:00,22.5,,1.2,55,13,,7.408,22.224,,190,,,0,,,,,,,0,og-post,,,,AAXX 03204 07591 24/// /1904 10225 20130 39141 48506 53012 700// 333 60005 90710 91112=
07591,2009-07-03 21:00:00,20.3,,1.5,65,13.5,,3.704,11.112,,280,,,0,0,,,,,,0,og-post,,,,AAXX 03214 07591 24/// /2802 10203 20135 39147 48507 53015 700// 333 60007 90710 91106 555 60005=
07591,2009-07-03 22:00:00,18.9,,1.4,68,12.9,,3.704,11.112,,340,,,0,,,,,,,0,og-post,,,,AAXX 03224 07591 24/// /3402 10189 20129 39148 48505 51014 700// 333 60005 90710 91106=
07591,2009-07-03 23:00:00,18.1,,0.7,70,12.5,,3.704,11.112,,360,,,0,,,,,,,0,og-post,,,,AAXX 03234 07591 24/// /3602 10181 20125 39148 48503 51007 700// 333 60005 90710 91106=
07591,2009-07-04 00:00:00,16.7,,0.1,78,12.8,,,7.408,,,,,0,0,,,,,,0,og-post,,,,AAXX 04004 07591 04/// /0000 10167 20128 39148 48500 51001 60001 700// 333 60007 90710 91104 555 60005=
07591,2009-07-04 01:00:00,16.3,,0.1,76,12.1,,7.408,14.816,,50,,,0,,,,,,,0,og-post,,,,AAXX 04014 07591 24/// /0504 10163 20121 39149 48500 53001 700// 333 60005 90710 91108=
07591,2009-07-04 02:00:00,15.6,,-0.1,79,12,,3.704,11.112,,30,,,0,,,,,,,0,og-post,,,,AAXX 04024 07591 24/// /0302 10156 20120 39147 48497 58001 700// 333 60005 90710 91106=
07591,2009-07-04 03:00:00,15,,-0.2,82,12,,3.704,11.112,,30,,,0,0,,,,,,0,og-post,,,,AAXX 04034 07591 24/// /0302 10150 20120 39146 48494 58002 700// 333 60007 90710 91106 555 60005=
07591,2009-07-04 04:00:00,14.5,,-0.2,85,12,,3.704,7.408,,20,,,0,,,,,,,0,og-post,,,,AAXX 04044 07591 24/// /0202 10145 20120 39147 48494 55002 700// 333 60005 90710 91104=
07591,2009-07-04 05:00:00,15,,-0.2,82,12,,3.704,7.408,,120,,,0,,,,,,,0,og-post,,,,AAXX 04054 07591 24/// /1202 10150 20120 39145 48494 58002 700// 333 60005 90710 91104=
07591,2009-07-04 06:00:00,17.3,,0.1,75,12.8,,3.704,7.408,,10,14.5,26.6,0,0,,,0,11.4,11,0,og-post,,,,AAXX 04064 07591 04/// /0102 10173 20128 39147 48501 53001 60002 700// 333 10266 20145 3/011 55114 60007 70000 90710 91104 555 60005=
07591,2009-07-04 07:00:00,20.2,,-0.2,65,13.4,,3.704,14.816,,80,,,0,,,,,,,0,og-post,,,,AAXX 04074 07591 24/// /0802 10202 20134 39145 48505 57002 700// 333 60005 90710 91108=
07591,2009-07-04 08:00:00,21.6,,-0.2,54,11.9,,3.704,11.112,,220,,,0,,,,,,,0,og-post,,,,AAXX 04084 07591 24/// /2202 10216 20119 39143 48506 58002 700// 333 60005 90710 91106=
07591,2009-07-04 09:00:00,24,,-0.9,51,13.2,,7.408,18.52,,190,,,0,0,,,,,,0,og-post,,,,AAXX 04094 07591 24/// /1904 10240 20132 39138 48507 58009 700// 333 60007 90710 91110 555 60005=
07591,2009-07-04 10:00:00,26.5,,-1.2,46,13.9,,14.816,22.224,,190,,,0,,,,,,,0,og-post,,,,AAXX 04104 07591 24/// /1908 10265 20139 39133 48507 58012 700// 333 60005 90710 91112=
07591,2009-07-04 11:00:00,27.1,,-1,38,11.6,,14.816,35.188,,230,,,0,,,,,,,0,og-post,,,,AAXX 04114 07591 24/// /2308 10271 20116 39133 48508 56010 700// 333 60005 90710 91119=
07591,2009-07-04 12:00:00,26.9,,-0.9,40,12.2,,14.816,31.484,,220,,,0,0,,,,,,0,og-post,,,,AAXX 04124 07591 04/// /2208 10269 20122 39129 48504 56009 60001 700// 333 60007 90710 91117 555 60005=
07591,2009-07-04 13:00:00,29,,-1.2,36,12.4,,18.52,31.484,,220,,,0,,,,,,,0,og-post,,,,AAXX 04134 07591 24/// /2210 10290 20124 39121 48501 58012 700// 333 60005 90710 91117=
07591,2009-07-04 14:00:00,26.5,,-1.4,31,8,,14.816,35.188,,280,,,0,,,,,,,0,og-post,,,,AAXX 04144 07591 24/// /2808 10265 20080 39119 48493 56014 700// 333 60005 90710 91119=
07591,2009-07-04 15:00:00,26.4,,-1.2,39,11.3,,14.816,31.484,,190,,,0,0,,,,,,0,og-post,,,,AAXX 04154 07591 24/// /1908 10264 20113 39117 48491 56012 700// 333 60007 90710 91117 555 60005=
07591,2009-07-04 16:00:00,27.3,,-0.1,39,12.1,,14.816,29.632,,230,,,0,,,,,,,0,og-post,,,,AAXX 04164 07591 24/// /2308 10273 20121 39120 48496 55001 700// 333 60005 90710 91116=
07591,2009-07-04 17:00:00,24.6,,-0,49,13.2,,14.816,38.892,,210,,,0,,,,,,,0,og-post,,,,AAXX 04174 07591 24/// /2108 10246 20132 39119 48490 55000 700// 333 60005 90710 91121=
07591,2009-07-04 18:00:00,24.2,,0.8,49,12.8,,11.112,25.928,,230,17.4,29.4,0,0,,,,,,0,og-post,,,,AAXX 04184 07591 04/// /2306 10242 20128 39125 48495 53008 60002 700// 333 10294 20174 60007 90710 91114 555 60005=
07591,2009-07-04 19:00:00,19.6,,1.1,67,13.3,,35.188,53.708,,360,,,0,,,,,,,61,og-post,,,,AAXX 04194 07591 24/// /3619 10196 20133 39131 48491 53011 761// 333 60005 90710 91129=
07591,2009-07-04 20:00:00,19,,1.7,68,13,,29.632,50.004,,20,,,0,,,,,,,0,og-post,,,,AAXX 04204 07591 24/// /0216 10190 20130 39136 48494 51017 700// 333 60005 90710 91127=
07591,2009-07-04 21:00:00,17.9,,1.7,73,13,,25.928,38.892,,10,,,0,0,,,,,,0,og-post,,,,AAXX 04214 07591 24/// /0114 10179 20130 39142 48497 52017 700// 333 60007 90710 91121 555 60005=
07591,2009-07-04 22:00:00,17.5,,1,73,12.6,,25.928,38.892,,10,,,0,,,,,,,0,og-post,,,,AAXX 04224 07591 24/// /0114 10175 20126 39141 48495 50010 700// 333 60005 90710 91121=
07591,2009-07-04 23:00:00,16.7,,0.5,75,12.2,,18.52,38.892,,20,,,0,,,,,,,0,og-post,,,,AAXX 04234 07591 24/// /0210 10167 20122 39141 48494 51005 700// 333 60005 90710 91121=
07591,2009-07-05 00:00:00,16.4,,-0.2,74,11.8,,22.224,35.188,,20,,,0,0,,,,,,0,og-post,,,,AAXX 05004 07591 04/// /0212 10164 20118 39140 48492 57002 60001 700// 333 60007 90710 91119 555 60005=
07591,2009-07-05 01:00:00,15.6,,-0.8,77,11.6,,18.52,31.484,,30,,,0,,,,,,,0,og-post,,,,AAXX 05014 07591 24/// /0310 10156 20116 39133 48484 58008 700// 333 60005 90710 91117=
07591,2009-07-05 02:00:00,15.3,,-1,77,11.3,,25.928,38.892,,20,,,0,,,,,,,0,og-post,,,,AAXX 05024 07591 24/// /0214 10153 20113 39131 48481 58010 700// 333 60005 90710 91121=
07591,2009-07-05 03:00:00,14.7,,-0.8,77,10.7,,11.112,31.484,,40,,,0,0,,,,,,0,og-post,,,,AAXX 05034 07591 24/// /0406 10147 20107 39132 48481 55008 700// 333 60007 90710 91117 555 60005=
07591,2009-07-05 04:00:00,14.6,,-0,77,10.6,,22.224,29.632,,20,,,0,,,,,,,0,og-post,,,,AAXX 05044 07591 24/// /0212 10146 20106 39133 48481 55000 700// 333 60005 90710 91116=
07591,2009-07-05 05:00:00,14,,0.3,80,10.6,,14.816,35.188,,50,,,0,,,,,,,0,og-post,,,,AAXX 05054 07591 24/// /0508 10140 20106 39134 48481 52003 700// 333 60005 90710 91119=
07591,2009-07-05 06:00:00,16.8,,0.3,67,10.6,,11.112,29.632,,30,13.8,24.1,0,0,,,0,8.8,12,0,og-post,,,,AAXX 05064 07591 04/// /0306 10168 20106 39135 48488 52003 60002 700// 333 10241 20138 3/012 55088 60007 70000 90710 91116 555 60005=
07591,2009-07-05 07:00:00,18.7,,-0.2,59,10.5,,18.52,29.632,,30,,,0,,,,,,,0,og-post,,,,AAXX 05074 07591 24/// /0310 10187 20105 39131 48488 58002 700// 333 60005 90710 91116=
07591,2009-07-05 08:00:00,20.7,,-0.3,54,11.1,,7.408,31.484,,180,,,0,,,,,,,0,og-post,,,,AAXX 05084 07591 24/// /1804 10207 20111 39131 48492 58003 700// 333 60005 90710 91117=
07591,2009-07-05 09:00:00,22.8,,-0.6,52,12.4,,7.408,18.52,,200,,,0,0,,,,,,0,og-post,,,,AAXX 05094 07591 24/// /2004 10228 20124 39129 48495 56006 700// 333 60007 90710 91110 555 60005=
07591,2009-07-05 10:00:00,25.2,,-0.7,48,13.4,,11.112,22.224,,190,,,0,,,,,,,0,og-post,,,,AAXX 05104 07591 24/// /1906 10252 20134 39124 48496 58007 700// 333 60005 90710 91112=
07591,2009-07-05 11:00:00,27,,-1.1,34,9.8,,18.52,31.484,,220,,,0,,,,,,,0,og-post,,,,AAXX 05114 07591 24/// /2210 10270 20098 39120 48495 58011 700// 333 60005 90710 91117=
07591,2009-07-05 12:00:00,28.2,,-1.4,35,11.3,,18.52,35.188,,220,,,0,0,,,,,,0,og-post,,,,AAXX 05124 07591 04/// /2210 10282 20113 39115 48493 57014 60001 700// 333 60007 90710 91119 555 60005=
07591,2009-07-05 13:00:00,28.5,,-1.5,29,8.7,,14.816,31.484,,260,,,0,,,,,,,0,og-post,,,,AAXX 05134 07591 24/// /2608 10285 20087 39109 48487 58015 700// 333 60005 90710 91117=
07591,2009-07-05 14:00:00,29.7,,-1.7,30,10.3,,11.112,29.632,,260,,,0,,,,,,,0,og-post,,,,AAXX 05144 07591 24/// /2606 10297 20103 39103 48484 58017 700// 333 60005 90710 91116=
07591,2009-07-05 15:00:00,26.8,,-1.7,36,10.5,,18.52,31.484,,270,,,0,0,,,,,,0,og-post,,,,AAXX 05154 07591 24/// /2710 10268 20105 39098 48474 56017 700// 333 60007 90710 91117 555 60005=
07591,2009-07-05 16:00:00,26.5,,-1.3,41,12.2,,11.112,22.224,,230,,,0,,,,,,,0,og-post,,,,AAXX 05164 07591 24/// /2306 10265 20122 39096 48471 56013 700// 333 60005 90710 91112=
07591,2009-07-05 17:00:00,22.3,,0.8,53,12.3,,7.408,61.116,,220,,,0,,,,,,,21,og-post,,,,AAXX 05174 07591 24/// /2204 10223 20123 39111 48477 53008 721// 333 60005 90710 91133=
07591,2009-07-05 18:00:00,21.8,,1.8,55,12.4,,11.112,22.224,,210,16.8,29.8,0,0,,,,,,0,og-post,,,,AAXX 05184 07591 04/// /2106 10218 20124 39116 48481 53018 60002 700// 333 10298 20168 60007 90710 91112 555 60005=
07591,2009-07-05 19:00:00,20.8,,1.4,61,13,,7.408,22.224,,330,,,0,,,,,,,0,og-post,,,,AAXX 05194 07591 24/// /3304 10208 20130 39110 48473 50014 700// 333 60005 90710 91112=
07591,2009-07-05 20:00:00,18.9,,1.2,67,12.6,,14.816,25.928,,10,,,0,,,,,,,0,og-post,,,,AAXX 05204 07591 24/// /0108 10189 20126 39123 48482 53012 700// 333 60005 90710 91114=
07591,2009-07-05 21:00:00,17.6,,1.1,74,12.9,,14.816,25.928,,10,,,0,0,,,,,,0,og-post,,,,AAXX 05214 07591 24/// /0108 10176 20129 39127 48483 53011 700// 333 60007 90710 91114 555 60005=
07591,2009-07-05 22:00:00,16,,1.7,81,12.7,,11.112,22.224,,60,,,0,,,,,,,0,og-post,,,,AAXX 05224 07591 24/// /0606 10160 20127 39127 48479 51017 700// 333 60005 90710 91112=
07591,2009-07-05 23:00:00,15,,0.5,85,12.5,,3.704,14.816,,50,,,0,,,,,,,0,og-post,,,,AAXX 05234 07591 24/// /0502 10150 20125 39128 48478 51005 700// 333 60005 90710 91108=
07591,2009-07-06 00:00:00,14.1,,0.1,88,12.1,,7.408,11.112,,30,,,0,0,,,,,,0,og-post,,,,AAXX 06004 07591 04/// /0304 10141 20121 39128 48476 52001 60001 700// 333 60007 90710 91106 555 60005=
07591,2009-07-06 01:00:00,13.4,,-0.2,90,11.8,,14.816,18.52,,50,,,0,,,,,,,0,og-post,,,,AAXX 06014 07591 24/// /0508 10134 20118 39125 48472 58002 700// 333 60005 90710 91110=
07591,2009-07-06 02:00:00,13.1,,-0.3,90,11.5,,,22.224,,,,,0,,,,,,,0,og-post,,,,AAXX 06024 07591 24/// /0000 10131 20115 39125 48471 57003 700// 333 60005 90710 91112=
07591,2009-07-06 03:00:00,12.9,,-0.6,89,11.1,,11.112,18.52,,50,,,0,0,,,,,,0,og-post,,,,AAXX 06034 07591 24/// /0506 10129 20111 39122 48468 57006 700// 333 60007 90710 91110 555 60005=
07591,2009-07-06 04:00:00,12.5,,-0,89,10.7,,3.704,18.52,,20,,,0,,,,,,,0,og-post,,,,AAXX 06044 07591 24/// /0202 10125 20107 39125 48470 55000 700// 333 60005 90710 91110=
07591,2009-07-06 05:00:00,12.3,,0.2,89,10.5,,3.704,14.816,,70,,,0.2,,,,,,,0,og-post,,,,AAXX 06054 07591 24/// /0702 10123 20105 39127 48471 53002 700// 333 69925 90710 91108=
07591,2009-07-06 06:00:00,14.8,,0.6,78,11,,3.704,7.408,,110,12.1,21.8,0,0.2,,0.2,0.2,9,10,0,og-post,,,,AAXX 06064 07591 04/// /1102 10148 20110 39128 48477 51006 69922 700// 333 10218 20121 3/010 55090 69927 70002 90710 91104 555 60005=
07591,2009-07-06 07:00:00,17.9,,0.3,63,10.8,,7.408,14.816,,40,,,0,,,,,,,0,og-post,,,,AAXX 06074 07591 24/// /0404 10179 20108 39128 48484 51003 700// 333 60005 90710 91108=
07591,2009-07-06 08:00:00,20,,-0.4,53,10.1,,3.704,14.816,,100,,,0,,,,,,,0,og-post,,,,AAXX 06084 07591 24/// /1002 10200 20101 39123 48483 58004 700// 333 60005 90710 91108=
07591,2009-07-06 09:00:00,21.2,,-0.6,53,11.2,,11.112,18.52,,220,,,0,0,,,,,,0,og-post,,,,AAXX 06094 07591 24/// /2206 10212 20112 39122 48485 58006 700// 333 60007 90710 91110 555 60005=
07591,2009-07-06 10:00:00,23.8,,-0.9,48,12.1,,14.816,25.928,,210,,,0,,,,,,,0,og-post,,,,AAXX 06104 07591 24/// /2108 10238 20121 39119 48488 56009 700// 333 60005 90710 91114=
07591,2009-07-06 11:00:00,25,,-0.8,44,11.9,,18.52,31.484,,210,,,0,,,,,,,0,og-post,,,,AAXX 06114 07591 24/// /2110 10250 20119 39115 48486 58008 700// 333 60005 90710 91117=
07591,2009-07-06 12:00:00,26.3,,-1.3,42,12.4,,18.52,31.484,,210,,,0,0,,,,,,0,og-post,,,,AAXX 06124 07591 04/// /2110 10263 20124 39109 48484 58013 60001 700// 333 60007 90710 91117 555 60005=
07591,2009-07-06 13:00:00,27,,-1.5,37,11.1,,18.52,35.188,,220,,,0,,,,,,,0,og-post,,,,AAXX 06134 07591 24/// /2210 10270 20111 39104 48480 58015 700// 333 60005 90710 91119=
07591,2009-07-06 14:00:00,27.6,,-1.3,35,10.8,,18.52,38.892,,240,,,0,,,,,,,0,og-post,,,,AAXX 06144 07591 24/// /2410 10276 20108 39102 48479 56013 700// 333 60005 90710 91121=
07591,2009-07-06 15:00:00,27.7,,-1.1,35,10.9,,18.52,35.188,,220,,,0,0,,,,,,0,og-post,,,,AAXX 06154 07591 24/// /2210 10277 20109 39098 48475 56011 700// 333 60007 90710 91119 555 60005=
07591,2009-07-06 16:00:00,27.2,,-0.7,35,10.4,,22.224,38.892,,240,,,0,,,,,,,0,og-post,,,,AAXX 06164 07591 24/// /2412 10272 20104 39097 48473 56007 700// 333 60005 90710 91121=
07591,2009-07-06 17:00:00,26,,-0.5,39,11,,22.224,35.188,,230,,,0,,,,,,,0,og-post,,,,AAXX 06174 07591 24/// /2312 10260 20110 39097 48471 56005 700// 333 60005 90710 91119=
07591,2009-07-06 18:00:00,23.5,,0.7,44,10.5,,22.224,38.892,,220,14.8,28.2,0,0,,,,,,0,og-post,,,,AAXX 06184 07591 04/// /2212 10235 20105 39105 48474 53007 60002 700// 333 10282 20148 60007 90710 91121 555 60005=
07591,2009-07-06 19:00:00,21.8,,1.4,46,9.7,,14.816,35.188,,230,,,0,,,,,,,0,og-post,,,,AAXX 06194 07591 24/// /2308 10218 20097 39111 48476 53014 700// 333 60005 90710 91119=
07591,2009-07-06 20:00:00,20.2,,2.2,48,8.8,,11.112,31.484,,200,,,0,,,,,,,0,og-post,,,,AAXX 06204 07591 24/// /2006 10202 20088 39119 48480 52022 700// 333 60005 90710 91117=
07591,2009-07-06 21:00:00,18,,1.9,57,9.4,,3.704,18.52,,210,,,0,0,,,,,,0,og-post,,,,AAXX 06214 07591 24/// /2102 10180 20094 39124 48480 51019 700// 333 60007 90710 91110 555 60005=
07591,2009-07-06 22:00:00,17.5,,1.4,59,9.4,,7.408,11.112,,230,,,0,,,,,,,0,og-post,,,,AAXX 06224 07591 24/// /2304 10175 20094 39125 48480 51014 700// 333 60005 90710 91106=
07591,2009-07-06 23:00:00,16,,1,65,9.4,,3.704,11.112,,280,,,0,,,,,,,0,og-post,,,,AAXX 06234 07591 24/// /2802 10160 20094 39129 48480 51010 700// 333 60005 90710 91106=
07591,2009-07-07 00:00:00,14.5,,0.5,72,9.5,,,7.408,,,,,0,0,,,,,,0,og-post,,,,AAXX 07004 07591 04/// /0000 10145 20095 39129 48477 51005 60001 700// 333 60007 90710 91104 555 60005=
07591,2009-07-07 01:00:00,13.7,,0.1,74,9.2,,,7.408,,,,,0,,,,,,,0,og-post,,,,AAXX 07014 07591 24/// /0000 10137 20092 39126 48473 50001 700// 333 60005 90710 91104=
07591,2009-07-07 02:00:00,12.6,,-0.2,78,8.9,,3.704,7.408,,350,,,0,,,,,,,0,og-post,,,,AAXX 07024 07591 24/// /3502 10126 20089 39127 48471 55002 700// 333 60005 90710 91104=
07591,2009-07-07 03:00:00,11.5,,0.1,82,8.5,,3.704,7.408,,90,,,0,0,,,,,,0,og-post,,,,AAXX 07034 07591 24/// /0902 10115 20085 39130 48472 53001 700// 333 60007 90710 91104 555 60005=
07591,2009-07-07 04:00:00,11.1,,0.3,83,8.3,,7.408,11.112,,70,,,0,,,,,,,0,og-post,,,,AAXX 07044 07591 24/// /0704 10111 20083 39129 48470 50003 700// 333 60005 90710 91106=
07591,2009-07-07 05:00:00,11,,0.4,84,8.4,,3.704,7.408,,300,,,0,,,,,,,0,og-post,,,,AAXX 07054 07591 24/// /3002 10110 20084 39131 48472 51004 700// 333 60005 90710 91104=
07591,2009-07-07 06:00:00,13.7,,0.4,73,9,,3.704,7.408,,210,10.7,23.5,0,0,,,0,12.6,7,0,og-post,,,,AAXX 07064 07591 04/// /2102 10137 20090 39134 48480 53004 60002 700// 333 10235 20107 3/007 55126 60007 70000 90710 91104 555 60005=
07591,2009-07-07 07:00:00,16.2,,0.2,69,10.5,,7.408,11.112,,180,,,0,,,,,,,0,og-post,,,,AAXX 07074 07591 24/// /1804 10162 20105 39131 48483 50002 700// 333 60005 90710 91106=
07591,2009-07-07 08:00:00,19.3,,-0.6,59,11.1,,14.816,22.224,,210,,,0,,,,,,,0,og-post,,,,AAXX 07084 07591 24/// /2108 10193 20111 39125 48484 58006 700// 333 60005 90710 91112=
07591,2009-07-07 09:00:00,21.4,,-1.3,46,9.3,,18.52,31.484,,220,,,0,0,,,,,,0,og-post,,,,AAXX 07094 07591 24/// /2210 10214 20093 39121 48484 58013 700// 333 60007 90710 91117 555 60005=
07591,2009-07-07 10:00:00,22.8,,-1,38,7.8,,22.224,42.596,,220,,,0,,,,,,,0,og-post,,,,AAXX 07104 07591 24/// /2212 10228 20078 39121 48487 56010 700// 333 60005 90710 91123=
07591,2009-07-07 11:00:00,23.9,,-0.8,36,7.9,,25.928,42.596,,220,,,0,,,,,,,0,og-post,,,,AAXX 07114 07591 24/// /2214 10239 20079 39117 48485 57008 700// 333 60005 90710 91123=
07591,2009-07-07 12:00:00,24.3,,-0.8,36,8.3,,22.224,42.596,,220,,,0,0,,,,,,0,og-post,,,,AAXX 07124 07591 04/// /2212 10243 20083 39113 48482 58008 60001 700// 333 60007 90710 91123 555 60005=
07591,2009-07-07 13:00:00,24.7,,-1.1,35,8.2,,18.52,38.892,,220,,,0,,,,,,,0,og-post,,,,AAXX 07134 07591 24/// /2210 10247 20082 39110 48480 56011 700// 333 60005 90710 91121=
07591,2009-07-07 14:00:00,24.7,,-0.7,32,6.9,,22.224,38.892,,230,,,0,,,,,,,0,og-post,,,,AAXX 07144 07591 24/// /2312 10247 20069 39110 48480 56007 700// 333 60005 90710 91121=
07591,2009-07-07 15:00:00,24,,-0.4,32,6.3,,22.224,42.596,,230,,,0,0,,,,,,0,og-post,,,,AAXX 07154 07591 24/// /2312 10240 20063 39109 48478 56004 700// 333 60007 90710 91123 555 60005=
07591,2009-07-07 16:00:00,23.6,,0.1,30,5,,22.224,46.3,,230,,,0,,,,,,,0,og-post,,,,AAXX 07164 07591 24/// /2312 10236 20050 39111 48479 53001 700// 333 60005 90710 91125=
07591,2009-07-07 17:00:00,21.8,,0.2,32,4.4,,22.224,42.596,,260,,,0,,,,,,,0,og-post,,,,AAXX 07174 07591 24/// /2612 10218 20044 39112 48476 53002 700// 333 60005 90710 91123=
07591,2009-07-07 18:00:00,20.5,,0.7,37,5.3,,18.52,35.188,,250,13.7,25.2,0,0,,,,,,0,og-post,,,,AAXX 07184 07591 04/// /2510 10205 20053 39116 48477 53007 60002 700// 333 10252 20137 60007 90710 91119 555 60005=
07591,2009-07-07 19:00:00,19.4,,0.9,41,5.8,,11.112,29.632,,240,,,0,,,,,,,0,og-post,,,,AAXX 07194 07591 24/// /2406 10194 20058 39120 48479 53009 700// 333 60005 90710 91116=
07591,2009-07-07 20:00:00,18.4,,1.4,45,6.3,,14.816,25.928,,220,,,0,,,,,,,0,og-post,,,,AAXX 07204 07591 24/// /2208 10184 20063 39126 48482 53014 700// 333 60005 90710 91114=
07591,2009-07-07 21:00:00,17.3,,1.3,52,7.4,,18.52,31.484,,220,,,0,0,,,,,,0,og-post,,,,AAXX 07214 07591 24/// /2210 10173 20074 39129 48483 51013 700// 333 60007 90710 91117 555 60005=
07591,2009-07-07 22:00:00,15.7,,1.2,56,7,,11.112,29.632,,200,,,0,,,,,,,0,og-post,,,,AAXX 07224 07591 24/// /2006 10157 20070 39132 48482 51012 700// 333 60005 90710 91116=
07591,2009-07-07 23:00:00,14.9,,0.5,54,5.7,,7.408,18.52,,250,,,0,,,,,,,0,og-post,,,,AAXX 07234 07591 24/// /2504 10149 20057 39131 48479 50005 700// 333 60005 90710 91110=
07591,2009-07-08 00:00:00,14.6,,0.6,56,5.9,,7.408,25.928,,220,,,0,0,,,,,,0,og-post,,,,AAXX 08004 07591 04/// /2204 10146 20059 39135 48482 53006 60001 700// 333 60007 90710 91114 555 60005=
07591,2009-07-08 01:00:00,12.9,,0.4,65,6.5,,3.704,18.52,,200,,,0,,,,,,,0,og-post,,,,AAXX 08014 07591 24/// /2002 10129 20065 39136 48480 53004 700// 333 60005 90710 91110=
07591,2009-07-08 02:00:00,11.1,,0.4,72,6.2,,3.704,7.408,,350,,,0,,,,,,,0,og-post,,,,AAXX 08024 07591 24/// /3502 10111 20062 39135 48475 50004 700// 333 60005 90710 91104=
07591,2009-07-08 03:00:00,10.2,,0.2,74,5.8,,3.704,7.408,,10,,,0,0,,,,,,0,og-post,,,,AAXX 08034 07591 24/// /0102 10102 20058 39137 48475 53002 700// 333 60007 90710 91104 555 60005=
07591,2009-07-08 04:00:00,9.1,,0.2,79,5.7,,3.704,7.408,,20,,,0,,,,,,,0,og-post,,,,AAXX 08044 07591 24/// /0202 10091 20057 39138 48473 53002 700// 333 60005 90710 91104=
07591,2009-07-08 05:00:00,8.9,,0.5,80,5.6,,3.704,14.816,,20,,,0,,,,,,,0,og-post,,,,AAXX 08054 07591 24/// /0202 10089 20056 39140 48475 52005 700// 333 60005 90710 91108=
07591,2009-07-08 06:00:00,11.7,,0.4,68,6,,7.408,11.112,,70,8.6,20.5,0,0,,,0,10,5,0,og-post,,,,AAXX 08064 07591 04/// /0704 10117 20060 39141 48482 52004 60002 700// 333 10205 20086 3/005 55100 60007 70000 90710 91106 555 60005=
07591,2009-07-08 07:00:00,14.9,,0.2,56,6.2,,7.408,14.816,,100,,,0,,,,,,,0,og-post,,,,AAXX 08074 07591 24/// /1004 10149 20062 39140 48488 50002 700// 333 60005 90710 91108=
07591,2009-07-08 08:00:00,16.9,,0,53,7.3,,7.408,14.816,,190,,,0,,,,,,,0,og-post,,,,AAXX 08084 07591 24/// /1904 10169 20073 39140 48492 50000 700// 333 60005 90710 91108=
07591,2009-07-08 09:00:00,18.8,,-0.2,44,6.3,,11.112,18.52,,210,,,0,0,,,,,,0,og-post,,,,AAXX 08094 07591 24/// /2106 10188 20063 39139 48495 57002 700// 333 60007 90710 91110 555 60005=
07591,2009-07-08 10:00:00,20.6,,-0.2,35,4.6,,11.112,25.928,,200,,,0,,,,,,,0,og-post,,,,AAXX 08104 07591 24/// /2006 10206 20046 39138 48498 58002 700// 333 60005 90710 91114=
07591,2009-07-08 11:00:00,20.2,,-0.3,36,4.7,,18.52,29.632,,210,,,0,,,,,,,0,og-post,,,,AAXX 08114 07591 24/// /2110 10202 20047 39137 48496 57003 700// 333 60005 90710 91116=
07591,2009-07-08 12:00:00,22,,-0.4,32,4.6,,22.224,35.188,,220,,,0,0,,,,,,0,og-post,,,,AAXX 08124 07591 04/// /2212 10220 20046 39135 48498 58004 60001 700// 333 60007 90710 91119 555 60005=
07591,2009-07-08 13:00:00,22.5,,-0.4,32,5,,22.224,35.188,,220,,,0,,,,,,,0,og-post,,,,AAXX 08134 07591 24/// /2212 10225 20050 39134 48498 57004 700// 333 60005 90710 91119=
07591,2009-07-08 14:00:00,23.1,,-0.5,32,5.5,,22.224,46.3,,220,,,0,,,,,,,0,og-post,,,,AAXX 08144 07591 24/// /2212 10231 20055 39132 48497 57005 700// 333 60005 90710 91125=
07591,2009-07-08 15:00:00,23.4,,-0.4,32,5.8,,22.224,42.596,,230,,,0,0,,,,,,0,og-post,,,,AAXX 08154 07591 24/// /2312 10234 20058 39131 48497 57004 700// 333 60007 90710 91123 555 60005=
07591,2009-07-08 16:00:00,23.2,,-0.3,31,5.1,,18.52,38.892,,230,,,0,,,,,,,0,og-post,,,,AAXX 08164 07591 24/// /2310 10232 20051 39131 48497 56003 700// 333 60005 90710 91121=
07591,2009-07-08 17:00:00,21.9,,-0,33,4.9,,22.224,38.892,,230,,,0,,,,,,,0,og-post,,,,AAXX 08174 07591 24/// /2312 10219 20049 39132 48495 55000 700// 333 60005 90710 91121=
07591,2009-07-08 18:00:00,19.9,,0.4,37,4.8,,22.224,35.188,,230,11.8,23.7,0,0,,,,,,0,og-post,,,,AAXX 08184 07591 04/// /2312 10199 20048 39135 48493 53004 60002 700// 333 10237 20118 60007 90710 91119 555 60005=
07591,2009-07-08 19:00:00,18,,1,43,5.2,,14.816,35.188,,240,,,0,,,,,,,0,og-post,,,,AAXX 08194 07591 24/// /2408 10180 20052 39141 48495 53010 700// 333 60005 90710 91119=
07591,2009-07-08 20:00:00,15.6,,1.6,50,5.2,,7.408,25.928,,170,,,0,,,,,,,0,og-post,,,,AAXX 08204 07591 24/// /1704 10156 20052 39148 48496 53016 700// 333 60005 90710 91114=
07591,2009-07-08 21:00:00,13.7,,2.1,58,5.6,,3.704,11.112,,350,,,0,0,,,,,,0,og-post,,,,AAXX 08214 07591 24/// /3502 10137 20056 39156 48500 53021 700// 333 60007 90710 91106 555 60005=
07591,2009-07-08 22:00:00,12.4,,2,65,6,,3.704,7.408,,360,,,0,,,,,,,0,og-post,,,,AAXX 08224 07591 24/// /3602 10124 20060 39161 48501 51020 700// 333 60005 90710 91104=
07591,2009-07-08 23:00:00,11.6,,1.3,67,5.7,,3.704,7.408,,30,,,0,,,,,,,0,og-post,,,,AAXX 08234 07591 24/// /0302 10116 20057 39161 48499 51013 700// 333 60005 90710 91104=
07591,2009-07-09 00:00:00,10.3,,0.3,74,5.9,,3.704,11.112,,360,,,0,0,,,,,,0,og-post,,,,AAXX 09004 07591 04/// /3602 10103 20059 39159 48495 50003 60001 700// 333 60007 90710 91106 555 60005=
07591,2009-07-09 01:00:00,9.6,,-0.3,77,5.8,,3.704,7.408,,330,,,0,,,,,,,0,og-post,,,,AAXX 09014 07591 24/// /3302 10096 20058 39158 48492 58003 700// 333 60005 90710 91104=
07591,2009-07-09 02:00:00,9.2,,-0.2,77,5.4,,3.704,7.408,,350,,,0,,,,,,,0,og-post,,,,AAXX 09024 07591 24/// /3502 10092 20054 39159 48492 55002 700// 333 60005 90710 91104=
07591,2009-07-09 03:00:00,9,,-0.2,75,4.8,,3.704,7.408,,10,,,0,0,,,,,,0,og-post,,,,AAXX 09034 07591 24/// /0102 10090 20048 39157 48490 58002 700// 333 60007 90710 91104 555 60005=
07591,2009-07-09 04:00:00,8.8,,0.1,74,4.4,,3.704,7.408,,40,,,0,,,,,,,0,og-post,,,,AAXX 09044 07591 24/// /0402 10088 20044 39159 48491 53001 700// 333 60005 90710 91104=
07591,2009-07-09 05:00:00,9.4,,-0,66,3.4,,7.408,11.112,,50,,,0,,,,,,,0,og-post,,,,AAXX 09054 07591 24/// /0504 10094 20034 39159 48493 55000 700// 333 60005 90710 91106=
07591,2009-07-09 06:00:00,13,,0.3,53,3.7,,7.408,18.52,,60,8.8,19.9,0,0,,,0,12.1,4,0,og-post,,,,AAXX 09064 07591 04/// /0604 10130 20037 39160 48501 51003 60002 700// 333 10199 20088 3/004 55121 60007 70000 90710 91110 555 60005=
07591,2009-07-09 07:00:00,15.5,,0.2,49,4.8,,3.704,14.816,,150,,,0,,,,,,,0,og-post,,,,AAXX 09074 07591 24/// /1502 10155 20048 39161 48508 53002 700// 333 60005 90710 91108=
07591,2009-07-09 08:00:00,17.5,,-0.1,43,4.8,,7.408,14.816,,170,,,0,,,,,,,0,og-post,,,,AAXX 09084 07591 24/// /1704 10175 20048 39158 48509 58001 700// 333 60005 90710 91108=
07591,2009-07-09 09:00:00,19.2,,-0.5,40,5.3,,11.112,18.52,,200,,,0,0,,,,,,0,og-post,,,,AAXX 09094 07591 24/// /2006 10192 20053 39155 48510 58005 700// 333 60007 90710 91110 555 60005=
07591,2009-07-09 10:00:00,20.4,,-0.7,37,5.2,,18.52,29.632,,210,,,0,,,,,,,0,og-post,,,,AAXX 09104 07591 24/// /2110 10204 20052 39154 48512 56007 700// 333 60005 90710 91116=
07591,2009-07-09 11:00:00,21.9,,-0.8,34,5.3,,22.224,35.188,,210,,,0,,,,,,,0,og-post,,,,AAXX 09114 07591 24/// /2112 10219 20053 39150 48512 58008 700// 333 60005 90710 91119=
07591,2009-07-09 12:00:00,23.3,,-1.1,28,3.8,,18.52,35.188,,220,,,0,0,,,,,,0,og-post,,,,AAXX 09124 07591 04/// /2210 10233 20038 39144 48509 58011 60001 700// 333 60007 90710 91119 555 60005=
07591,2009-07-09 13:00:00,24.4,,-1.4,29,5.2,,18.52,31.484,,240,,,0,,,,,,,0,og-post,,,,AAXX 09134 07591 24/// /2410 10244 20052 39140 48508 57014 700// 333 60005 90710 91117=
07591,2009-07-09 14:00:00,24,,-1.3,30,5.4,,22.224,38.892,,220,,,0,,,,,,,0,og-post,,,,AAXX 09144 07591 24/// /2212 10240 20054 39137 48504 56013 700// 333 60005 90710 91121=
07591,2009-07-09 15:00:00,24.7,,-1.1,28,5,,18.52,38.892,,240,,,0,0,,,,,,0,og-post,,,,AAXX 09154 07591 24/// /2410 10247 20050 39133 48502 57011 700// 333 60007 90710 91121 555 60005=
07591,2009-07-09 16:00:00,24.5,,-0.8,29,5.3,,22.224,38.892,,240,,,0,,,,,,,0,og-post,,,,AAXX 09164 07591 24/// /2412 10245 20053 39132 48500 56008 700// 333 60005 90710 91121=
07591,2009-07-09 17:00:00,23.2,,-0.7,30,4.7,,18.52,42.596,,220,,,0,,,,,,,0,og-post,,,,AAXX 09174 07591 24/// /2210 10232 20047 39130 48496 56007 700// 333 60005 90710 91123=
07591,2009-07-09 18:00:00,20.8,,0.1,36,5.2,,22.224,35.188,,220,13.1,24.9,0,0,,,,,,0,og-post,,,,AAXX 09184 07591 04/// /2212 10208 20052 39134 48494 53001 60002 700// 333 10249 20131 60007 90710 91119 555 60005=
07591,2009-07-09 19:00:00,18.6,,0.6,42,5.4,,14.816,38.892,,230,,,0,,,,,,,0,og-post,,,,AAXX 09194 07591 24/// /2308 10186 20054 39138 48493 53006 700// 333 60005 90710 91121=
07591,2009-07-09 20:00:00,17.3,,1.7,46,5.6,,11.112,29.632,,230,,,0,,,,,,,0,og-post,,,,AAXX 09204 07591 24/// /2306 10173 20056 39147 48499 53017 700// 333 60005 90710 91116=
07591,2009-07-09 21:00:00,14.9,,1.7,55,5.9,,3.704,22.224,,220,,,0,0,,,,,,0,og-post,,,,AAXX 09214 07591 24/// /2202 10149 20059 39151 48498 52017 700// 333 60007 90710 91112 555 60005=
07591,2009-07-09 22:00:00,13,,1.8,63,6.1,,3.704,11.112,,350,,,0,,,,,,,0,og-post,,,,AAXX 09224 07591 24/// /3502 10130 20061 39156 48498 51018 700// 333 60005 90710 91106=
07591,2009-07-09 23:00:00,11.9,,1.2,68,6.2,,3.704,7.408,,360,,,0,,,,,,,0,og-post,,,,AAXX 09234 07591 24/// /3602 10119 20062 39159 48498 51012 700// 333 60005 90710 91104=
07591,2009-07-10 00:00:00,11.3,,0.7,71,6.2,,3.704,7.408,,360,,,0,0,,,,,,0,og-post,,,,AAXX 10004 07591 04/// /3602 10113 20062 39158 48496 50007 60001 700// 333 60007 90710 91104 555 60005=
07591,2009-07-10 01:00:00,10.4,,0,75,6.2,,3.704,11.112,,10,,,0,,,,,,,0,og-post,,,,AAXX 10014 07591 24/// /0102 10104 20062 39156 48492 50000 700// 333 60005 90710 91106=
07591,2009-07-10 02:00:00,9.6,,-0.5,79,6.1,,3.704,7.408,,10,,,0,,,,,,,0,og-post,,,,AAXX 10024 07591 24/// /0102 10096 20061 39154 48489 58005 700// 333 60005 90710 91104=
07591,2009-07-10 03:00:00,8.8,,-0.3,82,5.9,,3.704,7.408,,50,,,0,0,,,,,,0,og-post,,,,AAXX 10034 07591 24/// /0502 10088 20059 39155 48488 55003 700// 333 60007 90710 91104 555 60005=
07591,2009-07-10 04:00:00,8.2,,0.1,84,5.7,,3.704,7.408,,30,,,0,,,,,,,0,og-post,,,,AAXX 10044 07591 24/// /0302 10082 20057 39157 48488 53001 700// 333 60005 90710 91104=
07591,2009-07-10 05:00:00,8.6,,0.2,81,5.5,,,11.112,,,,,0,,,,,,,0,og-post,,,,AAXX 10054 07591 24/// /0000 10086 20055 39156 48488 50002 700// 333 60005 90710 91106=
07591,2009-07-10 06:00:00,10.2,,0.4,78,6.5,,,7.408,,,8.2,20.8,0,0,,,0,12.4,5,0,og-post,,,,AAXX 10064 07591 04/// /0000 10102 20065 39159 48495 53004 60002 700// 333 10208 20082 3/005 55124 60007 70000 90710 91104 555 60005=
07591,2009-07-10 07:00:00,11.8,,0.1,71,6.7,,3.704,7.408,,180,,,0,,,,,,,0,og-post,,,,AAXX 10074 07591 24/// /1802 10118 20067 39158 48497 52001 700// 333 60005 90710 91104=
07591,2009-07-10 08:00:00,14.2,,0.1,60,6.6,,7.408,14.816,,210,,,0,,,,,,,0,og-post,,,,AAXX 10084 07591 24/// /2104 10142 20066 39157 48502 50001 700// 333 60005 90710 91108=
07591,2009-07-10 09:00:00,16.4,,-0.1,54,7.1,,7.408,14.816,,200,,,0,0,,,,,,0,og-post,,,,AAXX 10094 07591 24/// /2004 10164 20071 39158 48507 55001 700// 333 60007 90710 91108 555 60005=
07591,2009-07-10 10:00:00,17.7,,-0.2,49,6.9,,11.112,18.52,,200,,,0,,,,,,,0,og-post,,,,AAXX 10104 07591 24/// /2006 10177 20069 39156 48508 58002 700// 333 60005 90710 91110=
07591,2009-07-10 11:00:00,19.8,,-0.4,39,5.5,,18.52,31.484,,200,,,0,,,,,,,0,og-post,,,,AAXX 10114 07591 24/// /2010 10198 20055 39153 48510 58004 700// 333 60005 90710 91117=
07591,2009-07-10 12:00:00,21.1,,-0.8,36,5.5,,18.52,31.484,,210,,,0,0,,,,,,0,og-post,,,,AAXX 10124 07591 04/// /2110 10211 20055 39150 48510 58008 60001 700// 333 60007 90710 91117 555 60005=
07591,2009-07-10 13:00:00,22.5,,-1.3,33,5.4,,14.816,35.188,,220,,,0,,,,,,,0,og-post,,,,AAXX 10134 07591 24/// /2208 10225 20054 39143 48506 58013 700// 333 60005 90710 91119=
07591,2009-07-10 14:00:00,23,,-1.2,31,5,,22.224,38.892,,210,,,0,,,,,,,0,og-post,,,,AAXX 10144 07591 24/// /2112 10230 20050 39141 48506 56012 700// 333 60005 90710 91121=
07591,2009-07-10 15:00:00,21.8,,-1.2,33,4.8,,22.224,46.3,,210,,,0,0,,,,,,0,og-post,,,,AAXX 10154 07591 24/// /2112 10218 20048 39138 48500 56012 700// 333 60007 90710 91125 555 60005=
07591,2009-07-10 16:00:00,23,,-0.8,31,5,,22.224,38.892,,210,,,0,,,,,,,0,og-post,,,,AAXX 10164 07591 24/// /2112 10230 20050 39135 48500 58008 700// 333 60005 90710 91121=
07591,2009-07-10 17:00:00,21.7,,-0.2,33,4.7,,22.224,38.892,,220,,,0,,,,,,,0,og-post,,,,AAXX 10174 07591 24/// /2212 10217 20047 39139 48501 55002 700// 333 60005 90710 91121=
07591,2009-07-10 18:00:00,19.6,,0.7,38,4.9,,18.52,35.188,,220,10.3,23.6,0,0,,,,,,0,og-post,,,,AAXX 10184 07591 04/// /2210 10196 20049 39145 48502 53007 60002 700// 333 10236 20103 60007 90710 91119 555 60005=
07591,2009-07-10 19:00:00,17.8,,1.5,45,5.7,,11.112,29.632,,200,,,0,,,,,,,0,og-post,,,,AAXX 10194 07591 24/// /2006 10178 20057 39150 48503 53015 700// 333 60005 90710 91116=
07591,2009-07-10 20:00:00,15.5,,1.8,54,6.2,,3.704,22.224,,10,,,0,,,,,,,0,og-post,,,,AAXX 10204 07591 24/// /0102 10155 20062 39157 48504 53018 700// 333 60005 90710 91112=
07591,2009-07-10 21:00:00,13.7,,1.8,59,5.8,,3.704,11.112,,360,,,0,0,,,,,,0,og-post,,,,AAXX 10214 07591 24/// /3602 10137 20058 39163 48506 53018 700// 333 60007 90710 91106 555 60005=
07591,2009-07-10 22:00:00,12.2,,1.7,66,6,,3.704,11.112,,20,,,0,,,,,,,0,og-post,,,,AAXX 10224 07591 24/// /0202 10122 20060 39167 48506 51017 700// 333 60005 90710 91106=
07591,2009-07-10 23:00:00,10.9,,1.1,71,5.9,,3.704,7.408,,30,,,0,,,,,,,0,og-post,,,,AAXX 10234 07591 24/// /0302 10109 20059 39168 48504 51011 700// 333 60005 90710 91104=
07591,2009-07-11 00:00:00,10,,0.7,75,5.8,,3.704,7.408,,340,,,0,0,,,,,,0,og-post,,,,AAXX 11004 07591 04/// /3402 10100 20058 39170 48504 51007 60001 700// 333 60007 90710 91104 555 60005=
07591,2009-07-11 01:00:00,8.8,,0.7,81,5.7,,3.704,7.408,,30,,,0,,,,,,,0,og-post,,,,AAXX 11014 07591 24/// /0302 10088 20057 39174 48505 53007 700// 333 60005 90710 91104=
07591,2009-07-11 02:00:00,8.4,,0.6,79,5,,7.408,14.816,,50,,,0,,,,,,,0,og-post,,,,AAXX 11024 07591 24/// /0504 10084 20050 39174 48504 51006 700// 333 60005 90710 91108=
07591,2009-07-11 03:00:00,8.4,,0.1,74,4,,7.408,14.816,,70,,,0,0,,,,,,0,og-post,,,,AAXX 11034 07591 24/// /0704 10084 20040 39171 48501 50001 700// 333 60007 90710 91108 555 60005=
07591,2009-07-11 04:00:00,7.9,,-0.3,76,3.9,,3.704,11.112,,60,,,0,,,,,,,0,og-post,,,,AAXX 11044 07591 24/// /0602 10079 20039 39171 48500 57003 700// 333 60005 90710 91106=
07591,2009-07-11 05:00:00,8.8,,-0,71,3.8,,3.704,14.816,,130,,,0,,,,,,,0,og-post,,,,AAXX 11054 07591 24/// /1302 10088 20038 39174 48505 55000 700// 333 60005 90710 91108=
07591,2009-07-11 06:00:00,12.6,,0,54,3.5,,11.112,22.224,,40,7.8,19.6,0,0,,,0,8.6,4,0,og-post,,,,AAXX 11064 07591 04/// /0406 10126 20035 39171 48510 50000 60002 700// 333 10196 20078 3/004 55086 60007 70000 90710 91112 555 60005=
07591,2009-07-11 07:00:00,15,,0.1,48,4.1,,7.408,22.224,,150,,,0,,,,,,,0,og-post,,,,AAXX 11074 07591 24/// /1504 10150 20041 39172 48517 51001 700// 333 60005 90710 91112=
07591,2009-07-11 08:00:00,16.7,,-0.1,44,4.4,,7.408,14.816,,190,,,0,,,,,,,0,og-post,,,,AAXX 11084 07591 24/// /1904 10167 20044 39173 48521 55001 700// 333 60005 90710 91108=
07591,2009-07-11 09:00:00,18.9,,-0.1,41,5.4,,11.112,22.224,,200,,,0,0,,,,,,0,og-post,,,,AAXX 11094 07591 24/// /2006 10189 20054 39170 48524 58001 700// 333 60007 90710 91112 555 60005=
07591,2009-07-11 10:00:00,21.3,,-0.7,42,7.9,,14.816,31.484,,180,,,0,,,,,,,0,og-post,,,,AAXX 11104 07591 24/// /1808 10213 20079 39165 48525 58007 700// 333 60005 90710 91117=
07591,2009-07-11 11:00:00,23.1,,-0.9,36,7.2,,22.224,38.892,,220,,,0,,,,,,,0,og-post,,,,AAXX 11114 07591 24/// /2212 10231 20072 39164 48528 56009 700// 333 60005 90710 91121=
07591,2009-07-11 12:00:00,23.6,,-1.2,31,5.5,,22.224,38.892,,240,,,0,0,,,,,,0,og-post,,,,AAXX 11124 07591 04/// /2412 10236 20055 39158 48523 58012 60001 700// 333 60007 90710 91121 555 60005=
07591,2009-07-11 13:00:00,23.8,,-1,33,6.6,,22.224,38.892,,210,,,0,,,,,,,0,og-post,,,,AAXX 11134 07591 24/// /2112 10238 20066 39155 48521 58010 700// 333 60005 90710 91121=
07591,2009-07-11 14:00:00,24.6,,-1,35,8.1,,18.52,42.596,,210,,,0,,,,,,,0,og-post,,,,AAXX 11144 07591 24/// /2110 10246 20081 39154 48522 56010 700// 333 60005 90710 91123=
07591,2009-07-11 15:00:00,25.4,,-0.7,33,8,,18.52,35.188,,220,,,0,0,,,,,,0,og-post,,,,AAXX 11154 07591 24/// /2210 10254 20080 39151 48521 57007 700// 333 60007 90710 91119 555 60005=
07591,2009-07-11 16:00:00,25.4,,-0.5,32,7.5,,18.52,42.596,,230,,,0,,,,,,,0,og-post,,,,AAXX 11164 07591 24/// /2310 10254 20075 39150 48520 57005 700// 333 60005 90710 91123=
07591,2009-07-11 17:00:00,25,,-0.5,31,6.7,,14.816,35.188,,240,,,0,,,,,,,0,og-post,,,,AAXX 11174 07591 24/// /2408 10250 20067 39149 48518 56005 700// 333 60005 90710 91119=
07591,2009-07-11 18:00:00,23.3,,-0,39,8.6,,11.112,31.484,,220,12.6,25.6,0,0,,,,,,0,og-post,,,,AAXX 11184 07591 04/// /2206 10233 20086 39151 48516 55000 60002 700// 333 10256 20126 60007 90710 91117 555 60005=
07591,2009-07-11 19:00:00,21.2,,0.6,43,8.1,,7.408,22.224,,190,,,0,,,,,,,0,og-post,,,,AAXX 11194 07591 24/// /1904 10212 20081 39156 48516 53006 700// 333 60005 90710 91112=
07591,2009-07-11 20:00:00,19.6,,1.5,46,7.7,,3.704,11.112,,220,,,0,,,,,,,0,og-post,,,,AAXX 11204 07591 24/// /2202 10196 20077 39164 48520 53015 700// 333 60005 90710 91106=
07591,2009-07-11 21:00:00,17.2,,2,55,8.1,,3.704,7.408,,230,,,0,0,,,,,,0,og-post,,,,AAXX 11214 07591 24/// /2302 10172 20081 39171 48521 53020 700// 333 60007 90710 91104 555 60005=
07591,2009-07-11 22:00:00,16.2,,2,58,7.9,,3.704,7.408,,270,,,0,,,,,,,0,og-post,,,,AAXX 11224 07591 24/// /2702 10162 20079 39176 48524 51020 700// 333 60005 90710 91104=
07591,2009-07-11 23:00:00,15.8,,1.4,56,7,,3.704,11.112,,260,,,0,,,,,,,0,og-post,,,,AAXX 11234 07591 24/// /2602 10158 20070 39178 48524 51014 700// 333 60005 90710 91106=
07591,2009-07-12 00:00:00,14.5,,0.9,64,7.8,,3.704,7.408,,360,,,0,0,,,,,,0,og-post,,,,AAXX 12004 07591 04/// /3602 10145 20078 39180 48523 51009 60001 700// 333 60007 90710 91104 555 60005=
07591,2009-07-12 01:00:00,14.1,,0.2,63,7.2,,11.112,18.52,,40,,,0,,,,,,,0,og-post,,,,AAXX 12014 07591 24/// /0406 10141 20072 39178 48521 50002 700// 333 60005 90710 91110=
07591,2009-07-12 02:00:00,13.9,,-0.3,63,7,,7.408,18.52,,20,,,0,,,,,,,0,og-post,,,,AAXX 12024 07591 24/// /0204 10139 20070 39175 48517 58003 700// 333 60005 90710 91110=
07591,2009-07-12 03:00:00,12.7,,-0,70,7.4,,3.704,7.408,,10,,,0,0,,,,,,0,og-post,,,,AAXX 12034 07591 24/// /0102 10127 20074 39180 48519 55000 700// 333 60007 90710 91104 555 60005=
07591,2009-07-12 04:00:00,12.2,,-0,72,7.3,,11.112,14.816,,40,,,0,,,,,,,0,og-post,,,,AAXX 12044 07591 24/// /0406 10122 20073 39178 48516 55000 700// 333 60005 90710 91108=
07591,2009-07-12 05:00:00,12.4,,0.5,71,7.3,,7.408,14.816,,30,,,0,,,,,,,0,og-post,,,,AAXX 12054 07591 24/// /0304 10124 20073 39180 48519 51005 700// 333 60005 90710 91108=
07591,2009-07-12 06:00:00,14.7,,0.5,61,7.3,,,11.112,,,12.2,23.3,0,0,,,0,12,10,0,og-post,,,,AAXX 12064 07591 04/// /0000 10147 20073 39185 48528 53005 60002 700// 333 10233 20122 3/010 55120 60007 70000 90710 91106 555 60005=
07591,2009-07-12 07:00:00,17.9,,0.4,52,7.9,,7.408,11.112,,70,,,0,,,,,,,0,og-post,,,,AAXX 12074 07591 24/// /0704 10179 20079 39182 48533 50004 700// 333 60005 90710 91106=
07591,2009-07-12 08:00:00,19.6,,-0.2,46,7.7,,7.408,11.112,,220,,,0,,,,,,,0,og-post,,,,AAXX 12084 07591 24/// /2204 10196 20077 39178 48533 58002 700// 333 60005 90710 91106=
07591,2009-07-12 09:00:00,22.8,,-0.9,43,9.6,,7.408,14.816,,190,,,0,0,,,,,,0,og-post,,,,AAXX 12094 07591 24/// /1904 10228 20096 39176 48539 56009 700// 333 60007 90710 91108 555 60005=
07591,2009-07-12 10:00:00,25.4,,-1.1,35,8.8,,18.52,31.484,,230,,,0,,,,,,,0,og-post,,,,AAXX 12104 07591 24/// /2310 10254 20088 39171 48540 58011 700// 333 60005 90710 91117=
07591,2009-07-12 11:00:00,26.4,,-0.8,32,8.4,,18.52,35.188,,220,,,0,,,,,,,0,og-post,,,,AAXX 12114 07591 24/// /2210 10264 20084 39170 48541 56008 700// 333 60005 90710 91119=
07591,2009-07-12 12:00:00,27.9,,-1.1,30,8.7,,22.224,42.596,,230,,,0,0,,,,,,0,og-post,,,,AAXX 12124 07591 04/// /2312 10279 20087 39165 48540 57011 60001 700// 333 60007 90710 91123 555 60005=
07591,2009-07-12 13:00:00,28,,-0.6,31,9.3,,18.52,35.188,,240,,,0,,,,,,,0,og-post,,,,AAXX 12134 07591 24/// /2410 10280 20093 39165 48540 56006 700// 333 60005 90710 91119=
07591,2009-07-12 14:00:00,28.1,,-0.7,31,9.4,,14.816,35.188,,220,,,0,,,,,,,0,og-post,,,,AAXX 12144 07591 24/// /2208 10281 20094 39163 48538 56007 700// 333 60005 90710 91119=
07591,2009-07-12 15:00:00,28.4,,-0.2,31,9.6,,14.816,35.188,,200,,,0,0,,,,,,0,og-post,,,,AAXX 12154 07591 24/// /2008 10284 20096 39163 48539 57002 700// 333 60007 90710 91119 555 60005=
07591,2009-07-12 16:00:00,29.1,,-0.4,31,10.3,,14.816,25.928,,210,,,0,,,,,,,0,og-post,,,,AAXX 12164 07591 24/// /2108 10291 20103 39161 48539 57004 700// 333 60005 90710 91114=
07591,2009-07-12 17:00:00,27.9,,-0.5,32,9.7,,11.112,29.632,,250,,,0,,,,,,,0,og-post,,,,AAXX 12174 07591 24/// /2506 10279 20097 39158 48533 58005 700// 333 60005 90710 91116=
07591,2009-07-12 18:00:00,27.2,,-0.3,32,9.1,,11.112,29.632,,240,14.8,29.5,0,0,,,,,,0,og-post,,,,AAXX 12184 07591 04/// /2406 10272 20091 39160 48533 55003 60002 700// 333 10295 20148 60007 90710 91116 555 60005=
07591,2009-07-12 19:00:00,24.8,,0.2,38,9.5,,3.704,18.52,,130,,,0,,,,,,,0,og-post,,,,AAXX 12194 07591 24/// /1302 10248 20095 39163 48531 53002 700// 333 60005 90710 91110=
07591,2009-07-12 20:00:00,21.7,,1.1,47,9.9,,3.704,7.408,,340,,,0,,,,,,,0,og-post,,,,AAXX 12204 07591 24/// /3402 10217 20099 39169 48530 53011 700// 333 60005 90710 91104=
07591,2009-07-12 21:00:00,20.5,,1.5,51,10,,,7.408,,,,,0,0,,,,,,0,og-post,,,,AAXX 12214 07591 24/// /0000 10205 20100 39175 48533 53015 700// 333 60007 90710 91104 555 60005=
07591,2009-07-12 22:00:00,20.1,,1.3,52,9.9,,3.704,11.112,,230,,,0,,,,,,,0,og-post,,,,AAXX 12224 07591 24/// /2302 10201 20099 39176 48533 51013 700// 333 60005 90710 91106=
07591,2009-07-12 23:00:00,18.8,,1.1,57,10.1,,3.704,11.112,,230,,,0,,,,,,,0,og-post,,,,AAXX 12234 07591 24/// /2302 10188 20101 39180 48534 51011 700// 333 60005 90710 91106=
07591,2009-07-13 00:00:00,18,,0.7,62,10.6,,,7.408,,,,,0,0,,,,,,0,og-post,,,,AAXX 13004 07591 04/// /0000 10180 20106 39182 48534 53007 60001 700// 333 60007 90710 91104 555 60005=
07591,2009-07-13 01:00:00,16.6,,0.4,68,10.7,,3.704,3.704,,80,,,0,,,,,,,0,og-post,,,,AAXX 13014 07591 24/// /0802 10166 20107 39180 48529 50004 700// 333 60005 90710 91102=
07591,2009-07-13 02:00:00,15.4,,-0.1,75,11,,,7.408,,,,,0,,,,,,,0,og-post,,,,AAXX 13024 07591 24/// /0000 10154 20110 39179 48525 58001 700// 333 60005 90710 91104=
07591,2009-07-13 03:00:00,14.7,,-0,77,10.7,,3.704,7.408,,360,,,0,0,,,,,,0,og-post,,,,AAXX 13034 07591 24/// /3602 10147 20107 39182 48526 55000 700// 333 60007 90710 91104 555 60005=
07591,2009-07-13 04:00:00,14.6,,0.1,74,10,,14.816,18.52,,40,,,0,,,,,,,0,og-post,,,,AAXX 13044 07591 24/// /0408 10146 20100 39181 48525 52001 700// 333 60005 90710 91110=
07591,2009-07-13 05:00:00,14.8,,0.3,72,9.8,,14.816,22.224,,40,,,0,,,,,,,0,og-post,,,,AAXX 13054 07591 24/// /0408 10148 20098 39182 48526 51003 700// 333 60005 90710 91112=
07591,2009-07-13 06:00:00,17.6,,-0.2,62,10.2,,18.52,25.928,,50,14.4,27.1,0,0,,,0,9.8,12,0,og-post,,,,AAXX 13064 07591 04/// /0510 10176 20102 39180 48531 58002 60002 700// 333 10271 20144 3/012 55098 60007 70000 90710 91114 555 60005=
07591,2009-07-13 07:00:00,20.5,,-0,52,10.3,,14.816,25.928,,30,,,0,,,,,,,0,og-post,,,,AAXX 13074 07591 24/// /0308 10205 20103 39181 48538 54000 700// 333 60005 90710 91114=
07591,2009-07-13 08:00:00,23.2,,-0.1,46,10.9,,7.408,22.224,,80,,,0,,,,,,,0,og-post,,,,AAXX 13084 07591 24/// /0804 10232 20109 39181 48545 56001 700// 333 60005 90710 91112=
07591,2009-07-13 09:00:00,24.3,,-0.2,44,11.3,,11.112,18.52,,210,,,0,0,,,,,,0,og-post,,,,AAXX 13094 07591 24/// /2106 10243 20113 39178 48544 58002 700// 333 60007 90710 91110 555 60005=
07591,2009-07-13 10:00:00,27.1,,-0.5,39,12,,11.112,22.224,,210,,,0,,,,,,,0,og-post,,,,AAXX 13104 07591 24/// /2106 10271 20120 39176 48549 58005 700// 333 60005 90710 91112=
07591,2009-07-13 11:00:00,28.8,,-1.1,36,12.2,,18.52,31.484,,220,,,0,,,,,,,0,og-post,,,,AAXX 13114 07591 24/// /2210 10288 20122 39170 48547 58011 700// 333 60005 90710 91117=
07591,2009-07-13 12:00:00,30.7,,-1,29,10.6,,18.52,31.484,,250,,,0,0,,,,,,0,og-post,,,,AAXX 13124 07591 04/// /2510 10307 20106 39168 48549 57010 60001 700// 333 60007 90710 91117 555 60005=
07591,2009-07-13 13:00:00,31.2,,-1.2,32,12.5,,14.816,35.188,,230,,,0,,,,,,,0,og-post,,,,AAXX 13134 07591 24/// /2308 10312 20125 39164 48547 56012 700// 333 60005 90710 91119=
07591,2009-07-13 14:00:00,31.9,,-0.9,28,11.1,,18.52,35.188,,260,,,0,,,,,,,0,og-post,,,,AAXX 13144 07591 24/// /2610 10319 20111 39161 48545 58009 700// 333 60005 90710 91119=
07591,2009-07-13 15:00:00,30.9,,-0.8,29,10.8,,18.52,42.596,,240,,,0,0,,,,,,0,og-post,,,,AAXX 13154 07591 24/// /2410 10309 20108 39160 48542 56008 700// 333 60007 90710 91123 555 60005=
07591,2009-07-13 16:00:00,29.6,,-0.2,33,11.6,,18.52,31.484,,230,,,0,,,,,,,0,og-post,,,,AAXX 13164 07591 24/// /2310 10296 20116 39162 48541 55002 700// 333 60005 90710 91117=
07591,2009-07-13 17:00:00,28.4,,0.1,36,11.9,,14.816,35.188,,260,,,0,,,,,,,0,og-post,,,,AAXX 13174 07591 24/// /2608 10284 20119 39162 48538 53001 700// 333 60005 90710 91119=
07591,2009-07-13 18:00:00,26.9,,0.4,41,12.5,,11.112,29.632,,270,17.7,32.1,0,0,,,,,,0,og-post,,,,AAXX 13184 07591 04/// /2706 10269 20125 39164 48537 52004 60002 700// 333 10321 20177 60007 90710 91116 555 60005=
07591,2009-07-13 19:00:00,24.9,,0.5,48,13.1,,3.704,14.816,,170,,,0,,,,,,,0,og-post,,,,AAXX 13194 07591 24/// /1702 10249 20131 39167 48536 53005 700// 333 60005 90710 91108=
07591,2009-07-13 20:00:00,23.4,,1.2,54,13.6,,3.704,7.408,,210,,,0,,,,,,,0,og-post,,,,AAXX 13204 07591 24/// /2102 10234 20136 39174 48539 53012 700// 333 60005 90710 91104=
07591,2009-07-13 21:00:00,22.3,,1.5,56,13.1,,3.704,7.408,,250,,,0,0,,,,,,0,og-post,,,,AAXX 13214 07591 24/// /2502 10223 20131 39179 48541 53015 700// 333 60007 90710 91104 555 60005=
07591,2009-07-13 22:00:00,20.8,,1.3,63,13.5,,3.704,11.112,,160,,,0,,,,,,,0,og-post,,,,AAXX 13224 07591 24/// /1602 10208 20135 39180 48539 51013 700// 333 60005 90710 91106=
07591,2009-07-13 23:00:00,19.6,,0.5,67,13.3,,3.704,7.408,,350,,,0,,,,,,,0,og-post,,,,AAXX 13234 07591 24/// /3502 10196 20133 39179 48535 50005 700// 333 60005 90710 91104=
07591,2009-07-14 00:00:00,18.4,,-0.2,74,13.7,,3.704,7.408,,10,,,0,0,,,,,,0,og-post,,,,AAXX 14004 07591 04/// /0102 10184 20137 39177 48531 58002 60001 700// 333 60007 90710 91104 555 60005=
07591,2009-07-14 01:00:00,17.3,,-0.3,78,13.4,,,7.408,,,,,0,,,,,,,0,og-post,,,,AAXX 14014 07591 24/// /0000 10173 20134 39177 48528 56003 700// 333 60005 90710 91104=
07591,2009-07-14 02:00:00,16.5,,-0.1,79,12.8,,3.704,7.408,,30,,,0,,,,,,,0,og-post,,,,AAXX 14024 07591 24/// /0302 10165 20128 39178 48527 55001 700// 333 60005 90710 91104=
07591,2009-07-14 03:00:00,16.2,,0.4,78,12.4,,3.704,11.112,,50,,,0,0,,,,,,0,og-post,,,,AAXX 14034 07591 24/// /0502 10162 20124 39181 48529 53004 700// 333 60007 90710 91106 555 60005=
07591,2009-07-14 04:00:00,16.3,,0.3,76,12.1,,7.408,14.816,,20,,,0,,,,,,,0,og-post,,,,AAXX 14044 07591 24/// /0204 10163 20121 39180 48528 50003 700// 333 60005 90710 91108=
07591,2009-07-14 05:00:00,17.6,,0.2,69,11.8,,14.816,22.224,,30,,,0,,,,,,,0,og-post,,,,AAXX 14054 07591 24/// /0308 10176 20118 39180 48531 51002 700// 333 60005 90710 91112=
07591,2009-07-14 06:00:00,18.6,,-0.3,67,12.4,,11.112,25.928,,60,16,26.9,0,0,,,0,10.8,13,0,og-post,,,,AAXX 14064 07591 04/// /0606 10186 20124 39178 48532 58003 60002 700// 333 10269 20160 3/013 55108 60007 70000 90710 91114 555 60005=
07591,2009-07-14 07:00:00,22,,-0.3,56,12.8,,11.112,22.224,,50,,,0,,,,,,,0,og-post,,,,AAXX 14074 07591 24/// /0506 10220 20128 39177 48539 58003 700// 333 60005 90710 91112=
07591,2009-07-14 08:00:00,24.4,,-0.8,44,11.4,,7.408,18.52,,80,,,0,,,,,,,0,og-post,,,,AAXX 14084 07591 24/// /0804 10244 20114 39172 48539 58008 700// 333 60005 90710 91110=
07591,2009-07-14 09:00:00,26.4,,-1.1,42,12.5,,7.408,14.816,,220,,,0,0,,,,,,0,og-post,,,,AAXX 14094 07591 24/// /2204 10264 20125 39167 48539 58011 700// 333 60007 90710 91108 555 60005=
07591,2009-07-14 10:00:00,29,,-1.4,33,11.1,,7.408,14.816,,170,,,0,,,,,,,0,og-post,,,,AAXX 14104 07591 24/// /1704 10290 20111 39163 48541 56014 700// 333 60005 90710 91108=
07591,2009-07-14 11:00:00,30.9,,-1.3,25,8.6,,18.52,31.484,,220,,,0,,,,,,,0,og-post,,,,AAXX 14114 07591 24/// /2210 10309 20086 39159 48540 56013 700// 333 60005 90710 91117=
07591,2009-07-14 12:00:00,31.5,,-1.2,22,7.2,,18.52,35.188,,270,,,0,0,,,,,,0,og-post,,,,AAXX 14124 07591 04/// /2710 10315 20072 39155 48537 57012 60001 700// 333 60007 90710 91119 555 60005=
07591,2009-07-14 13:00:00,32.5,,-1.1,21,7.4,,18.52,38.892,,280,,,0,,,,,,,0,og-post,,,,AAXX 14134 07591 24/// /2810 10325 20074 39152 48537 56011 700// 333 60005 90710 91121=
07591,2009-07-14 14:00:00,32.3,,-1,24,9.2,,25.928,50.004,,270,,,0,,,,,,,0,og-post,,,,AAXX 14144 07591 24/// /2714 10323 20092 39149 48534 56010 700// 333 60005 90710 91127=
07591,2009-07-14 15:00:00,31.6,,-0.5,28,10.9,,22.224,46.3,,270,,,0,0,,,,,,0,og-post,,,,AAXX 14154 07591 24/// /2712 10316 20109 39150 48534 55005 700// 333 60007 90710 91125 555 60005=
07591,2009-07-14 16:00:00,32.2,,-0.2,27,10.8,,18.52,42.596,,260,,,0,,,,,,,0,og-post,,,,AAXX 14164 07591 24/// /2610 10322 20108 39150 48535 56002 700// 333 60005 90710 91123=
07591,2009-07-14 17:00:00,31.4,,0,29,11.2,,14.816,46.3,,260,,,0,,,,,,,0,og-post,,,,AAXX 14174 07591 24/// /2608 10314 20112 39149 48532 50000 700// 333 60005 90710 91125=
07591,2009-07-14 18:00:00,29.4,,0.1,33,11.5,,14.816,35.188,,270,18.6,33.2,0,0,,,,,,0,og-post,,,,AAXX 14184 07591 04/// /2708 10294 20115 39151 48530 53001 60002 700// 333 10332 20186 60007 90710 91119 555 60005=
07591,2009-07-14 19:00:00,26.5,,0.8,45,13.6,,7.408,25.928,,180,,,0,,,,,,,0,og-post,,,,AAXX 14194 07591 24/// /1804 10265 20136 39158 48531 53008 700// 333 60005 90710 91114=
07591,2009-07-14 20:00:00,24.8,,1.7,46,12.4,,3.704,18.52,,190,,,0,,,,,,,0,og-post,,,,AAXX 14204 07591 24/// /1902 10248 20124 39166 48534 53017 700// 333 60005 90710 91110=
07591,2009-07-14 21:00:00,23.2,,1.9,52,12.8,,7.408,11.112,,360,,,0,0,,,,,,0,og-post,,,,AAXX 14214 07591 24/// /3604 10232 20128 39170 48535 51019 700// 333 60007 90710 91106 555 60005=
07591,2009-07-14 22:00:00,21.4,,1.3,57,12.5,,3.704,11.112,,20,,,0,,,,,,,0,og-post,,,,AAXX 14224 07591 24/// /0202 10214 20125 39171 48532 51013 700// 333 60005 90710 91106=
07591,2009-07-14 23:00:00,20.7,,1.4,58,12.1,,3.704,11.112,,210,,,0,,,,,,,0,og-post,,,,AAXX 14234 07591 24/// /2102 10207 20121 39180 48538 53014 700// 333 60005 90710 91106=
07591,2009-07-15 00:00:00,20.8,,1.6,56,11.7,,3.704,7.408,,240,,,0,0,,,,,,0,og-post,,,,AAXX 15004 07591 04/// /2402 10208 20117 39186 48544 53016 60001 700// 333 60007 90710 91104 555 60005=
07591,2009-07-15 01:00:00,20.1,,1,62,12.6,,11.112,22.224,,50,,,0,,,,,,,0,og-post,,,,AAXX 15014 07591 24/// /0506 10201 20126 39181 48538 50010 700// 333 60005 90710 91112=
07591,2009-07-15 02:00:00,18.6,,0.4,78,14.7,,11.112,29.632,,340,,,0.4,,,,,,,21,og-post,,,,AAXX 15024 07591 24/// /3406 10186 20147 39184 48538 51004 721// 333 69945 90710 91116=
07591,2009-07-15 03:00:00,18.9,,0.1,76,14.6,,7.408,18.52,,300,,,0,0.4,,,,,,0,og-post,,,,AAXX 15034 07591 24/// /3004 10189 20146 39187 48541 53001 700// 333 69947 90710 91110 555 60005=
07591,2009-07-15 04:00:00,18.5,,0.5,80,15,,14.816,25.928,,10,,,0,,,,,,,21,og-post,,,,AAXX 15044 07591 24/// /0108 10185 20150 39186 48540 50005 721// 333 60005 90710 91114=
07591,2009-07-15 05:00:00,19.6,,0.1,71,14.2,,14.816,38.892,,30,,,0,,,,,,,0,og-post,,,,AAXX 15054 07591 24/// /0308 10196 20142 39185 48541 50001 700// 333 60005 90710 91121=
07591,2009-07-15 06:00:00,20.4,,0.9,66,13.8,,14.816,38.892,,360,18.1,29.4,0,0,,0.4,0.4,11.8,16,0,og-post,,,,AAXX 15064 07591 04/// /3608 10204 20138 39196 48553 53009 69942 700// 333 10294 20181 3/016 55118 60007 70004 90710 91121 555 60005=
07591,2009-07-15 07:00:00,19.6,,1.9,77,15.5,,7.408,22.224,,300,,,0,,,,,,,60,og-post,,,,AAXX 15074 07591 24/// /3004 10196 20155 39205 48560 53019 760// 333 60005 90710 91112=
07591,2009-07-15 08:00:00,19.4,,1.6,81,16.1,,18.52,25.928,,20,,,0.2,,,,,,,21,og-post,,,,AAXX 15084 07591 24/// /0210 10194 20161 39201 48556 50016 721// 333 69925 90710 91114=
07591,2009-07-15 09:00:00,23.5,,0.4,59,15,,11.112,29.632,,40,,,0,0.2,,,,,,0,og-post,,,,AAXX 15094 07591 24/// /0406 10235 20150 39200 48564 50004 700// 333 69927 90710 91116 555 60005=
07591,2009-07-15 10:00:00,25.6,,-0.6,47,13.5,,7.408,22.224,,180,,,0,,,,,,,0,og-post,,,,AAXX 15104 07591 24/// /1804 10256 20135 39199 48568 56006 700// 333 60005 90710 91112=
07591,2009-07-15 11:00:00,28,,-0.3,38,12.4,,7.408,18.52,,190,,,0,,,,,,,0,og-post,,,,AAXX 15114 07591 24/// /1904 10280 20124 39198 48572 57003 700// 333 60005 90710 91110=
07591,2009-07-15 12:00:00,29.3,,-0.5,35,12.3,,14.816,22.224,,210,,,0,0,0.2,,,,,0,og-post,,,,AAXX 15124 07591 04/// /2108 10293 20123 39195 48572 58005 69921 700// 333 60007 90710 91112 555 60005=
07591,2009-07-15 13:00:00,30.5,,-0.8,37,14.2,,14.816,29.632,,210,,,0,,,,,,,0,og-post,,,,AAXX 15134 07591 24/// /2108 10305 20142 39191 48572 58008 700// 333 60005 90710 91116=
07591,2009-07-15 14:00:00,30.9,,-0.8,35,13.7,,14.816,29.632,,220,,,0,,,,,,,0,og-post,,,,AAXX 15144 07591 24/// /2208 10309 20137 39190 48571 56008 700// 333 60005 90710 91116=
07591,2009-07-15 15:00:00,30.5,,-0.5,36,13.7,,22.224,35.188,,220,,,0,0,,,,,,0,og-post,,,,AAXX 15154 07591 24/// /2212 10305 20137 39190 48570 56005 700// 333 60007 90710 91119 555 60005=
07591,2009-07-15 18:00:00,27.3,,1,44,14,,11.112,31.484,,230,19.3,31.5,0,0,,0.2,,,,0,og-post,,,,AAXX 15184 07591 04/// /2306 10273 20140 39200 48573 53010 69922 700// 333 10315 20193 60007 90710 91117 555 60005=
07591,2009-07-15 21:00:00,23.4,,1.9,58,14.7,,11.112,18.52,,200,,,0,0,,,,,,0,og-post,,,,AAXX 15214 07591 24/// /2006 10234 20147 39219 48582 52019 700// 333 60007 90710 91110 555 60005=
07591,2009-07-15 22:00:00,22.1,,1.9,64,15,,3.704,14.816,,230,,,0,,,,,,,0,og-post,,,,AAXX 15224 07591 24/// /2302 10221 20150 39224 48583 51019 700// 333 60005 90710 91108=
07591,2009-07-15 23:00:00,20.6,,1.3,71,15.2,,7.408,7.408,,290,,,0,,,,,,,0,og-post,,,,AAXX 15234 07591 24/// /2904 10206 20152 39227 48583 51013 700// 333 60005 90710 91104=
07591,2009-07-16 00:00:00,19.4,,1.1,76,15.1,,3.704,7.408,,350,,,0,0,,,,,,0,og-post,,,,AAXX 16004 07591 04/// /3502 10194 20151 39230 48582 51011 60001 700// 333 60007 90710 91104 555 60005=
07591,2009-07-16 01:00:00,19,,0.8,75,14.5,,3.704,11.112,,30,,,0,,,,,,,0,og-post,,,,AAXX 16014 07591 24/// /0302 10190 20145 39232 48583 51008 700// 333 60005 90710 91106=
07591,2009-07-16 02:00:00,18.8,,0.5,73,13.9,,11.112,14.816,,30,,,0,,,,,,,0,og-post,,,,AAXX 16024 07591 24/// /0306 10188 20139 39232 48582 51005 700// 333 60005 90710 91108=
07591,2009-07-16 03:00:00,18.4,,-0.1,70,12.8,,14.816,25.928,,30,,,0,0,,,,,,0,og-post,,,,AAXX 16034 07591 24/// /0308 10184 20128 39229 48578 58001 700// 333 60007 90710 91114 555 60005=
07591,2009-07-16 04:00:00,17.7,,-0.3,73,12.8,,14.816,25.928,,30,,,0,,,,,,,0,og-post,,,,AAXX 16044 07591 24/// /0308 10177 20128 39229 48577 57003 700// 333 60005 90710 91114=
07591,2009-07-16 05:00:00,18.4,,-0,68,12.4,,18.52,31.484,,20,,,0,,,,,,,0,og-post,,,,AAXX 16054 07591 24/// /0210 10184 20124 39232 48581 55000 700// 333 60005 90710 91117=
07591,2009-07-16 06:00:00,19.8,,0.5,62,12.3,,14.816,31.484,,30,17.5,27.2,0,0,,,0.2,8.1,16,0,og-post,,,,AAXX 16064 07591 04/// /0308 10198 20123 39234 48586 53005 60002 700// 333 10272 20175 3/016 55081 60007 70002 90710 91117 555 60005=
07591,2009-07-16 07:00:00,21.9,,0.5,56,12.7,,18.52,29.632,,20,,,0,,,,,,,0,og-post,,,,AAXX 16074 07591 24/// /0210 10219 20127 39234 48591 51005 700// 333 60005 90710 91116=
07591,2009-07-16 08:00:00,24.8,,-0.3,49,13.4,,11.112,29.632,,60,,,0,,,,,,,0,og-post,,,,AAXX 16084 07591 24/// /0606 10248 20134 39229 48594 58003 700// 333 60005 90710 91116=
07591,2009-07-16 09:00:00,27.3,,-1.2,44,14,,7.408,18.52,,80,,,0,0,,,,,,0,og-post,,,,AAXX 16094 07591 24/// /0804 10273 20140 39222 48594 58012 700// 333 60007 90710 91110 555 60005=
07591,2009-07-16 10:00:00,29.4,,-1.5,36,12.8,,11.112,18.52,,200,,,0,,,,,,,0,og-post,,,,AAXX 16104 07591 24/// /2006 10294 20128 39219 48595 56015 700// 333 60005 90710 91110=
07591,2009-07-16 11:00:00,30.6,,-1.5,31,11.5,,14.816,22.224,,190,,,0,,,,,,,0,og-post,,,,AAXX 16114 07591 24/// /1908 10306 20115 39214 48593 56015 700// 333 60005 90710 91112=
07591,2009-07-16 12:00:00,32.3,,-1.4,17,4.2,,18.52,31.484,,220,,,0,0,,,,,,0,og-post,,,,AAXX 16124 07591 04/// /2210 10323 20042 39208 48590 58014 60001 700// 333 60007 90710 91117 555 60005=
07591,2009-07-16 13:00:00,33.1,,-1.3,17,4.8,,18.52,29.632,,220,,,0,,,,,,,0,og-post,,,,AAXX 16134 07591 24/// /2210 10331 20048 39206 48590 56013 700// 333 60005 90710 91116=
07591,2009-07-16 14:00:00,34,,-1.3,16,4.6,,11.112,31.484,,260,,,0,,,,,,,0,og-post,,,,AAXX 16144 07591 24/// /2606 10340 20046 39201 48587 56013 700// 333 60005 90710 91117=
07591,2009-07-16 15:00:00,33.8,,-1.4,16,4.5,,11.112,31.484,,250,,,0,0,,,,,,0,og-post,,,,AAXX 16154 07591 24/// /2506 10338 20045 39194 48580 58014 700// 333 60007 90710 91117 555 60005=
07591,2009-07-16 16:00:00,33.8,,-1.6,14,2.6,,14.816,29.632,,250,,,0,,,,,,,0,og-post,,,,AAXX 16164 07591 24/// /2508 10338 20026 39190 48576 56016 700// 333 60005 90710 91116=
07591,2009-07-16 17:00:00,30.4,,-1.2,22,6.3,,11.112,25.928,,280,,,0,,,,,,,0,og-post,,,,AAXX 16174 07591 24/// /2806 10304 20063 39189 48568 56012 700// 333 60005 90710 91114=
07591,2009-07-16 18:00:00,29.7,,-0.6,30,10.3,,11.112,25.928,,220,19.8,34.1,0,0,,,,,,0,og-post,,,,AAXX 16184 07591 04/// /2206 10297 20103 39188 48566 56006 60002 700// 333 10341 20198 60007 90710 91114 555 60005=
07591,2009-07-16 19:00:00,27.8,,-0.2,42,13.7,,14.816,38.892,,270,,,0,,,,,,,0,og-post,,,,AAXX 16194 07591 24/// /2708 10278 20137 39188 48562 56002 700// 333 60005 90710 91121=
07591,2009-07-16 20:00:00,25.5,,-0,51,14.6,,3.704,29.632,,210,,,0,,,,,,,0,og-post,,,,AAXX 16204 07591 24/// /2102 10255 20146 39189 48558 55000 700// 333 60005 90710 91116=
07591,2009-07-16 21:00:00,24.1,,0.3,56,14.8,,7.408,11.112,,240,,,0,0,,,,,,0,og-post,,,,AAXX 16214 07591 24/// /2404 10241 20148 39191 48557 53003 700// 333 60007 90710 91106 555 60005=
07591,2009-07-16 22:00:00,23.3,,0.4,62,15.6,,3.704,14.816,,210,,,0,,,,,,,0,og-post,,,,AAXX 16224 07591 24/// /2102 10233 20156 39192 48556 52004 700// 333 60005 90710 91108=
07591,2009-07-16 23:00:00,22.2,,0.4,69,16.2,,7.408,11.112,,290,,,0,,,,,,,0,og-post,,,,AAXX 16234 07591 24/// /2904 10222 20162 39193 48555 51004 700// 333 60005 90710 91106=
07591,2009-07-17 00:00:00,21.4,,0.2,70,15.7,,3.704,7.408,,270,,,0,0,,,,,,0,og-post,,,,AAXX 17004 07591 04/// /2702 10214 20157 39193 48553 51002 60001 700// 333 60007 90710 91104 555 60005=
07591,2009-07-17 01:00:00,20.1,,-0.4,80,16.5,,3.704,7.408,,350,,,0,,,,,,,0,og-post,,,,AAXX 17014 07591 24/// /3502 10201 20165 39188 48546 58004 700// 333 60005 90710 91104=
07591,2009-07-17 02:00:00,19.1,,-1.2,81,15.8,,3.704,11.112,,160,,,0,,,,,,,0,og-post,,,,AAXX 17024 07591 24/// /1602 10191 20158 39181 48537 58012 700// 333 60005 90710 91106=
07591,2009-07-17 03:00:00,18.1,,-1.5,85,15.5,,,7.408,,,,,0,0,,,,,,0,og-post,,,,AAXX 17034 07591 24/// /0000 10181 20155 39178 48532 56015 700// 333 60007 90710 91104 555 60005=
07591,2009-07-17 04:00:00,17.3,,-1.6,86,14.9,,7.408,11.112,,20,,,0,,,,,,,0,og-post,,,,AAXX 17044 07591 24/// /0204 10173 20149 39172 48524 56016 700// 333 60005 90710 91106=
07591,2009-07-17 05:00:00,16.3,,-1.2,85,13.8,,3.704,11.112,,70,,,0,,,,,,,0,og-post,,,,AAXX 17054 07591 24/// /0702 10163 20138 39169 48519 57012 700// 333 60005 90710 91106=
07591,2009-07-17 06:00:00,19.1,,-1,75,14.6,,3.704,11.112,,190,16.3,29.8,0,0,,,0,11.5,15,0,og-post,,,,AAXX 17064 07591 04/// /1902 10191 20146 39168 48524 56010 60002 700// 333 10298 20163 3/015 55115 60007 70000 90710 91106 555 60005=
07591,2009-07-17 07:00:00,20.4,,-0.9,73,15.4,,3.704,11.112,,80,,,0,,,,,,,0,og-post,,,,AAXX 17074 07591 24/// /0802 10204 20154 39163 48523 58009 700// 333 60005 90710 91106=
07591,2009-07-17 08:00:00,22.7,,-1.6,65,15.8,,3.704,11.112,,10,,,0,,,,,,,0,og-post,,,,AAXX 17084 07591 24/// /0102 10227 20158 39153 48519 58016 700// 333 60005 90710 91106=
07591,2009-07-17 09:00:00,23.1,,-2.2,64,15.9,,3.704,11.112,,200,,,0,0,,,,,,0,og-post,,,,AAXX 17094 07591 24/// /2002 10231 20159 39146 48513 58022 700// 333 60007 90710 91106 555 60005=
07591,2009-07-17 10:00:00,26.2,,-2.5,52,15.6,,7.408,18.52,,220,,,0,,,,,,,0,og-post,,,,AAXX 17104 07591 24/// /2204 10262 20156 39138 48512 56025 700// 333 60005 90710 91110=
07591,2009-07-17 11:00:00,29.3,,-2.7,35,12.3,,18.52,42.596,,230,,,0,,,,,,,0,og-post,,,,AAXX 17114 07591 24/// /2310 10293 20123 39126 48506 58027 700// 333 60005 90710 91123=
07591,2009-07-17 12:00:00,28.6,,-2.8,39,13.3,,22.224,38.892,,230,,,0,0,,,,,,0,og-post,,,,AAXX 17124 07591 04/// /2312 10286 20133 39118 48497 57028 60001 700// 333 60007 90710 91121 555 60005=
07591,2009-07-17 13:00:00,28.4,,-2.7,40,13.5,,25.928,42.596,,260,,,0,,,,,,,0,og-post,,,,AAXX 17134 07591 24/// /2614 10284 20135 39111 48490 56027 700// 333 60005 90710 91123=
07591,2009-07-17 14:00:00,25.9,,-2.3,46,13.4,,29.632,64.82,61.116,260,,,0,,,,,,,0,og-post,,,,AAXX 17144 07591 24/// /2616 10259 20134 39103 48477 57023 700// 333 60005 91033 90710 91135=
07591,2009-07-17 15:00:00,19.6,,-0.5,75,15,,22.224,61.116,,230,,,0.6,0.6,,,,,,61,og-post,,,,AAXX 17154 07591 24/// /2312 10196 20150 39113 48474 55005 761// 333 69967 90710 91133 555 69965=
07591,2009-07-21 14:00:00,19.4,,,19,-4.8,,14.816,,,200,,,0,,,,,,,,og-post,,,,AAXX 21144 07591 26/// /2008 10194 21048 39197 48/// 333 6///5=
07591,2009-07-21 15:00:00,19.4,,,18,-5.5,,18.52,29.632,,250,,,0,0,,,,,,,og-post,,,,AAXX 21154 07591 26/// /2510 10194 21055 39193 48/// 333 6///7 90710 91116 555 60005=
07591,2009-07-21 16:00:00,19.4,,,21,-3.5,,14.816,31.484,,230,,,0,,,,,,,,og-post,,,,AAXX 21164 07591 26/// /2308 10194 21035 39193 48/// 333 60005 90710 91117=
07591,2009-07-21 17:00:00,19.4,,-0.7,23,-2.2,,11.112,31.484,,250,,,0,,,,,,,,og-post,,,,AAXX 21174 07591 26/// /2506 10194 21022 39190 48/// 56007 333 60005 90710 91117=
07591,2009-07-21 18:00:00,19.4,,-0,26,-0.6,,7.408,29.632,,270,,,0,0,,0,,,,,og-post,,,,AAXX 21184 07591 06/// /2704 10194 21006 39193 48/// 55000 6///2 333 1//// 2//// 60007 90710 91116 555 60005=
07591,2009-07-21 19:00:00,19.4,,0.3,39,5.1,,3.704,22.224,,190,,,0,,,,,,,,og-post,,,,AAXX 21194 07591 26/// /1902 10194 20051 39196 48/// 53003 333 60005 90710 91112=
07591,2009-07-21 20:00:00,19.4,,0.8,45,7.2,,3.704,11.112,,340,,,0,,,,,,,,og-post,,,,AAXX 21204 07591 26/// /3402 10194 20072 39198 48/// 51008 333 60005 90710 91106=
07591,2009-07-21 21:00:00,19.4,,1,47,7.8,,3.704,11.112,,270,,,0,0,,,,,,,og-post,,,,AAXX 21214 07591 26/// /2702 10194 20078 39203 48/// 53010 333 60007 90710 91106 555 60005=
07591,2009-07-21 22:00:00,19.4,,1.6,55,10.1,,3.704,11.112,,330,,,0,,,,,,,,og-post,,,,AAXX 21224 07591 26/// /3302 10194 20101 39212 48/// 53016 333 60005 90710 91106=
07591,2009-07-21 23:00:00,19.4,,1.4,57,10.7,,3.704,7.408,,20,,,0,,,,,,,,og-post,,,,AAXX 21234 07591 26/// /0202 10194 20107 39212 48/// 51014 333 60005 90710 91104=
07591,2009-07-22 00:00:00,19.5,,1.3,60,11.5,,3.704,7.408,,260,,,0,0,,,,,,,og-post,,,,AAXX 22004 07591 06/// /2602 10195 20115 39216 48/// 51013 60001 333 60007 90710 91104 555 60005=
07591,2009-07-22 01:00:00,19.5,,0,62,12,,3.704,7.408,,260,,,0,,,,,,,,og-post,,,,AAXX 22014 07591 26/// /2602 10195 20120 39212 48/// 50000 333 60005 90710 91104=
07591,2009-07-22 02:00:00,19.5,,-1.5,64,12.5,,7.408,11.112,,30,,,0,,,,,,,,og-post,,,,AAXX 22024 07591 26/// /0304 10195 20125 39197 48/// 58015 333 60005 90710 91106=
07591,2009-07-22 03:00:00,19.6,,-3.3,58,11.1,,11.112,22.224,,40,,,0,0,,,,,,,og-post,,,,AAXX 22034 07591 26/// /0406 10196 20111 39183 48/// 58033 333 60007 90710 91112 555 60005=
07591,2009-07-22 04:00:00,19.6,,-2.2,66,13.1,,7.408,22.224,,220,,,0,,,,,,,,og-post,,,,AAXX 22044 07591 26/// /2204 10196 20131 39190 48/// 55022 333 60005 90710 91112=
07591,2009-07-22 05:00:00,19.6,,-0.5,68,13.5,,7.408,11.112,,20,,,0,,,,,,,,og-post,,,,AAXX 22054 07591 26/// /0204 10196 20135 39192 48/// 55005 333 60005 90710 91106=
07591,2009-07-22 06:00:00,19.6,,0.9,58,11.1,,3.704,11.112,,90,19.4,19.6,0,0,,,,,19,,og-post,,,,AAXX 22064 07591 06/// /0902 10196 20111 39192 48/// 51009 60002 333 10196 20194 3/019 55/// 60007 7//// 90710 91106 555 60005=
07591,2009-07-22 07:00:00,19.6,,1.1,51,9.2,,11.112,18.52,,220,,,0,,,,,,,,og-post,,,,AAXX 22074 07591 26/// /2206 10196 20092 39201 48/// 53011 333 60005 90710 91110=
07591,2009-07-22 08:00:00,19.6,,1.4,50,8.9,,3.704,22.224,,220,,,0,,,,,,,,og-post,,,,AAXX 22084 07591 26/// /2202 10196 20089 39206 48/// 53014 333 60005 90710 91112=
07591,2009-07-22 09:00:00,19.6,,0.3,23,-2.1,,3.704,14.816,,180,,,0,0,,,,,,,og-post,,,,AAXX 22094 07591 26/// /1802 10196 21021 39195 48/// 50003 333 60007 90710 91108 555 60005=
07591,2009-07-22 10:00:00,19.6,,-1.3,18,-5.3,,7.408,14.816,,240,,,0,,,,,,,,og-post,,,,AAXX 22104 07591 26/// /2404 10196 21053 39188 48/// 58013 333 60005 90710 91108=
07591,2009-07-22 11:00:00,19.6,,-2.1,38,4.9,,3.704,14.816,,110,,,0,,,,,,,,og-post,,,,AAXX 22114 07591 26/// /1102 10196 20049 39185 48/// 56021 333 60005 90710 91108=
07591,2009-07-22 12:00:00,19.6,,-2.2,20,-3.9,,7.408,11.112,,150,,,0,0,,,,,,,og-post,,,,AAXX 22124 07591 06/// /1504 10196 21039 39173 48/// 58022 60001 333 60007 90710 91106 555 60005=
07591,2009-07-22 13:00:00,19.6,,-2.2,18,-5.3,,7.408,14.816,,170,,,0,,,,,,,,og-post,,,,AAXX 22134 07591 26/// /1704 10196 21053 39166 48/// 58022 333 60005 90710 91108=
07591,2009-07-22 14:00:00,19.6,,-2.1,14,-8.6,,22.224,50.004,,240,,,0,,,,,,,,og-post,,,,AAXX 22144 07591 26/// /2412 10196 21086 39164 48/// 56021 333 60005 90710 91127=
07591,2009-07-22 15:00:00,19.6,,-0.8,15,-7.7,,18.52,42.596,,270,,,0,0,,,,,,,og-post,,,,AAXX 22154 07591 26/// /2710 10196 21077 39165 48/// 55008 333 60007 90710 91123 555 60005=
07591,2009-07-22 16:00:00,19.6,,-0.3,16,-6.9,,22.224,42.596,,260,,,0,,,,,,,,og-post,,,,AAXX 22164 07591 26/// /2612 10196 21069 39163 48/// 57003 333 60005 90710 91123=
07591,2009-07-22 17:00:00,19.5,,-0.8,14,-8.7,,22.224,46.3,,280,,,0,,,,,,,,og-post,,,,AAXX 22174 07591 26/// /2812 10195 21087 39156 48/// 58008 333 60005 90710 91125=
07591,2009-07-22 18:00:00,19.5,,-0.8,12,-10.6,,18.52,50.004,,270,19.5,19.6,0,0,,,,,,,og-post,,,,AAXX 22184 07591 06/// /2710 10195 21106 39157 48/// 55008 60002 333 10196 20195 60007 90710 91127 555 60005=
07591,2009-07-22 19:00:00,19.6,,-0.2,14,-8.6,,11.112,46.3,,220,,,0,,,,,,,,og-post,,,,AAXX 22194 07591 26/// /2206 10196 21086 39161 48/// 55002 333 60005 90710 91125=
07591,2009-07-22 20:00:00,19.6,,0.7,17,-6.1,,14.816,31.484,,220,,,0,,,,,,,,og-post,,,,AAXX 22204 07591 26/// /2208 10196 21061 39163 48/// 53007 333 60005 90710 91117=
07591,2009-07-22 21:00:00,19.6,,1.1,17,-6.1,,3.704,31.484,,10,,,0,0,,,,,,,og-post,,,,AAXX 22214 07591 26/// /0102 10196 21061 39168 48/// 53011 333 60007 90710 91117 555 60005=
07591,2009-07-22 22:00:00,19.6,,1,21,-3.3,,3.704,14.816,,300,,,0,,,,,,,,og-post,,,,AAXX 22224 07591 26/// /3002 10196 21033 39171 48/// 53010 333 60005 90710 91108=
07591,2009-07-22 23:00:00,19.6,,0.8,27,0.1,,3.704,11.112,,360,,,0,,,,,,,,og-post,,,,AAXX 22234 07591 26/// /3602 10196 20001 39171 48/// 51008 333 60005 90710 91106=
07591,2009-07-23 00:00:00,19.6,,-0.6,31,2,,7.408,14.816,,50,,,0,0,,,,,,,og-post,,,,AAXX 23004 07591 06/// /0504 10196 20020 39162 48/// 58006 60001 333 60007 90710 91108 555 60005=
07591,2009-07-23 01:00:00,19.7,,-1.3,32,2.6,,11.112,22.224,,50,,,0,,,,,,,,og-post,,,,AAXX 23014 07591 26/// /0506 10197 20026 39158 48/// 58013 333 60005 90710 91112=
07591,2009-07-23 02:00:00,19.7,,-1.7,35,3.8,,3.704,22.224,,360,,,0,,,,,,,,og-post,,,,AAXX 23024 07591 26/// /3602 10197 20038 39154 48/// 56017 333 60005 90710 91112=
07591,2009-07-23 03:00:00,19.7,,-1.1,36,4.2,,7.408,14.816,,50,,,0,0,,,,,,,og-post,,,,AAXX 23034 07591 26/// /0504 10197 20042 39151 48/// 56011 333 60007 90710 91108 555 60005=
07591,2009-07-23 04:00:00,19.7,,-0.8,41,6.1,,7.408,18.52,,30,,,0,,,,,,,,og-post,,,,AAXX 23044 07591 26/// /0304 10197 20061 39150 48/// 56008 333 60005 90710 91110=
07591,2009-07-23 05:00:00,19.7,,-0.5,39,5.4,,3.704,18.52,,340,,,0,,,,,,,,og-post,,,,AAXX 23054 07591 26/// /3402 10197 20054 39149 48/// 56005 333 60005 90710 91110=
07591,2009-07-23 06:00:00,19.7,,-0.4,46,7.8,,7.408,14.816,,30,19.5,19.7,0,0,,,0,0,20,,og-post,,,,AAXX 23064 07591 06/// /0304 10197 20078 39147 48/// 58004 60002 333 10197 20195 3/020 55000 60007 70000 90710 91108 555 60005=
07591,2009-07-23 07:00:00,19.7,,-0.6,48,8.4,,7.408,18.52,,50,,,0,,,,,,,,og-post,,,,AAXX 23074 07591 26/// /0504 10197 20084 39144 48/// 58006 333 60005 90710 91110=
07591,2009-07-23 08:00:00,19.7,,-1,50,9,,7.408,14.816,,350,,,0,,,,,,,,og-post,,,,AAXX 23084 07591 26/// /3504 10197 20090 39139 48/// 58010 333 60005 90710 91108=
07591,2009-07-23 10:00:00,25.3,,-1.6,36,9.2,,3.704,,,40,,,0,,,,,,,,og-post,,,,AAXX 23104 07591 26/// /0402 10253 20092 39128 48499 54016 333 6///5=
07591,2009-07-23 11:00:00,28.4,,-1,20,3.3,,18.52,38.892,,240,,,0,,,,,,,,og-post,,,,AAXX 23114 07591 26/// /2410 10284 20033 39129 48505 54010 333 60005 90710 91121=
07591,2009-07-23 13:00:00,29.7,,0,19,3.6,,18.52,38.892,,230,,,0,,,,,,,0,og-post,,,,AAXX 23134 07591 24/// /2310 10297 20036 39128 48507 50000 700// 333 60005 90710 91121=
07591,2009-07-23 14:00:00,,,-0.5,,,,18.52,,,220,,,0,,,,,,,,og-post,,,,AAXX 23144 07591 26/// /2210 1//// 2//// 39124 48/// 58005 333 6///5=
07591,2009-07-23 15:00:00,,,-1,,,,25.928,50.004,,240,,,0,0,,,,,,,og-post,,,,AAXX 23154 07591 26/// /2414 1//// 2//// 39121 48/// 57010 333 6///7 90710 91127 555 60005=
07591,2009-07-23 16:00:00,,,-0,,,,29.632,57.412,50.004,250,,,0,,,,,,,,og-post,,,,AAXX 23164 07591 26/// /2516 1//// 2//// 39128 48/// 55000 333 60005 91027 90710 91131=
07591,2009-07-23 17:00:00,,,1.1,,,,22.224,50.004,,250,,,0,,,,,,,,og-post,,,,AAXX 23174 07591 26/// /2512 1//// 2//// 39135 48/// 53011 333 60005 90710 91127=
07591,2009-07-23 18:00:00,,,2,,,,18.52,31.484,,260,,,0,0,,0,,,,,og-post,,,,AAXX 23184 07591 06/// /2610 1//// 2//// 39141 48/// 51020 6///2 333 1//// 2//// 60007 90710 91117 555 60005=
07591,2009-07-23 19:00:00,,,1.7,,,,7.408,29.632,,190,,,0,,,,,,,,og-post,,,,AAXX 23194 07591 26/// /1904 1//// 2//// 39145 48/// 51017 333 60005 90710 91116=
07591,2009-07-23 20:00:00,24,,1.9,38,8.8,,7.408,18.52,,180,,,0,,,,,,,,og-post,,,,AAXX 23204 07591 26/// /1804 10240 20088 39154 48521 53019 333 60005 90710 91110=
07591,2009-07-23 21:00:00,22.9,,1.9,45,10.3,,7.408,14.816,,200,,,0,0,,,,,,,og-post,,,,AAXX 23214 07591 26/// /2004 10229 20103 39160 48524 53019 333 60007 90710 91108 555 60005=
07591,2009-07-23 22:00:00,22.3,,1.9,48,10.8,,11.112,18.52,,210,,,0,,,,,,,,og-post,,,,AAXX 23224 07591 26/// /2106 10223 20108 39164 48527 51019 333 60005 90710 91110=
07591,2009-07-23 23:00:00,20.9,,1.4,52,10.7,,7.408,22.224,,170,,,0,,,,,,,,og-post,,,,AAXX 23234 07591 26/// /1704 10209 20107 39168 48527 51014 333 60005 90710 91112=
07591,2009-07-24 00:00:00,20.5,,1.5,51,10,,7.408,14.816,,220,,,0,0,,,,,,,og-post,,,,AAXX 24004 07591 06/// /2204 10205 20100 39175 48533 53015 60001 333 60007 90710 91108 555 60005=
07591,2009-07-24 01:00:00,19.6,,1.4,53,9.8,,7.408,22.224,,220,,,0,,,,,,,,og-post,,,,AAXX 24014 07591 26/// /2204 10196 20098 39178 48533 51014 333 60005 90710 91112=
07591,2009-07-24 02:00:00,17.4,,0.8,63,10.3,,3.704,11.112,,20,,,0,,,,,,,,og-post,,,,AAXX 24024 07591 26/// /0202 10174 20103 39176 48527 50008 333 60005 90710 91106=
07591,2009-07-24 03:00:00,16.1,,0,69,10.4,,,11.112,,,,,0,0,,,,,,,og-post,,,,AAXX 24034 07591 26/// /0000 10161 20104 39175 48523 50000 333 60007 90710 91106 555 60005=
07591,2009-07-24 04:00:00,15.4,,-0,72,10.4,,,7.408,,,,,0,,,,,,,,og-post,,,,AAXX 24044 07591 26/// /0000 10154 20104 39178 48524 55000 333 60005 90710 91104=
07591,2009-07-24 05:00:00,15.3,,0,71,10.1,,7.408,11.112,,30,,,0,,,,,,,,og-post,,,,AAXX 24054 07591 26/// /0304 10153 20101 39176 48522 50000 333 60005 90710 91106=
07591,2009-07-24 06:00:00,16,,0.4,70,10.5,,3.704,14.816,,110,,,0,0,,,,,,,og-post,,,,AAXX 24064 07591 06/// /1102 10160 20105 39179 48527 52004 60002 333 1//// 2//// 55/// 60007 7//// 90710 91108 555 60005=
07591,2009-07-24 07:00:00,20.1,,0.3,53,10.2,,,7.408,,,,,0,,,,,,,,og-post,,,,AAXX 24074 07591 26/// /0000 10201 20102 39181 48538 53003 333 60005 90710 91104=
07591,2009-07-24 08:00:00,22.3,,0.1,48,10.8,,3.704,11.112,,170,,,0,,,,,,,,og-post,,,,AAXX 24084 07591 26/// /1702 10223 20108 39177 48539 50001 333 60005 90710 91106=
07591,2009-07-24 09:00:00,24.2,,-0.7,40,9.8,,11.112,18.52,,220,,,0,0,,,,,,,og-post,,,,AAXX 24094 07591 26/// /2206 10242 20098 39172 48538 58007 333 60007 90710 91110 555 60005=
07591,2009-07-24 10:00:00,26.8,,-1.2,33,9.2,,11.112,22.224,,190,,,0,,,,,,,,og-post,,,,AAXX 24104 07591 26/// /1906 10268 20092 39169 48541 56012 333 60005 90710 91112=
07591,2009-07-24 11:00:00,28.7,,-1.1,18,2.1,,18.52,31.484,,260,,,0,,,,,,,,og-post,,,,AAXX 24114 07591 26/// /2610 10287 20021 39166 48541 56011 333 60005 90710 91117=
07591,2009-07-24 12:00:00,,,-1,,,,14.816,38.892,,230,,,0,0,,,,,,,og-post,,,,AAXX 24124 07591 06/// /2308 1//// 2//// 39162 48/// 58010 60001 333 60007 90710 91121 555 60005=
07591,2009-07-24 13:00:00,,,-1.1,,,,14.816,42.596,,230,,,0,,,,,,,,og-post,,,,AAXX 24134 07591 26/// /2308 1//// 2//// 39158 48/// 58011 333 60005 90710 91123=
07591,2009-07-24 14:00:00,,,-1,,,,18.52,38.892,,230,,,0,,,,,,,,og-post,,,,AAXX 24144 07591 26/// /2310 1//// 2//// 39156 48/// 56010 333 60005 90710 91121=
07591,2009-07-24 15:00:00,,,-0.8,,,,22.224,38.892,,240,,,0,0,,,,,,,og-post,,,,AAXX 24154 07591 26/// /2412 1//// 2//// 39154 48/// 56008 333 60007 90710 91121 555 60005=
07591,2009-07-24 16:00:00,,,-0.2,,,,22.224,46.3,,240,,,0,,,,,,,,og-post,,,,AAXX 24164 07591 26/// /2412 1//// 2//// 39156 48/// 55002 333 60005 90710 91125=
07591,2009-07-24 17:00:00,,,0.1,,,,22.224,38.892,,230,,,0,,,,,,,,og-post,,,,AAXX 24174 07591 26/// /2312 1//// 2//// 39157 48/// 53001 333 60005 90710 91121=
07591,2009-07-24 18:00:00,,,1.1,,,,22.224,42.596,,240,,,0,0,,,,,,,og-post,,,,AAXX 24184 07591 06/// /2412 1//// 2//// 39165 48/// 53011 60002 333 1//// 2//// 60007 90710 91123 555 60005=
07591,2009-07-28 12:00:00,,,,,,,18.52,35.188,,230,,,0,0,0,,,,,,og-post,,,,AAXX 28124 07591 06/// /2310 1//// 2//// 39179 48/// 6///1 333 6///7 90710 91119 555 60005=
07591,2009-07-28 13:00:00,,,,,,,18.52,38.892,,220,,,0,,,,,,,,og-post,,,,AAXX 28134 07591 26/// /2210 1//// 2//// 39176 48/// 333 60005 90710 91121=
07591,2009-07-28 14:00:00,,,,,,,18.52,35.188,,220,,,0,,,,,,,,og-post,,,,AAXX 28144 07591 26/// /2210 1//// 2//// 39175 48/// 333 60005 90710 91119=
07591,2009-07-28 15:00:00,,,-0.4,,,,18.52,31.484,,210,,,0,0,,,,,,,og-post,,,,AAXX 28154 07591 26/// /2110 1//// 2//// 39175 48/// 56004 333 60007 90710 91117 555 60005=
07591,2009-07-28 16:00:00,,,-0.3,,,,14.816,31.484,,210,,,0,,,,,,,,og-post,,,,AAXX 28164 07591 26/// /2108 1//// 2//// 39173 48/// 58003 333 60005 90710 91117=
07591,2009-07-28 17:00:00,,,-0.3,,,,14.816,25.928,,230,,,0,,,,,,,,og-post,,,,AAXX 28174 07591 26/// /2308 1//// 2//// 39172 48/// 58003 333 60005 90710 91114=
07591,2009-07-28 18:00:00,,,-0,,,,7.408,22.224,,240,,,0,0,,0,,,,,og-post,,,,AAXX 28184 07591 06/// /2404 1//// 2//// 39175 48/// 55000 6///2 333 1//// 2//// 60007 90710 91112 555 60005=
07591,2009-07-28 19:00:00,,,1,,,,11.112,22.224,,200,,,0,,,,,,,,og-post,,,,AAXX 28194 07591 26/// /2006 1//// 2//// 39183 48/// 53010 333 60005 90710 91112=
07591,2009-07-28 20:00:00,,,2.1,,,,3.704,18.52,,290,,,0,,,,,,,,og-post,,,,AAXX 28204 07591 26/// /2902 1//// 2//// 39193 48/// 53021 333 60005 90710 91110=
07591,2009-07-28 21:00:00,,,2.3,,,,,7.408,,,,,0,0,,,,,,,og-post,,,,AAXX 28214 07591 26/// /0000 1//// 2//// 39198 48/// 51023 333 60007 90710 91104 555 60005=
07591,2009-07-28 22:00:00,,,1.9,,,,3.704,11.112,,330,,,0,,,,,,,,og-post,,,,AAXX 28224 07591 26/// /3302 1//// 2//// 39202 48/// 51019 333 60005 90710 91106=
07591,2009-07-28 23:00:00,,,1.2,,,,3.704,11.112,,10,,,0,,,,,,,,og-post,,,,AAXX 28234 07591 26/// /0102 1//// 2//// 39205 48/// 51012 333 60005 90710 91106=
07591,2009-07-29 00:00:00,,,0.8,,,,3.704,14.816,,20,,,0,0,,,,,,,og-post,,,,AAXX 29004 07591 06/// /0202 1//// 2//// 39206 48/// 51008 60001 333 60007 90710 91108 555 60005=
07591,2009-07-29 01:00:00,,,0.3,,,,11.112,18.52,,50,,,0,,,,,,,,og-post,,,,AAXX 29014 07591 26/// /0506 1//// 2//// 39205 48/// 50003 333 60005 90710 91110=
07591,2009-07-29 02:00:00,,,0,,,,11.112,18.52,,40,,,0,,,,,,,,og-post,,,,AAXX 29024 07591 26/// /0406 1//// 2//// 39205 48/// 50000 333 60005 90710 91110=
07591,2009-07-29 03:00:00,,,-0.1,,,,18.52,29.632,,40,,,0,0,,,,,,,og-post,,,,AAXX 29034 07591 26/// /0410 1//// 2//// 39205 48/// 56001 333 60007 90710 91116 555 60005=
07591,2009-07-29 04:00:00,,,0.2,,,,14.816,35.188,,30,,,0,,,,,,,,og-post,,,,AAXX 29044 07591 26/// /0308 1//// 2//// 39207 48/// 53002 333 60005 90710 91119=
07591,2009-07-29 05:00:00,,,0.6,,,,18.52,25.928,,20,,,0,,,,,,,,og-post,,,,AAXX 29054 07591 26/// /0210 1//// 2//// 39211 48/// 53006 333 60005 90710 91114=
07591,2009-07-29 06:00:00,,,0.7,,,,18.52,29.632,,50,,,0,0,,,,,,,og-post,,,,AAXX 29064 07591 06/// /0510 1//// 2//// 39212 48/// 51007 60002 333 1//// 2//// 55/// 60007 7//// 90710 91116 555 60005=
07591,2009-07-29 07:00:00,,,0.5,,,,18.52,31.484,,50,,,0,,,,,,,,og-post,,,,AAXX 29074 07591 26/// /0510 1//// 2//// 39212 48/// 51005 333 60005 90710 91117=
07591,2009-07-29 08:00:00,,,-0.3,,,,14.816,31.484,,60,,,0,,,,,,,,og-post,,,,AAXX 29084 07591 26/// /0608 1//// 2//// 39208 48/// 58003 333 60005 90710 91117=
07591,2009-07-29 10:00:00,27.2,,-1,22,3.7,,11.112,,,200,,,0,,,,,,,0,og-post,,,,AAXX 29104 07591 24/// /2006 10272 20037 39202 48572 54010 700// 333 6///5=
07591,2009-07-29 11:00:00,29.8,,-0.9,12,-2.6,,18.52,31.484,,220,,,0,,,,,,,0,og-post,,,,AAXX 29114 07591 24/// /2210 10298 21026 39199 48574 54009 700// 333 60005 90710 91117=
07591,2009-07-29 12:00:00,30.6,,,10,-4.4,,22.224,35.188,,220,,,0,0,0,,,,,0,og-post,,,,AAXX 29124 07591 04/// /2212 10306 21044 39193 48570 6///1 700// 333 6///7 90710 91119 555 60005=
07591,2009-07-29 13:00:00,31.9,,-1.5,10,-3.5,,14.816,35.188,,250,,,0,,,,,,,0,og-post,,,,AAXX 29134 07591 24/// /2508 10319 21035 39187 48568 58015 700// 333 60005 90710 91119=
07591,2009-07-29 14:00:00,31.7,,-1.4,9,-5,,18.52,35.188,,220,,,0,,,,,,,0,og-post,,,,AAXX 29144 07591 24/// /2210 10317 21050 39185 48565 56014 700// 333 60005 90710 91119=
07591,2009-07-29 15:00:00,32.4,,-1.1,9,-4.5,,14.816,31.484,,270,,,0,0,,,,,,0,og-post,,,,AAXX 29154 07591 24/// /2708 10324 21045 39182 48564 56011 700// 333 60007 90710 91117 555 60005=
07591,2009-07-29 16:00:00,31.7,,-0.7,10,-3.6,,14.816,31.484,,250,,,0,,,,,,,0,og-post,,,,AAXX 29164 07591 24/// /2508 10317 21036 39180 48560 57007 700// 333 60005 90710 91117=
07591,2009-07-29 17:00:00,30.6,,-0.5,13,-0.9,,14.816,31.484,,230,,,0,,,,,,,0,og-post,,,,AAXX 29174 07591 24/// /2308 10306 21009 39180 48558 56005 700// 333 60005 90710 91117=
07591,2009-07-29 18:00:00,28.7,,-0.2,16,0.4,,11.112,25.928,,250,,,0,0,,0,,,,0,og-post,,,,AAXX 29184 07591 04/// /2506 10287 20004 39180 48554 56002 6///2 700// 333 1//// 2//// 60007 90710 91114 555 60005=
07591,2009-07-29 19:00:00,27.1,,0.7,21,2.9,,18.52,31.484,,240,,,0,,,,,,,0,og-post,,,,AAXX 29194 07591 24/// /2410 10271 20029 39187 48558 53007 700// 333 60005 90710 91117=
07591,2009-07-29 20:00:00,24.7,,1.6,32,6.9,,11.112,31.484,,200,,,0,,,,,,,0,og-post,,,,AAXX 29204 07591 24/// /2006 10247 20069 39196 48561 53016 700// 333 60005 90710 91117=
07591,2009-07-29 21:00:00,23.1,,2.2,38,8,,3.704,18.52,,260,,,0,0,,,,,,0,og-post,,,,AAXX 29214 07591 24/// /2602 10231 20080 39202 48563 51022 700// 333 60007 90710 91110 555 60005=
07591,2009-07-29 22:00:00,22.5,,1.9,42,9,,3.704,18.52,,270,,,0,,,,,,,0,og-post,,,,AAXX 29224 07591 24/// /2702 10225 20090 39206 48566 51019 700// 333 60005 90710 91110=
07591,2009-07-29 23:00:00,20.4,,1.3,52,10.2,,7.408,14.816,,320,,,0,,,,,,,0,og-post,,,,AAXX 29234 07591 24/// /3204 10204 20102 39209 48564 51013 700// 333 60005 90710 91108=
07591,2009-07-30 00:00:00,19.5,,0.5,55,10.2,,3.704,7.408,,240,,,0,0,,,,,,0,og-post,,,,AAXX 30004 07591 04/// /2402 10195 20102 39207 48560 50005 60001 700// 333 60007 90710 91104 555 60005=
07591,2009-07-30 01:00:00,18.3,,0.1,60,10.4,,3.704,3.704,,360,,,0,,,,,,,0,og-post,,,,AAXX 30014 07591 24/// /3602 10183 20104 39207 48557 51001 700// 333 60005 90710 91102=
07591,2009-07-30 02:00:00,17.7,,-0.4,63,10.6,,7.408,7.408,,10,,,0,,,,,,,0,og-post,,,,AAXX 30024 07591 24/// /0104 10177 20106 39205 48554 57004 700// 333 60005 90710 91104=
07591,2009-07-30 03:00:00,17.1,,0.1,65,10.5,,7.408,11.112,,30,,,0,0,,,,,,0,og-post,,,,AAXX 30034 07591 24/// /0304 10171 20105 39208 48556 53001 700// 333 60007 90710 91106 555 60005=
07591,2009-07-30 04:00:00,17.3,,0.3,60,9.5,,14.816,22.224,,30,,,0,,,,,,,0,og-post,,,,AAXX 30044 07591 24/// /0308 10173 20095 39210 48558 53003 700// 333 60005 90710 91112=
07591,2009-07-30 05:00:00,16.5,,0.6,65,9.9,,3.704,29.632,,320,,,0,,,,,,,0,og-post,,,,AAXX 30054 07591 24/// /3202 10165 20099 39211 48557 51006 700// 333 60005 90710 91116=
07591,2009-07-30 06:00:00,16.7,,0.4,64,9.9,,7.408,7.408,,60,16.3,28.7,0,0,,,,,13,0,og-post,,,,AAXX 30064 07591 04/// /0604 10167 20099 39212 48558 51004 60002 700// 333 10287 20163 3/013 55/// 60007 7//// 90710 91104 555 60005=
07591,2009-07-30 07:00:00,19.8,,0.3,54,10.2,,3.704,11.112,,160,,,0,,,,,,,0,og-post,,,,AAXX 30074 07591 24/// /1602 10198 20102 39213 48566 52003 700// 333 60005 90710 91106=
07591,2009-07-30 08:00:00,23,,0,42,9.4,,3.704,11.112,,130,,,0,,,,,,,0,og-post,,,,AAXX 30084 07591 24/// /1302 10230 20094 39211 48572 50000 700// 333 60005 90710 91106=
07591,2009-07-30 09:00:00,24.7,,-0.6,37,9,,7.408,18.52,,200,,,0,0,,,,,,0,og-post,,,,AAXX 30094 07591 24/// /2004 10247 20090 39206 48571 58006 700// 333 60007 90710 91110 555 60005=
07591,2009-07-30 10:00:00,26.6,,-1,32,8.6,,14.816,29.632,,210,,,0,,,,,,,0,og-post,,,,AAXX 30104 07591 24/// /2108 10266 20086 39203 48573 58010 700// 333 60005 90710 91116=
07591,2009-07-30 11:00:00,28.7,,-1.3,23,5.5,,18.52,29.632,,210,,,0,,,,,,,0,og-post,,,,AAXX 30114 07591 24/// /2110 10287 20055 39198 48572 57013 700// 333 60005 90710 91116=
07591,2009-07-30 12:00:00,30.4,,-1.1,11,-3.3,,14.816,31.484,,230,,,0,0,,,,,,0,og-post,,,,AAXX 30124 07591 04/// /2308 10304 21033 39195 48572 57011 60001 700// 333 60007 90710 91117 555 60005=
07591,2009-07-30 13:00:00,29.7,,-1.6,13,-1.6,,18.52,31.484,,250,,,0,,,,,,,0,og-post,,,,AAXX 30134 07591 24/// /2510 10297 21016 39187 48563 58016 700// 333 60005 90710 91117=
07591,2009-07-30 14:00:00,30.7,,-1.1,13,-0.8,,14.816,31.484,,250,,,0,,,,,,,0,og-post,,,,AAXX 30144 07591 24/// /2508 10307 21008 39187 48565 56011 700// 333 60005 90710 91117=
07591,2009-07-30 15:00:00,30.8,,-1,14,0.2,,18.52,38.892,,220,,,0,0,,,,,,0,og-post,,,,AAXX 30154 07591 24/// /2210 10308 20002 39185 48564 56010 700// 333 60007 90710 91121 555 60005=
07591,2009-07-30 16:00:00,30.8,,-0.5,10,-4.3,,18.52,35.188,,230,,,0,,,,,,,0,og-post,,,,AAXX 30164 07591 24/// /2310 10308 21043 39182 48560 58005 700// 333 60005 90710 91119=
07591,2009-07-30 17:00:00,30,,-0.7,12,-2.5,,14.816,31.484,,230,,,0,,,,,,,0,og-post,,,,AAXX 30174 07591 24/// /2308 10300 21025 39180 48557 57007 700// 333 60005 90710 91117=
07591,2009-07-30 18:00:00,27.3,,-0.4,24,5,,11.112,29.632,,220,16.9,31.3,0,0,,,,,,0,og-post,,,,AAXX 30184 07591 04/// /2206 10273 20050 39181 48553 55004 60002 700// 333 10313 20169 60007 90710 91116 555 60005=
07591,2009-07-30 19:00:00,24.4,,0.5,33,7.1,,14.816,31.484,,210,,,0,,,,,,,0,og-post,,,,AAXX 30194 07591 24/// /2108 10244 20071 39187 48552 53005 700// 333 60005 90710 91117=
07591,2009-07-30 20:00:00,21.7,,1.8,42,8.2,,7.408,25.928,,200,,,0,,,,,,,0,og-post,,,,AAXX 30204 07591 24/// /2004 10217 20082 39198 48556 53018 700// 333 60005 90710 91114=
07591,2009-07-30 21:00:00,20.6,,2.4,44,7.9,,3.704,18.52,,210,,,0,0,,,,,,0,og-post,,,,AAXX 30214 07591 24/// /2102 10206 20079 39205 48560 53024 700// 333 60007 90710 91110 555 60005=
07591,2009-07-30 22:00:00,18.5,,1.9,53,8.7,,3.704,11.112,,340,,,0,,,,,,,0,og-post,,,,AAXX 30224 07591 24/// /3402 10185 20087 39206 48557 51019 700// 333 60005 90710 91106=
07591,2009-07-30 23:00:00,17.3,,0.7,55,8.2,,3.704,7.408,,20,,,0,,,,,,,0,og-post,,,,AAXX 30234 07591 24/// /0202 10173 20082 39205 48553 50007 700// 333 60005 90710 91104=
07591,2009-07-31 00:00:00,16.3,,-0.2,59,8.3,,3.704,7.408,,90,,,0,0,,,,,,0,og-post,,,,AAXX 31004 07591 04/// /0902 10163 20083 39203 48549 58002 60001 700// 333 60007 90710 91104 555 60005=
07591,2009-07-31 01:00:00,16,,-0.4,62,8.7,,3.704,7.408,,320,,,0,,,,,,,0,og-post,,,,AAXX 31014 07591 24/// /3202 10160 20087 39202 48547 57004 700// 333 60005 90710 91104=
07591,2009-07-31 02:00:00,15,,-1,64,8.3,,7.408,11.112,,50,,,0,,,,,,,0,og-post,,,,AAXX 31024 07591 24/// /0504 10150 20083 39195 48538 58010 700// 333 60005 90710 91106=
07591,2009-07-31 03:00:00,14.1,,-0.9,66,7.9,,,11.112,,,,,0,0,,,,,,0,og-post,,,,AAXX 31034 07591 24/// /0000 10141 20079 39194 48535 57009 700// 333 60007 90710 91106 555 60005=
07591,2009-07-31 04:00:00,13.4,,-0.9,69,7.8,,7.408,7.408,,70,,,0,,,,,,,0,og-post,,,,AAXX 31044 07591 24/// /0704 10134 20078 39193 48533 56009 700// 333 60005 90710 91104=
07591,2009-07-31 05:00:00,13.4,,-0.2,69,7.8,,,7.408,,,,,0,,,,,,,0,og-post,,,,AAXX 31054 07591 24/// /0000 10134 20078 39193 48533 56002 700// 333 60005 90710 91104=
07591,2009-07-31 06:00:00,14,,-0,66,7.8,,7.408,11.112,,170,13.3,27.1,0,0,,,0,11.4,9,0,og-post,,,,AAXX 31064 07591 04/// /1704 10140 20078 39194 48535 55000 60002 700// 333 10271 20133 3/009 55114 60007 70000 90710 91106 555 60005=
07591,2009-07-31 07:00:00,17.7,,0.3,50,7.2,,3.704,14.816,,210,,,0,,,,,,,0,og-post,,,,AAXX 31074 07591 24/// /2102 10177 20072 39196 48545 53003 700// 333 60005 90710 91108=
07591,2009-07-31 08:00:00,21.2,,0.4,38,6.3,,7.408,14.816,,180,,,0,,,,,,,0,og-post,,,,AAXX 31084 07591 24/// /1804 10212 20063 39197 48554 52004 700// 333 60005 90710 91108=
07591,2009-07-31 09:00:00,23.3,,0,31,5.2,,7.408,14.816,,210,,,0,0,,,,,,0,og-post,,,,AAXX 31094 07591 24/// /2104 10233 20052 39194 48556 50000 700// 333 60007 90710 91108 555 60005=
07591,2009-07-31 10:00:00,25.8,,-0.8,27,5.4,,7.408,14.816,,220,,,0,,,,,,,0,og-post,,,,AAXX 31104 07591 24/// /2204 10258 20054 39188 48556 58008 700// 333 60005 90710 91108=
07591,2009-07-31 11:00:00,28.1,,-1.7,22,4.4,,7.408,18.52,,170,,,0,,,,,,,0,og-post,,,,AAXX 31114 07591 24/// /1704 10281 20044 39180 48553 58017 700// 333 60005 90710 91110=
07591,2009-07-31 12:00:00,30,,-2.2,16,1.5,,18.52,31.484,,210,,,0,0,,,,,,0,og-post,,,,AAXX 31124 07591 04/// /2110 10300 20015 39172 48550 58022 60001 700// 333 60007 90710 91117 555 60005=
07591,2009-07-31 13:00:00,31.3,,-1.9,13,-0.4,,14.816,31.484,,220,,,0,,,,,,,0,og-post,,,,AAXX 31134 07591 24/// /2208 10313 21004 39169 48549 56019 700// 333 60005 90710 91117=
07591,2009-07-31 14:00:00,30.6,,-1.1,16,1.9,,14.816,38.892,,230,,,0,,,,,,,0,og-post,,,,AAXX 31144 07591 24/// /2308 10306 20019 39169 48548 56011 700// 333 60005 90710 91121=
07591,2009-07-31 15:00:00,30.9,,-0.6,15,1.3,,18.52,35.188,,230,,,0,0,,,,,,0,og-post,,,,AAXX 31154 07591 24/// /2310 10309 20013 39166 48546 57006 700// 333 60007 90710 91119 555 60005=
07591,2009-07-31 16:00:00,30.9,,-0.2,17,3,,11.112,31.484,,260,,,0,,,,,,,0,og-post,,,,AAXX 31164 07591 24/// /2606 10309 20030 39167 48547 55002 700// 333 60005 90710 91117=
07591,2009-07-31 17:00:00,29.8,,-0.2,16,1.3,,14.816,31.484,,250,,,0,,,,,,,0,og-post,,,,AAXX 31174 07591 24/// /2508 10298 20013 39167 48544 56002 700// 333 60005 90710 91117=
07591,2009-07-31 18:00:00,28.1,,0.4,15,-0.9,,14.816,29.632,,240,14,31.7,0,0,,,,,,0,og-post,,,,AAXX 31184 07591 04/// /2408 10281 21009 39170 48543 53004 60002 700// 333 10317 20140 60007 90710 91116 555 60005=
07591,2009-07-31 19:00:00,25.5,,0.9,20,0.9,,7.408,25.928,,190,,,0,,,,,,,0,og-post,,,,AAXX 31194 07591 24/// /1904 10255 20009 39176 48543 53009 700// 333 60005 90710 91114=
07591,2009-07-31 20:00:00,23.6,,1.5,23,1.3,,7.408,14.816,,210,,,0,,,,,,,0,og-post,,,,AAXX 31204 07591 24/// /2104 10236 20013 39182 48545 53015 700// 333 60005 90710 91108=
07591,2009-07-31 21:00:00,22.1,,1.9,23,0,,11.112,18.52,,200,,,0,0,,,,,,0,og-post,,,,AAXX 31214 07591 24/// /2006 10221 20000 39189 48548 53019 700// 333 60007 90710 91110 555 60005=
07591,2009-07-31 22:00:00,19.5,,1.7,32,2.4,,7.408,18.52,,300,,,0,,,,,,,0,og-post,,,,AAXX 31224 07591 24/// /3004 10195 20024 39193 48546 51017 700// 333 60005 90710 91110=
07591,2009-07-31 23:00:00,18.9,,1.2,30,1,,7.408,11.112,,40,,,0,,,,,,,0,og-post,,,,AAXX 31234 07591 24/// /0404 10189 20010 39194 48545 51012 700// 333 60005 90710 91106=
07591,2009-08-01 00:00:00,17.1,,0.4,34,1.1,,3.704,7.408,,10,,,0,0,,,,,,0,og-post,,,,AAXX 01004 07591 04/// /0102 10171 20011 39193 48540 50004 60001 700// 333 60007 90710 91104 555 60005=
07591,2009-08-01 01:00:00,16.1,,-0.1,37,1.4,,3.704,11.112,,10,,,0,,,,,,,0,og-post,,,,AAXX 01014 07591 24/// /0102 10161 20014 39192 48537 58001 700// 333 60005 90710 91106=
07591,2009-08-01 02:00:00,14.9,,-0.4,43,2.4,,3.704,14.816,,320,,,0,,,,,,,0,og-post,,,,AAXX 01024 07591 24/// /3202 10149 20024 39190 48533 58004 700// 333 60005 90710 91108=
07591,2009-08-01 03:00:00,15,,-0.5,46,3.5,,11.112,18.52,,30,,,0,0,,,,,,0,og-post,,,,AAXX 01034 07591 24/// /0306 10150 20035 39188 48531 58005 700// 333 60007 90710 91110 555 60005=
07591,2009-08-01 04:00:00,15.1,,-0.3,45,3.3,,7.408,18.52,,60,,,0,,,,,,,0,og-post,,,,AAXX 01044 07591 24/// /0604 10151 20033 39189 48532 55003 700// 333 60005 90710 91110=
07591,2009-08-01 05:00:00,14.7,,-0.2,49,4.1,,14.816,22.224,,40,,,0,,,,,,,0,og-post,,,,AAXX 01054 07591 24/// /0408 10147 20041 39188 48531 56002 700// 333 60005 90710 91112=
07591,2009-08-01 06:00:00,15.3,,0,50,4.9,,14.816,25.928,,50,14.1,28,0,0,,,0,11.8,10,0,og-post,,,,AAXX 01064 07591 04/// /0508 10153 20049 39188 48532 50000 60002 700// 333 10280 20141 3/010 55118 60007 70000 90710 91114 555 60005=
07591,2009-08-01 07:00:00,19.8,,-0.2,39,5.5,,14.816,25.928,,30,,,0,,,,,,,0,og-post,,,,AAXX 01074 07591 24/// /0308 10198 20055 39187 48541 57002 700// 333 60005 90710 91114=
07591,2009-08-01 08:00:00,22.3,,-0.5,32,4.8,,11.112,29.632,,70,,,0,,,,,,,0,og-post,,,,AAXX 01084 07591 24/// /0706 10223 20048 39183 48543 58005 700// 333 60005 90710 91116=
07591,2009-08-01 09:00:00,25,,-1.2,19,-0.2,,7.408,14.816,,160,,,0,0,,,,,,0,og-post,,,,AAXX 01094 07591 24/// /1604 10250 21002 39176 48542 58012 700// 333 60007 90710 91108 555 60005=
07591,2009-08-01 10:00:00,27.4,,-1.8,21,3.2,,7.408,18.52,,210,,,0,,,,,,,0,og-post,,,,AAXX 01104 07591 24/// /2104 10274 20032 39169 48541 58018 700// 333 60005 90710 91110=
07591,2009-08-01 11:00:00,29.6,,-2,12,-2.8,,18.52,29.632,,210,,,0,,,,,,,0,og-post,,,,AAXX 01114 07591 24/// /2110 10296 21028 39163 48540 56020 700// 333 60005 90710 91116=
07591,2009-08-01 12:00:00,31.1,,-1.9,10,-4.1,,14.816,29.632,,220,,,0,0,,,,,,0,og-post,,,,AAXX 01124 07591 04/// /2208 10311 21041 39157 48537 56019 60001 700// 333 60007 90710 91116 555 60005=
07591,2009-08-01 13:00:00,31.6,,-1.8,10,-3.7,,18.52,31.484,,240,,,0,,,,,,,0,og-post,,,,AAXX 01134 07591 24/// /2410 10316 21037 39151 48532 57018 700// 333 60005 90710 91117=
07591,2009-08-01 14:00:00,31.7,,-1.6,9,-5,,18.52,38.892,,260,,,0,,,,,,,0,og-post,,,,AAXX 01144 07591 24/// /2610 10317 21050 39147 48529 56016 700// 333 60005 90710 91121=
07591,2009-08-01 15:00:00,31.3,,-1.4,10,-3.9,,22.224,38.892,,260,,,0,0,,,,,,0,og-post,,,,AAXX 01154 07591 24/// /2612 10313 21039 39143 48524 56014 700// 333 60007 90710 91121 555 60005=
07591,2009-08-01 16:00:00,31.4,,-0.8,11,-2.6,,18.52,38.892,,230,,,0,,,,,,,0,og-post,,,,AAXX 01164 07591 24/// /2310 10314 21026 39143 48524 56008 700// 333 60005 90710 91121=
07591,2009-08-01 17:00:00,29.8,,-0.4,13,-1.5,,18.52,38.892,,270,,,0,,,,,,,0,og-post,,,,AAXX 01174 07591 24/// /2710 10298 21015 39143 48521 56004 700// 333 60005 90710 91121=
07591,2009-08-01 18:00:00,28.1,,-0.3,18,1.6,,11.112,29.632,,270,15.3,32.1,0,0,,,,,,0,og-post,,,,AAXX 01184 07591 04/// /2706 10281 20016 39140 48515 58003 60002 700// 333 10321 20153 60007 90710 91116 555 60005=
07591,2009-08-01 19:00:00,26.5,,-0.4,27,6,,14.816,29.632,,260,,,0,,,,,,,0,og-post,,,,AAXX 01194 07591 24/// /2608 10265 20060 39139 48511 58004 700// 333 60005 90710 91116=
07591,2009-08-01 20:00:00,24.7,,0.2,32,6.9,,14.816,31.484,,200,,,0,,,,,,,0,og-post,,,,AAXX 01204 07591 24/// /2008 10247 20069 39145 48513 53002 700// 333 60005 90710 91117=
07591,2009-08-01 21:00:00,23.5,,1.8,35,7.2,,14.816,29.632,,200,,,0,0,,,,,,0,og-post,,,,AAXX 01214 07591 24/// /2008 10235 20072 39158 48523 53018 700// 333 60007 90710 91116 555 60005=
07591,2009-08-01 22:00:00,22.1,,2.1,40,7.9,,7.408,22.224,,330,,,0,,,,,,,0,og-post,,,,AAXX 01224 07591 24/// /3304 10221 20079 39160 48522 51021 700// 333 60005 90710 91112=
07591,2009-08-01 23:00:00,21.9,,1.8,40,7.7,,18.52,25.928,,210,,,0,,,,,,,0,og-post,,,,AAXX 01234 07591 24/// /2110 10219 20077 39163 48524 51018 700// 333 60005 90710 91114=
07591,2009-08-02 00:00:00,21.5,,0.4,38,6.6,,22.224,38.892,,220,,,0,0,,,,,,0,og-post,,,,AAXX 02004 07591 04/// /2212 10215 20066 39162 48522 50004 60001 700// 333 60007 90710 91121 555 60005=
07591,2009-08-02 01:00:00,20.5,,-0.1,38,5.7,,7.408,29.632,,250,,,0,,,,,,,0,og-post,,,,AAXX 02014 07591 24/// /2504 10205 20057 39159 48517 58001 700// 333 60005 90710 91116=
07591,2009-08-02 02:00:00,19.2,,-0.3,43,6.3,,7.408,18.52,,260,,,0,,,,,,,0,og-post,,,,AAXX 02024 07591 24/// /2604 10192 20063 39160 48515 55003 700// 333 60005 90710 91110=
07591,2009-08-02 03:00:00,18.9,,-0.6,45,6.7,,3.704,14.816,,240,,,0,0,,,,,,21,og-post,,,,AAXX 02034 07591 24/// /2402 10189 20067 39156 48511 58006 721// 333 60007 90710 91108 555 60005=
07591,2009-08-02 04:00:00,17.2,,-1.7,50,6.7,,11.112,14.816,,360,,,0,,,,,,,0,og-post,,,,AAXX 02044 07591 24/// /3606 10172 20067 39142 48494 58017 700// 333 60005 90710 91108=
07591,2009-08-02 05:00:00,16.2,,-1.1,57,7.7,,3.704,18.52,,290,,,0,,,,,,,0,og-post,,,,AAXX 02054 07591 24/// /2902 10162 20077 39149 48499 55011 700// 333 60005 90710 91110=
07591,2009-08-02 06:00:00,18.1,,-0.1,52,8.1,,7.408,35.188,,310,16.2,28.1,0,0,,,0,11.7,14,0,og-post,,,,AAXX 02064 07591 04/// /3104 10181 20081 39155 48509 55001 60002 700// 333 10281 20162 3/014 55117 60007 70000 90710 91119 555 60005=
07591,2009-08-02 07:00:00,16.1,,2.2,69,10.4,,11.112,57.412,,200,,,0.2,,,,,,,63,og-post,,,,AAXX 02074 07591 24/// /2006 10161 20104 39164 48513 53022 763// 333 69925 90710 91131=
07591,2009-08-02 08:00:00,14.3,,3.1,83,11.5,,14.816,29.632,,10,,,5,,,,,,,62,og-post,,,,AAXX 02084 07591 24/// /0108 10143 20115 39180 48524 53031 762// 333 60055 90710 91116=
07591,2009-08-02 09:00:00,13.7,,4.5,85,11.2,,14.816,31.484,,200,,,3,8,,,,,,64,og-post,,,,AAXX 02094 07591 24/// /2008 10137 20112 39200 48541 53045 764// 333 60087 90710 91117 555 60035=
07591,2009-08-02 10:00:00,13.7,,1.1,81,10.5,,22.224,38.892,,20,,,2,,,,,,,21,og-post,,,,AAXX 02104 07591 24/// /0212 10137 20105 39175 48518 50011 721// 333 60025 90710 91121=
07591,2009-08-02 11:00:00,17.9,,-1.8,54,8.5,,18.52,38.892,,30,,,0,,,,,,,0,og-post,,,,AAXX 02114 07591 24/// /0310 10179 20085 39162 48515 58018 700// 333 60005 90710 91121=
07591,2009-08-02 12:00:00,21,,-4,42,7.6,,3.704,25.928,,30,,,0,2,10,,,,,0,og-post,,,,AAXX 02124 07591 04/// /0302 10210 20076 39160 48519 56040 60101 700// 333 60027 90710 91114 555 60005=
07591,2009-08-02 13:00:00,21.2,,-1.8,40,7.1,,3.704,11.112,,200,,,0,,,,,,,0,og-post,,,,AAXX 02134 07591 24/// /2002 10212 20071 39157 48517 56018 700// 333 60005 90710 91106=
07591,2009-08-02 14:00:00,23,,-0.8,43,9.8,,7.408,22.224,,170,,,0,,,,,,,0,og-post,,,,AAXX 02144 07591 24/// /1704 10230 20098 39154 48519 58008 700// 333 60005 90710 91112=
07591,2009-08-02 15:00:00,23.2,,-0.9,39,8.5,,7.408,25.928,,200,,,0,0,,,,,,0,og-post,,,,AAXX 02154 07591 24/// /2004 10232 20085 39151 48516 57009 700// 333 60007 90710 91114 555 60005=
07591,2009-08-02 16:00:00,23.8,,-0.8,38,8.6,,7.408,29.632,,200,,,0,,,,,,,0,og-post,,,,AAXX 02164 07591 24/// /2004 10238 20086 39149 48515 56008 700// 333 60005 90710 91116=
07591,2009-08-02 17:00:00,23.1,,-0.8,36,7.2,,11.112,25.928,,210,,,0,,,,,,,0,og-post,,,,AAXX 02174 07591 24/// /2106 10231 20072 39146 48511 57008 700// 333 60005 90710 91114=
07591,2009-08-02 18:00:00,21.4,,-0.6,47,9.6,,3.704,14.816,,260,13.5,24.3,0,0,,10,,,,0,og-post,,,,AAXX 02184 07591 04/// /2602 10214 20096 39145 48507 56006 60102 700// 333 10243 20135 60007 90710 91108 555 60005=
07591,2009-08-02 19:00:00,20.1,,-0.4,50,9.4,,3.704,14.816,,190,,,0,,,,,,,0,og-post,,,,AAXX 02194 07591 24/// /1902 10201 20094 39145 48504 56004 700// 333 60005 90710 91108=
07591,2009-08-02 20:00:00,18.7,,0.5,56,9.8,,3.704,11.112,,270,,,0,,,,,,,0,og-post,,,,AAXX 02204 07591 24/// /2702 10187 20098 39151 48507 53005 700// 333 60005 90710 91106=
07591,2009-08-02 21:00:00,17.6,,0.9,61,10,,3.704,11.112,,270,,,0,0,,,,,,0,og-post,,,,AAXX 02214 07591 24/// /2702 10176 20100 39154 48507 53009 700// 333 60007 90710 91106 555 60005=
07591,2009-08-02 22:00:00,17.1,,0.8,62,9.8,,3.704,7.408,,290,,,0,,,,,,,0,og-post,,,,AAXX 02224 07591 24/// /2902 10171 20098 39153 48505 50008 700// 333 60005 90710 91104=
07591,2009-08-02 23:00:00,16.8,,0.4,65,10.2,,3.704,11.112,,270,,,0,,,,,,,0,og-post,,,,AAXX 02234 07591 24/// /2702 10168 20102 39155 48506 51004 700// 333 60005 90710 91106=
07591,2009-08-03 00:00:00,15.9,,-0.3,71,10.7,,3.704,7.408,,30,,,0,0,,,,,,0,og-post,,,,AAXX 03004 07591 04/// /0302 10159 20107 39151 48501 58003 60001 700// 333 60007 90710 91104 555 60005=
07591,2009-08-03 01:00:00,15.3,,-0,74,10.7,,3.704,7.408,,350,,,0,,,,,,,0,og-post,,,,AAXX 03014 07591 24/// /3502 10153 20107 39153 48501 54000 700// 333 60005 90710 91104=
07591,2009-08-03 02:00:00,15.3,,-0.4,75,10.9,,3.704,7.408,,330,,,0,,,,,,,0,og-post,,,,AAXX 03024 07591 24/// /3302 10153 20109 39151 48499 56004 700// 333 60005 90710 91104=
07591,2009-08-03 03:00:00,15.5,,0.1,72,10.5,,3.704,11.112,,210,,,0,0,,,,,,0,og-post,,,,AAXX 03034 07591 24/// /2102 10155 20105 39152 48501 51001 700// 333 60007 90710 91106 555 60005=
07591,2009-08-03 04:00:00,15.2,,-0.3,74,10.6,,3.704,11.112,,210,,,0,,,,,,,0,og-post,,,,AAXX 03044 07591 24/// /2102 10152 20106 39150 48498 57003 700// 333 60005 90710 91106=
07591,2009-08-03 05:00:00,15,,-0.9,76,10.8,,11.112,14.816,,20,,,0,,,,,,,0,og-post,,,,AAXX 03054 07591 24/// /0206 10150 20108 39142 48491 58009 700// 333 60005 90710 91108=
07591,2009-08-03 06:00:00,15.5,,-0.6,75,11.1,,7.408,22.224,,250,14.6,21.4,0,0,,,10.4,4.1,13,0,og-post,,,,AAXX 03064 07591 04/// /2504 10155 20111 39146 48495 55006 60002 700// 333 10214 20146 3/013 55041 60007 70104 90710 91112 555 60005=
07591,2009-08-03 07:00:00,16.3,,0.1,68,10.4,,7.408,25.928,,200,,,0,,,,,,,0,og-post,,,,AAXX 03074 07591 24/// /2004 10163 20104 39151 48501 53001 700// 333 60005 90710 91114=
07591,2009-08-03 09:00:00,19,,0.3,55,9.8,,14.816,29.632,,210,,,0,0,,,,,,0,og-post,,,,AAXX 03094 07591 24/// /2108 10190 20098 39149 48505 50003 700// 333 60007 90710 91116 555 60005=
07591,2009-08-03 12:00:00,21.2,,-1.7,33,4.3,,14.816,25.928,,210,,,0,0,,,,,,0,og-post,,,,AAXX 03124 07591 04/// /2108 10212 20043 39132 48493 58017 60001 700// 333 60007 90710 91114 555 60005=
07591,2009-08-03 15:00:00,19.1,,-0.2,43,6.2,,22.224,38.892,,230,,,0,0,,,,,,0,og-post,,,,AAXX 03154 07591 24/// /2312 10191 20062 39130 48487 55002 700// 333 60007 90710 91121 555 60005=
07591,2009-08-03 18:00:00,16.6,,0.9,49,5.9,,7.408,22.224,,240,15.6,23.2,0,0,,,,,,0,og-post,,,,AAXX 03184 07591 04/// /2404 10166 20059 39139 48490 51009 60002 700// 333 10232 20156 60007 90710 91112 555 60005=
07591,2009-08-03 21:00:00,12,,2.1,72,7.1,,7.408,11.112,,10,,,0,0,,,,,,0,og-post,,,,AAXX 03214 07591 24/// /0104 10120 20071 39160 48500 51021 700// 333 60007 90710 91106 555 60005=
07591,2009-08-04 00:00:00,10.1,,0.4,82,7.2,,3.704,11.112,,210,,,0,0,,,,,,0,og-post,,,,AAXX 04004 07591 04/// /2102 10101 20072 39164 48499 53004 60001 700// 333 60007 90710 91106 555 60005=
07591,2009-08-04 03:00:00,11.5,,-0.6,62,4.5,,14.816,22.224,,20,,,0,0,,,,,,0,og-post,,,,AAXX 04034 07591 24/// /0208 10115 20045 39158 48496 56006 700// 333 60007 90710 91112 555 60005=
07591,2009-08-04 06:00:00,9.9,,0.8,69,4.5,,11.112,22.224,,60,9,16.6,0,0,,,0,3.1,6,0,og-post,,,,AAXX 04064 07591 04/// /0606 10099 20045 39166 48500 50008 60002 700// 333 10166 20090 3/006 55031 60007 70000 90710 91112 555 60005=
07591,2009-08-04 07:00:00,14.5,,0.4,50,4.2,,7.408,14.816,,210,,,0,,,,,,,0,og-post,,,,AAXX 04074 07591 24/// /2104 10145 20042 39167 48511 51004 700// 333 60005 90710 91108=
07591,2009-08-04 08:00:00,17,,-0,45,5,,3.704,14.816,,140,,,0,,,,,,,0,og-post,,,,AAXX 04084 07591 24/// /1402 10170 20050 39168 48518 55000 700// 333 60005 90710 91108=
07591,2009-08-04 09:00:00,18.9,,-0.1,36,3.5,,7.408,14.816,,180,,,0,0,,,,,,0,og-post,,,,AAXX 04094 07591 24/// /1804 10189 20035 39165 48519 58001 700// 333 60007 90710 91108 555 60005=
07591,2009-08-04 10:00:00,21.2,,-0.3,34,4.7,,11.112,18.52,,200,,,0,,,,,,,0,og-post,,,,AAXX 04104 07591 24/// /2006 10212 20047 39164 48523 58003 700// 333 60005 90710 91110=
07591,2009-08-04 11:00:00,23.1,,-0.9,26,2.6,,14.816,22.224,,220,,,0,,,,,,,0,og-post,,,,AAXX 04114 07591 24/// /2208 10231 20026 39159 48522 58009 700// 333 60005 90710 91112=
07591,2009-08-04 12:00:00,25.1,,-1,26,4.3,,14.816,25.928,,210,,,0,0,,,,,,0,og-post,,,,AAXX 04124 07591 04/// /2108 10251 20043 39155 48523 58010 60001 700// 333 60007 90710 91114 555 60005=
07591,2009-08-04 13:00:00,25.9,,-1.5,24,3.8,,18.52,31.484,,210,,,0,,,,,,,0,og-post,,,,AAXX 04134 07591 24/// /2110 10259 20038 39149 48519 58015 700// 333 60005 90710 91117=
07591,2009-08-04 14:00:00,26.8,,-1.1,21,2.7,,22.224,35.188,,210,,,0,,,,,,,0,og-post,,,,AAXX 04144 07591 24/// /2112 10268 20027 39148 48520 56011 700// 333 60005 90710 91119=
07591,2009-08-04 15:00:00,27.1,,-0.7,20,2.2,,18.52,35.188,,220,,,0,0,,,,,,0,og-post,,,,AAXX 04154 07591 24/// /2210 10271 20022 39148 48520 56007 700// 333 60007 90710 91119 555 60005=
07591,2009-08-04 16:00:00,27.7,,-0,17,0.5,,14.816,31.484,,220,,,0,,,,,,,0,og-post,,,,AAXX 04164 07591 24/// /2208 10277 20005 39149 48522 55000 700// 333 60005 90710 91117=
07591,2009-08-04 17:00:00,27.1,,0.2,18,0.8,,11.112,25.928,,230,,,0,,,,,,,0,og-post,,,,AAXX 04174 07591 24/// /2306 10271 20008 39150 48522 53002 700// 333 60005 90710 91114=
07591,2009-08-04 18:00:00,23.9,,0.6,32,6.2,,11.112,29.632,,210,10,27.7,0,0,,,,,,0,og-post,,,,AAXX 04184 07591 04/// /2106 10239 20062 39154 48520 53006 60002 700// 333 10277 20100 60007 90710 91116 555 60005=
07591,2009-08-04 19:00:00,22.3,,1.3,37,6.9,,11.112,22.224,,190,,,0,,,,,,,0,og-post,,,,AAXX 04194 07591 24/// /1906 10223 20069 39162 48524 53013 700// 333 60005 90710 91112=
07591,2009-08-04 20:00:00,20.4,,2,42,7.1,,3.704,18.52,,210,,,0,,,,,,,0,og-post,,,,AAXX 04204 07591 24/// /2102 10204 20071 39170 48527 53020 700// 333 60005 90710 91110=
07591,2009-08-04 21:00:00,18,,2.3,52,8,,,11.112,,,,,0,0,,,,,,0,og-post,,,,AAXX 04214 07591 24/// /0000 10180 20080 39177 48529 51023 700// 333 60007 90710 91106 555 60005=
07591,2009-08-04 22:00:00,17.7,,2.1,52,7.7,,3.704,11.112,,260,,,0,,,,,,,0,og-post,,,,AAXX 04224 07591 24/// /2602 10177 20077 39183 48533 51021 700// 333 60005 90710 91106=
07591,2009-08-04 23:00:00,16.2,,1.6,60,8.4,,3.704,7.408,,40,,,0,,,,,,,0,og-post,,,,AAXX 04234 07591 24/// /0402 10162 20084 39186 48533 51016 700// 333 60005 90710 91104=
07591,2009-08-05 00:00:00,15.3,,0.7,62,8.1,,11.112,18.52,,50,,,0,0,,,,,,0,og-post,,,,AAXX 05004 07591 04/// /0506 10153 20081 39184 48529 50007 60001 700// 333 60007 90710 91110 555 60005=
07591,2009-08-05 01:00:00,14.4,,0.2,62,7.2,,7.408,22.224,,40,,,0,,,,,,,0,og-post,,,,AAXX 05014 07591 24/// /0404 10144 20072 39185 48528 51002 700// 333 60005 90710 91112=
07591,2009-08-05 02:00:00,13.5,,-0,67,7.5,,,7.408,,,,,0,,,,,,,0,og-post,,,,AAXX 05024 07591 24/// /0000 10135 20075 39186 48527 55000 700// 333 60005 90710 91104=
07591,2009-08-05 03:00:00,13.3,,0.3,63,6.4,,7.408,18.52,,30,,,0,0,,,,,,0,og-post,,,,AAXX 05034 07591 24/// /0304 10133 20064 39187 48527 52003 700// 333 60007 90710 91110 555 60005=
07591,2009-08-05 04:00:00,12.6,,0.2,66,6.4,,11.112,14.816,,50,,,0,,,,,,,0,og-post,,,,AAXX 05044 07591 24/// /0506 10126 20064 39187 48525 51002 700// 333 60005 90710 91108=
07591,2009-08-05 05:00:00,12.7,,0.3,64,6.1,,7.408,18.52,,60,,,0,,,,,,,0,og-post,,,,AAXX 05054 07591 24/// /0604 10127 20061 39189 48527 53003 700// 333 60005 90710 91110=
07591,2009-08-05 06:00:00,13.1,,0.4,64,6.5,,11.112,14.816,,70,12.5,23.9,0,0,,,0,11.7,9,0,og-post,,,,AAXX 05064 07591 04/// /0706 10131 20065 39191 48530 53004 60002 700// 333 10239 20125 3/009 55117 60007 70000 90710 91108 555 60005=
07591,2009-08-05 07:00:00,17.6,,0.5,48,6.5,,11.112,25.928,,50,,,0,,,,,,,0,og-post,,,,AAXX 05074 07591 24/// /0506 10176 20065 39192 48541 51005 700// 333 60005 90710 91114=
07591,2009-08-05 08:00:00,20.3,,0.1,36,4.8,,11.112,29.632,,60,,,0,,,,,,,0,og-post,,,,AAXX 05084 07591 24/// /0606 10203 20048 39190 48545 50001 700// 333 60005 90710 91116=
07591,2009-08-05 09:00:00,22.5,,-0.3,31,4.5,,3.704,18.52,,110,,,0,0,,,,,,0,og-post,,,,AAXX 05094 07591 24/// /1102 10225 20045 39188 48548 58003 700// 333 60007 90710 91110 555 60005=
07591,2009-08-05 10:00:00,24.6,,-0.6,28,4.9,,7.408,14.816,,210,,,0,,,,,,,0,og-post,,,,AAXX 05104 07591 24/// /2104 10246 20049 39186 48551 57006 700// 333 60005 90710 91108=
07591,2009-08-05 11:00:00,26.9,,-0.9,26,5.8,,11.112,25.928,,210,,,0,,,,,,,0,og-post,,,,AAXX 05114 07591 24/// /2106 10269 20058 39181 48552 58009 700// 333 60005 90710 91114=
07591,2009-08-05 12:00:00,27.9,,-1.3,25,6.1,,18.52,29.632,,210,,,0,0,,,,,,0,og-post,,,,AAXX 05124 07591 04/// /2110 10279 20061 39175 48549 58013 60001 700// 333 60007 90710 91116 555 60005=
07591,2009-08-05 13:00:00,29.3,,-1.4,20,4,,18.52,31.484,,210,,,0,,,,,,,0,og-post,,,,AAXX 05134 07591 24/// /2110 10293 20040 39172 48548 56014 700// 333 60005 90710 91117=
07591,2009-08-05 14:00:00,30.1,,-1.3,16,1.5,,14.816,31.484,,220,,,0,,,,,,,0,og-post,,,,AAXX 05144 07591 24/// /2208 10301 20015 39168 48546 56013 700// 333 60005 90710 91117=
07591,2009-08-05 15:00:00,30.1,,-0.9,17,2.4,,18.52,35.188,,220,,,0,0,,,,,,0,og-post,,,,AAXX 05154 07591 24/// /2210 10301 20024 39166 48544 56009 700// 333 60007 90710 91119 555 60005=
07591,2009-08-05 18:00:00,27.5,,0.1,23,4.5,,11.112,29.632,,210,13.1,30.3,0,0,,,,,,0,og-post,,,,AAXX 05184 07591 04/// /2106 10275 20045 39167 48540 53001 60002 700// 333 10303 20131 60007 90710 91116 555 60005=
07591,2009-08-05 21:00:00,21.1,,1.8,38,6.2,,3.704,7.408,,320,,,0,0,,,,,,0,og-post,,,,AAXX 05214 07591 24/// /3202 10211 20062 39185 48543 52018 700// 333 60007 90710 91104 555 60005=
07591,2009-08-05 22:00:00,19.9,,1.7,42,6.6,,3.704,11.112,,10,,,0,,,,,,,0,og-post,,,,AAXX 05224 07591 24/// /0102 10199 20066 39189 48544 51017 700// 333 60005 90710 91106=
07591,2009-08-05 23:00:00,19.5,,1,42,6.3,,3.704,11.112,,30,,,0,,,,,,,0,og-post,,,,AAXX 05234 07591 24/// /0302 10195 20063 39190 48544 51010 700// 333 60005 90710 91106=
07591,2009-08-06 00:00:00,17.5,,0.7,52,7.5,,,11.112,,,,,0,0,,,,,,0,og-post,,,,AAXX 06004 07591 04/// /0000 10175 20075 39192 48541 51007 60001 700// 333 60007 90710 91106 555 60005=
07591,2009-08-06 01:00:00,16.2,,0.6,57,7.7,,7.408,7.408,,360,,,0,,,,,,,0,og-post,,,,AAXX 06014 07591 24/// /3604 10162 20077 39195 48541 53006 700// 333 60005 90710 91104=
07591,2009-08-06 02:00:00,15.2,,0.7,61,7.7,,,7.408,,,,,0,,,,,,,0,og-post,,,,AAXX 06024 07591 24/// /0000 10152 20077 39197 48540 52007 700// 333 60005 90710 91104=
07591,2009-08-06 03:00:00,14.7,,0.5,64,8,,3.704,7.408,,20,,,0,0,,,,,,0,og-post,,,,AAXX 06034 07591 24/// /0202 10147 20080 39197 48539 51005 700// 333 60007 90710 91104 555 60005=
07591,2009-08-06 04:00:00,14.4,,0.2,64,7.7,,11.112,14.816,,40,,,0,,,,,,,0,og-post,,,,AAXX 06044 07591 24/// /0406 10144 20077 39197 48539 51002 700// 333 60005 90710 91108=
07591,2009-08-06 05:00:00,14.4,,-0,65,7.9,,11.112,18.52,,40,,,0,,,,,,,0,og-post,,,,AAXX 06054 07591 24/// /0406 10144 20079 39197 48539 54000 700// 333 60005 90710 91110=
07591,2009-08-06 06:00:00,14.3,,-0.1,66,8,,7.408,18.52,,70,14.1,27.5,0,0,,,0,11.7,10,0,og-post,,,,AAXX 06064 07591 04/// /0704 10143 20080 39196 48538 58001 60002 700// 333 10275 20141 3/010 55117 60007 70000 90710 91110 555 60005=
07591,2009-08-06 07:00:00,18.6,,-0.3,50,8,,11.112,14.816,,70,,,0,,,,,,,0,og-post,,,,AAXX 06074 07591 24/// /0706 10186 20080 39194 48546 58003 700// 333 60005 90710 91108=
07591,2009-08-06 08:00:00,21.8,,-0.9,39,7.2,,11.112,22.224,,50,,,0,,,,,,,0,og-post,,,,AAXX 06084 07591 24/// /0506 10218 20072 39188 48547 58009 700// 333 60005 90710 91112=
07591,2009-08-06 09:00:00,24.3,,-0.7,31,6.1,,7.408,18.52,,170,,,0,0,,,,,,0,og-post,,,,AAXX 06094 07591 24/// /1704 10243 20061 39189 48554 55007 700// 333 60007 90710 91110 555 60005=
07591,2009-08-06 10:00:00,26.1,,-0.8,28,6.2,,7.408,14.816,,180,,,0,,,,,,,0,og-post,,,,AAXX 06104 07591 24/// /1804 10261 20062 39186 48555 56008 700// 333 60005 90710 91108=
07591,2009-08-06 11:00:00,29.1,,-0.8,17,1.6,,11.112,25.928,,200,,,0,,,,,,,0,og-post,,,,AAXX 06114 07591 24/// /2006 10291 20016 39180 48555 58008 700// 333 60005 90710 91114=
07591,2009-08-06 12:00:00,30.3,,-1.3,12,-2.2,,18.52,35.188,,230,,,0,0,,,,,,0,og-post,,,,AAXX 06124 07591 04/// /2310 10303 21022 39176 48554 58013 60001 700// 333 60007 90710 91119 555 60005=
07591,2009-08-06 13:00:00,31.3,,-1.6,10,-3.9,,18.52,31.484,,220,,,0,,,,,,,0,og-post,,,,AAXX 06134 07591 24/// /2210 10313 21039 39170 48550 57016 700// 333 60005 90710 91117=
07591,2009-08-06 14:00:00,31.8,,-1.4,12,-1.1,,18.52,35.188,,230,,,0,,,,,,,0,og-post,,,,AAXX 06144 07591 24/// /2310 10318 21011 39166 48547 57014 700// 333 60005 90710 91119=
07591,2009-08-06 15:00:00,31.8,,-1.3,12,-1.1,,18.52,31.484,,230,,,0,0,,,,,,0,og-post,,,,AAXX 06154 07591 24/// /2310 10318 21011 39163 48545 56013 700// 333 60007 90710 91117 555 60005=
07591,2009-08-06 16:00:00,31.5,,-0.8,15,1.8,,18.52,31.484,,220,,,0,,,,,,,0,og-post,,,,AAXX 06164 07591 24/// /2210 10315 20018 39162 48543 56008 700// 333 60005 90710 91117=
07591,2009-08-06 17:00:00,31,,-0.8,14,0.4,,14.816,25.928,,230,,,0,,,,,,,0,og-post,,,,AAXX 06174 07591 24/// /2308 10310 20004 39158 48538 58008 700// 333 60005 90710 91114=
07591,2009-08-06 18:00:00,28.8,,-0.3,17,1.3,,11.112,29.632,,220,14.2,32.2,0,0,,,,,,0,og-post,,,,AAXX 06184 07591 04/// /2206 10288 20013 39160 48535 55003 60002 700// 333 10322 20142 60007 90710 91116 555 60005=
07591,2009-08-06 19:00:00,26.8,,0.3,30,7.8,,14.816,31.484,,210,,,0,,,,,,,0,og-post,,,,AAXX 06194 07591 24/// /2108 10268 20078 39165 48537 53003 700// 333 60005 90710 91117=
07591,2009-08-06 20:00:00,24.6,,1.4,34,7.7,,7.408,22.224,,190,,,0,,,,,,,0,og-post,,,,AAXX 06204 07591 24/// /1904 10246 20077 39172 48539 53014 700// 333 60005 90710 91112=
07591,2009-08-06 21:00:00,23.2,,1.8,38,8.1,,3.704,22.224,,190,,,0,0,,,,,,0,og-post,,,,AAXX 06214 07591 24/// /1902 10232 20081 39178 48541 53018 700// 333 60007 90710 91112 555 60005=
07591,2009-08-06 22:00:00,20.8,,1.7,46,8.8,,7.408,7.408,,350,,,0,,,,,,,0,og-post,,,,AAXX 06224 07591 24/// /3504 10208 20088 39182 48540 51017 700// 333 60005 90710 91104=
07591,2009-08-06 23:00:00,19.6,,1.1,48,8.3,,3.704,11.112,,10,,,0,,,,,,,0,og-post,,,,AAXX 06234 07591 24/// /0102 10196 20083 39183 48538 51011 700// 333 60005 90710 91106=
07591,2009-08-07 00:00:00,18.6,,0.5,50,8,,7.408,11.112,,20,,,0,0,,,,,,0,og-post,,,,AAXX 07004 07591 04/// /0204 10186 20080 39183 48535 51005 60001 700// 333 60007 90710 91106 555 60005=
07591,2009-08-07 01:00:00,17.8,,-0.1,54,8.4,,3.704,14.816,,100,,,0,,,,,,,0,og-post,,,,AAXX 07014 07591 24/// /1002 10178 20084 39181 48532 58001 700// 333 60005 90710 91108=
07591,2009-08-07 02:00:00,17.4,,-0.3,52,7.5,,11.112,18.52,,30,,,0,,,,,,,0,og-post,,,,AAXX 07024 07591 24/// /0306 10174 20075 39180 48530 58003 700// 333 60005 90710 91110=
07591,2009-08-07 03:00:00,17.4,,-0.4,50,6.9,,11.112,22.224,,30,,,0,0,,,,,,0,og-post,,,,AAXX 07034 07591 24/// /0306 10174 20069 39179 48529 56004 700// 333 60007 90710 91112 555 60005=
07591,2009-08-07 04:00:00,17.4,,-0.2,49,6.6,,11.112,18.52,,40,,,0,,,,,,,0,og-post,,,,AAXX 07044 07591 24/// /0406 10174 20066 39179 48529 56002 700// 333 60005 90710 91110=
07591,2009-08-07 05:00:00,16.8,,-0,51,6.6,,3.704,14.816,,40,,,0,,,,,,,0,og-post,,,,AAXX 07054 07591 24/// /0402 10168 20066 39180 48528 55000 700// 333 60005 90710 91108=
07591,2009-08-07 06:00:00,16.9,,-0.2,52,7,,11.112,18.52,,50,16.7,28.8,0,0,,,0,11.7,14,0,og-post,,,,AAXX 07064 07591 04/// /0506 10169 20070 39177 48526 58002 60002 700// 333 10288 20167 3/014 55117 60007 70000 90710 91110 555 60005=
07591,2009-08-07 07:00:00,20.3,,-0.1,44,7.7,,3.704,14.816,,120,,,0,,,,,,,0,og-post,,,,AAXX 07074 07591 24/// /1202 10203 20077 39178 48535 57001 700// 333 60005 90710 91108=
07591,2009-08-07 08:00:00,22.5,,-0.1,36,6.7,,7.408,11.112,,210,,,0,,,,,,,0,og-post,,,,AAXX 07084 07591 24/// /2104 10225 20067 39179 48540 55001 700// 333 60005 90710 91106=
07591,2009-08-07 09:00:00,25,,-0.1,29,5.7,,7.408,14.816,,230,,,0,0,,,,,,0,og-post,,,,AAXX 07094 07591 24/// /2304 10250 20057 39176 48543 58001 700// 333 60007 90710 91108 555 60005=
07591,2009-08-07 10:00:00,27.4,,-0.6,25,5.6,,11.112,22.224,,190,,,0,,,,,,,0,og-post,,,,AAXX 07104 07591 24/// /1906 10274 20056 39172 48544 58006 700// 333 60005 90710 91112=
07591,2009-08-07 11:00:00,29.4,,-1.2,19,3.4,,18.52,31.484,,230,,,0,,,,,,,0,og-post,,,,AAXX 07114 07591 24/// /2310 10294 20034 39167 48544 58012 700// 333 60005 90710 91117=
07591,2009-08-07 12:00:00,30,,-1.6,20,4.6,,22.224,38.892,,220,,,0,0,,,,,,0,og-post,,,,AAXX 07124 07591 04/// /2212 10300 20046 39160 48539 58016 60001 700// 333 60007 90710 91121 555 60005=
07591,2009-08-07 13:00:00,30.2,,-1.5,20,4.8,,22.224,42.596,,210,,,0,,,,,,,0,og-post,,,,AAXX 07134 07591 24/// /2112 10302 20048 39157 48536 56015 700// 333 60005 90710 91123=
07591,2009-08-07 14:00:00,30.4,,-1.5,18,3.4,,18.52,35.188,,220,,,0,,,,,,,0,og-post,,,,AAXX 07144 07591 24/// /2210 10304 20034 39152 48532 56015 700// 333 60005 90710 91119=
07591,2009-08-07 15:00:00,28.2,,-0.5,26,6.9,,22.224,38.892,,220,,,0,0,,,,,,0,og-post,,,,AAXX 07154 07591 24/// /2212 10282 20069 39155 48530 55005 700// 333 60007 90710 91121 555 60005=
07591,2009-08-07 16:00:00,27.1,,0.2,30,8,,14.816,42.596,,230,,,0,,,,,,,0,og-post,,,,AAXX 07164 07591 24/// /2308 10271 20080 39159 48532 53002 700// 333 60005 90710 91123=
07591,2009-08-07 17:00:00,23.9,,1.8,35,7.5,,22.224,57.412,,320,,,0,,,,,,,61,og-post,,,,AAXX 07174 07591 24/// /3212 10239 20075 39170 48535 53018 761// 333 60005 90710 91131=
07591,2009-08-07 18:00:00,19,,3.1,61,11.3,,25.928,53.708,,20,17,30.7,0.2,0.2,,0.2,,,,61,og-post,,,,AAXX 07184 07591 04/// /0214 10190 20113 39186 48540 53031 69922 761// 333 10307 20170 69927 90710 91129 555 69925=
07591,2009-08-07 19:00:00,17.9,,3.3,69,12.1,,29.632,53.708,,10,,,0.2,,,,,,,61,og-post,,,,AAXX 07194 07591 24/// /0116 10179 20121 39192 48543 51033 761// 333 69925 90710 91129=
07591,2009-08-07 20:00:00,16.7,,2.5,81,13.4,,14.816,38.892,,10,,,0.4,,,,,,,61,og-post,,,,AAXX 07204 07591 24/// /0108 10167 20134 39195 48543 51025 761// 333 69945 90710 91121=
07591,2009-08-07 21:00:00,16.9,,0.5,79,13.2,,14.816,29.632,,30,,,0.2,0.8,,,,,,21,og-post,,,,AAXX 07214 07591 24/// /0308 10169 20132 39191 48540 50005 721// 333 69987 90710 91116 555 69925=
07591,2009-08-07 22:00:00,16.8,,-0.5,79,13.1,,14.816,29.632,,30,,,0,,,,,,,0,og-post,,,,AAXX 07224 07591 24/// /0308 10168 20131 39187 48536 58005 700// 333 60005 90710 91116=
07591,2009-08-07 23:00:00,17.3,,-1,76,13,,14.816,31.484,,30,,,0,,,,,,,0,og-post,,,,AAXX 07234 07591 24/// /0308 10173 20130 39185 48536 56010 700// 333 60005 90710 91117=
07591,2009-08-08 00:00:00,17.6,,-0.7,72,12.5,,18.52,29.632,,20,,,0,0,0.8,,,,,0,og-post,,,,AAXX 08004 07591 04/// /0210 10176 20125 39184 48535 56007 69981 700// 333 60007 90710 91116 555 60005=
07591,2009-08-08 01:00:00,17.3,,-0.8,71,12,,18.52,29.632,,20,,,0,,,,,,,0,og-post,,,,AAXX 08014 07591 24/// /0210 10173 20120 39179 48530 58008 700// 333 60005 90710 91116=
07591,2009-08-08 02:00:00,16.2,,-1.1,77,12.2,,11.112,31.484,,50,,,0,,,,,,,0,og-post,,,,AAXX 08024 07591 24/// /0506 10162 20122 39174 48523 58011 700// 333 60005 90710 91117=
07591,2009-08-08 03:00:00,16.4,,-1,74,11.8,,14.816,31.484,,20,,,0,0,,,,,,0,og-post,,,,AAXX 08034 07591 24/// /0208 10164 20118 39174 48523 56010 700// 333 60007 90710 91117 555 60005=
07591,2009-08-08 04:00:00,15.1,,-0.4,79,11.5,,14.816,25.928,,40,,,0,,,,,,,0,og-post,,,,AAXX 08044 07591 24/// /0408 10151 20115 39175 48521 55004 700// 333 60005 90710 91114=
07591,2009-08-08 05:00:00,15.3,,0.4,76,11.1,,14.816,29.632,,30,,,0,,,,,,,0,og-post,,,,AAXX 08054 07591 24/// /0308 10153 20111 39178 48524 53004 700// 333 60005 90710 91116=
07591,2009-08-08 06:00:00,15.9,,0.4,72,10.9,,14.816,29.632,,30,14.9,18.9,0,0,,0.8,1,8.7,13,0,og-post,,,,AAXX 08064 07591 04/// /0308 10159 20109 39178 48525 51004 69982 700// 333 10189 20149 3/013 55087 60007 70010 90710 91116 555 60005=
07591,2009-08-08 07:00:00,16.8,,0.3,68,10.9,,18.52,31.484,,20,,,0,,,,,,,0,og-post,,,,AAXX 08074 07591 24/// /0210 10168 20109 39178 48527 51003 700// 333 60005 90710 91117=
07591,2009-08-08 08:00:00,19,,-0.3,61,11.3,,11.112,22.224,,80,,,0,,,,,,,0,og-post,,,,AAXX 08084 07591 24/// /0806 10190 20113 39175 48530 58003 700// 333 60005 90710 91112=
07591,2009-08-08 09:00:00,21.5,,-0.6,51,10.9,,3.704,14.816,,190,,,0,0,,,,,,0,og-post,,,,AAXX 08094 07591 24/// /1902 10215 20109 39172 48532 58006 700// 333 60007 90710 91108 555 60005=
07591,2009-08-08 10:00:00,24.5,,-1.1,41,10.4,,11.112,18.52,,180,,,0,,,,,,,0,og-post,,,,AAXX 08104 07591 24/// /1806 10245 20104 39167 48534 58011 700// 333 60005 90710 91110=
07591,2009-08-08 11:00:00,26.4,,-1.5,32,8.4,,14.816,29.632,,180,,,0,,,,,,,0,og-post,,,,AAXX 08114 07591 24/// /1808 10264 20084 39160 48531 58015 700// 333 60005 90710 91116=
07591,2009-08-08 12:00:00,28.3,,-1.8,28,8.1,,14.816,29.632,,220,,,0,0,,,,,,0,og-post,,,,AAXX 08124 07591 04/// /2208 10283 20081 39154 48530 58018 60001 700// 333 60007 90710 91116 555 60005=
07591,2009-08-08 13:00:00,27,,-1.8,31,8.4,,18.52,35.188,,220,,,0,,,,,,,0,og-post,,,,AAXX 08134 07591 24/// /2210 10270 20084 39149 48522 56018 700// 333 60005 90710 91119=
07591,2009-08-08 14:00:00,24.8,,-0.5,35,8.3,,22.224,35.188,,220,,,0,,,,,,,0,og-post,,,,AAXX 08144 07591 24/// /2212 10248 20083 39155 48523 55005 700// 333 60005 90710 91119=
07591,2009-08-08 15:00:00,24.2,,0.4,41,10.1,,14.816,35.188,,220,,,0,0,,,,,,0,og-post,,,,AAXX 08154 07591 24/// /2208 10242 20101 39158 48525 53004 700// 333 60007 90710 91119 555 60005=
07591,2009-08-08 16:00:00,24.5,,0.8,41,10.4,,11.112,29.632,,210,,,0,,,,,,,0,og-post,,,,AAXX 08164 07591 24/// /2106 10245 20104 39157 48525 50008 700// 333 60005 90710 91116=
07591,2009-08-08 17:00:00,24.1,,0.2,42,10.4,,11.112,22.224,,240,,,0,,,,,,,0,og-post,,,,AAXX 08174 07591 24/// /2406 10241 20104 39157 48524 51002 700// 333 60005 90710 91112=
07591,2009-08-08 18:00:00,22.5,,0.4,50,11.6,,7.408,22.224,,190,15.9,28.7,0,0,,,,,,0,og-post,,,,AAXX 08184 07591 04/// /1904 10225 20116 39162 48525 53004 60002 700// 333 10287 20159 60007 90710 91112 555 60005=
07591,2009-08-08 19:00:00,21.1,,0.7,51,10.6,,18.52,25.928,,360,,,0,,,,,,,0,og-post,,,,AAXX 08194 07591 24/// /3610 10211 20106 39164 48524 53007 700// 333 60005 90710 91114=
07591,2009-08-08 20:00:00,19.7,,1.3,57,10.9,,22.224,31.484,,20,,,0,,,,,,,0,og-post,,,,AAXX 08204 07591 24/// /0212 10197 20109 39170 48527 53013 700// 333 60005 90710 91117=
07591,2009-08-08 21:00:00,18.6,,1,63,11.4,,18.52,31.484,,40,,,0,0,,,,,,0,og-post,,,,AAXX 08214 07591 24/// /0410 10186 20114 39172 48526 52010 700// 333 60007 90710 91117 555 60005=
07591,2009-08-08 22:00:00,18.1,,0.6,66,11.7,,22.224,31.484,,20,,,0,,,,,,,0,og-post,,,,AAXX 08224 07591 24/// /0212 10181 20117 39170 48523 50006 700// 333 60005 90710 91117=
07591,2009-08-08 23:00:00,17.4,,0,67,11.2,,18.52,29.632,,30,,,0,,,,,,,0,og-post,,,,AAXX 08234 07591 24/// /0310 10174 20112 39170 48522 50000 700// 333 60005 90710 91116=
07591,2009-08-09 00:00:00,17.1,,-0.4,66,10.7,,18.52,35.188,,20,,,0,0,,,,,,0,og-post,,,,AAXX 09004 07591 04/// /0210 10171 20107 39168 48519 57004 60001 700// 333 60007 90710 91119 555 60005=
07591,2009-08-09 01:00:00,16.5,,-0.1,67,10.4,,22.224,31.484,,20,,,0,,,,,,,0,og-post,,,,AAXX 09014 07591 24/// /0212 10165 20104 39169 48518 55001 700// 333 60005 90710 91117=
07591,2009-08-09 02:00:00,16.1,,0.1,67,10,,14.816,35.188,,10,,,0,,,,,,,0,og-post,,,,AAXX 09024 07591 24/// /0108 10161 20100 39171 48519 53001 700// 333 60005 90710 91119=
07591,2009-08-09 03:00:00,15.8,,0.2,67,9.7,,18.52,31.484,,30,,,0,0,,,,,,0,og-post,,,,AAXX 09034 07591 24/// /0310 10158 20097 39170 48518 50002 700// 333 60007 90710 91117 555 60005=
07591,2009-08-09 04:00:00,14.8,,0,72,9.8,,18.52,25.928,,20,,,0,,,,,,,0,og-post,,,,AAXX 09044 07591 24/// /0210 10148 20098 39169 48515 50000 700// 333 60005 90710 91114=
07591,2009-08-09 05:00:00,14.6,,-0.2,71,9.4,,18.52,31.484,,40,,,0,,,,,,,0,og-post,,,,AAXX 09054 07591 24/// /0410 10146 20094 39169 48514 56002 700// 333 60005 90710 91117=
07591,2009-08-09 06:00:00,15.4,,-0.1,65,8.9,,22.224,35.188,,20,14.3,22.6,0,0,,,0,4.5,13,0,og-post,,,,AAXX 09064 07591 04/// /0212 10154 20089 39169 48516 56001 60002 700// 333 10226 20143 3/013 55045 60007 70000 90710 91119 555 60005=
07591,2009-08-09 07:00:00,18,,-0.1,55,8.8,,18.52,35.188,,20,,,0,,,,,,,0,og-post,,,,AAXX 09074 07591 24/// /0210 10180 20088 39168 48521 58001 700// 333 60005 90710 91119=
07591,2009-08-09 08:00:00,20.3,,-0.4,46,8.3,,14.816,31.484,,20,,,0,,,,,,,0,og-post,,,,AAXX 09084 07591 24/// /0208 10203 20083 39165 48523 58004 700// 333 60005 90710 91117=
07591,2009-08-09 09:00:00,23.1,,-0.5,38,8,,11.112,22.224,,60,,,0,0,,,,,,0,og-post,,,,AAXX 09094 07591 24/// /0606 10231 20080 39164 48528 57005 700// 333 60007 90710 91112 555 60005=
07591,2009-08-09 10:00:00,24.8,,-0.6,34,7.9,,11.112,22.224,,210,,,0,,,,,,,0,og-post,,,,AAXX 09104 07591 24/// /2106 10248 20079 39162 48530 56006 700// 333 60005 90710 91112=
07591,2009-08-09 11:00:00,27.3,,-0.8,31,8.7,,14.816,25.928,,200,,,0,,,,,,,0,og-post,,,,AAXX 09114 07591 24/// /2008 10273 20087 39157 48531 58008 700// 333 60005 90710 91114=
07591,2009-08-09 12:00:00,26.7,,-0.9,24,4.5,,14.816,29.632,,220,,,0,0,,,,,,0,og-post,,,,AAXX 09124 07591 04/// /2208 10267 20045 39155 48527 57009 60001 700// 333 60007 90710 91116 555 60005=
07591,2009-08-09 13:00:00,27.5,,-0.7,26,6.3,,11.112,31.484,,230,,,0,,,,,,,21,og-post,,,,AAXX 09134 07591 24/// /2306 10275 20063 39155 48529 56007 721// 333 60005 90710 91117=
07591,2009-08-09 14:00:00,27.7,,-0.8,27,7,,7.408,22.224,,160,,,0,,,,,,,0,og-post,,,,AAXX 09144 07591 24/// /1604 10277 20070 39149 48523 58008 700// 333 60005 90710 91112=
07591,2009-08-09 15:00:00,23.8,,-0.4,43,10.5,,7.408,14.816,,190,,,0,0,,,,,,61,og-post,,,,AAXX 09154 07591 24/// /1904 10238 20105 39151 48518 55004 761// 333 60007 90710 91108 555 60005=
07591,2009-08-09 16:00:00,19,,1.5,59,10.8,,25.928,38.892,,230,,,0.2,,,,,,,60,og-post,,,,AAXX 09164 07591 24/// /2314 10190 20108 39170 48525 53015 760// 333 69925 90710 91121=
07591,2009-08-09 17:00:00,16,,4.9,83,13.1,,7.408,31.484,,220,,,2,,,,,,,62,og-post,,,,AAXX 09174 07591 24/// /2204 10160 20131 39198 48544 53049 762// 333 60025 90710 91117=
07591,2009-08-09 18:00:00,15.3,,3.8,86,13,,14.816,22.224,,30,15.3,28.4,4,7,,7,,,,61,og-post,,,,AAXX 09184 07591 04/// /0308 10153 20130 39189 48535 50038 60072 761// 333 10284 20153 60077 90710 91112 555 60045=
07591,2009-08-09 19:00:00,15.3,,2.1,85,12.8,,3.704,18.52,,90,,,0.6,,,,,,,63,og-post,,,,AAXX 09194 07591 24/// /0902 10153 20128 39191 48536 51021 763// 333 69965 90710 91110=
07591,2009-08-09 20:00:00,15,,0.2,87,12.9,,18.52,25.928,,30,,,5,,,,,,,63,og-post,,,,AAXX 09204 07591 24/// /0310 10150 20129 39200 48544 53002 763// 333 60055 90710 91114=
07591,2009-08-09 21:00:00,14.8,,0.3,83,11.9,,22.224,31.484,,20,,,3,8,,,,,,61,og-post,,,,AAXX 09214 07591 24/// /0212 10148 20119 39192 48536 50003 761// 333 60087 90710 91117 555 60035=
07591,2009-08-09 22:00:00,14.3,,0.1,85,11.8,,7.408,25.928,,30,,,0,,,,,,,0,og-post,,,,AAXX 09224 07591 24/// /0304 10143 20118 39192 48535 51001 700// 333 60005 90710 91114=
07591,2009-08-09 23:00:00,14.6,,-0.8,81,11.4,,14.816,29.632,,30,,,0,,,,,,,0,og-post,,,,AAXX 09234 07591 24/// /0308 10146 20114 39192 48535 56008 700// 333 60005 90710 91116=
07591,2009-08-10 00:00:00,14,,-0.1,83,11.2,,14.816,22.224,,30,,,0,0,8,,,,,0,og-post,,,,AAXX 10004 07591 04/// /0308 10140 20112 39191 48533 58001 60081 700// 333 60007 90710 91112 555 60005=
07591,2009-08-10 01:00:00,13.4,,-0.6,83,10.6,,14.816,22.224,,50,,,0,,,,,,,0,og-post,,,,AAXX 10014 07591 24/// /0508 10134 20106 39186 48527 58006 700// 333 60005 90710 91112=
07591,2009-08-10 02:00:00,14,,-0.6,78,10.2,,18.52,31.484,,30,,,0,,,,,,,0,og-post,,,,AAXX 10024 07591 24/// /0310 10140 20102 39186 48528 56006 700// 333 60005 90710 91117=
07591,2009-08-10 03:00:00,13.5,,-0.4,79,9.9,,11.112,31.484,,30,,,0,0,,,,,,0,og-post,,,,AAXX 10034 07591 24/// /0306 10135 20099 39187 48528 55004 700// 333 60007 90710 91117 555 60005=
07591,2009-08-10 04:00:00,13.4,,-0.4,79,9.8,,14.816,35.188,,40,,,0,,,,,,,0,og-post,,,,AAXX 10044 07591 24/// /0408 10134 20098 39182 48523 58004 700// 333 60005 90710 91119=
07591,2009-08-10 05:00:00,13.3,,1.1,83,10.5,,7.408,29.632,,10,,,0.6,,,,,,,60,og-post,,,,AAXX 10054 07591 24/// /0104 10133 20105 39197 48537 53011 760// 333 69965 90710 91116=
07591,2009-08-10 06:00:00,13.3,,0.9,84,10.7,,14.816,29.632,,70,13.2,15.5,0.6,1,,9,15.8,6.4,12,60,og-post,,,,AAXX 10064 07591 04/// /0708 10133 20107 39196 48536 53009 60092 760// 333 10155 20132 3/012 55064 60017 70158 90710 91116 555 69965=
07591,2009-08-10 07:00:00,14.3,,1.3,79,10.7,,18.52,29.632,,10,,,0,,,,,,,21,og-post,,,,AAXX 10074 07591 24/// /0110 10143 20107 39195 48537 50013 721// 333 60005 90710 91116=
07591,2009-08-10 08:00:00,15.9,,-0.6,75,11.5,,18.52,31.484,,10,,,0,,,,,,,0,og-post,,,,AAXX 10084 07591 24/// /0110 10159 20115 39191 48537 58006 700// 333 60005 90710 91117=
07591,2009-08-10 09:00:00,19.5,,-0.4,65,12.7,,7.408,29.632,,80,,,0,0,,,,,,0,og-post,,,,AAXX 10094 07591 24/// /0804 10195 20127 39192 48547 55004 700// 333 60007 90710 91116 555 60005=
07591,2009-08-10 10:00:00,22.2,,-0.3,47,10.4,,7.408,18.52,,180,,,0,,,,,,,0,og-post,,,,AAXX 10104 07591 24/// /1804 10222 20104 39192 48553 56003 700// 333 60005 90710 91110=
07591,2009-08-10 11:00:00,24.1,,-0.3,46,11.8,,14.816,22.224,,210,,,0,,,,,,,0,og-post,,,,AAXX 10114 07591 24/// /2108 10241 20118 39188 48553 58003 700// 333 60005 90710 91112=
07591,2009-08-10 12:00:00,25.5,,-1,36,9.3,,14.816,29.632,,200,,,0,0,,,,,,0,og-post,,,,AAXX 10124 07591 04/// /2008 10255 20093 39182 48550 58010 60001 700// 333 60007 90710 91116 555 60005=
07591,2009-08-10 13:00:00,26.2,,-1.4,30,7.3,,18.52,31.484,,220,,,0,,,,,,,0,og-post,,,,AAXX 10134 07591 24/// /2210 10262 20073 39178 48548 57014 700// 333 60005 90710 91117=
07591,2009-08-10 14:00:00,26.3,,-1.4,32,8.3,,18.52,29.632,,220,,,0,,,,,,,0,og-post,,,,AAXX 10144 07591 24/// /2210 10263 20083 39174 48544 56014 700// 333 60005 90710 91116=
07591,2009-08-10 15:00:00,26.7,,-1.2,28,6.7,,18.52,31.484,,220,,,0,0,,,,,,0,og-post,,,,AAXX 10154 07591 24/// /2210 10267 20067 39170 48541 57012 700// 333 60007 90710 91117 555 60005=
07591,2009-08-10 16:00:00,25.8,,-0.9,32,7.9,,18.52,29.632,,210,,,0,,,,,,,0,og-post,,,,AAXX 10164 07591 24/// /2110 10258 20079 39169 48538 56009 700// 333 60005 90710 91116=
07591,2009-08-10 17:00:00,24.3,,-0.6,38,9.1,,14.816,29.632,,230,,,0,,,,,,,0,og-post,,,,AAXX 10174 07591 24/// /2308 10243 20091 39168 48534 56006 700// 333 60005 90710 91116=
07591,2009-08-10 18:00:00,22.4,,0.2,43,9.2,,14.816,38.892,,240,13.2,27,0,0,,,,,,0,og-post,,,,AAXX 10184 07591 04/// /2408 10224 20092 39172 48534 53002 60002 700// 333 10270 20132 60007 90710 91121 555 60005=
07591,2009-08-10 19:00:00,21,,1.1,47,9.3,,14.816,31.484,,250,,,0,,,,,,,0,og-post,,,,AAXX 10194 07591 24/// /2508 10210 20093 39180 48538 53011 700// 333 60005 90710 91117=
07591,2009-08-10 20:00:00,19.2,,2.1,54,9.7,,7.408,25.928,,200,,,0,,,,,,,0,og-post,,,,AAXX 10204 07591 24/// /2004 10192 20097 39189 48543 53021 700// 333 60005 90710 91114=
07591,2009-08-10 21:00:00,18.4,,1.9,56,9.5,,3.704,18.52,,220,,,0,0,,,,,,0,og-post,,,,AAXX 10214 07591 24/// /2202 10184 20095 39191 48543 51019 700// 333 60007 90710 91110 555 60005=
07591,2009-08-10 22:00:00,16.3,,1.3,67,10.2,,3.704,7.408,,350,,,0,,,,,,,0,og-post,,,,AAXX 10224 07591 24/// /3502 10163 20102 39193 48540 51013 700// 333 60005 90710 91104=
07591,2009-08-10 23:00:00,15.4,,0.5,72,10.4,,,7.408,,,,,0,,,,,,,0,og-post,,,,AAXX 10234 07591 24/// /0000 10154 20104 39194 48539 51005 700// 333 60005 90710 91104=
07591,2009-08-11 00:00:00,14.3,,0.5,78,10.5,,,3.704,,,,,0,0,,,,,,0,og-post,,,,AAXX 11004 07591 04/// /0000 10143 20105 39196 48538 52005 60001 700// 333 60007 90710 91102 555 60005=
07591,2009-08-11 01:00:00,13.5,,-0.1,80,10.1,,7.408,11.112,,40,,,0,,,,,,,0,og-post,,,,AAXX 11014 07591 24/// /0404 10135 20101 39192 48533 58001 700// 333 60005 90710 91106=
07591,2009-08-11 02:00:00,13,,-0.4,84,10.4,,3.704,11.112,,250,,,0,,,,,,,0,og-post,,,,AAXX 11024 07591 24/// /2502 10130 20104 39190 48530 58004 700// 333 60005 90710 91106=
07591,2009-08-11 03:00:00,12.6,,-0.6,84,10,,3.704,7.408,,300,,,0,0,,,,,,0,og-post,,,,AAXX 11034 07591 24/// /3002 10126 20100 39190 48529 56006 700// 333 60007 90710 91104 555 60005=
07591,2009-08-11 04:00:00,12,,0.3,85,9.6,,3.704,7.408,,220,,,0,,,,,,,0,og-post,,,,AAXX 11044 07591 24/// /2202 10120 20096 39195 48532 53003 700// 333 60005 90710 91104=
07591,2009-08-11 05:00:00,11.6,,0.4,84,9,,7.408,14.816,,60,,,0,,,,,,,0,og-post,,,,AAXX 11054 07591 24/// /0604 10116 20090 39194 48530 50004 700// 333 60005 90710 91108=
07591,2009-08-11 06:00:00,12.1,,0.7,83,9.3,,7.408,11.112,,60,11.5,22.3,0,0,,,0,8.2,9,0,og-post,,,,AAXX 11064 07591 04/// /0604 10121 20093 39197 48534 51007 60002 700// 333 10223 20115 3/009 55082 60007 70000 90710 91106 555 60005=
07591,2009-08-11 07:00:00,17.2,,0,55,8.1,,7.408,22.224,,360,,,0,,,,,,,0,og-post,,,,AAXX 11074 07591 24/// /3604 10172 20081 39195 48543 50000 700// 333 60005 90710 91112=
07591,2009-08-11 08:00:00,19.5,,0.2,46,7.6,,7.408,14.816,,170,,,0,,,,,,,0,og-post,,,,AAXX 11084 07591 24/// /1704 10195 20076 39196 48549 51002 700// 333 60005 90710 91108=
07591,2009-08-11 09:00:00,21.5,,0.1,44,8.7,,11.112,18.52,,220,,,0,0,,,,,,0,og-post,,,,AAXX 11094 07591 24/// /2206 10215 20087 39198 48556 53001 700// 333 60007 90710 91110 555 60005=
07591,2009-08-11 10:00:00,23.3,,0.1,35,7,,7.408,18.52,,190,,,0,,,,,,,0,og-post,,,,AAXX 11104 07591 24/// /1904 10233 20070 39196 48558 50001 700// 333 60005 90710 91110=
07591,2009-08-11 11:00:00,25,,-0.3,32,7.2,,11.112,22.224,,220,,,0,,,,,,,0,og-post,,,,AAXX 11114 07591 24/// /2206 10250 20072 39193 48559 58003 700// 333 60005 90710 91112=
07591,2009-08-11 12:00:00,27.1,,-1.1,26,6,,14.816,25.928,,200,,,0,0,,,,,,0,og-post,,,,AAXX 11124 07591 04/// /2008 10271 20060 39187 48558 58011 60001 700// 333 60007 90710 91114 555 60005=
07591,2009-08-11 13:00:00,27.2,,-1.2,26,6,,18.52,29.632,,210,,,0,,,,,,,0,og-post,,,,AAXX 11134 07591 24/// /2110 10272 20060 39184 48555 57012 700// 333 60005 90710 91116=
07591,2009-08-11 14:00:00,28.8,,-1.3,23,5.6,,14.816,31.484,,220,,,0,,,,,,,0,og-post,,,,AAXX 11144 07591 24/// /2208 10288 20056 39180 48555 56013 700// 333 60005 90710 91117=
07591,2009-08-11 15:00:00,28.8,,-0.9,20,3.6,,18.52,31.484,,220,,,0,0,,,,,,0,og-post,,,,AAXX 11154 07591 24/// /2210 10288 20036 39178 48553 56009 700// 333 60007 90710 91117 555 60005=
07591,2009-08-11 16:00:00,28.1,,-0.8,23,5,,18.52,29.632,,210,,,0,,,,,,,0,og-post,,,,AAXX 11164 07591 24/// /2110 10281 20050 39176 48550 56008 700// 333 60005 90710 91116=
07591,2009-08-11 17:00:00,27.1,,-0.6,30,8,,14.816,29.632,,220,,,0,,,,,,,0,og-post,,,,AAXX 11174 07591 24/// /2208 10271 20080 39174 48546 57006 700// 333 60005 90710 91116=
07591,2009-08-11 18:00:00,24.9,,-0,37,9.2,,14.816,29.632,,220,12.1,29.1,0,0,,,,,,0,og-post,,,,AAXX 11184 07591 04/// /2208 10249 20092 39178 48545 55000 60002 700// 333 10291 20121 60007 90710 91116 555 60005=
07591,2009-08-11 19:00:00,22.4,,0.8,47,10.5,,7.408,22.224,,190,,,0,,,,,,,0,og-post,,,,AAXX 11194 07591 24/// /1904 10224 20105 39184 48546 53008 700// 333 60005 90710 91112=
07591,2009-08-11 20:00:00,20.9,,2,51,10.4,,3.704,14.816,,140,,,0,,,,,,,0,og-post,,,,AAXX 11204 07591 24/// /1402 10209 20104 39194 48551 53020 700// 333 60005 90710 91108=
07591,2009-08-11 21:00:00,18.9,,2.1,59,10.7,,3.704,7.408,,360,,,0,0,,,,,,0,og-post,,,,AAXX 11214 07591 24/// /3602 10189 20107 39199 48551 51021 700// 333 60007 90710 91104 555 60005=
07591,2009-08-11 22:00:00,17.5,,2,63,10.4,,3.704,7.408,,20,,,0,,,,,,,0,og-post,,,,AAXX 11224 07591 24/// /0202 10175 20104 39204 48553 51020 700// 333 60005 90710 91104=
07591,2009-08-11 23:00:00,17,,0.9,66,10.6,,7.408,11.112,,10,,,0,,,,,,,0,og-post,,,,AAXX 11234 07591 24/// /0104 10170 20106 39203 48551 50009 700// 333 60005 90710 91106=
07591,2009-08-12 00:00:00,17.4,,0.4,59,9.3,,14.816,18.52,,30,,,0,0,,,,,,0,og-post,,,,AAXX 12004 07591 04/// /0308 10174 20093 39203 48551 51004 60001 700// 333 60007 90710 91110 555 60005=
07591,2009-08-12 01:00:00,15.4,,0.2,71,10.2,,,14.816,,,,,0,,,,,,,0,og-post,,,,AAXX 12014 07591 24/// /0000 10154 20102 39206 48550 53002 700// 333 60005 90710 91108=
07591,2009-08-12 02:00:00,14.4,,0.5,76,10.2,,3.704,7.408,,350,,,0,,,,,,,0,og-post,,,,AAXX 12024 07591 24/// /3502 10144 20102 39208 48549 53005 700// 333 60005 90710 91104=
07591,2009-08-12 03:00:00,14,,0.7,76,9.8,,3.704,7.408,,110,,,0,0,,,,,,0,og-post,,,,AAXX 12034 07591 24/// /1102 10140 20098 39210 48550 51007 700// 333 60007 90710 91104 555 60005=
07591,2009-08-12 06:00:00,14.1,,0.1,77,10.1,,3.704,7.408,,90,13.4,24.9,0,0,,,0,11.6,10,0,og-post,,,,AAXX 12064 07591 04/// /0902 10141 20101 39211 48551 53001 60002 700// 333 10249 20134 3/010 55116 60007 70000 90710 91104 555 60005=
07591,2009-08-12 09:00:00,22.2,,-0.6,44,9.4,,7.408,11.112,,190,,,0,0,,,,,,0,og-post,,,,AAXX 12094 07591 24/// /1904 10222 20094 39205 48564 58006 700// 333 60007 90710 91106 555 60005=
07591,2009-08-12 10:00:00,24.5,,-1.2,37,8.9,,7.408,14.816,,180,,,0,,,,,,,0,og-post,,,,AAXX 12104 07591 24/// /1804 10245 20089 39200 48565 58012 700// 333 60005 90710 91108=
07591,2009-08-12 11:00:00,26.6,,-1.7,34,9.5,,7.408,18.52,,210,,,0,,,,,,,0,og-post,,,,AAXX 12114 07591 24/// /2104 10266 20095 39193 48563 58017 700// 333 60005 90710 91110=
07591,2009-08-12 12:00:00,28.8,,-1.9,29,9,,14.816,29.632,,200,,,0,0,,,,,,0,og-post,,,,AAXX 12124 07591 04/// /2008 10288 20090 39186 48562 58019 60001 700// 333 60007 90710 91116 555 60005=
07591,2009-08-12 13:00:00,30,,-1.8,20,4.6,,18.52,31.484,,220,,,0,,,,,,,0,og-post,,,,AAXX 12134 07591 24/// /2210 10300 20046 39182 48560 56018 700// 333 60005 90710 91117=
07591,2009-08-12 14:00:00,30.2,,-1.5,20,4.8,,18.52,31.484,,220,,,0,,,,,,,0,og-post,,,,AAXX 12144 07591 24/// /2210 10302 20048 39178 48556 56015 700// 333 60005 90710 91117=
07591,2009-08-12 15:00:00,30.2,,-1.3,17,2.5,,18.52,31.484,,220,,,0,0,,,,,,0,og-post,,,,AAXX 12154 07591 24/// /2210 10302 20025 39173 48551 58013 700// 333 60007 90710 91117 555 60005=
07591,2009-08-12 16:00:00,30,,-1.3,16,1.5,,14.816,31.484,,220,,,0,,,,,,,0,og-post,,,,AAXX 12164 07591 24/// /2208 10300 20015 39169 48547 57013 700// 333 60005 90710 91117=
07591,2009-08-12 17:00:00,28.2,,-1.2,22,4.5,,14.816,31.484,,220,,,0,,,,,,,0,og-post,,,,AAXX 12174 07591 24/// /2208 10282 20045 39166 48540 56012 700// 333 60005 90710 91117=
07591,2009-08-12 18:00:00,26.5,,-0.5,32,8.5,,11.112,25.928,,210,14.1,30.5,0,0,,,,,,0,og-post,,,,AAXX 12184 07591 04/// /2106 10265 20085 39168 48539 55005 60002 700// 333 10305 20141 60007 90710 91114 555 60005=
07591,2009-08-12 19:00:00,24.2,,0.5,42,10.5,,11.112,22.224,,200,,,0,,,,,,,0,og-post,,,,AAXX 12194 07591 24/// /2006 10242 20105 39174 48540 53005 700// 333 60005 90710 91112=
07591,2009-08-12 20:00:00,22.6,,1.5,46,10.4,,7.408,18.52,,190,,,0,,,,,,,0,og-post,,,,AAXX 12204 07591 24/// /1904 10226 20104 39181 48543 53015 700// 333 60005 90710 91110=
07591,2009-08-12 21:00:00,21.2,,1.8,51,10.7,,3.704,11.112,,250,,,0,0,,,,,,0,og-post,,,,AAXX 12214 07591 24/// /2502 10212 20107 39186 48545 51018 700// 333 60007 90710 91106 555 60005=
07591,2009-08-12 22:00:00,19.5,,1.5,60,11.5,,3.704,7.408,,350,,,0,,,,,,,0,og-post,,,,AAXX 12224 07591 24/// /3502 10195 20115 39189 48544 51015 700// 333 60005 90710 91104=
07591,2009-08-12 23:00:00,18.3,,1,63,11.1,,3.704,7.408,,10,,,0,,,,,,,0,og-post,,,,AAXX 12234 07591 24/// /0102 10183 20111 39191 48543 51010 700// 333 60005 90710 91104=
07591,2009-08-13 00:00:00,17.5,,0.3,67,11.3,,3.704,7.408,,360,,,0,0,,,,,,0,og-post,,,,AAXX 13004 07591 04/// /3602 10175 20113 39189 48539 50003 60001 700// 333 60007 90710 91104 555 60005=
07591,2009-08-13 01:00:00,16.7,,-0.7,71,11.4,,3.704,11.112,,60,,,0,,,,,,,0,og-post,,,,AAXX 13014 07591 24/// /0602 10167 20114 39182 48531 58007 700// 333 60005 90710 91106=
07591,2009-08-13 02:00:00,16.2,,-0.9,72,11.2,,3.704,11.112,,220,,,0,,,,,,,0,og-post,,,,AAXX 13024 07591 24/// /2202 10162 20112 39182 48530 56009 700// 333 60005 90710 91106=
07591,2009-08-13 03:00:00,15.1,,-0.6,78,11.3,,3.704,7.408,,60,,,0,0,,,,,,0,og-post,,,,AAXX 13034 07591 24/// /0602 10151 20113 39183 48528 55006 700// 333 60007 90710 91104 555 60005=
07591,2009-08-13 04:00:00,14.6,,0.1,79,11,,3.704,11.112,,50,,,0,,,,,,,0,og-post,,,,AAXX 13044 07591 24/// /0502 10146 20110 39183 48527 52001 700// 333 60005 90710 91106=
07591,2009-08-13 05:00:00,14,,0.2,81,10.8,,7.408,11.112,,50,,,0,,,,,,,0,og-post,,,,AAXX 13054 07591 24/// /0504 10140 20108 39184 48527 52002 700// 333 60005 90710 91106=
07591,2009-08-13 06:00:00,15.4,,0.1,70,10,,11.112,22.224,,50,14,26.5,0,0,,,0,11,10,0,og-post,,,,AAXX 13064 07591 04/// /0506 10154 20100 39184 48530 52001 60002 700// 333 10265 20140 3/010 55110 60007 70000 90710 91112 555 60005=
07591,2009-08-13 07:00:00,18.8,,0.2,55,9.6,,7.408,22.224,,80,,,0,,,,,,,0,og-post,,,,AAXX 13074 07591 24/// /0804 10188 20096 39185 48538 52002 700// 333 60005 90710 91112=
07591,2009-08-13 08:00:00,21.7,,-0.2,45,9.3,,11.112,22.224,,80,,,0,,,,,,,0,og-post,,,,AAXX 13084 07591 24/// /0806 10217 20093 39182 48542 58002 700// 333 60005 90710 91112=
07591,2009-08-13 09:00:00,24.1,,-0.6,37,8.5,,3.704,22.224,,110,,,0,0,,,,,,0,og-post,,,,AAXX 13094 07591 24/// /1102 10241 20085 39178 48543 58006 700// 333 60007 90710 91112 555 60005=
07591,2009-08-13 10:00:00,25.6,,-1.2,36,9.4,,7.408,18.52,,220,,,0,,,,,,,0,og-post,,,,AAXX 13104 07591 24/// /2204 10256 20094 39173 48542 58012 700// 333 60005 90710 91110=
07591,2009-08-13 11:00:00,27.8,,-1.5,34,10.5,,14.816,25.928,,200,,,0,,,,,,,0,og-post,,,,AAXX 13114 07591 24/// /2008 10278 20105 39167 48542 58015 700// 333 60005 90710 91114=
07591,2009-08-13 12:00:00,29.5,,-1.5,23,6.2,,22.224,35.188,,220,,,0,0,,,,,,0,og-post,,,,AAXX 13124 07591 04/// /2212 10295 20062 39163 48541 56015 60001 700// 333 60007 90710 91119 555 60005=
07591,2009-08-13 13:00:00,30.2,,-1.3,21,5.5,,18.52,35.188,,220,,,0,,,,,,,0,og-post,,,,AAXX 13134 07591 24/// /2210 10302 20055 39160 48539 56013 700// 333 60005 90710 91119=
07591,2009-08-13 14:00:00,30.4,,-1.3,19,4.2,,18.52,35.188,,220,,,0,,,,,,,0,og-post,,,,AAXX 13144 07591 24/// /2210 10304 20042 39154 48534 58013 700// 333 60005 90710 91119=
07591,2009-08-13 15:00:00,30.1,,-1.4,17,2.4,,18.52,35.188,,220,,,0,0,,,,,,0,og-post,,,,AAXX 13154 07591 24/// /2210 10301 20024 39149 48528 58014 700// 333 60007 90710 91119 555 60005=
07591,2009-08-13 18:00:00,26.8,,-0.1,19,1.3,,14.816,29.632,,220,15.4,30.5,0,0,,,,,,0,og-post,,,,AAXX 13184 07591 04/// /2208 10268 20013 39148 48520 55001 60002 700// 333 10305 20154 60007 90710 91116 555 60005=
07591,2009-08-13 21:00:00,19.7,,2.5,39,5.4,,3.704,7.408,,20,,,0,0,,,,,,0,og-post,,,,AAXX 13214 07591 24/// /0202 10197 20054 39173 48528 51025 700// 333 60007 90710 91104 555 60005=
07591,2009-08-13 22:00:00,18.1,,2,46,6.3,,7.408,7.408,,30,,,0,,,,,,,0,og-post,,,,AAXX 13224 07591 24/// /0304 10181 20063 39175 48527 51020 700// 333 60005 90710 91104=
07591,2009-08-13 23:00:00,17.4,,1,48,6.3,,3.704,11.112,,10,,,0,,,,,,,0,og-post,,,,AAXX 13234 07591 24/// /0102 10174 20063 39177 48527 51010 700// 333 60005 90710 91106=
07591,2009-08-14 00:00:00,16.1,,0.3,53,6.5,,3.704,14.816,,40,,,0,0,,,,,,0,og-post,,,,AAXX 14004 07591 04/// /0402 10161 20065 39176 48523 50003 60001 700// 333 60007 90710 91108 555 60005=
07591,2009-08-14 01:00:00,15.7,,0,53,6.2,,3.704,11.112,,90,,,0,,,,,,,0,og-post,,,,AAXX 14014 07591 24/// /0902 10157 20062 39175 48521 50000 700// 333 60005 90710 91106=
07591,2009-08-14 02:00:00,15,,-0.2,54,5.8,,3.704,11.112,,110,,,0,,,,,,,0,og-post,,,,AAXX 14024 07591 24/// /1102 10150 20058 39175 48520 56002 700// 333 60005 90710 91106=
07591,2009-08-14 03:00:00,15.2,,-0.2,50,4.9,,7.408,11.112,,100,,,0,0,,,,,,0,og-post,,,,AAXX 14034 07591 24/// /1004 10152 20049 39174 48519 57002 700// 333 60007 90710 91106 555 60005=
07591,2009-08-14 04:00:00,14.6,,-0.1,52,4.9,,7.408,11.112,,110,,,0,,,,,,,0,og-post,,,,AAXX 14044 07591 24/// /1104 10146 20049 39174 48518 57001 700// 333 60005 90710 91106=
07591,2009-08-14 05:00:00,14.1,,-0,54,4.9,,11.112,18.52,,50,,,0,,,,,,,0,og-post,,,,AAXX 14054 07591 24/// /0506 10141 20049 39175 48518 55000 700// 333 60005 90710 91110=
07591,2009-08-14 06:00:00,14.7,,0.2,51,4.7,,7.408,18.52,,60,14,26.8,0,0,,,0,11.5,10,0,og-post,,,,AAXX 14064 07591 04/// /0604 10147 20047 39176 48520 53002 60002 700// 333 10268 20140 3/010 55115 60007 70000 90710 91110 555 60005=
07591,2009-08-14 07:00:00,18.8,,0.3,38,4.2,,7.408,22.224,,70,,,0,,,,,,,0,og-post,,,,AAXX 14074 07591 24/// /0704 10188 20042 39177 48530 52003 700// 333 60005 90710 91112=
07591,2009-08-14 08:00:00,21.7,,0.1,29,2.9,,11.112,22.224,,50,,,0,,,,,,,0,og-post,,,,AAXX 14084 07591 24/// /0506 10217 20029 39176 48535 50001 700// 333 60005 90710 91112=
07591,2009-08-14 09:00:00,23.9,,-0.3,27,3.8,,7.408,18.52,,180,,,0,0,,,,,,0,og-post,,,,AAXX 14094 07591 24/// /1804 10239 20038 39173 48537 58003 700// 333 60007 90710 91110 555 60005=
07591,2009-08-14 10:00:00,25.3,,-0.6,24,3.3,,7.408,18.52,,180,,,0,,,,,,,0,og-post,,,,AAXX 14104 07591 24/// /1804 10253 20033 39171 48538 58006 700// 333 60005 90710 91110=
07591,2009-08-14 11:00:00,28.2,,-0.8,20,3.1,,11.112,22.224,,180,,,0,,,,,,,0,og-post,,,,AAXX 14114 07591 24/// /1806 10282 20031 39168 48542 57008 700// 333 60005 90710 91112=
07591,2009-08-14 12:00:00,29.4,,-1,19,3.4,,14.816,25.928,,190,,,0,0,,,,,,0,og-post,,,,AAXX 14124 07591 04/// /1908 10294 20034 39163 48540 58010 60001 700// 333 60007 90710 91114 555 60005=
07591,2009-08-14 13:00:00,31.1,,-1.1,13,-0.5,,18.52,31.484,,210,,,0,,,,,,,0,og-post,,,,AAXX 14134 07591 24/// /2110 10311 21005 39160 48540 57011 700// 333 60005 90710 91117=
07591,2009-08-14 14:00:00,31.1,,-1.1,13,-0.5,,18.52,31.484,,210,,,0,,,,,,,0,og-post,,,,AAXX 14144 07591 24/// /2110 10311 21005 39157 48537 56011 700// 333 60005 90710 91117=
07591,2009-08-14 15:00:00,31.4,,-0.9,11,-2.6,,14.816,31.484,,220,,,0,0,,,,,,0,og-post,,,,AAXX 14154 07591 24/// /2208 10314 21026 39154 48535 57009 700// 333 60007 90710 91117 555 60005=
07591,2009-08-14 16:00:00,31.1,,-0.5,10,-4.1,,18.52,31.484,,220,,,0,,,,,,,0,og-post,,,,AAXX 14164 07591 24/// /2210 10311 21041 39155 48535 55005 700// 333 60005 90710 91117=
07591,2009-08-14 17:00:00,30.6,,-0.1,10,-4.4,,14.816,29.632,,230,,,0,,,,,,,0,og-post,,,,AAXX 14174 07591 24/// /2308 10306 21044 39156 48535 55001 700// 333 60005 90710 91116=
07591,2009-08-14 18:00:00,27.6,,0.5,14,-2.3,,11.112,25.928,,210,14.7,31.6,0,0,,,,,,0,og-post,,,,AAXX 14184 07591 04/// /2106 10276 21023 39159 48531 53005 60002 700// 333 10316 20147 60007 90710 91114 555 60005=
07591,2009-08-14 19:00:00,24.8,,1.2,18,-1.1,,7.408,14.816,,180,,,0,,,,,,,0,og-post,,,,AAXX 14194 07591 24/// /1804 10248 21011 39167 48533 53012 700// 333 60005 90710 91108=
07591,2009-08-14 20:00:00,21.8,,2.3,29,3,,,11.112,,,,,0,,,,,,,0,og-post,,,,AAXX 14204 07591 24/// /0000 10218 20030 39179 48538 53023 700// 333 60005 90710 91106=
07591,2009-08-14 21:00:00,20.4,,2.8,30,2.3,,3.704,7.408,,350,,,0,0,,,,,,0,og-post,,,,AAXX 14214 07591 24/// /3502 10204 20023 39187 48542 52028 700// 333 60007 90710 91104 555 60005=
07591,2009-08-14 22:00:00,19.4,,2.6,34,3.2,,3.704,11.112,,10,,,0,,,,,,,0,og-post,,,,AAXX 14224 07591 24/// /0102 10194 20032 39193 48546 51026 700// 333 60005 90710 91106=
07591,2009-08-14 23:00:00,18.4,,1.9,38,3.8,,7.408,14.816,,30,,,0,,,,,,,0,og-post,,,,AAXX 14234 07591 24/// /0304 10184 20038 39198 48548 51019 700// 333 60005 90710 91108=
07591,2009-08-15 00:00:00,17.9,,1.3,39,3.8,,11.112,18.52,,40,,,0,0,,,,,,0,og-post,,,,AAXX 15004 07591 04/// /0406 10179 20038 39200 48549 51013 60001 700// 333 60007 90710 91110 555 60005=
07591,2009-08-15 01:00:00,16.4,,1,47,5.1,,3.704,18.52,,150,,,0,,,,,,,0,og-post,,,,AAXX 15014 07591 24/// /1502 10164 20051 39203 48548 51010 700// 333 60005 90710 91110=
07591,2009-08-15 02:00:00,17,,0.4,42,4,,14.816,22.224,,30,,,0,,,,,,,0,og-post,,,,AAXX 15024 07591 24/// /0308 10170 20040 39202 48549 50004 700// 333 60005 90710 91112=
07591,2009-08-15 03:00:00,16.5,,0.1,44,4.2,,14.816,25.928,,40,,,0,0,,,,,,0,og-post,,,,AAXX 15034 07591 24/// /0408 10165 20042 39201 48547 50001 700// 333 60007 90710 91114 555 60005=
07591,2009-08-15 04:00:00,17,,-0.3,40,3.3,,22.224,31.484,,30,,,0,,,,,,,0,og-post,,,,AAXX 15044 07591 24/// /0312 10170 20033 39200 48547 57003 700// 333 60005 90710 91117=
07591,2009-08-15 05:00:00,16.1,,0.3,43,3.5,,14.816,31.484,,40,,,0,,,,,,,0,og-post,,,,AAXX 15054 07591 24/// /0408 10161 20035 39205 48549 53003 700// 333 60005 90710 91117=
07591,2009-08-15 06:00:00,15.6,,0.6,47,4.3,,14.816,31.484,,40,15.5,27.6,0,0,,,0,11.5,13,0,og-post,,,,AAXX 15064 07591 04/// /0408 10156 20043 39207 48550 53006 60002 700// 333 10276 20155 3/013 55115 60007 70000 90710 91117 555 60005=
07591,2009-08-15 07:00:00,19.2,,0.9,38,4.6,,14.816,29.632,,60,,,0,,,,,,,0,og-post,,,,AAXX 15074 07591 24/// /0608 10192 20046 39209 48560 51009 700// 333 60005 90710 91116=
07591,2009-08-15 08:00:00,21.7,,0.3,32,4.3,,14.816,29.632,,30,,,0,,,,,,,0,og-post,,,,AAXX 15084 07591 24/// /0308 10217 20043 39208 48565 50003 700// 333 60005 90710 91116=
07591,2009-08-15 09:00:00,24.5,,0.3,24,2.6,,7.408,22.224,,140,,,0,0,,,,,,0,og-post,,,,AAXX 15094 07591 24/// /1404 10245 20026 39210 48573 52003 700// 333 60007 90710 91112 555 60005=
07591,2009-08-15 10:00:00,26.6,,-0.1,23,3.8,,11.112,18.52,,210,,,0,,,,,,,0,og-post,,,,AAXX 15104 07591 24/// /2106 10266 20038 39208 48576 58001 700// 333 60005 90710 91110=
07591,2009-08-15 11:00:00,28.9,,-0.4,22,5.1,,11.112,22.224,,200,,,0,,,,,,,0,og-post,,,,AAXX 15114 07591 24/// /2006 10289 20051 39204 48578 58004 700// 333 60005 90710 91112=
07591,2009-08-15 12:00:00,30.4,,-1,14,-0.1,,18.52,31.484,,210,,,0,0,,,,,,0,og-post,,,,AAXX 15124 07591 04/// /2110 10304 21001 39200 48577 58010 60001 700// 333 60007 90710 91117 555 60005=
07591,2009-08-15 13:00:00,30.9,,-1,13,-0.7,,18.52,31.484,,220,,,0,,,,,,,0,og-post,,,,AAXX 15134 07591 24/// /2210 10309 21007 39198 48576 56010 700// 333 60005 90710 91117=
07591,2009-08-15 14:00:00,31.3,,-1,13,-0.4,,14.816,31.484,,220,,,0,,,,,,,0,og-post,,,,AAXX 15144 07591 24/// /2208 10313 21004 39194 48573 57010 700// 333 60005 90710 91117=
07591,2009-08-15 15:00:00,31.5,,-0.9,11,-2.5,,14.816,29.632,,250,,,0,0,,,,,,0,og-post,,,,AAXX 15154 07591 24/// /2508 10315 21025 39191 48571 58009 700// 333 60007 90710 91116 555 60005=
07591,2009-08-15 16:00:00,30.2,,-0.7,12,-2.3,,14.816,29.632,,250,,,0,,,,,,,0,og-post,,,,AAXX 15164 07591 24/// /2508 10302 21023 39191 48568 56007 700// 333 60005 90710 91116=
07591,2009-08-15 17:00:00,29.5,,-0.5,19,3.5,,11.112,29.632,,230,,,0,,,,,,,0,og-post,,,,AAXX 15174 07591 24/// /2306 10295 20035 39189 48565 56005 700// 333 60005 90710 91116=
07591,2009-08-15 18:00:00,27.3,,-0,25,5.6,,14.816,31.484,,240,15.7,31.7,0,0,,,,,,0,og-post,,,,AAXX 15184 07591 04/// /2408 10273 20056 39191 48562 55000 60002 700// 333 10317 20157 60007 90710 91117 555 60005=
07591,2009-08-15 19:00:00,24.6,,0.5,35,8.1,,7.408,22.224,,210,,,0,,,,,,,0,og-post,,,,AAXX 15194 07591 24/// /2104 10246 20081 39196 48561 53005 700// 333 60005 90710 91112=
07591,2009-08-15 20:00:00,22.3,,1.6,43,9.1,,3.704,11.112,,280,,,0,,,,,,,0,og-post,,,,AAXX 15204 07591 24/// /2802 10223 20091 39205 48565 53016 700// 333 60005 90710 91106=
07591,2009-08-15 21:00:00,21.3,,2,43,8.2,,3.704,7.408,,270,,,0,0,,,,,,0,og-post,,,,AAXX 15214 07591 24/// /2702 10213 20082 39211 48568 53020 700// 333 60007 90710 91104 555 60005=
07591,2009-08-15 22:00:00,21.2,,1.9,44,8.5,,7.408,11.112,,260,,,0,,,,,,,0,og-post,,,,AAXX 15224 07591 24/// /2604 10212 20085 39215 48571 51019 700// 333 60005 90710 91106=
07591,2009-08-15 23:00:00,19.6,,1.3,52,9.5,,7.408,11.112,,360,,,0,,,,,,,0,og-post,,,,AAXX 15234 07591 24/// /3604 10196 20095 39218 48570 51013 700// 333 60005 90710 91106=
07591,2009-08-16 00:00:00,18.3,,0.6,54,8.8,,7.408,7.408,,10,,,0,0,,,,,,0,og-post,,,,AAXX 16004 07591 04/// /0104 10183 20088 39217 48566 50006 60001 700// 333 60007 90710 91104 555 60005=
07591,2009-08-16 01:00:00,17.7,,0.2,56,8.8,,3.704,11.112,,10,,,0,,,,,,,0,og-post,,,,AAXX 16014 07591 24/// /0102 10177 20088 39217 48565 51002 700// 333 60005 90710 91106=
07591,2009-08-16 02:00:00,16.9,,-0.2,57,8.3,,11.112,14.816,,30,,,0,,,,,,,0,og-post,,,,AAXX 16024 07591 24/// /0306 10169 20083 39216 48562 57002 700// 333 60005 90710 91108=
07591,2009-08-16 03:00:00,17.3,,-0.4,55,8.2,,14.816,25.928,,40,,,0,0,,,,,,0,og-post,,,,AAXX 16034 07591 24/// /0408 10173 20082 39213 48560 58004 700// 333 60007 90710 91114 555 60005=
07591,2009-08-16 04:00:00,16.3,,-0.5,59,8.3,,11.112,22.224,,50,,,0,,,,,,,0,og-post,,,,AAXX 16044 07591 24/// /0506 10163 20083 39212 48557 57005 700// 333 60005 90710 91112=
07591,2009-08-16 05:00:00,16.9,,-0.1,56,8.1,,14.816,22.224,,50,,,0,,,,,,,0,og-post,,,,AAXX 16054 07591 24/// /0508 10169 20081 39215 48561 55001 700// 333 60005 90710 91112=
07591,2009-08-16 06:00:00,16.9,,0.3,57,8.3,,11.112,29.632,,40,16.1,27.3,0,0,,,0,11.3,13,0,og-post,,,,AAXX 16064 07591 04/// /0406 10169 20083 39216 48562 53003 60002 700// 333 10273 20161 3/013 55113 60007 70000 90710 91116 555 60005=
07591,2009-08-16 07:00:00,20.4,,0.3,45,8.1,,11.112,31.484,,60,,,0,,,,,,,0,og-post,,,,AAXX 16074 07591 24/// /0606 10204 20081 39215 48569 50003 700// 333 60005 90710 91117=
07591,2009-08-16 08:00:00,22.9,,-0.4,37,7.4,,14.816,35.188,,50,,,0,,,,,,,0,og-post,,,,AAXX 16084 07591 24/// /0508 10229 20074 39211 48571 58004 700// 333 60005 90710 91119=
07591,2009-08-16 09:00:00,25.8,,-0.7,32,7.9,,11.112,25.928,,70,,,0,0,,,,,,0,og-post,,,,AAXX 16094 07591 24/// /0706 10258 20079 39209 48576 58007 700// 333 60007 90710 91114 555 60005=
07591,2009-08-16 10:00:00,27.2,,-1,28,7.1,,7.408,14.816,,210,,,0,,,,,,,0,og-post,,,,AAXX 16104 07591 24/// /2104 10272 20071 39205 48576 57010 700// 333 60005 90710 91108=
07591,2009-08-16 11:00:00,29.6,,-1.3,20,4.3,,14.816,25.928,,190,,,0,,,,,,,0,og-post,,,,AAXX 16114 07591 24/// /1908 10296 20043 39198 48574 58013 700// 333 60005 90710 91114=
07591,2009-08-16 12:00:00,31,,-1.7,16,2.3,,14.816,25.928,,210,,,0,0,,,,,,0,og-post,,,,AAXX 16124 07591 04/// /2108 10310 20023 39192 48571 58017 60001 700// 333 60007 90710 91114 555 60005=
07591,2009-08-16 13:00:00,30.6,,-1.6,14,0.1,,18.52,31.484,,210,,,0,,,,,,,0,og-post,,,,AAXX 16134 07591 24/// /2110 10306 20001 39189 48567 56016 700// 333 60005 90710 91117=
07591,2009-08-16 14:00:00,32,,-1.3,11,-2.1,,14.816,29.632,,220,,,0,,,,,,,0,og-post,,,,AAXX 16144 07591 24/// /2208 10320 21021 39185 48566 56013 700// 333 60005 90710 91116=
07591,2009-08-16 15:00:00,31.2,,-1,14,0.6,,18.52,29.632,,210,,,0,0,,,,,,0,og-post,,,,AAXX 16154 07591 24/// /2110 10312 20006 39182 48562 57010 700// 333 60007 90710 91116 555 60005=
07591,2009-08-16 16:00:00,30.5,,-0.8,14,0,,14.816,31.484,,220,,,0,,,,,,,0,og-post,,,,AAXX 16164 07591 24/// /2208 10305 20000 39181 48559 56008 700// 333 60005 90710 91117=
07591,2009-08-16 17:00:00,29.1,,-0.7,14,-1.1,,14.816,31.484,,220,,,0,,,,,,,0,og-post,,,,AAXX 16174 07591 24/// /2208 10291 21011 39178 48553 57007 700// 333 60005 90710 91117=
07591,2009-08-16 18:00:00,26.3,,-0.1,22,2.9,,3.704,25.928,,200,17,32,0,0,,,,,,0,og-post,,,,AAXX 16184 07591 04/// /2002 10263 20029 39181 48550 55001 60002 700// 333 10320 20170 60007 90710 91114 555 60005=
07591,2009-08-16 19:00:00,24.3,,0.6,25,3,,3.704,14.816,,160,,,0,,,,,,,0,og-post,,,,AAXX 16194 07591 24/// /1602 10243 20030 39187 48551 53006 700// 333 60005 90710 91108=
07591,2009-08-16 20:00:00,22.3,,1.9,29,3.4,,7.408,11.112,,350,,,0,,,,,,,0,og-post,,,,AAXX 16204 07591 24/// /3504 10223 20034 39197 48556 53019 700// 333 60005 90710 91106=
07591,2009-08-16 21:00:00,21.5,,2,31,3.7,,11.112,14.816,,50,,,0,0,,,,,,0,og-post,,,,AAXX 16214 07591 24/// /0506 10215 20037 39201 48558 51020 700// 333 60007 90710 91108 555 60005=
07591,2009-08-16 22:00:00,20.2,,1.5,39,5.8,,11.112,25.928,,50,,,0,,,,,,,0,og-post,,,,AAXX 16224 07591 24/// /0506 10202 20058 39202 48556 51015 700// 333 60005 90710 91114=
07591,2009-08-16 23:00:00,19.5,,0.8,40,5.6,,14.816,22.224,,30,,,0,,,,,,,0,og-post,,,,AAXX 16234 07591 24/// /0308 10195 20056 39205 48557 51008 700// 333 60005 90710 91112=
07591,2009-08-17 00:00:00,18.9,,0.5,41,5.4,,14.816,29.632,,40,,,0,0,,,,,,0,og-post,,,,AAXX 17004 07591 04/// /0408 10189 20054 39206 48557 52005 60001 700// 333 60007 90710 91116 555 60005=
07591,2009-08-17 01:00:00,17.6,,0.1,44,5.2,,11.112,31.484,,50,,,0,,,,,,,0,og-post,,,,AAXX 17014 07591 24/// /0506 10176 20052 39203 48551 50001 700// 333 60005 90710 91117=
07591,2009-08-17 02:00:00,17.2,,-0.2,42,4.2,,14.816,22.224,,30,,,0,,,,,,,0,og-post,,,,AAXX 17024 07591 24/// /0308 10172 20042 39203 48550 58002 700// 333 60005 90710 91112=
07591,2009-08-17 03:00:00,17.6,,-0.7,37,2.8,,22.224,35.188,,30,,,0,0,,,,,,0,og-post,,,,AAXX 17034 07591 24/// /0312 10176 20028 39199 48547 58007 700// 333 60007 90710 91119 555 60005=
07591,2009-08-17 04:00:00,17.6,,-0.6,36,2.4,,22.224,42.596,,30,,,0,,,,,,,0,og-post,,,,AAXX 17044 07591 24/// /0312 10176 20024 39197 48545 58006 700// 333 60005 90710 91123=
07591,2009-08-17 05:00:00,17.6,,-0.5,35,2,,25.928,38.892,,20,,,0,,,,,,,0,og-post,,,,AAXX 17054 07591 24/// /0214 10176 20020 39198 48546 55005 700// 333 60005 90710 91121=
07591,2009-08-17 06:00:00,17.4,,0.3,37,2.6,,25.928,46.3,,20,16.3,26.2,0,0,,,0,9.5,15,0,og-post,,,,AAXX 17064 07591 04/// /0214 10174 20026 39202 48549 53003 60002 700// 333 10262 20163 3/015 55095 60007 70000 90710 91125 555 60005=
07591,2009-08-17 07:00:00,19.9,,0.5,32,2.7,,22.224,42.596,,30,,,0,,,,,,,0,og-post,,,,AAXX 17074 07591 24/// /0312 10199 20027 39202 48555 51005 700// 333 60005 90710 91123=
07591,2009-08-17 08:00:00,22.3,,0.1,28,2.9,,18.52,35.188,,40,,,0,,,,,,,0,og-post,,,,AAXX 17084 07591 24/// /0410 10223 20029 39199 48558 50001 700// 333 60005 90710 91119=
07591,2009-08-17 09:00:00,25.2,,-0.5,21,1.3,,18.52,31.484,,30,,,0,0,,,,,,0,og-post,,,,AAXX 17094 07591 24/// /0310 10252 20013 39197 48562 58005 700// 333 60007 90710 91117 555 60005=
07591,2009-08-17 10:00:00,28,,-0.9,17,0.7,,7.408,25.928,,170,,,0,,,,,,,0,og-post,,,,AAXX 17104 07591 24/// /1704 10280 20007 39193 48565 58009 700// 333 60005 90710 91114=
07591,2009-08-17 11:00:00,30,,-1,14,-0.4,,7.408,18.52,,200,,,0,,,,,,,0,og-post,,,,AAXX 17114 07591 24/// /2004 10300 21004 39189 48566 58010 700// 333 60005 90710 91110=
07591,2009-08-17 12:00:00,30.9,,-1.5,13,-0.7,,14.816,25.928,,220,,,0,0,,,,,,0,og-post,,,,AAXX 17124 07591 04/// /2208 10309 21007 39182 48561 58015 60001 700// 333 60007 90710 91114 555 60005=
07591,2009-08-17 13:00:00,32.2,,-1.2,10,-3.2,,18.52,35.188,,220,,,0,,,,,,,0,og-post,,,,AAXX 17134 07591 24/// /2210 10322 21032 39181 48563 56012 700// 333 60005 90710 91119=
07591,2009-08-17 14:00:00,32.6,,-1.4,11,-1.7,,18.52,29.632,,210,,,0,,,,,,,0,og-post,,,,AAXX 17144 07591 24/// /2110 10326 21017 39175 48558 56014 700// 333 60005 90710 91116=
07591,2009-08-17 15:00:00,32.8,,-1.3,10,-2.8,,14.816,29.632,,220,,,0,0,,,,,,0,og-post,,,,AAXX 17154 07591 24/// /2208 10328 21028 39169 48552 58013 700// 333 60007 90710 91116 555 60005=
07591,2009-08-17 16:00:00,32.3,,-1.3,10,-3.2,,14.816,29.632,,210,,,0,,,,,,,0,og-post,,,,AAXX 17164 07591 24/// /2108 10323 21032 39168 48550 56013 700// 333 60005 90710 91116=
07591,2009-08-17 17:00:00,30.1,,-0.6,11,-3.6,,7.408,29.632,,260,,,0,,,,,,,0,og-post,,,,AAXX 17174 07591 24/// /2604 10301 21036 39169 48546 55006 700// 333 60005 90710 91116=
07591,2009-08-17 18:00:00,27.7,,0.5,17,0.5,,11.112,31.484,,230,17.1,33,0,0,,,,,,0,og-post,,,,AAXX 17184 07591 04/// /2306 10277 20005 39174 48546 53005 60002 700// 333 10330 20171 60007 90710 91117 555 60005=
07591,2009-08-17 19:00:00,25.7,,1.2,21,1.8,,3.704,25.928,,180,,,0,,,,,,,0,og-post,,,,AAXX 17194 07591 24/// /1802 10257 20018 39180 48548 53012 700// 333 60005 90710 91114=
07591,2009-08-17 20:00:00,22.8,,2,29,3.9,,7.408,14.816,,360,,,0,,,,,,,0,og-post,,,,AAXX 17204 07591 24/// /3604 10228 20039 39189 48550 53020 700// 333 60005 90710 91108=
07591,2009-08-17 21:00:00,21.5,,2.1,32,4.1,,7.408,11.112,,20,,,0,0,,,,,,0,og-post,,,,AAXX 17214 07591 24/// /0204 10215 20041 39195 48552 52021 700// 333 60007 90710 91106 555 60005=
07591,2009-08-17 22:00:00,20.5,,1.8,37,5.3,,3.704,14.816,,30,,,0,,,,,,,0,og-post,,,,AAXX 17224 07591 24/// /0302 10205 20053 39198 48553 51018 700// 333 60005 90710 91108=
07591,2009-08-17 23:00:00,19.1,,1.2,40,5.2,,7.408,14.816,,20,,,0,,,,,,,0,og-post,,,,AAXX 17234 07591 24/// /0204 10191 20052 39201 48553 51012 700// 333 60005 90710 91108=
07591,2009-08-18 00:00:00,17.7,,0.8,45,5.6,,7.408,11.112,,40,,,0,0,,,,,,0,og-post,,,,AAXX 18004 07591 04/// /0404 10177 20056 39203 48551 51008 60001 700// 333 60007 90710 91106 555 60005=
07591,2009-08-18 01:00:00,17.5,,0.5,44,5.1,,14.816,22.224,,50,,,0,,,,,,,0,og-post,,,,AAXX 18014 07591 24/// /0508 10175 20051 39203 48551 51005 700// 333 60005 90710 91112=
07591,2009-08-18 02:00:00,18.3,,0.2,39,4.1,,18.52,22.224,,30,,,0,,,,,,,0,og-post,,,,AAXX 18024 07591 24/// /0310 10183 20041 39203 48552 51002 700// 333 60005 90710 91112=
07591,2009-08-18 03:00:00,17.5,,0.1,42,4.5,,14.816,25.928,,40,,,0,0,,,,,,0,og-post,,,,AAXX 18034 07591 24/// /0408 10175 20045 39204 48552 53001 700// 333 60007 90710 91114 555 60005=
07591,2009-08-18 04:00:00,18.3,,0.1,38,3.8,,18.52,29.632,,20,,,0,,,,,,,0,og-post,,,,AAXX 18044 07591 24/// /0210 10183 20038 39204 48553 52001 700// 333 60005 90710 91116=
07591,2009-08-18 05:00:00,16.7,,0.5,44,4.4,,18.52,29.632,,50,,,0,,,,,,,0,og-post,,,,AAXX 18054 07591 24/// /0510 10167 20044 39208 48553 53005 700// 333 60005 90710 91116=
07591,2009-08-18 06:00:00,17.7,,0.8,41,4.3,,18.52,31.484,,30,16.6,27.7,0,0,,,0,10.1,14,0,og-post,,,,AAXX 18064 07591 04/// /0310 10177 20043 39212 48559 53008 60002 700// 333 10277 20166 3/014 55101 60007 70000 90710 91117 555 60005=
07591,2009-08-18 07:00:00,20,,0.7,36,4.5,,18.52,29.632,,30,,,0,,,,,,,0,og-post,,,,AAXX 18074 07591 24/// /0310 10200 20045 39211 48564 50007 700// 333 60005 90710 91116=
07591,2009-08-18 08:00:00,23.1,,0.4,30,4.6,,11.112,31.484,,60,,,0,,,,,,,0,og-post,,,,AAXX 18084 07591 24/// /0606 10231 20046 39212 48572 51004 700// 333 60005 90710 91117=
07591,2009-08-18 09:00:00,25.9,,-0.1,24,3.8,,11.112,29.632,,70,,,0,0,,,,,,0,og-post,,,,AAXX 18094 07591 24/// /0706 10259 20038 39211 48578 57001 700// 333 60007 90710 91116 555 60005=
07591,2009-08-18 10:00:00,28.5,,-0.3,19,2.7,,7.408,14.816,,150,,,0,,,,,,,0,og-post,,,,AAXX 18104 07591 24/// /1504 10285 20027 39208 48581 58003 700// 333 60005 90710 91108=
07591,2009-08-18 11:00:00,30.7,,-0.9,18,3.7,,11.112,18.52,,170,,,0,,,,,,,0,og-post,,,,AAXX 18114 07591 24/// /1706 10307 20037 39203 48581 58009 700// 333 60005 90710 91110=
07591,2009-08-18 12:00:00,31.9,,-1.2,14,1.1,,18.52,29.632,,220,,,0,0,,,,,,0,og-post,,,,AAXX 18124 07591 04/// /2210 10319 20011 39199 48580 58012 60001 700// 333 60007 90710 91116 555 60005=
07591,2009-08-18 13:00:00,32.2,,-1.2,13,0.3,,18.52,31.484,,210,,,0,,,,,,,0,og-post,,,,AAXX 18134 07591 24/// /2110 10322 20003 39196 48577 56012 700// 333 60005 90710 91117=
07591,2009-08-18 14:00:00,32.9,,-1.1,12,-0.2,,18.52,31.484,,220,,,0,,,,,,,0,og-post,,,,AAXX 18144 07591 24/// /2210 10329 21002 39192 48575 57011 700// 333 60005 90710 91117=
07591,2009-08-18 15:00:00,32.8,,-1.2,13,0.8,,14.816,29.632,,210,,,0,0,,,,,,0,og-post,,,,AAXX 18154 07591 24/// /2108 10328 20008 39187 48570 58012 700// 333 60007 90710 91116 555 60005=
07591,2009-08-18 16:00:00,32.3,,-1.2,14,1.4,,14.816,29.632,,220,,,0,,,,,,,0,og-post,,,,AAXX 18164 07591 24/// /2208 10323 20014 39184 48566 56012 700// 333 60005 90710 91116=
07591,2009-08-18 17:00:00,31.8,,-0.7,14,1,,11.112,25.928,,230,,,0,,,,,,,0,og-post,,,,AAXX 18174 07591 24/// /2306 10318 20010 39185 48566 55007 700// 333 60005 90710 91114=
07591,2009-08-18 18:00:00,29.6,,0.3,18,2.8,,7.408,22.224,,220,17.7,33.2,0,0,,,,,,0,og-post,,,,AAXX 18184 07591 04/// /2204 10296 20028 39190 48566 53003 60002 700// 333 10332 20177 60007 90710 91112 555 60005=
07591,2009-08-18 19:00:00,26.7,,1.6,22,3.2,,11.112,22.224,,360,,,0,,,,,,,0,og-post,,,,AAXX 18194 07591 24/// /3606 10267 20032 39200 48569 53016 700// 333 60005 90710 91112=
07591,2009-08-18 20:00:00,25.5,,2.5,29,6.2,,25.928,42.596,,10,,,0,,,,,,,0,og-post,,,,AAXX 18204 07591 24/// /0114 10255 20062 39210 48576 53025 700// 333 60005 90710 91123=
07591,2009-08-18 21:00:00,23.6,,2.5,35,7.3,,14.816,35.188,,50,,,0,0,,,,,,0,og-post,,,,AAXX 18214 07591 24/// /0508 10236 20073 39215 48577 51025 700// 333 60007 90710 91119 555 60005=
07591,2009-08-18 22:00:00,23.2,,1.8,38,8.1,,18.52,35.188,,20,,,0,,,,,,,0,og-post,,,,AAXX 18224 07591 24/// /0210 10232 20081 39218 48579 51018 700// 333 60005 90710 91119=
07591,2009-08-18 23:00:00,22.2,,1.1,42,8.7,,22.224,29.632,,20,,,0,,,,,,,0,og-post,,,,AAXX 18234 07591 24/// /0212 10222 20087 39221 48579 51011 700// 333 60005 90710 91116=
07591,2009-08-19 00:00:00,21.1,,0.9,47,9.4,,14.816,35.188,,30,,,0,0,,,,,,0,og-post,,,,AAXX 19004 07591 04/// /0308 10211 20094 39224 48579 52009 60001 700// 333 60007 90710 91119 555 60005=
07591,2009-08-19 01:00:00,20.6,,0.6,47,8.9,,18.52,29.632,,20,,,0,,,,,,,0,og-post,,,,AAXX 19014 07591 24/// /0210 10206 20089 39224 48578 51006 700// 333 60005 90710 91116=
07591,2009-08-19 02:00:00,19.9,,0.5,47,8.3,,18.52,42.596,,20,,,0,,,,,,,0,og-post,,,,AAXX 19024 07591 24/// /0210 10199 20083 39226 48578 51005 700// 333 60005 90710 91123=
07591,2009-08-19 03:00:00,19.6,,0.1,45,7.4,,25.928,38.892,,20,,,0,0,,,,,,0,og-post,,,,AAXX 19034 07591 24/// /0214 10196 20074 39225 48576 50001 700// 333 60007 90710 91121 555 60005=
07591,2009-08-19 04:00:00,19.1,,0.2,45,6.9,,25.928,46.3,,20,,,0,,,,,,,0,og-post,,,,AAXX 19044 07591 24/// /0214 10191 20069 39226 48576 51002 700// 333 60005 90710 91125=
07591,2009-08-19 05:00:00,18.9,,0.1,43,6.1,,29.632,42.596,,30,,,0,,,,,,,0,og-post,,,,AAXX 19054 07591 24/// /0316 10189 20061 39227 48576 53001 700// 333 60005 90710 91123=
07591,2009-08-19 06:00:00,18.8,,0.4,41,5.3,,25.928,46.3,,10,18.7,29.5,0,0,,,0,11.4,18,0,og-post,,,,AAXX 19064 07591 04/// /0114 10188 20053 39229 48578 53004 60002 700// 333 10295 20187 3/018 55114 60007 70000 90710 91125 555 60005=
07591,2009-08-19 07:00:00,20.9,,0.4,34,4.5,,25.928,38.892,,30,,,0,,,,,,,0,og-post,,,,AAXX 19074 07591 24/// /0314 10209 20045 39230 48583 52004 700// 333 60005 90710 91121=
07591,2009-08-19 08:00:00,23.3,,0.3,28,3.8,,25.928,38.892,,20,,,0,,,,,,,0,og-post,,,,AAXX 19084 07591 24/// /0214 10233 20038 39230 48589 51003 700// 333 60005 90710 91121=
07591,2009-08-19 09:00:00,26.7,,0,20,1.9,,11.112,31.484,,30,,,0,0,,,,,,0,og-post,,,,AAXX 19094 07591 24/// /0306 10267 20019 39229 48596 50000 700// 333 60007 90710 91117 555 60005=
07591,2009-08-19 10:00:00,29.6,,-0.4,15,0.2,,7.408,25.928,,190,,,0,,,,,,,0,og-post,,,,AAXX 19104 07591 24/// /1904 10296 20002 39226 48600 58004 700// 333 60005 90710 91114=
07591,2009-08-19 11:00:00,30.5,,-0.9,16,1.9,,11.112,18.52,,200,,,0,,,,,,,0,og-post,,,,AAXX 19114 07591 24/// /2006 10305 20019 39221 48598 58009 700// 333 60005 90710 91110=
07591,2009-08-19 12:00:00,29,,-0.7,18,2.3,,3.704,14.816,,200,,,0,0,,,,,,0,og-post,,,,AAXX 19124 07591 04/// /2002 10290 20023 39222 48595 55007 60001 700// 333 60007 90710 91108 555 60005=
07591,2009-08-19 13:00:00,28.4,,-0.2,18,1.8,,7.408,14.816,,240,,,0,,,,,,,0,og-post,,,,AAXX 19134 07591 24/// /2404 10284 20018 39224 48595 55002 700// 333 60005 90710 91108=
07591,2009-08-19 14:00:00,27.6,,0.6,16,-0.5,,18.52,50.004,,140,,,0,,,,,,,0,og-post,,,,AAXX 19144 07591 24/// /1410 10276 21005 39227 48596 53006 700// 333 60005 90710 91127=
07591,2009-08-19 15:00:00,27.4,,1.1,17,0.2,,14.816,53.708,,220,,,0,0,,,,,,21,og-post,,,,AAXX 19154 07591 24/// /2208 10274 20002 39233 48601 53011 721// 333 60007 90710 91129 555 60005=
07591,2009-08-19 16:00:00,27.4,,1,16,-0.6,,7.408,38.892,,180,,,0,,,,,,,0,og-post,,,,AAXX 19164 07591 24/// /1804 10274 21006 39234 48602 51010 700// 333 60005 90710 91121=
07591,2009-08-19 17:00:00,26.5,,0.5,22,3.1,,7.408,11.112,,230,,,0,,,,,,,0,og-post,,,,AAXX 19174 07591 24/// /2304 10265 20031 39232 48599 50005 700// 333 60005 90710 91106=
07591,2009-08-19 18:00:00,23.5,,0.2,34,6.7,,3.704,18.52,,280,18.8,31.3,0,0,,,,,,0,og-post,,,,AAXX 19184 07591 04/// /2802 10235 20067 39235 48595 53002 60002 700// 333 10313 20188 60007 90710 91110 555 60005=
07591,2009-08-19 19:00:00,21.7,,0.9,41,7.9,,3.704,11.112,,230,,,0,,,,,,,0,og-post,,,,AAXX 19194 07591 24/// /2302 10217 20079 39243 48598 53009 700// 333 60005 90710 91106=
07591,2009-08-19 20:00:00,19.6,,1.7,46,7.7,,11.112,14.816,,50,,,0,,,,,,,0,og-post,,,,AAXX 19204 07591 24/// /0506 10196 20077 39249 48598 53017 700// 333 60005 90710 91108=
07591,2009-08-19 21:00:00,18.1,,1.6,48,6.9,,14.816,22.224,,50,,,0,0,,,,,,0,og-post,,,,AAXX 19214 07591 24/// /0508 10181 20069 39251 48596 51016 700// 333 60007 90710 91112 555 60005=
07591,2009-08-19 22:00:00,18.6,,0.8,44,6.1,,14.816,22.224,,40,,,0,,,,,,,0,og-post,,,,AAXX 19224 07591 24/// /0408 10186 20061 39251 48597 51008 700// 333 60005 90710 91112=
07591,2009-08-19 23:00:00,20.3,,0,38,5.5,,22.224,35.188,,10,,,0,,,,,,,0,og-post,,,,AAXX 19234 07591 24/// /0112 10203 20055 39249 48600 50000 700// 333 60005 90710 91119=
07591,2009-08-20 00:00:00,20,,-0.5,39,5.6,,25.928,42.596,,20,,,0,0,,,,,,0,og-post,,,,AAXX 20004 07591 04/// /0214 10200 20056 39246 48596 58005 60001 700// 333 60007 90710 91123 555 60005=
07591,2009-08-20 01:00:00,19.5,,-0.6,41,5.9,,22.224,35.188,,30,,,0,,,,,,,0,og-post,,,,AAXX 20014 07591 24/// /0312 10195 20059 39245 48594 56006 700// 333 60005 90710 91119=
07591,2009-08-20 02:00:00,18.7,,-0.6,43,5.9,,29.632,38.892,,20,,,0,,,,,,,0,og-post,,,,AAXX 20024 07591 24/// /0216 10187 20059 39243 48590 56006 700// 333 60005 90710 91121=
07591,2009-08-20 03:00:00,18.4,,-0.5,44,5.9,,29.632,46.3,,10,,,0,0,,,,,,0,og-post,,,,AAXX 20034 07591 24/// /0116 10184 20059 39241 48588 58005 700// 333 60007 90710 91125 555 60005=
07591,2009-08-20 04:00:00,18,,-0.4,44,5.6,,25.928,38.892,,10,,,0,,,,,,,0,og-post,,,,AAXX 20044 07591 24/// /0114 10180 20056 39241 48587 56004 700// 333 60005 90710 91121=
07591,2009-08-20 05:00:00,18.5,,-0.2,43,5.7,,25.928,50.004,,20,,,0,,,,,,,0,og-post,,,,AAXX 20054 07591 24/// /0214 10185 20057 39241 48588 56002 700// 333 60005 90710 91127=
07591,2009-08-20 06:00:00,17.9,,0.2,44,5.5,,29.632,46.3,,30,17.6,23.5,0,0,,,0,4.8,16,0,og-post,,,,AAXX 20064 07591 04/// /0316 10179 20055 39243 48588 53002 60002 700// 333 10235 20176 3/016 55048 60007 70000 90710 91125 555 60005=
07591,2009-08-20 07:00:00,20.5,,0.5,38,5.7,,22.224,38.892,,40,,,0,,,,,,,0,og-post,,,,AAXX 20074 07591 24/// /0412 10205 20057 39246 48597 53005 700// 333 60005 90710 91121=
07591,2009-08-20 08:00:00,23.2,,0.3,32,5.6,,22.224,35.188,,30,,,0,,,,,,,0,og-post,,,,AAXX 20084 07591 24/// /0312 10232 20056 39244 48602 50003 700// 333 60005 90710 91119=
07591,2009-08-20 09:00:00,26.2,,-0.1,26,5.2,,11.112,31.484,,80,,,0,0,,,,,,0,og-post,,,,AAXX 20094 07591 24/// /0806 10262 20052 39242 48608 58001 700// 333 60007 90710 91117 555 60005=
07591,2009-08-20 10:00:00,29.3,,-0.7,22,5.4,,7.408,14.816,,190,,,0,,,,,,,0,og-post,,,,AAXX 20104 07591 24/// /1904 10293 20054 39239 48612 58007 700// 333 60005 90710 91108=
07591,2009-08-20 11:00:00,31.1,,-1,14,0.5,,11.112,22.224,,210,,,0,,,,,,,0,og-post,,,,AAXX 20114 07591 24/// /2106 10311 20005 39234 48611 58010 700// 333 60005 90710 91112=
07591,2009-08-20 12:00:00,32.5,,-1.2,11,-1.7,,14.816,35.188,,230,,,0,0,,,,,,0,og-post,,,,AAXX 20124 07591 04/// /2308 10325 21017 39230 48610 58012 60001 700// 333 60007 90710 91119 555 60005=
07591,2009-08-20 13:00:00,32.7,,-1.2,10,-2.9,,18.52,35.188,,250,,,0,,,,,,,0,og-post,,,,AAXX 20134 07591 24/// /2510 10327 21029 39227 48608 56012 700// 333 60005 90710 91119=
07591,2009-08-20 14:00:00,33.2,,-1.3,11,-1.2,,14.816,35.188,,220,,,0,,,,,,,0,og-post,,,,AAXX 20144 07591 24/// /2208 10332 21012 39221 48604 58013 700// 333 60005 90710 91119=
07591,2009-08-20 15:00:00,32.5,,-1,14,1.6,,18.52,31.484,,220,,,0,0,,,,,,0,og-post,,,,AAXX 20154 07591 24/// /2210 10325 20016 39220 48601 56010 700// 333 60007 90710 91117 555 60005=
07591,2009-08-20 16:00:00,29.2,,-0.3,21,4.6,,18.52,35.188,,240,,,0,,,,,,,0,og-post,,,,AAXX 20164 07591 24/// /2410 10292 20046 39224 48598 55003 700// 333 60005 90710 91119=
07591,2009-08-20 17:00:00,28.4,,0.2,24,5.9,,7.408,31.484,,180,,,0,,,,,,,0,og-post,,,,AAXX 20174 07591 24/// /1804 10284 20059 39223 48595 52002 700// 333 60005 90710 91117=
07591,2009-08-20 18:00:00,27.2,,0.2,26,6,,7.408,11.112,,290,18,33.5,0,0,,,,,,0,og-post,,,,AAXX 20184 07591 04/// /2904 10272 20060 39222 48591 50002 60002 700// 333 10335 20180 60007 90710 91106 555 60005=
07591,2009-08-20 19:00:00,24.4,,0.4,34,7.5,,3.704,7.408,,300,,,0,,,,,,,0,og-post,,,,AAXX 20194 07591 24/// /3002 10244 20075 39228 48591 53004 700// 333 60005 90710 91104=
07591,2009-08-20 20:00:00,22.7,,1.2,38,7.7,,3.704,7.408,,230,,,0,,,,,,,0,og-post,,,,AAXX 20204 07591 24/// /2302 10227 20077 39235 48593 53012 700// 333 60005 90710 91104=
07591,2009-08-20 21:00:00,21.9,,1.7,39,7.3,,3.704,11.112,,250,,,0,0,,,,,,0,og-post,,,,AAXX 20214 07591 24/// /2502 10219 20073 39239 48595 51017 700// 333 60007 90710 91106 555 60005=
07591,2009-08-20 22:00:00,20.9,,1.2,45,8.5,,3.704,7.408,,340,,,0,,,,,,,0,og-post,,,,AAXX 20224 07591 24/// /3402 10209 20085 39240 48593 51012 700// 333 60005 90710 91104=
07591,2009-08-20 23:00:00,19.8,,0.5,49,8.8,,3.704,7.408,,360,,,0,,,,,,,0,og-post,,,,AAXX 20234 07591 24/// /3602 10198 20088 39240 48591 51005 700// 333 60005 90710 91104=
07591,2009-08-21 00:00:00,19.3,,-0.1,51,8.9,,7.408,11.112,,20,,,0,0,,,,,,0,og-post,,,,AAXX 21004 07591 04/// /0204 10193 20089 39238 48588 58001 60001 700// 333 60007 90710 91106 555 60005=
07591,2009-08-21 01:00:00,18.9,,-0.5,51,8.5,,14.816,18.52,,30,,,0,,,,,,,0,og-post,,,,AAXX 21014 07591 24/// /0308 10189 20085 39235 48584 58005 700// 333 60005 90710 91110=
07591,2009-08-21 02:00:00,18.2,,-0.8,52,8.2,,11.112,29.632,,50,,,0,,,,,,,0,og-post,,,,AAXX 21024 07591 24/// /0506 10182 20082 39232 48580 58008 700// 333 60005 90710 91116=
07591,2009-08-21 03:00:00,18.4,,-0.9,51,8.1,,14.816,25.928,,40,,,0,0,,,,,,0,og-post,,,,AAXX 21034 07591 24/// /0408 10184 20081 39229 48577 57009 700// 333 60007 90710 91114 555 60005=
07591,2009-08-21 04:00:00,18.4,,-0.7,50,7.8,,18.52,25.928,,20,,,0,,,,,,,0,og-post,,,,AAXX 21044 07591 24/// /0210 10184 20078 39228 48576 56007 700// 333 60005 90710 91114=
07591,2009-08-21 05:00:00,17.3,,-0.3,55,8.2,,14.816,29.632,,40,,,0,,,,,,,0,og-post,,,,AAXX 21054 07591 24/// /0408 10173 20082 39229 48575 55003 700// 333 60005 90710 91116=
07591,2009-08-21 06:00:00,18.1,,0.1,53,8.4,,14.816,29.632,,40,17.2,27.2,0,0,,,0,9.4,15,0,og-post,,,,AAXX 21064 07591 04/// /0408 10181 20084 39230 48578 53001 60002 700// 333 10272 20172 3/015 55094 60007 70000 90710 91116 555 60005=
07591,2009-08-21 07:00:00,19.3,,0.5,50,8.6,,11.112,22.224,,50,,,0,,,,,,,0,og-post,,,,AAXX 21074 07591 24/// /0506 10193 20086 39233 48583 53005 700// 333 60005 90710 91112=
07591,2009-08-21 08:00:00,22.2,,0.2,40,8,,14.816,25.928,,30,,,0,,,,,,,0,og-post,,,,AAXX 21084 07591 24/// /0308 10222 20080 39231 48588 50002 700// 333 60005 90710 91114=
07591,2009-08-21 09:00:00,25.5,,-0.1,30,6.7,,7.408,25.928,,90,,,0,0,,,,,,0,og-post,,,,AAXX 21094 07591 24/// /0904 10255 20067 39229 48594 58001 700// 333 60007 90710 91114 555 60005=
07591,2009-08-21 10:00:00,27.6,,-1.1,24,5.2,,11.112,14.816,,170,,,0,,,,,,,0,og-post,,,,AAXX 21104 07591 24/// /1706 10276 20052 39222 48592 58011 700// 333 60005 90710 91108=
07591,2009-08-21 11:00:00,30.2,,-1.4,14,-0.2,,14.816,25.928,,210,,,0,,,,,,,0,og-post,,,,AAXX 21114 07591 24/// /2108 10302 21002 39217 48593 58014 700// 333 60005 90710 91114=
07591,2009-08-21 12:00:00,31.2,,-1.7,12,-1.5,,14.816,29.632,,220,,,0,0,,,,,,0,og-post,,,,AAXX 21124 07591 04/// /2208 10312 21015 39212 48590 56017 60001 700// 333 60007 90710 91116 555 60005=
07591,2009-08-21 13:00:00,31.7,,-1.6,11,-2.3,,14.816,29.632,,210,,,0,,,,,,,0,og-post,,,,AAXX 21134 07591 24/// /2108 10317 21023 39206 48586 58016 700// 333 60005 90710 91116=
07591,2009-08-21 14:00:00,31.5,,-1.6,11,-2.5,,18.52,29.632,,220,,,0,,,,,,,0,og-post,,,,AAXX 21144 07591 24/// /2210 10315 21025 39201 48580 57016 700// 333 60005 90710 91116=
07591,2009-08-21 15:00:00,30.9,,-1.4,10,-4.2,,18.52,29.632,,230,,,0,0,,,,,,0,og-post,,,,AAXX 21154 07591 24/// /2310 10309 21042 39198 48576 56014 700// 333 60007 90710 91116 555 60005=
07591,2009-08-21 16:00:00,31.3,,-1,12,-1.5,,14.816,31.484,,240,,,0,,,,,,,0,og-post,,,,AAXX 21164 07591 24/// /2408 10313 21015 39196 48575 56010 700// 333 60005 90710 91117=
07591,2009-08-21 17:00:00,29.6,,-0.8,14,-0.7,,11.112,25.928,,230,,,0,,,,,,,0,og-post,,,,AAXX 21174 07591 24/// /2306 10296 21007 39193 48568 57008 700// 333 60005 90710 91114=
07591,2009-08-21 18:00:00,27.8,,-0.5,21,3.5,,3.704,18.52,,260,17.6,32.5,0,0,,,,,,0,og-post,,,,AAXX 21184 07591 04/// /2602 10278 20035 39193 48565 56005 60002 700// 333 10325 20176 60007 90710 91110 555 60005=
07591,2009-08-21 19:00:00,25.4,,-0.1,24,3.4,,11.112,18.52,,210,,,0,,,,,,,0,og-post,,,,AAXX 21194 07591 24/// /2106 10254 20034 39195 48561 55001 700// 333 60005 90710 91110=
07591,2009-08-21 20:00:00,24,,0.8,32,6.3,,7.408,14.816,,210,,,0,,,,,,,0,og-post,,,,AAXX 21204 07591 24/// /2104 10240 20063 39201 48564 53008 700// 333 60005 90710 91108=
07591,2009-08-21 21:00:00,22.8,,1.1,42,9.2,,3.704,14.816,,200,,,0,0,,,,,,0,og-post,,,,AAXX 21214 07591 24/// /2002 10228 20092 39204 48565 53011 700// 333 60007 90710 91108 555 60005=
07591,2009-08-21 22:00:00,20.8,,1.1,49,9.7,,3.704,11.112,,310,,,0,,,,,,,0,og-post,,,,AAXX 21224 07591 24/// /3102 10208 20097 39206 48562 51011 700// 333 60005 90710 91106=
07591,2009-08-21 23:00:00,20.2,,0.8,54,10.6,,3.704,7.408,,260,,,0,,,,,,,0,og-post,,,,AAXX 21234 07591 24/// /2602 10202 20106 39209 48564 52008 700// 333 60005 90710 91104=
07591,2009-08-22 00:00:00,19.1,,0.2,59,10.9,,3.704,7.408,,360,,,0,0,,,,,,0,og-post,,,,AAXX 22004 07591 04/// /3602 10191 20109 39206 48558 50002 60001 700// 333 60007 90710 91104 555 60005=
07591,2009-08-22 01:00:00,17.8,,-0.2,63,10.7,,3.704,11.112,,20,,,0,,,,,,,0,og-post,,,,AAXX 22014 07591 24/// /0202 10178 20107 39204 48554 58002 700// 333 60005 90710 91106=
07591,2009-08-22 02:00:00,16.7,,-0.5,67,10.5,,3.704,7.408,,30,,,0,,,,,,,0,og-post,,,,AAXX 22024 07591 24/// /0302 10167 20105 39204 48551 56005 700// 333 60005 90710 91104=
07591,2009-08-22 03:00:00,16,,-0.2,69,10.3,,3.704,7.408,,30,,,0,0,,,,,,0,og-post,,,,AAXX 22034 07591 24/// /0302 10160 20103 39204 48549 56002 700// 333 60007 90710 91104 555 60005=
07591,2009-08-22 04:00:00,15.3,,-0.4,67,9.2,,11.112,14.816,,40,,,0,,,,,,,0,og-post,,,,AAXX 22044 07591 24/// /0406 10153 20092 39200 48544 58004 700// 333 60005 90710 91108=
07591,2009-08-22 05:00:00,15.1,,-0.1,69,9.5,,3.704,18.52,,20,,,0,,,,,,,0,og-post,,,,AAXX 22054 07591 24/// /0202 10151 20095 39203 48546 55001 700// 333 60005 90710 91110=
07591,2009-08-22 06:00:00,14.5,,-0,70,9.1,,3.704,7.408,,50,14.5,27.8,0,0,,,0,9.8,11,0,og-post,,,,AAXX 22064 07591 04/// /0502 10145 20091 39204 48546 55000 60002 700// 333 10278 20145 3/011 55098 60007 70000 90710 91104 555 60005=
07591,2009-08-22 07:00:00,18.5,,-0.1,52,8.5,,7.408,14.816,,60,,,0,,,,,,,0,og-post,,,,AAXX 22074 07591 24/// /0604 10185 20085 39199 48550 58001 700// 333 60005 90710 91108=
07591,2009-08-22 08:00:00,21.6,,-0.6,41,7.8,,7.408,14.816,,140,,,0,,,,,,,0,og-post,,,,AAXX 22084 07591 24/// /1404 10216 20078 39197 48555 58006 700// 333 60005 90710 91108=
07591,2009-08-22 09:00:00,23.7,,-1,38,8.5,,7.408,14.816,,170,,,0,0,,,,,,0,og-post,,,,AAXX 22094 07591 24/// /1704 10237 20085 39194 48557 56010 700// 333 60007 90710 91108 555 60005=
07591,2009-08-22 10:00:00,26.1,,-1,36,9.9,,14.816,22.224,,190,,,0,,,,,,,0,og-post,,,,AAXX 22104 07591 24/// /1908 10261 20099 39189 48558 58010 700// 333 60005 90710 91112=
07591,2009-08-22 11:00:00,28.5,,-1.7,25,6.6,,18.52,29.632,,200,,,0,,,,,,,0,og-post,,,,AAXX 22114 07591 24/// /2010 10285 20066 39180 48555 58017 700// 333 60005 90710 91116=
07591,2009-08-22 12:00:00,30.3,,-2,14,-0.1,,18.52,42.596,,220,,,0,0,,,,,,0,og-post,,,,AAXX 22124 07591 04/// /2210 10303 21001 39174 48552 58020 60001 700// 333 60007 90710 91123 555 60005=
07591,2009-08-22 13:00:00,30.6,,-1.9,14,0.1,,18.52,38.892,,220,,,0,,,,,,,0,og-post,,,,AAXX 22134 07591 24/// /2210 10306 20001 39170 48549 56019 700// 333 60005 90710 91121=
07591,2009-08-22 14:00:00,31.1,,-1.6,16,2.3,,18.52,35.188,,230,,,0,,,,,,,0,og-post,,,,AAXX 22144 07591 24/// /2310 10311 20023 39164 48544 57016 700// 333 60005 90710 91119=
07591,2009-08-22 15:00:00,30.7,,-1.5,17,2.9,,22.224,38.892,,220,,,0,0,,,,,,0,og-post,,,,AAXX 22154 07591 24/// /2212 10307 20029 39159 48539 58015 700// 333 60007 90710 91121 555 60005=
07591,2009-08-22 16:00:00,30.5,,-1,17,2.7,,14.816,35.188,,240,,,0,,,,,,,0,og-post,,,,AAXX 22164 07591 24/// /2408 10305 20027 39160 48539 55010 700// 333 60005 90710 91119=
07591,2009-08-22 17:00:00,27.7,,-0.2,26,6.5,,22.224,38.892,,220,,,0,,,,,,,0,og-post,,,,AAXX 22174 07591 24/// /2212 10277 20065 39162 48536 55002 700// 333 60005 90710 91121=
07591,2009-08-22 18:00:00,25.7,,0.6,29,6.3,,14.816,31.484,,240,14.5,31.4,0,0,,,,,,0,og-post,,,,AAXX 22184 07591 04/// /2408 10257 20063 39165 48534 53006 60002 700// 333 10314 20145 60007 90710 91117 555 60005=
07591,2009-08-22 19:00:00,23.2,,1.2,36,7.3,,11.112,31.484,,190,,,0,,,,,,,0,og-post,,,,AAXX 22194 07591 24/// /1906 10232 20073 39172 48535 53012 700// 333 60005 90710 91117=
07591,2009-08-22 20:00:00,22,,1.8,38,7,,7.408,22.224,,200,,,0,,,,,,,0,og-post,,,,AAXX 22204 07591 24/// /2004 10220 20070 39180 48540 53018 700// 333 60005 90710 91112=
07591,2009-08-22 21:00:00,19.5,,1.9,47,7.9,,3.704,11.112,,10,,,0,0,,,,,,0,og-post,,,,AAXX 22214 07591 24/// /0102 10195 20079 39184 48538 51019 700// 333 60007 90710 91106 555 60005=
07591,2009-08-22 22:00:00,18.2,,1.4,52,8.2,,7.408,11.112,,40,,,0,,,,,,,0,og-post,,,,AAXX 22224 07591 24/// /0404 10182 20082 39186 48537 51014 700// 333 60005 90710 91106=
07591,2009-08-22 23:00:00,17.5,,0.3,54,8.1,,3.704,7.408,,350,,,0,,,,,,,0,og-post,,,,AAXX 22234 07591 24/// /3502 10175 20081 39183 48533 50003 700// 333 60005 90710 91104=
07591,2009-08-23 00:00:00,16.2,,-0.3,60,8.4,,3.704,11.112,,140,,,0,0,,,,,,0,og-post,,,,AAXX 23004 07591 04/// /1402 10162 20084 39181 48528 58003 60001 700// 333 60007 90710 91106 555 60005=
07591,2009-08-23 01:00:00,15.1,,-0.6,65,8.6,,3.704,7.408,,30,,,0,,,,,,,0,og-post,,,,AAXX 23014 07591 24/// /0302 10151 20086 39180 48525 56006 700// 333 60005 90710 91104=
07591,2009-08-23 02:00:00,15.5,,-0.3,62,8.3,,7.408,7.408,,50,,,0,,,,,,,0,og-post,,,,AAXX 23024 07591 24/// /0504 10155 20083 39180 48526 56003 700// 333 60005 90710 91104=
07591,2009-08-23 03:00:00,15.4,,-0.1,62,8.2,,3.704,7.408,,260,,,0,0,,,,,,0,og-post,,,,AAXX 23034 07591 24/// /2602 10154 20082 39180 48526 56001 700// 333 60007 90710 91104 555 60005=
07591,2009-08-23 04:00:00,14.4,,-0,72,9.4,,3.704,7.408,,170,,,0,,,,,,,0,og-post,,,,AAXX 23044 07591 24/// /1702 10144 20094 39180 48524 54000 700// 333 60005 90710 91104=
07591,2009-08-23 05:00:00,14.1,,0.1,72,9.1,,,7.408,,,,,0,,,,,,,0,og-post,,,,AAXX 23054 07591 24/// /0000 10141 20091 39181 48524 53001 700// 333 60005 90710 91104=
07591,2009-08-23 06:00:00,14.8,,0.1,71,9.6,,3.704,7.408,,140,14,25.7,0,0,,,0,11.3,10,0,og-post,,,,AAXX 23064 07591 04/// /1402 10148 20096 39181 48525 52001 60002 700// 333 10257 20140 3/010 55113 60007 70000 90710 91104 555 60005=
07591,2009-08-23 07:00:00,17.6,,0.4,62,10.2,,3.704,11.112,,160,,,0,,,,,,,0,og-post,,,,AAXX 23074 07591 24/// /1602 10176 20102 39184 48535 53004 700// 333 60005 90710 91106=
07591,2009-08-23 08:00:00,22.2,,-0.2,46,10,,3.704,11.112,,160,,,0,,,,,,,0,og-post,,,,AAXX 23084 07591 24/// /1602 10222 20100 39179 48540 58002 700// 333 60005 90710 91106=
07591,2009-08-23 09:00:00,25.3,,-0.6,34,8.3,,7.408,14.816,,160,,,0,0,,,,,,0,og-post,,,,AAXX 23094 07591 24/// /1604 10253 20083 39175 48543 58006 700// 333 60007 90710 91108 555 60005=
07591,2009-08-23 10:00:00,28,,-1.4,29,8.3,,11.112,14.816,,220,,,0,,,,,,,0,og-post,,,,AAXX 23104 07591 24/// /2206 10280 20083 39170 48544 57014 700// 333 60005 90710 91108=
07591,2009-08-23 11:00:00,29.6,,-1.6,23,6.3,,11.112,18.52,,220,,,0,,,,,,,0,og-post,,,,AAXX 23114 07591 24/// /2206 10296 20063 39163 48541 58016 700// 333 60005 90710 91110=
07591,2009-08-23 12:00:00,30.8,,-1.6,19,4.5,,18.52,29.632,,210,,,0,0,,,,,,0,og-post,,,,AAXX 23124 07591 04/// /2110 10308 20045 39159 48539 56016 60001 700// 333 60007 90710 91116 555 60005=
07591,2009-08-23 13:00:00,31.5,,-1.6,18,4.3,,18.52,31.484,,220,,,0,,,,,,,0,og-post,,,,AAXX 23134 07591 24/// /2210 10315 20043 39154 48536 56016 700// 333 60005 90710 91117=
07591,2009-08-23 14:00:00,31.1,,-1.3,20,5.5,,22.224,31.484,,220,,,0,,,,,,,0,og-post,,,,AAXX 23144 07591 24/// /2212 10311 20055 39150 48531 57013 700// 333 60005 90710 91117=
07591,2009-08-23 15:00:00,30.6,,-1.2,22,6.5,,22.224,35.188,,220,,,0,0,,,,,,0,og-post,,,,AAXX 23154 07591 24/// /2212 10306 20065 39147 48528 56012 700// 333 60007 90710 91119 555 60005=
07591,2009-08-23 16:00:00,30.1,,-0.7,25,7.9,,18.52,35.188,,220,,,0,,,,,,,0,og-post,,,,AAXX 23164 07591 24/// /2210 10301 20079 39147 48527 56007 700// 333 60005 90710 91119=
07591,2009-08-23 17:00:00,27.2,,0.1,36,10.8,,14.816,35.188,,240,,,0,,,,,,,0,og-post,,,,AAXX 23174 07591 24/// /2408 10272 20108 39151 48525 53001 700// 333 60005 90710 91119=
07591,2009-08-23 18:00:00,25.9,,0.8,41,11.6,,18.52,35.188,,250,14.8,32,0,0,,,,,,0,og-post,,,,AAXX 23184 07591 04/// /2510 10259 20116 39155 48526 53008 60002 700// 333 10320 20148 60007 90710 91119 555 60005=
07591,2009-08-23 19:00:00,24,,1.4,50,12.9,,7.408,42.596,,200,,,0,,,,,,,0,og-post,,,,AAXX 23194 07591 24/// /2004 10240 20129 39161 48528 53014 700// 333 60005 90710 91123=
07591,2009-08-23 20:00:00,19.8,,2.3,78,15.9,,3.704,50.004,,190,,,5,,,,,,,61,og-post,,,,AAXX 23204 07591 24/// /1902 10198 20159 39174 48532 53023 761// 333 60055 90710 91127=
07591,2009-08-23 21:00:00,19.3,,2.1,84,16.5,,3.704,14.816,,40,,,0.8,6,,,,,,21,og-post,,,,AAXX 23214 07591 24/// /0402 10193 20165 39176 48533 51021 721// 333 60067 90710 91108 555 69985=
07591,2009-08-23 22:00:00,19,,1.4,85,16.4,,3.704,11.112,,40,,,0,,,,,,,0,og-post,,,,AAXX 23224 07591 24/// /0402 10190 20164 39175 48531 50014 700// 333 60005 90710 91106=
07591,2009-08-23 23:00:00,18.5,,0,85,15.9,,3.704,7.408,,40,,,0,,,,,,,0,og-post,,,,AAXX 23234 07591 24/// /0402 10185 20159 39174 48529 50000 700// 333 60005 90710 91104=
07591,2009-08-24 00:00:00,17.8,,-0.5,86,15.4,,3.704,7.408,,330,,,0,0,6,,,,,0,og-post,,,,AAXX 24004 07591 04/// /3302 10178 20154 39171 48524 58005 60061 700// 333 60007 90710 91104 555 60005=
07591,2009-08-24 01:00:00,17.2,,-0.7,87,15,,3.704,7.408,,20,,,0,,,,,,,0,og-post,,,,AAXX 24014 07591 24/// /0202 10172 20150 39168 48520 58007 700// 333 60005 90710 91104=
07591,2009-08-24 02:00:00,16.8,,-0.9,87,14.6,,3.704,7.408,,10,,,0,,,,,,,0,og-post,,,,AAXX 24024 07591 24/// /0102 10168 20146 39165 48517 57009 700// 333 60005 90710 91104=
07591,2009-08-24 03:00:00,16.4,,-0.7,86,14.1,,3.704,14.816,,40,,,0,0,,,,,,0,og-post,,,,AAXX 24034 07591 24/// /0402 10164 20141 39164 48515 56007 700// 333 60007 90710 91108 555 60005=
07591,2009-08-24 04:00:00,16,,-0.7,86,13.7,,3.704,7.408,,100,,,0,,,,,,,0,og-post,,,,AAXX 24044 07591 24/// /1002 10160 20137 39161 48511 57007 700// 333 60005 90710 91104=
07591,2009-08-24 05:00:00,15.9,,-0.2,87,13.7,,3.704,3.704,,150,,,0,,,,,,,0,og-post,,,,AAXX 24054 07591 24/// /1502 10159 20137 39163 48512 55002 700// 333 60005 90710 91102=
07591,2009-08-24 06:00:00,15.7,,0.1,87,13.5,,3.704,11.112,,40,15.5,25.9,0.2,0.2,,6,5.8,10,13,0,og-post,,,,AAXX 24064 07591 04/// /0402 10157 20135 39165 48514 53001 60062 700// 333 10259 20155 3/013 55100 69927 70058 90710 91106 555 69925=
07591,2009-08-24 07:00:00,18.9,,0.2,71,13.5,,7.408,14.816,,80,,,0,,,,,,,0,og-post,,,,AAXX 24074 07591 24/// /0804 10189 20135 39163 48519 50002 700// 333 60005 90710 91108=
07591,2009-08-24 08:00:00,21.9,,-0.6,58,13.3,,7.408,14.816,,70,,,0,,,,,,,0,og-post,,,,AAXX 24084 07591 24/// /0704 10219 20133 39157 48520 58006 700// 333 60005 90710 91108=
07591,2009-08-24 09:00:00,24.8,,-1.1,45,12.1,,3.704,18.52,,80,,,0,0,,,,,,0,og-post,,,,AAXX 24094 07591 24/// /0802 10248 20121 39154 48523 58011 700// 333 60007 90710 91110 555 60005=
07591,2009-08-24 10:00:00,26.8,,-1.2,38,11.3,,11.112,18.52,,210,,,0,,,,,,,0,og-post,,,,AAXX 24104 07591 24/// /2106 10268 20113 39151 48524 56012 700// 333 60005 90710 91110=
07591,2009-08-24 11:00:00,28.8,,-1.3,25,6.8,,14.816,29.632,,210,,,0,,,,,,,0,og-post,,,,AAXX 24114 07591 24/// /2108 10288 20068 39144 48521 58013 700// 333 60005 90710 91116=
07591,2009-08-24 12:00:00,29.8,,-1.4,22,5.8,,18.52,31.484,,220,,,0,0,,,,,,0,og-post,,,,AAXX 24124 07591 04/// /2210 10298 20058 39140 48519 58014 60001 700// 333 60007 90710 91117 555 60005=
07591,2009-08-24 13:00:00,30.2,,-1.4,20,4.8,,22.224,38.892,,230,,,0,,,,,,,0,og-post,,,,AAXX 24134 07591 24/// /2312 10302 20048 39137 48517 56014 700// 333 60005 90710 91121=
07591,2009-08-24 14:00:00,30.6,,-1.3,18,3.6,,14.816,35.188,,210,,,0,,,,,,,0,og-post,,,,AAXX 24144 07591 24/// /2108 10306 20036 39131 48512 58013 700// 333 60005 90710 91119=
07591,2009-08-24 15:00:00,30.5,,-1.1,19,4.3,,14.816,35.188,,230,,,0,0,,,,,,0,og-post,,,,AAXX 24154 07591 24/// /2308 10305 20043 39129 48510 56011 700// 333 60007 90710 91119 555 60005=
07591,2009-08-24 16:00:00,30.1,,-1.1,21,5.4,,14.816,35.188,,220,,,0,,,,,,,0,og-post,,,,AAXX 24164 07591 24/// /2208 10301 20054 39126 48506 56011 700// 333 60005 90710 91119=
07591,2009-08-24 17:00:00,28.1,,-0.7,30,8.9,,11.112,31.484,,230,,,0,,,,,,,0,og-post,,,,AAXX 24174 07591 24/// /2306 10281 20089 39124 48501 57007 700// 333 60005 90710 91117=
07591,2009-08-24 18:00:00,26.5,,-0.1,36,10.2,,14.816,29.632,,250,15.7,31,0,0,,,,,,0,og-post,,,,AAXX 24184 07591 04/// /2508 10265 20102 39128 48502 55001 60002 700// 333 10310 20157 60007 90710 91116 555 60005=
07591,2009-08-24 19:00:00,23.5,,0.8,51,12.8,,11.112,31.484,,190,,,0,,,,,,,21,og-post,,,,AAXX 24194 07591 24/// /1906 10235 20128 39134 48502 53008 721// 333 60005 90710 91117=
07591,2009-08-24 20:00:00,23,,1.8,52,12.6,,3.704,22.224,,200,,,0,,,,,,,0,og-post,,,,AAXX 24204 07591 24/// /2002 10230 20126 39142 48508 53018 700// 333 60005 90710 91112=
07591,2009-08-24 21:00:00,20.7,,1.7,62,13.2,,3.704,14.816,,50,,,0,0,,,,,,0,og-post,,,,AAXX 24214 07591 24/// /0502 10207 20132 39145 48506 51017 700// 333 60007 90710 91108 555 60005=
07591,2009-08-24 22:00:00,19.2,,1.3,68,13.2,,3.704,11.112,,30,,,0,,,,,,,0,og-post,,,,AAXX 24224 07591 24/// /0302 10192 20132 39147 48505 51013 700// 333 60005 90710 91106=
07591,2009-08-24 23:00:00,18.8,,0.4,69,13,,3.704,11.112,,10,,,0,,,,,,,0,og-post,,,,AAXX 24234 07591 24/// /0102 10188 20130 39146 48503 50004 700// 333 60005 90710 91106=
07591,2009-08-25 00:00:00,18.4,,0.1,71,13,,7.408,7.408,,30,,,0,0,,,,,,0,og-post,,,,AAXX 25004 07591 04/// /0304 10184 20130 39146 48502 51001 60001 700// 333 60007 90710 91104 555 60005=
07591,2009-08-25 01:00:00,18.4,,0.1,69,12.6,,7.408,11.112,,30,,,0,,,,,,,0,og-post,,,,AAXX 25014 07591 24/// /0304 10184 20126 39148 48504 53001 700// 333 60005 90710 91106=
07591,2009-08-25 02:00:00,17.7,,0.3,71,12.4,,3.704,14.816,,70,,,0,,,,,,,0,og-post,,,,AAXX 25024 07591 24/// /0702 10177 20124 39149 48503 53003 700// 333 60005 90710 91108=
07591,2009-08-25 03:00:00,17.4,,0.4,72,12.3,,7.408,7.408,,60,,,0,0,,,,,,0,og-post,,,,AAXX 25034 07591 24/// /0604 10174 20123 39150 48503 51004 700// 333 60007 90710 91104 555 60005=
07591,2009-08-25 04:00:00,17.2,,0,75,12.7,,3.704,11.112,,10,,,0,,,,,,,0,og-post,,,,AAXX 25044 07591 24/// /0102 10172 20127 39148 48501 50000 700// 333 60005 90710 91106=
07591,2009-08-25 05:00:00,17.3,,-0.4,70,11.8,,11.112,22.224,,20,,,0,,,,,,,0,og-post,,,,AAXX 25054 07591 24/// /0206 10173 20118 39145 48498 58004 700// 333 60005 90710 91112=
07591,2009-08-25 06:00:00,17.7,,-0.4,70,12.2,,11.112,22.224,,40,16.5,26.4,0,0,,,0,10.8,15,0,og-post,,,,AAXX 25064 07591 04/// /0406 10177 20122 39146 48500 55004 60002 700// 333 10264 20165 3/015 55108 60007 70000 90710 91112 555 60005=
07591,2009-08-25 07:00:00,19.8,,-0,63,12.6,,14.816,29.632,,20,,,0,,,,,,,0,og-post,,,,AAXX 25074 07591 24/// /0208 10198 20126 39148 48507 55000 700// 333 60005 90710 91116=
07591,2009-08-25 08:00:00,21.9,,0.5,53,11.9,,7.408,22.224,,90,,,0,,,,,,,0,og-post,,,,AAXX 25084 07591 24/// /0904 10219 20119 39150 48513 53005 700// 333 60005 90710 91112=
07591,2009-08-25 09:00:00,24.5,,0.1,42,10.8,,7.408,18.52,,40,,,0,0,,,,,,0,og-post,,,,AAXX 25094 07591 24/// /0404 10245 20108 39147 48515 50001 700// 333 60007 90710 91110 555 60005=
07591,2009-08-25 10:00:00,25.6,,-0.3,39,10.6,,7.408,14.816,,180,,,0,,,,,,,0,og-post,,,,AAXX 25104 07591 24/// /1804 10256 20106 39145 48516 58003 700// 333 60005 90710 91108=
07591,2009-08-25 11:00:00,28.1,,-1,30,8.9,,14.816,29.632,,200,,,0,,,,,,,0,og-post,,,,AAXX 25114 07591 24/// /2008 10281 20089 39140 48516 58010 700// 333 60005 90710 91116=
07591,2009-08-25 12:00:00,26.6,,-0.5,36,10.3,,14.816,35.188,,220,,,0,0,,,,,,0,og-post,,,,AAXX 25124 07591 04/// /2208 10266 20103 39142 48515 55005 60001 700// 333 60007 90710 91119 555 60005=
07591,2009-08-25 13:00:00,23.6,,-0.2,55,14,,3.704,35.188,,190,,,2,,,,,,,60,og-post,,,,AAXX 25134 07591 24/// /1902 10236 20140 39143 48511 55002 760// 333 60025 90710 91119=
07591,2009-08-25 14:00:00,18.7,,1.6,70,13.1,,14.816,46.3,,40,,,3,,,,,,,21,og-post,,,,AAXX 25144 07591 24/// /0408 10187 20131 39156 48512 53016 721// 333 60035 90710 91125=
07591,2009-08-25 15:00:00,21.1,,0.8,58,12.5,,22.224,31.484,,10,,,0,5,,,,,,0,og-post,,,,AAXX 25154 07591 24/// /0112 10211 20125 39150 48511 50008 700// 333 60057 90710 91117 555 60005=
07591,2009-08-25 16:00:00,21.6,,0.5,57,12.7,,11.112,31.484,,20,,,0,,,,,,,0,og-post,,,,AAXX 25164 07591 24/// /0206 10216 20127 39148 48511 50005 700// 333 60005 90710 91117=
07591,2009-08-25 17:00:00,20.4,,-0.7,67,14.1,,14.816,22.224,,30,,,0,,,,,,,21,og-post,,,,AAXX 25174 07591 24/// /0308 10204 20141 39149 48509 55007 721// 333 60005 90710 91112=
07591,2009-08-25 18:00:00,19.1,,0.3,71,13.7,,14.816,25.928,,10,17.7,28.8,0.4,0.4,,5,,,,21,og-post,,,,AAXX 25184 07591 04/// /0108 10191 20137 39153 48510 53003 60052 721// 333 10288 20177 69947 90710 91114 555 69945=
07591,2009-08-25 19:00:00,17.6,,0.5,80,14.1,,11.112,29.632,,60,,,0,,,,,,,0,og-post,,,,AAXX 25194 07591 24/// /0606 10176 20141 39153 48507 51005 700// 333 60005 90710 91116=
07591,2009-08-25 20:00:00,17.2,,1.1,80,13.7,,11.112,14.816,,60,,,0,,,,,,,0,og-post,,,,AAXX 25204 07591 24/// /0606 10172 20137 39160 48513 53011 700// 333 60005 90710 91108=
07591,2009-08-25 21:00:00,17.5,,1.7,79,13.8,,3.704,18.52,,120,,,0,0,,,,,,0,og-post,,,,AAXX 25214 07591 24/// /1202 10175 20138 39170 48522 53017 700// 333 60007 90710 91110 555 60005=
07591,2009-08-25 22:00:00,17.1,,2.6,82,14,,7.408,11.112,,50,,,0,,,,,,,0,og-post,,,,AAXX 25224 07591 24/// /0504 10171 20140 39179 48530 53026 700// 333 60005 90710 91106=
07591,2009-08-25 23:00:00,18,,2,72,12.9,,22.224,31.484,,10,,,0.2,,,,,,,0,og-post,,,,AAXX 25234 07591 24/// /0112 10180 20129 39180 48533 51020 700// 333 69925 90710 91117=
07591,2009-08-26 00:00:00,17.3,,0.6,66,10.9,,25.928,35.188,,10,,,0,0.2,0.2,,,,,0,og-post,,,,AAXX 26004 07591 04/// /0114 10173 20109 39176 48527 50006 69921 700// 333 69927 90710 91119 555 60005=
07591,2009-08-26 01:00:00,17,,-0.7,67,10.8,,25.928,38.892,,10,,,0,,,,,,,0,og-post,,,,AAXX 26014 07591 24/// /0114 10170 20108 39172 48522 58007 700// 333 60005 90710 91121=
07591,2009-08-26 02:00:00,16.4,,-1.1,71,11.1,,22.224,38.892,,20,,,0,,,,,,,0,og-post,,,,AAXX 26024 07591 24/// /0212 10164 20111 39169 48518 56011 700// 333 60005 90710 91121=
07591,2009-08-26 03:00:00,16.4,,-0.9,69,10.7,,25.928,38.892,,20,,,0,0,,,,,,0,og-post,,,,AAXX 26034 07591 24/// /0214 10164 20107 39167 48516 56009 700// 333 60007 90710 91121 555 60005=
07591,2009-08-26 04:00:00,16.2,,-0.6,68,10.3,,22.224,38.892,,30,,,0,,,,,,,0,og-post,,,,AAXX 26044 07591 24/// /0312 10162 20103 39166 48515 56006 700// 333 60005 90710 91121=
07591,2009-08-26 05:00:00,16,,0.2,68,10.1,,22.224,42.596,,20,,,0,,,,,,,0,og-post,,,,AAXX 26054 07591 24/// /0212 10160 20101 39171 48519 53002 700// 333 60005 90710 91123=
07591,2009-08-26 06:00:00,16.1,,0.9,67,10,,22.224,38.892,,30,15.8,19.1,0,0,,0.2,5.4,4.8,15,0,og-post,,,,AAXX 26064 07591 04/// /0312 10161 20100 39176 48524 53009 69922 700// 333 10191 20158 3/015 55048 60007 70054 90710 91121 555 60005=
07591,2009-08-26 07:00:00,17.2,,1.5,64,10.3,,22.224,35.188,,20,,,0,,,,,,,0,og-post,,,,AAXX 26074 07591 24/// /0212 10172 20103 39181 48531 52015 700// 333 60005 90710 91119=
07591,2009-08-26 08:00:00,19,,1.1,56,10,,14.816,31.484,,40,,,0,,,,,,,0,og-post,,,,AAXX 26084 07591 24/// /0408 10190 20100 39182 48536 51011 700// 333 60005 90710 91117=
07591,2009-08-26 09:00:00,21.5,,0.7,46,9.4,,7.408,25.928,,90,,,0,0,,,,,,0,og-post,,,,AAXX 26094 07591 24/// /0904 10215 20094 39183 48542 51007 700// 333 60007 90710 91114 555 60005=
07591,2009-08-26 10:00:00,23.6,,-0.1,37,8.1,,7.408,14.816,,170,,,0,,,,,,,0,og-post,,,,AAXX 26104 07591 24/// /1704 10236 20081 39180 48544 58001 700// 333 60005 90710 91108=
07591,2009-08-26 11:00:00,25.6,,-0.7,32,7.7,,3.704,14.816,,120,,,0,,,,,,,0,og-post,,,,AAXX 26114 07591 24/// /1202 10256 20077 39175 48544 58007 700// 333 60005 90710 91108=
07591,2009-08-26 12:00:00,26.1,,-0.8,31,7.7,,11.112,22.224,,180,,,0,0,,,,,,0,og-post,,,,AAXX 26124 07591 04/// /1806 10261 20077 39175 48545 56008 60001 700// 333 60007 90710 91112 555 60005=
07591,2009-08-26 13:00:00,26.5,,-1.1,30,7.5,,14.816,25.928,,210,,,0,,,,,,,0,og-post,,,,AAXX 26134 07591 24/// /2108 10265 20075 39169 48540 58011 700// 333 60005 90710 91114=
07591,2009-08-26 14:00:00,20,,0.1,49,9,,18.52,53.708,,90,,,0,,,,,,,65,og-post,,,,AAXX 26144 07591 24/// /0910 10200 20090 39176 48532 53001 765// 333 60005 90710 91129=
07591,2009-08-26 15:00:00,19.3,,0.4,60,11.3,,7.408,18.52,,220,,,0,0,,,,,,21,og-post,,,,AAXX 26154 07591 24/// /2204 10193 20113 39179 48534 53004 721// 333 60007 90710 91110 555 60005=
07591,2009-08-26 16:00:00,17.7,,2.6,72,12.6,,3.704,42.596,,280,,,0,,,,,,,61,og-post,,,,AAXX 26164 07591 24/// /2802 10177 20126 39195 48546 53026 761// 333 60005 90710 91123=
07591,2009-08-26 17:00:00,17.8,,2.4,74,13.1,,7.408,18.52,,230,,,0,,,,,,,60,og-post,,,,AAXX 26174 07591 24/// /2304 10178 20131 39200 48550 53024 760// 333 60005 90710 91110=
07591,2009-08-26 18:00:00,16.8,,2.6,84,14.1,,7.408,11.112,,200,16.1,26.9,0.2,0.2,,0.2,,,,61,og-post,,,,AAXX 26184 07591 04/// /2004 10168 20141 39205 48553 51026 69922 761// 333 10269 20161 69927 90710 91106 555 69925=
07591,2009-08-26 19:00:00,16.4,,0.9,86,14.1,,3.704,7.408,,340,,,0,,,,,,,60,og-post,,,,AAXX 26194 07591 24/// /3402 10164 20141 39204 48551 50009 760// 333 60005 90710 91104=
07591,2009-08-26 20:00:00,16,,1,86,13.7,,7.408,18.52,,50,,,0,,,,,,,0,og-post,,,,AAXX 26204 07591 24/// /0504 10160 20137 39210 48556 53010 700// 333 60005 90710 91110=
07591,2009-08-26 21:00:00,15.9,,0.2,84,13.2,,7.408,22.224,,70,,,0,0,,,,,,0,og-post,,,,AAXX 26214 07591 24/// /0704 10159 20132 39207 48552 50002 700// 333 60007 90710 91112 555 60005=
07591,2009-08-26 22:00:00,15.4,,0.2,84,12.7,,3.704,11.112,,40,,,0,,,,,,,0,og-post,,,,AAXX 26224 07591 24/// /0402 10154 20127 39206 48550 50002 700// 333 60005 90710 91106=
07591,2009-08-26 23:00:00,14.5,,-0.1,86,12.2,,3.704,7.408,,340,,,0,,,,,,,0,og-post,,,,AAXX 26234 07591 24/// /3402 10145 20122 39209 48551 55001 700// 333 60005 90710 91104=
07591,2009-08-27 00:00:00,13.9,,0,86,11.6,,3.704,7.408,,50,,,0,0,,,,,,0,og-post,,,,AAXX 27004 07591 04/// /0502 10139 20116 39207 48547 50000 60001 700// 333 60007 90710 91104 555 60005=
07591,2009-08-27 01:00:00,13.3,,0.2,87,11.2,,3.704,11.112,,70,,,0,,,,,,,0,og-post,,,,AAXX 27014 07591 24/// /0702 10133 20112 39208 48547 51002 700// 333 60005 90710 91106=
07591,2009-08-27 02:00:00,13.1,,0.1,87,11,,3.704,11.112,,50,,,0,,,,,,,0,og-post,,,,AAXX 27024 07591 24/// /0502 10131 20110 39210 48548 53001 700// 333 60005 90710 91106=
07591,2009-08-27 03:00:00,13.3,,-0.1,82,10.3,,14.816,22.224,,40,,,0,0,,,,,,0,og-post,,,,AAXX 27034 07591 24/// /0408 10133 20103 39206 48545 58001 700// 333 60007 90710 91112 555 60005=
07591,2009-08-27 04:00:00,14.1,,-0.1,74,9.5,,11.112,25.928,,40,,,0,,,,,,,0,og-post,,,,AAXX 27044 07591 24/// /0406 10141 20095 39207 48547 58001 700// 333 60005 90710 91114=
07591,2009-08-27 05:00:00,14.6,,-0.2,70,9.2,,14.816,29.632,,30,,,0,,,,,,,0,og-post,,,,AAXX 27054 07591 24/// /0308 10146 20092 39208 48549 55002 700// 333 60005 90710 91116=
07591,2009-08-27 06:00:00,14.4,,0.5,70,9,,11.112,25.928,,30,12.8,16.8,0,0,,,0.2,4.4,11,0,og-post,,,,AAXX 27064 07591 04/// /0306 10144 20090 39211 48552 53005 60002 700// 333 10168 20128 3/011 55044 60007 70002 90710 91114 555 60005=
07591,2009-08-27 07:00:00,16.9,,0.7,61,9.3,,14.816,25.928,,40,,,0,,,,,,,0,og-post,,,,AAXX 27074 07591 24/// /0408 10169 20093 39214 48560 53007 700// 333 60005 90710 91114=
07591,2009-08-27 08:00:00,19.9,,0.8,52,9.8,,7.408,25.928,,60,,,0,,,,,,,0,og-post,,,,AAXX 27084 07591 24/// /0604 10199 20098 39216 48569 51008 700// 333 60005 90710 91114=
07591,2009-08-27 09:00:00,22.2,,0.2,40,8,,7.408,22.224,,60,,,0,0,,,,,,0,og-post,,,,AAXX 27094 07591 24/// /0604 10222 20080 39213 48572 50002 700// 333 60007 90710 91112 555 60005=
07591,2009-08-27 10:00:00,24,,-0.7,38,8.8,,7.408,14.816,,210,,,0,,,,,,,0,og-post,,,,AAXX 27104 07591 24/// /2104 10240 20088 39207 48570 58007 700// 333 60005 90710 91108=
07591,2009-08-27 11:00:00,25.6,,-1.6,33,8.1,,14.816,18.52,,220,,,0,,,,,,,0,og-post,,,,AAXX 27114 07591 24/// /2208 10256 20081 39200 48567 58016 700// 333 60005 90710 91110=
07591,2009-08-27 12:00:00,26.9,,-1.8,30,7.9,,14.816,29.632,,210,,,0,0,,,,,,0,og-post,,,,AAXX 27124 07591 04/// /2108 10269 20079 39195 48566 56018 60001 700// 333 60007 90710 91116 555 60005=
07591,2009-08-27 13:00:00,28.2,,-1.7,26,6.9,,18.52,29.632,,210,,,0,,,,,,,0,og-post,,,,AAXX 27134 07591 24/// /2110 10282 20069 39190 48564 56017 700// 333 60005 90710 91116=
07591,2009-08-27 14:00:00,28.7,,-1.7,24,6.1,,18.52,29.632,,220,,,0,,,,,,,0,og-post,,,,AAXX 27144 07591 24/// /2210 10287 20061 39183 48558 58017 700// 333 60005 90710 91116=
07591,2009-08-27 15:00:00,28.4,,-1.5,26,7.1,,18.52,31.484,,220,,,0,0,,,,,,0,og-post,,,,AAXX 27154 07591 24/// /2210 10284 20071 39180 48555 56015 700// 333 60007 90710 91117 555 60005=
07591,2009-08-27 16:00:00,28.7,,-1.2,26,7.3,,11.112,29.632,,230,,,0,,,,,,,0,og-post,,,,AAXX 27164 07591 24/// /2306 10287 20073 39178 48553 56012 700// 333 60005 90710 91116=
07591,2009-08-27 17:00:00,27.2,,-0.6,31,8.6,,14.816,31.484,,230,,,0,,,,,,,0,og-post,,,,AAXX 27174 07591 24/// /2308 10272 20086 39177 48549 56006 700// 333 60005 90710 91117=
07591,2009-08-27 18:00:00,24.9,,0.1,39,10,,14.816,29.632,,250,14.4,29.1,0,0,,,,,,0,og-post,,,,AAXX 27184 07591 04/// /2508 10249 20100 39181 48548 53001 60002 700// 333 10291 20144 60007 90710 91116 555 60005=
07591,2009-08-27 19:00:00,23.1,,0.9,48,11.5,,7.408,25.928,,200,,,0,,,,,,,0,og-post,,,,AAXX 27194 07591 24/// /2004 10231 20115 39187 48550 53009 700// 333 60005 90710 91114=
07591,2009-08-27 20:00:00,21.8,,1.7,54,12.1,,11.112,18.52,,200,,,0,,,,,,,0,og-post,,,,AAXX 27204 07591 24/// /2006 10218 20121 39194 48554 53017 700// 333 60005 90710 91110=
07591,2009-08-27 21:00:00,20.8,,1.8,59,12.5,,3.704,14.816,,230,,,0,0,,,,,,0,og-post,,,,AAXX 27214 07591 24/// /2302 10208 20125 39199 48556 51018 700// 333 60007 90710 91108 555 60005=
07591,2009-08-27 22:00:00,20,,1.2,63,12.7,,3.704,7.408,,350,,,0,,,,,,,0,og-post,,,,AAXX 27224 07591 24/// /3502 10200 20127 39199 48555 51012 700// 333 60005 90710 91104=
07591,2009-08-27 23:00:00,18.9,,0.4,68,12.9,,3.704,7.408,,40,,,0,,,,,,,0,og-post,,,,AAXX 27234 07591 24/// /0402 10189 20129 39198 48551 50004 700// 333 60005 90710 91104=
07591,2009-08-28 00:00:00,18.2,,-0.3,69,12.4,,3.704,11.112,,360,,,0,0,,,,,,0,og-post,,,,AAXX 28004 07591 04/// /3602 10182 20124 39196 48548 58003 60001 700// 333 60007 90710 91106 555 60005=
07591,2009-08-28 01:00:00,17.7,,-0.7,70,12.2,,11.112,14.816,,50,,,0,,,,,,,0,og-post,,,,AAXX 28014 07591 24/// /0506 10177 20122 39192 48543 58007 700// 333 60005 90710 91108=
07591,2009-08-28 02:00:00,17.3,,-0.9,71,12,,,14.816,,,,,0,,,,,,,0,og-post,,,,AAXX 28024 07591 24/// /0000 10173 20120 39189 48539 58009 700// 333 60005 90710 91108=
07591,2009-08-28 03:00:00,16.4,,-0.8,75,12,,,7.408,,,,,0,0,,,,,,0,og-post,,,,AAXX 28034 07591 24/// /0000 10164 20120 39188 48536 56008 700// 333 60007 90710 91104 555 60005=
07591,2009-08-28 04:00:00,15.7,,-0.3,79,12.1,,3.704,7.408,,360,,,0,,,,,,,0,og-post,,,,AAXX 28044 07591 24/// /3602 10157 20121 39189 48535 55003 700// 333 60005 90710 91104=
07591,2009-08-28 05:00:00,15.5,,-0,78,11.7,,7.408,14.816,,60,,,0,,,,,,,0,og-post,,,,AAXX 28054 07591 24/// /0604 10155 20117 39189 48535 55000 700// 333 60005 90710 91108=
07591,2009-08-28 06:00:00,15.6,,0.3,77,11.6,,,14.816,,,15.4,24.9,0,0,,,0,11,13,0,og-post,,,,AAXX 28064 07591 04/// /0000 10156 20116 39191 48537 53003 60002 700// 333 10249 20154 3/013 55110 60007 70000 90710 91108 555 60005=
07591,2009-08-28 07:00:00,18.2,,0.2,65,11.5,,7.408,14.816,,60,,,0,,,,,,,0,og-post,,,,AAXX 28074 07591 24/// /0604 10182 20115 39191 48543 52002 700// 333 60005 90710 91108=
07591,2009-08-28 08:00:00,21.5,,-0.1,51,10.9,,7.408,18.52,,80,,,0,,,,,,,0,og-post,,,,AAXX 28084 07591 24/// /0804 10215 20109 39188 48547 58001 700// 333 60005 90710 91110=
07591,2009-08-28 09:00:00,23.3,,-0.5,48,11.7,,7.408,14.816,,150,,,0,0,,,,,,0,og-post,,,,AAXX 28094 07591 24/// /1504 10233 20117 39186 48550 58005 700// 333 60007 90710 91108 555 60005=
07591,2009-08-28 10:00:00,26,,-1,38,10.6,,11.112,22.224,,180,,,0,,,,,,,0,og-post,,,,AAXX 28104 07591 24/// /1806 10260 20106 39181 48551 58010 700// 333 60005 90710 91112=
07591,2009-08-28 11:00:00,27.6,,-1.4,35,10.8,,11.112,22.224,,180,,,0,,,,,,,0,og-post,,,,AAXX 28114 07591 24/// /1806 10276 20108 39174 48548 58014 700// 333 60005 90710 91112=
07591,2009-08-28 12:00:00,29,,-1.9,21,4.5,,18.52,31.484,,220,,,0,0,,,,,,0,og-post,,,,AAXX 28124 07591 04/// /2210 10290 20045 39167 48543 58019 60001 700// 333 60007 90710 91117 555 60005=
07591,2009-08-28 13:00:00,30,,-1.9,15,0.6,,18.52,35.188,,250,,,0,,,,,,,0,og-post,,,,AAXX 28134 07591 24/// /2510 10300 20006 39162 48540 56019 700// 333 60005 90710 91119=
07591,2009-08-28 14:00:00,30.5,,-1.4,19,4.3,,18.52,31.484,,230,,,0,,,,,,,0,og-post,,,,AAXX 28144 07591 24/// /2310 10305 20043 39160 48540 56014 700// 333 60005 90710 91117=
07591,2009-08-28 15:00:00,27.7,,-1.1,25,5.9,,18.52,31.484,,230,,,0,0,,,,,,0,og-post,,,,AAXX 28154 07591 24/// /2310 10277 20059 39156 48530 56011 700// 333 60007 90710 91117 555 60005=
07591,2009-08-28 16:00:00,27.9,,-0.8,24,5.5,,14.816,31.484,,230,,,0,,,,,,,0,og-post,,,,AAXX 28164 07591 24/// /2308 10279 20055 39154 48528 57008 700// 333 60005 90710 91117=
07591,2009-08-28 17:00:00,27.1,,-0.8,31,8.5,,18.52,31.484,,250,,,0,,,,,,,0,og-post,,,,AAXX 28174 07591 24/// /2510 10271 20085 39152 48525 56008 700// 333 60005 90710 91117=
07591,2009-08-28 18:00:00,24.9,,-0.2,40,10.4,,14.816,31.484,,230,15.6,30.6,0,0,,,,,,0,og-post,,,,AAXX 28184 07591 04/// /2308 10249 20104 39154 48523 55002 60002 700// 333 10306 20156 60007 90710 91117 555 60005=
07591,2009-08-28 19:00:00,22.8,,0.8,47,10.9,,11.112,29.632,,200,,,0,,,,,,,0,og-post,,,,AAXX 28194 07591 24/// /2006 10228 20109 39162 48526 53008 700// 333 60005 90710 91116=
07591,2009-08-28 20:00:00,21.2,,1.7,53,11.2,,7.408,18.52,,180,,,0,,,,,,,0,og-post,,,,AAXX 28204 07591 24/// /1804 10212 20112 39169 48529 53017 700// 333 60005 90710 91110=
07591,2009-08-28 21:00:00,19.7,,1.7,57,10.9,,3.704,11.112,,190,,,0,0,,,,,,0,og-post,,,,AAXX 28214 07591 24/// /1902 10197 20109 39171 48528 51017 700// 333 60007 90710 91106 555 60005=
07591,2009-08-28 22:00:00,17.9,,1.1,67,11.7,,3.704,7.408,,180,,,0,,,,,,,0,og-post,,,,AAXX 28224 07591 24/// /1802 10179 20117 39173 48526 51011 700// 333 60005 90710 91104=
07591,2009-08-28 23:00:00,17.2,,0.3,69,11.5,,3.704,7.408,,260,,,0,,,,,,,0,og-post,,,,AAXX 28234 07591 24/// /2602 10172 20115 39172 48523 50003 700// 333 60005 90710 91104=
07591,2009-08-29 00:00:00,16.1,,0.2,73,11.3,,,3.704,,,,,0,0,,,,,,0,og-post,,,,AAXX 29004 07591 04/// /0000 10161 20113 39173 48521 51002 60001 700// 333 60007 90710 91102 555 60005=
07591,2009-08-29 01:00:00,15.2,,-0.5,76,11,,3.704,7.408,,70,,,0,,,,,,,0,og-post,,,,AAXX 29014 07591 24/// /0702 10152 20110 39168 48515 58005 700// 333 60005 90710 91104=
07591,2009-08-29 02:00:00,14.5,,-0.5,81,11.3,,,7.408,,,,,0,,,,,,,0,og-post,,,,AAXX 29024 07591 24/// /0000 10145 20113 39167 48512 58005 700// 333 60005 90710 91104=
07591,2009-08-29 03:00:00,14,,-0.9,82,11,,,7.408,,,,,0,0,,,,,,0,og-post,,,,AAXX 29034 07591 24/// /0000 10140 20110 39164 48508 56009 700// 333 60007 90710 91104 555 60005=
07591,2009-08-29 04:00:00,13.4,,-0.3,84,10.8,,,3.704,,,,,0,,,,,,,0,og-post,,,,AAXX 29044 07591 24/// /0000 10134 20108 39165 48508 55003 700// 333 60005 90710 91102=
07591,2009-08-29 05:00:00,14.1,,-0.4,82,11.1,,7.408,11.112,,40,,,0,,,,,,,0,og-post,,,,AAXX 29054 07591 24/// /0404 10141 20111 39163 48508 56004 700// 333 60005 90710 91106=
07591,2009-08-29 06:00:00,13.8,,-0.2,83,11,,3.704,7.408,,60,13.4,24.8,0,0,,,0,9.8,10,0,og-post,,,,AAXX 29064 07591 04/// /0602 10138 20110 39162 48506 58002 60002 700// 333 10248 20134 3/010 55098 60007 70000 90710 91104 555 60005=
07591,2009-08-29 07:00:00,16.1,,-0.1,72,11.1,,7.408,11.112,,170,,,0,,,,,,,0,og-post,,,,AAXX 29074 07591 24/// /1704 10161 20111 39164 48513 55001 700// 333 60005 90710 91106=
07591,2009-08-29 08:00:00,19,,-0.1,57,10.3,,3.704,11.112,,160,,,0,,,,,,,0,og-post,,,,AAXX 29084 07591 24/// /1602 10190 20103 39162 48517 58001 700// 333 60005 90710 91106=
07591,2009-08-29 09:00:00,20.8,,-0.4,50,10,,11.112,14.816,,210,,,0,0,,,,,,0,og-post,,,,AAXX 29094 07591 24/// /2106 10208 20100 39158 48518 58004 700// 333 60007 90710 91108 555 60005=
07591,2009-08-29 10:00:00,23.1,,-0.9,38,8,,11.112,25.928,,200,,,0,,,,,,,0,og-post,,,,AAXX 29104 07591 24/// /2006 10231 20080 39155 48519 58009 700// 333 60005 90710 91114=
07591,2009-08-29 11:00:00,24.4,,-1.1,23,1.9,,18.52,31.484,,220,,,0,,,,,,,0,og-post,,,,AAXX 29114 07591 24/// /2210 10244 20019 39151 48517 57011 700// 333 60005 90710 91117=
07591,2009-08-29 12:00:00,25.2,,-1.3,20,0.7,,22.224,31.484,,210,,,0,0,,,,,,0,og-post,,,,AAXX 29124 07591 04/// /2112 10252 20007 39145 48513 58013 60001 700// 333 60007 90710 91117 555 60005=
07591,2009-08-29 13:00:00,25.6,,-1.3,19,0.3,,25.928,38.892,,220,,,0,,,,,,,0,og-post,,,,AAXX 29134 07591 24/// /2214 10256 20003 39142 48511 56013 700// 333 60005 90710 91121=
07591,2009-08-29 14:00:00,26.2,,-1.4,19,0.8,,18.52,38.892,,220,,,0,,,,,,,0,og-post,,,,AAXX 29144 07591 24/// /2210 10262 20008 39137 48508 56014 700// 333 60005 90710 91121=
07591,2009-08-29 15:00:00,25.1,,-0.9,21,1.3,,25.928,42.596,,210,,,0,0,,,,,,0,og-post,,,,AAXX 29154 07591 24/// /2114 10251 20013 39136 48505 56009 700// 333 60007 90710 91123 555 60005=
07591,2009-08-29 16:00:00,24.4,,-0.3,22,1.3,,22.224,46.3,,210,,,0,,,,,,,0,og-post,,,,AAXX 29164 07591 24/// /2112 10244 20013 39139 48506 55003 700// 333 60005 90710 91125=
07591,2009-08-29 17:00:00,23.3,,0.5,27,3.3,,11.112,35.188,,210,,,0,,,,,,,0,og-post,,,,AAXX 29174 07591 24/// /2106 10233 20033 39142 48507 53005 700// 333 60005 90710 91119=
07591,2009-08-29 18:00:00,20.1,,1,36,4.6,,14.816,29.632,,210,13.8,26.2,0,0,,,,,,0,og-post,,,,AAXX 29184 07591 04/// /2108 10201 20046 39146 48504 53010 60002 700// 333 10262 20138 60007 90710 91116 555 60005=
07591,2009-08-29 19:00:00,18.2,,1.7,39,4,,7.408,14.816,,200,,,0,,,,,,,0,og-post,,,,AAXX 29194 07591 24/// /2004 10182 20040 39156 48509 53017 700// 333 60005 90710 91108=
07591,2009-08-29 20:00:00,15.9,,2.1,50,5.5,,3.704,11.112,,350,,,0,,,,,,,0,og-post,,,,AAXX 29204 07591 24/// /3502 10159 20055 39163 48511 53021 700// 333 60005 90710 91106=
07591,2009-08-29 21:00:00,14.4,,2.1,55,5.5,,3.704,7.408,,40,,,0,0,,,,,,0,og-post,,,,AAXX 29214 07591 24/// /0402 10144 20055 39167 48511 51021 700// 333 60007 90710 91104 555 60005=
07591,2009-08-29 22:00:00,13.2,,1.1,60,5.6,,3.704,7.408,,360,,,0,,,,,,,0,og-post,,,,AAXX 29224 07591 24/// /3602 10132 20056 39167 48508 51011 700// 333 60005 90710 91104=
07591,2009-08-29 23:00:00,12.4,,0.8,63,5.6,,3.704,7.408,,210,,,0,,,,,,,0,og-post,,,,AAXX 29234 07591 24/// /2102 10124 20056 39171 48510 52008 700// 333 60005 90710 91104=
07591,2009-08-30 00:00:00,11.6,,0.3,66,5.5,,3.704,7.408,,40,,,0,0,,,,,,0,og-post,,,,AAXX 30004 07591 04/// /0402 10116 20055 39170 48508 50003 60001 700// 333 60007 90710 91104 555 60005=
07591,2009-08-30 01:00:00,11.4,,0.2,64,4.8,,3.704,11.112,,250,,,0,,,,,,,0,og-post,,,,AAXX 30014 07591 24/// /2502 10114 20048 39169 48506 50002 700// 333 60005 90710 91106=
07591,2009-08-30 02:00:00,10.5,,0.2,71,5.5,,3.704,7.408,,340,,,0,,,,,,,0,og-post,,,,AAXX 30024 07591 24/// /3402 10105 20055 39173 48508 53002 700// 333 60005 90710 91104=
07591,2009-08-30 03:00:00,10.5,,0.6,69,5.1,,,7.408,,,,,0,0,,,,,,0,og-post,,,,AAXX 30034 07591 24/// /0000 10105 20051 39176 48510 53006 700// 333 60007 90710 91104 555 60005=
07591,2009-08-30 04:00:00,10.2,,0.8,69,4.8,,3.704,7.408,,360,,,0,,,,,,,0,og-post,,,,AAXX 30044 07591 24/// /3602 10102 20048 39177 48511 51008 700// 333 60005 90710 91104=
07591,2009-08-30 05:00:00,10.1,,0.5,64,3.6,,7.408,11.112,,60,,,0,,,,,,,0,og-post,,,,AAXX 30054 07591 24/// /0604 10101 20036 39178 48511 51005 700// 333 60005 90710 91106=
07591,2009-08-30 06:00:00,10,,0.8,66,4,,,7.408,,,9.9,20.1,0,0,,,0,11.2,6,0,og-post,,,,AAXX 30064 07591 04/// /0000 10100 20040 39184 48516 53008 60002 700// 333 10201 20099 3/006 55112 60007 70000 90710 91104 555 60005=
07591,2009-08-30 07:00:00,12.3,,1,61,5,,,7.408,,,,,0,,,,,,,0,og-post,,,,AAXX 30074 07591 24/// /0000 10123 20050 39187 48524 53010 700// 333 60005 90710 91104=
07591,2009-08-30 08:00:00,15.7,,1.1,46,4.1,,7.408,11.112,,200,,,0,,,,,,,0,og-post,,,,AAXX 30084 07591 24/// /2004 10157 20041 39189 48534 51011 700// 333 60005 90710 91106=
07591,2009-08-30 09:00:00,19.1,,0.3,38,4.5,,7.408,14.816,,210,,,0,0,,,,,,0,og-post,,,,AAXX 30094 07591 24/// /2104 10191 20045 39187 48540 50003 700// 333 60007 90710 91108 555 60005=
07591,2009-08-30 10:00:00,21.7,,-0.1,33,4.7,,11.112,18.52,,220,,,0,,,,,,,0,og-post,,,,AAXX 30104 07591 24/// /2206 10217 20047 39186 48545 58001 700// 333 60005 90710 91110=
07591,2009-08-30 11:00:00,24.9,,-0.7,24,3,,14.816,29.632,,200,,,0,,,,,,,0,og-post,,,,AAXX 30114 07591 24/// /2008 10249 20030 39182 48548 58007 700// 333 60005 90710 91116=
07591,2009-08-30 12:00:00,26.2,,-1,27,5.7,,22.224,38.892,,210,,,0,0,,,,,,0,og-post,,,,AAXX 30124 07591 04/// /2112 10262 20057 39177 48547 58010 60001 700// 333 60007 90710 91121 555 60005=
07591,2009-08-30 13:00:00,27.2,,-1.2,25,5.5,,22.224,38.892,,220,,,0,,,,,,,0,og-post,,,,AAXX 30134 07591 24/// /2212 10272 20055 39174 48546 56012 700// 333 60005 90710 91121=
07591,2009-08-30 14:00:00,27.3,,-1.2,26,6.1,,22.224,38.892,,220,,,0,,,,,,,0,og-post,,,,AAXX 30144 07591 24/// /2212 10273 20061 39170 48542 56012 700// 333 60005 90710 91121=
07591,2009-08-30 15:00:00,26.9,,-0.8,27,6.3,,18.52,35.188,,220,,,0,0,,,,,,0,og-post,,,,AAXX 30154 07591 24/// /2210 10269 20063 39169 48541 56008 700// 333 60007 90710 91119 555 60005=
07591,2009-08-30 16:00:00,26.8,,-0.3,28,6.8,,18.52,38.892,,220,,,0,,,,,,,0,og-post,,,,AAXX 30164 07591 24/// /2210 10268 20068 39171 48542 55003 700// 333 60005 90710 91121=
07591,2009-08-30 17:00:00,25.9,,0.1,27,5.5,,14.816,31.484,,220,,,0,,,,,,,0,og-post,,,,AAXX 30174 07591 24/// /2208 10259 20055 39171 48540 53001 700// 333 60005 90710 91117=
07591,2009-08-30 18:00:00,24.1,,0.6,34,7.3,,14.816,29.632,,230,10,27.7,0,0,,,,,,0,og-post,,,,AAXX 30184 07591 04/// /2308 10241 20073 39175 48540 53006 60002 700// 333 10277 20100 60007 90710 91116 555 60005=
07591,2009-08-30 19:00:00,21.9,,1.3,43,8.8,,11.112,25.928,,200,,,0,,,,,,,0,og-post,,,,AAXX 30194 07591 24/// /2006 10219 20088 39184 48544 53013 700// 333 60005 90710 91114=
07591,2009-08-30 20:00:00,20.3,,2.2,47,8.6,,7.408,18.52,,190,,,0,,,,,,,0,og-post,,,,AAXX 30204 07591 24/// /1904 10203 20086 39193 48549 53022 700// 333 60005 90710 91110=
07591,2009-08-30 21:00:00,19,,2.3,51,8.6,,3.704,11.112,,300,,,0,0,,,,,,0,og-post,,,,AAXX 30214 07591 24/// /3002 10190 20086 39198 48550 51023 700// 333 60007 90710 91106 555 60005=
07591,2009-08-30 22:00:00,17.3,,1.6,57,8.7,,3.704,7.408,,10,,,0,,,,,,,0,og-post,,,,AAXX 30224 07591 24/// /0102 10173 20087 39200 48548 51016 700// 333 60005 90710 91104=
07591,2009-08-30 23:00:00,16.2,,0.7,61,8.7,,7.408,14.816,,50,,,0,,,,,,,0,og-post,,,,AAXX 30234 07591 24/// /0504 10162 20087 39200 48546 51007 700// 333 60005 90710 91108=
07591,2009-08-31 00:00:00,15.5,,0.5,65,9,,3.704,14.816,,330,,,0,0,,,,,,0,og-post,,,,AAXX 31004 07591 04/// /3302 10155 20090 39203 48547 53005 60001 700// 333 60007 90710 91108 555 60005=
07591,2009-08-31 01:00:00,14.2,,0.4,71,9,,3.704,3.704,,20,,,0,,,,,,,0,og-post,,,,AAXX 31014 07591 24/// /0202 10142 20090 39204 48545 53004 700// 333 60005 90710 91102=
07591,2009-08-31 02:00:00,14,,0.3,70,8.6,,11.112,14.816,,50,,,0,,,,,,,0,og-post,,,,AAXX 31024 07591 24/// /0506 10140 20086 39203 48543 50003 700// 333 60005 90710 91108=
07591,2009-08-31 03:00:00,14,,0,70,8.6,,7.408,14.816,,50,,,0,0,,,,,,0,og-post,,,,AAXX 31034 07591 24/// /0504 10140 20086 39203 48543 50000 700// 333 60007 90710 91108 555 60005=
07591,2009-08-31 04:00:00,13.8,,-0,70,8.4,,7.408,14.816,,60,,,0,,,,,,,0,og-post,,,,AAXX 31044 07591 24/// /0604 10138 20084 39204 48544 55000 700// 333 60005 90710 91108=
07591,2009-08-31 05:00:00,13.3,,0.3,72,8.4,,7.408,14.816,,60,,,0,,,,,,,0,og-post,,,,AAXX 31054 07591 24/// /0604 10133 20084 39206 48544 53003 700// 333 60005 90710 91108=
07591,2009-08-31 06:00:00,14.2,,0.7,66,7.9,,11.112,18.52,,30,13.3,24.1,0,0,,,0,10.3,10,0,og-post,,,,AAXX 31064 07591 04/// /0306 10142 20079 39210 48550 53007 60002 700// 333 10241 20133 3/010 55103 60007 70000 90710 91110 555 60005=
07591,2009-08-31 07:00:00,16.9,,0.6,55,7.8,,14.816,25.928,,50,,,0,,,,,,,0,og-post,,,,AAXX 31074 07591 24/// /0508 10169 20078 39210 48556 51006 700// 333 60005 90710 91114=
07591,2009-08-31 08:00:00,19.9,,0.1,45,7.6,,11.112,29.632,,40,,,0,,,,,,,0,og-post,,,,AAXX 31084 07591 24/// /0406 10199 20076 39207 48561 50001 700// 333 60005 90710 91116=
07591,2009-08-31 09:00:00,22.9,,-0.3,36,7,,7.408,22.224,,90,,,0,0,,,,,,0,og-post,,,,AAXX 31094 07591 24/// /0904 10229 20070 39207 48567 57003 700// 333 60007 90710 91112 555 60005=
07591,2009-08-31 10:00:00,25.1,,-0.8,34,8.1,,7.408,18.52,,180,,,0,,,,,,,0,og-post,,,,AAXX 31104 07591 24/// /1804 10251 20081 39202 48568 58008 700// 333 60005 90710 91110=
07591,2009-08-31 11:00:00,26.9,,-1.4,32,8.8,,14.816,29.632,,210,,,0,,,,,,,0,og-post,,,,AAXX 31114 07591 24/// /2108 10269 20088 39193 48564 58014 700// 333 60005 90710 91116=
07591,2009-08-31 12:00:00,28.3,,-1.9,25,6.4,,18.52,35.188,,220,,,0,0,,,,,,0,og-post,,,,AAXX 31124 07591 04/// /2210 10283 20064 39188 48562 57019 60001 700// 333 60007 90710 91119 555 60005=
07591,2009-08-31 13:00:00,28.6,,-1.9,24,6.1,,18.52,31.484,,220,,,0,,,,,,,0,og-post,,,,AAXX 31134 07591 24/// /2210 10286 20061 39183 48558 56019 700// 333 60005 90710 91117=
07591,2009-08-31 14:00:00,29.1,,-1.3,25,7.1,,18.52,31.484,,230,,,0,,,,,,,0,og-post,,,,AAXX 31144 07591 24/// /2310 10291 20071 39180 48556 56013 700// 333 60005 90710 91117=
07591,2009-08-31 15:00:00,28.3,,-0.9,28,8.1,,18.52,35.188,,220,,,0,0,,,,,,0,og-post,,,,AAXX 31154 07591 24/// /2210 10283 20081 39179 48554 56009 700// 333 60007 90710 91119 555 60005=
07591,2009-08-31 16:00:00,25.9,,-0.1,35,9.3,,18.52,31.484,,230,,,0,,,,,,,0,og-post,,,,AAXX 31164 07591 24/// /2310 10259 20093 39182 48551 55001 700// 333 60005 90710 91117=
07591,2009-08-31 17:00:00,25,,0.5,38,9.7,,18.52,38.892,,220,,,0,,,,,,,0,og-post,,,,AAXX 31174 07591 24/// /2210 10250 20097 39185 48552 53005 700// 333 60005 90710 91121=
07591,2009-08-31 18:00:00,24,,0.9,41,9.9,,14.816,35.188,,220,14.3,29.5,0,0,,,,,,0,og-post,,,,AAXX 31184 07591 04/// /2208 10240 20099 39188 48553 52009 60002 700// 333 10295 20143 60007 90710 91119 555 60005=
07591,2009-08-31 19:00:00,22.8,,1.2,45,10.3,,14.816,29.632,,200,,,0,,,,,,,0,og-post,,,,AAXX 31194 07591 24/// /2008 10228 20103 39194 48556 53012 700// 333 60005 90710 91116=
07591,2009-08-31 20:00:00,21.5,,1.6,52,11.2,,7.408,18.52,,210,,,0,,,,,,,0,og-post,,,,AAXX 31204 07591 24/// /2104 10215 20112 39201 48559 53016 700// 333 60005 90710 91110=
07591,2009-08-31 21:00:00,20.6,,1.8,54,11,,3.704,18.52,,170,,,0,0,,,,,,0,og-post,,,,AAXX 31214 07591 24/// /1702 10206 20110 39206 48562 51018 700// 333 60007 90710 91110 555 60005=
07591,2009-08-31 22:00:00,18.8,,1.7,62,11.4,,3.704,11.112,,240,,,0,,,,,,,0,og-post,,,,AAXX 31224 07591 24/// /2402 10188 20114 39211 48562 51017 700// 333 60005 90710 91106=
07591,2009-08-31 23:00:00,17.5,,1,65,10.9,,7.408,11.112,,10,,,0,,,,,,,0,og-post,,,,AAXX 31234 07591 24/// /0104 10175 20109 39211 48559 51010 700// 333 60005 90710 91106=
07591,2009-09-01 00:00:00,16.9,,0.1,66,10.5,,11.112,18.52,,50,,,0,0,,,,,,0,og-post,,,,AAXX 01004 07591 04/// /0506 10169 20105 39207 48554 50001 60001 700// 333 60007 90710 91110 555 60005=
07591,2009-09-01 01:00:00,16.4,,-0.6,65,9.8,,11.112,18.52,,50,,,0,,,,,,,0,og-post,,,,AAXX 01014 07591 24/// /0506 10164 20098 39205 48551 58006 700// 333 60005 90710 91110=
07591,2009-09-01 02:00:00,15.8,,-0.5,68,9.9,,11.112,18.52,,40,,,0,,,,,,,0,og-post,,,,AAXX 01024 07591 24/// /0406 10158 20099 39206 48551 55005 700// 333 60005 90710 91110=
07591,2009-09-01 03:00:00,15.7,,-0.3,66,9.4,,14.816,22.224,,40,,,0,0,,,,,,0,og-post,,,,AAXX 01034 07591 24/// /0408 10157 20094 39204 48548 57003 700// 333 60007 90710 91112 555 60005=
07591,2009-09-01 04:00:00,15.9,,-0.1,64,9.1,,18.52,31.484,,20,,,0,,,,,,,0,og-post,,,,AAXX 01044 07591 24/// /0210 10159 20091 39204 48549 58001 700// 333 60005 90710 91117=
07591,2009-09-01 05:00:00,15.2,,0.3,65,8.7,,7.408,25.928,,50,,,0,,,,,,,0,og-post,,,,AAXX 01054 07591 24/// /0504 10152 20087 39209 48552 53003 700// 333 60005 90710 91114=
07591,2009-09-01 06:00:00,14.4,,0.9,69,8.8,,7.408,18.52,,50,14.4,24,0,0,,,0,9.3,12,0,og-post,,,,AAXX 01064 07591 04/// /0504 10144 20088 39213 48553 53009 60002 700// 333 10240 20144 3/012 55093 60007 70000 90710 91110 555 60005=
07591,2009-09-01 07:00:00,17.5,,0.6,57,8.9,,11.112,18.52,,50,,,0,,,,,,,0,og-post,,,,AAXX 01074 07591 24/// /0506 10175 20089 39210 48558 50006 700// 333 60005 90710 91110=
07591,2009-09-01 08:00:00,20.3,,-0.5,47,8.6,,11.112,25.928,,50,,,0,,,,,,,0,og-post,,,,AAXX 01084 07591 24/// /0506 10203 20086 39204 48559 58005 700// 333 60005 90710 91114=
07591,2009-09-01 09:00:00,23.2,,-1,37,7.7,,7.408,22.224,,100,,,0,0,,,,,,0,og-post,,,,AAXX 01094 07591 24/// /1004 10232 20077 39203 48564 56010 700// 333 60007 90710 91112 555 60005=
07591,2009-09-01 10:00:00,25,,-1.1,32,7.2,,11.112,14.816,,220,,,0,,,,,,,0,og-post,,,,AAXX 01104 07591 24/// /2206 10250 20072 39199 48565 56011 700// 333 60005 90710 91108=
07591,2009-09-01 11:00:00,26.7,,-1.3,29,7.2,,18.52,31.484,,210,,,0,,,,,,,0,og-post,,,,AAXX 01114 07591 24/// /2110 10267 20072 39191 48561 58013 700// 333 60005 90710 91117=
07591,2009-09-01 12:00:00,28.3,,-1.5,22,4.6,,18.52,31.484,,210,,,0,0,,,,,,0,og-post,,,,AAXX 01124 07591 04/// /2110 10283 20046 39188 48561 56015 60001 700// 333 60007 90710 91117 555 60005=
07591,2009-09-01 13:00:00,29,,-1.8,20,3.8,,18.52,35.188,,220,,,0,,,,,,,0,og-post,,,,AAXX 01134 07591 24/// /2210 10290 20038 39181 48556 56018 700// 333 60005 90710 91119=
07591,2009-09-01 14:00:00,29.6,,-1.4,20,4.3,,18.52,35.188,,240,,,0,,,,,,,0,og-post,,,,AAXX 01144 07591 24/// /2410 10296 20043 39177 48554 58014 700// 333 60005 90710 91119=
07591,2009-09-01 15:00:00,29.3,,-1.1,22,5.4,,18.52,38.892,,260,,,0,0,,,,,,0,og-post,,,,AAXX 01154 07591 24/// /2610 10293 20054 39177 48553 56011 700// 333 60007 90710 91121 555 60005=
07591,2009-09-01 16:00:00,28,,-0.9,28,7.8,,14.816,31.484,,230,,,0,,,,,,,0,og-post,,,,AAXX 01164 07591 24/// /2308 10280 20078 39172 48546 58009 700// 333 60005 90710 91117=
07591,2009-09-01 17:00:00,26.1,,-0.1,32,8.1,,18.52,35.188,,230,,,0,,,,,,,0,og-post,,,,AAXX 01174 07591 24/// /2310 10261 20081 39176 48546 55001 700// 333 60005 90710 91119=
07591,2009-09-01 18:00:00,24.3,,0.4,36,8.3,,7.408,31.484,,190,14.4,30,0,0,,,,,,0,og-post,,,,AAXX 01184 07591 04/// /1904 10243 20083 39181 48547 53004 60002 700// 333 10300 20144 60007 90710 91117 555 60005=
07591,2009-09-01 19:00:00,23.1,,1.4,38,8,,11.112,22.224,,200,,,0,,,,,,,0,og-post,,,,AAXX 01194 07591 24/// /2006 10231 20080 39186 48548 53014 700// 333 60005 90710 91112=
07591,2009-09-01 20:00:00,21.5,,1.4,43,8.4,,7.408,18.52,,220,,,0,,,,,,,0,og-post,,,,AAXX 01204 07591 24/// /2204 10215 20084 39190 48549 51014 700// 333 60005 90710 91110=
07591,2009-09-01 21:00:00,20.4,,1.6,48,9,,3.704,11.112,,240,,,0,0,,,,,,0,og-post,,,,AAXX 01214 07591 24/// /2402 10204 20090 39197 48553 53016 700// 333 60007 90710 91106 555 60005=
07591,2009-09-01 22:00:00,19.5,,1.7,64,12.5,,3.704,22.224,,230,,,0,,,,,,,21,og-post,,,,AAXX 01224 07591 24/// /2302 10195 20125 39203 48557 53017 721// 333 60005 90710 91112=
07591,2009-09-01 23:00:00,18.5,,1.4,73,13.6,,3.704,11.112,,180,,,0,,,,,,,21,og-post,,,,AAXX 01234 07591 24/// /1802 10185 20136 39204 48556 51014 721// 333 60005 90710 91106=
07591,2009-09-02 00:00:00,18,,0.2,72,12.9,,7.408,14.816,,30,,,0,0,,,,,,0,og-post,,,,AAXX 02004 07591 04/// /0304 10180 20129 39199 48550 50002 60001 700// 333 60007 90710 91108 555 60005=
07591,2009-09-02 01:00:00,17,,-0.8,81,13.7,,,11.112,,,,,0,,,,,,,0,og-post,,,,AAXX 02014 07591 24/// /0000 10170 20137 39195 48544 58008 700// 333 60005 90710 91106=
07591,2009-09-02 02:00:00,15.9,,-2,81,12.6,,3.704,14.816,,20,,,0,,,,,,,0,og-post,,,,AAXX 02024 07591 24/// /0202 10159 20126 39184 48531 58020 700// 333 60005 90710 91108=
07591,2009-09-02 03:00:00,16.2,,-1.7,75,11.8,,7.408,18.52,,80,,,0,0,,,,,,0,og-post,,,,AAXX 02034 07591 24/// /0804 10162 20118 39182 48530 56017 700// 333 60007 90710 91110 555 60005=
07591,2009-09-02 04:00:00,15.5,,-0.7,79,11.9,,7.408,11.112,,230,,,0,,,,,,,0,og-post,,,,AAXX 02044 07591 24/// /2304 10155 20119 39188 48534 55007 700// 333 60005 90710 91106=
07591,2009-09-02 05:00:00,15.7,,1.2,81,12.4,,3.704,7.408,,350,,,0,,,,,,,0,og-post,,,,AAXX 02054 07591 24/// /3502 10157 20124 39196 48542 53012 700// 333 60005 90710 91104=
07591,2009-09-02 06:00:00,16,,0.9,75,11.6,,7.408,18.52,,30,15.4,24.2,0,0,,,0,9.6,13,0,og-post,,,,AAXX 02064 07591 04/// /0304 10160 20116 39191 48538 50009 60002 700// 333 10242 20154 3/013 55096 60007 70000 90710 91110 555 60005=
07591,2009-09-02 07:00:00,18.9,,0,57,10.2,,18.52,25.928,,30,,,0,,,,,,,0,og-post,,,,AAXX 02074 07591 24/// /0310 10189 20102 39188 48541 50000 700// 333 60005 90710 91114=
07591,2009-09-02 08:00:00,19.7,,-1.3,54,10.1,,22.224,29.632,,20,,,0,,,,,,,0,og-post,,,,AAXX 02084 07591 24/// /0212 10197 20101 39183 48538 57013 700// 333 60005 90710 91116=
07591,2009-09-02 09:00:00,22.4,,-0.9,47,10.5,,7.408,31.484,,80,,,0,0,,,,,,0,og-post,,,,AAXX 02094 07591 24/// /0804 10224 20105 39182 48544 56009 700// 333 60007 90710 91117 555 60005=
07591,2009-09-02 10:00:00,23.5,,-0.6,42,9.9,,7.408,14.816,,190,,,0,,,,,,,0,og-post,,,,AAXX 02104 07591 24/// /1904 10235 20099 39182 48546 56006 700// 333 60005 90710 91108=
07591,2009-09-02 11:00:00,23.7,,-0.3,41,9.7,,11.112,22.224,,180,,,0,,,,,,,0,og-post,,,,AAXX 02114 07591 24/// /1806 10237 20097 39180 48545 58003 700// 333 60005 90710 91112=
07591,2009-09-02 12:00:00,26.5,,-0.9,33,8.9,,18.52,29.632,,210,,,0,0,,,,,,0,og-post,,,,AAXX 02124 07591 04/// /2110 10265 20089 39173 48544 58009 60001 700// 333 60007 90710 91116 555 60005=
07591,2009-09-02 13:00:00,27.2,,-1.6,30,8.1,,14.816,35.188,,230,,,0,,,,,,,0,og-post,,,,AAXX 02134 07591 24/// /2308 10272 20081 39166 48539 58016 700// 333 60005 90710 91119=
07591,2009-09-02 14:00:00,27.5,,-2.3,31,8.9,,14.816,31.484,,220,,,0,,,,,,,0,og-post,,,,AAXX 02144 07591 24/// /2208 10275 20089 39157 48531 58023 700// 333 60005 90710 91117=
07591,2009-09-02 15:00:00,25.7,,-1.7,36,9.5,,18.52,35.188,,220,,,0,0,,,,,,0,og-post,,,,AAXX 02154 07591 24/// /2210 10257 20095 39156 48526 56017 700// 333 60007 90710 91119 555 60005=
07591,2009-09-02 16:00:00,25.9,,-1,34,8.8,,14.816,31.484,,230,,,0,,,,,,,0,og-post,,,,AAXX 02164 07591 24/// /2308 10259 20088 39156 48527 56010 700// 333 60005 90710 91117=
07591,2009-09-02 17:00:00,24.6,,-0.3,38,9.3,,14.816,35.188,,240,,,0,,,,,,,0,og-post,,,,AAXX 02174 07591 24/// /2408 10246 20093 39154 48522 58003 700// 333 60005 90710 91119=
07591,2009-09-02 18:00:00,22.7,,-0,48,11.1,,7.408,29.632,,200,15.9,27.9,0,0,,,,,,0,og-post,,,,AAXX 02184 07591 04/// /2004 10227 20111 39156 48520 55000 60002 700// 333 10279 20159 60007 90710 91116 555 60005=
07591,2009-09-02 19:00:00,21.5,,0.4,54,11.8,,11.112,22.224,,190,,,0,,,,,,,0,og-post,,,,AAXX 02194 07591 24/// /1906 10215 20118 39160 48521 53004 700// 333 60005 90710 91112=
07591,2009-09-02 20:00:00,21.3,,0.9,55,11.9,,11.112,22.224,,200,,,0,,,,,,,0,og-post,,,,AAXX 02204 07591 24/// /2006 10213 20119 39163 48524 53009 700// 333 60005 90710 91112=
07591,2009-09-02 21:00:00,20.6,,0.4,58,12.1,,3.704,18.52,,210,,,0,0,,,,,,0,og-post,,,,AAXX 02214 07591 24/// /2102 10206 20121 39160 48520 50004 700// 333 60007 90710 91110 555 60005=
07591,2009-09-02 22:00:00,20.5,,-0.1,58,12,,7.408,14.816,,220,,,0,,,,,,,0,og-post,,,,AAXX 02224 07591 24/// /2204 10205 20120 39159 48518 58001 700// 333 60005 90710 91108=
07591,2009-09-02 23:00:00,19.9,,-0.4,62,12.4,,7.408,14.816,,220,,,0,,,,,,,0,og-post,,,,AAXX 02234 07591 24/// /2204 10199 20124 39159 48517 56004 700// 333 60005 90710 91108=
07591,2009-09-03 00:00:00,19.9,,-0.4,63,12.7,,7.408,18.52,,210,,,0,0,,,,,,0,og-post,,,,AAXX 03004 07591 04/// /2104 10199 20127 39156 48514 58004 60001 700// 333 60007 90710 91110 555 60005=
07591,2009-09-03 01:00:00,19.4,,-0.9,69,13.6,,7.408,18.52,,220,,,0,,,,,,,0,og-post,,,,AAXX 03014 07591 24/// /2204 10194 20136 39150 48508 58009 700// 333 60005 90710 91110=
07591,2009-09-03 02:00:00,19.5,,-1,67,13.2,,11.112,18.52,,200,,,0,,,,,,,0,og-post,,,,AAXX 03024 07591 24/// /2006 10195 20132 39149 48507 56010 700// 333 60005 90710 91110=
07591,2009-09-03 03:00:00,19.4,,-1,69,13.6,,11.112,22.224,,190,,,0,0,,,,,,0,og-post,,,,AAXX 03034 07591 24/// /1906 10194 20136 39146 48504 56010 700// 333 60007 90710 91112 555 60005=
07591,2009-09-03 04:00:00,18.9,,-0.6,72,13.7,,11.112,25.928,,190,,,0,,,,,,,0,og-post,,,,AAXX 03044 07591 24/// /1906 10189 20137 39144 48501 58006 700// 333 60005 90710 91114=
07591,2009-09-03 05:00:00,18.4,,-0.6,73,13.5,,7.408,14.816,,200,,,0,,,,,,,0,og-post,,,,AAXX 03054 07591 24/// /2004 10184 20135 39143 48499 56006 700// 333 60005 90710 91108=
07591,2009-09-03 06:00:00,18.2,,-0.1,74,13.5,,11.112,14.816,,200,18.2,22.7,0,0,,,0,6.2,17,0,og-post,,,,AAXX 03064 07591 04/// /2006 10182 20135 39145 48501 55001 60002 700// 333 10227 20182 3/017 55062 60007 70000 90710 91108 555 60005=
07591,2009-09-03 07:00:00,19,,0.3,69,13.2,,7.408,18.52,,210,,,0,,,,,,,0,og-post,,,,AAXX 03074 07591 24/// /2104 10190 20132 39147 48504 53003 700// 333 60005 90710 91110=
07591,2009-09-03 08:00:00,20.8,,0.7,60,12.8,,14.816,31.484,,210,,,0,,,,,,,0,og-post,,,,AAXX 03084 07591 24/// /2108 10208 20128 39150 48511 53007 700// 333 60005 90710 91117=
07591,2009-09-03 09:00:00,23.1,,0.7,48,11.5,,18.52,35.188,,230,,,0,0,,,,,,0,og-post,,,,AAXX 03094 07591 24/// /2310 10231 20115 39152 48517 52007 700// 333 60007 90710 91119 555 60005=
07591,2009-09-03 10:00:00,23.8,,0.2,41,9.8,,22.224,38.892,,210,,,0,,,,,,,0,og-post,,,,AAXX 03104 07591 24/// /2112 10238 20098 39149 48516 50002 700// 333 60005 90710 91121=
07591,2009-09-03 11:00:00,23.2,,-0.1,41,9.2,,14.816,35.188,,220,,,0,,,,,,,0,og-post,,,,AAXX 03114 07591 24/// /2208 10232 20092 39149 48514 58001 700// 333 60005 90710 91119=
07591,2009-09-03 12:00:00,27,,-0.7,24,4.7,,18.52,35.188,,210,,,0,0,,,,,,0,og-post,,,,AAXX 03124 07591 04/// /2110 10270 20047 39145 48518 58007 60001 700// 333 60007 90710 91119 555 60005=
07591,2009-09-03 13:00:00,26.8,,-1,21,2.7,,18.52,35.188,,210,,,0,,,,,,,0,og-post,,,,AAXX 03134 07591 24/// /2110 10268 20027 39139 48511 58010 700// 333 60005 90710 91119=
07591,2009-09-03 14:00:00,26.3,,-1.5,19,0.9,,18.52,38.892,,220,,,0,,,,,,,0,og-post,,,,AAXX 03144 07591 24/// /2210 10263 20009 39134 48505 58015 700// 333 60005 90710 91121=
07591,2009-09-03 15:00:00,25.5,,-1.6,21,1.6,,14.816,31.484,,230,,,0,0,,,,,,0,og-post,,,,AAXX 03154 07591 24/// /2308 10255 20016 39129 48499 56016 700// 333 60007 90710 91117 555 60005=
07591,2009-09-03 16:00:00,25.4,,-0.8,23,2.8,,18.52,35.188,,240,,,0,,,,,,,0,og-post,,,,AAXX 03164 07591 24/// /2410 10254 20028 39131 48501 55008 700// 333 60005 90710 91119=
07591,2009-09-03 17:00:00,24.3,,-0.6,25,3,,18.52,38.892,,230,,,0,,,,,,,0,og-post,,,,AAXX 03174 07591 24/// /2310 10243 20030 39128 48496 56006 700// 333 60005 90710 91121=
07591,2009-09-03 18:00:00,22.6,,0.5,28,3.2,,14.816,29.632,,230,18.2,27.7,0,0,,,,,,0,og-post,,,,AAXX 03184 07591 04/// /2308 10226 20032 39134 48498 53005 60002 700// 333 10277 20182 60007 90710 91116 555 60005=
07591,2009-09-03 19:00:00,21.1,,0.5,32,3.8,,7.408,29.632,,230,,,0,,,,,,,0,og-post,,,,AAXX 03194 07591 24/// /2304 10211 20038 39136 48497 53005 700// 333 60005 90710 91116=
07591,2009-09-03 20:00:00,18.8,,1.2,42,5.6,,11.112,18.52,,200,,,0,,,,,,,0,og-post,,,,AAXX 03204 07591 24/// /2006 10188 20056 39140 48496 51012 700// 333 60005 90710 91110=
07591,2009-09-03 21:00:00,18,,0.8,46,6.2,,3.704,18.52,,220,,,0,0,,,,,,0,og-post,,,,AAXX 03214 07591 24/// /2202 10180 20062 39142 48496 52008 700// 333 60007 90710 91110 555 60005=
07591,2009-09-03 22:00:00,16.9,,0.4,50,6.4,,3.704,14.816,,240,,,0,,,,,,,0,og-post,,,,AAXX 03224 07591 24/// /2402 10169 20064 39140 48492 50004 700// 333 60005 90710 91108=
07591,2009-09-03 23:00:00,15.9,,0,56,7.1,,7.408,14.816,,270,,,0,,,,,,,0,og-post,,,,AAXX 03234 07591 24/// /2704 10159 20071 39140 48490 50000 700// 333 60005 90710 91108=
07591,2009-09-04 00:00:00,15.4,,-0.1,57,6.9,,7.408,11.112,,240,,,0,0,,,,,,0,og-post,,,,AAXX 04004 07591 04/// /2404 10154 20069 39141 48490 55001 60001 700// 333 60007 90710 91106 555 60005=
07591,2009-09-04 01:00:00,14.5,,-0.2,66,8.2,,3.704,11.112,,270,,,0,,,,,,,0,og-post,,,,AAXX 04014 07591 24/// /2702 10145 20082 39138 48485 58002 700// 333 60005 90710 91106=
07591,2009-09-04 02:00:00,14.6,,0.1,66,8.3,,11.112,22.224,,210,,,0,,,,,,,0,og-post,,,,AAXX 04024 07591 24/// /2106 10146 20083 39141 48488 53001 700// 333 60005 90710 91112=
07591,2009-09-04 03:00:00,13.3,,-0.7,71,8.2,,3.704,11.112,,170,,,0,0,,,,,,0,og-post,,,,AAXX 04034 07591 24/// /1702 10133 20082 39134 48479 58007 700// 333 60007 90710 91106 555 60005=
07591,2009-09-04 04:00:00,12.8,,-0.5,74,8.3,,3.704,7.408,,310,,,0,,,,,,,0,og-post,,,,AAXX 04044 07591 24/// /3102 10128 20083 39133 48477 58005 700// 333 60005 90710 91104=
07591,2009-09-04 05:00:00,12,,-0.6,79,8.5,,3.704,7.408,,300,,,0,,,,,,,0,og-post,,,,AAXX 04054 07591 24/// /3002 10120 20085 39135 48477 55006 700// 333 60005 90710 91104=
07591,2009-09-04 06:00:00,12.3,,0.2,78,8.6,,,11.112,,,11.8,22.6,0,0,,,0,6.2,9,0,og-post,,,,AAXX 04064 07591 04/// /0000 10123 20086 39136 48479 53002 60002 700// 333 10226 20118 3/009 55062 60007 70000 90710 91106 555 60005=
07591,2009-09-04 07:00:00,14.2,,0.8,72,9.2,,3.704,11.112,,210,,,0,,,,,,,0,og-post,,,,AAXX 04074 07591 24/// /2102 10142 20092 39141 48488 53008 700// 333 60005 90710 91106=
07591,2009-09-04 08:00:00,15.2,,1.3,66,8.9,,14.816,25.928,,210,,,0,,,,,,,21,og-post,,,,AAXX 04084 07591 24/// /2108 10152 20089 39148 48496 53013 721// 333 60005 90710 91114=
07591,2009-09-04 09:00:00,16,,2.3,60,8.2,,11.112,29.632,,180,,,0,0,,,,,,21,og-post,,,,AAXX 04094 07591 24/// /1806 10160 20082 39159 48508 53023 721// 333 60007 90710 91116 555 60005=
07591,2009-09-04 10:00:00,15.3,,2,69,9.7,,7.408,18.52,,200,,,0,,,,,,,21,og-post,,,,AAXX 04104 07591 24/// /2004 10153 20097 39161 48508 51020 721// 333 60005 90710 91110=
07591,2009-09-04 11:00:00,17.2,,0.7,56,8.4,,18.52,31.484,,210,,,0,,,,,,,0,og-post,,,,AAXX 04114 07591 24/// /2110 10172 20084 39155 48507 50007 700// 333 60005 90710 91117=
07591,2009-09-04 12:00:00,18.7,,-0.3,51,8.4,,18.52,35.188,,210,,,0,0,,,,,,0,og-post,,,,AAXX 04124 07591 04/// /2110 10187 20084 39156 48511 58003 60001 700// 333 60007 90710 91119 555 60005=
07591,2009-09-04 13:00:00,21.7,,-1.5,35,5.6,,22.224,38.892,,240,,,0,,,,,,,0,og-post,,,,AAXX 04134 07591 24/// /2412 10217 20056 39146 48508 58015 700// 333 60005 90710 91121=
07591,2009-09-04 14:00:00,22.8,,-1.4,28,3.4,,18.52,42.596,,220,,,0,,,,,,,0,og-post,,,,AAXX 04144 07591 24/// /2210 10228 20034 39141 48505 58014 700// 333 60005 90710 91123=
07591,2009-09-04 15:00:00,22.8,,-1.6,25,1.8,,22.224,46.3,,220,,,0,0,,,,,,0,og-post,,,,AAXX 04154 07591 24/// /2212 10228 20018 39140 48504 56016 700// 333 60007 90710 91125 555 60005=
07591,2009-09-04 16:00:00,22.8,,-0.7,23,0.6,,18.52,50.004,,220,,,0,,,,,,,0,og-post,,,,AAXX 04164 07591 24/// /2210 10228 20006 39139 48503 56007 700// 333 60005 90710 91127=
07591,2009-09-04 17:00:00,21.5,,-0.3,23,-0.5,,22.224,38.892,,220,,,0,,,,,,,0,og-post,,,,AAXX 04174 07591 24/// /2212 10215 21005 39138 48499 57003 700// 333 60005 90710 91121=
07591,2009-09-04 18:00:00,19.5,,0.2,28,0.5,,22.224,42.596,,230,12.3,23.2,0,0,,,,,,0,og-post,,,,AAXX 04184 07591 04/// /2312 10195 20005 39142 48498 53002 60002 700// 333 10232 20123 60007 90710 91123 555 60005=
07591,2009-09-04 19:00:00,18,,0.9,31,0.6,,18.52,42.596,,200,,,0,,,,,,,0,og-post,,,,AAXX 04194 07591 24/// /2010 10180 20006 39148 48501 53009 700// 333 60005 90710 91123=
07591,2009-09-04 20:00:00,16.3,,1.8,45,4.4,,22.224,46.3,,220,,,0,,,,,,,0,og-post,,,,AAXX 04204 07591 24/// /2212 10163 20044 39156 48505 53018 700// 333 60005 90710 91125=
07591,2009-09-04 21:00:00,14.8,,2.4,44,2.7,,14.816,38.892,,220,,,0,0,,,,,,0,og-post,,,,AAXX 04214 07591 24/// /2208 10148 20027 39166 48511 53024 700// 333 60007 90710 91121 555 60005=
07591,2009-09-04 22:00:00,13.5,,2.1,47,2.4,,7.408,29.632,,180,,,0,,,,,,,0,og-post,,,,AAXX 04224 07591 24/// /1804 10135 20024 39169 48510 51021 700// 333 60005 90710 91116=
07591,2009-09-04 23:00:00,11.4,,1.4,56,2.9,,3.704,11.112,,10,,,0,,,,,,,0,og-post,,,,AAXX 04234 07591 24/// /0102 10114 20029 39170 48507 51014 700// 333 60005 90710 91106=
07591,2009-09-05 00:00:00,10,,0.3,64,3.5,,7.408,11.112,,30,,,0,0,,,,,,0,og-post,,,,AAXX 05004 07591 04/// /0304 10100 20035 39169 48503 50003 60001 700// 333 60007 90710 91106 555 60005=
07591,2009-09-05 01:00:00,8.8,,0.1,69,3.4,,3.704,7.408,,340,,,0,,,,,,,0,og-post,,,,AAXX 05014 07591 24/// /3402 10088 20034 39170 48501 52001 700// 333 60005 90710 91104=
07591,2009-09-05 02:00:00,8.2,,-0,69,2.9,,3.704,7.408,,340,,,0,,,,,,,0,og-post,,,,AAXX 05024 07591 24/// /3402 10082 20029 39170 48500 55000 700// 333 60005 90710 91104=
07591,2009-09-05 03:00:00,9.1,,-0.2,58,1.3,,7.408,11.112,,40,,,0,0,,,,,,0,og-post,,,,AAXX 05034 07591 24/// /0404 10091 20013 39167 48499 58002 700// 333 60007 90710 91106 555 60005=
07591,2009-09-05 04:00:00,10.3,,-0.6,39,-3,,3.704,29.632,,20,,,0,,,,,,,0,og-post,,,,AAXX 05044 07591 24/// /0202 10103 21030 39164 48498 58006 700// 333 60005 90710 91116=
07591,2009-09-05 05:00:00,11.2,,-0.4,33,-4.5,,14.816,35.188,,60,,,0,,,,,,,0,og-post,,,,AAXX 05054 07591 24/// /0608 10112 21045 39166 48502 55004 700// 333 60005 90710 91119=
07591,2009-09-05 06:00:00,9.9,,0.6,40,-3,,11.112,29.632,,40,8.2,19.4,0,0,,,0,5.3,4,0,og-post,,,,AAXX 05064 07591 04/// /0406 10099 21030 39173 48505 53006 60002 700// 333 10194 20082 3/004 55053 60007 70000 90710 91116 555 60005=
07591,2009-09-05 07:00:00,12.6,,0.6,29,-4.9,,18.52,25.928,,20,,,0,,,,,,,0,og-post,,,,AAXX 05074 07591 24/// /0210 10126 21049 39170 48509 50006 700// 333 60005 90710 91114=
07591,2009-09-05 08:00:00,14.6,,1,27,-4.2,,7.408,25.928,,170,,,0,,,,,,,0,og-post,,,,AAXX 05084 07591 24/// /1704 10146 21042 39176 48518 51010 700// 333 60005 90710 91114=
07591,2009-09-05 09:00:00,17,,0.2,22,-4.8,,7.408,14.816,,170,,,0,0,,,,,,0,og-post,,,,AAXX 05094 07591 24/// /1704 10170 21048 39175 48523 53002 700// 333 60007 90710 91108 555 60005=
07591,2009-09-05 10:00:00,18.8,,0.5,18,-6,,14.816,22.224,,210,,,0,,,,,,,0,og-post,,,,AAXX 05104 07591 24/// /2108 10188 21060 39175 48527 51005 700// 333 60005 90710 91112=
07591,2009-09-05 11:00:00,19.5,,-0.2,19,-4.7,,22.224,38.892,,210,,,0,,,,,,,0,og-post,,,,AAXX 05114 07591 24/// /2112 10195 21047 39174 48527 57002 700// 333 60005 90710 91121=
07591,2009-09-05 12:00:00,20.9,,-0.3,16,-5.8,,22.224,35.188,,210,,,0,0,,,,,,0,og-post,,,,AAXX 05124 07591 04/// /2112 10209 21058 39172 48529 58003 60001 700// 333 60007 90710 91119 555 60005=
07591,2009-09-05 13:00:00,21.8,,-0.7,14,-6.8,,22.224,38.892,,210,,,0,,,,,,,0,og-post,,,,AAXX 05134 07591 24/// /2112 10218 21068 39168 48527 58007 700// 333 60005 90710 91121=
07591,2009-09-05 14:00:00,21.9,,-1.1,15,-5.9,,22.224,35.188,,210,,,0,,,,,,,0,og-post,,,,AAXX 05144 07591 24/// /2112 10219 21059 39163 48522 58011 700// 333 60005 90710 91119=
07591,2009-09-05 15:00:00,21.8,,-0.9,16,-5.1,,18.52,35.188,,220,,,0,0,,,,,,0,og-post,,,,AAXX 05154 07591 24/// /2210 10218 21051 39163 48522 56009 700// 333 60007 90710 91119 555 60005=
07591,2009-09-05 16:00:00,21.1,,-0.4,22,-1.4,,22.224,35.188,,210,,,0,,,,,,,0,og-post,,,,AAXX 05164 07591 24/// /2112 10211 21014 39164 48522 55004 700// 333 60005 90710 91119=
07591,2009-09-05 17:00:00,19.6,,0.4,26,-0.4,,18.52,35.188,,210,,,0,,,,,,,0,og-post,,,,AAXX 05174 07591 24/// /2110 10196 21004 39167 48522 53004 700// 333 60005 90710 91119=
07591,2009-09-05 18:00:00,17,,1.2,33,0.6,,7.408,29.632,,190,9.9,22.4,0,0,,,,,,0,og-post,,,,AAXX 05184 07591 04/// /1904 10170 20006 39175 48523 53012 60002 700// 333 10224 20099 60007 90710 91116 555 60005=
07591,2009-09-05 19:00:00,14.5,,2.3,41,1.4,,3.704,18.52,,340,,,0,,,,,,,0,og-post,,,,AAXX 05194 07591 24/// /3402 10145 20014 39187 48529 53023 700// 333 60005 90710 91110=
07591,2009-09-05 20:00:00,12.7,,2.6,47,1.7,,3.704,7.408,,20,,,0,,,,,,,0,og-post,,,,AAXX 05204 07591 24/// /0202 10127 20017 39193 48530 51026 700// 333 60005 90710 91104=
07591,2009-09-05 21:00:00,10.9,,2.1,53,1.7,,3.704,7.408,,50,,,0,0,,,,,,0,og-post,,,,AAXX 05214 07591 24/// /0502 10109 20017 39196 48529 51021 700// 333 60007 90710 91104 555 60005=
07591,2009-09-05 22:00:00,10.1,,1.4,55,1.5,,3.704,7.408,,210,,,0,,,,,,,0,og-post,,,,AAXX 05224 07591 24/// /2102 10101 20015 39201 48531 51014 700// 333 60005 90710 91104=
07591,2009-09-05 23:00:00,9.1,,1.3,59,1.5,,3.704,7.408,,310,,,0,,,,,,,0,og-post,,,,AAXX 05234 07591 24/// /3102 10091 20015 39206 48533 53013 700// 333 60005 90710 91104=
07591,2009-09-06 00:00:00,8.3,,1.5,61,1.2,,3.704,11.112,,30,,,0,0,,,,,,0,og-post,,,,AAXX 06004 07591 04/// /0302 10083 20012 39211 48536 52015 60001 700// 333 60007 90710 91106 555 60005=
07591,2009-09-06 01:00:00,7.4,,1.3,66,1.5,,3.704,7.408,,10,,,0,,,,,,,0,og-post,,,,AAXX 06014 07591 24/// /0102 10074 20015 39214 48537 51013 700// 333 60005 90710 91104=
07591,2009-09-06 02:00:00,7,,1,66,1.1,,3.704,11.112,,230,,,0,,,,,,,0,og-post,,,,AAXX 06024 07591 24/// /2302 10070 20011 39216 48537 51010 700// 333 60005 90710 91106=
07591,2009-09-06 03:00:00,6.6,,0.7,65,0.5,,3.704,3.704,,50,,,0,0,,,,,,0,og-post,,,,AAXX 06034 07591 24/// /0502 10066 20005 39218 48538 51007 700// 333 60007 90710 91102 555 60005=
07591,2009-09-06 04:00:00,6.2,,0.4,61,-0.7,,7.408,11.112,,20,,,0,,,,,,,0,og-post,,,,AAXX 06044 07591 24/// /0204 10062 21007 39218 48537 51004 700// 333 60005 90710 91106=
07591,2009-09-06 05:00:00,6.2,,0.5,59,-1.2,,,11.112,,,,,0,,,,,,,0,og-post,,,,AAXX 06054 07591 24/// /0000 10062 21012 39221 48540 53005 700// 333 60005 90710 91106=
07591,2009-09-06 06:00:00,5.8,,0.5,60,-1.3,,,3.704,,,5.7,17,0,0,,,0,11,2,0,og-post,,,,AAXX 06064 07591 04/// /0000 10058 21013 39223 48540 53005 60002 700// 333 10170 20057 3/002 55110 60007 70000 90710 91102 555 60005=
07591,2009-09-06 07:00:00,10.1,,0.5,48,-0.4,,7.408,11.112,,90,,,0,,,,,,,0,og-post,,,,AAXX 06074 07591 24/// /0904 10101 21004 39223 48551 51005 700// 333 60005 90710 91106=
07591,2009-09-06 08:00:00,14.6,,0.3,30,-2.8,,7.408,18.52,,100,,,0,,,,,,,0,og-post,,,,AAXX 06084 07591 24/// /1004 10146 21028 39224 48562 51003 700// 333 60005 90710 91110=
07591,2009-09-06 09:00:00,18.2,,-0.1,17,-7.2,,7.408,11.112,,90,,,0,0,,,,,,0,og-post,,,,AAXX 06094 07591 24/// /0904 10182 21072 39222 48568 58001 700// 333 60007 90710 91106 555 60005=
07591,2009-09-06 10:00:00,19.9,,-0.5,20,-3.7,,7.408,14.816,,220,,,0,,,,,,,0,og-post,,,,AAXX 06104 07591 24/// /2204 10199 21037 39218 48569 58005 700// 333 60005 90710 91108=
07591,2009-09-06 11:00:00,22.3,,-1.2,16,-4.7,,7.408,18.52,,200,,,0,,,,,,,0,og-post,,,,AAXX 06114 07591 24/// /2004 10223 21047 39212 48569 58012 700// 333 60005 90710 91110=
07591,2009-09-06 12:00:00,24.3,,-1.4,15,-4,,14.816,29.632,,220,,,0,0,,,,,,0,og-post,,,,AAXX 06124 07591 04/// /2208 10243 21040 39208 48570 57014 60001 700// 333 60007 90710 91116 555 60005=
07591,2009-09-06 13:00:00,24.9,,-1.7,13,-5.4,,18.52,29.632,,210,,,0,,,,,,,0,og-post,,,,AAXX 06134 07591 24/// /2110 10249 21054 39201 48565 58017 700// 333 60005 90710 91116=
07591,2009-09-06 14:00:00,25.9,,-1.6,12,-5.6,,18.52,35.188,,220,,,0,,,,,,,0,og-post,,,,AAXX 06144 07591 24/// /2210 10259 21056 39196 48562 58016 700// 333 60005 90710 91119=
07591,2009-09-06 15:00:00,25.8,,-1.5,12,-5.7,,18.52,35.188,,220,,,0,0,,,,,,0,og-post,,,,AAXX 06154 07591 24/// /2210 10258 21057 39193 48559 56015 700// 333 60007 90710 91119 555 60005=
07591,2009-09-06 16:00:00,25.1,,-0.8,12,-6.3,,18.52,38.892,,220,,,0,,,,,,,0,og-post,,,,AAXX 06164 07591 24/// /2210 10251 21063 39193 48558 56008 700// 333 60005 90710 91121=
07591,2009-09-06 17:00:00,24.2,,-0.1,13,-5.9,,18.52,31.484,,210,,,0,,,,,,,0,og-post,,,,AAXX 06174 07591 24/// /2110 10242 21059 39195 48557 55001 700// 333 60005 90710 91117=
07591,2009-09-06 18:00:00,21.3,,0.6,22,-1.3,,11.112,22.224,,200,5.8,26.1,0,0,,,,,,0,og-post,,,,AAXX 06184 07591 04/// /2006 10213 21013 39199 48555 53006 60002 700// 333 10261 20058 60007 90710 91112 555 60005=
07591,2009-09-06 19:00:00,19.3,,1.5,24,-1.7,,11.112,22.224,,190,,,0,,,,,,,0,og-post,,,,AAXX 06194 07591 24/// /1906 10193 21017 39208 48559 53015 700// 333 60005 90710 91112=
07591,2009-09-06 20:00:00,16.8,,2,31,-0.4,,3.704,14.816,,280,,,0,,,,,,,0,og-post,,,,AAXX 06204 07591 24/// /2802 10168 21004 39215 48559 53020 700// 333 60005 90710 91108=
07591,2009-09-06 21:00:00,15.2,,2.1,37,0.6,,7.408,11.112,,360,,,0,0,,,,,,0,og-post,,,,AAXX 06214 07591 24/// /3604 10152 20006 39220 48560 51021 700// 333 60007 90710 91106 555 60005=
07591,2009-09-06 22:00:00,13.8,,1.4,41,0.8,,3.704,11.112,,10,,,0,,,,,,,0,og-post,,,,AAXX 06224 07591 24/// /0102 10138 20008 39222 48559 51014 700// 333 60005 90710 91106=
07591,2009-09-06 23:00:00,12.4,,1,47,1.4,,3.704,3.704,,340,,,0,,,,,,,0,og-post,,,,AAXX 06234 07591 24/// /3402 10124 20014 39225 48558 51010 700// 333 60005 90710 91102=
07591,2009-09-07 00:00:00,11.3,,0.4,51,1.5,,7.408,14.816,,60,,,0,0,,,,,,0,og-post,,,,AAXX 07004 07591 04/// /0604 10113 20015 39224 48555 50004 60001 700// 333 60007 90710 91108 555 60005=
07591,2009-09-07 01:00:00,11.8,,0.4,48,1.2,,7.408,18.52,,40,,,0,,,,,,,0,og-post,,,,AAXX 07014 07591 24/// /0404 10118 20012 39226 48558 51004 700// 333 60005 90710 91110=
07591,2009-09-07 02:00:00,11.8,,0.3,48,1.2,,7.408,22.224,,60,,,0,,,,,,,0,og-post,,,,AAXX 07024 07591 24/// /0604 10118 20012 39228 48559 53003 700// 333 60005 90710 91112=
07591,2009-09-07 03:00:00,10.3,,0.8,53,1.2,,3.704,7.408,,190,,,0,0,,,,,,0,og-post,,,,AAXX 07034 07591 24/// /1902 10103 20012 39232 48559 53008 700// 333 60007 90710 91104 555 60005=
07591,2009-09-07 04:00:00,9.4,,0.9,58,1.6,,7.408,7.408,,40,,,0,,,,,,,0,og-post,,,,AAXX 07044 07591 24/// /0404 10094 20016 39235 48560 53009 700// 333 60005 90710 91104=
07591,2009-09-07 05:00:00,9.5,,0.9,57,1.4,,14.816,22.224,,40,,,0,,,,,,,0,og-post,,,,AAXX 07054 07591 24/// /0408 10095 20014 39237 48562 51009 700// 333 60005 90710 91112=
07591,2009-09-07 06:00:00,9.5,,0.7,57,1.4,,14.816,25.928,,40,8.8,21.2,0,0,,,0,11.1,6,0,og-post,,,,AAXX 07064 07591 04/// /0408 10095 20014 39239 48564 51007 60002 700// 333 10212 20088 3/006 55111 60007 70000 90710 91114 555 60005=
07591,2009-09-07 07:00:00,13.6,,0.5,43,1.3,,7.408,22.224,,50,,,0,,,,,,,0,og-post,,,,AAXX 07074 07591 24/// /0504 10136 20013 39240 48574 51005 700// 333 60005 90710 91112=
07591,2009-09-07 08:00:00,16.5,,0.2,35,1,,11.112,22.224,,50,,,0,,,,,,,0,og-post,,,,AAXX 07084 07591 24/// /0506 10165 20010 39239 48581 50002 700// 333 60005 90710 91112=
07591,2009-09-07 09:00:00,18.8,,0,25,-1.6,,7.408,18.52,,160,,,0,0,,,,,,0,og-post,,,,AAXX 07094 07591 24/// /1604 10188 21016 39239 48586 50000 700// 333 60007 90710 91110 555 60005=
07591,2009-09-07 10:00:00,21.2,,-0.4,23,-0.7,,11.112,22.224,,210,,,0,,,,,,,0,og-post,,,,AAXX 07104 07591 24/// /2106 10212 21007 39236 48589 58004 700// 333 60005 90710 91112=
07591,2009-09-07 11:00:00,23.8,,-1.2,20,-0.5,,11.112,25.928,,200,,,0,,,,,,,0,og-post,,,,AAXX 07114 07591 24/// /2006 10238 21005 39227 48587 58012 700// 333 60005 90710 91114=
07591,2009-09-07 12:00:00,25,,-1.7,17,-1.7,,14.816,25.928,,210,,,0,0,,,,,,0,og-post,,,,AAXX 07124 07591 04/// /2108 10250 21017 39222 48585 58017 60001 700// 333 60007 90710 91114 555 60005=
07591,2009-09-07 13:00:00,25.4,,-2.3,15,-3.1,,18.52,29.632,,210,,,0,,,,,,,0,og-post,,,,AAXX 07134 07591 24/// /2110 10254 21031 39213 48577 57023 700// 333 60005 90710 91116=
07591,2009-09-07 14:00:00,26.2,,-1.9,14,-3.4,,22.224,31.484,,210,,,0,,,,,,,0,og-post,,,,AAXX 07144 07591 24/// /2112 10262 21034 39208 48575 57019 700// 333 60005 90710 91117=
07591,2009-09-07 15:00:00,26.1,,-1.6,15,-2.5,,14.816,38.892,,230,,,0,0,,,,,,0,og-post,,,,AAXX 07154 07591 24/// /2308 10261 21025 39206 48572 56016 700// 333 60007 90710 91121 555 60005=
07591,2009-09-07 16:00:00,25.5,,-0.8,15,-3,,18.52,35.188,,230,,,0,,,,,,,0,og-post,,,,AAXX 07164 07591 24/// /2310 10255 21030 39205 48570 56008 700// 333 60005 90710 91119=
07591,2009-09-07 17:00:00,24.1,,-0.4,17,-2.4,,14.816,31.484,,220,,,0,,,,,,,0,og-post,,,,AAXX 07174 07591 24/// /2208 10241 21024 39204 48566 56004 700// 333 60005 90710 91117=
07591,2009-09-07 18:00:00,21.8,,0.1,23,-0.2,,11.112,25.928,,200,9.5,26.9,0,0,,,,,,0,og-post,,,,AAXX 07184 07591 04/// /2006 10218 21002 39207 48564 53001 60002 700// 333 10269 20095 60007 90710 91114 555 60005=
07591,2009-09-07 19:00:00,19,,1.1,30,1.1,,3.704,14.816,,290,,,0,,,,,,,0,og-post,,,,AAXX 07194 07591 24/// /2902 10190 20011 39216 48566 53011 700// 333 60005 90710 91108=
07591,2009-09-07 20:00:00,17,,2.2,35,1.4,,3.704,11.112,,290,,,0,,,,,,,0,og-post,,,,AAXX 07204 07591 24/// /2902 10170 20014 39226 48570 53022 700// 333 60005 90710 91106=
07591,2009-09-07 21:00:00,16,,1.9,38,1.7,,7.408,11.112,,360,,,0,0,,,,,,0,og-post,,,,AAXX 07214 07591 24/// /3604 10160 20017 39226 48568 51019 700// 333 60007 90710 91106 555 60005=
07591,2009-09-07 22:00:00,14.7,,1.2,44,2.6,,3.704,11.112,,350,,,0,,,,,,,0,og-post,,,,AAXX 07224 07591 24/// /3502 10147 20026 39228 48566 51012 700// 333 60005 90710 91106=
07591,2009-09-07 23:00:00,13.6,,0.3,46,2.2,,7.408,14.816,,40,,,0,,,,,,,0,og-post,,,,AAXX 07234 07591 24/// /0404 10136 20022 39229 48565 53003 700// 333 60005 90710 91108=
07591,2009-09-08 00:00:00,14.2,,0.4,39,0.5,,14.816,18.52,,40,,,0,0,,,,,,0,og-post,,,,AAXX 08004 07591 04/// /0408 10142 20005 39230 48567 51004 60001 700// 333 60007 90710 91110 555 60005=
07591,2009-09-08 01:00:00,14.5,,0,36,-0.4,,14.816,31.484,,30,,,0,,,,,,,0,og-post,,,,AAXX 08014 07591 24/// /0308 10145 21004 39228 48566 50000 700// 333 60005 90710 91117=
07591,2009-09-08 02:00:00,14.9,,-0.1,32,-1.6,,22.224,31.484,,20,,,0,,,,,,,0,og-post,,,,AAXX 08024 07591 24/// /0212 10149 21016 39228 48566 58001 700// 333 60005 90710 91117=
07591,2009-09-08 03:00:00,14,,-0.3,33,-2,,18.52,31.484,,30,,,0,0,,,,,,0,og-post,,,,AAXX 08034 07591 24/// /0310 10140 21020 39227 48563 56003 700// 333 60007 90710 91117 555 60005=
07591,2009-09-08 04:00:00,12.6,,0.2,36,-2.1,,7.408,29.632,,40,,,0,,,,,,,0,og-post,,,,AAXX 08044 07591 24/// /0404 10126 21021 39230 48563 53002 700// 333 60005 90710 91116=
07591,2009-09-08 05:00:00,11.9,,0.4,38,-1.9,,14.816,25.928,,40,,,0,,,,,,,0,og-post,,,,AAXX 08054 07591 24/// /0408 10119 21019 39232 48563 53004 700// 333 60005 90710 91114=
07591,2009-09-08 06:00:00,11.2,,1,43,-0.9,,3.704,22.224,,100,11.2,21.8,0,0,,,0,10.9,8,0,og-post,,,,AAXX 08064 07591 04/// /1002 10112 21009 39237 48566 53010 60002 700// 333 10218 20112 3/008 55109 60007 70000 90710 91112 555 60005=
07591,2009-09-08 07:00:00,13.9,,0.7,35,-1.3,,7.408,11.112,,90,,,0,,,,,,,0,og-post,,,,AAXX 08074 07591 24/// /0904 10139 21013 39237 48572 51007 700// 333 60005 90710 91106=
07591,2009-09-08 08:00:00,17.4,,0.3,24,-3.4,,7.408,14.816,,70,,,0,,,,,,,0,og-post,,,,AAXX 08084 07591 24/// /0704 10174 21034 39235 48579 50003 700// 333 60005 90710 91108=
07591,2009-09-08 09:00:00,19.4,,-0.4,22,-2.8,,7.408,14.816,,180,,,0,0,,,,,,0,og-post,,,,AAXX 08094 07591 24/// /1804 10194 21028 39233 48582 58004 700// 333 60007 90710 91108 555 60005=
07591,2009-09-08 10:00:00,21.7,,-1,17,-4.4,,7.408,14.816,,210,,,0,,,,,,,0,og-post,,,,AAXX 08104 07591 24/// /2104 10217 21044 39227 48581 58010 700// 333 60005 90710 91108=
07591,2009-09-08 11:00:00,24.2,,-1.7,16,-3.2,,11.112,18.52,,190,,,0,,,,,,,0,og-post,,,,AAXX 08114 07591 24/// /1906 10242 21032 39218 48579 58017 700// 333 60005 90710 91110=
07591,2009-09-08 12:00:00,25.3,,-2.3,19,0,,18.52,31.484,,210,,,0,0,,,,,,0,og-post,,,,AAXX 08124 07591 04/// /2110 10253 20000 39210 48575 58023 60001 700// 333 60007 90710 91117 555 60005=
07591,2009-09-08 13:00:00,26.5,,-2.4,16,-1.3,,18.52,31.484,,220,,,0,,,,,,,0,og-post,,,,AAXX 08134 07591 24/// /2210 10265 21013 39203 48571 56024 700// 333 60005 90710 91117=
07591,2009-09-08 14:00:00,27.1,,-1.9,14,-2.7,,18.52,38.892,,220,,,0,,,,,,,0,og-post,,,,AAXX 08144 07591 24/// /2210 10271 21027 39199 48568 56019 700// 333 60005 90710 91121=
07591,2009-09-08 15:00:00,26.9,,-1.6,14,-2.8,,18.52,35.188,,220,,,0,0,,,,,,0,og-post,,,,AAXX 08154 07591 24/// /2210 10269 21028 39194 48563 56016 700// 333 60007 90710 91119 555 60005=
07591,2009-09-08 16:00:00,26.2,,-1,15,-2.4,,18.52,31.484,,220,,,0,,,,,,,0,og-post,,,,AAXX 08164 07591 24/// /2210 10262 21024 39193 48560 56010 700// 333 60005 90710 91117=
07591,2009-09-08 17:00:00,25.1,,-0.5,18,-0.9,,14.816,29.632,,230,,,0,,,,,,,0,og-post,,,,AAXX 08174 07591 24/// /2308 10251 21009 39194 48559 55005 700// 333 60005 90710 91116=
07591,2009-09-08 18:00:00,22.7,,0.3,27,2.8,,14.816,31.484,,210,11.1,27.4,0,0,,,,,,0,og-post,,,,AAXX 08184 07591 04/// /2108 10227 20028 39197 48557 53003 60002 700// 333 10274 20111 60007 90710 91117 555 60005=
07591,2009-09-08 19:00:00,20.6,,1.1,31,2.9,,7.408,18.52,,190,,,0,,,,,,,0,og-post,,,,AAXX 08194 07591 24/// /1904 10206 20029 39204 48559 53011 700// 333 60005 90710 91110=
07591,2009-09-08 20:00:00,17.6,,1.8,41,4.2,,3.704,7.408,,340,,,0,,,,,,,0,og-post,,,,AAXX 08204 07591 24/// /3402 10176 20042 39212 48559 53018 700// 333 60005 90710 91104=
07591,2009-09-08 21:00:00,16.8,,1.6,43,4.2,,7.408,7.408,,20,,,0,0,,,,,,0,og-post,,,,AAXX 08214 07591 24/// /0204 10168 20042 39213 48558 51016 700// 333 60007 90710 91104 555 60005=
07591,2009-09-08 22:00:00,15.6,,1.2,40,2.1,,11.112,14.816,,40,,,0,,,,,,,0,og-post,,,,AAXX 08224 07591 24/// /0406 10156 20021 39216 48558 51012 700// 333 60005 90710 91108=
07591,2009-09-08 23:00:00,14.4,,0.5,43,2,,7.408,14.816,,40,,,0,,,,,,,0,og-post,,,,AAXX 08234 07591 24/// /0404 10144 20020 39217 48556 52005 700// 333 60005 90710 91108=
07591,2009-09-09 00:00:00,14.2,,0.6,38,0.1,,11.112,18.52,,70,,,0,0,,,,,,0,og-post,,,,AAXX 09004 07591 04/// /0706 10142 20001 39219 48557 51006 60001 700// 333 60007 90710 91110 555 60005=
07591,2009-09-09 01:00:00,14.3,,0.1,36,-0.6,,11.112,25.928,,40,,,0,,,,,,,0,og-post,,,,AAXX 09014 07591 24/// /0406 10143 21006 39217 48555 50001 700// 333 60005 90710 91114=
07591,2009-09-09 02:00:00,12.6,,0.2,36,-2.1,,3.704,22.224,,50,,,0,,,,,,,0,og-post,,,,AAXX 09024 07591 24/// /0502 10126 21021 39219 48553 52002 700// 333 60005 90710 91112=
07591,2009-09-09 03:00:00,11,,-0.3,47,0.1,,,7.408,,,,,0,0,,,,,,0,og-post,,,,AAXX 09034 07591 24/// /0000 10110 20001 39216 48547 58003 700// 333 60007 90710 91104 555 60005=
07591,2009-09-09 04:00:00,10.6,,0.1,50,0.6,,3.704,14.816,,290,,,0,,,,,,,0,og-post,,,,AAXX 09044 07591 24/// /2902 10106 20006 39218 48548 52001 700// 333 60005 90710 91108=
07591,2009-09-09 05:00:00,10.3,,0.2,49,0.1,,7.408,14.816,,70,,,0,,,,,,,0,og-post,,,,AAXX 09054 07591 24/// /0704 10103 20001 39221 48549 53002 700// 333 60005 90710 91108=
07591,2009-09-09 06:00:00,9.6,,0.9,54,0.8,,3.704,7.408,,20,9.6,22.6,0,0,,,0,10.9,7,0,og-post,,,,AAXX 09064 07591 04/// /0202 10096 20008 39225 48551 53009 60002 700// 333 10226 20096 3/007 55109 60007 70000 90710 91104 555 60005=
07591,2009-09-09 07:00:00,13.4,,0.2,40,0.1,,14.816,22.224,,50,,,0,,,,,,,0,og-post,,,,AAXX 09074 07591 24/// /0508 10134 20001 39220 48556 50002 700// 333 60005 90710 91112=
07591,2009-09-09 08:00:00,17.3,,-0.5,28,-1.4,,11.112,22.224,,60,,,0,,,,,,,0,og-post,,,,AAXX 09084 07591 24/// /0606 10173 21014 39216 48561 58005 700// 333 60005 90710 91112=
07591,2009-09-09 09:00:00,19.6,,-1,28,0.6,,7.408,14.816,,180,,,0,0,,,,,,0,og-post,,,,AAXX 09094 07591 24/// /1804 10196 20006 39215 48566 56010 700// 333 60007 90710 91108 555 60005=
07591,2009-09-09 10:00:00,21.9,,-1.1,30,3.6,,11.112,22.224,,180,,,0,,,,,,,0,og-post,,,,AAXX 09104 07591 24/// /1806 10219 20036 39209 48566 58011 700// 333 60005 90710 91112=
07591,2009-09-09 11:00:00,22.9,,-1.4,29,3.9,,18.52,29.632,,210,,,0,,,,,,,0,og-post,,,,AAXX 09114 07591 24/// /2110 10229 20039 39202 48562 58014 700// 333 60005 90710 91116=
07591,2009-09-09 12:00:00,23.9,,-2,25,2.7,,18.52,38.892,,220,,,0,0,,,,,,0,og-post,,,,AAXX 09124 07591 04/// /2210 10239 20027 39195 48558 58020 60001 700// 333 60007 90710 91121 555 60005=
07591,2009-09-09 13:00:00,24.9,,-1.7,22,1.7,,18.52,35.188,,220,,,0,,,,,,,0,og-post,,,,AAXX 09134 07591 24/// /2210 10249 20017 39192 48557 56017 700// 333 60005 90710 91119=
07591,2009-09-09 14:00:00,25.5,,-1.5,21,1.6,,18.52,35.188,,220,,,0,,,,,,,0,og-post,,,,AAXX 09144 07591 24/// /2210 10255 20016 39187 48554 56015 700// 333 60005 90710 91119=
07591,2009-09-09 15:00:00,25.1,,-0.8,22,1.9,,22.224,38.892,,230,,,0,0,,,,,,0,og-post,,,,AAXX 09154 07591 24/// /2312 10251 20019 39187 48553 56008 700// 333 60007 90710 91121 555 60005=
07591,2009-09-09 16:00:00,24,,-0.4,23,1.6,,18.52,35.188,,220,,,0,,,,,,,0,og-post,,,,AAXX 09164 07591 24/// /2210 10240 20016 39188 48551 55004 700// 333 60005 90710 91119=
07591,2009-09-09 17:00:00,22.8,,0.5,24,1.2,,11.112,35.188,,240,,,0,,,,,,,0,og-post,,,,AAXX 09174 07591 24/// /2406 10228 20012 39192 48552 53005 700// 333 60005 90710 91119=
07591,2009-09-09 18:00:00,21.6,,1.2,27,1.8,,14.816,29.632,,250,9.6,25.7,0,0,,,,,,0,og-post,,,,AAXX 09184 07591 04/// /2508 10216 20018 39199 48556 53012 60002 700// 333 10257 20096 60007 90710 91116 555 60005=
07591,2009-09-09 19:00:00,20.7,,1.8,32,3.4,,18.52,35.188,,240,,,0,,,,,,,0,og-post,,,,AAXX 09194 07591 24/// /2410 10207 20034 39206 48561 53018 700// 333 60005 90710 91119=
07591,2009-09-09 20:00:00,19.2,,1.9,39,4.9,,7.408,25.928,,210,,,0,,,,,,,0,og-post,,,,AAXX 09204 07591 24/// /2104 10192 20049 39211 48562 51019 700// 333 60005 90710 91114=
07591,2009-09-09 21:00:00,18.7,,1.7,44,6.2,,7.408,14.816,,220,,,0,0,,,,,,0,og-post,,,,AAXX 09214 07591 24/// /2204 10187 20062 39216 48566 51017 700// 333 60007 90710 91108 555 60005=
07591,2009-09-09 22:00:00,17.5,,1.5,51,7.3,,3.704,11.112,,300,,,0,,,,,,,0,og-post,,,,AAXX 09224 07591 24/// /3002 10175 20073 39221 48568 52015 700// 333 60005 90710 91106=
07591,2009-09-09 23:00:00,16.8,,1.4,53,7.2,,7.408,11.112,,360,,,0,,,,,,,0,og-post,,,,AAXX 09234 07591 24/// /3604 10168 20072 39225 48570 51014 700// 333 60005 90710 91106=
07591,2009-09-10 00:00:00,15.5,,0.7,54,6.2,,11.112,18.52,,50,,,0,0,,,,,,0,og-post,,,,AAXX 10004 07591 04/// /0506 10155 20062 39223 48564 50007 60001 700// 333 60007 90710 91110 555 60005=
07591,2009-09-10 01:00:00,15,,-0.1,52,5.2,,14.816,22.224,,40,,,0,,,,,,,0,og-post,,,,AAXX 10014 07591 24/// /0408 10150 20052 39220 48560 58001 700// 333 60005 90710 91112=
07591,2009-09-10 02:00:00,15.9,,-0.6,44,3.7,,18.52,35.188,,90,,,0,,,,,,,0,og-post,,,,AAXX 10024 07591 24/// /0910 10159 20037 39219 48561 56006 700// 333 60005 90710 91119=
07591,2009-09-10 03:00:00,14.5,,-0.1,48,3.6,,7.408,29.632,,90,,,0,0,,,,,,0,og-post,,,,AAXX 10034 07591 24/// /0904 10145 20036 39222 48561 55001 700// 333 60007 90710 91116 555 60005=
07591,2009-09-10 04:00:00,12.6,,0.6,65,6.2,,3.704,18.52,,360,,,0,,,,,,,0,og-post,,,,AAXX 10044 07591 24/// /3602 10126 20062 39226 48560 53006 700// 333 60005 90710 91110=
07591,2009-09-10 05:00:00,11.3,,1.1,68,5.6,,3.704,7.408,,50,,,0,,,,,,,0,og-post,,,,AAXX 10054 07591 24/// /0502 10113 20056 39230 48561 53011 700// 333 60005 90710 91104=
07591,2009-09-10 06:00:00,10.5,,1.1,69,5.1,,3.704,11.112,,70,10.5,21.6,0,0,,,0,9.1,7,0,og-post,,,,AAXX 10064 07591 04/// /0702 10105 20051 39233 48561 51011 60002 700// 333 10216 20105 3/007 55091 60007 70000 90710 91106 555 60005=
07591,2009-09-10 07:00:00,13.4,,0.6,54,4.3,,7.408,11.112,,70,,,0,,,,,,,0,og-post,,,,AAXX 10074 07591 24/// /0704 10134 20043 39232 48567 50006 700// 333 60005 90710 91106=
07591,2009-09-10 08:00:00,17.2,,0.1,38,2.8,,11.112,18.52,,70,,,0,,,,,,,0,og-post,,,,AAXX 10084 07591 24/// /0706 10172 20028 39231 48575 50001 700// 333 60005 90710 91110=
07591,2009-09-10 09:00:00,19.2,,-0.5,33,2.6,,7.408,14.816,,170,,,0,0,,,,,,0,og-post,,,,AAXX 10094 07591 24/// /1704 10192 20026 39228 48577 58005 700// 333 60007 90710 91108 555 60005=
07591,2009-09-10 10:00:00,21.5,,-1.3,30,3.2,,7.408,14.816,,200,,,0,,,,,,,0,og-post,,,,AAXX 10104 07591 24/// /2004 10215 20032 39219 48575 58013 700// 333 60005 90710 91108=
07591,2009-09-10 11:00:00,23.6,,-1.9,25,2.4,,14.816,22.224,,210,,,0,,,,,,,0,og-post,,,,AAXX 10114 07591 24/// /2108 10236 20024 39212 48573 58019 700// 333 60005 90710 91112=
07591,2009-09-10 12:00:00,24.9,,-2.3,23,2.4,,18.52,29.632,,210,,,0,0,,,,,,0,og-post,,,,AAXX 10124 07591 04/// /2110 10249 20024 39205 48569 56023 60001 700// 333 60007 90710 91116 555 60005=
07591,2009-09-10 13:00:00,25.5,,-1.9,21,1.6,,22.224,31.484,,210,,,0,,,,,,,0,og-post,,,,AAXX 10134 07591 24/// /2112 10255 20016 39200 48566 56019 700// 333 60005 90710 91117=
07591,2009-09-10 14:00:00,26.4,,-1.8,19,0.9,,18.52,31.484,,220,,,0,,,,,,,0,og-post,,,,AAXX 10144 07591 24/// /2210 10264 20009 39194 48562 56018 700// 333 60005 90710 91117=
07591,2009-09-10 15:00:00,25.9,,-1.2,20,1.2,,22.224,35.188,,220,,,0,0,,,,,,0,og-post,,,,AAXX 10154 07591 24/// /2212 10259 20012 39193 48560 56012 700// 333 60007 90710 91119 555 60005=
07591,2009-09-10 16:00:00,24.9,,-0.6,22,1.7,,18.52,38.892,,220,,,0,,,,,,,0,og-post,,,,AAXX 10164 07591 24/// /2210 10249 20017 39194 48559 55006 700// 333 60005 90710 91121=
07591,2009-09-10 17:00:00,23.6,,0.3,25,2.4,,14.816,35.188,,210,,,0,,,,,,,0,og-post,,,,AAXX 10174 07591 24/// /2108 10236 20024 39197 48559 53003 700// 333 60005 90710 91119=
07591,2009-09-10 18:00:00,21.9,,0.9,32,4.5,,14.816,25.928,,220,10.5,26.7,0,0,,,,,,0,og-post,,,,AAXX 10184 07591 04/// /2208 10219 20045 39202 48560 53009 60002 700// 333 10267 20105 60007 90710 91114 555 60005=
07591,2009-09-10 19:00:00,21.2,,1.6,34,4.7,,14.816,29.632,,260,,,0,,,,,,,0,og-post,,,,AAXX 10194 07591 24/// /2608 10212 20047 39210 48566 53016 700// 333 60005 90710 91116=
07591,2009-09-10 20:00:00,19.7,,2,41,6.1,,7.408,29.632,,200,,,0,,,,,,,0,og-post,,,,AAXX 10204 07591 24/// /2004 10197 20061 39217 48569 53020 700// 333 60005 90710 91116=
07591,2009-09-10 21:00:00,18.1,,1.9,47,6.6,,3.704,18.52,,340,,,0,0,,,,,,0,og-post,,,,AAXX 10214 07591 24/// /3402 10181 20066 39221 48569 51019 700// 333 60007 90710 91110 555 60005=
07591,2009-09-10 22:00:00,16,,1.5,54,6.7,,3.704,7.408,,10,,,0,,,,,,,0,og-post,,,,AAXX 10224 07591 24/// /0102 10160 20067 39225 48568 51015 700// 333 60005 90710 91104=
07591,2009-09-10 23:00:00,14.8,,0.8,58,6.6,,3.704,7.408,,30,,,0,,,,,,,0,og-post,,,,AAXX 10234 07591 24/// /0302 10148 20066 39225 48565 51008 700// 333 60005 90710 91104=
07591,2009-09-11 00:00:00,13.8,,0.2,62,6.7,,3.704,11.112,,50,,,0,0,,,,,,0,og-post,,,,AAXX 11004 07591 04/// /0502 10138 20067 39223 48561 50002 60001 700// 333 60007 90710 91106 555 60005=
07591,2009-09-11 01:00:00,14,,-0.5,56,5.4,,7.408,11.112,,40,,,0,,,,,,,0,og-post,,,,AAXX 11014 07591 24/// /0404 10140 20054 39220 48558 58005 700// 333 60005 90710 91106=
07591,2009-09-11 02:00:00,13.8,,-0.9,52,4.1,,7.408,18.52,,40,,,0,,,,,,,0,og-post,,,,AAXX 11024 07591 24/// /0404 10138 20041 39216 48554 58009 700// 333 60005 90710 91110=
07591,2009-09-11 03:00:00,13.2,,-0.7,61,5.9,,3.704,11.112,,250,,,0,0,,,,,,0,og-post,,,,AAXX 11034 07591 24/// /2502 10132 20059 39216 48553 56007 700// 333 60007 90710 91106 555 60005=
07591,2009-09-11 04:00:00,13.4,,-0.5,57,5.1,,,3.704,,,,,0,,,,,,,0,og-post,,,,AAXX 11044 07591 24/// /0000 10134 20051 39215 48552 56005 700// 333 60005 90710 91102=
07591,2009-09-11 05:00:00,12.7,,0.1,63,5.8,,3.704,7.408,,240,,,0,,,,,,,0,og-post,,,,AAXX 11054 07591 24/// /2402 10127 20058 39217 48552 53001 700// 333 60005 90710 91104=
07591,2009-09-11 06:00:00,12.4,,0.4,62,5.3,,7.408,7.408,,10,12,21.9,0,0,,,0,10,8,0,og-post,,,,AAXX 11064 07591 04/// /0104 10124 20053 39220 48554 53004 60002 700// 333 10219 20120 3/008 55100 60007 70000 90710 91104 555 60005=
07591,2009-09-11 07:00:00,13.5,,0.5,61,6.1,,7.408,11.112,,50,,,0,,,,,,,0,og-post,,,,AAXX 11074 07591 24/// /0504 10135 20061 39220 48557 51005 700// 333 60005 90710 91106=
07591,2009-09-11 08:00:00,15.7,,0.3,51,5.6,,7.408,11.112,,230,,,0,,,,,,,0,og-post,,,,AAXX 11084 07591 24/// /2304 10157 20056 39220 48562 51003 700// 333 60005 90710 91106=
07591,2009-09-11 09:00:00,19.9,,-0.2,32,2.7,,7.408,11.112,,170,,,0,0,,,,,,0,og-post,,,,AAXX 11094 07591 24/// /1704 10199 20027 39218 48570 58002 700// 333 60007 90710 91106 555 60005=
07591,2009-09-11 10:00:00,21.9,,-1,31,4,,7.408,14.816,,210,,,0,,,,,,,0,og-post,,,,AAXX 11104 07591 24/// /2104 10219 20040 39210 48567 58010 700// 333 60005 90710 91108=
07591,2009-09-11 11:00:00,23.8,,-1.7,29,4.7,,18.52,31.484,,210,,,0,,,,,,,0,og-post,,,,AAXX 11114 07591 24/// /2110 10238 20047 39203 48565 58017 700// 333 60005 90710 91117=
07591,2009-09-11 12:00:00,23.6,,-1.9,28,4,,18.52,31.484,,210,,,0,0,,,,,,0,og-post,,,,AAXX 11124 07591 04/// /2110 10236 20040 39199 48561 56019 60001 700// 333 60007 90710 91117 555 60005=
07591,2009-09-11 13:00:00,25.7,,-1.9,24,3.6,,14.816,29.632,,210,,,0,,,,,,,0,og-post,,,,AAXX 11134 07591 24/// /2108 10257 20036 39191 48558 58019 700// 333 60005 90710 91116=
07591,2009-09-11 14:00:00,24.3,,-1.7,25,3,,18.52,35.188,,220,,,0,,,,,,,0,og-post,,,,AAXX 11144 07591 24/// /2210 10243 20030 39186 48550 58017 700// 333 60005 90710 91119=
07591,2009-09-11 15:00:00,23.6,,-1.1,27,3.5,,11.112,35.188,,210,,,0,0,,,,,,0,og-post,,,,AAXX 11154 07591 24/// /2106 10236 20035 39188 48551 55011 700// 333 60007 90710 91119 555 60005=
07591,2009-09-11 16:00:00,20.8,,-0.1,39,6.3,,11.112,38.892,,360,,,0,,,,,,,0,og-post,,,,AAXX 11164 07591 24/// /3606 10208 20063 39190 48547 55001 700// 333 60005 90710 91121=
07591,2009-09-11 17:00:00,18.4,,0.8,48,7.2,,11.112,25.928,,210,,,0,,,,,,,21,og-post,,,,AAXX 11174 07591 24/// /2106 10184 20072 39194 48545 53008 721// 333 60005 90710 91114=
07591,2009-09-11 18:00:00,16.8,,1.2,53,7.2,,3.704,18.52,,350,12.4,25.8,0,0,,,,,,0,og-post,,,,AAXX 11184 07591 04/// /3502 10168 20072 39200 48547 53012 60002 700// 333 10258 20124 60007 90710 91110 555 60005=
07591,2009-09-11 19:00:00,15.7,,1.7,65,9.1,,3.704,14.816,,230,,,0,,,,,,,0,og-post,,,,AAXX 11194 07591 24/// /2302 10157 20091 39207 48551 53017 700// 333 60005 90710 91108=
07591,2009-09-11 20:00:00,14.6,,1.4,64,7.9,,7.408,14.816,,20,,,0,,,,,,,0,og-post,,,,AAXX 11204 07591 24/// /0204 10146 20079 39208 48549 51014 700// 333 60005 90710 91108=
07591,2009-09-11 21:00:00,13.9,,0.4,68,8.1,,11.112,14.816,,40,,,0,0,,,,,,0,og-post,,,,AAXX 11214 07591 24/// /0406 10139 20081 39204 48544 50004 700// 333 60007 90710 91108 555 60005=
07591,2009-09-11 22:00:00,15.4,,-0.7,60,7.7,,14.816,22.224,,30,,,0,,,,,,,0,og-post,,,,AAXX 11224 07591 24/// /0308 10154 20077 39200 48544 58007 700// 333 60005 90710 91112=
07591,2009-09-11 23:00:00,15.4,,-1.2,60,7.7,,7.408,22.224,,80,,,0,,,,,,,0,og-post,,,,AAXX 11234 07591 24/// /0804 10154 20077 39196 48540 57012 700// 333 60005 90710 91112=
07591,2009-09-12 00:00:00,15.8,,-1.2,58,7.6,,7.408,25.928,,70,,,0,0,,,,,,0,og-post,,,,AAXX 12004 07591 04/// /0704 10158 20076 39192 48537 57012 60001 700// 333 60007 90710 91114 555 60005=
07591,2009-09-12 01:00:00,14.6,,-1.2,65,8.1,,3.704,14.816,,120,,,0,,,,,,,0,og-post,,,,AAXX 12014 07591 24/// /1202 10146 20081 39188 48531 57012 700// 333 60005 90710 91108=
07591,2009-09-12 02:00:00,12.9,,-1.1,76,8.8,,3.704,11.112,,120,,,0,,,,,,,0,og-post,,,,AAXX 12024 07591 24/// /1202 10129 20088 39185 48525 56011 700// 333 60005 90710 91106=
07591,2009-09-12 03:00:00,13.1,,-1,68,7.3,,14.816,22.224,,30,,,0,0,,,,,,0,og-post,,,,AAXX 12034 07591 24/// /0308 10131 20073 39182 48522 56010 700// 333 60007 90710 91112 555 60005=
07591,2009-09-12 04:00:00,11.2,,-0.6,76,7.1,,,14.816,,,,,0,,,,,,,0,og-post,,,,AAXX 12044 07591 24/// /0000 10112 20071 39182 48518 56006 700// 333 60005 90710 91108=
07591,2009-09-12 05:00:00,10.8,,-0.2,76,6.7,,3.704,11.112,,40,,,0,,,,,,,0,og-post,,,,AAXX 12054 07591 24/// /0402 10108 20067 39183 48518 55002 700// 333 60005 90710 91106=
07591,2009-09-12 06:00:00,10.8,,0.2,74,6.4,,3.704,14.816,,70,10.7,16.7,0,0,,,0,6.1,8,0,og-post,,,,AAXX 12064 07591 04/// /0702 10108 20064 39184 48518 53002 60002 700// 333 10167 20107 3/008 55061 60007 70000 90710 91108 555 60005=
07591,2009-09-12 07:00:00,13.3,,-0.1,61,5.9,,11.112,14.816,,60,,,0,,,,,,,0,og-post,,,,AAXX 12074 07591 24/// /0606 10133 20059 39181 48521 58001 700// 333 60005 90710 91108=
07591,2009-09-12 08:00:00,16.4,,-0.3,49,5.7,,7.408,22.224,,40,,,0,,,,,,,0,og-post,,,,AAXX 12084 07591 24/// /0404 10164 20057 39180 48527 58003 700// 333 60005 90710 91112=
07591,2009-09-12 09:00:00,19.1,,-0.9,37,4.1,,3.704,14.816,,160,,,0,0,,,,,,0,og-post,,,,AAXX 12094 07591 24/// /1602 10191 20041 39175 48529 58009 700// 333 60007 90710 91108 555 60005=
07591,2009-09-12 10:00:00,22,,-1.3,29,3.2,,7.408,14.816,,180,,,0,,,,,,,0,og-post,,,,AAXX 12104 07591 24/// /1804 10220 20032 39168 48528 58013 700// 333 60005 90710 91108=
07591,2009-09-12 11:00:00,24.6,,-1.8,22,1.5,,14.816,25.928,,220,,,0,,,,,,,0,og-post,,,,AAXX 12114 07591 24/// /2208 10246 20015 39162 48528 58018 700// 333 60005 90710 91114=
07591,2009-09-12 12:00:00,23.9,,-2,24,2.1,,18.52,31.484,,210,,,0,0,,,,,,0,og-post,,,,AAXX 12124 07591 04/// /2110 10239 20021 39155 48520 57020 60001 700// 333 60007 90710 91117 555 60005=
07591,2009-09-12 13:00:00,25.4,,-1.7,21,1.5,,18.52,35.188,,230,,,0,,,,,,,0,og-post,,,,AAXX 12134 07591 24/// /2310 10254 20015 39151 48520 56017 700// 333 60005 90710 91119=
07591,2009-09-12 14:00:00,24.9,,-1.3,21,1.1,,18.52,31.484,,240,,,0,,,,,,,0,og-post,,,,AAXX 12144 07591 24/// /2410 10249 20011 39149 48517 56013 700// 333 60005 90710 91117=
07591,2009-09-12 15:00:00,24.1,,-0.4,24,2.3,,14.816,31.484,,210,,,0,0,,,,,,0,og-post,,,,AAXX 12154 07591 24/// /2108 10241 20023 39151 48517 55004 700// 333 60007 90710 91117 555 60005=
07591,2009-09-12 16:00:00,20.5,,0.4,34,4.1,,11.112,35.188,,200,,,0,,,,,,,0,og-post,,,,AAXX 12164 07591 24/// /2006 10205 20041 39155 48513 53004 700// 333 60005 90710 91119=
07591,2009-09-12 17:00:00,18.2,,2.4,45,6.1,,14.816,35.188,,240,,,0,,,,,,,0,og-post,,,,AAXX 12174 07591 24/// /2408 10182 20061 39173 48525 53024 700// 333 60005 90710 91119=
07591,2009-09-12 18:00:00,14.5,,3.5,76,10.3,,7.408,31.484,,200,10.7,25.7,0,0,,,,,,61,og-post,,,,AAXX 12184 07591 04/// /2004 10145 20103 39186 48529 53035 60002 761// 333 10257 20107 60007 90710 91117 555 60005=
07591,2009-09-12 19:00:00,13.7,,3.9,82,10.7,,3.704,25.928,,200,,,0,,,,,,,60,og-post,,,,AAXX 12194 07591 24/// /2002 10137 20107 39194 48535 51039 760// 333 60005 90710 91114=
07591,2009-09-12 20:00:00,13.4,,2,83,10.6,,3.704,7.408,,360,,,0,,,,,,,21,og-post,,,,AAXX 12204 07591 24/// /3602 10134 20106 39193 48533 50020 721// 333 60005 90710 91104=
07591,2009-09-12 21:00:00,12.8,,0.7,86,10.5,,7.408,11.112,,40,,,0,0,,,,,,0,og-post,,,,AAXX 12214 07591 24/// /0404 10128 20105 39193 48532 51007 700// 333 60007 90710 91106 555 60005=
07591,2009-09-12 22:00:00,12,,-0.4,84,9.4,,11.112,18.52,,50,,,0,,,,,,,0,og-post,,,,AAXX 12224 07591 24/// /0506 10120 20094 39190 48527 58004 700// 333 60005 90710 91110=
07591,2009-09-12 23:00:00,12.1,,-0.7,82,9.1,,14.816,18.52,,60,,,0,,,,,,,0,og-post,,,,AAXX 12234 07591 24/// /0608 10121 20091 39186 48524 58007 700// 333 60005 90710 91110=
07591,2009-09-13 00:00:00,12.6,,-1.1,77,8.7,,14.816,22.224,,30,,,0,0,,,,,,0,og-post,,,,AAXX 13004 07591 04/// /0308 10126 20087 39182 48521 58011 60001 700// 333 60007 90710 91112 555 60005=
07591,2009-09-13 01:00:00,12.2,,-0.7,76,8.1,,11.112,25.928,,50,,,0,,,,,,,0,og-post,,,,AAXX 13014 07591 24/// /0506 10122 20081 39183 48521 55007 700// 333 60005 90710 91114=
07591,2009-09-13 02:00:00,11.8,,-0.3,73,7.1,,7.408,14.816,,60,,,0,,,,,,,0,og-post,,,,AAXX 13024 07591 24/// /0604 10118 20071 39183 48520 56003 700// 333 60005 90710 91108=
07591,2009-09-13 03:00:00,10.9,,0,78,7.2,,3.704,11.112,,50,,,0,0,,,,,,0,og-post,,,,AAXX 13034 07591 24/// /0502 10109 20072 39182 48517 50000 700// 333 60007 90710 91106 555 60005=
07591,2009-09-13 04:00:00,10.2,,-0.2,82,7.3,,,7.408,,,,,0,,,,,,,0,og-post,,,,AAXX 13044 07591 24/// /0000 10102 20073 39181 48515 58002 700// 333 60005 90710 91104=
07591,2009-09-13 05:00:00,9.7,,-0.1,85,7.3,,7.408,11.112,,70,,,0,,,,,,,0,og-post,,,,AAXX 13054 07591 24/// /0704 10097 20073 39182 48514 55001 700// 333 60005 90710 91106=
07591,2009-09-13 06:00:00,9.5,,-0.1,84,6.9,,3.704,11.112,,90,9.4,14.5,0,0,,,0,8.2,7,0,og-post,,,,AAXX 13064 07591 04/// /0902 10095 20069 39181 48513 57001 60002 700// 333 10145 20094 3/007 55082 60007 70000 90710 91106 555 60005=
07591,2009-09-13 07:00:00,12.7,,-0.2,69,7.2,,11.112,18.52,,70,,,0,,,,,,,0,og-post,,,,AAXX 13074 07591 24/// /0706 10127 20072 39179 48518 58002 700// 333 60005 90710 91110=
07591,2009-09-13 08:00:00,15.8,,-0.4,55,6.8,,7.408,25.928,,80,,,0,,,,,,,0,og-post,,,,AAXX 13084 07591 24/// /0804 10158 20068 39178 48524 57004 700// 333 60005 90710 91114=
07591,2009-09-13 09:00:00,17.5,,-0.6,49,6.7,,7.408,14.816,,190,,,0,0,,,,,,0,og-post,,,,AAXX 13094 07591 24/// /1904 10175 20067 39175 48525 58006 700// 333 60007 90710 91108 555 60005=
07591,2009-09-13 10:00:00,19.8,,-1,39,5.5,,7.408,14.816,,220,,,0,,,,,,,0,og-post,,,,AAXX 13104 07591 24/// /2204 10198 20055 39169 48525 58010 700// 333 60005 90710 91108=
07591,2009-09-13 11:00:00,21.8,,-1.9,36,6.1,,11.112,25.928,,190,,,0,,,,,,,0,og-post,,,,AAXX 13114 07591 24/// /1906 10218 20061 39159 48520 58019 700// 333 60005 90710 91114=
07591,2009-09-13 12:00:00,21.4,,-2.4,33,4.5,,18.52,31.484,,220,,,0,0,,,,,,0,og-post,,,,AAXX 13124 07591 04/// /2210 10214 20045 39151 48511 58024 60001 700// 333 60007 90710 91117 555 60005=
07591,2009-09-13 13:00:00,22.5,,-2.4,32,5,,11.112,29.632,,240,,,0,,,,,,,0,og-post,,,,AAXX 13134 07591 24/// /2406 10225 20050 39145 48508 56024 700// 333 60005 90710 91116=
07591,2009-09-13 14:00:00,16.9,,-1.5,55,7.8,,14.816,46.3,,270,,,0,,,,,,,61,og-post,,,,AAXX 13144 07591 24/// /2708 10169 20078 39144 48496 56015 761// 333 60005 90710 91125=
07591,2009-09-13 15:00:00,18.6,,-1.1,55,9.4,,7.408,14.816,,280,,,0,0,,,,,,21,og-post,,,,AAXX 13154 07591 24/// /2804 10186 20094 39140 48496 56011 721// 333 60007 90710 91108 555 60005=
07591,2009-09-13 16:00:00,18.2,,-0.9,53,8.5,,3.704,14.816,,270,,,0,,,,,,,21,og-post,,,,AAXX 13164 07591 24/// /2702 10182 20085 39136 48491 58009 721// 333 60005 90710 91108=
07591,2009-09-13 17:00:00,16,,-0.7,64,9.2,,7.408,22.224,,270,,,0,,,,,,,60,og-post,,,,AAXX 13174 07591 24/// /2704 10160 20092 39137 48488 55007 760// 333 60005 90710 91112=
07591,2009-09-13 18:00:00,15.5,,-0.2,71,10.3,,3.704,11.112,,190,9.5,22.8,5,5,,5,,,,21,og-post,,,,AAXX 13184 07591 04/// /1902 10155 20103 39138 48488 55002 60052 721// 333 10228 20095 60057 90710 91106 555 60055=
07591,2009-09-13 19:00:00,14.8,,0.2,75,10.4,,3.704,7.408,,300,,,0,,,,,,,0,og-post,,,,AAXX 13194 07591 24/// /3002 10148 20104 39138 48486 51002 700// 333 60005 90710 91104=
07591,2009-09-13 20:00:00,13.6,,0.3,82,10.6,,3.704,7.408,,120,,,0,,,,,,,0,og-post,,,,AAXX 13204 07591 24/// /1202 10136 20106 39140 48486 53003 700// 333 60005 90710 91104=
07591,2009-09-13 21:00:00,12.6,,0,83,9.8,,3.704,7.408,,40,,,0,0,,,,,,0,og-post,,,,AAXX 13214 07591 24/// /0402 10126 20098 39138 48482 50000 700// 333 60007 90710 91104 555 60005=
07591,2009-09-13 22:00:00,11.8,,-0.7,84,9.2,,3.704,7.408,,150,,,0,,,,,,,0,og-post,,,,AAXX 13224 07591 24/// /1502 10118 20092 39131 48473 58007 700// 333 60005 90710 91104=
07591,2009-09-13 23:00:00,11.1,,-1.3,85,8.7,,3.704,7.408,,350,,,0,,,,,,,0,og-post,,,,AAXX 13234 07591 24/// /3502 10111 20087 39127 48468 58013 700// 333 60005 90710 91104=
07591,2009-09-14 00:00:00,10.1,,-1.7,86,7.9,,,3.704,,,,,0,0,,,,,,0,og-post,,,,AAXX 14004 07591 04/// /0000 10101 20079 39121 48461 56017 60001 700// 333 60007 90710 91102 555 60005=
07591,2009-09-14 01:00:00,9.2,,-1.6,86,7,,3.704,11.112,,30,,,0,,,,,,,0,og-post,,,,AAXX 14014 07591 24/// /0302 10092 20070 39115 48453 58016 700// 333 60005 90710 91106=
07591,2009-09-14 02:00:00,9.2,,-1.7,87,7.2,,,7.408,,,,,0,,,,,,,0,og-post,,,,AAXX 14024 07591 24/// /0000 10092 20072 39110 48449 56017 700// 333 60005 90710 91104=
07591,2009-09-14 03:00:00,8.4,,-1.7,87,6.4,,3.704,7.408,,70,,,0,0,,,,,,0,og-post,,,,AAXX 14034 07591 24/// /0702 10084 20064 39104 48442 57017 700// 333 60007 90710 91104 555 60005=
07591,2009-09-14 04:00:00,8,,-1.8,87,6,,3.704,7.408,,20,,,0,,,,,,,0,og-post,,,,AAXX 14044 07591 24/// /0202 10080 20060 39097 48435 58018 700// 333 60005 90710 91104=
07591,2009-09-14 05:00:00,7.2,,-1.6,86,5,,7.408,11.112,,50,,,0,,,,,,,0,og-post,,,,AAXX 14054 07591 24/// /0504 10072 20050 39094 48430 56016 700// 333 60005 90710 91106=
07591,2009-09-14 06:00:00,7.9,,-1,79,4.5,,11.112,14.816,,50,7.2,15.5,0,0,,,5.2,5.4,4,0,og-post,,,,AAXX 14064 07591 04/// /0506 10079 20045 39094 48431 56010 60002 700// 333 10155 20072 3/004 55054 60007 70052 90710 91108 555 60005=
07591,2009-09-14 07:00:00,11,,-0.6,64,4.5,,7.408,14.816,,60,,,0.2,,,,,,,0,og-post,,,,AAXX 14074 07591 24/// /0604 10110 20045 39091 48435 57006 700// 333 69925 90710 91108=
07591,2009-09-14 08:00:00,14.4,,-0.6,46,2.9,,3.704,22.224,,80,,,0,,,,,,,0,og-post,,,,AAXX 14084 07591 24/// /0802 10144 20029 39088 48439 58006 700// 333 60005 90710 91112=
07591,2009-09-14 09:00:00,16.7,,-1.3,42,3.7,,7.408,14.816,,180,,,0,0.2,,,,,,0,og-post,,,,AAXX 14094 07591 24/// /1804 10167 20037 39081 48437 58013 700// 333 69927 90710 91108 555 60005=
07591,2009-09-14 10:00:00,18.6,,-1.7,32,1.6,,11.112,18.52,,220,,,0,,,,,,,0,og-post,,,,AAXX 14104 07591 24/// /2206 10186 20016 39074 48434 58017 700// 333 60005 90710 91110=
07591,2009-09-14 11:00:00,20.3,,-1.9,30,2.2,,14.816,25.928,,220,,,0,,,,,,,0,og-post,,,,AAXX 14114 07591 24/// /2208 10203 20022 39069 48432 56019 700// 333 60005 90710 91114=
07591,2009-09-14 12:00:00,20.6,,-1.6,33,3.8,,22.224,35.188,,210,,,0,0,0.2,,,,,0,og-post,,,,AAXX 14124 07591 04/// /2112 10206 20038 39065 48429 56016 69921 700// 333 60007 90710 91119 555 60005=
07591,2009-09-14 13:00:00,21.2,,-1.1,28,2,,22.224,38.892,,220,,,0,,,,,,,0,og-post,,,,AAXX 14134 07591 24/// /2212 10212 20020 39063 48428 56011 700// 333 60005 90710 91121=
07591,2009-09-14 14:00:00,21.7,,-0.7,28,2.4,,18.52,38.892,,230,,,0,,,,,,,0,og-post,,,,AAXX 14144 07591 24/// /2310 10217 20024 39062 48428 56007 700// 333 60005 90710 91121=
07591,2009-09-14 15:00:00,20.3,,-0,33,3.5,,22.224,42.596,,220,,,0,0,,,,,,0,og-post,,,,AAXX 14154 07591 24/// /2212 10203 20035 39065 48429 55000 700// 333 60007 90710 91123 555 60005=
07591,2009-09-14 16:00:00,18.4,,0.6,36,3.1,,22.224,38.892,,220,,,0,,,,,,,0,og-post,,,,AAXX 14164 07591 24/// /2212 10184 20031 39069 48429 53006 700// 333 60005 90710 91121=
07591,2009-09-14 17:00:00,17.4,,1.8,38,3,,18.52,38.892,,250,,,0,,,,,,,0,og-post,,,,AAXX 14174 07591 24/// /2510 10174 20030 39080 48437 53018 700// 333 60005 90710 91121=
07591,2009-09-14 18:00:00,14.8,,2.5,45,3,,25.928,38.892,,10,7.9,22.3,0,0,,0.2,,,,0,og-post,,,,AAXX 14184 07591 04/// /0114 10148 20030 39090 48441 53025 69922 700// 333 10223 20079 60007 90710 91121 555 60005=
07591,2009-09-14 19:00:00,14.3,,3.1,47,3.2,,18.52,35.188,,10,,,0,,,,,,,0,og-post,,,,AAXX 14194 07591 24/// /0110 10143 20032 39100 48449 51031 700// 333 60005 90710 91119=
07591,2009-09-14 20:00:00,13.5,,2.5,51,3.6,,18.52,31.484,,10,,,0,,,,,,,0,og-post,,,,AAXX 14204 07591 24/// /0110 10135 20036 39105 48452 51025 700// 333 60005 90710 91117=
07591,2009-09-14 21:00:00,13.4,,2.1,51,3.5,,18.52,25.928,,10,,,0,0,,,,,,0,og-post,,,,AAXX 14214 07591 24/// /0110 10134 20035 39111 48458 51021 700// 333 60007 90710 91114 555 60005=
07591,2009-09-14 22:00:00,12.7,,1.3,53,3.4,,18.52,29.632,,10,,,0,,,,,,,0,og-post,,,,AAXX 14224 07591 24/// /0110 10127 20034 39113 48458 51013 700// 333 60005 90710 91116=
07591,2009-09-14 23:00:00,12.4,,0.8,54,3.4,,14.816,29.632,,10,,,0,,,,,,,0,og-post,,,,AAXX 14234 07591 24/// /0108 10124 20034 39113 48457 51008 700// 333 60005 90710 91116=
07591,2009-09-15 00:00:00,12.2,,0.1,54,3.2,,18.52,29.632,,20,,,0,0,,,,,,0,og-post,,,,AAXX 15004 07591 04/// /0210 10122 20032 39112 48456 50001 60001 700// 333 60007 90710 91116 555 60005=
07591,2009-09-15 01:00:00,11.8,,-0.1,55,3.1,,14.816,25.928,,10,,,0,,,,,,,0,og-post,,,,AAXX 15014 07591 24/// /0108 10118 20031 39112 48455 57001 700// 333 60005 90710 91114=
07591,2009-09-15 02:00:00,11,,0.1,61,3.8,,7.408,29.632,,50,,,0,,,,,,,0,og-post,,,,AAXX 15024 07591 24/// /0504 10110 20038 39114 48456 53001 700// 333 60005 90710 91116=
07591,2009-09-15 03:00:00,11.5,,0.3,58,3.5,,11.112,25.928,,40,,,0,0,,,,,,0,og-post,,,,AAXX 15034 07591 24/// /0406 10115 20035 39115 48457 53003 700// 333 60007 90710 91114 555 60005=
07591,2009-09-15 04:00:00,10.6,,0.1,60,3.2,,11.112,18.52,,30,,,0,,,,,,,0,og-post,,,,AAXX 15044 07591 24/// /0306 10106 20032 39113 48454 50001 700// 333 60005 90710 91110=
07591,2009-09-15 05:00:00,9.4,,-0.5,68,3.8,,11.112,18.52,,70,,,0,,,,,,,0,og-post,,,,AAXX 15054 07591 24/// /0706 10094 20038 39109 48448 58005 700// 333 60005 90710 91110=
07591,2009-09-15 06:00:00,10.1,,0.5,64,3.6,,7.408,18.52,,60,9.2,14.8,0,0,,,0.2,9.1,7,0,og-post,,,,AAXX 15064 07591 04/// /0604 10101 20036 39120 48459 53005 60002 700// 333 10148 20092 3/007 55091 60007 70002 90710 91110 555 60005=
07591,2009-09-15 07:00:00,12.1,,0.7,55,3.3,,14.816,25.928,,20,,,0,,,,,,,0,og-post,,,,AAXX 15074 07591 24/// /0208 10121 20033 39120 48463 53007 700// 333 60005 90710 91114=
07591,2009-09-15 08:00:00,13.6,,1.4,49,3.1,,11.112,31.484,,50,,,0,,,,,,,0,og-post,,,,AAXX 15084 07591 24/// /0506 10136 20031 39123 48469 51014 700// 333 60005 90710 91117=
07591,2009-09-15 09:00:00,13,,1.1,59,5.2,,18.52,29.632,,10,,,0.2,0.2,,,,,,61,og-post,,,,AAXX 15094 07591 24/// /0110 10130 20052 39131 48475 53011 761// 333 69927 90710 91116 555 69925=
07591,2009-09-15 10:00:00,14,,1.2,54,4.8,,7.408,22.224,,260,,,0,,,,,,,21,og-post,,,,AAXX 15104 07591 24/// /2604 10140 20048 39132 48478 51012 721// 333 60005 90710 91112=
07591,2009-09-15 11:00:00,15.2,,0.3,45,3.4,,11.112,22.224,,210,,,0,,,,,,,0,og-post,,,,AAXX 15114 07591 24/// /2106 10152 20034 39126 48475 50003 700// 333 60005 90710 91112=
07591,2009-09-15 12:00:00,13.9,,-0.3,62,6.7,,14.816,22.224,,200,,,0,0,0.2,,,,,60,og-post,,,,AAXX 15124 07591 04/// /2008 10139 20067 39128 48475 55003 69921 760// 333 60007 90710 91112 555 60005=
07591,2009-09-15 13:00:00,12.9,,-0.2,73,8.2,,7.408,22.224,,210,,,0.2,,,,,,,21,og-post,,,,AAXX 15134 07591 24/// /2104 10129 20082 39130 48475 55002 721// 333 69925 90710 91112=
07591,2009-09-15 14:00:00,12.7,,0.1,61,5.4,,29.632,38.892,,360,,,0.2,,,,,,,60,og-post,,,,AAXX 15144 07591 24/// /3616 10127 20054 39127 48471 50001 760// 333 69925 90710 91121=
07591,2009-09-15 15:00:00,12.4,,0.1,62,5.3,,25.928,46.3,,360,,,0.2,0.6,,,,,,60,og-post,,,,AAXX 15154 07591 24/// /3614 10124 20053 39129 48472 52001 760// 333 69967 90710 91125 555 69925=
07591,2009-09-15 16:00:00,12.2,,-0.1,61,4.9,,25.928,50.004,,10,,,0,,,,,,,60,og-post,,,,AAXX 15164 07591 24/// /0114 10122 20049 39129 48472 56001 760// 333 60005 90710 91127=
07591,2009-09-15 17:00:00,12.2,,-0.1,61,4.9,,29.632,42.596,,10,,,0,,,,,,,60,og-post,,,,AAXX 15174 07591 24/// /0116 10122 20049 39126 48469 58001 760// 333 60005 90710 91123=
07591,2009-09-15 18:00:00,12.4,,-0.9,57,4.1,,31.484,46.3,,360,10.1,15.4,0.2,0.2,,1,,,,21,og-post,,,,AAXX 15184 07591 04/// /3617 10124 20041 39120 48464 58009 60012 721// 333 10154 20101 69927 90710 91125 555 69925=
07591,2009-09-15 19:00:00,13,,-0.8,53,3.7,,35.188,57.412,,10,,,0,,,,,,,0,og-post,,,,AAXX 15194 07591 24/// /0119 10130 20037 39121 48466 55008 700// 333 60005 90710 91131=
07591,2009-09-15 20:00:00,13.5,,-0.8,51,3.6,,31.484,53.708,,10,,,0,,,,,,,0,og-post,,,,AAXX 15204 07591 24/// /0117 10135 20036 39118 48464 56008 700// 333 60005 90710 91129=
07591,2009-09-15 21:00:00,13.6,,-0.9,51,3.7,,35.188,61.116,57.412,360,,,0,0,,,,,,0,og-post,,,,AAXX 15214 07591 24/// /3619 10136 20037 39111 48458 58009 700// 333 60007 91031 90710 91133 555 60005=
07591,2009-09-15 22:00:00,13.7,,-1.5,50,3.5,,31.484,53.708,,10,,,0,,,,,,,0,og-post,,,,AAXX 15224 07591 24/// /0117 10137 20035 39106 48454 58015 700// 333 60005 90710 91129=
07591,2009-09-15 23:00:00,14,,-1.7,49,3.5,,35.188,57.412,,10,,,0,,,,,,,61,og-post,,,,AAXX 15234 07591 24/// /0119 10140 20035 39101 48450 56017 761// 333 60005 90710 91131=
07591,2009-09-16 00:00:00,14.1,,-1.3,49,3.6,,31.484,53.708,53.708,10,,,0,0,,,,,,21,og-post,,,,AAXX 16004 07591 04/// /0117 10141 20036 39098 48447 56013 60001 721// 333 60007 91029 90710 91129 555 60005=
07591,2009-09-16 01:00:00,13.9,,-1.7,49,3.4,,29.632,53.708,,10,,,0,,,,,,,21,og-post,,,,AAXX 16014 07591 24/// /0116 10139 20034 39089 48439 58017 721// 333 60005 90710 91129=
07591,2009-09-16 02:00:00,14.3,,-1.9,47,3.2,,31.484,53.708,,10,,,0,,,,,,,0,og-post,,,,AAXX 16024 07591 24/// /0117 10143 20032 39082 48433 58019 700// 333 60005 90710 91129=
07591,2009-09-16 03:00:00,14,,-2.3,48,3.2,,31.484,57.412,,360,,,0,0,,,,,,0,og-post,,,,AAXX 16034 07591 24/// /3617 10140 20032 39075 48426 56023 700// 333 60007 90710 91131 555 60005=
07591,2009-09-16 04:00:00,14.2,,-1.9,48,3.4,,35.188,57.412,,360,,,0,,,,,,,0,og-post,,,,AAXX 16044 07591 24/// /3619 10142 20034 39070 48422 56019 700// 333 60005 90710 91131=
07591,2009-09-16 05:00:00,13.9,,-1.3,51,3.9,,35.188,57.412,,360,,,0,,,,,,,0,og-post,,,,AAXX 16054 07591 24/// /3619 10139 20039 39069 48420 56013 700// 333 60005 90710 91131=
07591,2009-09-16 06:00:00,14.5,,0.2,49,3.9,,31.484,50.004,,360,12.4,14.9,0,0,,,1,0.2,12,61,og-post,,,,AAXX 16064 07591 04/// /3617 10145 20039 39077 48429 53002 60002 761// 333 10149 20124 3/012 55002 60007 70010 90710 91127 555 60005=
07591,2009-09-16 07:00:00,14.5,,1.1,52,4.8,,29.632,46.3,,360,,,0,,,,,,,21,og-post,,,,AAXX 16074 07591 24/// /3616 10145 20048 39081 48433 53011 721// 333 60005 90710 91125=
07591,2009-09-16 08:00:00,15.5,,0.7,47,4.2,,31.484,53.708,,360,,,0,,,,,,,0,og-post,,,,AAXX 16084 07591 24/// /3617 10155 20042 39076 48430 50007 700// 333 60005 90710 91129=
07591,2009-09-16 09:00:00,16.5,,-0.2,44,4.2,,31.484,61.116,,360,,,0,0,,,,,,0,og-post,,,,AAXX 16094 07591 24/// /3617 10165 20042 39075 48431 58002 700// 333 60007 90710 91133 555 60005=
07591,2009-09-16 10:00:00,17.2,,-0.3,41,3.8,,25.928,57.412,,360,,,0,,,,,,,0,og-post,,,,AAXX 16104 07591 24/// /3614 10172 20038 39078 48435 55003 700// 333 60005 90710 91131=
07591,2009-09-16 11:00:00,19,,0.1,38,4.4,,22.224,46.3,,20,,,0,,,,,,,0,og-post,,,,AAXX 16114 07591 24/// /0212 10190 20044 39077 48437 52001 700// 333 60005 90710 91125=
07591,2009-09-16 12:00:00,18.6,,0.3,40,4.8,,29.632,46.3,,360,,,0,0,,,,,,0,og-post,,,,AAXX 16124 07591 04/// /3616 10186 20048 39078 48438 51003 60001 700// 333 60007 90710 91125 555 60005=
07591,2009-09-16 13:00:00,19.2,,0.1,41,5.6,,29.632,50.004,,360,,,0,,,,,,,0,og-post,,,,AAXX 16134 07591 24/// /3616 10192 20056 39079 48440 53001 700// 333 60005 90710 91127=
07591,2009-09-16 14:00:00,19.7,,0,39,5.4,,25.928,42.596,,10,,,0,,,,,,,0,og-post,,,,AAXX 16144 07591 24/// /0114 10197 20054 39077 48439 50000 700// 333 60005 90710 91123=
07591,2009-09-16 15:00:00,19,,0.1,41,5.5,,22.224,38.892,,360,,,0,0,,,,,,0,og-post,,,,AAXX 16154 07591 24/// /3612 10190 20055 39079 48439 53001 700// 333 60007 90710 91121 555 60005=
07591,2009-09-16 16:00:00,19,,0.2,43,6.1,,18.52,35.188,,20,,,0,,,,,,,0,og-post,,,,AAXX 16164 07591 24/// /0210 10190 20061 39081 48441 53002 700// 333 60005 90710 91119=
07591,2009-09-16 17:00:00,18.7,,1.1,44,6.2,,11.112,29.632,,330,,,0,,,,,,,0,og-post,,,,AAXX 16174 07591 24/// /3306 10187 20062 39088 48447 53011 700// 333 60005 90710 91116=
07591,2009-09-16 18:00:00,16.4,,1.3,62,9.1,,3.704,14.816,,150,14.2,20.2,0,0,,,,,,0,og-post,,,,AAXX 16184 07591 04/// /1502 10164 20091 39092 48447 53013 60002 700// 333 10202 20142 60007 90710 91108 555 60005=
07591,2009-09-16 19:00:00,15.2,,2.1,67,9.1,,3.704,7.408,,170,,,0,,,,,,,0,og-post,,,,AAXX 16194 07591 24/// /1702 10152 20091 39102 48454 53021 700// 333 60005 90710 91104=
07591,2009-09-16 20:00:00,15.1,,2.6,68,9.2,,3.704,14.816,,210,,,0,,,,,,,0,og-post,,,,AAXX 16204 07591 24/// /2102 10151 20092 39114 48465 53026 700// 333 60005 90710 91108=
07591,2009-09-16 21:00:00,14.2,,2.5,74,9.6,,3.704,7.408,,220,,,0,0,,,,,,0,og-post,,,,AAXX 16214 07591 24/// /2202 10142 20096 39117 48466 51025 700// 333 60007 90710 91104 555 60005=
07591,2009-09-16 22:00:00,13.8,,1.8,76,9.6,,,7.408,,,,,0,,,,,,,0,og-post,,,,AAXX 16224 07591 24/// /0000 10138 20096 39120 48468 51018 700// 333 60005 90710 91104=
07591,2009-09-16 23:00:00,13.7,,0.8,77,9.7,,,7.408,,,,,0,,,,,,,0,og-post,,,,AAXX 16234 07591 24/// /0000 10137 20097 39122 48469 51008 700// 333 60005 90710 91104=
07591,2009-09-17 00:00:00,13.7,,0.6,76,9.5,,,7.408,,,,,0,0,,,,,,0,og-post,,,,AAXX 17004 07591 04/// /0000 10137 20095 39123 48470 51006 60001 700// 333 60007 90710 91104 555 60005=
07591,2009-09-17 01:00:00,13.8,,0.3,80,10.4,,3.704,3.704,,220,,,0,,,,,,,0,og-post,,,,AAXX 17014 07591 24/// /2202 10138 20104 39123 48471 51003 700// 333 60005 90710 91102=
07591,2009-09-17 02:00:00,13.7,,0,82,10.7,,3.704,3.704,,350,,,0,,,,,,,0,og-post,,,,AAXX 17024 07591 24/// /3502 10137 20107 39122 48470 50000 700// 333 60005 90710 91102=
07591,2009-09-17 03:00:00,13.4,,-0.3,83,10.6,,3.704,11.112,,30,,,0,0,,,,,,0,og-post,,,,AAXX 17034 07591 24/// /0302 10134 20106 39120 48467 58003 700// 333 60007 90710 91106 555 60005=
07591,2009-09-17 04:00:00,12.8,,-0.2,85,10.3,,7.408,11.112,,60,,,0,,,,,,,0,og-post,,,,AAXX 17044 07591 24/// /0604 10128 20103 39121 48467 55002 700// 333 60005 90710 91106=
07591,2009-09-17 05:00:00,12.3,,0.5,84,9.7,,7.408,14.816,,50,,,0,,,,,,,0,og-post,,,,AAXX 17054 07591 24/// /0504 10123 20097 39127 48471 53005 700// 333 60005 90710 91108=
07591,2009-09-17 06:00:00,12.3,,1,81,9.1,,11.112,18.52,,40,12.3,16.4,0,0,,,0,0.9,11,0,og-post,,,,AAXX 17064 07591 04/// /0406 10123 20091 39130 48474 53010 60002 700// 333 10164 20123 3/011 55009 60007 70000 90710 91110 555 60005=
07591,2009-09-17 07:00:00,14.7,,1,67,8.6,,7.408,14.816,,70,,,0,,,,,,,0,og-post,,,,AAXX 17074 07591 24/// /0704 10147 20086 39131 48479 51010 700// 333 60005 90710 91108=
07591,2009-09-17 08:00:00,17.1,,0.7,52,7.2,,3.704,11.112,,130,,,0,,,,,,,0,og-post,,,,AAXX 17084 07591 24/// /1302 10171 20072 39134 48487 52007 700// 333 60005 90710 91106=
07591,2009-09-17 09:00:00,18.6,,0.6,46,6.8,,7.408,18.52,,180,,,0,0,,,,,,0,og-post,,,,AAXX 17094 07591 24/// /1804 10186 20068 39136 48492 53006 700// 333 60007 90710 91110 555 60005=
07591,2009-09-17 10:00:00,20.1,,0.3,42,6.8,,11.112,22.224,,220,,,0,,,,,,,0,og-post,,,,AAXX 17104 07591 24/// /2206 10201 20068 39134 48493 50003 700// 333 60005 90710 91112=
07591,2009-09-17 11:00:00,21.6,,-0.3,35,5.5,,14.816,25.928,,220,,,0,,,,,,,0,og-post,,,,AAXX 17114 07591 24/// /2208 10216 20055 39131 48493 58003 700// 333 60005 90710 91114=
07591,2009-09-17 12:00:00,21.7,,-0.4,38,6.8,,22.224,35.188,,210,,,0,0,,,,,,0,og-post,,,,AAXX 17124 07591 04/// /2112 10217 20068 39132 48495 55004 60001 700// 333 60007 90710 91119 555 60005=
07591,2009-09-17 13:00:00,21.8,,-0.2,38,6.9,,22.224,35.188,,210,,,0,,,,,,,0,og-post,,,,AAXX 17134 07591 24/// /2112 10218 20069 39132 48495 56002 700// 333 60005 90710 91119=
07591,2009-09-17 14:00:00,22.3,,0.1,35,6.1,,22.224,35.188,,220,,,0,,,,,,,0,og-post,,,,AAXX 17144 07591 24/// /2212 10223 20061 39132 48496 51001 700// 333 60005 90710 91119=
07591,2009-09-17 15:00:00,21.7,,-0,35,5.6,,22.224,35.188,,220,,,0,0,,,,,,0,og-post,,,,AAXX 17154 07591 24/// /2212 10217 20056 39132 48494 54000 700// 333 60007 90710 91119 555 60005=
07591,2009-09-17 16:00:00,21.7,,0.2,32,4.3,,18.52,35.188,,230,,,0,,,,,,,0,og-post,,,,AAXX 17164 07591 24/// /2310 10217 20043 39134 48496 53002 700// 333 60005 90710 91119=
07591,2009-09-17 17:00:00,20.1,,0.6,35,4.2,,14.816,29.632,,230,,,0,,,,,,,0,og-post,,,,AAXX 17174 07591 24/// /2308 10201 20042 39138 48496 53006 700// 333 60005 90710 91116=
07591,2009-09-17 18:00:00,18,,1.1,43,5.2,,7.408,25.928,,210,12.1,22.9,0,0,,,,,,0,og-post,,,,AAXX 17184 07591 04/// /2104 10180 20052 39143 48497 53011 60002 700// 333 10229 20121 60007 90710 91114 555 60005=
07591,2009-09-17 19:00:00,17,,1.8,46,5.3,,11.112,18.52,,210,,,0,,,,,,,0,og-post,,,,AAXX 17194 07591 24/// /2106 10170 20053 39152 48503 53018 700// 333 60005 90710 91110=
07591,2009-09-17 20:00:00,14.4,,2.1,56,5.7,,,14.816,,,,,0,,,,,,,0,og-post,,,,AAXX 17204 07591 24/// /0000 10144 20057 39159 48504 53021 700// 333 60005 90710 91108=
07591,2009-09-17 21:00:00,13,,2.2,63,6.1,,,7.408,,,,,0,0,,,,,,0,og-post,,,,AAXX 17214 07591 24/// /0000 10130 20061 39165 48506 51022 700// 333 60007 90710 91104 555 60005=
07591,2009-09-17 22:00:00,11.9,,1.7,67,6,,,,,,,,0,,,,,,,0,og-post,,,,AAXX 17224 07591 24/// /0000 10119 20060 39169 48507 51017 700// 333 60005 90710 91100=
07591,2009-09-17 23:00:00,11.5,,0.9,68,5.8,,3.704,7.408,,10,,,0,,,,,,,0,og-post,,,,AAXX 17234 07591 24/// /0102 10115 20058 39168 48506 50009 700// 333 60005 90710 91104=
07591,2009-09-18 00:00:00,10.9,,0.2,71,5.9,,11.112,14.816,,40,,,0,0,,,,,,0,og-post,,,,AAXX 18004 07591 04/// /0406 10109 20059 39167 48503 50002 60001 700// 333 60007 90710 91108 555 60005=
07591,2009-09-18 01:00:00,10.4,,-0.6,73,5.8,,7.408,14.816,,40,,,0,,,,,,,0,og-post,,,,AAXX 18014 07591 24/// /0404 10104 20058 39163 48499 58006 700// 333 60005 90710 91108=
07591,2009-09-18 02:00:00,9.8,,-0.4,76,5.8,,3.704,11.112,,40,,,0,,,,,,,0,og-post,,,,AAXX 18024 07591 24/// /0402 10098 20058 39164 48498 55004 700// 333 60005 90710 91106=
07591,2009-09-18 03:00:00,9.4,,0.1,78,5.8,,3.704,11.112,,210,,,0,0,,,,,,0,og-post,,,,AAXX 18034 07591 24/// /2102 10094 20058 39168 48501 53001 700// 333 60007 90710 91106 555 60005=
07591,2009-09-18 04:00:00,9.4,,0.1,75,5.2,,14.816,25.928,,40,,,0,,,,,,,0,og-post,,,,AAXX 18044 07591 24/// /0408 10094 20052 39164 48497 50001 700// 333 60005 90710 91114=
07591,2009-09-18 05:00:00,10.2,,-0.6,74,5.8,,14.816,22.224,,40,,,0,,,,,,,0,og-post,,,,AAXX 18054 07591 24/// /0408 10102 20058 39158 48494 58006 700// 333 60005 90710 91112=
07591,2009-09-18 06:00:00,11.9,,-0.8,65,5.5,,18.52,35.188,,20,8.7,18,0,0,,,0,10.3,6,0,og-post,,,,AAXX 18064 07591 04/// /0210 10119 20055 39160 48499 55008 60002 700// 333 10180 20087 3/006 55103 60007 70000 90710 91119 555 60005=
07591,2009-09-18 07:00:00,12.3,,0.4,65,5.9,,7.408,35.188,,70,,,0,,,,,,,0,og-post,,,,AAXX 18074 07591 24/// /0704 10123 20059 39168 48507 53004 700// 333 60005 90710 91119=
07591,2009-09-18 08:00:00,15.5,,1.1,52,5.7,,7.408,18.52,,40,,,0,,,,,,,0,og-post,,,,AAXX 18084 07591 24/// /0404 10155 20057 39169 48515 51011 700// 333 60005 90710 91110=
07591,2009-09-18 09:00:00,14.7,,1.2,56,6,,7.408,14.816,,60,,,0,0,,,,,,0,og-post,,,,AAXX 18094 07591 24/// /0604 10147 20060 39172 48516 51012 700// 333 60007 90710 91108 555 60005=
07591,2009-09-18 10:00:00,15.7,,-0.3,56,7,,11.112,22.224,,60,,,0,,,,,,,0,og-post,,,,AAXX 18104 07591 24/// /0606 10157 20070 39165 48512 58003 700// 333 60005 90710 91112=
07591,2009-09-18 11:00:00,14.4,,0.7,73,9.6,1900,7.408,22.224,,240,,,1,,,,,,,64,og-post,,,,AAXX 18114 07591 24/19 /2404 10144 20096 39176 48520 53007 764// 333 60015 90710 91112=
07591,2009-09-18 12:00:00,13.5,,0.1,83,10.7,,18.52,22.224,,30,,,4,5,5,,,,,63,og-post,,,,AAXX 18124 07591 04/// /0310 10135 20107 39173 48515 53001 60051 763// 333 60057 90710 91112 555 60045=
07591,2009-09-18 13:00:00,14.7,,0,74,10.1,,22.224,31.484,,20,,,0.4,,,,,,,21,og-post,,,,AAXX 18134 07591 24/// /0212 10147 20101 39165 48511 50000 721// 333 69945 90710 91117=
07591,2009-09-18 14:00:00,15.9,,-2,63,8.9,,18.52,35.188,,10,,,0,,,,,,,0,og-post,,,,AAXX 18144 07591 24/// /0110 10159 20089 39156 48505 58020 700// 333 60005 90710 91119=
07591,2009-09-18 15:00:00,16.5,,-1.9,60,8.7,,22.224,38.892,,10,,,0,0.4,,,,,,0,og-post,,,,AAXX 18154 07591 24/// /0112 10165 20087 39154 48504 56019 700// 333 69947 90710 91121 555 60005=
07591,2009-09-18 16:00:00,16.7,,-1.2,55,7.6,,14.816,31.484,,30,,,0,,,,,,,0,og-post,,,,AAXX 18164 07591 24/// /0308 10167 20076 39153 48504 56012 700// 333 60005 90710 91117=
07591,2009-09-18 17:00:00,16.5,,-0.2,58,8.2,,14.816,25.928,,20,,,0,,,,,,,0,og-post,,,,AAXX 18174 07591 24/// /0208 10165 20082 39154 48504 55002 700// 333 60005 90710 91114=
07591,2009-09-18 18:00:00,15.2,,-0,67,9.1,,3.704,22.224,,50,11.4,16.9,0,0,,6,,,,0,og-post,,,,AAXX 18184 07591 04/// /0502 10152 20091 39154 48502 55000 60062 700// 333 10169 20114 60007 90710 91112 555 60005=
07591,2009-09-18 19:00:00,14,,0.4,77,10,,11.112,14.816,,40,,,0,,,,,,,21,og-post,,,,AAXX 18194 07591 24/// /0406 10140 20100 39157 48502 53004 721// 333 60005 90710 91108=
07591,2009-09-18 20:00:00,13.9,,1.1,77,9.9,,7.408,14.816,,210,,,0.2,,,,,,,61,og-post,,,,AAXX 18204 07591 24/// /2104 10139 20099 39165 48509 53011 761// 333 69925 90710 91108=
07591,2009-09-18 21:00:00,13.1,,1.8,85,10.6,,3.704,11.112,,310,,,2,2,,,,,,61,og-post,,,,AAXX 18214 07591 24/// /3102 10131 20106 39172 48514 53018 761// 333 60027 90710 91106 555 60025=
07591,2009-09-18 22:00:00,12.8,,2,87,10.7,,7.408,11.112,,330,,,0,,,,,,,0,og-post,,,,AAXX 18224 07591 24/// /3304 10128 20107 39177 48518 51020 700// 333 60005 90710 91106=
07591,2009-09-18 23:00:00,12.5,,1.1,87,10.4,,11.112,18.52,,40,,,2,,,,,,,61,og-post,,,,AAXX 18234 07591 24/// /0406 10125 20104 39176 48516 50011 761// 333 60025 90710 91110=
07591,2009-09-19 00:00:00,12.3,,0.1,87,10.2,,7.408,25.928,,50,,,0.2,2,4,,,,,21,og-post,,,,AAXX 19004 07591 04/// /0504 10123 20102 39173 48513 50001 60041 721// 333 60027 90710 91114 555 69925=
07591,2009-09-19 01:00:00,11.4,,-0.6,84,8.8,,7.408,18.52,,40,,,0,,,,,,,0,og-post,,,,AAXX 19014 07591 24/// /0404 10114 20088 39171 48509 58006 700// 333 60005 90710 91110=
07591,2009-09-19 02:00:00,11,,-0.6,84,8.4,,11.112,22.224,,40,,,0,,,,,,,0,og-post,,,,AAXX 19024 07591 24/// /0406 10110 20084 39170 48507 56006 700// 333 60005 90710 91112=
07591,2009-09-19 03:00:00,9.7,,-0.2,86,7.5,,3.704,11.112,,340,,,0,0,,,,,,0,og-post,,,,AAXX 19034 07591 24/// /3402 10097 20075 39171 48505 55002 700// 333 60007 90710 91106 555 60005=
07591,2009-09-19 04:00:00,9.1,,0.1,87,7.1,,3.704,7.408,,30,,,0,,,,,,,0,og-post,,,,AAXX 19044 07591 24/// /0302 10091 20071 39172 48504 53001 700// 333 60005 90710 91104=
07591,2009-09-19 05:00:00,8.9,,0.2,86,6.7,,14.816,22.224,,50,,,0,,,,,,,0,og-post,,,,AAXX 19054 07591 24/// /0508 10089 20067 39172 48504 51002 700// 333 60005 90710 91112=
07591,2009-09-19 06:00:00,8.5,,0.7,87,6.5,,3.704,14.816,,10,8.4,15.1,0,0,,4,10,1,6,0,og-post,,,,AAXX 19064 07591 04/// /0102 10085 20065 39178 48508 53007 60042 700// 333 10151 20084 3/006 55010 60007 70100 90710 91108 555 60005=
07591,2009-09-19 07:00:00,10.8,,0.5,82,7.9,,14.816,18.52,,50,,,0,,,,,,,0,og-post,,,,AAXX 19074 07591 24/// /0508 10108 20079 39177 48512 50005 700// 333 60005 90710 91110=
07591,2009-09-19 08:00:00,13.8,,0.6,67,7.8,,11.112,18.52,,40,,,0,,,,,,,0,og-post,,,,AAXX 19084 07591 24/// /0406 10138 20078 39178 48520 51006 700// 333 60005 90710 91110=
07591,2009-09-19 09:00:00,15.6,,-0.1,54,6.3,,3.704,14.816,,100,,,0,0,,,,,,0,og-post,,,,AAXX 19094 07591 24/// /1002 10156 20063 39177 48523 57001 700// 333 60007 90710 91108 555 60005=
07591,2009-09-19 10:00:00,16.4,,-0.2,49,5.7,,3.704,7.408,,170,,,,,,,,,,0,synop_v4,,,,
07591,2009-09-19 11:00:00,18.3,,-0.8,46,6.5,,7.408,11.112,,180,,,,,,,,,,0,synop_v4,,,,
07591,2009-09-19 12:00:00,19.4,,-1.2,37,4.3,,11.112,22.224,,190,,,0,0,,,,,,0,og-post,,,,AAXX 19124 07591 04/// /1906 10194 20043 39165 48520 58012 60001 700// 333 60007 90710 91112 555 60005=
07591,2009-09-19 13:00:00,19.3,,-1.2,43,6.4,,14.816,25.928,,210,,,0,,,,,,,0,og-post,,,,AAXX 19134 07591 24/// /2108 10193 20064 39163 48518 56012 700// 333 60005 90710 91114=
07591,2009-09-19 14:00:00,17.6,,-0.7,51,7.4,,11.112,29.632,,200,,,0,,,,,,,0,og-post,,,,AAXX 19144 07591 24/// /2006 10176 20074 39163 48515 56007 700// 333 60005 90710 91116=
07591,2009-09-19 15:00:00,17.4,,-0,51,7.2,,14.816,29.632,,210,,,0,0,,,,,,0,og-post,,,,AAXX 19154 07591 24/// /2108 10174 20072 39165 48516 55000 700// 333 60007 90710 91116 555 60005=
07591,2009-09-19 16:00:00,17.1,,0.4,51,6.9,,11.112,25.928,,210,,,0,,,,,,,0,og-post,,,,AAXX 19164 07591 24/// /2106 10171 20069 39167 48517 53004 700// 333 60005 90710 91114=
07591,2009-09-19 17:00:00,15.9,,0.9,63,8.9,,11.112,29.632,,210,,,0,,,,,,,0,og-post,,,,AAXX 19174 07591 24/// /2106 10159 20089 39172 48520 53009 700// 333 60005 90710 91116=
07591,2009-09-19 18:00:00,14.5,,1.2,67,8.5,,14.816,29.632,,190,8.3,19.6,0,0,,,,,,0,og-post,,,,AAXX 19184 07591 04/// /1908 10145 20085 39177 48521 53012 60002 700// 333 10196 20083 60007 90710 91116 555 60005=
07591,2009-09-19 19:00:00,14.2,,1.6,68,8.4,,7.408,22.224,,200,,,0,,,,,,,0,og-post,,,,AAXX 19194 07591 24/// /2004 10142 20084 39183 48526 53016 700// 333 60005 90710 91112=
07591,2009-09-19 20:00:00,13.4,,1.5,73,8.7,,,7.408,,,,,0,,,,,,,0,og-post,,,,AAXX 19204 07591 24/// /0000 10134 20087 39187 48528 51015 700// 333 60005 90710 91104=
07591,2009-09-19 21:00:00,13.2,,1.3,76,9.1,,,3.704,,,,,0,0,,,,,,0,og-post,,,,AAXX 19214 07591 24/// /0000 10132 20091 39190 48530 51013 700// 333 60007 90710 91102 555 60005=
07591,2009-09-19 22:00:00,12.6,,0.5,82,9.6,,3.704,7.408,,30,,,0.4,,,,,,,61,og-post,,,,AAXX 19224 07591 24/// /0302 10126 20096 39188 48527 50005 761// 333 69945 90710 91104=
07591,2009-09-19 23:00:00,12.2,,-0.2,85,9.8,,3.704,7.408,,60,,,0.4,,,,,,,21,og-post,,,,AAXX 19234 07591 24/// /0602 10122 20098 39185 48523 58002 721// 333 69945 90710 91104=
07591,2009-09-20 00:00:00,11.9,,-0.6,87,9.8,,,11.112,,,,,0,0.8,0.8,,,,,21,og-post,,,,AAXX 20004 07591 04/// /0000 10119 20098 39184 48522 56006 69981 721// 333 69987 90710 91106 555 60005=
07591,2009-09-20 01:00:00,11.8,,-0.6,88,9.9,,3.704,7.408,,280,,,0,,,,,,,0,og-post,,,,AAXX 20014 07591 24/// /2802 10118 20099 39182 48520 56006 700// 333 60005 90710 91104=
07591,2009-09-20 02:00:00,11.3,,-0.2,88,9.4,,,7.408,,,,,0,,,,,,,0,og-post,,,,AAXX 20024 07591 24/// /0000 10113 20094 39183 48519 55002 700// 333 60005 90710 91104=
07591,2009-09-20 03:00:00,11.5,,-0.2,88,9.6,,3.704,7.408,,360,,,0,0,,,,,,0,og-post,,,,AAXX 20034 07591 24/// /3602 10115 20096 39182 48519 56002 700// 333 60007 90710 91104 555 60005=
07591,2009-09-20 04:00:00,11.5,,-0.2,88,9.6,,7.408,14.816,,40,,,0,,,,,,,0,og-post,,,,AAXX 20044 07591 24/// /0404 10115 20096 39180 48517 58002 700// 333 60005 90710 91108=
07591,2009-09-20 05:00:00,11.3,,-0.5,88,9.4,,11.112,14.816,,40,,,0.2,,,,,,,0,og-post,,,,AAXX 20054 07591 24/// /0406 10113 20094 39178 48515 58005 700// 333 69925 90710 91108=
07591,2009-09-20 06:00:00,11.3,,-0.1,88,9.4,,,18.52,,,11.2,14.5,0,0.2,,1,1,4.6,10,0,og-post,,,,AAXX 20064 07591 04/// /0000 10113 20094 39181 48517 55001 60012 700// 333 10145 20112 3/010 55046 69927 70010 90710 91110 555 60005=
07591,2009-09-20 07:00:00,12.2,,0.4,87,10.1,,,7.408,,,,,0,,,,,,,0,og-post,,,,AAXX 20074 07591 24/// /0000 10122 20101 39184 48522 53004 700// 333 60005 90710 91104=
07591,2009-09-20 08:00:00,13.6,,0.3,76,9.5,,3.704,11.112,,80,,,0,,,,,,,0,og-post,,,,AAXX 20084 07591 24/// /0802 10136 20095 39181 48523 50003 700// 333 60005 90710 91106=
07591,2009-09-20 09:00:00,15,,0.1,69,9.4,,3.704,11.112,,200,,,0,0,,,,,,0,og-post,,,,AAXX 20094 07591 24/// /2002 10150 20094 39182 48527 51001 700// 333 60007 90710 91106 555 60005=
07591,2009-09-20 10:00:00,15.9,,-0.5,66,9.6,,7.408,18.52,,200,,,0,,,,,,,0,og-post,,,,AAXX 20104 07591 24/// /2004 10159 20096 39179 48526 57005 700// 333 60005 90710 91110=
07591,2009-09-20 11:00:00,18.2,,-0.5,53,8.5,,11.112,22.224,,210,,,0,,,,,,,0,og-post,,,,AAXX 20114 07591 24/// /2106 10182 20085 39176 48528 58005 700// 333 60005 90710 91112=
07591,2009-09-20 12:00:00,17.2,,-0.6,56,8.4,,7.408,14.816,,180,,,0,0,,,,,,0,og-post,,,,AAXX 20124 07591 04/// /1804 10172 20084 39176 48526 56006 60001 700// 333 60007 90710 91108 555 60005=
07591,2009-09-20 13:00:00,19.4,,-0.6,46,7.5,,3.704,14.816,,330,,,0,,,,,,,0,og-post,,,,AAXX 20134 07591 24/// /3302 10194 20075 39173 48528 57006 700// 333 60005 90710 91108=
07591,2009-09-20 14:00:00,19.9,,-0.6,44,7.3,,11.112,31.484,,220,,,0,,,,,,,0,og-post,,,,AAXX 20144 07591 24/// /2206 10199 20073 39170 48526 58006 700// 333 60005 90710 91117=
07591,2009-09-20 15:00:00,15.4,,-0.2,71,10.2,,18.52,29.632,,230,,,4,4,,,,,,64,og-post,,,,AAXX 20154 07591 24/// /2310 10154 20102 39174 48521 55002 764// 333 60047 90710 91116 555 60045=
07591,2009-09-20 16:00:00,14,,0.6,78,10.2,,7.408,31.484,,260,,,0.2,,,,,,,21,og-post,,,,AAXX 20164 07591 24/// /2604 10140 20102 39179 48522 53006 721// 333 69925 90710 91117=
07591,2009-09-20 17:00:00,13.9,,1.2,80,10.5,,3.704,11.112,,260,,,0,,,,,,,0,og-post,,,,AAXX 20174 07591 24/// /2602 10139 20105 39182 48525 51012 700// 333 60005 90710 91106=
07591,2009-09-20 18:00:00,13.5,,1.1,84,10.9,,3.704,7.408,,190,11.3,21.5,0,0.2,,4,,,,60,og-post,,,,AAXX 20184 07591 04/// /1902 10135 20109 39185 48526 51011 60042 760// 333 10215 20113 69927 90710 91104 555 60005=
07591,2009-09-20 19:00:00,13.1,,1.3,86,10.8,,,7.408,,,,,0,,,,,,,21,og-post,,,,AAXX 20194 07591 24/// /0000 10131 20108 39192 48532 53013 721// 333 60005 90710 91104=
07591,2009-09-20 20:00:00,12.9,,1.5,87,10.8,,,3.704,,,,,0.4,,,,,,,61,og-post,,,,AAXX 20204 07591 24/// /0000 10129 20108 39197 48536 53015 761// 333 69945 90710 91102=
07591,2009-09-20 21:00:00,12.8,,1.1,88,10.9,,3.704,7.408,,50,,,0,0.4,,,,,,61,og-post,,,,AAXX 20214 07591 24/// /0502 10128 20109 39196 48535 50011 761// 333 69947 90710 91104 555 60005=
07591,2009-09-20 22:00:00,12.5,,0.3,88,10.6,,3.704,11.112,,70,,,0,,,,,,,60,og-post,,,,AAXX 20224 07591 24/// /0702 10125 20106 39195 48533 50003 760// 333 60005 90710 91106=
07591,2009-09-20 23:00:00,12.4,,-0.4,88,10.5,,,3.704,,,,,0,,,,,,,21,og-post,,,,AAXX 20234 07591 24/// /0000 10124 20105 39193 48531 58004 721// 333 60005 90710 91102=
07591,2009-09-21 00:00:00,12.2,,-0.6,88,10.3,,,3.704,,,,,0,0,0.4,,,,,0,og-post,,,,AAXX 21004 07591 04/// /0000 10122 20103 39190 48528 58006 69941 700// 333 60007 90710 91102 555 60005=
07591,2009-09-21 01:00:00,11.7,,-0.7,88,9.8,,3.704,7.408,,170,,,0,,,,,,,0,og-post,,,,AAXX 21014 07591 24/// /1702 10117 20098 39188 48525 57007 700// 333 60005 90710 91104=
07591,2009-09-21 02:00:00,11.2,,-0.9,88,9.3,,,3.704,,,,,0,,,,,,,0,og-post,,,,AAXX 21024 07591 24/// /0000 10112 20093 39184 48520 58009 700// 333 60005 90710 91102=
07591,2009-09-21 03:00:00,10.9,,-1,88,9,,,7.408,,,,,0,0,,,,,,0,og-post,,,,AAXX 21034 07591 24/// /0000 10109 20090 39180 48516 58010 700// 333 60007 90710 91104 555 60005=
07591,2009-09-21 04:00:00,10.8,,-0.8,88,8.9,,7.408,7.408,,180,,,0.2,,,,,,,0,og-post,,,,AAXX 21044 07591 24/// /1804 10108 20089 39180 48515 56008 700// 333 69925 90710 91104=
07591,2009-09-21 05:00:00,10.8,,0.2,88,8.9,,3.704,7.408,,120,,,0,,,,,,,0,og-post,,,,AAXX 21054 07591 24/// /1202 10108 20089 39186 48521 53002 700// 333 60005 90710 91104=
07591,2009-09-21 06:00:00,11,,1.1,88,9.1,,3.704,7.408,,360,10.7,13.5,0,0.2,,0.6,4.8,2.5,10,0,og-post,,,,AAXX 21064 07591 04/// /3602 10110 20091 39191 48526 53011 69962 700// 333 10135 20107 3/010 55025 69927 70048 90710 91104 555 60005=
07591,2009-09-21 07:00:00,12.5,,1.4,88,10.6,,3.704,11.112,,60,,,0,,,,,,,0,og-post,,,,AAXX 21074 07591 24/// /0602 10125 20106 39194 48532 51014 700// 333 60005 90710 91106=
07591,2009-09-21 08:00:00,12.8,,1,86,10.5,,3.704,11.112,,200,,,0,,,,,,,0,og-post,,,,AAXX 21084 07591 24/// /2002 10128 20105 39196 48535 51010 700// 333 60005 90710 91106=
07591,2009-09-21 09:00:00,14.2,,0.7,82,11.2,,7.408,14.816,,190,,,0,0,,,,,,0,og-post,,,,AAXX 21094 07591 24/// /1904 10142 20112 39198 48540 51007 700// 333 60007 90710 91108 555 60005=
07591,2009-09-21 10:00:00,19.2,,0.1,37,4.2,,25.928,46.3,,40,,,0,,,,,,,0,og-post,,,,AAXX 21104 07591 24/// /0414 10192 20042 39195 48547 50001 700// 333 60005 90710 91125=
07591,2009-09-21 11:00:00,20,,-0.1,32,2.8,,25.928,46.3,,30,,,0,,,,,,,0,og-post,,,,AAXX 21114 07591 24/// /0314 10200 20028 39195 48549 58001 700// 333 60005 90710 91125=
07591,2009-09-21 12:00:00,20.9,,0.1,33,4,,29.632,53.708,,30,,,0,0,,,,,,0,og-post,,,,AAXX 21124 07591 04/// /0316 10209 20040 39199 48555 53001 60001 700// 333 60007 90710 91129 555 60005=
07591,2009-09-21 13:00:00,21.3,,0.2,30,3,,25.928,53.708,,40,,,0,,,,,,,0,og-post,,,,AAXX 21134 07591 24/// /0414 10213 20030 39197 48554 50002 700// 333 60005 90710 91129=
07591,2009-09-21 14:00:00,21,,0.2,29,2.3,,29.632,53.708,,30,,,0,,,,,,,0,og-post,,,,AAXX 21144 07591 24/// /0316 10210 20023 39197 48553 51002 700// 333 60005 90710 91129=
07591,2009-09-21 15:00:00,20.9,,-0.1,31,3.2,,29.632,53.708,,30,,,0,0,,,,,,0,og-post,,,,AAXX 21154 07591 24/// /0316 10209 20032 39198 48554 55001 700// 333 60007 90710 91129 555 60005=
07591,2009-09-21 16:00:00,20.1,,0.3,32,2.9,,25.928,42.596,,30,,,0,,,,,,,0,og-post,,,,AAXX 21164 07591 24/// /0314 10201 20029 39200 48554 53003 700// 333 60005 90710 91123=
07591,2009-09-21 17:00:00,18.6,,0.5,40,4.8,,18.52,35.188,,360,,,0,,,,,,,0,og-post,,,,AAXX 21174 07591 24/// /3610 10186 20048 39202 48552 53005 700// 333 60005 90710 91119=
07591,2009-09-21 18:00:00,18.3,,0.9,40,4.5,,22.224,31.484,,10,10.9,21.3,0,0,,,,,,0,og-post,,,,AAXX 21184 07591 04/// /0112 10183 20045 39207 48556 53009 60002 700// 333 10213 20109 60007 90710 91117 555 60005=
07591,2009-09-21 19:00:00,17.9,,1,40,4.1,,18.52,42.596,,20,,,0,,,,,,,0,og-post,,,,AAXX 21194 07591 24/// /0210 10179 20041 39210 48558 53010 700// 333 60005 90710 91123=
07591,2009-09-21 20:00:00,17.7,,1.2,39,3.6,,22.224,35.188,,360,,,0,,,,,,,0,og-post,,,,AAXX 21204 07591 24/// /3612 10177 20036 39214 48561 51012 700// 333 60005 90710 91119=
07591,2009-09-21 21:00:00,17.7,,1,38,3.2,,22.224,35.188,,360,,,0,0,,,,,,0,og-post,,,,AAXX 21214 07591 24/// /3612 10177 20032 39217 48564 52010 700// 333 60007 90710 91119 555 60005=
07591,2009-09-21 22:00:00,17.5,,0.7,38,3,,22.224,35.188,,10,,,0,,,,,,,0,og-post,,,,AAXX 21224 07591 24/// /0112 10175 20030 39217 48563 51007 700// 333 60005 90710 91119=
07591,2009-09-21 23:00:00,16.8,,0.7,42,3.8,,11.112,38.892,,30,,,0,,,,,,,0,og-post,,,,AAXX 21234 07591 24/// /0306 10168 20038 39221 48565 53007 700// 333 60005 90710 91121=
07591,2009-09-22 00:00:00,15.1,,0.6,52,5.3,,3.704,22.224,,230,,,0,0,,,,,,0,og-post,,,,AAXX 22004 07591 04/// /2302 10151 20053 39223 48563 53006 60001 700// 333 60007 90710 91112 555 60005=
07591,2009-09-22 01:00:00,13,,0.6,73,8.3,,7.408,11.112,,200,,,0,,,,,,,0,og-post,,,,AAXX 22014 07591 24/// /2004 10130 20083 39223 48559 51006 700// 333 60005 90710 91106=
07591,2009-09-22 02:00:00,11.8,,0.2,78,8.1,,3.704,7.408,,290,,,0,,,,,,,0,og-post,,,,AAXX 22024 07591 24/// /2902 10118 20081 39223 48556 51002 700// 333 60005 90710 91104=
07591,2009-09-22 03:00:00,11,,0.2,81,7.9,,3.704,7.408,,220,,,0,0,,,,,,0,og-post,,,,AAXX 22034 07591 24/// /2202 10110 20079 39225 48556 53002 700// 333 60007 90710 91104 555 60005=
07591,2009-09-22 04:00:00,10.5,,0.5,82,7.6,,3.704,7.408,,180,,,0,,,,,,,0,og-post,,,,AAXX 22044 07591 24/// /1802 10105 20076 39228 48557 53005 700// 333 60005 90710 91104=
07591,2009-09-22 05:00:00,9.7,,0.6,82,6.8,,,7.408,,,,,0,,,,,,,0,og-post,,,,AAXX 22054 07591 24/// /0000 10097 20068 39229 48556 51006 700// 333 60005 90710 91104=
07591,2009-09-22 06:00:00,10,,0.7,84,7.4,,,3.704,,,9.6,18.5,0,0,,,0,3.9,6,0,og-post,,,,AAXX 22064 07591 04/// /0000 10100 20074 39232 48560 52007 60002 700// 333 10185 20096 3/006 55039 60007 70000 90710 91102 555 60005=
07591,2009-09-22 07:00:00,12.2,,0.6,72,7.3,,3.704,7.408,,220,,,0,,,,,,,0,og-post,,,,AAXX 22074 07591 24/// /2202 10122 20073 39234 48567 53006 700// 333 60005 90710 91104=
07591,2009-09-22 08:00:00,18.8,,0.3,40,4.9,,18.52,35.188,,20,,,0,,,,,,,0,og-post,,,,AAXX 22084 07591 24/// /0210 10188 20049 39232 48580 50003 700// 333 60005 90710 91119=
07591,2009-09-22 09:00:00,21.4,,0.2,31,3.6,,22.224,38.892,,30,,,0,0,,,,,,0,og-post,,,,AAXX 22094 07591 24/// /0312 10214 20036 39234 48588 52002 700// 333 60007 90710 91121 555 60005=
07591,2009-09-22 10:00:00,22.9,,-0,22,0.1,,25.928,38.892,,30,,,0,,,,,,,0,og-post,,,,AAXX 22104 07591 24/// /0314 10229 20001 39234 48591 55000 700// 333 60005 90710 91121=
07591,2009-09-22 11:00:00,23.9,,0,19,-1.1,,25.928,38.892,,10,,,0,,,,,,,0,og-post,,,,AAXX 22114 07591 24/// /0114 10239 21011 39232 48592 50000 700// 333 60005 90710 91121=
07591,2009-09-22 12:00:00,24.7,,-0.7,17,-2,,22.224,35.188,,30,,,0,0,,,,,,0,og-post,,,,AAXX 22124 07591 04/// /0312 10247 21020 39227 48589 58007 60001 700// 333 60007 90710 91119 555 60005=
07591,2009-09-22 13:00:00,25.6,,-1.1,16,-2.1,,18.52,31.484,,10,,,0,,,,,,,0,og-post,,,,AAXX 22134 07591 24/// /0110 10256 21021 39223 48587 58011 700// 333 60005 90710 91117=
07591,2009-09-22 14:00:00,26.2,,-1.2,14,-3.4,,14.816,35.188,,30,,,0,,,,,,,0,og-post,,,,AAXX 22144 07591 24/// /0308 10262 21034 39220 48586 56012 700// 333 60005 90710 91119=
07591,2009-09-22 15:00:00,26,,-1,15,-2.6,,18.52,29.632,,10,,,0,0,,,,,,0,og-post,,,,AAXX 22154 07591 24/// /0110 10260 21026 39217 48583 56010 700// 333 60007 90710 91116 555 60005=
07591,2009-09-22 16:00:00,25.9,,-0.4,14,-3.6,,3.704,22.224,,320,,,0,,,,,,,0,og-post,,,,AAXX 22164 07591 24/// /3202 10259 21036 39219 48584 55004 700// 333 60005 90710 91112=
07591,2009-09-22 17:00:00,22.8,,0.4,27,2.8,,11.112,29.632,,270,,,0,,,,,,,0,og-post,,,,AAXX 22174 07591 24/// /2706 10228 20028 39224 48582 53004 700// 333 60005 90710 91116=
07591,2009-09-22 18:00:00,20.2,,1.7,37,5.1,,7.408,25.928,,210,10,26.3,0,0,,,,,,0,og-post,,,,AAXX 22184 07591 04/// /2104 10202 20051 39234 48586 53017 60002 700// 333 10263 20100 60007 90710 91114 555 60005=
07591,2009-09-22 19:00:00,17.9,,2.5,46,6.1,,,11.112,,,,,0,,,,,,,0,og-post,,,,AAXX 22194 07591 24/// /0000 10179 20061 39244 48589 53025 700// 333 60005 90710 91106=
07591,2009-09-22 20:00:00,15.8,,3,54,6.5,,3.704,11.112,,360,,,0,,,,,,,0,og-post,,,,AAXX 22204 07591 24/// /3602 10158 20065 39254 48593 52030 700// 333 60005 90710 91106=
07591,2009-09-22 21:00:00,15,,2.3,52,5.2,,11.112,14.816,,50,,,0,0,,,,,,0,og-post,,,,AAXX 22214 07591 24/// /0506 10150 20052 39257 48594 51023 700// 333 60007 90710 91108 555 60005=
07591,2009-09-22 22:00:00,14.1,,1.4,52,4.4,,3.704,18.52,,10,,,0,,,,,,,0,og-post,,,,AAXX 22224 07591 24/// /0102 10141 20044 39258 48592 51014 700// 333 60005 90710 91110=
07591,2009-09-22 23:00:00,14.7,,0.6,43,2.3,,11.112,22.224,,10,,,0,,,,,,,0,og-post,,,,AAXX 22234 07591 24/// /0106 10147 20023 39260 48595 51006 700// 333 60005 90710 91112=
07591,2009-09-23 00:00:00,15,,0.2,42,2.2,,22.224,31.484,,20,,,0,0,,,,,,0,og-post,,,,AAXX 23004 07591 04/// /0212 10150 20022 39259 48595 50002 60001 700// 333 60007 90710 91117 555 60005=
07591,2009-09-23 01:00:00,14,,0.1,45,2.3,,14.816,29.632,,40,,,0,,,,,,,0,og-post,,,,AAXX 23014 07591 24/// /0408 10140 20023 39259 48593 51001 700// 333 60005 90710 91116=
07591,2009-09-23 02:00:00,11.8,,-0.1,55,3.1,,7.408,22.224,,70,,,0,,,,,,,0,og-post,,,,AAXX 23024 07591 24/// /0704 10118 20031 39259 48587 56001 700// 333 60005 90710 91112=
07591,2009-09-23 03:00:00,10.8,,-0.2,58,2.9,,7.408,14.816,,50,,,0,0,,,,,,0,og-post,,,,AAXX 23034 07591 24/// /0504 10108 20029 39257 48583 58002 700// 333 60007 90710 91108 555 60005=
07591,2009-09-23 04:00:00,10.3,,-0.1,58,2.4,,7.408,14.816,,50,,,0,,,,,,,0,og-post,,,,AAXX 23044 07591 24/// /0504 10103 20024 39258 48583 55001 700// 333 60005 90710 91108=
07591,2009-09-23 05:00:00,9.5,,-0,62,2.6,,3.704,22.224,,150,,,0,,,,,,,0,og-post,,,,AAXX 23054 07591 24/// /1502 10095 20026 39259 48581 55000 700// 333 60005 90710 91112=
07591,2009-09-23 06:00:00,8.8,,0.5,62,1.9,,7.408,14.816,,50,8.7,20.1,0,0,,,0,10.7,5,0,og-post,,,,AAXX 23064 07591 04/// /0504 10088 20019 39262 48582 53005 60002 700// 333 10201 20087 3/005 55107 60007 70000 90710 91108 555 60005=
07591,2009-09-23 07:00:00,13.2,,0.5,44,1.2,,11.112,22.224,,70,,,0,,,,,,,0,og-post,,,,AAXX 23074 07591 24/// /0706 10132 20012 39263 48594 52005 700// 333 60005 90710 91112=
07591,2009-09-23 08:00:00,15.9,,0.4,37,1.2,,11.112,25.928,,70,,,0,,,,,,,0,og-post,,,,AAXX 23084 07591 24/// /0706 10159 20012 39263 48601 51004 700// 333 60005 90710 91114=
07591,2009-09-23 09:00:00,18.8,,-0.1,29,0.4,,7.408,25.928,,130,,,0,0,,,,,,0,og-post,,,,AAXX 23094 07591 24/// /1304 10188 20004 39261 48606 58001 700// 333 60007 90710 91114 555 60005=
07591,2009-09-23 10:00:00,20.4,,-0.6,26,0.3,,7.408,14.816,,180,,,0,,,,,,,0,og-post,,,,AAXX 23104 07591 24/// /1804 10204 20003 39257 48606 58006 700// 333 60005 90710 91108=
07591,2009-09-23 11:00:00,22.7,,-1.6,26,2.2,,7.408,14.816,,190,,,0,,,,,,,0,og-post,,,,AAXX 23114 07591 24/// /1904 10227 20022 39247 48603 58016 700// 333 60005 90710 91108=
07591,2009-09-23 12:00:00,23.8,,-2.3,23,1.4,,11.112,18.52,,220,,,0,0,,,,,,0,og-post,,,,AAXX 23124 07591 04/// /2206 10238 20014 39238 48597 58023 60001 700// 333 60007 90710 91110 555 60005=
07591,2009-09-23 13:00:00,24.9,,-2.8,20,0.4,,14.816,22.224,,220,,,0,,,,,,,0,og-post,,,,AAXX 23134 07591 24/// /2208 10249 20004 39229 48592 56028 700// 333 60005 90710 91112=
07591,2009-09-23 14:00:00,25.4,,-2.4,21,1.5,,18.52,31.484,,210,,,0,,,,,,,0,og-post,,,,AAXX 23144 07591 24/// /2110 10254 20015 39223 48587 56024 700// 333 60005 90710 91117=
07591,2009-09-23 15:00:00,26,,-2,17,-0.9,,14.816,29.632,,220,,,0,0,,,,,,0,og-post,,,,AAXX 23154 07591 24/// /2208 10260 21009 39218 48584 56020 700// 333 60007 90710 91116 555 60005=
07591,2009-09-23 16:00:00,24.8,,-1.2,20,0.3,,14.816,31.484,,220,,,0,,,,,,,0,og-post,,,,AAXX 23164 07591 24/// /2208 10248 20003 39217 48580 56012 700// 333 60005 90710 91117=
07591,2009-09-23 17:00:00,22.3,,-0.3,37,6.9,,14.816,29.632,,210,,,0,,,,,,,0,og-post,,,,AAXX 23174 07591 24/// /2108 10223 20069 39220 48578 55003 700// 333 60005 90710 91116=
07591,2009-09-23 18:00:00,20.3,,0.6,39,5.9,,7.408,25.928,,210,8.9,26,0,0,,,,,,0,og-post,,,,AAXX 23184 07591 04/// /2104 10203 20059 39224 48577 53006 60002 700// 333 10260 20089 60007 90710 91114 555 60005=
07591,2009-09-23 19:00:00,17.6,,1.5,51,7.4,,7.408,11.112,,350,,,0,,,,,,,0,og-post,,,,AAXX 23194 07591 24/// /3504 10176 20074 39232 48578 53015 700// 333 60005 90710 91106=
07591,2009-09-23 20:00:00,16.4,,1.2,55,7.3,,3.704,7.408,,20,,,0,,,,,,,0,og-post,,,,AAXX 23204 07591 24/// /0202 10164 20073 39232 48575 51012 700// 333 60005 90710 91104=
07591,2009-09-23 21:00:00,15.5,,0.5,58,7.3,,7.408,11.112,,50,,,0,0,,,,,,0,og-post,,,,AAXX 23214 07591 24/// /0504 10155 20073 39229 48570 50005 700// 333 60007 90710 91106 555 60005=
07591,2009-09-23 22:00:00,14,,-0.1,65,7.5,,,11.112,,,,,0,,,,,,,0,og-post,,,,AAXX 23224 07591 24/// /0000 10140 20075 39231 48568 55001 700// 333 60005 90710 91106=
07591,2009-09-23 23:00:00,13.1,,0.2,67,7.1,,3.704,7.408,,30,,,0,,,,,,,0,og-post,,,,AAXX 23234 07591 24/// /0302 10131 20071 39234 48569 53002 700// 333 60005 90710 91104=
07591,2009-09-24 00:00:00,12.2,,0.4,71,7.1,,3.704,11.112,,20,,,0,0,,,,,,0,og-post,,,,AAXX 24004 07591 04/// /0202 10122 20071 39233 48566 50004 60001 700// 333 60007 90710 91106 555 60005=
07591,2009-09-24 01:00:00,13.2,,-0.8,61,5.9,,14.816,22.224,,20,,,0,,,,,,,0,og-post,,,,AAXX 24014 07591 24/// /0208 10132 20059 39223 48559 58008 700// 333 60005 90710 91112=
07591,2009-09-24 02:00:00,14.1,,-1.7,55,5.2,,18.52,29.632,,20,,,0,,,,,,,0,og-post,,,,AAXX 24024 07591 24/// /0210 10141 20052 39217 48556 58017 700// 333 60005 90710 91116=
07591,2009-09-24 03:00:00,13.6,,-2,55,4.7,,14.816,25.928,,30,,,0,0,,,,,,0,og-post,,,,AAXX 24034 07591 24/// /0308 10136 20047 39213 48551 56020 700// 333 60007 90710 91114 555 60005=
07591,2009-09-24 04:00:00,11.7,,-1.2,65,5.3,,7.408,22.224,,80,,,0,,,,,,,0,og-post,,,,AAXX 24044 07591 24/// /0804 10117 20053 39211 48545 56012 700// 333 60005 90710 91112=
07591,2009-09-24 05:00:00,10.3,,-0.7,72,5.5,,3.704,11.112,,290,,,0,,,,,,,0,og-post,,,,AAXX 24054 07591 24/// /2902 10103 20055 39210 48540 56007 700// 333 60005 90710 91106=
07591,2009-09-24 06:00:00,9.8,,-0,75,5.6,,3.704,7.408,,300,9.7,20.3,0,0,,,0,10.5,6,0,og-post,,,,AAXX 24064 07591 04/// /3002 10098 20056 39213 48542 55000 60002 700// 333 10203 20097 3/006 55105 60007 70000 90710 91104 555 60005=
07591,2009-09-24 07:00:00,12.9,,0.5,57,4.6,,3.704,7.408,,80,,,0,,,,,,,0,og-post,,,,AAXX 24074 07591 24/// /0802 10129 20046 39216 48552 53005 700// 333 60005 90710 91104=
07591,2009-09-24 08:00:00,15.5,,0.6,51,5.4,,3.704,11.112,,130,,,0,,,,,,,0,og-post,,,,AAXX 24084 07591 24/// /1302 10155 20054 39216 48558 51006 700// 333 60005 90710 91106=
07591,2009-09-24 09:00:00,19.1,,-0.1,38,4.5,,11.112,14.816,,60,,,0,0,,,,,,0,og-post,,,,AAXX 24094 07591 24/// /0606 10191 20045 39212 48563 58001 700// 333 60007 90710 91108 555 60005=
07591,2009-09-24 10:00:00,21.6,,-1.1,34,5.1,,7.408,14.816,,180,,,0,,,,,,,0,og-post,,,,AAXX 24104 07591 24/// /1804 10216 20051 39205 48562 58011 700// 333 60005 90710 91108=
07591,2009-09-24 11:00:00,22.9,,-2,27,2.9,,11.112,18.52,,220,,,0,,,,,,,0,og-post,,,,AAXX 24114 07591 24/// /2206 10229 20029 39196 48556 58020 700// 333 60005 90710 91110=
07591,2009-09-24 12:00:00,24.7,,-2.5,23,2.2,,18.52,25.928,,220,,,0,0,,,,,,0,og-post,,,,AAXX 24124 07591 04/// /2210 10247 20022 39187 48552 58025 60001 700// 333 60007 90710 91114 555 60005=
07591,2009-09-24 13:00:00,25.5,,-2.6,24,3.5,,18.52,31.484,,220,,,0,,,,,,,0,og-post,,,,AAXX 24134 07591 24/// /2210 10255 20035 39179 48546 56026 700// 333 60005 90710 91117=
07591,2009-09-24 14:00:00,25.3,,-2.2,27,5,,18.52,35.188,,210,,,0,,,,,,,0,og-post,,,,AAXX 24144 07591 24/// /2110 10253 20050 39174 48542 56022 700// 333 60005 90710 91119=
07591,2009-09-24 15:00:00,25.4,,-1.8,26,4.5,,18.52,35.188,,220,,,0,0,,,,,,0,og-post,,,,AAXX 24154 07591 24/// /2210 10254 20045 39169 48537 56018 700// 333 60007 90710 91119 555 60005=
07591,2009-09-24 16:00:00,24.3,,-0.9,29,5.1,,18.52,38.892,,220,,,0,,,,,,,0,og-post,,,,AAXX 24164 07591 24/// /2210 10243 20051 39170 48536 55009 700// 333 60005 90710 91121=
07591,2009-09-24 17:00:00,21.9,,0.1,41,8.1,,11.112,31.484,,210,,,0,,,,,,,0,og-post,,,,AAXX 24174 07591 24/// /2106 10219 20081 39175 48535 53001 700// 333 60005 90710 91117=
07591,2009-09-24 18:00:00,20,,1.2,47,8.4,,7.408,22.224,,200,9.7,25.9,0,0,,,,,,0,og-post,,,,AAXX 24184 07591 04/// /2004 10200 20084 39181 48537 53012 60002 700// 333 10259 20097 60007 90710 91112 555 60005=
07591,2009-09-24 19:00:00,18.1,,1.8,54,8.7,,,18.52,,,,,0,,,,,,,0,og-post,,,,AAXX 24194 07591 24/// /0000 10181 20087 39188 48539 53018 700// 333 60005 90710 91110=
07591,2009-09-24 20:00:00,16.2,,1.8,61,8.7,,3.704,7.408,,20,,,0,,,,,,,0,og-post,,,,AAXX 24204 07591 24/// /0202 10162 20087 39193 48539 51018 700// 333 60005 90710 91104=
07591,2009-09-24 21:00:00,15.3,,1.6,64,8.5,,3.704,7.408,,10,,,0,0,,,,,,0,og-post,,,,AAXX 24214 07591 24/// /0102 10153 20085 39197 48541 51016 700// 333 60007 90710 91104 555 60005=
07591,2009-09-24 22:00:00,14.7,,1,67,8.6,,,7.408,,,,,0,,,,,,,0,og-post,,,,AAXX 24224 07591 24/// /0000 10147 20086 39198 48540 51010 700// 333 60005 90710 91104=
07591,2009-09-24 23:00:00,13.7,,0.4,72,8.7,,,7.408,,,,,0,,,,,,,0,og-post,,,,AAXX 24234 07591 24/// /0000 10137 20087 39197 48537 50004 700// 333 60005 90710 91104=
07591,2009-09-25 00:00:00,13,,-0.1,74,8.5,,3.704,7.408,,120,,,0,0,,,,,,0,og-post,,,,AAXX 25004 07591 04/// /1202 10130 20085 39196 48535 58001 60001 700// 333 60007 90710 91104 555 60005=
07591,2009-09-25 01:00:00,12,,-0.3,78,8.3,,3.704,3.704,,360,,,0,,,,,,,0,og-post,,,,AAXX 25014 07591 24/// /3602 10120 20083 39195 48531 57003 700// 333 60005 90710 91102=
07591,2009-09-25 02:00:00,11.4,,-0.2,79,7.9,,3.704,7.408,,40,,,0,,,,,,,0,og-post,,,,AAXX 25024 07591 24/// /0402 10114 20079 39195 48530 56002 700// 333 60005 90710 91104=
07591,2009-09-25 03:00:00,11.3,,-0.4,79,7.8,,7.408,11.112,,30,,,0,0,,,,,,0,og-post,,,,AAXX 25034 07591 24/// /0304 10113 20078 39192 48527 58004 700// 333 60007 90710 91106 555 60005=
07591,2009-09-25 04:00:00,11.6,,-0.5,75,7.3,,11.112,14.816,,60,,,0,,,,,,,0,og-post,,,,AAXX 25044 07591 24/// /0606 10116 20073 39190 48526 58005 700// 333 60005 90710 91108=
07591,2009-09-25 05:00:00,11.3,,-0.5,75,7,,7.408,14.816,,60,,,0,,,,,,,0,og-post,,,,AAXX 25054 07591 24/// /0604 10113 20070 39190 48525 56005 700// 333 60005 90710 91108=
07591,2009-09-25 06:00:00,11.5,,0.1,73,6.8,,7.408,14.816,,80,10.7,20,0,0,,,0,10.5,7,0,og-post,,,,AAXX 25064 07591 04/// /0804 10115 20068 39193 48528 53001 60002 700// 333 10200 20107 3/007 55105 60007 70000 90710 91108 555 60005=
07591,2009-09-25 07:00:00,14.1,,0.5,62,6.9,,11.112,22.224,,80,,,0,,,,,,,0,og-post,,,,AAXX 25074 07591 24/// /0806 10141 20069 39195 48536 53005 700// 333 60005 90710 91112=
07591,2009-09-25 08:00:00,17.2,,0.7,49,6.4,,7.408,22.224,,70,,,0,,,,,,,0,og-post,,,,AAXX 25084 07591 24/// /0704 10172 20064 39197 48545 51007 700// 333 60005 90710 91112=
07591,2009-09-25 09:00:00,20.2,,0.3,38,5.4,,3.704,18.52,,100,,,0,0,,,,,,0,og-post,,,,AAXX 25094 07591 24/// /1002 10202 20054 39196 48551 50003 700// 333 60007 90710 91110 555 60005=
07591,2009-09-25 10:00:00,21.2,,-0.2,39,6.7,,11.112,18.52,,210,,,0,,,,,,,0,og-post,,,,AAXX 25104 07591 24/// /2106 10212 20067 39193 48550 58002 700// 333 60005 90710 91110=
07591,2009-09-25 11:00:00,23.1,,-1,33,6,,14.816,22.224,,210,,,0,,,,,,,0,og-post,,,,AAXX 25114 07591 24/// /2108 10231 20060 39187 48549 58010 700// 333 60005 90710 91112=
07591,2009-09-25 12:00:00,24.3,,-1.6,32,6.6,,18.52,31.484,,210,,,0,0,,,,,,0,og-post,,,,AAXX 25124 07591 04/// /2110 10243 20066 39180 48545 58016 60001 700// 333 60007 90710 91117 555 60005=
07591,2009-09-25 13:00:00,24.7,,-1.7,34,7.8,,22.224,38.892,,220,,,0,,,,,,,0,og-post,,,,AAXX 25134 07591 24/// /2212 10247 20078 39176 48543 56017 700// 333 60005 90710 91121=
07591,2009-09-25 14:00:00,22.7,,-0.9,38,7.7,,22.224,38.892,,230,,,0,,,,,,,0,og-post,,,,AAXX 25144 07591 24/// /2312 10227 20077 39178 48540 55009 700// 333 60005 90710 91121=
07591,2009-09-25 15:00:00,19.5,,-0.3,55,10.2,,7.408,38.892,,180,,,0,0,,,,,,21,og-post,,,,AAXX 25154 07591 24/// /1804 10195 20102 39177 48532 56003 721// 333 60007 90710 91121 555 60005=
07591,2009-09-25 16:00:00,19.1,,1.3,57,10.4,,11.112,22.224,,230,,,0,,,,,,,0,og-post,,,,AAXX 25164 07591 24/// /2306 10191 20104 39189 48543 53013 700// 333 60005 90710 91112=
07591,2009-09-25 17:00:00,16.9,,2.7,66,10.5,,11.112,29.632,,240,,,0,,,,,,,61,og-post,,,,AAXX 25174 07591 24/// /2406 10169 20105 39205 48552 53027 761// 333 60005 90710 91116=
07591,2009-09-25 18:00:00,14.5,,3.9,85,12,,3.704,25.928,,250,11.5,25.1,1,1,,1,,,,63,og-post,,,,AAXX 25184 07591 04/// /2502 10145 20120 39216 48557 51039 60012 763// 333 10251 20115 60017 90710 91114 555 60015=
07591,2009-09-25 19:00:00,14.1,,2.8,87,12,,7.408,11.112,,50,,,0.4,,,,,,,21,og-post,,,,AAXX 25194 07591 24/// /0504 10141 20120 39217 48557 51028 721// 333 69945 90710 91106=
07591,2009-09-25 20:00:00,14,,1.2,87,11.9,,11.112,14.816,,40,,,0,,,,,,,61,og-post,,,,AAXX 25204 07591 24/// /0406 10140 20119 39217 48557 51012 761// 333 60005 90710 91108=
07591,2009-09-25 21:00:00,14.4,,-0.2,79,10.8,,14.816,25.928,,10,,,0,0.4,,,,,,21,og-post,,,,AAXX 25214 07591 24/// /0108 10144 20108 39214 48555 58002 721// 333 69947 90710 91114 555 60005=
07591,2009-09-25 22:00:00,14.9,,-0.2,74,10.3,,22.224,31.484,,20,,,0,,,,,,,60,og-post,,,,AAXX 25224 07591 24/// /0212 10149 20103 39215 48557 55002 760// 333 60005 90710 91117=
07591,2009-09-25 23:00:00,14.4,,-0.4,75,10,,18.52,35.188,,30,,,0.4,,,,,,,61,og-post,,,,AAXX 25234 07591 24/// /0310 10144 20100 39213 48554 56004 761// 333 69945 90710 91119=
07591,2009-09-26 00:00:00,14.2,,-0.3,76,10,,18.52,29.632,,30,,,0.4,0.8,1,,,,,60,og-post,,,,AAXX 26004 07591 04/// /0310 10142 20100 39211 48551 58003 60011 760// 333 69987 90710 91116 555 69945=
07591,2009-09-26 01:00:00,13.9,,-0.3,76,9.7,,14.816,29.632,,50,,,0.2,,,,,,,61,og-post,,,,AAXX 26014 07591 24/// /0508 10139 20097 39212 48551 55003 761// 333 69925 90710 91116=
07591,2009-09-26 02:00:00,14,,-0.2,77,10,,18.52,31.484,,30,,,0,,,,,,,60,og-post,,,,AAXX 26024 07591 24/// /0310 10140 20100 39211 48551 56002 760// 333 60005 90710 91117=
07591,2009-09-26 03:00:00,13.9,,-0.1,76,9.7,,18.52,31.484,,30,,,0,0.2,,,,,,21,og-post,,,,AAXX 26034 07591 24/// /0310 10139 20097 39210 48550 58001 721// 333 69927 90710 91117 555 60005=
07591,2009-09-26 04:00:00,13.9,,-0.3,76,9.7,,18.52,31.484,,20,,,0,,,,,,,0,og-post,,,,AAXX 26044 07591 24/// /0210 10139 20097 39209 48549 57003 700// 333 60005 90710 91117=
07591,2009-09-26 05:00:00,14,,-0,73,9.2,,11.112,29.632,,20,,,0,,,,,,,0,og-post,,,,AAXX 26054 07591 24/// /0206 10140 20092 39211 48551 55000 700// 333 60005 90710 91116=
07591,2009-09-26 06:00:00,13.9,,0.3,73,9.1,,11.112,29.632,,20,13.7,15,0,0,,1,2.8,7.5,12,0,og-post,,,,AAXX 26064 07591 04/// /0206 10139 20091 39213 48552 53003 60012 700// 333 10150 20137 3/012 55075 60007 70028 90710 91116 555 60005=
07591,2009-09-26 07:00:00,14.3,,0.6,70,8.9,,18.52,29.632,,10,,,0,,,,,,,0,og-post,,,,AAXX 26074 07591 24/// /0110 10143 20089 39215 48555 52006 700// 333 60005 90710 91116=
07591,2009-09-26 08:00:00,15.3,,0.9,66,9,,18.52,31.484,,10,,,0,,,,,,,0,og-post,,,,AAXX 26084 07591 24/// /0110 10153 20090 39220 48562 53009 700// 333 60005 90710 91117=
07591,2009-09-26 09:00:00,16.6,,0.6,59,8.6,,7.408,22.224,,60,,,0,0,,,,,,0,og-post,,,,AAXX 26094 07591 24/// /0604 10166 20086 39219 48564 50006 700// 333 60007 90710 91112 555 60005=
07591,2009-09-26 10:00:00,16.7,,0.5,62,9.4,,7.408,11.112,,220,,,0,,,,,,,21,og-post,,,,AAXX 26104 07591 24/// /2204 10167 20094 39220 48565 51005 721// 333 60005 90710 91106=
07591,2009-09-26 11:00:00,16.3,,-0,69,10.6,,3.704,11.112,,160,,,0,,,,,,,0,og-post,,,,AAXX 26114 07591 24/// /1602 10163 20106 39220 48565 55000 700// 333 60005 90710 91106=
07591,2009-09-26 12:00:00,17.1,,-0.2,66,10.7,,,7.408,,,,,0,0,,,,,,61,og-post,,,,AAXX 26124 07591 04/// /0000 10171 20107 39217 48564 58002 60001 761// 333 60007 90710 91104 555 60005=
07591,2009-09-26 13:00:00,18.4,,-0.6,58,10,,7.408,11.112,,70,,,0,,,,,,,0,og-post,,,,AAXX 26134 07591 24/// /0704 10184 20100 39214 48564 58006 700// 333 60005 90710 91106=
07591,2009-09-26 14:00:00,18.4,,-0.8,47,6.9,,22.224,35.188,,360,,,0,,,,,,,0,og-post,,,,AAXX 26144 07591 24/// /3612 10184 20069 39212 48561 56008 700// 333 60005 90710 91119=
07591,2009-09-26 15:00:00,18.1,,-0.3,47,6.6,,18.52,35.188,,360,,,0,0,,,,,,0,og-post,,,,AAXX 26154 07591 24/// /3610 10181 20066 39214 48563 55003 700// 333 60007 90710 91119 555 60005=
07591,2009-09-26 16:00:00,17.5,,0.4,53,7.8,,11.112,35.188,,90,,,0,,,,,,,0,og-post,,,,AAXX 26164 07591 24/// /0906 10175 20078 39218 48565 53004 700// 333 60005 90710 91119=
07591,2009-09-26 17:00:00,14.7,,0.9,77,10.7,,7.408,18.52,,50,,,0.6,,,,,,,61,og-post,,,,AAXX 26174 07591 24/// /0504 10147 20107 39221 48562 53009 761// 333 69965 90710 91110=
07591,2009-09-26 18:00:00,13.7,,1.2,80,10.3,,3.704,7.408,,20,13.7,18.9,0.2,0.8,,0.8,,,,0,og-post,,,,AAXX 26184 07591 04/// /0202 10137 20103 39226 48564 53012 69982 700// 333 10189 20137 69987 90710 91104 555 69925=
07591,2009-09-26 19:00:00,12.7,,1.6,83,9.9,,,11.112,,,,,0,,,,,,,0,og-post,,,,AAXX 26194 07591 24/// /0000 10127 20099 39234 48568 53016 700// 333 60005 90710 91106=
07591,2009-09-26 20:00:00,12.1,,1.9,83,9.3,,3.704,7.408,,40,,,0,,,,,,,0,og-post,,,,AAXX 26204 07591 24/// /0402 10121 20093 39240 48572 53019 700// 333 60005 90710 91104=
07591,2009-09-26 21:00:00,11.1,,1.6,85,8.7,,3.704,7.408,,360,,,0,0,,,,,,0,og-post,,,,AAXX 26214 07591 24/// /3602 10111 20087 39242 48571 51016 700// 333 60007 90710 91104 555 60005=
07591,2009-09-26 22:00:00,10.8,,0.8,83,8,,7.408,14.816,,50,,,0,,,,,,,0,og-post,,,,AAXX 26224 07591 24/// /0504 10108 20080 39242 48571 51008 700// 333 60005 90710 91108=
07591,2009-09-26 23:00:00,11.3,,-0.1,78,7.6,,11.112,14.816,,30,,,0,,,,,,,0,og-post,,,,AAXX 26234 07591 24/// /0306 10113 20076 39239 48569 58001 700// 333 60005 90710 91108=
07591,2009-09-27 00:00:00,12.2,,-0.3,68,6.5,,11.112,18.52,,30,,,0,0,,,,,,0,og-post,,,,AAXX 27004 07591 04/// /0306 10122 20065 39239 48571 57003 60001 700// 333 60007 90710 91110 555 60005=
07591,2009-09-27 01:00:00,13,,-0.5,64,6.4,,18.52,29.632,,20,,,0,,,,,,,0,og-post,,,,AAXX 27014 07591 24/// /0210 10130 20064 39237 48571 56005 700// 333 60005 90710 91116=
07591,2009-09-27 02:00:00,12.7,,-0.4,63,5.8,,18.52,31.484,,20,,,0,,,,,,,0,og-post,,,,AAXX 27024 07591 24/// /0210 10127 20058 39235 48569 58004 700// 333 60005 90710 91117=
07591,2009-09-27 03:00:00,12.2,,-0.3,64,5.6,,14.816,29.632,,20,,,0,0,,,,,,0,og-post,,,,AAXX 27034 07591 24/// /0208 10122 20056 39236 48568 55003 700// 333 60007 90710 91116 555 60005=
07591,2009-09-27 04:00:00,12.6,,-0.1,60,5.1,,14.816,29.632,,20,,,0,,,,,,,0,og-post,,,,AAXX 27044 07591 24/// /0208 10126 20051 39236 48569 56001 700// 333 60005 90710 91116=
07591,2009-09-27 05:00:00,12.5,,0,61,5.2,,22.224,31.484,,10,,,0,,,,,,,0,og-post,,,,AAXX 27054 07591 24/// /0112 10125 20052 39235 48568 50000 700// 333 60005 90710 91117=
07591,2009-09-27 06:00:00,12.2,,-0,63,5.4,,18.52,29.632,,20,10.6,13.7,0,0,,,0.8,0,8,0,og-post,,,,AAXX 27064 07591 04/// /0210 10122 20054 39236 48568 55000 60002 700// 333 10137 20106 3/008 55000 60007 70008 90710 91116 555 60005=
07591,2009-09-27 07:00:00,13.7,,0.1,57,5.3,,11.112,25.928,,20,,,0,,,,,,,0,og-post,,,,AAXX 27074 07591 24/// /0206 10137 20053 39237 48573 53001 700// 333 60005 90710 91114=
07591,2009-09-27 08:00:00,16.5,,0.3,48,5.5,,3.704,18.52,,60,,,0,,,,,,,0,og-post,,,,AAXX 27084 07591 24/// /0602 10165 20055 39238 48580 52003 700// 333 60005 90710 91110=
07591,2009-09-27 09:00:00,18.3,,-0.1,41,4.8,,7.408,14.816,,40,,,0,0,,,,,,0,og-post,,,,AAXX 27094 07591 24/// /0404 10183 20048 39235 48582 58001 700// 333 60007 90710 91108 555 60005=
07591,2009-09-27 10:00:00,20.9,,-0.6,34,4.5,,3.704,14.816,,130,,,0,,,,,,,0,og-post,,,,AAXX 27104 07591 24/// /1302 10209 20045 39231 48584 58006 700// 333 60005 90710 91108=
07591,2009-09-27 11:00:00,21.9,,-1.1,32,4.5,,7.408,14.816,,220,,,0,,,,,,,0,og-post,,,,AAXX 27114 07591 24/// /2204 10219 20045 39227 48583 58011 700// 333 60005 90710 91108=
07591,2009-09-27 12:00:00,22.9,,-1.3,27,2.9,,11.112,22.224,,210,,,0,0,,,,,,0,og-post,,,,AAXX 27124 07591 04/// /2106 10229 20029 39222 48581 58013 60001 700// 333 60007 90710 91112 555 60005=
07591,2009-09-27 13:00:00,23.4,,-1.2,30,4.9,,14.816,29.632,,210,,,0,,,,,,,0,og-post,,,,AAXX 27134 07591 24/// /2108 10234 20049 39219 48579 56012 700// 333 60005 90710 91116=
07591,2009-09-27 14:00:00,22.5,,-1.1,31,4.5,,18.52,31.484,,220,,,0,,,,,,,0,og-post,,,,AAXX 27144 07591 24/// /2210 10225 20045 39216 48574 56011 700// 333 60005 90710 91117=
07591,2009-09-27 15:00:00,20.2,,-0.3,41,6.5,,22.224,35.188,,240,,,0,0,,,,,,0,og-post,,,,AAXX 27154 07591 24/// /2412 10202 20065 39219 48572 55003 700// 333 60007 90710 91119 555 60005=
07591,2009-09-27 16:00:00,19.1,,0.2,46,7.2,,22.224,35.188,,210,,,0,,,,,,,0,og-post,,,,AAXX 27164 07591 24/// /2112 10191 20072 39221 48571 53002 700// 333 60005 90710 91119=
07591,2009-09-27 17:00:00,17.8,,1.4,47,6.3,,14.816,31.484,,220,,,0,,,,,,,0,og-post,,,,AAXX 27174 07591 24/// /2208 10178 20063 39230 48576 53014 700// 333 60005 90710 91117=
07591,2009-09-27 18:00:00,14.5,,2.1,74,9.9,,11.112,25.928,,60,12,23.5,1,1,,1,,,,61,og-post,,,,AAXX 27184 07591 04/// /0606 10145 20099 39240 48578 53021 60012 761// 333 10235 20120 60017 90710 91114 555 60015=
07591,2009-09-27 19:00:00,13.6,,2.7,82,10.6,,11.112,29.632,,40,,,0,,,,,,,61,og-post,,,,AAXX 27194 07591 24/// /0406 10136 20106 39248 48583 51027 761// 333 60005 90710 91116=
07591,2009-09-27 20:00:00,13.1,,1.6,85,10.6,,11.112,18.52,,40,,,0.2,,,,,,,21,og-post,,,,AAXX 27204 07591 24/// /0406 10131 20106 39246 48580 50016 721// 333 69925 90710 91110=
07591,2009-09-27 21:00:00,12.9,,0.6,80,9.5,,14.816,25.928,,60,,,0,0.2,,,,,,0,og-post,,,,AAXX 27214 07591 24/// /0608 10129 20095 39246 48580 51006 700// 333 69927 90710 91114 555 60005=
07591,2009-09-27 22:00:00,12.5,,-0.7,80,9.1,,7.408,22.224,,30,,,0,,,,,,,0,og-post,,,,AAXX 27224 07591 24/// /0304 10125 20091 39241 48574 58007 700// 333 60005 90710 91112=
07591,2009-09-27 23:00:00,12.7,,-0.5,72,7.8,,18.52,29.632,,20,,,0,,,,,,,0,og-post,,,,AAXX 27234 07591 24/// /0210 10127 20078 39241 48574 57005 700// 333 60005 90710 91116=
07591,2009-09-28 00:00:00,12.1,,-0.8,74,7.6,,14.816,29.632,,30,,,0,0,0.2,,,,,0,og-post,,,,AAXX 28004 07591 04/// /0308 10121 20076 39238 48570 56008 69921 700// 333 60007 90710 91116 555 60005=
07591,2009-09-28 01:00:00,12.2,,-0.3,70,6.9,,14.816,25.928,,30,,,0,,,,,,,0,og-post,,,,AAXX 28014 07591 24/// /0308 10122 20069 39238 48570 57003 700// 333 60005 90710 91114=
07591,2009-09-28 02:00:00,11.4,,-0.5,72,6.5,,14.816,29.632,,40,,,0,,,,,,,0,og-post,,,,AAXX 28024 07591 24/// /0408 10114 20065 39236 48566 56005 700// 333 60005 90710 91116=
07591,2009-09-28 03:00:00,11.5,,-0.3,68,5.8,,18.52,38.892,,30,,,0,0,,,,,,0,og-post,,,,AAXX 28034 07591 24/// /0310 10115 20058 39235 48566 58003 700// 333 60007 90710 91121 555 60005=
07591,2009-09-28 04:00:00,11.5,,-0.3,66,5.4,,22.224,35.188,,30,,,0,,,,,,,0,og-post,,,,AAXX 28044 07591 24/// /0312 10115 20054 39235 48566 56003 700// 333 60005 90710 91119=
07591,2009-09-28 05:00:00,10.9,,0.2,66,4.8,,18.52,29.632,,10,,,0,,,,,,,0,og-post,,,,AAXX 28054 07591 24/// /0110 10109 20048 39238 48567 53002 700// 333 60005 90710 91116=
07591,2009-09-28 06:00:00,10.8,,0.3,66,4.7,,14.816,35.188,,20,10.5,14.6,0,0,,0.2,1.6,7.9,9,0,og-post,,,,AAXX 28064 07591 04/// /0208 10108 20047 39238 48566 52003 69922 700// 333 10146 20105 3/009 55079 60007 70016 90710 91119 555 60005=
07591,2009-09-28 07:00:00,12.4,,0.4,56,3.9,,22.224,35.188,,20,,,0,,,,,,,0,og-post,,,,AAXX 28074 07591 24/// /0212 10124 20039 39239 48571 51004 700// 333 60005 90710 91119=
07591,2009-09-28 08:00:00,14.4,,-0.1,52,4.7,,14.816,29.632,,40,,,0,,,,,,,0,og-post,,,,AAXX 28084 07591 24/// /0408 10144 20047 39237 48574 58001 700// 333 60005 90710 91116=
07591,2009-09-28 09:00:00,17,,0.1,43,4.3,,7.408,25.928,,90,,,0,0,,,,,,0,og-post,,,,AAXX 28094 07591 24/// /0904 10170 20043 39239 48582 53001 700// 333 60007 90710 91114 555 60005=
07591,2009-09-28 10:00:00,18.5,,-0.2,37,3.6,,7.408,14.816,,170,,,0,,,,,,,0,og-post,,,,AAXX 28104 07591 24/// /1704 10185 20036 39237 48584 57002 700// 333 60005 90710 91108=
07591,2009-09-28 11:00:00,20.1,,-0.8,36,4.6,,7.408,18.52,,240,,,0,,,,,,,0,og-post,,,,AAXX 28114 07591 24/// /2404 10201 20046 39229 48581 58008 700// 333 60005 90710 91110=
07591,2009-09-28 12:00:00,22,,-1.7,30,3.6,,14.816,29.632,,210,,,0,0,,,,,,0,og-post,,,,AAXX 28124 07591 04/// /2108 10220 20036 39222 48579 58017 60001 700// 333 60007 90710 91116 555 60005=
07591,2009-09-28 13:00:00,22.8,,-2.1,28,3.4,,18.52,35.188,,210,,,0,,,,,,,0,og-post,,,,AAXX 28134 07591 24/// /2110 10228 20034 39216 48575 56021 700// 333 60005 90710 91119=
07591,2009-09-28 14:00:00,23.2,,-1.6,27,3.2,,18.52,31.484,,210,,,0,,,,,,,0,og-post,,,,AAXX 28144 07591 24/// /2110 10232 20032 39213 48573 56016 700// 333 60005 90710 91117=
07591,2009-09-28 15:00:00,23.3,,-1.5,26,2.7,,14.816,29.632,,220,,,0,0,,,,,,0,og-post,,,,AAXX 28154 07591 24/// /2208 10233 20027 39207 48568 57015 700// 333 60007 90710 91116 555 60005=
07591,2009-09-28 16:00:00,22.1,,-1,29,3.3,,14.816,29.632,,220,,,0,,,,,,,0,og-post,,,,AAXX 28164 07591 24/// /2208 10221 20033 39206 48564 56010 700// 333 60005 90710 91116=
07591,2009-09-28 17:00:00,19.8,,-0.5,38,5.1,,7.408,25.928,,200,,,0,,,,,,,0,og-post,,,,AAXX 28174 07591 24/// /2004 10198 20051 39208 48561 55005 700// 333 60005 90710 91114=
07591,2009-09-28 18:00:00,17.1,,0.4,49,6.3,,,14.816,,,10.5,23.6,0,0,,,,,,0,og-post,,,,AAXX 28184 07591 04/// /0000 10171 20063 39211 48557 53004 60002 700// 333 10236 20105 60007 90710 91108 555 60005=
07591,2009-09-28 19:00:00,14.9,,1.1,56,6.2,,,7.408,,,,,0,,,,,,,0,og-post,,,,AAXX 28194 07591 24/// /0000 10149 20062 39217 48558 53011 700// 333 60005 90710 91104=
07591,2009-09-28 20:00:00,13.9,,1.2,60,6.3,,,7.408,,,,,0,,,,,,,0,og-post,,,,AAXX 28204 07591 24/// /0000 10139 20063 39220 48558 52012 700// 333 60005 90710 91104=
07591,2009-09-28 21:00:00,13.2,,0.9,64,6.5,,,11.112,,,,,0,0,,,,,,0,og-post,,,,AAXX 28214 07591 24/// /0000 10132 20065 39220 48556 51009 700// 333 60007 90710 91106 555 60005=
07591,2009-09-28 22:00:00,11.9,,0.6,70,6.6,,,3.704,,,,,0,,,,,,,0,og-post,,,,AAXX 28224 07591 24/// /0000 10119 20066 39223 48556 52006 700// 333 60005 90710 91102=
07591,2009-09-28 23:00:00,11.4,,0.3,70,6.1,,3.704,14.816,,20,,,0,,,,,,,0,og-post,,,,AAXX 28234 07591 24/// /0202 10114 20061 39223 48555 52003 700// 333 60005 90710 91108=
07591,2009-09-29 00:00:00,10.9,,0,73,6.3,,,7.408,,,,,0,0,,,,,,0,og-post,,,,AAXX 29004 07591 04/// /0000 10109 20063 39220 48551 50000 60001 700// 333 60007 90710 91104 555 60005=
07591,2009-09-29 01:00:00,9.9,,-0.3,77,6.1,,3.704,11.112,,20,,,0,,,,,,,0,og-post,,,,AAXX 29014 07591 24/// /0202 10099 20061 39220 48548 57003 700// 333 60005 90710 91106=
07591,2009-09-29 02:00:00,9.6,,-0.4,76,5.6,,7.408,11.112,,60,,,0,,,,,,,0,og-post,,,,AAXX 29024 07591 24/// /0604 10096 20056 39219 48547 56004 700// 333 60005 90710 91106=
07591,2009-09-29 03:00:00,10,,-0.3,73,5.4,,14.816,18.52,,50,,,0,0,,,,,,0,og-post,,,,AAXX 29034 07591 24/// /0508 10100 20054 39217 48546 58003 700// 333 60007 90710 91110 555 60005=
07591,2009-09-29 04:00:00,10.1,,-0.3,71,5.1,,11.112,18.52,,50,,,0,,,,,,,0,og-post,,,,AAXX 29044 07591 24/// /0506 10101 20051 39217 48546 56003 700// 333 60005 90710 91110=
07591,2009-09-29 05:00:00,9.7,,-0.6,72,4.9,,11.112,22.224,,50,,,0,,,,,,,0,og-post,,,,AAXX 29054 07591 24/// /0506 10097 20049 39213 48542 58006 700// 333 60005 90710 91112=
07591,2009-09-29 06:00:00,10.9,,-0.6,65,4.6,,18.52,31.484,,30,9.2,17,0,0,,,0,10.6,7,0,og-post,,,,AAXX 29064 07591 04/// /0310 10109 20046 39211 48543 58006 60002 700// 333 10170 20092 3/007 55106 60007 70000 90710 91117 555 60005=
07591,2009-09-29 07:00:00,12.9,,-0.6,55,4.1,,22.224,38.892,,30,,,0,,,,,,,0,og-post,,,,AAXX 29074 07591 24/// /0312 10129 20041 39211 48547 56006 700// 333 60005 90710 91121=
07591,2009-09-29 08:00:00,14.9,,-0.3,49,4.3,,18.52,42.596,,30,,,0,,,,,,,0,og-post,,,,AAXX 29084 07591 24/// /0310 10149 20043 39210 48551 56003 700// 333 60005 90710 91123=
07591,2009-09-29 09:00:00,18,,-0.5,41,4.6,,11.112,25.928,,80,,,0,0,,,,,,0,og-post,,,,AAXX 29094 07591 24/// /0806 10180 20046 39206 48555 58005 700// 333 60007 90710 91114 555 60005=
07591,2009-09-29 10:00:00,20,,-0.7,35,4.1,,7.408,18.52,,170,,,0,,,,,,,0,og-post,,,,AAXX 29104 07591 24/// /1704 10200 20041 39204 48557 58007 700// 333 60005 90710 91110=
07591,2009-09-29 11:00:00,21.5,,-1.2,34,5,,11.112,18.52,,220,,,0,,,,,,,0,og-post,,,,AAXX 29114 07591 24/// /2206 10215 20050 39198 48555 58012 700// 333 60005 90710 91110=
07591,2009-09-29 12:00:00,23.5,,-1.6,27,3.4,,11.112,18.52,,200,,,0,0,,,,,,0,og-post,,,,AAXX 29124 07591 04/// /2006 10235 20034 39190 48552 58016 60001 700// 333 60007 90710 91110 555 60005=
07591,2009-09-29 13:00:00,25,,-2.3,24,3,,11.112,25.928,,210,,,0,,,,,,,0,og-post,,,,AAXX 29134 07591 24/// /2106 10250 20030 39181 48547 58023 700// 333 60005 90710 91114=
07591,2009-09-29 14:00:00,25.6,,-2.1,20,1,,14.816,29.632,,230,,,0,,,,,,,0,og-post,,,,AAXX 29144 07591 24/// /2308 10256 20010 39177 48544 56021 700// 333 60005 90710 91116=
07591,2009-09-29 15:00:00,25.4,,-1.5,17,-1.4,,14.816,31.484,,220,,,0,0,,,,,,0,og-post,,,,AAXX 29154 07591 24/// /2208 10254 21014 39175 48542 56015 700// 333 60007 90710 91117 555 60005=
07591,2009-09-29 16:00:00,23.7,,-0.6,23,1.4,,14.816,29.632,,210,,,0,,,,,,,0,og-post,,,,AAXX 29164 07591 24/// /2108 10237 20014 39175 48538 56006 700// 333 60005 90710 91116=
07591,2009-09-29 17:00:00,21,,0.3,31,3.2,,11.112,25.928,,200,,,0,,,,,,,0,og-post,,,,AAXX 29174 07591 24/// /2006 10210 20032 39180 48537 53003 700// 333 60005 90710 91114=
07591,2009-09-29 18:00:00,17.9,,0.8,40,4.1,,7.408,14.816,,350,11,26,0,0,,,,,,0,og-post,,,,AAXX 29184 07591 04/// /3504 10179 20041 39183 48533 53008 60002 700// 333 10260 20110 60007 90710 91108 555 60005=
07591,2009-09-29 19:00:00,16.1,,1.1,45,4.2,,7.408,11.112,,360,,,0,,,,,,,0,og-post,,,,AAXX 29194 07591 24/// /3604 10161 20042 39186 48532 51011 700// 333 60005 90710 91106=
07591,2009-09-29 20:00:00,14.5,,1.1,51,4.5,,,7.408,,,,,0,,,,,,,0,og-post,,,,AAXX 29204 07591 24/// /0000 10145 20045 39191 48533 53011 700// 333 60005 90710 91104=
07591,2009-09-29 21:00:00,13.6,,0.9,54,4.5,,7.408,11.112,,30,,,0,0,,,,,,0,og-post,,,,AAXX 29214 07591 24/// /0304 10136 20045 39192 48532 51009 700// 333 60007 90710 91106 555 60005=
07591,2009-09-29 22:00:00,13.2,,0.8,56,4.6,,3.704,11.112,,360,,,0,,,,,,,0,og-post,,,,AAXX 29224 07591 24/// /3602 10132 20046 39194 48533 51008 700// 333 60005 90710 91106=
07591,2009-09-29 23:00:00,12.2,,0.3,58,4.2,,,14.816,,,,,0,,,,,,,0,og-post,,,,AAXX 29234 07591 24/// /0000 10122 20042 39194 48530 51003 700// 333 60005 90710 91108=
07591,2009-09-30 00:00:00,11.7,,-0.1,60,4.2,,14.816,22.224,,50,,,0,0,,,,,,0,og-post,,,,AAXX 30004 07591 04/// /0508 10117 20042 39191 48526 58001 60001 700// 333 60007 90710 91112 555 60005=
07591,2009-09-30 01:00:00,11.4,,-0.2,60,3.9,,11.112,18.52,,40,,,0,,,,,,,0,og-post,,,,AAXX 30014 07591 24/// /0406 10114 20039 39192 48527 55002 700// 333 60005 90710 91110=
07591,2009-09-30 02:00:00,10.9,,-0.5,62,3.9,,11.112,18.52,,50,,,0,,,,,,,0,og-post,,,,AAXX 30024 07591 24/// /0506 10109 20039 39189 48523 57005 700// 333 60005 90710 91110=
07591,2009-09-30 03:00:00,10.9,,-0.4,61,3.7,,14.816,22.224,,50,,,0,0,,,,,,0,og-post,,,,AAXX 30034 07591 24/// /0508 10109 20037 39187 48521 58004 700// 333 60007 90710 91112 555 60005=
07591,2009-09-30 04:00:00,11.1,,-0.8,59,3.4,,14.816,25.928,,50,,,0,,,,,,,0,og-post,,,,AAXX 30044 07591 24/// /0508 10111 20034 39184 48519 57008 700// 333 60005 90710 91114=
07591,2009-09-30 05:00:00,11.2,,-0.7,57,3,,14.816,31.484,,40,,,0,,,,,,,0,og-post,,,,AAXX 30054 07591 24/// /0408 10112 20030 39182 48517 57007 700// 333 60005 90710 91117=
07591,2009-09-30 06:00:00,11.2,,-0.3,58,3.3,,14.816,35.188,,30,10.5,17.9,0,0,,,0,10.6,8,0,og-post,,,,AAXX 30064 07591 04/// /0308 10112 20033 39184 48519 55003 60002 700// 333 10179 20105 3/008 55106 60007 70000 90710 91119 555 60005=
07591,2009-09-30 07:00:00,13.2,,0.2,50,3,,11.112,29.632,,60,,,0,,,,,,,0,og-post,,,,AAXX 30074 07591 24/// /0606 10132 20030 39186 48525 53002 700// 333 60005 90710 91116=
07591,2009-09-30 08:00:00,15.5,,0.7,44,3.3,,11.112,31.484,,60,,,0,,,,,,,0,og-post,,,,AAXX 30084 07591 24/// /0606 10155 20033 39189 48533 53007 700// 333 60005 90710 91117=
07591,2009-09-30 09:00:00,17.7,,0.2,35,2.1,,7.408,18.52,,70,,,0,0,,,,,,0,og-post,,,,AAXX 30094 07591 24/// /0704 10177 20021 39186 48535 50002 700// 333 60007 90710 91110 555 60005=
07591,2009-09-30 10:00:00,20,,-0.4,30,1.9,,7.408,14.816,,190,,,0,,,,,,,0,og-post,,,,AAXX 30104 07591 24/// /1904 10200 20019 39182 48537 58004 700// 333 60005 90710 91108=
07591,2009-09-30 11:00:00,22.4,,-1.4,31,4.5,,11.112,18.52,,200,,,0,,,,,,,0,og-post,,,,AAXX 30114 07591 24/// /2006 10224 20045 39175 48536 58014 700// 333 60005 90710 91110=
07591,2009-09-30 12:00:00,24.5,,-2,20,0.1,,14.816,25.928,,210,,,0,0,,,,,,0,og-post,,,,AAXX 30124 07591 04/// /2108 10245 20001 39166 48532 58020 60001 700// 333 60007 90710 91114 555 60005=
07591,2009-09-30 13:00:00,25.6,,-2.3,17,-1.2,,18.52,31.484,,220,,,0,,,,,,,0,og-post,,,,AAXX 30134 07591 24/// /2210 10256 21012 39159 48527 57023 700// 333 60005 90710 91117=
07591,2009-09-30 14:00:00,25.6,,-1.9,16,-2.1,,18.52,35.188,,220,,,0,,,,,,,0,og-post,,,,AAXX 30144 07591 24/// /2210 10256 21021 39156 48524 56019 700// 333 60005 90710 91119=
07591,2009-09-30 15:00:00,25.2,,-1.3,14,-4.2,,14.816,31.484,,240,,,0,0,,,,,,0,og-post,,,,AAXX 30154 07591 24/// /2408 10252 21042 39153 48520 56013 700// 333 60007 90710 91117 555 60005=
07591,2009-09-30 16:00:00,24,,-0.5,16,-3.3,,14.816,31.484,,230,,,0,,,,,,,0,og-post,,,,AAXX 30164 07591 24/// /2308 10240 21033 39154 48519 55005 700// 333 60005 90710 91117=
07591,2009-09-30 17:00:00,20.9,,-0.1,25,0.2,,11.112,29.632,,210,,,0,,,,,,,0,og-post,,,,AAXX 30174 07591 24/// /2106 10209 20002 39155 48513 55001 700// 333 60005 90710 91116=
07591,2009-09-30 18:00:00,17.7,,0.7,36,2.5,,3.704,14.816,,280,11.2,25.8,0,0,,,,,,0,og-post,,,,AAXX 30184 07591 04/// /2802 10177 20025 39160 48511 53007 60002 700// 333 10258 20112 60007 90710 91108 555 60005=
07591,2009-09-30 19:00:00,16.5,,1.1,38,2.2,,7.408,11.112,,260,,,0,,,,,,,0,og-post,,,,AAXX 30194 07591 24/// /2604 10165 20022 39165 48513 53011 700// 333 60005 90710 91106=
07591,2009-09-30 20:00:00,15.3,,1.6,44,3.1,,,11.112,,,,,0,,,,,,,0,og-post,,,,AAXX 30204 07591 24/// /0000 10153 20031 39171 48516 53016 700// 333 60005 90710 91106=
07591,2009-09-30 21:00:00,14.1,,1.4,52,4.4,,,,,,,,0,0,,,,,,0,og-post,,,,AAXX 30214 07591 24/// /0000 10141 20044 39174 48517 51014 700// 333 60007 90710 91100 555 60005=
07591,2009-09-30 22:00:00,13.1,,0.8,57,4.8,,,7.408,,,,,0,,,,,,,0,og-post,,,,AAXX 30224 07591 24/// /0000 10131 20048 39173 48513 50008 700// 333 60005 90710 91104=
07591,2009-09-30 23:00:00,12.2,,0.5,64,5.6,,,7.408,,,,,0,,,,,,,0,og-post,,,,AAXX 30234 07591 24/// /0000 10122 20056 39176 48514 52005 700// 333 60005 90710 91104=
07591,2009-10-01 00:00:00,11.7,,0.1,65,5.3,,,,,,,,0,0,,,,,,0,og-post,,,,AAXX 01004 07591 04/// /0000 10117 20053 39175 48512 52001 60001 700// 333 60007 90710 91100 555 60005=
07591,2009-10-01 01:00:00,11.1,,-0.2,61,3.9,,7.408,18.52,,40,,,0,,,,,,,0,og-post,,,,AAXX 01014 07591 24/// /0404 10111 20039 39171 48507 58002 700// 333 60005 90710 91110=
07591,2009-10-01 02:00:00,11.3,,-0.9,58,3.3,,14.816,22.224,,50,,,0,,,,,,,0,og-post,,,,AAXX 01024 07591 24/// /0508 10113 20033 39167 48504 58009 700// 333 60005 90710 91112=
07591,2009-10-01 03:00:00,11.5,,-0.9,56,3,,14.816,25.928,,30,,,0,0,,,,,,0,og-post,,,,AAXX 01034 07591 24/// /0308 10115 20030 39166 48503 56009 700// 333 60007 90710 91114 555 60005=
07591,2009-10-01 04:00:00,10.3,,-0.8,64,3.8,,11.112,18.52,,50,,,0,,,,,,,0,og-post,,,,AAXX 01044 07591 24/// /0506 10103 20038 39163 48498 56008 700// 333 60005 90710 91110=
07591,2009-10-01 05:00:00,10.7,,-0.7,61,3.5,,14.816,22.224,,20,,,0,,,,,,,0,og-post,,,,AAXX 01054 07591 24/// /0208 10107 20035 39160 48496 58007 700// 333 60005 90710 91112=
07591,2009-10-01 06:00:00,10.5,,-0.4,63,3.8,,11.112,22.224,,40,10,17.6,0,0,,,0,10.5,8,0,og-post,,,,AAXX 01064 07591 04/// /0406 10105 20038 39162 48498 55004 60002 700// 333 10176 20100 3/008 55105 60007 70000 90710 91112 555 60005=
07591,2009-10-01 07:00:00,12.4,,0.1,56,3.9,,14.816,29.632,,50,,,0,,,,,,,0,og-post,,,,AAXX 01074 07591 24/// /0508 10124 20039 39164 48504 53001 700// 333 60005 90710 91116=
07591,2009-10-01 08:00:00,13.9,,0.5,51,3.9,,11.112,18.52,,50,,,0,,,,,,,0,og-post,,,,AAXX 01084 07591 24/// /0506 10139 20039 39165 48508 51005 700// 333 60005 90710 91110=
07591,2009-10-01 09:00:00,16.6,,0.1,42,3.6,,7.408,18.52,,100,,,0,0,,,,,,0,og-post,,,,AAXX 01094 07591 24/// /1004 10166 20036 39163 48512 50001 700// 333 60007 90710 91110 555 60005=
07591,2009-10-01 10:00:00,18.8,,-0.8,37,3.8,,7.408,14.816,,200,,,0,,,,,,,0,og-post,,,,AAXX 01104 07591 24/// /2004 10188 20038 39156 48510 58008 700// 333 60005 90710 91108=
07591,2009-10-01 11:00:00,20.7,,-1.6,35,4.7,,11.112,18.52,,210,,,0,,,,,,,0,og-post,,,,AAXX 01114 07591 24/// /2106 10207 20047 39149 48508 58016 700// 333 60005 90710 91110=
07591,2009-10-01 12:00:00,22.9,,-2.1,31,4.9,,11.112,25.928,,200,,,0,0,,,,,,0,og-post,,,,AAXX 01124 07591 04/// /2006 10229 20049 39142 48506 57021 60001 700// 333 60007 90710 91114 555 60005=
07591,2009-10-01 13:00:00,23.1,,-2.2,31,5.1,,14.816,29.632,,230,,,0,,,,,,,0,og-post,,,,AAXX 01134 07591 24/// /2308 10231 20051 39134 48499 58022 700// 333 60005 90710 91116=
07591,2009-10-01 14:00:00,23.3,,-2.2,32,5.7,,22.224,35.188,,210,,,0,,,,,,,0,og-post,,,,AAXX 01144 07591 24/// /2112 10233 20057 39127 48493 57022 700// 333 60005 90710 91119=
07591,2009-10-01 15:00:00,22.3,,-1.8,36,6.5,,18.52,35.188,,220,,,0,0,,,,,,0,og-post,,,,AAXX 01154 07591 24/// /2210 10223 20065 39124 48488 56018 700// 333 60007 90710 91119 555 60005=
07591,2009-10-01 16:00:00,19.4,,-1.1,63,12.2,,3.704,29.632,,170,,,2,,,,,,,0,og-post,,,,AAXX 01164 07591 24/// /1702 10194 20122 39123 48483 56011 700// 333 60025 90710 91116=
07591,2009-10-01 17:00:00,19.8,,0.3,49,8.8,,7.408,31.484,,350,,,0,,,,,,,0,og-post,,,,AAXX 01174 07591 24/// /3504 10198 20088 39130 48489 53003 700// 333 60005 90710 91117=
07591,2009-10-01 18:00:00,14.9,,1.4,79,11.3,,7.408,29.632,,350,10.6,23.8,3,5,,5,,,,21,og-post,,,,AAXX 01184 07591 04/// /3504 10149 20113 39138 48487 53014 60052 721// 333 10238 20106 60057 90710 91116 555 60035=
07591,2009-10-01 19:00:00,13.7,,1.9,80,10.3,,3.704,18.52,,360,,,0,,,,,,,0,og-post,,,,AAXX 01194 07591 24/// /3602 10137 20103 39142 48488 51019 700// 333 60005 90710 91110=
07591,2009-10-01 20:00:00,12.9,,1.7,82,9.9,,3.704,11.112,,350,,,0,,,,,,,0,og-post,,,,AAXX 01204 07591 24/// /3502 10129 20099 39147 48490 51017 700// 333 60005 90710 91106=
07591,2009-10-01 21:00:00,12.2,,1.2,81,9,,3.704,11.112,,10,,,0,0,,,,,,0,og-post,,,,AAXX 01214 07591 24/// /0102 10122 20090 39150 48491 51012 700// 333 60007 90710 91106 555 60005=
07591,2009-10-01 22:00:00,11.2,,0.8,85,8.8,,3.704,11.112,,10,,,0,,,,,,,0,og-post,,,,AAXX 01224 07591 24/// /0102 10112 20088 39150 48489 51008 700// 333 60005 90710 91106=
07591,2009-10-01 23:00:00,10.9,,0.1,85,8.5,,7.408,11.112,,330,,,0,,,,,,,0,og-post,,,,AAXX 01234 07591 24/// /3304 10109 20085 39148 48487 50001 700// 333 60005 90710 91106=
07591,2009-10-02 00:00:00,10.3,,-0.6,84,7.7,,3.704,14.816,,10,,,0,0,,,,,,0,og-post,,,,AAXX 02004 07591 04/// /0102 10103 20077 39144 48482 58006 60001 700// 333 60007 90710 91108 555 60005=
07591,2009-10-02 01:00:00,9.9,,-0.7,85,7.5,,3.704,14.816,,30,,,,,,,,,,0,synop_v4,,,,
07591,2009-10-02 02:00:00,9.7,,-1.1,79,6.2,,11.112,18.52,,50,,,0,,,,,,,0,og-post,,,,AAXX 02024 07591 24/// /0506 10097 20062 39137 48474 58011 700// 333 60005 90710 91110=
07591,2009-10-02 03:00:00,9.1,,-0.8,84,6.5,,,14.816,,,,,0,0.2,,,,,,0,og-post,,,,AAXX 02034 07591 24/// /0000 10091 20065 39136 48472 57008 700// 333 69927 90710 91108 555 60005=
07591,2009-10-02 04:00:00,8.2,,-0.7,82,5.3,,7.408,14.816,,40,,,0,,,,,,,0,og-post,,,,AAXX 02044 07591 24/// /0404 10082 20053 39136 48470 56007 700// 333 60005 90710 91108=
07591,2009-10-02 05:00:00,8.7,,-0.3,72,3.9,,11.112,14.816,,40,,,0,,,,,,,0,og-post,,,,AAXX 02054 07591 24/// /0406 10087 20039 39134 48469 58003 700// 333 60005 90710 91108=
07591,2009-10-02 06:00:00,8.7,,-0.1,69,3.3,,11.112,18.52,,30,8.2,14.9,0,0,,0.2,5.6,9,5,0,og-post,,,,AAXX 02064 07591 04/// /0306 10087 20033 39135 48470 55001 69922 700// 333 10149 20082 3/005 55090 60007 70056 90710 91110 555 60005=
07591,2009-10-02 07:00:00,10.7,,-0.1,70,5.5,,3.704,18.52,,140,,,0,,,,,,,0,og-post,,,,AAXX 02074 07591 24/// /1402 10107 20055 39135 48474 56001 700// 333 60005 90710 91110=
07591,2009-10-02 08:00:00,12,,0.5,56,3.5,,3.704,11.112,,250,,,0,,,,,,,0,og-post,,,,AAXX 02084 07591 24/// /2502 10120 20035 39139 48480 53005 700// 333 60005 90710 91106=
07591,2009-10-02 09:00:00,14.4,,0.3,54,5.2,,3.704,7.408,,160,,,0,0,,,,,,0,og-post,,,,AAXX 02094 07591 24/// /1602 10144 20052 39138 48485 50003 700// 333 60007 90710 91104 555 60005=
07591,2009-10-02 10:00:00,17,,0,40,3.3,,7.408,14.816,,190,,,0,,,,,,,0,og-post,,,,AAXX 02104 07591 24/// /1904 10170 20033 39135 48487 50000 700// 333 60005 90710 91108=
07591,2009-10-02 11:00:00,18.4,,-0.8,43,5.6,,11.112,22.224,,200,,,0,,,,,,,0,og-post,,,,AAXX 02114 07591 24/// /2006 10184 20056 39131 48487 58008 700// 333 60005 90710 91112=
07591,2009-10-02 12:00:00,19.6,,-1.3,38,4.9,,18.52,29.632,,210,,,0,0,,,,,,0,og-post,,,,AAXX 02124 07591 04/// /2110 10196 20049 39125 48483 58013 60001 700// 333 60007 90710 91116 555 60005=
07591,2009-10-02 13:00:00,20.3,,-1.5,31,2.6,,18.52,35.188,,210,,,0,,,,,,,0,og-post,,,,AAXX 02134 07591 24/// /2110 10203 20026 39120 48480 58015 700// 333 60005 90710 91119=
07591,2009-10-02 14:00:00,20.5,,-1.4,32,3.3,,18.52,35.188,,210,,,0,,,,,,,0,og-post,,,,AAXX 02144 07591 24/// /2110 10205 20033 39117 48478 56014 700// 333 60005 90710 91119=
07591,2009-10-02 15:00:00,20,,-1,35,4.1,,18.52,38.892,,210,,,0,0,,,,,,0,og-post,,,,AAXX 02154 07591 24/// /2110 10200 20041 39115 48475 56010 700// 333 60007 90710 91121 555 60005=
07591,2009-10-02 16:00:00,18.9,,-0.4,36,3.5,,18.52,31.484,,210,,,0,,,,,,,0,og-post,,,,AAXX 02164 07591 24/// /2110 10189 20035 39116 48473 55004 700// 333 60005 90710 91117=
07591,2009-10-02 17:00:00,16.4,,0.5,46,4.8,,11.112,29.632,,210,,,0,,,,,,,0,og-post,,,,AAXX 02174 07591 24/// /2106 10164 20048 39122 48474 53005 700// 333 60005 90710 91116=
07591,2009-10-02 18:00:00,14.5,,1.5,52,4.8,,3.704,18.52,,200,8.8,20.6,0,0,,,,,,0,og-post,,,,AAXX 02184 07591 04/// /2002 10145 20048 39130 48477 53015 60002 700// 333 10206 20088 60007 90710 91110 555 60005=
07591,2009-10-02 19:00:00,12,,2.2,64,5.4,,,7.408,,,,,0,,,,,,,0,og-post,,,,AAXX 02194 07591 24/// /0000 10120 20054 39138 48480 53022 700// 333 60005 90710 91104=
07591,2009-10-02 20:00:00,10.8,,2.1,69,5.3,,,7.408,,,,,0,,,,,,,0,og-post,,,,AAXX 02204 07591 24/// /0000 10108 20053 39143 48481 51021 700// 333 60005 90710 91104=
07591,2009-10-02 21:00:00,9.7,,1.8,74,5.3,,,7.408,,,,,0,0,,,,,,0,og-post,,,,AAXX 02214 07591 24/// /0000 10097 20053 39148 48484 51018 700// 333 60007 90710 91104 555 60005=
07591,2009-10-02 22:00:00,9,,1.2,77,5.2,,,11.112,,,,,0,,,,,,,0,og-post,,,,AAXX 02224 07591 24/// /0000 10090 20052 39150 48484 51012 700// 333 60005 90710 91106=
07591,2009-10-02 23:00:00,8.5,,0.4,75,4.3,,,7.408,,,,,0,,,,,,,0,og-post,,,,AAXX 02234 07591 24/// /0000 10085 20043 39147 48480 50004 700// 333 60005 90710 91104=
07591,2009-10-03 00:00:00,7.9,,0.4,80,4.7,,,11.112,,,,,0,0,,,,,,0,og-post,,,,AAXX 03004 07591 04/// /0000 10079 20047 39152 48483 53004 60001 700// 333 60007 90710 91106 555 60005=
07591,2009-10-03 01:00:00,7.4,,0.5,81,4.4,,3.704,7.408,,260,,,0,,,,,,,0,og-post,,,,AAXX 03014 07591 24/// /2602 10074 20044 39155 48485 53005 700// 333 60005 90710 91104=
07591,2009-10-03 02:00:00,6.4,,1.1,83,3.7,,3.704,7.408,,330,,,0,,,,,,,0,og-post,,,,AAXX 03024 07591 24/// /3302 10064 20037 39158 48485 51011 700// 333 60005 90710 91104=
07591,2009-10-03 03:00:00,6.6,,0.7,80,3.4,,7.408,11.112,,20,,,0,0,,,,,,0,og-post,,,,AAXX 03034 07591 24/// /0204 10066 20034 39159 48486 51007 700// 333 60007 90710 91106 555 60005=
07591,2009-10-03 04:00:00,6,,0.7,77,2.3,,3.704,14.816,,80,,,0,,,,,,,0,og-post,,,,AAXX 03044 07591 24/// /0802 10060 20023 39162 48488 52007 700// 333 60005 90710 91108=
07591,2009-10-03 05:00:00,5.7,,0.4,78,2.2,,7.408,11.112,,40,,,0,,,,,,,0,og-post,,,,AAXX 03054 07591 24/// /0404 10057 20022 39162 48487 51004 700// 333 60005 90710 91106=
07591,2009-10-03 06:00:00,5.1,,0.6,75,1,,7.408,11.112,,50,5.1,14.5,0,0,,,0,10.1,1,0,og-post,,,,AAXX 03064 07591 04/// /0504 10051 20010 39165 48488 52006 60002 700// 333 10145 20051 3/001 55101 60007 70000 90710 91106 555 60005=
07591,2009-10-03 07:00:00,7.4,,0.9,67,1.7,,7.408,11.112,,80,,,0,,,,,,,0,og-post,,,,AAXX 03074 07591 24/// /0804 10074 20017 39171 48499 53009 700// 333 60005 90710 91106=
07591,2009-10-03 08:00:00,10.4,,1.2,55,1.8,,7.408,14.816,,70,,,0,,,,,,,0,og-post,,,,AAXX 03084 07591 24/// /0704 10104 20018 39174 48508 52012 700// 333 60005 90710 91108=
07591,2009-10-03 09:00:00,14.9,,0.8,37,0.4,,7.408,18.52,,120,,,0,0,,,,,,0,og-post,,,,AAXX 03094 07591 24/// /1204 10149 20004 39173 48517 50008 700// 333 60007 90710 91110 555 60005=
07591,2009-10-03 10:00:00,17.1,,-0.1,35,1.5,,7.408,14.816,,200,,,0,,,,,,,0,og-post,,,,AAXX 03104 07591 24/// /2004 10171 20015 39170 48519 58001 700// 333 60005 90710 91108=
07591,2009-10-03 11:00:00,19,,-0.8,28,0.1,,11.112,14.816,,210,,,0,,,,,,,0,og-post,,,,AAXX 03114 07591 24/// /2106 10190 20001 39166 48519 58008 700// 333 60005 90710 91108=
07591,2009-10-03 12:00:00,21.2,,-1.6,30,3,,14.816,29.632,,190,,,0,0,,,,,,0,og-post,,,,AAXX 03124 07591 04/// /1908 10212 20030 39157 48516 58016 60001 700// 333 60007 90710 91116 555 60005=
07591,2009-10-03 13:00:00,21.9,,-1.8,30,3.6,,22.224,35.188,,220,,,0,,,,,,,0,og-post,,,,AAXX 03134 07591 24/// /2212 10219 20036 39152 48513 58018 700// 333 60005 90710 91119=
07591,2009-10-03 14:00:00,21.7,,-1.7,30,3.4,,22.224,42.596,,220,,,0,,,,,,,0,og-post,,,,AAXX 03144 07591 24/// /2212 10217 20034 39149 48510 56017 700// 333 60005 90710 91123=
07591,2009-10-03 15:00:00,21.3,,-0.7,30,3,,18.52,35.188,,210,,,0,0,,,,,,0,og-post,,,,AAXX 03154 07591 24/// /2110 10213 20030 39150 48510 55007 700// 333 60007 90710 91119 555 60005=
07591,2009-10-03 16:00:00,20.7,,-0.3,32,3.4,,11.112,38.892,,230,,,0,,,,,,,0,og-post,,,,AAXX 03164 07591 24/// /2306 10207 20034 39149 48508 56003 700// 333 60005 90710 91121=
07591,2009-10-03 17:00:00,18.7,,0.6,38,4.1,,7.408,25.928,,230,,,0,,,,,,,0,og-post,,,,AAXX 03174 07591 24/// /2304 10187 20041 39155 48509 53006 700// 333 60005 90710 91114=
07591,2009-10-03 18:00:00,16.9,,1,46,5.2,,11.112,18.52,,210,5.1,22,0,0,,,,,,0,og-post,,,,AAXX 03184 07591 04/// /2106 10169 20052 39160 48510 53010 60002 700// 333 10220 20051 60007 90710 91110 555 60005=
07591,2009-10-03 19:00:00,15.6,,1.6,52,5.8,,7.408,18.52,,270,,,0,,,,,,,0,og-post,,,,AAXX 03194 07591 24/// /2704 10156 20058 39165 48512 51016 700// 333 60005 90710 91110=
07591,2009-10-03 20:00:00,14.5,,1.3,57,6.1,,7.408,11.112,,260,,,0,,,,,,,0,og-post,,,,AAXX 03204 07591 24/// /2604 10145 20061 39168 48512 51013 700// 333 60005 90710 91106=
07591,2009-10-03 21:00:00,14,,1.2,63,7.1,,3.704,11.112,,250,,,0,0,,,,,,0,og-post,,,,AAXX 03214 07591 24/// /2502 10140 20071 39172 48515 51012 700// 333 60007 90710 91106 555 60005=
07591,2009-10-03 22:00:00,13,,1,69,7.5,,,7.408,,,,,0,,,,,,,0,og-post,,,,AAXX 03224 07591 24/// /0000 10130 20075 39175 48516 52010 700// 333 60005 90710 91104=
07591,2009-10-03 23:00:00,12.2,,0.5,74,7.7,,7.408,7.408,,320,,,0,,,,,,,0,og-post,,,,AAXX 03234 07591 24/// /3204 10122 20077 39173 48512 50005 700// 333 60005 90710 91104=
07591,2009-10-04 00:00:00,12,,0.4,75,7.7,,,7.408,,,,,0,0,,,,,,0,og-post,,,,AAXX 04004 07591 04/// /0000 10120 20077 39176 48514 52004 60001 700// 333 60007 90710 91104 555 60005=
07591,2009-10-04 01:00:00,11.8,,-0.2,75,7.5,,3.704,11.112,,20,,,0,,,,,,,0,og-post,,,,AAXX 04014 07591 24/// /0202 10118 20075 39173 48511 58002 700// 333 60005 90710 91106=
07591,2009-10-04 02:00:00,11.2,,-0.4,76,7.1,,3.704,11.112,,350,,,0,,,,,,,0,og-post,,,,AAXX 04024 07591 24/// /3502 10112 20071 39169 48506 58004 700// 333 60005 90710 91106=
07591,2009-10-04 03:00:00,10.7,,-1.1,77,6.8,,3.704,7.408,,50,,,0,0,,,,,,0,og-post,,,,AAXX 04034 07591 24/// /0502 10107 20068 39165 48501 58011 700// 333 60007 90710 91104 555 60005=
07591,2009-10-04 04:00:00,10.7,,-0.7,77,6.8,,,7.408,,,,,0,,,,,,,0,og-post,,,,AAXX 04044 07591 24/// /0000 10107 20068 39166 48502 55007 700// 333 60005 90710 91104=
07591,2009-10-04 05:00:00,10.6,,-0.5,73,6,,11.112,14.816,,50,,,0,,,,,,,0,og-post,,,,AAXX 04054 07591 24/// /0506 10106 20060 39164 48500 56005 700// 333 60005 90710 91108=
07591,2009-10-04 06:00:00,10.5,,0.2,75,6.3,,3.704,14.816,,250,10.2,16.9,0,0,,,0,9.8,8,0,og-post,,,,AAXX 04064 07591 04/// /2502 10105 20063 39167 48503 53002 60002 700// 333 10169 20102 3/008 55098 60007 70000 90710 91108 555 60005=
07591,2009-10-04 07:00:00,11.5,,0.2,69,6,,11.112,14.816,,60,,,0,,,,,,,0,og-post,,,,AAXX 04074 07591 24/// /0606 10115 20060 39168 48506 53002 700// 333 60005 90710 91108=
07591,2009-10-04 08:00:00,14.3,,0.4,52,4.6,,11.112,18.52,,60,,,0,,,,,,,0,og-post,,,,AAXX 04084 07591 24/// /0606 10143 20046 39168 48512 51004 700// 333 60005 90710 91110=
07591,2009-10-04 09:00:00,16.7,,0.4,47,5.3,,11.112,18.52,,190,,,0,0,,,,,,0,og-post,,,,AAXX 04094 07591 24/// /1906 10167 20053 39171 48520 53004 700// 333 60007 90710 91110 555 60005=
07591,2009-10-04 10:00:00,17.9,,-0.1,44,5.5,,7.408,14.816,,200,,,0,,,,,,,0,og-post,,,,AAXX 04104 07591 24/// /2004 10179 20055 39167 48519 58001 700// 333 60005 90710 91108=
07591,2009-10-04 11:00:00,19.2,,-0.6,41,5.6,,14.816,25.928,,210,,,0,,,,,,,0,og-post,,,,AAXX 04114 07591 24/// /2108 10192 20056 39162 48517 58006 700// 333 60005 90710 91114=
07591,2009-10-04 12:00:00,20.9,,-1.6,33,4,,14.816,25.928,,200,,,0,0,,,,,,0,og-post,,,,AAXX 04124 07591 04/// /2008 10209 20040 39155 48514 58016 60001 700// 333 60007 90710 91114 555 60005=
07591,2009-10-04 13:00:00,21.7,,-1.9,31,3.8,,14.816,29.632,,210,,,0,,,,,,,0,og-post,,,,AAXX 04134 07591 24/// /2108 10217 20038 39148 48509 58019 700// 333 60005 90710 91116=
07591,2009-10-04 14:00:00,21.3,,-1.5,29,2.6,,18.52,31.484,,220,,,0,,,,,,,0,og-post,,,,AAXX 04144 07591 24/// /2210 10213 20026 39147 48507 56015 700// 333 60005 90710 91117=
07591,2009-10-04 15:00:00,21.1,,-0.8,31,3.3,,18.52,35.188,,220,,,0,0,,,,,,0,og-post,,,,AAXX 04154 07591 24/// /2210 10211 20033 39147 48507 56008 700// 333 60007 90710 91119 555 60005=
07591,2009-10-04 16:00:00,20.8,,-0,34,4.4,,14.816,29.632,,210,,,0,,,,,,,0,og-post,,,,AAXX 04164 07591 24/// /2108 10208 20044 39148 48507 55000 700// 333 60005 90710 91116=
07591,2009-10-04 17:00:00,18.3,,0.5,40,4.5,,7.408,22.224,,230,,,0,,,,,,,0,og-post,,,,AAXX 04174 07591 24/// /2304 10183 20045 39152 48506 53005 700// 333 60005 90710 91112=
07591,2009-10-04 18:00:00,16.2,,1.3,47,4.9,,3.704,14.816,,260,10.3,22,0,0,,,,,,0,og-post,,,,AAXX 04184 07591 04/// /2602 10162 20049 39160 48508 53013 60002 700// 333 10220 20103 60007 90710 91108 555 60005=
07591,2009-10-04 19:00:00,14.4,,1.9,53,5,,,7.408,,,,,0,,,,,,,0,og-post,,,,AAXX 04194 07591 24/// /0000 10144 20050 39167 48511 53019 700// 333 60005 90710 91104=
07591,2009-10-04 20:00:00,12.9,,2.3,59,5.1,,,7.408,,,,,0,,,,,,,0,og-post,,,,AAXX 04204 07591 24/// /0000 10129 20051 39175 48515 52023 700// 333 60005 90710 91104=
07591,2009-10-04 21:00:00,11.7,,2,63,4.9,,,,,,,,0,0,,,,,,0,og-post,,,,AAXX 04214 07591 24/// /0000 10117 20049 39180 48517 51020 700// 333 60007 90710 91100 555 60005=
07591,2009-10-04 22:00:00,11.1,,1.5,65,4.8,,7.408,14.816,,40,,,0,,,,,,,0,og-post,,,,AAXX 04224 07591 24/// /0404 10111 20048 39182 48517 51015 700// 333 60005 90710 91108=
07591,2009-10-04 23:00:00,10.9,,0.8,65,4.6,,,18.52,,,,,0,,,,,,,0,og-post,,,,AAXX 04234 07591 24/// /0000 10109 20046 39183 48518 51008 700// 333 60005 90710 91110=
07591,2009-10-05 00:00:00,9.5,,0.5,72,4.7,,7.408,11.112,,40,,,0,0,,,,,,0,og-post,,,,AAXX 05004 07591 04/// /0404 10095 20047 39185 48516 52005 60001 700// 333 60007 90710 91106 555 60005=
07591,2009-10-05 01:00:00,10.3,,0.2,65,4,,11.112,29.632,,50,,,0,,,,,,,0,og-post,,,,AAXX 05014 07591 24/// /0506 10103 20040 39184 48517 50002 700// 333 60005 90710 91116=
07591,2009-10-05 02:00:00,12,,-0.3,54,3,,22.224,35.188,,20,,,0,,,,,,,0,og-post,,,,AAXX 05024 07591 24/// /0212 10120 20030 39180 48517 58003 700// 333 60005 90710 91119=
07591,2009-10-05 03:00:00,10.9,,-0.2,58,3,,11.112,31.484,,40,,,0,0,,,,,,0,og-post,,,,AAXX 05034 07591 24/// /0406 10109 20030 39183 48517 55002 700// 333 60007 90710 91117 555 60005=
07591,2009-10-05 04:00:00,9,,0.5,69,3.6,,,14.816,,,,,0,,,,,,,0,og-post,,,,AAXX 05044 07591 24/// /0000 10090 20036 39189 48518 53005 700// 333 60005 90710 91108=
07591,2009-10-05 05:00:00,8.9,,1.2,66,2.9,,14.816,18.52,,50,,,0,,,,,,,0,og-post,,,,AAXX 05054 07591 24/// /0508 10089 20029 39192 48521 52012 700// 333 60005 90710 91110=
07591,2009-10-05 06:00:00,8.4,,1.1,67,2.6,,18.52,25.928,,50,8.4,16.1,0,0,,,0,10,5,0,og-post,,,,AAXX 05064 07591 04/// /0510 10084 20026 39194 48521 51011 60002 700// 333 10161 20084 3/005 55100 60007 70000 90710 91114 555 60005=
07591,2009-10-05 07:00:00,11.2,,1.2,54,2.2,,11.112,25.928,,50,,,0,,,,,,,0,og-post,,,,AAXX 05074 07591 24/// /0506 10112 20022 39201 48534 53012 700// 333 60005 90710 91114=
07591,2009-10-05 08:00:00,13.4,,1.2,47,2.3,,11.112,25.928,,60,,,0,,,,,,,0,og-post,,,,AAXX 05084 07591 24/// /0606 10134 20023 39204 48542 53012 700// 333 60005 90710 91114=
07591,2009-10-05 09:00:00,16.8,,1,36,1.7,,7.408,18.52,,80,,,0,0,,,,,,0,og-post,,,,AAXX 05094 07591 24/// /0804 10168 20017 39204 48550 51010 700// 333 60007 90710 91110 555 60005=
07591,2009-10-05 10:00:00,16.3,,0.5,40,2.7,,7.408,14.816,,230,,,0,,,,,,,0,og-post,,,,AAXX 05104 07591 24/// /2304 10163 20027 39206 48550 51005 700// 333 60005 90710 91108=
07591,2009-10-05 11:00:00,18.1,,0.1,34,2,,7.408,11.112,,280,,,0,,,,,,,0,og-post,,,,AAXX 05114 07591 24/// /2804 10181 20020 39205 48554 50001 700// 333 60005 90710 91106=
07591,2009-10-05 12:00:00,18.9,,-0.5,37,3.9,,7.408,14.816,,240,,,0,0,,,,,,0,og-post,,,,AAXX 05124 07591 04/// /2404 10189 20039 39199 48550 58005 60001 700// 333 60007 90710 91108 555 60005=
07591,2009-10-05 13:00:00,21.2,,-1,28,2,,18.52,25.928,,210,,,0,,,,,,,0,og-post,,,,AAXX 05134 07591 24/// /2110 10212 20020 39196 48552 58010 700// 333 60005 90710 91114=
07591,2009-10-05 14:00:00,21.1,,-1,29,2.4,,11.112,25.928,,210,,,0,,,,,,,0,og-post,,,,AAXX 05144 07591 24/// /2106 10211 20024 39195 48551 56010 700// 333 60005 90710 91114=
07591,2009-10-05 15:00:00,21.5,,-0.7,25,0.7,,7.408,18.52,,200,,,0,0,,,,,,0,og-post,,,,AAXX 05154 07591 24/// /2004 10215 20007 39192 48549 57007 700// 333 60007 90710 91110 555 60005=
07591,2009-10-05 16:00:00,22.1,,-0.5,24,0.6,,11.112,22.224,,210,,,0,,,,,,,0,og-post,,,,AAXX 05164 07591 24/// /2106 10221 20006 39191 48550 57005 700// 333 60005 90710 91112=
07591,2009-10-05 17:00:00,19.4,,0.3,31,1.9,,11.112,22.224,,200,,,0,,,,,,,0,og-post,,,,AAXX 05174 07591 24/// /2006 10194 20019 39198 48550 53003 700// 333 60005 90710 91112=
07591,2009-10-05 18:00:00,17.4,,1.2,40,3.7,,7.408,18.52,,210,8.4,22.6,0,0,,,,,,0,og-post,,,,AAXX 05184 07591 04/// /2104 10174 20037 39204 48551 53012 60002 700// 333 10226 20084 60007 90710 91110 555 60005=
07591,2009-10-05 19:00:00,15.7,,1.8,48,4.7,,3.704,14.816,,260,,,0,,,,,,,0,og-post,,,,AAXX 05194 07591 24/// /2602 10157 20047 39209 48552 51018 700// 333 60005 90710 91108=
07591,2009-10-05 20:00:00,14.4,,1.7,56,5.7,,,7.408,,,,,0,,,,,,,0,og-post,,,,AAXX 05204 07591 24/// /0000 10144 20057 39215 48555 52017 700// 333 60005 90710 91104=
07591,2009-10-05 21:00:00,13.8,,1.5,56,5.2,,,7.408,,,,,0,0,,,,,,0,og-post,,,,AAXX 05214 07591 24/// /0000 10138 20052 39219 48557 51015 700// 333 60007 90710 91104 555 60005=
07591,2009-10-05 22:00:00,13.7,,1.3,59,5.8,,,7.408,,,,,0,,,,,,,0,og-post,,,,AAXX 05224 07591 24/// /0000 10137 20058 39222 48559 51013 700// 333 60005 90710 91104=
07591,2009-10-05 23:00:00,13.4,,0.6,61,6,,,,,,,,0,,,,,,,0,og-post,,,,AAXX 05234 07591 24/// /0000 10134 20060 39221 48558 50006 700// 333 60005 90710 91100=
07591,2009-10-06 00:00:00,13.2,,0.2,62,6.1,,,,,,,,0,0,,,,,,0,og-post,,,,AAXX 06004 07591 04/// /0000 10132 20061 39221 48557 51002 60001 700// 333 60007 90710 91100 555 60005=
07591,2009-10-06 01:00:00,12.7,,-0,66,6.5,,,,,,,,0,,,,,,,0,og-post,,,,AAXX 06014 07591 24/// /0000 10127 20065 39222 48557 55000 700// 333 60005 90710 91100=
07591,2009-10-06 02:00:00,12.9,,0,65,6.5,,7.408,11.112,,40,,,0,,,,,,,0,og-post,,,,AAXX 06024 07591 24/// /0404 10129 20065 39221 48557 50000 700// 333 60005 90710 91106=
07591,2009-10-06 03:00:00,12.1,,-0.1,65,5.7,,7.408,14.816,,40,,,0,0,,,,,,0,og-post,,,,AAXX 06034 07591 24/// /0404 10121 20057 39220 48554 58001 700// 333 60007 90710 91108 555 60005=
07591,2009-10-06 04:00:00,11.2,,-0.1,69,5.7,,3.704,14.816,,40,,,0,,,,,,,0,og-post,,,,AAXX 06044 07591 24/// /0402 10112 20057 39221 48552 55001 700// 333 60005 90710 91108=
07591,2009-10-06 05:00:00,10.3,,-0,72,5.5,,7.408,14.816,,40,,,0,,,,,,,0,og-post,,,,AAXX 06054 07591 24/// /0404 10103 20055 39221 48550 55000 700// 333 60005 90710 91108=
07591,2009-10-06 06:00:00,10.3,,0.5,72,5.5,,11.112,14.816,,30,9.9,17.4,0,0,,,0,5.3,7,0,og-post,,,,AAXX 06064 07591 04/// /0306 10103 20055 39225 48554 53005 60002 700// 333 10174 20099 3/007 55053 60007 70000 90710 91108 555 60005=
07591,2009-10-06 07:00:00,10.2,,1.2,73,5.6,,7.408,14.816,,50,,,0,,,,,,,0,og-post,,,,AAXX 06074 07591 24/// /0504 10102 20056 39233 48561 53012 700// 333 60005 90710 91108=
07591,2009-10-06 08:00:00,13.1,,1.3,60,5.5,,11.112,22.224,,30,,,0,,,,,,,0,og-post,,,,AAXX 06084 07591 24/// /0306 10131 20055 39234 48569 51013 700// 333 60005 90710 91112=
07591,2009-10-06 09:00:00,15.8,,0.8,52,6,,7.408,22.224,,80,,,0,0,,,,,,0,og-post,,,,AAXX 06094 07591 24/// /0804 10158 20060 39233 48574 50008 700// 333 60007 90710 91112 555 60005=
07591,2009-10-06 10:00:00,18.7,,-0.2,44,6.2,,3.704,14.816,,190,,,0,,,,,,,0,og-post,,,,AAXX 06104 07591 24/// /1902 10187 20062 39231 48579 58002 700// 333 60005 90710 91108=
07591,2009-10-06 11:00:00,18.2,,-0.4,46,6.4,,7.408,11.112,,220,,,0,,,,,,,0,og-post,,,,AAXX 06114 07591 24/// /2204 10182 20064 39230 48577 57004 700// 333 60005 90710 91106=
07591,2009-10-06 12:00:00,18.8,,-0.8,47,7.3,,7.408,11.112,,210,,,0,0,,,,,,0,og-post,,,,AAXX 06124 07591 04/// /2104 10188 20073 39225 48574 58008 60001 700// 333 60007 90710 91106 555 60005=
07591,2009-10-06 13:00:00,21.8,,-1.1,38,6.9,,7.408,18.52,,200,,,0,,,,,,,0,og-post,,,,AAXX 06134 07591 24/// /2004 10218 20069 39220 48577 58011 700// 333 60005 90710 91110=
07591,2009-10-06 14:00:00,23.4,,-1.3,26,2.8,,14.816,25.928,,180,,,0,,,,,,,0,og-post,,,,AAXX 06144 07591 24/// /1808 10234 20028 39217 48577 56013 700// 333 60005 90710 91114=
07591,2009-10-06 15:00:00,23.2,,-1,25,2.1,,14.816,29.632,,210,,,0,0,,,,,,0,og-post,,,,AAXX 06154 07591 24/// /2108 10232 20021 39215 48575 56010 700// 333 60007 90710 91116 555 60005=
07591,2009-10-06 16:00:00,22.5,,-0.5,28,3.1,,11.112,25.928,,200,,,0,,,,,,,0,og-post,,,,AAXX 06164 07591 24/// /2006 10225 20031 39215 48573 56005 700// 333 60005 90710 91114=
07591,2009-10-06 17:00:00,20.1,,-0.1,34,3.8,,11.112,22.224,,220,,,0,,,,,,,0,og-post,,,,AAXX 06174 07591 24/// /2206 10201 20038 39216 48569 55001 700// 333 60005 90710 91112=
07591,2009-10-06 18:00:00,18.2,,0.7,41,4.7,,,18.52,,,10.1,24.2,0,0,,,,,,0,og-post,,,,AAXX 06184 07591 04/// /0000 10182 20047 39222 48570 53007 60002 700// 333 10242 20101 60007 90710 91110 555 60005=
07591,2009-10-06 19:00:00,17.1,,0.9,46,5.4,,,7.408,,,,,0,,,,,,,0,og-post,,,,AAXX 06194 07591 24/// /0000 10171 20054 39224 48569 53009 700// 333 60005 90710 91104=
07591,2009-10-06 20:00:00,16.4,,1,49,5.7,,,7.408,,,,,0,,,,,,,0,og-post,,,,AAXX 06204 07591 24/// /0000 10164 20057 39226 48569 51010 700// 333 60005 90710 91104=
07591,2009-10-06 21:00:00,15.5,,0.7,53,6,,,11.112,,,,,0,0,,,,,,0,og-post,,,,AAXX 06214 07591 24/// /0000 10155 20060 39229 48570 53007 700// 333 60007 90710 91106 555 60005=
07591,2009-10-06 22:00:00,15.2,,0.8,55,6.2,,,11.112,,,,,0,,,,,,,0,og-post,,,,AAXX 06224 07591 24/// /0000 10152 20062 39232 48572 53008 700// 333 60005 90710 91106=
07591,2009-10-06 23:00:00,14.2,,0.5,62,7,,,7.408,,,,,0,,,,,,,0,og-post,,,,AAXX 06234 07591 24/// /0000 10142 20070 39231 48569 50005 700// 333 60005 90710 91104=
07591,2009-10-07 00:00:00,13.1,,0.2,67,7.1,,3.704,7.408,,30,,,0,0,,,,,,0,og-post,,,,AAXX 07004 07591 04/// /0302 10131 20071 39231 48566 51002 60001 700// 333 60007 90710 91104 555 60005=
07591,2009-10-07 01:00:00,11.9,,-0.2,72,7,,,7.408,,,,,0,,,,,,,0,og-post,,,,AAXX 07014 07591 24/// /0000 10119 20070 39230 48562 57002 700// 333 60005 90710 91104=
07591,2009-10-07 02:00:00,10.8,,-0.2,74,6.4,,,,,,,,0,,,,,,,0,og-post,,,,AAXX 07024 07591 24/// /0000 10108 20064 39229 48559 58002 700// 333 60005 90710 91100=
07591,2009-10-07 03:00:00,10.9,,-0.1,69,5.4,,7.408,11.112,,20,,,0,0,,,,,,0,og-post,,,,AAXX 07034 07591 24/// /0204 10109 20054 39230 48560 55001 700// 333 60007 90710 91106 555 60005=
07591,2009-10-07 04:00:00,10.5,,-0,69,5.1,,11.112,18.52,,50,,,0,,,,,,,0,og-post,,,,AAXX 07044 07591 24/// /0506 10105 20051 39230 48559 55000 700// 333 60005 90710 91110=
07591,2009-10-07 05:00:00,10.7,,-0.1,67,4.8,,14.816,25.928,,40,,,0,,,,,,,0,og-post,,,,AAXX 07054 07591 24/// /0408 10107 20048 39228 48557 58001 700// 333 60005 90710 91114=
07591,2009-10-07 06:00:00,10.2,,0.1,67,4.4,,3.704,25.928,,10,10.2,18.2,0,0,,,0,6.1,7,0,og-post,,,,AAXX 07064 07591 04/// /0102 10102 20044 39231 48559 53001 60002 700// 333 10182 20102 3/007 55061 60007 70000 90710 91114 555 60005=
07591,2009-10-07 07:00:00,9.9,,0.2,66,3.9,,11.112,18.52,,50,,,0,,,,,,,0,og-post,,,,AAXX 07074 07591 24/// /0506 10099 20039 39232 48559 53002 700// 333 60005 90710 91110=
07591,2009-10-07 08:00:00,13.4,,0.6,53,4,,14.816,29.632,,40,,,0,,,,,,,0,og-post,,,,AAXX 07084 07591 24/// /0408 10134 20040 39234 48569 51006 700// 333 60005 90710 91116=
07591,2009-10-07 09:00:00,17,,0.2,37,2.2,,18.52,31.484,,20,,,0,0,,,,,,0,og-post,,,,AAXX 07094 07591 24/// /0210 10170 20022 39233 48576 50002 700// 333 60007 90710 91117 555 60005=
07591,2009-10-07 10:00:00,20.3,,-0.6,29,1.7,,11.112,29.632,,90,,,0,,,,,,,0,og-post,,,,AAXX 07104 07591 24/// /0906 10203 20017 39226 48578 58006 700// 333 60005 90710 91116=
07591,2009-10-07 11:00:00,21.3,,-1.4,23,-0.6,,7.408,14.816,,240,,,0,,,,,,,0,og-post,,,,AAXX 07114 07591 24/// /2404 10213 21006 39220 48574 58014 700// 333 60005 90710 91108=
07591,2009-10-07 12:00:00,22.7,,-2,23,0.5,,11.112,18.52,,220,,,0,0,,,,,,0,og-post,,,,AAXX 07124 07591 04/// /2206 10227 20005 39213 48571 57020 60001 700// 333 60007 90710 91110 555 60005=
07591,2009-10-07 13:00:00,25.3,,-2.1,18,-0.7,,11.112,22.224,,240,,,0,,,,,,,0,og-post,,,,AAXX 07134 07591 24/// /2406 10253 21007 39205 48570 58021 700// 333 60005 90710 91112=
07591,2009-10-07 14:00:00,24.5,,-1.9,21,0.8,,11.112,18.52,,220,,,0,,,,,,,0,og-post,,,,AAXX 07144 07591 24/// /2206 10245 20008 39201 48564 56019 700// 333 60005 90710 91110=
07591,2009-10-07 15:00:00,24.9,,-1.3,22,1.7,,7.408,18.52,,200,,,0,0,,,,,,0,og-post,,,,AAXX 07154 07591 24/// /2004 10249 20017 39200 48565 56013 700// 333 60007 90710 91110 555 60005=
07591,2009-10-07 16:00:00,23.5,,-0.8,26,2.9,,3.704,14.816,,250,,,0,,,,,,,0,og-post,,,,AAXX 07164 07591 24/// /2502 10235 20029 39197 48559 56008 700// 333 60005 90710 91108=
07591,2009-10-07 17:00:00,21.3,,-0.3,32,4,,7.408,11.112,,260,,,0,,,,,,,0,og-post,,,,AAXX 07174 07591 24/// /2604 10213 20040 39198 48555 55003 700// 333 60005 90710 91106=
07591,2009-10-07 18:00:00,19.2,,0.1,38,4.6,,3.704,11.112,,260,9.6,25.4,0,0,,,,,,0,og-post,,,,AAXX 07184 07591 04/// /2602 10192 20046 39201 48553 53001 60002 700// 333 10254 20096 60007 90710 91106 555 60005=
07591,2009-10-07 19:00:00,17.6,,0.7,41,4.2,,3.704,11.112,,300,,,0,,,,,,,0,og-post,,,,AAXX 07194 07591 24/// /3002 10176 20042 39204 48552 53007 700// 333 60005 90710 91106=
07591,2009-10-07 20:00:00,16.8,,0.5,45,4.8,,,7.408,,,,,0,,,,,,,0,og-post,,,,AAXX 07204 07591 24/// /0000 10168 20048 39203 48549 50005 700// 333 60005 90710 91104=
07591,2009-10-07 21:00:00,15.9,,0.1,49,5.2,,,,,,,,0,0,,,,,,0,og-post,,,,AAXX 07214 07591 24/// /0000 10159 20052 39202 48546 50001 700// 333 60007 90710 91100 555 60005=
07591,2009-10-07 22:00:00,15.2,,-0.4,50,4.9,,3.704,7.408,,50,,,0,,,,,,,0,og-post,,,,AAXX 07224 07591 24/// /0502 10152 20049 39200 48543 58004 700// 333 60005 90710 91104=
07591,2009-10-07 23:00:00,14.5,,-0.4,53,5,,,7.408,,,,,0,,,,,,,0,og-post,,,,AAXX 07234 07591 24/// /0000 10145 20050 39199 48540 57004 700// 333 60005 90710 91104=
07591,2009-10-08 00:00:00,12.8,,-0.4,60,5.2,,,,,,,,0,0,,,,,,0,og-post,,,,AAXX 08004 07591 04/// /0000 10128 20052 39198 48535 56004 60001 700// 333 60007 90710 91100 555 60005=
07591,2009-10-08 01:00:00,11.9,,-0.2,62,4.9,,,11.112,,,,,0,,,,,,,0,og-post,,,,AAXX 08014 07591 24/// /0000 10119 20049 39198 48533 56002 700// 333 60005 90710 91106=
07591,2009-10-08 02:00:00,12,,-0.6,62,5,,,14.816,,,,,0,,,,,,,0,og-post,,,,AAXX 08024 07591 24/// /0000 10120 20050 39193 48529 58006 700// 333 60005 90710 91108=
07591,2009-10-08 03:00:00,12.1,,-0.9,58,4.1,,,7.408,,,,,0,0,,,,,,0,og-post,,,,AAXX 08034 07591 24/// /0000 10121 20041 39189 48526 58009 700// 333 60007 90710 91104 555 60005=
07591,2009-10-08 04:00:00,11.4,,-1.1,63,4.6,,,,,,,,0,,,,,,,0,og-post,,,,AAXX 08044 07591 24/// /0000 10114 20046 39187 48522 56011 700// 333 60005 90710 91100=
07591,2009-10-08 05:00:00,10.9,,-0.4,63,4.1,,3.704,11.112,,340,,,0,,,,,,,0,og-post,,,,AAXX 08054 07591 24/// /3402 10109 20041 39189 48523 55004 700// 333 60005 90710 91106=
07591,2009-10-08 06:00:00,10.6,,-0.1,60,3.2,,7.408,14.816,,30,10.5,19.1,0,0,,,0,6,8,0,og-post,,,,AAXX 08064 07591 04/// /0304 10106 20032 39188 48521 56001 60002 700// 333 10191 20105 3/008 55060 60007 70000 90710 91108 555 60005=
07591,2009-10-08 07:00:00,11.6,,-0.2,52,2.1,,14.816,22.224,,40,,,0,,,,,,,0,og-post,,,,AAXX 08074 07591 24/// /0408 10116 20021 39185 48521 58002 700// 333 60005 90710 91112=
07591,2009-10-08 08:00:00,13.1,,-0.4,53,3.7,,3.704,25.928,,30,,,0,,,,,,,0,og-post,,,,AAXX 08084 07591 24/// /0302 10131 20037 39185 48524 56004 700// 333 60005 90710 91114=
07591,2009-10-08 09:00:00,15.1,,-0.1,44,3,,,14.816,,,,,0,0,,,,,,0,og-post,,,,AAXX 08094 07591 24/// /0000 10151 20030 39187 48530 55001 700// 333 60007 90710 91108 555 60005=
07591,2009-10-08 10:00:00,17,,-0.3,35,1.4,,,7.408,,,,,0,,,,,,,0,og-post,,,,AAXX 08104 07591 24/// /0000 10170 20014 39182 48530 58003 700// 333 60005 90710 91104=
07591,2009-10-08 11:00:00,17.3,,-0.3,37,2.5,,7.408,14.816,,240,,,0,,,,,,,0,og-post,,,,AAXX 08114 07591 24/// /2404 10173 20025 39182 48531 58003 700// 333 60005 90710 91108=
07591,2009-10-08 12:00:00,18.1,,-1,35,2.4,,11.112,18.52,,210,,,0,0,,,,,,0,og-post,,,,AAXX 08124 07591 04/// /2106 10181 20024 39177 48528 57010 60001 700// 333 60007 90710 91110 555 60005=
07591,2009-10-08 13:00:00,18.9,,-0.2,32,1.9,,14.816,35.188,,240,,,0,,,,,,,0,og-post,,,,AAXX 08134 07591 24/// /2408 10189 20019 39180 48532 55002 700// 333 60005 90710 91119=
07591,2009-10-08 14:00:00,15.2,,0.3,67,9.1,,3.704,18.52,,150,,,0.8,,,,,,,61,og-post,,,,AAXX 08144 07591 24/// /1502 10152 20091 39185 48530 53003 761// 333 69985 90710 91110=
07591,2009-10-08 15:00:00,14.2,,0.5,73,9.4,,7.408,22.224,,40,,,0.4,1,,,,,,0,og-post,,,,AAXX 08154 07591 24/// /0404 10142 20094 39182 48525 50005 700// 333 60017 90710 91112 555 69945=
07591,2009-10-08 16:00:00,13.6,,-0.5,78,9.8,,7.408,18.52,,60,,,0.2,,,,,,,21,og-post,,,,AAXX 08164 07591 24/// /0604 10136 20098 39175 48517 58005 721// 333 69925 90710 91110=
07591,2009-10-08 17:00:00,13.5,,-1.4,75,9.2,,11.112,18.52,,40,,,0,,,,,,,0,og-post,,,,AAXX 08174 07591 24/// /0406 10135 20092 39171 48513 58014 700// 333 60005 90710 91110=
07591,2009-10-08 18:00:00,13.4,,-0.6,76,9.3,,7.408,22.224,,50,10.6,19,0,0.2,,1,,,,0,og-post,,,,AAXX 08184 07591 04/// /0504 10134 20093 39176 48518 55006 60012 700// 333 10190 20106 69927 90710 91112 555 60005=
07591,2009-10-08 19:00:00,13.2,,0.3,80,9.8,,,7.408,,,,,0,,,,,,,0,og-post,,,,AAXX 08194 07591 24/// /0000 10132 20098 39178 48519 53003 700// 333 60005 90710 91104=
07591,2009-10-08 20:00:00,13.1,,0.8,80,9.7,,3.704,7.408,,60,,,0,,,,,,,0,og-post,,,,AAXX 08204 07591 24/// /0602 10131 20097 39179 48520 51008 700// 333 60005 90710 91104=
07591,2009-10-08 21:00:00,12.9,,0.5,82,9.9,,,7.408,,,,,0,0,,,,,,0,og-post,,,,AAXX 08214 07591 24/// /0000 10129 20099 39181 48521 52005 700// 333 60007 90710 91104 555 60005=
07591,2009-10-08 22:00:00,12.5,,-0.1,79,9,,11.112,18.52,,50,,,0,,,,,,,0,og-post,,,,AAXX 08224 07591 24/// /0506 10125 20090 39177 48517 58001 700// 333 60005 90710 91110=
07591,2009-10-08 23:00:00,12,,-0.1,80,8.7,,,18.52,,,,,0,,,,,,,0,og-post,,,,AAXX 08234 07591 24/// /0000 10120 20087 39178 48516 58001 700// 333 60005 90710 91110=
07591,2009-10-09 00:00:00,12.4,,-0.6,70,7.1,,14.816,18.52,,40,,,0,0,,,,,,0,og-post,,,,AAXX 09004 07591 04/// /0408 10124 20071 39175 48514 56006 60001 700// 333 60007 90710 91110 555 60005=
07591,2009-10-09 01:00:00,11.9,,-0.2,68,6.2,,7.408,18.52,,50,,,0,,,,,,,0,og-post,,,,AAXX 09014 07591 24/// /0504 10119 20062 39175 48513 58002 700// 333 60005 90710 91110=
07591,2009-10-09 02:00:00,12.3,,1.6,84,9.7,,11.112,31.484,,190,,,0.2,,,,,,,61,og-post,,,,AAXX 09024 07591 24/// /1906 10123 20097 39194 48532 53016 761// 333 69925 90710 91117=
07591,2009-10-09 03:00:00,12.2,,0.6,82,9.2,,18.52,29.632,,10,,,1,1,,,,,,21,og-post,,,,AAXX 09034 07591 24/// /0110 10122 20092 39181 48519 50006 721// 333 60017 90710 91116 555 60015=
07591,2009-10-09 04:00:00,12,,0.1,81,8.8,,3.704,29.632,,230,,,0,,,,,,,0,og-post,,,,AAXX 09044 07591 24/// /2302 10120 20088 39176 48514 50001 700// 333 60005 90710 91116=
07591,2009-10-09 05:00:00,11.3,,-1.8,84,8.7,,7.408,14.816,,50,,,0,,,,,,,0,og-post,,,,AAXX 09054 07591 24/// /0504 10113 20087 39176 48513 56018 700// 333 60005 90710 91108=
07591,2009-10-09 06:00:00,11.2,,-0.5,83,8.4,,7.408,14.816,,50,11.2,13.4,0,0,,1,2.6,0.5,9,0,og-post,,,,AAXX 09064 07591 04/// /0504 10112 20084 39176 48513 56005 60012 700// 333 10134 20112 3/009 55005 60007 70026 90710 91108 555 60005=
07591,2009-10-09 07:00:00,11.7,,0.4,81,8.6,,11.112,18.52,,70,,,0,,,,,,,0,og-post,,,,AAXX 09074 07591 24/// /0706 10117 20086 39180 48517 53004 700// 333 60005 90710 91110=
07591,2009-10-09 08:00:00,13.8,,0.6,70,8.4,,7.408,14.816,,70,,,0,,,,,,,0,og-post,,,,AAXX 09084 07591 24/// /0704 10138 20084 39182 48524 53006 700// 333 60005 90710 91108=
07591,2009-10-09 09:00:00,15.2,,0.8,63,8.2,,3.704,14.816,,120,,,0,0,,,,,,0,og-post,,,,AAXX 09094 07591 24/// /1202 10152 20082 39184 48529 51008 700// 333 60007 90710 91108 555 60005=
07591,2009-10-09 10:00:00,16.3,,0.4,59,8.3,,3.704,11.112,,150,,,0,,,,,,,0,og-post,,,,AAXX 09104 07591 24/// /1502 10163 20083 39184 48531 51004 700// 333 60005 90710 91106=
07591,2009-10-09 11:00:00,18,,-0.4,52,8,,3.704,11.112,,220,,,0,,,,,,,0,og-post,,,,AAXX 09114 07591 24/// /2202 10180 20080 39178 48530 58004 700// 333 60005 90710 91106=
07591,2009-10-09 12:00:00,19.4,,-1.4,43,6.5,,14.816,22.224,,200,,,0,0,,,,,,0,og-post,,,,AAXX 09124 07591 04/// /2008 10194 20065 39170 48525 58014 60001 700// 333 60007 90710 91112 555 60005=
07591,2009-10-09 13:00:00,19.3,,-1.7,48,8,,11.112,22.224,,210,,,0,,,,,,,0,og-post,,,,AAXX 09134 07591 24/// /2106 10193 20080 39167 48522 56017 700// 333 60005 90710 91112=
07591,2009-10-09 14:00:00,18.7,,-1.3,52,8.7,,14.816,29.632,,210,,,0,,,,,,,0,og-post,,,,AAXX 09144 07591 24/// /2108 10187 20087 39165 48519 56013 700// 333 60005 90710 91116=
07591,2009-10-09 15:00:00,16.2,,-0.4,68,10.3,,3.704,35.188,,320,,,1,1,,,,,,21,og-post,,,,AAXX 09154 07591 24/// /3202 10162 20103 39166 48515 55004 721// 333 60017 90710 91119 555 60015=
07591,2009-10-09 16:00:00,17.2,,-0.5,59,9.1,,11.112,14.816,,40,,,0,,,,,,,0,og-post,,,,AAXX 09164 07591 24/// /0406 10172 20091 39162 48513 58005 700// 333 60005 90710 91108=
07591,2009-10-09 17:00:00,14.8,,-0.2,70,9.4,,7.408,14.816,,360,,,0,,,,,,,0,og-post,,,,AAXX 09174 07591 24/// /3604 10148 20094 39163 48509 57002 700// 333 60005 90710 91108=
07591,2009-10-09 18:00:00,13.4,,-0.1,76,9.3,,3.704,7.408,,350,11.1,19.9,0,0,,1,,,,0,og-post,,,,AAXX 09184 07591 04/// /3502 10134 20093 39165 48508 55001 60012 700// 333 10199 20111 60007 90710 91104 555 60005=
07591,2009-10-09 19:00:00,12.3,,0.7,79,8.8,,3.704,7.408,,260,,,0,,,,,,,0,og-post,,,,AAXX 09194 07591 24/// /2602 10123 20088 39169 48509 53007 700// 333 60005 90710 91104=
07591,2009-10-09 20:00:00,11.4,,0.8,82,8.4,,3.704,7.408,,20,,,0,,,,,,,0,og-post,,,,AAXX 09204 07591 24/// /0202 10114 20084 39171 48509 52008 700// 333 60005 90710 91104=
07591,2009-10-09 21:00:00,11.2,,0.6,81,8.1,,3.704,11.112,,350,,,0,0,,,,,,0,og-post,,,,AAXX 09214 07591 24/// /3502 10112 20081 39171 48508 51006 700// 333 60007 90710 91106 555 60005=
07591,2009-10-09 22:00:00,11,,0.2,83,8.2,,,11.112,,,,,0,,,,,,,0,og-post,,,,AAXX 09224 07591 24/// /0000 10110 20082 39171 48508 51002 700// 333 60005 90710 91106=
07591,2009-10-09 23:00:00,11.3,,0.1,82,8.3,,,,,,,,0,,,,,,,0,og-post,,,,AAXX 09234 07591 24/// /0000 10113 20083 39172 48509 53001 700// 333 60005 90710 91100=
07591,2009-10-10 00:00:00,11.4,,-0.1,83,8.6,,,,,,,,0,0,,,,,,0,og-post,,,,AAXX 10004 07591 04/// /0000 10114 20086 39170 48508 58001 60001 700// 333 60007 90710 91100 555 60005=
07591,2009-10-10 01:00:00,11.5,,-0.5,81,8.4,,,,,,,,0,,,,,,,0,og-post,,,,AAXX 10014 07591 24/// /0000 10115 20084 39166 48504 58005 700// 333 60005 90710 91100=
07591,2009-10-10 02:00:00,11.5,,-0.9,82,8.5,,,,,,,,0,,,,,,,0,og-post,,,,AAXX 10024 07591 24/// /0000 10115 20085 39163 48502 58009 700// 333 60005 90710 91100=
07591,2009-10-10 03:00:00,11.7,,-0.8,80,8.4,,,,,,,,0,0,,,,,,0,og-post,,,,AAXX 10034 07591 24/// /0000 10117 20084 39162 48501 56008 700// 333 60007 90710 91100 555 60005=
07591,2009-10-10 04:00:00,11.7,,-0.6,79,8.2,,3.704,11.112,,50,,,0,,,,,,,0,og-post,,,,AAXX 10044 07591 24/// /0502 10117 20082 39160 48499 56006 700// 333 60005 90710 91106=
07591,2009-10-10 05:00:00,11.8,,-0.5,81,8.6,,,7.408,,,,,0,,,,,,,0,og-post,,,,AAXX 10054 07591 24/// /0000 10118 20086 39158 48498 58005 700// 333 60005 90710 91104=
07591,2009-10-10 06:00:00,11.4,,-0.3,80,8.1,,,,,,11,13.4,0,0,,,1.4,2.9,8,0,og-post,,,,AAXX 10064 07591 04/// /0000 10114 20081 39159 48498 55003 60002 700// 333 10134 20110 3/008 55029 60007 70014 90710 91100 555 60005=
07591,2009-10-10 07:00:00,12,,-0,82,9,,,7.408,,,,,0,,,,,,,0,og-post,,,,AAXX 10074 07591 24/// /0000 10120 20090 39160 48500 55000 700// 333 60005 90710 91104=
07591,2009-10-10 08:00:00,14.3,,0.1,66,8,,3.704,14.816,,60,,,0,,,,,,,0,og-post,,,,AAXX 10084 07591 24/// /0602 10143 20080 39159 48504 50001 700// 333 60005 90710 91108=
07591,2009-10-10 09:00:00,16.4,,-0.1,57,7.9,,7.408,14.816,,160,,,0,0,,,,,,0,og-post,,,,AAXX 10094 07591 24/// /1604 10164 20079 39158 48508 58001 700// 333 60007 90710 91108 555 60005=
07591,2009-10-10 10:00:00,18.8,,-0.8,46,6.9,,3.704,14.816,,230,,,0,,,,,,,0,og-post,,,,AAXX 10104 07591 24/// /2302 10188 20069 39152 48507 58008 700// 333 60005 90710 91108=
07591,2009-10-10 11:00:00,20,,-1.1,41,6.4,,14.816,25.928,,220,,,0,,,,,,,0,og-post,,,,AAXX 10114 07591 24/// /2208 10200 20064 39148 48506 58011 700// 333 60005 90710 91114=
07591,2009-10-10 12:00:00,21,,-1.7,36,5.4,,14.816,25.928,,210,,,0,0,,,,,,0,og-post,,,,AAXX 10124 07591 04/// /2108 10210 20054 39141 48501 58017 60001 700// 333 60007 90710 91114 555 60005=
07591,2009-10-10 13:00:00,21.4,,-1.7,34,4.9,,18.52,29.632,,220,,,0,,,,,,,0,og-post,,,,AAXX 10134 07591 24/// /2210 10214 20049 39135 48497 58017 700// 333 60005 90710 91116=
07591,2009-10-10 14:00:00,16.5,,-1,64,9.7,,11.112,29.632,,300,,,0.4,,,,,,,60,og-post,,,,AAXX 10144 07591 24/// /3006 10165 20097 39138 48490 55010 760// 333 69945 90710 91116=
07591,2009-10-10 15:00:00,16.2,,-0,65,9.6,,7.408,22.224,,240,,,0.2,0.6,,,,,,60,og-post,,,,AAXX 10154 07591 24/// /2404 10162 20096 39141 48492 55000 760// 333 69967 90710 91112 555 69925=
07591,2009-10-10 16:00:00,17.6,,0.4,55,8.5,,7.408,14.816,,180,,,0,,,,,,,0,og-post,,,,AAXX 10164 07591 24/// /1804 10176 20085 39139 48493 50004 700// 333 60005 90710 91108=
07591,2009-10-10 17:00:00,14.8,,0.9,68,9,,,11.112,,,,,0,,,,,,,0,og-post,,,,AAXX 10174 07591 24/// /0000 10148 20090 39147 48494 53009 700// 333 60005 90710 91106=
07591,2009-10-10 18:00:00,12.9,,1.2,72,8,,3.704,14.816,,70,11.4,21.9,0,0,,0.6,,,,0,og-post,,,,AAXX 10184 07591 04/// /0702 10129 20080 39153 48495 53012 69962 700// 333 10219 20114 60007 90710 91108 555 60005=
07591,2009-10-10 19:00:00,11.6,,1.9,79,8.1,,3.704,11.112,,340,,,0,,,,,,,0,og-post,,,,AAXX 10194 07591 24/// /3402 10116 20081 39158 48497 51019 700// 333 60005 90710 91106=
07591,2009-10-10 20:00:00,10.3,,1.8,81,7.2,,3.704,11.112,,170,,,0,,,,,,,0,og-post,,,,AAXX 10204 07591 24/// /1702 10103 20072 39165 48500 53018 700// 333 60005 90710 91106=
07591,2009-10-10 21:00:00,9.3,,1.3,79,5.9,,,7.408,,,,,0,0,,,,,,0,og-post,,,,AAXX 10214 07591 24/// /0000 10093 20059 39166 48499 51013 700// 333 60007 90710 91104 555 60005=
07591,2009-10-10 22:00:00,8.3,,1,83,5.6,,,11.112,,,,,0,,,,,,,0,og-post,,,,AAXX 10224 07591 24/// /0000 10083 20056 39168 48498 51010 700// 333 60005 90710 91106=
07591,2009-10-10 23:00:00,7.8,,0.4,83,5.1,,7.408,14.816,,60,,,0,,,,,,,0,og-post,,,,AAXX 10234 07591 24/// /0604 10078 20051 39169 48498 52004 700// 333 60005 90710 91108=
07591,2009-10-11 00:00:00,7.1,,0.1,84,4.6,,3.704,11.112,,50,,,0,0,,,,,,0,og-post,,,,AAXX 11004 07591 04/// /0502 10071 20046 39167 48495 50001 60001 700// 333 60007 90710 91106 555 60005=
07591,2009-10-11 01:00:00,6.9,,-0.5,80,3.7,,7.408,14.816,,30,,,0,,,,,,,0,og-post,,,,AAXX 11014 07591 24/// /0304 10069 20037 39163 48491 58005 700// 333 60005 90710 91108=
07591,2009-10-11 02:00:00,6.1,,-1.1,83,3.4,,3.704,14.816,,260,,,0,,,,,,,0,og-post,,,,AAXX 11024 07591 24/// /2602 10061 20034 39158 48484 58011 700// 333 60005 90710 91108=
07591,2009-10-11 03:00:00,5.7,,-0.5,83,3,,3.704,11.112,,40,,,0,0,,,,,,0,og-post,,,,AAXX 11034 07591 24/// /0402 10057 20030 39162 48487 55005 700// 333 60007 90710 91106 555 60005=
07591,2009-10-11 04:00:00,5.9,,-0,72,1.2,,3.704,11.112,,340,,,0,,,,,,,0,og-post,,,,AAXX 11044 07591 24/// /3402 10059 20012 39163 48488 55000 700// 333 60005 90710 91106=
07591,2009-10-11 05:00:00,6.1,,0.4,72,1.4,,3.704,11.112,,250,,,0,,,,,,,0,og-post,,,,AAXX 11054 07591 24/// /2502 10061 20014 39162 48488 50004 700// 333 60005 90710 91106=
07591,2009-10-11 06:00:00,5.3,,0.5,78,1.8,,3.704,11.112,,300,5.2,12.9,0,0,,,0.6,7.5,1,0,og-post,,,,AAXX 11064 07591 04/// /3002 10053 20018 39167 48490 53005 60002 700// 333 10129 20052 3/001 55075 60007 70006 90710 91106 555 60005=
07591,2009-10-11 07:00:00,7.5,,1,63,0.9,,,11.112,,,,,0,,,,,,,0,og-post,,,,AAXX 11074 07591 24/// /0000 10075 20009 39173 48500 53010 700// 333 60005 90710 91106=
07591,2009-10-11 08:00:00,10.5,,1.1,50,0.5,,3.704,11.112,,90,,,0,,,,,,,0,og-post,,,,AAXX 11084 07591 24/// /0902 10105 20005 39173 48507 51011 700// 333 60005 90710 91106=
07591,2009-10-11 09:00:00,13.5,,0.1,40,0.2,,3.704,11.112,,180,,,0,0,,,,,,0,og-post,,,,AAXX 11094 07591 24/// /1802 10135 20002 39168 48509 50001 700// 333 60007 90710 91106 555 60005=
07591,2009-10-11 10:00:00,15.6,,-0.6,30,-1.9,,7.408,14.816,,180,,,0,,,,,,,0,og-post,,,,AAXX 11104 07591 24/// /1804 10156 21019 39167 48513 58006 700// 333 60005 90710 91108=
07591,2009-10-11 11:00:00,17.4,,-0.9,30,-0.3,,11.112,18.52,,210,,,0,,,,,,,0,og-post,,,,AAXX 11114 07591 24/// /2106 10174 21003 39164 48514 56009 700// 333 60005 90710 91110=
07591,2009-10-11 12:00:00,19.2,,-1.3,26,-0.7,,11.112,22.224,,190,,,0,0,,,,,,0,og-post,,,,AAXX 11124 07591 04/// /1906 10192 21007 39155 48510 58013 60001 700// 333 60007 90710 91112 555 60005=
07591,2009-10-11 13:00:00,20.2,,-1.9,25,-0.4,,14.816,25.928,,200,,,0,,,,,,,0,og-post,,,,AAXX 11134 07591 24/// /2008 10202 21004 39148 48505 58019 700// 333 60005 90710 91114=
07591,2009-10-11 14:00:00,20,,-1.9,27,0.5,,18.52,31.484,,210,,,0,,,,,,,0,og-post,,,,AAXX 11144 07591 24/// /2110 10200 20005 39145 48502 56019 700// 333 60005 90710 91117=
07591,2009-10-11 15:00:00,19.1,,-1.1,31,1.6,,18.52,35.188,,210,,,0,0,,,,,,0,og-post,,,,AAXX 11154 07591 24/// /2110 10191 20016 39144 48500 56011 700// 333 60007 90710 91119 555 60005=
07591,2009-10-11 16:00:00,18.5,,-0.2,34,2.4,,7.408,29.632,,200,,,0,,,,,,,0,og-post,,,,AAXX 11164 07591 24/// /2004 10185 20024 39146 48500 55002 700// 333 60005 90710 91116=
07591,2009-10-11 17:00:00,15.5,,0.2,42,2.7,,7.408,22.224,,200,,,0,,,,,,,0,og-post,,,,AAXX 11174 07591 24/// /2004 10155 20027 39147 48495 53002 700// 333 60005 90710 91112=
07591,2009-10-11 18:00:00,13,,0.9,52,3.4,,,14.816,,,5.2,20.3,0,0,,,,,,0,og-post,,,,AAXX 11184 07591 04/// /0000 10130 20034 39153 48495 53009 60002 700// 333 10203 20052 60007 90710 91108 555 60005=
07591,2009-10-11 19:00:00,11.1,,0.9,62,4.1,,,,,,,,0,,,,,,,0,og-post,,,,AAXX 11194 07591 24/// /0000 10111 20041 39155 48493 53009 700// 333 60005 90710 91100=
07591,2009-10-11 20:00:00,10.2,,0.8,64,3.7,,,,,,,,0,,,,,,,0,og-post,,,,AAXX 11204 07591 24/// /0000 10102 20037 39155 48491 51008 700// 333 60005 90710 91100=
07591,2009-10-11 21:00:00,9.1,,0.4,68,3.5,,,,,,,,0,0,,,,,,0,og-post,,,,AAXX 11214 07591 24/// /0000 10091 20035 39157 48490 52004 700// 333 60007 90710 91100 555 60005=
07591,2009-10-11 22:00:00,8.4,,0.1,72,3.7,,3.704,11.112,,310,,,0,,,,,,,0,og-post,,,,AAXX 11224 07591 24/// /3102 10084 20037 39156 48488 50001 700// 333 60005 90710 91106=
07591,2009-10-11 23:00:00,8,,-0.6,71,3.1,,,7.408,,,,,0,,,,,,,0,og-post,,,,AAXX 11234 07591 24/// /0000 10080 20031 39149 48481 58006 700// 333 60005 90710 91104=
07591,2009-10-12 00:00:00,7.5,,-1.1,72,2.8,,,11.112,,,,,0,0,,,,,,0,og-post,,,,AAXX 12004 07591 04/// /0000 10075 20028 39146 48477 58011 60001 700// 333 60007 90710 91106 555 60005=
07591,2009-10-12 01:00:00,6.9,,-1.8,74,2.6,,3.704,7.408,,10,,,0,,,,,,,0,og-post,,,,AAXX 12014 07591 24/// /0102 10069 20026 39138 48468 58018 700// 333 60005 90710 91104=
07591,2009-10-12 02:00:00,6.8,,-1.7,73,2.3,,7.408,18.52,,10,,,0,,,,,,,0,og-post,,,,AAXX 12024 07591 24/// /0104 10068 20023 39132 48463 58017 700// 333 60005 90710 91110=
07591,2009-10-12 03:00:00,6.4,,-2.1,75,2.3,,3.704,18.52,,330,,,0,0,,,,,,0,og-post,,,,AAXX 12034 07591 24/// /3302 10064 20023 39125 48456 56021 700// 333 60007 90710 91110 555 60005=
07591,2009-10-12 04:00:00,5.9,,-2,77,2.2,,3.704,14.816,,30,,,0,,,,,,,0,og-post,,,,AAXX 12044 07591 24/// /0302 10059 20022 39118 48448 58020 700// 333 60005 90710 91108=
07591,2009-10-12 05:00:00,5.8,,-2,77,2.1,,14.816,22.224,,40,,,0,,,,,,,0,og-post,,,,AAXX 12054 07591 24/// /0408 10058 20021 39112 48443 56020 700// 333 60005 90710 91112=
07591,2009-10-12 06:00:00,6.2,,-1.8,74,1.9,,14.816,22.224,,40,5.5,13,0,0,,,0,10,3,0,og-post,,,,AAXX 12064 07591 04/// /0408 10062 20019 39107 48439 56018 60002 700// 333 10130 20055 3/003 55100 60007 70000 90710 91112 555 60005=
07591,2009-10-12 07:00:00,8.1,,-1.5,67,2.4,,11.112,22.224,,30,,,0,,,,,,,0,og-post,,,,AAXX 12074 07591 24/// /0306 10081 20024 39103 48440 56015 700// 333 60005 90710 91112=
07591,2009-10-12 08:00:00,10.5,,-1.6,58,2.6,,7.408,14.816,,60,,,0,,,,,,,0,og-post,,,,AAXX 12084 07591 24/// /0604 10105 20026 39096 48438 58016 700// 333 60005 90710 91108=
07591,2009-10-12 09:00:00,14.6,,-1.1,47,3.4,,7.408,14.816,,60,,,0,0,,,,,,0,og-post,,,,AAXX 12094 07591 24/// /0604 10146 20034 39096 48446 56011 700// 333 60007 90710 91108 555 60005=
07591,2009-10-12 10:00:00,16.9,,-1,40,3.2,,7.408,18.52,,170,,,0,,,,,,,0,og-post,,,,AAXX 12104 07591 24/// /1704 10169 20032 39093 48448 56010 700// 333 60005 90710 91110=
07591,2009-10-12 11:00:00,17.6,,-0.7,5,-22.4,,46.3,75.932,75.932,30,,,0,,,,,,,0,og-post,,,,AAXX 12114 07591 24/// /0325 10176 21224 39089 48444 58007 700// 333 60005 91041 90710 91141=
07591,2009-10-12 12:00:00,16.9,,-0.8,5,-22.9,,50.004,90.748,87.044,70,,,0,0,,,,,,0,og-post,,,,AAXX 12124 07591 04/// /0727 10169 21229 39088 48442 56008 60001 700// 333 60007 91047 90710 91149 555 60005=
07591,2009-10-12 13:00:00,17.2,,-0.7,6,-20.7,,53.708,100.008,96.304,60,,,0,,,,,,,0,og-post,,,,AAXX 12134 07591 24/// /0629 10172 21207 39086 48441 56007 700// 333 60005 91052 90710 91154=
07591,2009-10-12 14:00:00,17.3,,-0.1,6,-20.6,,42.596,96.304,90.748,60,,,0,,,,,,,0,og-post,,,,AAXX 12144 07591 24/// /0623 10173 21206 39088 48443 55001 700// 333 60005 91049 90710 91152=
07591,2009-10-12 15:00:00,17.1,,0.7,5,-22.8,,42.596,100.008,87.044,60,,,0,0,,,,,,0,og-post,,,,AAXX 12154 07591 24/// /0623 10171 21228 39095 48449 53007 700// 333 60007 91047 90710 91154 555 60005=
07591,2009-10-12 16:00:00,16.2,,2.2,6,-21.4,,38.892,90.748,83.34,50,,,0,,,,,,,0,og-post,,,,AAXX 12164 07591 24/// /0521 10162 21214 39108 48459 53022 700// 333 60005 91045 90710 91149=
07591,2009-10-12 17:00:00,14.9,,3.2,9,-17.6,,35.188,87.044,64.82,20,,,0,,,,,,,0,og-post,,,,AAXX 12174 07591 24/// /0219 10149 21176 39120 48467 53032 700// 333 60005 91035 90710 91147=
07591,2009-10-12 18:00:00,14.4,,3.8,7,-20.9,,29.632,68.524,57.412,20,6,18.3,0,0,,,,,,0,og-post,,,,AAXX 12184 07591 04/// /0216 10144 21209 39133 48478 52038 60002 700// 333 10183 20060 60007 91031 90710 91137 555 60005=
07591,2009-10-12 19:00:00,14.1,,3.4,7,-21.2,,25.928,57.412,,10,,,0,,,,,,,0,og-post,,,,AAXX 12194 07591 24/// /0114 10141 21212 39142 48486 51034 700// 333 60005 90710 91131=
07591,2009-10-12 20:00:00,13.4,,3,7,-21.7,,18.52,50.004,,330,,,0,,,,,,,0,og-post,,,,AAXX 12204 07591 24/// /3310 10134 21217 39150 48491 51030 700// 333 60005 90710 91127=
07591,2009-10-12 21:00:00,9.5,,2.4,26,-9,,7.408,38.892,,210,,,0,0,,,,,,0,og-post,,,,AAXX 12214 07591 24/// /2104 10095 21090 39157 48490 51024 700// 333 60007 90710 91121 555 60005=
07591,2009-10-12 22:00:00,7.3,,2.1,34,-7.5,,3.704,11.112,,250,,,0,,,,,,,0,og-post,,,,AAXX 12224 07591 24/// /2502 10073 21075 39163 48490 51021 700// 333 60005 90710 91106=
07591,2009-10-12 23:00:00,5.5,,1.5,38,-7.7,,3.704,7.408,,340,,,0,,,,,,,0,og-post,,,,AAXX 12234 07591 24/// /3402 10055 21077 39165 48488 51015 700// 333 60005 90710 91104=
07591,2009-10-13 00:00:00,4.2,,0.9,45,-6.7,,3.704,11.112,,290,,,0,0,,,,,,0,og-post,,,,AAXX 13004 07591 04/// /2902 10042 21067 39166 48486 51009 60001 700// 333 60007 90710 91106 555 60005=
07591,2009-10-13 01:00:00,3.4,,0.2,46,-7.1,,7.408,18.52,,350,,,0,,,,,,,0,og-post,,,,AAXX 13014 07591 24/// /3504 10034 21071 39165 48484 50002 700// 333 60005 90710 91110=
07591,2009-10-13 02:00:00,2.4,,-0.2,51,-6.7,,,7.408,,,,,0,,,,,,,0,og-post,,,,AAXX 13024 07591 24/// /0000 10024 21067 39163 48480 58002 700// 333 60005 90710 91104=
07591,2009-10-13 03:00:00,1.5,,-0.2,56,-6.3,,3.704,7.408,,320,,,0,0,,,,,,0,og-post,,,,AAXX 13034 07591 24/// /3202 10015 21063 39164 48479 55002 700// 333 60007 90710 91104 555 60005=
07591,2009-10-13 04:00:00,1.7,,-0.2,54,-6.6,,3.704,11.112,,20,,,0,,,,,,,0,og-post,,,,AAXX 13044 07591 24/// /0202 10017 21066 39163 48478 56002 700// 333 60005 90710 91106=
07591,2009-10-13 05:00:00,0.8,,0.5,59,-6.3,,3.704,7.408,,30,,,0,,,,,,,0,og-post,,,,AAXX 13054 07591 24/// /0302 10008 21063 39168 48481 53005 700// 333 60005 90710 91104=
07591,2009-10-13 06:00:00,0.3,,0.5,62,-6.1,,3.704,11.112,,10,0.2,14.4,0,0,,,0,9.9,-4,0,og-post,,,,AAXX 13064 07591 04/// /0102 10003 21061 39169 48480 53005 60002 700// 333 10144 20002 3/104 55099 60007 70000 90710 91106 555 60005=
07591,2009-10-13 07:00:00,2.4,,1.1,55,-5.7,,,11.112,,,,,0,,,,,,,0,og-post,,,,AAXX 13074 07591 24/// /0000 10024 21057 39174 48489 52011 700// 333 60005 90710 91106=
07591,2009-10-13 08:00:00,4.7,,0.9,44,-6.5,,,11.112,,,,,0,,,,,,,0,og-post,,,,AAXX 13084 07591 24/// /0000 10047 21065 39177 48497 53009 700// 333 60005 90710 91106=
07591,2009-10-13 09:00:00,8.1,,0.7,37,-5.7,,7.408,11.112,,220,,,0,0,,,,,,0,og-post,,,,AAXX 13094 07591 24/// /2204 10081 21057 39176 48504 50007 700// 333 60007 90710 91106 555 60005=
07591,2009-10-13 10:00:00,10.6,,0.1,28,-7.1,,3.704,18.52,,360,,,0,,,,,,,0,og-post,,,,AAXX 13104 07591 24/// /3602 10106 21071 39175 48508 50001 700// 333 60005 90710 91110=
07591,2009-10-13 11:00:00,13,,-0.5,36,-1.7,,11.112,22.224,,190,,,0,,,,,,,0,og-post,,,,AAXX 13114 07591 24/// /1906 10130 21017 39172 48512 58005 700// 333 6///5 90710 91112=
07591,2009-10-13 12:00:00,14.8,,-1.1,31,-2.1,,14.816,25.928,,210,,,0.8,0,0,,,,,0,og-post,,,,AAXX 13124 07591 04/// /2108 10148 21021 39165 48509 58011 6///1 700// 333 6///7 90710 91114 555 69985=
07591,2009-10-13 13:00:00,16.1,,-1.7,28,-2.4,,14.816,29.632,,210,,,0,,,,,,,0,og-post,,,,AAXX 13134 07591 24/// /2108 10161 21024 39158 48506 58017 700// 333 60005 90710 91116=
07591,2009-10-13 14:00:00,15.7,,-1.8,30,-1.8,,18.52,38.892,,200,,,0.4,,,,,,,0,og-post,,,,AAXX 13144 07591 24/// /2010 10157 21018 39154 48501 56018 700// 333 69945 90710 91121=
07591,2009-10-13 15:00:00,15.2,,-1.1,30,-2.2,,22.224,35.188,,210,,,0,0.4,,,,,,0,og-post,,,,AAXX 13154 07591 24/// /2112 10152 21022 39154 48500 56011 700// 333 69947 90710 91119 555 60005=
07591,2009-10-13 16:00:00,13.4,,-0.2,35,-1.7,,14.816,35.188,,200,,,0,,,,,,,0,og-post,,,,AAXX 13164 07591 24/// /2008 10134 21017 39156 48498 55002 700// 333 60005 90710 91119=
07591,2009-10-13 17:00:00,10.8,,0.8,42,-1.6,,3.704,22.224,,210,,,0,,,,,,,0,og-post,,,,AAXX 13174 07591 24/// /2102 10108 21016 39162 48498 53008 700// 333 60005 90710 91112=
07591,2009-10-13 18:00:00,7.9,,1.2,51,-1.6,,3.704,11.112,,330,0.3,16.3,0,0,,0,,,,0,og-post,,,,AAXX 13184 07591 04/// /3302 10079 21016 39166 48495 53012 6///2 700// 333 10163 20003 60007 90710 91106 555 60005=
07591,2009-10-13 19:00:00,6.1,,1.1,58,-1.5,,3.704,7.408,,340,,,0,,,,,,,0,og-post,,,,AAXX 13194 07591 24/// /3402 10061 21015 39167 48492 51011 700// 333 60005 90710 91104=
07591,2009-10-13 20:00:00,4.5,,1.1,64,-1.7,,,3.704,,,,,0,,,,,,,0,og-post,,,,AAXX 13204 07591 24/// /0000 10045 21017 39173 48494 53011 700// 333 60005 90710 91102=
07591,2009-10-13 21:00:00,4.2,,0.8,65,-1.8,,3.704,7.408,,350,,,0,0,,,,,,0,og-post,,,,AAXX 13214 07591 24/// /3502 10042 21018 39174 48494 52008 700// 333 60007 90710 91104 555 60005=
07591,2009-10-13 22:00:00,3.4,,0.6,68,-1.9,,3.704,7.408,,190,,,0,,,,,,,0,og-post,,,,AAXX 13224 07591 24/// /1902 10034 21019 39173 48491 50006 700// 333 60005 90710 91104=
07591,2009-10-13 23:00:00,2.5,,0,72,-2,,,7.408,,,,,0,,,,,,,0,og-post,,,,AAXX 13234 07591 24/// /0000 10025 21020 39173 48489 50000 700// 333 60005 90710 91104=
07591,2009-10-14 00:00:00,1.7,,-0.3,75,-2.2,,,7.408,,,,,0,0,,,,,,0,og-post,,,,AAXX 14004 07591 04/// /0000 10017 21022 39171 48486 58003 60001 700// 333 60007 90710 91104 555 60005=
07591,2009-10-14 01:00:00,0.9,,-0.6,78,-2.5,,,7.408,,,,,0,,,,,,,0,og-post,,,,AAXX 14014 07591 24/// /0000 10009 21025 39167 48480 58006 700// 333 60005 90710 91104=
07591,2009-10-14 02:00:00,0.2,,-0.8,81,-2.7,,,7.408,,,,,0,,,,,,,0,og-post,,,,AAXX 14024 07591 24/// /0000 10002 21027 39165 48477 57008 700// 333 60005 90710 91104=
07591,2009-10-14 03:00:00,-0.1,,-0.8,80,-3.1,,3.704,7.408,,360,,,0,0,,,,,,0,og-post,,,,AAXX 14034 07591 24/// /3602 11001 21031 39163 48475 56008 700// 333 60007 90710 91104 555 60005=
07591,2009-10-14 04:00:00,,,-0.6,,,,3.704,7.408,,40,,,0,,,,,,,0,og-post,,,,AAXX 14044 07591 24/// /0402 1//// 2//// 39161 48/// 57006 700// 333 60005 90710 91104=
07591,2009-10-14 05:00:00,,,-0.4,,,,,7.408,,,,,0,,,,,,,0,og-post,,,,AAXX 14054 07591 24/// /0000 1//// 2//// 39161 48/// 56004 700// 333 60005 90710 91104=
07591,2009-10-14 06:00:00,-1.2,,-0.2,85,-3.4,,,7.408,,,,,0,0,,,,9.5,,0,og-post,,,,AAXX 14064 07591 04/// /0000 11012 21034 39161 48470 56002 60002 700// 333 1//// 2//// 55095 60007 7//// 90710 91104 555 60005=
07591,2009-10-14 07:00:00,0.1,,-0,81,-2.8,,3.704,7.408,,40,,,0,,,,,,,0,og-post,,,,AAXX 14074 07591 24/// /0402 10001 21028 39161 48473 54000 700// 333 60005 90710 91104=
07591,2009-10-14 08:00:00,3.1,,0.2,69,-2,,3.704,11.112,,60,,,0,,,,,,,0,og-post,,,,AAXX 14084 07591 24/// /0602 10031 21020 39163 48482 53002 700// 333 60005 90710 91106=
07591,2009-10-14 09:00:00,6.7,,0.3,58,-1,,3.704,11.112,,220,,,0,0,,,,,,0,og-post,,,,AAXX 14094 07591 24/// /2202 10067 21010 39164 48491 53003 700// 333 60007 90710 91106 555 60005=
07591,2009-10-14 10:00:00,9.4,,-0.2,50,-0.5,,7.408,14.816,,210,,,0,,,,,,,0,og-post,,,,AAXX 14104 07591 24/// /2104 10094 21005 39159 48492 58002 700// 333 60005 90710 91108=
07591,2009-10-14 11:00:00,11.4,,-0.8,41,-1.4,,14.816,25.928,,200,,,0,,,,,,,0,og-post,,,,AAXX 14114 07591 24/// /2008 10114 21014 39155 48493 58008 700// 333 60005 90710 91114=
07591,2009-10-14 12:00:00,12.9,,-1.8,33,-3,,14.816,31.484,,190,,,0,0,,,,,,0,og-post,,,,AAXX 14124 07591 04/// /1908 10129 21030 39146 48488 58018 60001 700// 333 60007 90710 91117 555 60005=
07591,2009-10-14 13:00:00,13.4,,-1.8,33,-2.5,,22.224,35.188,,210,,,0,,,,,,,0,og-post,,,,AAXX 14134 07591 24/// /2112 10134 21025 39141 48484 58018 700// 333 60005 90710 91119=
07591,2009-10-14 14:00:00,13.4,,-1.6,33,-2.5,,22.224,38.892,,210,,,0,,,,,,,0,og-post,,,,AAXX 14144 07591 24/// /2112 10134 21025 39139 48482 56016 700// 333 60005 90710 91121=
07591,2009-10-14 15:00:00,12.9,,-0.7,35,-2.2,,18.52,38.892,,200,,,0,0,,,,,,0,og-post,,,,AAXX 14154 07591 24/// /2010 10129 21022 39139 48481 56007 700// 333 60007 90710 91121 555 60005=
07591,2009-10-14 16:00:00,11.5,,0.2,38,-2.3,,18.52,38.892,,200,,,0,,,,,,,0,og-post,,,,AAXX 14164 07591 24/// /2010 10115 21023 39143 48482 53002 700// 333 60005 90710 91121=
07591,2009-10-14 17:00:00,9.1,,1.1,45,-2.2,,11.112,29.632,,200,,,0,,,,,,,0,og-post,,,,AAXX 14174 07591 24/// /2006 10091 21022 39150 48483 53011 700// 333 60005 90710 91116=
07591,2009-10-14 18:00:00,7.5,,1.8,49,-2.5,,11.112,22.224,,200,-1.4,13.9,0,0,,,,,,0,og-post,,,,AAXX 14184 07591 04/// /2006 10075 21025 39157 48486 53018 60002 700// 333 10139 21014 60007 90710 91112 555 60005=
07591,2009-10-14 19:00:00,5.6,,1.7,55,-2.7,,,14.816,,,,,0,,,,,,,0,og-post,,,,AAXX 14194 07591 24/// /0000 10056 21027 39160 48484 51017 700// 333 60005 90710 91108=
07591,2009-10-14 20:00:00,3.5,,1.4,63,-2.9,,3.704,7.408,,350,,,0,,,,,,,0,og-post,,,,AAXX 14204 07591 24/// /3502 10035 21029 39164 48483 51014 700// 333 60005 90710 91104=
07591,2009-10-14 21:00:00,2.8,,1,67,-2.7,,3.704,7.408,,340,,,0,0,,,,,,0,og-post,,,,AAXX 14214 07591 24/// /3402 10028 21027 39167 48484 52010 700// 333 60007 90710 91104 555 60005=
07591,2009-10-14 22:00:00,1.4,,0.8,74,-2.7,,,11.112,,,,,0,,,,,,,0,og-post,,,,AAXX 14224 07591 24/// /0000 10014 21027 39168 48482 51008 700// 333 60005 90710 91106=
07591,2009-10-14 23:00:00,1,,0.4,74,-3.1,,3.704,11.112,,320,,,0,,,,,,,0,og-post,,,,AAXX 14234 07591 24/// /3202 10010 21031 39168 48481 51004 700// 333 60005 90710 91106=
07591,2009-10-15 00:00:00,0.3,,-0.1,77,-3.2,,3.704,7.408,,360,,,0,0,,,,,,0,og-post,,,,AAXX 15004 07591 04/// /3602 10003 21032 39166 48478 58001 60001 700// 333 60007 90710 91104 555 60005=
07591,2009-10-15 01:00:00,0.4,,-0.6,76,-3.3,,3.704,11.112,,10,,,0,,,,,,,0,og-post,,,,AAXX 15014 07591 24/// /0102 10004 21033 39162 48475 58006 700// 333 60005 90710 91106=
07591,2009-10-15 02:00:00,,,-0.8,,,,,11.112,,,,,0,,,,,,,0,og-post,,,,AAXX 15024 07591 24/// /0000 1//// 2//// 39160 48/// 57008 700// 333 60005 90710 91106=
07591,2009-10-15 03:00:00,,,-1,,,,3.704,7.408,,20,,,0,0,,,,,,0,og-post,,,,AAXX 15034 07591 24/// /0202 1//// 2//// 39156 48/// 57010 700// 333 60007 90710 91104 555 60005=
07591,2009-10-15 04:00:00,,,-0.6,,,,7.408,11.112,,60,,,0,,,,,,,0,og-post,,,,AAXX 15044 07591 24/// /0604 1//// 2//// 39156 48/// 56006 700// 333 60005 90710 91106=
07591,2009-10-15 05:00:00,,,-0.5,,,,3.704,11.112,,40,,,0,,,,,,,0,og-post,,,,AAXX 15054 07591 24/// /0402 1//// 2//// 39155 48/// 56005 700// 333 60005 90710 91106=
07591,2009-10-15 06:00:00,,,0.1,,,,3.704,11.112,,320,,,0,0,,,0,9.8,,0,og-post,,,,AAXX 15064 07591 04/// /3202 1//// 2//// 39157 48/// 53001 60002 700// 333 1//// 2//// 55098 60007 70000 90710 91106 555 60005=
07591,2009-10-15 07:00:00,,,-0.2,,,,11.112,18.52,,40,,,0,,,,,,,0,og-post,,,,AAXX 15074 07591 24/// /0406 1//// 2//// 39154 48/// 58002 700// 333 60005 90710 91110=
07591,2009-10-15 08:00:00,,,0,,,,3.704,22.224,,90,,,0,,,,,,,0,og-post,,,,AAXX 15084 07591 24/// /0902 1//// 2//// 39155 48/// 50000 700// 333 60005 90710 91112=
07591,2009-10-15 09:00:00,,,-0.4,,,,3.704,11.112,,220,,,0,0,,,,,,0,og-post,,,,AAXX 15094 07591 24/// /2202 1//// 2//// 39153 48/// 56004 700// 333 60007 90710 91106 555 60005=
07591,2009-10-15 10:00:00,,,-0.5,,,,7.408,14.816,,190,,,0,,,,,,,0,og-post,,,,AAXX 15104 07591 24/// /1904 1//// 2//// 39149 48/// 58005 700// 333 60005 90710 91108=
07591,2009-10-15 11:00:00,,,-1,,,,11.112,18.52,,200,,,0,,,,,,,0,og-post,,,,AAXX 15114 07591 24/// /2006 1//// 2//// 39145 48/// 58010 700// 333 60005 90710 91110=
07591,2009-10-15 12:00:00,,,-1.4,,,,14.816,29.632,,200,,,0,0,,,,,,0,og-post,,,,AAXX 15124 07591 04/// /2008 1//// 2//// 39139 48/// 58014 60001 700// 333 60007 90710 91116 555 60005=
07591,2009-10-15 13:00:00,,,-1.4,,,,18.52,31.484,,200,,,0,,,,,,,0,og-post,,,,AAXX 15134 07591 24/// /2010 1//// 2//// 39135 48/// 57014 700// 333 60005 90710 91117=
07591,2009-10-15 14:00:00,11.9,,-1.1,38,-1.9,,22.224,38.892,,210,,,0,,,,,,,0,og-post,,,,AAXX 15144 07591 24/// /2112 10119 21019 39134 48475 56011 700// 333 60005 90710 91121=
07591,2009-10-15 15:00:00,,,-0,,,,22.224,38.892,,210,,,0,0,,,,,,0,og-post,,,,AAXX 15154 07591 24/// /2112 1//// 2//// 39139 48/// 55000 700// 333 60007 90710 91121 555 60005=
07591,2009-10-15 16:00:00,,,0.7,,,,14.816,31.484,,200,,,0,,,,,,,0,og-post,,,,AAXX 15164 07591 24/// /2008 1//// 2//// 39142 48/// 53007 700// 333 60005 90710 91117=
07591,2009-10-15 17:00:00,,,1.8,,,,14.816,29.632,,200,,,0,,,,,,,0,og-post,,,,AAXX 15174 07591 24/// /2008 1//// 2//// 39152 48/// 53018 700// 333 60005 90710 91116=
07591,2009-10-15 18:00:00,,,2.3,,,,11.112,25.928,,180,,,0,0,,,,,,0,og-post,,,,AAXX 15184 07591 04/// /1806 1//// 2//// 39162 48/// 53023 60002 700// 333 1//// 2//// 60007 90710 91114 555 60005=
07591,2009-10-15 19:00:00,,,2.8,,,,3.704,18.52,,200,,,0,,,,,,,0,og-post,,,,AAXX 15194 07591 24/// /2002 1//// 2//// 39170 48/// 51028 700// 333 60005 90710 91110=
07591,2009-10-15 20:00:00,,,1.9,,,,3.704,11.112,,220,,,0,,,,,,,0,og-post,,,,AAXX 15204 07591 24/// /2202 1//// 2//// 39171 48/// 51019 700// 333 60005 90710 91106=
07591,2009-10-15 21:00:00,,,1.1,,,,3.704,7.408,,330,,,0,0,,,,,,0,og-post,,,,AAXX 15214 07591 24/// /3302 1//// 2//// 39173 48/// 51011 700// 333 60007 90710 91104 555 60005=
07591,2009-10-15 22:00:00,,,0.6,,,,,7.408,,,,,0,,,,,,,0,og-post,,,,AAXX 15224 07591 24/// /0000 1//// 2//// 39176 48/// 53006 700// 333 60005 90710 91104=
07591,2009-10-15 23:00:00,,,0.8,,,,3.704,7.408,,10,,,0,,,,,,,0,og-post,,,,AAXX 15234 07591 24/// /0102 1//// 2//// 39179 48/// 53008 700// 333 60005 90710 91104=
07591,2009-10-16 00:00:00,,,0.5,,,,3.704,11.112,,40,,,0,0,,,,,,0,og-post,,,,AAXX 16004 07591 04/// /0402 1//// 2//// 39178 48/// 50005 60001 700// 333 60007 90710 91106 555 60005=
07591,2009-10-16 01:00:00,,,-0.2,,,,7.408,18.52,,350,,,0,,,,,,,0,og-post,,,,AAXX 16014 07591 24/// /3504 1//// 2//// 39174 48/// 58002 700// 333 60005 90710 91110=
07591,2009-10-16 02:00:00,,,-1,,,,3.704,18.52,,180,,,0,,,,,,,0,og-post,,,,AAXX 16024 07591 24/// /1802 1//// 2//// 39169 48/// 58010 700// 333 60005 90710 91110=
07591,2009-10-16 03:00:00,,,-0.4,,,,,3.704,,,,,0,0,,,,,,0,og-post,,,,AAXX 16034 07591 24/// /0000 1//// 2//// 39174 48/// 55004 700// 333 60007 90710 91102 555 60005=
07591,2009-10-16 04:00:00,,,0.2,,,,3.704,7.408,,30,,,0,,,,,,,0,og-post,,,,AAXX 16044 07591 24/// /0302 1//// 2//// 39176 48/// 53002 700// 333 60005 90710 91104=
07591,2009-10-16 05:00:00,,,0.9,,,,,7.408,,,,,0,,,,,,,0,og-post,,,,AAXX 16054 07591 24/// /0000 1//// 2//// 39178 48/// 51009 700// 333 60005 90710 91104=
07591,2009-10-16 06:00:00,,,0.7,,,,3.704,7.408,,310,,,0,0,,,0,9.1,,0,og-post,,,,AAXX 16064 07591 04/// /3102 1//// 2//// 39181 48/// 53007 60002 700// 333 1//// 2//// 55091 60007 70000 90710 91104 555 60005=
07591,2009-10-16 07:00:00,,,1.1,,,,3.704,7.408,,250,,,0,,,,,,,0,og-post,,,,AAXX 16074 07591 24/// /2502 1//// 2//// 39187 48/// 53011 700// 333 60005 90710 91104=
07591,2009-10-16 08:00:00,,,0.7,,,,,11.112,,,,,0,,,,,,,0,og-post,,,,AAXX 16084 07591 24/// /0000 1//// 2//// 39185 48/// 50007 700// 333 60005 90710 91106=
07591,2009-10-16 11:00:00,9,,-0.7,47,-1.7,,11.112,,,200,,,0,,,,,,,0,og-post,,,,AAXX 16114 07591 24/// /2006 10090 21017 39178 48508 54007 700// 333 6///5=
07591,2009-10-16 12:00:00,11.1,,,39,-2.3,,11.112,25.928,,220,,,0,0,0,,,,,0,og-post,,,,AAXX 16124 07591 04/// /2206 10111 21023 39175 48510 6///1 700// 333 6///7 90710 91114 555 60005=
07591,2009-10-16 13:00:00,12.9,,,36,-1.8,,11.112,22.224,,200,,,0,,,,,,,0,og-post,,,,AAXX 16134 07591 24/// /2006 10129 21018 39170 48509 700// 333 60005 90710 91112=
07591,2009-10-16 14:00:00,13.1,,-1.7,34,-2.4,,18.52,29.632,,210,,,0,,,,,,,0,og-post,,,,AAXX 16144 07591 24/// /2110 10131 21024 39161 48502 58017 700// 333 60005 90710 91116=
07591,2009-10-16 15:00:00,12.2,,-1.4,37,-2,,22.224,35.188,,210,,,0,0,,,,,,0,og-post,,,,AAXX 16154 07591 24/// /2112 10122 21020 39161 48500 56014 700// 333 60007 90710 91119 555 60005=
07591,2009-10-16 16:00:00,11.1,,-1.3,39,-2.3,,14.816,31.484,,210,,,0,,,,,,,0,og-post,,,,AAXX 16164 07591 24/// /2108 10111 21023 39157 48494 56013 700// 333 60005 90710 91117=
07591,2009-10-16 17:00:00,7.7,,-0,54,-1,,7.408,25.928,,180,,,0,,,,,,,0,og-post,,,,AAXX 16174 07591 24/// /1804 10077 21010 39161 48490 55000 700// 333 60005 90710 91114=
07591,2009-10-16 18:00:00,5.6,,0.3,60,-1.5,,3.704,11.112,,180,,,0,0,,0,,,,0,og-post,,,,AAXX 16184 07591 04/// /1802 10056 21015 39164 48488 53003 6///2 700// 333 1//// 2//// 60007 90710 91106 555 60005=
07591,2009-10-16 19:00:00,3.8,,0.2,67,-1.7,,3.704,7.408,,340,,,0,,,,,,,0,og-post,,,,AAXX 16194 07591 24/// /3402 10038 21017 39159 48480 50002 700// 333 60005 90710 91104=
07591,2009-10-16 20:00:00,2.7,,-0.7,73,-1.6,,3.704,7.408,,330,,,0,,,,,,,0,og-post,,,,AAXX 16204 07591 24/// /3302 10027 21016 39154 48473 58007 700// 333 60005 90710 91104=
07591,2009-10-16 21:00:00,1.5,,-1.9,77,-2.1,,3.704,3.704,,300,,,0,0,,,,,,0,og-post,,,,AAXX 16214 07591 24/// /3002 10015 21021 39145 48463 58019 700// 333 60007 90710 91102 555 60005=
07591,2009-10-16 22:00:00,1.1,,-1.7,77,-2.5,,7.408,11.112,,30,,,0,,,,,,,0,og-post,,,,AAXX 16224 07591 24/// /0304 10011 21025 39142 48459 56017 700// 333 60005 90710 91106=
07591,2009-10-16 23:00:00,0.1,,-1.9,80,-2.9,,3.704,11.112,,30,,,0,,,,,,,0,og-post,,,,AAXX 16234 07591 24/// /0302 10001 21029 39135 48451 56019 700// 333 60005 90710 91106=
07591,2009-10-17 00:00:00,-0.5,,-1.4,82,-3.2,,3.704,11.112,,200,,,0,0,,,,,,0,og-post,,,,AAXX 17004 07591 04/// /2002 11005 21032 39131 48446 58014 60001 700// 333 60007 90710 91106 555 60005=
07591,2009-10-17 01:00:00,-0.5,,-1.5,83,-3,,3.704,7.408,,280,,,0,,,,,,,0,og-post,,,,AAXX 17014 07591 24/// /2802 11005 21030 39127 48443 56015 700// 333 60005 90710 91104=
07591,2009-10-17 02:00:00,8.5,,-1.6,33,-6.8,,25.928,46.3,,70,,,0,,,,,,,0,og-post,,,,AAXX 17024 07591 24/// /0714 10085 21068 39119 48454 58016 700// 333 60005 90710 91125=
07591,2009-10-17 03:00:00,8.6,,-1.8,29,-8.4,,31.484,72.228,57.412,50,,,0,0,,,,,,0,og-post,,,,AAXX 17034 07591 24/// /0517 10086 21084 39113 48449 58018 700// 333 60007 91031 90710 91139 555 60005=
07591,2009-10-17 04:00:00,8.1,,-0.7,30,-8.4,,29.632,57.412,50.004,50,,,0,,,,,,,0,og-post,,,,AAXX 17044 07591 24/// /0516 10081 21084 39120 48454 55007 700// 333 60005 91027 90710 91131=
07591,2009-10-17 05:00:00,7.7,,0.4,31,-8.3,,18.52,53.708,,40,,,0,,,,,,,0,og-post,,,,AAXX 17054 07591 24/// /0410 10077 21083 39123 48456 53004 700// 333 60005 90710 91129=
07591,2009-10-17 06:00:00,7,,1.2,32,-8.5,,14.816,35.188,,340,-0.6,9.4,0,0,,,,,-4,0,og-post,,,,AAXX 17064 07591 04/// /3408 10070 21085 39125 48456 51012 60002 700// 333 10094 21006 3/104 55/// 60007 7//// 90710 91119 555 60005=
07591,2009-10-17 07:00:00,4.9,,1.4,47,-5.4,,3.704,25.928,,190,,,0,,,,,,,0,og-post,,,,AAXX 17074 07591 24/// /1902 10049 21054 39134 48460 53014 700// 333 60005 90710 91114=
07591,2009-10-17 08:00:00,8.3,,1.2,34,-6.6,,7.408,11.112,,70,,,0,,,,,,,0,og-post,,,,AAXX 17084 07591 24/// /0704 10083 21066 39135 48468 51012 700// 333 60005 90710 91106=
07591,2009-10-17 09:00:00,10.2,,0.6,32,-5.7,,7.408,18.52,,210,,,0,0,,,,,,0,og-post,,,,AAXX 17094 07591 24/// /2104 10102 21057 39131 48468 50006 700// 333 60007 90710 91110 555 60005=
07591,2009-10-17 10:00:00,10.9,,-0.7,31,-5.5,,18.52,29.632,,210,,,0,,,,,,,0,og-post,,,,AAXX 17104 07591 24/// /2110 10109 21055 39127 48466 58007 700// 333 60005 90710 91116=
07591,2009-10-17 11:00:00,11.1,,-0.7,33,-4.5,,25.928,42.596,,210,,,0,,,,,,,0,og-post,,,,AAXX 17114 07591 24/// /2114 10111 21045 39128 48467 55007 700// 333 60005 90710 91123=
07591,2009-10-17 12:00:00,11.3,,-0.7,36,-3.2,,25.928,46.3,,210,,,0,0,,,,,,0,og-post,,,,AAXX 17124 07591 04/// /2114 10113 21032 39124 48464 57007 60001 700// 333 60007 90710 91125 555 60005=
07591,2009-10-17 13:00:00,12.1,,-0.9,32,-4.1,,22.224,38.892,,230,,,0,,,,,,,0,og-post,,,,AAXX 17134 07591 24/// /2312 10121 21041 39118 48461 58009 700// 333 60005 90710 91121=
07591,2009-10-17 14:00:00,12.4,,-1.5,34,-3,,22.224,38.892,,220,,,0,,,,,,,0,og-post,,,,AAXX 17144 07591 24/// /2212 10124 21030 39113 48457 58015 700// 333 60005 90710 91121=
07591,2009-10-17 15:00:00,11.6,,-1.8,34,-3.7,,22.224,42.596,,210,,,0,0,,,,,,0,og-post,,,,AAXX 17154 07591 24/// /2112 10116 21037 39106 48449 58018 700// 333 60007 90710 91123 555 60005=
07591,2009-10-17 16:00:00,9.7,,-0.9,44,-1.9,,22.224,38.892,,210,,,0,,,,,,,0,og-post,,,,AAXX 17164 07591 24/// /2112 10097 21019 39109 48448 55009 700// 333 60005 90710 91121=
07591,2009-10-17 17:00:00,7.9,,-0.1,50,-1.9,,7.408,35.188,,180,,,0,,,,,,,0,og-post,,,,AAXX 17174 07591 24/// /1804 10079 21019 39112 48447 55001 700// 333 60005 90710 91119=
07591,2009-10-17 18:00:00,7.6,,1,46,-3.3,,11.112,29.632,,190,4.6,12.7,0,0,,,,,,0,og-post,,,,AAXX 17184 07591 04/// /1906 10076 21033 39116 48450 53010 60002 700// 333 10127 20046 60007 90710 91116 555 60005=
07591,2009-10-17 19:00:00,8,,0.7,32,-7.7,,31.484,57.412,57.412,60,,,0,,,,,,,0,og-post,,,,AAXX 17194 07591 24/// /0617 10080 21077 39116 48450 51007 700// 333 60005 91031 90710 91131=
07591,2009-10-17 20:00:00,7.9,,0.9,31,-8.2,,22.224,57.412,,60,,,0,,,,,,,0,og-post,,,,AAXX 17204 07591 24/// /0612 10079 21082 39121 48454 53009 700// 333 60005 90710 91131=
07591,2009-10-17 21:00:00,7.7,,1.1,32,-7.9,,22.224,46.3,,50,,,0,0,,,,,,0,og-post,,,,AAXX 17214 07591 24/// /0512 10077 21079 39127 48459 53011 700// 333 60007 90710 91125 555 60005=
07591,2009-10-17 22:00:00,6.3,,1.7,49,-3.6,,22.224,50.004,,50,,,0,,,,,,,0,og-post,,,,AAXX 17224 07591 24/// /0512 10063 21036 39133 48462 53017 700// 333 60005 90710 91127=
07591,2009-10-17 23:00:00,6.2,,1.2,45,-4.8,,25.928,46.3,,20,,,0,,,,,,,0,og-post,,,,AAXX 17234 07591 24/// /0214 10062 21048 39133 48462 51012 700// 333 60005 90710 91125=
07591,2009-10-18 00:00:00,5.5,,0.5,48,-4.6,,18.52,35.188,,360,,,0,0,,,,,,0,og-post,,,,AAXX 18004 07591 04/// /3610 10055 21046 39132 48459 50005 60001 700// 333 60007 90710 91119 555 60005=
07591,2009-10-18 01:00:00,5.6,,-0.1,40,-6.9,,18.52,31.484,,360,,,0,,,,,,,0,og-post,,,,AAXX 18014 07591 24/// /3610 10056 21069 39132 48459 57001 700// 333 60005 90710 91117=
07591,2009-10-18 02:00:00,5,,-0.1,41,-7.1,,22.224,38.892,,360,,,0,,,,,,,0,og-post,,,,AAXX 18024 07591 24/// /3612 10050 21071 39132 48458 56001 700// 333 60005 90710 91121=
07591,2009-10-18 03:00:00,4.6,,-0,42,-7.2,,22.224,42.596,,360,,,0,0,,,,,,0,og-post,,,,AAXX 18034 07591 24/// /3612 10046 21072 39132 48457 54000 700// 333 60007 90710 91123 555 60005=
07591,2009-10-18 04:00:00,3.2,,0.6,47,-7,,7.408,31.484,,220,,,0,,,,,,,0,og-post,,,,AAXX 18044 07591 24/// /2204 10032 21070 39138 48460 53006 700// 333 60005 90710 91117=
07591,2009-10-18 05:00:00,1,,0.9,61,-5.7,,3.704,14.816,,260,,,0,,,,,,,0,og-post,,,,AAXX 18054 07591 24/// /2602 10010 21057 39141 48458 53009 700// 333 60005 90710 91108=
07591,2009-10-18 06:00:00,-0.7,,1.9,65,-6.4,,3.704,11.112,,350,-0.7,8,0,0,,,0,9.5,-5,0,og-post,,,,AAXX 18064 07591 04/// /3502 11007 21064 39151 48463 53019 60002 700// 333 10080 21007 3/105 55095 60007 70000 90710 91106 555 60005=
07591,2009-10-18 07:00:00,-0.4,,1.3,65,-6.2,,7.408,7.408,,50,,,0,,,,,,,0,og-post,,,,AAXX 18074 07591 24/// /0504 11004 21062 39151 48463 51013 700// 333 60005 90710 91104=
07591,2009-10-18 08:00:00,4.5,,0.4,45,-6.4,,7.408,18.52,,70,,,0,,,,,,,0,og-post,,,,AAXX 18084 07591 24/// /0704 10045 21064 39145 48469 50004 700// 333 60005 90710 91110=
07591,2009-10-18 09:00:00,6.7,,-0.9,37,-6.9,,7.408,18.52,,110,,,0,0,,,,,,0,og-post,,,,AAXX 18094 07591 24/// /1104 10067 21069 39142 48471 58009 700// 333 60007 90710 91110 555 60005=
07591,2009-10-18 10:00:00,7.8,,-1.3,38,-5.6,,7.408,22.224,,200,,,0,,,,,,,0,og-post,,,,AAXX 18104 07591 24/// /2004 10078 21056 39138 48469 56013 700// 333 60005 90710 91112=
07591,2009-10-18 11:00:00,8.9,,-1.4,38,-4.6,,14.816,29.632,,210,,,0,,,,,,,0,og-post,,,,AAXX 18114 07591 24/// /2108 10089 21046 39131 48466 58014 700// 333 60005 90710 91116=
07591,2009-10-18 12:00:00,9.9,,-1.7,35,-4.8,,22.224,35.188,,210,,,0,0,,,,,,0,og-post,,,,AAXX 18124 07591 04/// /2112 10099 21048 39125 48462 58017 60001 700// 333 60007 90710 91119 555 60005=
07591,2009-10-18 13:00:00,10.7,,-1.7,32,-5.3,,22.224,38.892,,210,,,0,,,,,,,0,og-post,,,,AAXX 18134 07591 24/// /2112 10107 21053 39121 48460 56017 700// 333 60005 90710 91121=
07591,2009-10-18 14:00:00,10.8,,-1.5,31,-5.6,,22.224,35.188,,210,,,0,,,,,,,0,og-post,,,,AAXX 18144 07591 24/// /2112 10108 21056 39116 48456 56015 700// 333 60005 90710 91119=
07591,2009-10-18 15:00:00,10.2,,-1,33,-5.3,,22.224,38.892,,200,,,0,0,,,,,,0,og-post,,,,AAXX 18154 07591 24/// /2012 10102 21053 39115 48454 56010 700// 333 60007 90710 91121 555 60005=
07591,2009-10-18 16:00:00,9,,-0.3,39,-4.2,,14.816,35.188,,200,,,0,,,,,,,0,og-post,,,,AAXX 18164 07591 24/// /2008 10090 21042 39118 48454 55003 700// 333 60005 90710 91119=
07591,2009-10-18 17:00:00,6.3,,0.8,47,-4.2,,7.408,29.632,,190,,,0,,,,,,,0,og-post,,,,AAXX 18174 07591 24/// /1904 10063 21042 39124 48454 53008 700// 333 60005 90710 91116=
07591,2009-10-18 18:00:00,3.8,,1.7,59,-3.5,,3.704,14.816,,320,-0.8,11,0,0,,,,,,0,og-post,,,,AAXX 18184 07591 04/// /3202 10038 21035 39132 48456 53017 60002 700// 333 10110 21008 60007 90710 91108 555 60005=
07591,2009-10-18 19:00:00,2.3,,2.1,63,-4,,3.704,11.112,,360,,,0,,,,,,,0,og-post,,,,AAXX 18194 07591 24/// /3602 10023 21040 39139 48459 53021 700// 333 60005 90710 91106=
07591,2009-10-18 20:00:00,1.2,,2,67,-4.2,,3.704,7.408,,360,,,0,,,,,,,0,og-post,,,,AAXX 18204 07591 24/// /3602 10012 21042 39144 48461 51020 700// 333 60005 90710 91104=
07591,2009-10-18 21:00:00,-0.1,,1.8,73,-4.3,,,3.704,,,,,0,0,,,,,,0,og-post,,,,AAXX 18214 07591 24/// /0000 11001 21043 39150 48463 51018 700// 333 60007 90710 91102 555 60005=
07591,2009-10-18 22:00:00,-0.6,,1.5,76,-4.3,,3.704,3.704,,340,,,0,,,,,,,0,og-post,,,,AAXX 18224 07591 24/// /3402 11006 21043 39154 48466 51015 700// 333 60005 90710 91102=
07591,2009-10-18 23:00:00,-1.1,,1.2,77,-4.6,,3.704,7.408,,340,,,0,,,,,,,0,og-post,,,,AAXX 18234 07591 24/// /3402 11011 21046 39156 48466 51012 700// 333 60005 90710 91104=
07591,2009-10-19 00:00:00,-0.8,,0.5,73,-5,,11.112,18.52,,40,,,0,0,,,,,,0,og-post,,,,AAXX 19004 07591 04/// /0406 11008 21050 39155 48466 50005 60001 700// 333 60007 90710 91110 555 60005=
07591,2009-10-19 01:00:00,-2.1,,0.4,80,-5.1,,3.704,14.816,,250,,,0,,,,,,,0,og-post,,,,AAXX 19014 07591 24/// /2502 11021 21051 39158 48466 53004 700// 333 60005 90710 91108=
07591,2009-10-19 02:00:00,-1.8,,0.2,77,-5.3,,3.704,7.408,,20,,,0,,,,,,,0,og-post,,,,AAXX 19024 07591 24/// /0202 11018 21053 39158 48466 53002 700// 333 60005 90710 91104=
07591,2009-10-19 03:00:00,-2.4,,0.4,77,-5.9,,3.704,11.112,,30,,,0,0,,,,,,0,og-post,,,,AAXX 19034 07591 24/// /0302 11024 21059 39159 48466 51004 700// 333 60007 90710 91106 555 60005=
07591,2009-10-19 04:00:00,-2,,-0.2,74,-6,,11.112,18.52,,50,,,0,,,,,,,0,og-post,,,,AAXX 19044 07591 24/// /0506 11020 21060 39156 48464 58002 700// 333 60005 90710 91110=
07591,2009-10-19 05:00:00,-2.8,,0.2,79,-5.9,,3.704,14.816,,200,,,0,,,,,,,0,og-post,,,,AAXX 19054 07591 24/// /2002 11028 21059 39160 48466 53002 700// 333 60005 90710 91108=
07591,2009-10-19 06:00:00,-2.4,,-0.2,75,-6.2,,11.112,18.52,,40,-3.5,3.8,0,0,,,0,9.5,-7,0,og-post,,,,AAXX 19064 07591 04/// /0406 11024 21062 39157 48464 57002 60002 700// 333 10038 21035 3/107 55095 60007 70000 90710 91110 555 60005=
07591,2009-10-19 07:00:00,-1.9,,0.4,72,-6.3,,7.408,18.52,,60,,,0,,,,,,,0,og-post,,,,AAXX 19074 07591 24/// /0604 11019 21063 39160 48468 51004 700// 333 60005 90710 91110=
07591,2009-10-19 08:00:00,2.9,,-0.1,55,-5.2,,18.52,29.632,,30,,,0,,,,,,,0,og-post,,,,AAXX 19084 07591 24/// /0310 10029 21052 39159 48477 56001 700// 333 60005 90710 91116=
07591,2009-10-19 09:00:00,5.9,,-0.1,42,-6,,14.816,29.632,,360,,,0,0,,,,,,0,og-post,,,,AAXX 19094 07591 24/// /3608 10059 21060 39156 48481 58001 700// 333 60007 90710 91116 555 60005=
07591,2009-10-19 10:00:00,8.2,,-1,37,-5.6,,7.408,22.224,,90,,,0,,,,,,,0,og-post,,,,AAXX 19104 07591 24/// /0904 10082 21056 39150 48481 58010 700// 333 60005 90710 91112=
07591,2009-10-19 11:00:00,11.1,,-1.6,32,-4.9,,7.408,14.816,,180,,,0,,,,,,,0,og-post,,,,AAXX 19114 07591 24/// /1804 10111 21049 39143 48481 58016 700// 333 60005 90710 91108=
07591,2009-10-19 12:00:00,12.1,,-2.2,33,-3.7,,18.52,31.484,,200,,,0,0,,,,,,0,og-post,,,,AAXX 19124 07591 04/// /2010 10121 21037 39134 48475 58022 60001 700// 333 60007 90710 91117 555 60005=
07591,2009-10-19 13:00:00,12.8,,-2.1,34,-2.6,,18.52,31.484,,200,,,0,,,,,,,0,og-post,,,,AAXX 19134 07591 24/// /2010 10128 21026 39129 48472 56021 700// 333 60005 90710 91117=
07591,2009-10-19 14:00:00,12.9,,-1.8,33,-3,,18.52,31.484,,210,,,0,,,,,,,0,og-post,,,,AAXX 19144 07591 24/// /2110 10129 21030 39125 48469 56018 700// 333 60005 90710 91117=
07591,2009-10-19 15:00:00,12.5,,-1.1,35,-2.5,,18.52,31.484,,220,,,0,0,,,,,,0,og-post,,,,AAXX 19154 07591 24/// /2210 10125 21025 39123 48466 56011 700// 333 60007 90710 91117 555 60005=
07591,2009-10-19 16:00:00,11.3,,-0.4,36,-3.2,,14.816,35.188,,230,,,0,,,,,,,0,og-post,,,,AAXX 19164 07591 24/// /2308 10113 21032 39125 48465 55004 700// 333 60005 90710 91119=
07591,2009-10-19 17:00:00,8.7,,0.1,46,-2.3,,11.112,31.484,,190,,,0,,,,,,,0,og-post,,,,AAXX 19174 07591 24/// /1906 10087 21023 39126 48461 53001 700// 333 60005 90710 91117=
07591,2009-10-19 18:00:00,6.2,,0.6,55,-2.2,,7.408,14.816,,280,-2.4,13.1,0,0,,,,,,0,og-post,,,,AAXX 19184 07591 04/// /2804 10062 21022 39129 48458 53006 60002 700// 333 10131 21024 60007 90710 91108 555 60005=
07591,2009-10-19 19:00:00,4.5,,0.6,62,-2.1,,3.704,7.408,,340,,,0,,,,,,,0,og-post,,,,AAXX 19194 07591 24/// /3402 10045 21021 39131 48457 53006 700// 333 60005 90710 91104=
07591,2009-10-19 20:00:00,3.3,,0.9,67,-2.2,,3.704,7.408,,330,,,0,,,,,,,0,og-post,,,,AAXX 19204 07591 24/// /3302 10033 21022 39135 48458 53009 700// 333 60005 90710 91104=
07591,2009-10-19 21:00:00,2.4,,0.8,70,-2.5,,,3.704,,,,,0,0,,,,,,0,og-post,,,,AAXX 19214 07591 24/// /0000 10024 21025 39137 48457 52008 700// 333 60007 90710 91102 555 60005=
07591,2009-10-19 22:00:00,1.8,,0.6,73,-2.5,,3.704,7.408,,360,,,0,,,,,,,0,og-post,,,,AAXX 19224 07591 24/// /3602 10018 21025 39137 48456 51006 700// 333 60005 90710 91104=
07591,2009-10-19 23:00:00,1.9,,0.1,72,-2.6,,3.704,14.816,,20,,,0,,,,,,,0,og-post,,,,AAXX 19234 07591 24/// /0202 10019 21026 39136 48456 50001 700// 333 60005 90710 91108=
07591,2009-10-20 00:00:00,2.1,,0.1,71,-2.6,,3.704,14.816,,40,,,0,0,,,,,,0,og-post,,,,AAXX 20004 07591 04/// /0402 10021 21026 39138 48458 53001 60001 700// 333 60007 90710 91108 555 60005=
07591,2009-10-20 01:00:00,2.2,,-0.1,69,-2.9,,11.112,14.816,,30,,,0,,,,,,,0,og-post,,,,AAXX 20014 07591 24/// /0306 10022 21029 39136 48456 58001 700// 333 60005 90710 91108=
07591,2009-10-20 02:00:00,2.8,,-0.2,66,-2.9,,11.112,18.52,,30,,,0,,,,,,,0,og-post,,,,AAXX 20024 07591 24/// /0306 10028 21029 39134 48456 58002 700// 333 60005 90710 91110=
07591,2009-10-20 03:00:00,3,,-0.4,64,-3.1,,7.408,22.224,,30,,,0,0,,,,,,0,og-post,,,,AAXX 20034 07591 24/// /0304 10030 21031 39134 48456 56004 700// 333 60007 90710 91112 555 60005=
07591,2009-10-20 04:00:00,2.7,,-0.2,65,-3.2,,3.704,18.52,,40,,,0,,,,,,,0,og-post,,,,AAXX 20044 07591 24/// /0402 10027 21032 39134 48455 56002 700// 333 60005 90710 91110=
07591,2009-10-20 05:00:00,2.9,,-0,65,-3,,7.408,11.112,,50,,,0,,,,,,,0,og-post,,,,AAXX 20054 07591 24/// /0504 10029 21030 39134 48456 54000 700// 333 60005 90710 91106=
07591,2009-10-20 06:00:00,4,,-0.9,59,-3.3,,25.928,38.892,,360,1.8,6.2,0,0,,,0,9.4,-2,0,og-post,,,,AAXX 20064 07591 04/// /3614 10040 21033 39125 48450 58009 60002 700// 333 10062 20018 3/102 55094 60007 70000 90710 91121 555 60005=
07591,2009-10-20 07:00:00,4,,-0.3,60,-3,,11.112,35.188,,30,,,0,,,,,,,0,og-post,,,,AAXX 20074 07591 24/// /0306 10040 21030 39131 48455 55003 700// 333 60005 90710 91119=
07591,2009-10-20 08:00:00,5.4,,-0.4,56,-2.7,,18.52,29.632,,10,,,0,,,,,,,0,og-post,,,,AAXX 20084 07591 24/// /0110 10054 21027 39130 48458 56004 700// 333 60005 90710 91116=
07591,2009-10-20 09:00:00,6.9,,0.3,52,-2.3,,14.816,31.484,,30,,,0,0,,,,,,0,og-post,,,,AAXX 20094 07591 24/// /0308 10069 21023 39128 48459 50003 700// 333 60007 90710 91117 555 60005=
07591,2009-10-20 10:00:00,8.9,,-0.9,48,-1.5,,7.408,25.928,,30,,,0,,,,,,,0,og-post,,,,AAXX 20104 07591 24/// /0304 10089 21015 39122 48458 58009 700// 333 60005 90710 91114=
07591,2009-10-20 11:00:00,10,,-1.5,44,-1.7,,3.704,7.408,,170,,,0,,,,,,,0,og-post,,,,AAXX 20114 07591 24/// /1702 10100 21017 39115 48454 58015 700// 333 60005 90710 91104=
07591,2009-10-20 12:00:00,10.5,,-1.8,44,-1.2,,3.704,11.112,,220,,,0,0,,,,,,0,og-post,,,,AAXX 20124 07591 04/// /2202 10105 21012 39110 48450 56018 60001 700// 333 60007 90710 91106 555 60005=
07591,2009-10-20 13:00:00,10.4,,-1.6,48,-0.1,,11.112,18.52,,210,,,0,,,,,,,0,og-post,,,,AAXX 20134 07591 24/// /2106 10104 21001 39106 48447 56016 700// 333 60005 90710 91110=
07591,2009-10-20 14:00:00,8.9,,-0.7,62,2,,14.816,29.632,,200,,,0,,,,,,,0,og-post,,,,AAXX 20144 07591 24/// /2008 10089 20020 39108 48446 55007 700// 333 60005 90710 91116=
07591,2009-10-20 15:00:00,8.9,,0.1,64,2.5,,11.112,22.224,,210,,,0,0,,,,,,61,og-post,,,,AAXX 20154 07591 24/// /2106 10089 20025 39111 48448 53001 761// 333 60007 90710 91112 555 60005=
07591,2009-10-20 16:00:00,8.3,,0.2,73,3.8,,3.704,22.224,,210,,,0,,,,,,,21,og-post,,,,AAXX 20164 07591 24/// /2102 10083 20038 39108 48445 50002 721// 333 60005 90710 91112=
07591,2009-10-20 17:00:00,7.8,,0.3,77,4,,,11.112,,,,,0,,,,,,,61,og-post,,,,AAXX 20174 07591 24/// /0000 10078 20040 39111 48446 52003 761// 333 60005 90710 91106=
07591,2009-10-20 18:00:00,7.4,,-0.1,79,4,,11.112,14.816,,20,4,10.5,0,0,,,,,,21,og-post,,,,AAXX 20184 07591 04/// /0206 10074 20040 39110 48445 56001 60002 721// 333 10105 20040 60007 90710 91108 555 60005=
07591,2009-10-20 19:00:00,7,,0.6,83,4.3,,3.704,11.112,,10,,,0,,,,,,,0,og-post,,,,AAXX 20194 07591 24/// /0102 10070 20043 39114 48447 53006 700// 333 60005 90710 91106=
07591,2009-10-20 20:00:00,6.9,,0.6,83,4.2,,3.704,11.112,,280,,,0,,,,,,,0,og-post,,,,AAXX 20204 07591 24/// /2802 10069 20042 39117 48450 53006 700// 333 60005 90710 91106=
07591,2009-10-20 21:00:00,7,,0.3,81,4,,14.816,18.52,,10,,,0,0,,,,,,21,og-post,,,,AAXX 20214 07591 24/// /0108 10070 20040 39113 48447 50003 721// 333 60007 90710 91110 555 60005=
07591,2009-10-20 22:00:00,7.3,,0.1,74,3,,14.816,29.632,,20,,,0,,,,,,,0,og-post,,,,AAXX 20224 07591 24/// /0208 10073 20030 39115 48449 51001 700// 333 60005 90710 91116=
07591,2009-10-20 23:00:00,7.3,,-0.6,71,2.4,,18.52,29.632,,10,,,0,,,,,,,0,og-post,,,,AAXX 20234 07591 24/// /0110 10073 20024 39111 48445 57006 700// 333 60005 90710 91116=
07591,2009-10-21 00:00:00,7.4,,-0.3,68,1.9,,18.52,29.632,,10,,,0,0,,,,,,0,og-post,,,,AAXX 21004 07591 04/// /0110 10074 20019 39110 48444 58003 60001 700// 333 60007 90710 91116 555 60005=
07591,2009-10-21 01:00:00,7.5,,-1.2,66,1.6,,25.928,38.892,,10,,,0,,,,,,,0,og-post,,,,AAXX 21014 07591 24/// /0114 10075 20016 39103 48438 58012 700// 333 60005 90710 91121=
07591,2009-10-21 02:00:00,7.5,,-1.4,65,1.4,,29.632,46.3,,10,,,0,,,,,,,0,og-post,,,,AAXX 21024 07591 24/// /0116 10075 20014 39097 48433 58014 700// 333 60005 90710 91125=
07591,2009-10-21 03:00:00,7.4,,-1.9,64,1,,29.632,46.3,,10,,,0,0,,,,,,0,og-post,,,,AAXX 21034 07591 24/// /0116 10074 20010 39091 48427 56019 700// 333 60007 90710 91125 555 60005=
07591,2009-10-21 04:00:00,7.6,,-1.5,63,1,,31.484,53.708,,10,,,0,,,,,,,0,og-post,,,,AAXX 21044 07591 24/// /0117 10076 20010 39088 48425 56015 700// 333 60005 90710 91129=
07591,2009-10-21 05:00:00,7.8,,-1.2,61,0.8,,31.484,53.708,53.708,360,,,0,,,,,,,0,og-post,,,,AAXX 21054 07591 24/// /3617 10078 20008 39085 48423 56012 700// 333 60005 91029 90710 91129=
07591,2009-10-21 06:00:00,8.4,,-0.5,58,0.6,,31.484,57.412,,360,6.6,8.4,0,0,,,0,0.1,5,0,og-post,,,,AAXX 21064 07591 04/// /3617 10084 20006 39086 48425 55005 60002 700// 333 10084 20066 3/005 55001 60007 70000 90710 91131 555 60005=
07591,2009-10-21 07:00:00,8.6,,0.2,58,0.8,,31.484,57.412,,360,,,0,,,,,,,0,og-post,,,,AAXX 21074 07591 24/// /3617 10086 20008 39090 48429 53002 700// 333 60005 90710 91131=
07591,2009-10-21 08:00:00,9.1,,0.9,56,0.8,,31.484,57.412,53.708,10,,,0,,,,,,,0,og-post,,,,AAXX 21084 07591 24/// /0117 10091 20008 39094 48433 53009 700// 333 60005 91029 90710 91131=
07591,2009-10-21 09:00:00,9.8,,0.1,54,0.9,,35.188,57.412,57.412,10,,,0,0,,,,,,0,og-post,,,,AAXX 21094 07591 24/// /0119 10098 20009 39087 48428 50001 700// 333 60007 91031 90710 91131 555 60005=
07591,2009-10-21 10:00:00,10.2,,-0.9,53,1.1,,35.188,61.116,57.412,10,,,0,,,,,,,0,og-post,,,,AAXX 21104 07591 24/// /0119 10102 20011 39081 48424 58009 700// 333 60005 91031 90710 91133=
07591,2009-10-21 11:00:00,10.3,,-2.2,57,2.2,,35.188,61.116,61.116,10,,,0,,,,,,,60,og-post,,,,AAXX 21114 07591 24/// /0119 10103 20022 39072 48416 58022 760// 333 60005 91033 90710 91133=
07591,2009-10-21 12:00:00,8.6,,-2.1,71,3.6,,29.632,61.116,50.004,360,,,0.4,0.4,0.4,,,,,61,og-post,,,,AAXX 21124 07591 04/// /3616 10086 20036 39066 48407 57021 69941 761// 333 69947 91027 90710 91133 555 69945=
07591,2009-10-21 13:00:00,7.6,,-2,80,4.4,,35.188,57.412,,360,,,0.8,,,,,,,61,og-post,,,,AAXX 21134 07591 24/// /3619 10076 20044 39061 48401 56020 761// 333 69985 90710 91131=
07591,2009-10-21 14:00:00,7.3,,-1.6,81,4.3,,29.632,61.116,,10,,,0.8,,,,,,,61,og-post,,,,AAXX 21144 07591 24/// /0116 10073 20043 39056 48396 56016 761// 333 69985 90710 91133=
07591,2009-10-21 15:00:00,7.5,,-2.7,76,3.6,,42.596,68.524,68.524,360,,,0,2,,,,,,21,og-post,,,,AAXX 21154 07591 24/// /3623 10075 20036 39039 48381 58027 721// 333 60027 91037 90710 91137 555 60005=
07591,2009-10-21 16:00:00,7.9,,-2.8,75,3.8,,38.892,75.932,61.116,360,,,0,,,,,,,60,og-post,,,,AAXX 21164 07591 24/// /3621 10079 20038 39033 48376 58028 760// 333 60005 91033 90710 91141=
07591,2009-10-21 17:00:00,7,,-1.2,83,4.3,,38.892,68.524,64.82,10,,,2,,,,,,,63,og-post,,,,AAXX 21174 07591 24/// /0121 10070 20043 39044 48385 55012 763// 333 60025 91035 90710 91137=
07591,2009-10-21 18:00:00,6.3,,0.1,87,4.3,,42.596,75.932,64.82,360,6.3,10.4,3,5,,7,,,,63,og-post,,,,AAXX 21184 07591 04/// /3623 10063 20043 39040 48380 53001 60072 763// 333 10104 20063 60057 91035 90710 91141 555 60035=
07591,2009-10-21 19:00:00,4.9,,0.9,89,3.2,,46.3,83.34,75.932,360,,,3,,,,,,,63,og-post,,,,AAXX 21194 07591 24/// /3625 10049 20032 39042 48379 51009 763// 333 60035 91041 90710 91145=
07591,2009-10-21 20:00:00,4.3,,0.5,88,2.5,,38.892,64.82,64.82,10,,,6,,,,,,,63,og-post,,,,AAXX 21204 07591 24/// /0121 10043 20025 39049 48384 53005 763// 333 60065 91035 90710 91135=
07591,2009-10-21 21:00:00,3.8,,2,89,2.2,,31.484,57.412,,10,,,2,12,,,,,,63,og-post,,,,AAXX 21214 07591 24/// /0117 10038 20022 39060 48393 53020 763// 333 60127 90710 91131 555 60025=
07591,2009-10-21 22:00:00,3.1,,2.6,92,1.9,,25.928,46.3,,20,,,2,,,,,,,61,og-post,,,,AAXX 21224 07591 24/// /0214 10031 20019 39068 48399 53026 761// 333 60025 90710 91125=
07591,2009-10-21 23:00:00,3.1,,0.5,93,2.1,,22.224,42.596,,30,,,0.8,,,,,,,21,og-post,,,,AAXX 21234 07591 24/// /0312 10031 20021 39054 48386 50005 721// 333 69985 90710 91123=
07591,2009-10-22 00:00:00,4,,-0.2,86,1.9,,22.224,46.3,,30,,,0,3,15,,,,,0,og-post,,,,AAXX 22004 07591 04/// /0312 10040 20019 39058 48392 58002 60151 700// 333 60037 90710 91125 555 60005=
07591,2009-10-22 01:00:00,4.2,,-0.4,89,2.6,,14.816,46.3,,30,,,1,,,,,,,21,og-post,,,,AAXX 22014 07591 24/// /0308 10042 20026 39064 48397 55004 721// 333 60015 90710 91125=
07591,2009-10-22 02:00:00,3.8,,-0.2,87,1.8,,22.224,35.188,,20,,,0,,,,,,,0,og-post,,,,AAXX 22024 07591 24/// /0212 10038 20018 39052 48386 58002 700// 333 60005 90710 91119=
07591,2009-10-22 03:00:00,3.9,,-0.8,87,1.9,,18.52,38.892,,20,,,0,1,,,,,,0,og-post,,,,AAXX 22034 07591 24/// /0210 10039 20019 39050 48384 58008 700// 333 60017 90710 91121 555 60005=
07591,2009-10-22 04:00:00,3.9,,-1.6,86,1.8,,14.816,35.188,,30,,,0,,,,,,,0,og-post,,,,AAXX 22044 07591 24/// /0308 10039 20018 39048 48382 56016 700// 333 60005 90710 91119=
07591,2009-10-22 05:00:00,3.9,,-0.7,86,1.8,,14.816,31.484,,30,,,0,,,,,,,0,og-post,,,,AAXX 22054 07591 24/// /0308 10039 20018 39045 48380 58007 700// 333 60005 90710 91117=
07591,2009-10-22 06:00:00,3.9,,-0.6,88,2.1,,14.816,29.632,,30,2.9,6.3,0,0,,16,23.4,0,2,0,og-post,,,,AAXX 22064 07591 04/// /0308 10039 20021 39044 48379 56006 60162 700// 333 10063 20029 3/002 55000 60007 70234 90710 91116 555 60005=
07591,2009-10-22 07:00:00,4.4,,-0.3,84,1.9,,18.52,35.188,,30,,,0,,,,,,,0,og-post,,,,AAXX 22074 07591 24/// /0310 10044 20019 39045 48381 55003 700// 333 60005 90710 91119=
07591,2009-10-22 08:00:00,6.5,,0.8,77,2.8,,18.52,31.484,,20,,,0,,,,,,,0,og-post,,,,AAXX 22084 07591 24/// /0210 10065 20028 39053 48392 53008 700// 333 60005 90710 91117=
07591,2009-10-22 09:00:00,7.2,,0.8,75,3.1,,14.816,29.632,,20,,,0,0,,,,,,0,og-post,,,,AAXX 22094 07591 24/// /0208 10072 20031 39052 48392 50008 700// 333 60007 90710 91116 555 60005=
07591,2009-10-22 10:00:00,8.8,,0.6,72,4,,18.52,35.188,,10,,,0,,,,,,,0,og-post,,,,AAXX 22104 07591 24/// /0110 10088 20040 39051 48394 50006 700// 333 60005 90710 91119=
07591,2009-10-22 11:00:00,9.4,,-0.7,69,4,,22.224,35.188,,10,,,0,,,,,,,0,og-post,,,,AAXX 22114 07591 24/// /0112 10094 20040 39046 48391 58007 700// 333 60005 90710 91119=
07591,2009-10-22 12:00:00,9.9,,-0.6,68,4.3,,22.224,38.892,,10,,,0,0,,,,,,0,og-post,,,,AAXX 22124 07591 04/// /0112 10099 20043 39046 48392 56006 60001 700// 333 60007 90710 91121 555 60005=
07591,2009-10-22 13:00:00,10.2,,-1.1,68,4.6,,18.52,35.188,,10,,,0,,,,,,,0,og-post,,,,AAXX 22134 07591 24/// /0110 10102 20046 39040 48387 58011 700// 333 60005 90710 91119=
07591,2009-10-22 14:00:00,10.3,,-1,68,4.7,,18.52,31.484,,30,,,0,,,,,,,0,og-post,,,,AAXX 22144 07591 24/// /0310 10103 20047 39036 48384 58010 700// 333 60005 90710 91117=
07591,2009-10-22 15:00:00,10.4,,-1.4,68,4.8,,18.52,35.188,,10,,,0,0,,,,,,0,og-post,,,,AAXX 22154 07591 24/// /0110 10104 20048 39032 48380 56014 700// 333 60007 90710 91119 555 60005=
07591,2009-10-22 16:00:00,10.3,,-0.9,69,4.9,,25.928,42.596,,360,,,0,,,,,,,0,og-post,,,,AAXX 22164 07591 24/// /3614 10103 20049 39031 48379 56009 700// 333 60005 90710 91123=
07591,2009-10-22 17:00:00,10.3,,-0.2,66,4.2,,25.928,42.596,,360,,,0,,,,,,,0,og-post,,,,AAXX 22174 07591 24/// /3614 10103 20042 39034 48382 55002 700// 333 60005 90710 91123=
07591,2009-10-22 18:00:00,10,,1,68,4.4,,29.632,50.004,,360,3.9,10.5,0,0,,,,,,60,og-post,,,,AAXX 22184 07591 04/// /3616 10100 20044 39042 48388 53010 60002 760// 333 10105 20039 60007 90710 91127 555 60005=
07591,2009-10-22 19:00:00,9.2,,1,73,4.6,,38.892,57.412,57.412,350,,,0,,,,,,,21,og-post,,,,AAXX 22194 07591 24/// /3521 10092 20046 39041 48386 50010 721// 333 60005 91031 90710 91131=
07591,2009-10-22 20:00:00,9.2,,1,72,4.4,,38.892,61.116,,350,,,0,,,,,,,0,og-post,,,,AAXX 22204 07591 24/// /3521 10092 20044 39044 48389 51010 700// 333 60005 90710 91133=
07591,2009-10-22 21:00:00,9.2,,0.6,71,4.2,,35.188,61.116,,350,,,0,0,,,,,,0,og-post,,,,AAXX 22214 07591 24/// /3519 10092 20042 39048 48392 53006 700// 333 60007 90710 91133 555 60005=
07591,2009-10-22 22:00:00,9.4,,1.6,69,4,,25.928,61.116,,10,,,0,,,,,,,0,og-post,,,,AAXX 22224 07591 24/// /0114 10094 20040 39057 48401 53016 700// 333 60005 90710 91133=
07591,2009-10-22 23:00:00,9,,1.6,71,4,,18.52,38.892,,30,,,0,,,,,,,0,og-post,,,,AAXX 22234 07591 24/// /0310 10090 20040 39060 48403 51016 700// 333 60005 90710 91121=
07591,2009-10-23 00:00:00,8.7,,1.9,73,4.1,,11.112,38.892,,20,,,0,0,,,,,,21,og-post,,,,AAXX 23004 07591 04/// /0206 10087 20041 39067 48409 51019 60001 721// 333 60007 90710 91121 555 60005=
07591,2009-10-23 01:00:00,8.5,,1.7,75,4.3,,11.112,22.224,,10,,,0,,,,,,,61,og-post,,,,AAXX 23014 07591 24/// /0106 10085 20043 39074 48415 53017 761// 333 60005 90710 91112=
07591,2009-10-23 02:00:00,7.5,,1.6,85,5.1,,11.112,18.52,,30,,,0.2,,,,,,,60,og-post,,,,AAXX 23024 07591 24/// /0306 10075 20051 39076 48415 51016 760// 333 69925 90710 91110=
07591,2009-10-23 03:00:00,6.8,,1,90,5.3,,7.408,18.52,,30,,,0.4,0.6,,,,,,61,og-post,,,,AAXX 23034 07591 24/// /0304 10068 20053 39077 48414 51010 761// 333 69967 90710 91110 555 69945=
07591,2009-10-23 04:00:00,6.6,,0.5,92,5.4,,7.408,22.224,,30,,,0.2,,,,,,,61,og-post,,,,AAXX 23044 07591 24/// /0304 10066 20054 39079 48416 52005 761// 333 69925 90710 91112=
07591,2009-10-23 05:00:00,6.1,,0.2,92,4.9,,3.704,22.224,,60,,,0.2,,,,,,,20,og-post,,,,AAXX 23054 07591 24/// /0602 10061 20049 39078 48414 50002 720// 333 69925 90710 91112=
07591,2009-10-23 06:00:00,6,,0.3,91,4.6,,7.408,22.224,,30,5.9,10,0,0.4,,1,1,1.5,4,0,og-post,,,,AAXX 23064 07591 04/// /0304 10060 20046 39080 48415 52003 60012 700// 333 10100 20059 3/004 55015 69947 70010 90710 91112 555 60005=
07591,2009-10-23 07:00:00,6.1,,0.7,92,4.9,,,11.112,,,,,0,,,,,,,0,og-post,,,,AAXX 23074 07591 24/// /0000 10061 20049 39086 48421 53007 700// 333 60005 90710 91106=
07591,2009-10-23 08:00:00,7.3,,1.1,89,5.6,,,7.408,,,,,0,,,,,,,0,og-post,,,,AAXX 23084 07591 24/// /0000 10073 20056 39089 48426 53011 700// 333 60005 90710 91104=
07591,2009-10-23 09:00:00,10.3,,0.9,72,5.5,,3.704,11.112,,60,,,0,0,,,,,,0,og-post,,,,AAXX 23094 07591 24/// /0602 10103 20055 39089 48432 51009 700// 333 60007 90710 91106 555 60005=
07591,2009-10-23 10:00:00,12.7,,0.6,62,5.6,,3.704,14.816,,180,,,0,,,,,,,0,og-post,,,,AAXX 23104 07591 24/// /1802 10127 20056 39092 48439 52006 700// 333 60005 90710 91108=
07591,2009-10-23 11:00:00,14.4,,0,58,6.3,,11.112,22.224,,180,,,0,,,,,,,0,og-post,,,,AAXX 23114 07591 24/// /1806 10144 20063 39089 48440 50000 700// 333 60005 90710 91112=
07591,2009-10-23 12:00:00,15.2,,-0.7,52,5.4,,18.52,25.928,,200,,,0,0,,,,,,0,og-post,,,,AAXX 23124 07591 04/// /2010 10152 20054 39082 48435 58007 60001 700// 333 60007 90710 91114 555 60005=
07591,2009-10-23 13:00:00,16.3,,-1.2,48,5.3,,14.816,25.928,,220,,,0,,,,,,,0,og-post,,,,AAXX 23134 07591 24/// /2208 10163 20053 39080 48435 56012 700// 333 60005 90710 91114=
07591,2009-10-23 14:00:00,16,,-0.8,48,5,,18.52,29.632,,210,,,0,,,,,,,0,og-post,,,,AAXX 23144 07591 24/// /2110 10160 20050 39081 48435 55008 700// 333 60005 90710 91116=
07591,2009-10-23 15:00:00,15,,0.5,51,5,,14.816,25.928,,210,,,0,0,,,,,,0,og-post,,,,AAXX 23154 07591 24/// /2108 10150 20050 39087 48439 53005 700// 333 60007 90710 91114 555 60005=
07591,2009-10-23 16:00:00,13,,1.4,57,4.7,,11.112,29.632,,170,,,0,,,,,,,0,og-post,,,,AAXX 23164 07591 24/// /1706 10130 20047 39094 48441 53014 700// 333 60005 90710 91116=
07591,2009-10-23 17:00:00,10.9,,2.2,58,3,,11.112,25.928,,210,,,0,,,,,,,0,og-post,,,,AAXX 23174 07591 24/// /2106 10109 20030 39103 48445 53022 700// 333 60005 90710 91114=
07591,2009-10-23 18:00:00,9.3,,1.9,67,3.5,,11.112,22.224,,240,5.9,16.4,0,0,,,,,,0,og-post,,,,AAXX 23184 07591 04/// /2406 10093 20035 39106 48445 51019 60002 700// 333 10164 20059 60007 90710 91112 555 60005=
07591,2009-10-23 19:00:00,7.2,,1.9,71,2.3,,3.704,18.52,,300,,,0,,,,,,,0,og-post,,,,AAXX 23194 07591 24/// /3002 10072 20023 39113 48447 51019 700// 333 60005 90710 91110=
07591,2009-10-23 20:00:00,5.8,,1.5,74,1.5,,3.704,11.112,,300,,,0,,,,,,,0,og-post,,,,AAXX 23204 07591 24/// /3002 10058 20015 39118 48448 53015 700// 333 60005 90710 91106=
07591,2009-10-23 21:00:00,4.8,,1.6,77,1.1,,3.704,11.112,,360,,,0,0,,,,,,0,og-post,,,,AAXX 23214 07591 24/// /3602 10048 20011 39122 48450 51016 700// 333 60007 90710 91106 555 60005=
07591,2009-10-23 22:00:00,4,,0.7,79,0.7,,3.704,11.112,,30,,,0,,,,,,,0,og-post,,,,AAXX 23224 07591 24/// /0302 10040 20007 39120 48446 50007 700// 333 60005 90710 91106=
07591,2009-10-23 23:00:00,3.3,,0.7,80,0.2,,3.704,11.112,,20,,,0,,,,,,,0,og-post,,,,AAXX 23234 07591 24/// /0202 10033 20002 39125 48449 53007 700// 333 60005 90710 91106=
07591,2009-10-24 00:00:00,2.9,,0.3,77,-0.7,,3.704,7.408,,360,,,0,0,,,,,,0,og-post,,,,AAXX 24004 07591 04/// /3602 10029 21007 39125 48448 53003 60001 700// 333 60007 90710 91104 555 60005=
07591,2009-10-24 01:00:00,2.3,,0.3,78,-1.1,,3.704,7.408,,340,,,0,,,,,,,0,og-post,,,,AAXX 24014 07591 24/// /3402 10023 21011 39123 48445 50003 700// 333 60005 90710 91104=
07591,2009-10-24 02:00:00,2,,-0.4,77,-1.6,,3.704,7.408,,320,,,0,,,,,,,0,og-post,,,,AAXX 24024 07591 24/// /3202 10020 21016 39121 48443 58004 700// 333 60005 90710 91104=
07591,2009-10-24 03:00:00,1,,0.2,84,-1.4,,,7.408,,,,,0,0,,,,,,0,og-post,,,,AAXX 24034 07591 24/// /0000 10010 21014 39127 48446 53002 700// 333 60007 90710 91104 555 60005=
07591,2009-10-24 04:00:00,1.4,,0.7,80,-1.7,,3.704,7.408,,220,,,0,,,,,,,0,og-post,,,,AAXX 24044 07591 24/// /2202 10014 21017 39130 48449 53007 700// 333 60005 90710 91104=
07591,2009-10-24 05:00:00,0.4,,1.3,84,-2,,,7.408,,,,,0,,,,,,,0,og-post,,,,AAXX 24054 07591 24/// /0000 10004 21020 39134 48451 51013 700// 333 60005 90710 91104=
07591,2009-10-24 06:00:00,0,,1,85,-2.2,,3.704,7.408,,260,0,9.2,0,0,,,0,8.1,-3,0,og-post,,,,AAXX 24064 07591 04/// /2602 10000 21022 39137 48452 52010 60002 700// 333 10092 20000 3/103 55081 60007 70000 90710 91104 555 60005=
07591,2009-10-24 07:00:00,0.1,,1.6,85,-2.1,,,7.408,,,,,0,,,,,,,0,og-post,,,,AAXX 24074 07591 24/// /0000 10001 21021 39146 48460 53016 700// 333 60005 90710 91104=
07591,2009-10-24 08:00:00,3.9,,2.1,76,0.1,,3.704,7.408,,100,,,0,,,,,,,0,og-post,,,,AAXX 24084 07591 24/// /1002 10039 20001 39155 48477 53021 700// 333 60005 90710 91104=
07591,2009-10-24 09:00:00,7,,1.7,70,1.9,,,14.816,,,,,0,0,,,,,,0,og-post,,,,AAXX 24094 07591 24/// /0000 10070 20019 39154 48483 50017 700// 333 60007 90710 91108 555 60005=
07591,2009-10-24 10:00:00,10.1,,0.4,52,0.7,,3.704,7.408,,240,,,0,,,,,,,0,og-post,,,,AAXX 24104 07591 24/// /2402 10101 20007 39150 48486 50004 700// 333 60005 90710 91104=
07591,2009-10-24 11:00:00,12.2,,-0.5,40,-1,,7.408,14.816,,210,,,0,,,,,,,0,og-post,,,,AAXX 24114 07591 24/// /2104 10122 21010 39150 48490 56005 700// 333 60005 90710 91108=
07591,2009-10-24 12:00:00,14.3,,-0.9,31,-2.6,,7.408,14.816,,230,,,0,0,,,,,,0,og-post,,,,AAXX 24124 07591 04/// /2304 10143 21026 39145 48490 58009 60001 700// 333 60007 90710 91108 555 60005=
07591,2009-10-24 13:00:00,14.9,,-0.7,36,0,,7.408,14.816,,180,,,0,,,,,,,0,og-post,,,,AAXX 24134 07591 24/// /1804 10149 20000 39143 48490 58007 700// 333 60005 90710 91108=
07591,2009-10-25 18:00:00,11.8,,1.3,79,8.3,,3.704,7.408,,340,4.9,19.5,0,0,,,,,,0,og-post,,,,AAXX 25184 07591 04/// /3402 10118 20083 39163 48502 53013 60002 700// 333 10195 20049 60007 90710 91104 555 60005=
07591,2009-10-25 21:00:00,8.8,,0.9,85,6.4,,7.408,18.52,,10,,,0,0,,,,,,0,og-post,,,,AAXX 25214 07591 24/// /0104 10088 20064 39172 48503 51009 700// 333 60007 90710 91110 555 60005=
07591,2009-10-26 00:00:00,6.2,,0.1,92,5,,,3.704,,,,,0,0,,,,,,0,og-post,,,,AAXX 26004 07591 04/// /0000 10062 20050 39173 48498 52001 60001 700// 333 60007 90710 91102 555 60005=
07591,2009-10-26 03:00:00,5.2,,-0.6,93,4.2,,,7.408,,,,,0,0,,,,,,0,og-post,,,,AAXX 26034 07591 24/// /0000 10052 20042 39167 48491 56006 700// 333 60007 90710 91104 555 60005=
07591,2009-10-26 06:00:00,4.2,,0.4,94,3.3,,3.704,7.408,,300,4,11.8,0,0,,,0,8.8,0,0,og-post,,,,AAXX 26064 07591 04/// /3002 10042 20033 39171 48492 51004 60002 700// 333 10118 20040 3/000 55088 60007 70000 90710 91104 555 60005=
07591,2009-10-26 07:00:00,4.5,,0.5,94,3.6,,3.704,7.408,,240,,,0,,,,,,,0,og-post,,,,AAXX 26074 07591 24/// /2402 10045 20036 39174 48495 53005 700// 333 60005 90710 91104=
07591,2009-10-26 08:00:00,7.1,,0.7,90,5.6,,,7.408,,,,,0,,,,,,,0,og-post,,,,AAXX 26084 07591 24/// /0000 10071 20056 39177 48504 53007 700// 333 60005 90710 91104=
07591,2009-10-26 09:00:00,10.2,,0.8,73,5.6,,7.408,11.112,,180,,,0,0,,,,,,0,og-post,,,,AAXX 26094 07591 24/// /1804 10102 20056 39179 48513 51008 700// 333 60007 90710 91106 555 60005=
07591,2009-10-26 10:00:00,13.4,,0.3,62,6.3,,3.704,11.112,,170,,,0,,,,,,,0,og-post,,,,AAXX 26104 07591 24/// /1702 10134 20063 39177 48518 50003 700// 333 60005 90710 91106=
07591,2009-10-26 11:00:00,15.3,,-0.8,53,5.8,,7.408,14.816,,190,,,0,,,,,,,0,og-post,,,,AAXX 26114 07591 24/// /1904 10153 20058 39169 48515 58008 700// 333 60005 90710 91108=
07591,2009-10-26 12:00:00,16.7,,-1.5,50,6.2,,11.112,18.52,,210,,,0,0,,,,,,0,og-post,,,,AAXX 26124 07591 04/// /2106 10167 20062 39164 48513 58015 60001 700// 333 60007 90710 91110 555 60005=
07591,2009-10-26 13:00:00,18.2,,-1.7,50,7.6,,11.112,18.52,,200,,,0,,,,,,,0,og-post,,,,AAXX 26134 07591 24/// /2006 10182 20076 39160 48513 56017 700// 333 60005 90710 91110=
07591,2009-10-26 14:00:00,18.6,,-1.1,47,7.1,,7.408,18.52,,220,,,0,,,,,,,0,og-post,,,,AAXX 26144 07591 24/// /2204 10186 20071 39158 48512 56011 700// 333 60005 90710 91110=
07591,2009-10-26 15:00:00,18.5,,-0.7,47,7,,11.112,18.52,,210,,,0,0,,,,,,0,og-post,,,,AAXX 26154 07591 24/// /2106 10185 20070 39157 48511 56007 700// 333 60007 90710 91110 555 60005=
07591,2009-10-26 16:00:00,16.7,,0.2,53,7.1,,7.408,25.928,,190,,,0,,,,,,,0,og-post,,,,AAXX 26164 07591 24/// /1904 10167 20071 39162 48512 53002 700// 333 60005 90710 91114=
07591,2009-10-26 17:00:00,12.7,,0.9,68,7,,,11.112,,,,,0,,,,,,,0,og-post,,,,AAXX 26174 07591 24/// /0000 10127 20070 39167 48508 53009 700// 333 60005 90710 91106=
07591,2009-10-26 18:00:00,10.4,,1.6,76,6.4,,3.704,7.408,,20,3.8,19,0,0,,,,,,0,og-post,,,,AAXX 26184 07591 04/// /0202 10104 20064 39173 48508 53016 60002 700// 333 10190 20038 60007 90710 91104 555 60005=
07591,2009-10-26 19:00:00,9.1,,1.1,79,5.7,,3.704,11.112,,40,,,0,,,,,,,0,og-post,,,,AAXX 26194 07591 24/// /0402 10091 20057 39173 48505 51011 700// 333 60005 90710 91106=
07591,2009-10-26 20:00:00,9.3,,0.5,74,4.9,,3.704,18.52,,70,,,0,,,,,,,0,og-post,,,,AAXX 26204 07591 24/// /0702 10093 20049 39172 48504 50005 700// 333 60005 90710 91110=
07591,2009-10-26 21:00:00,7.2,,0.7,85,4.9,,3.704,14.816,,170,,,0,0,,,,,,0,og-post,,,,AAXX 26214 07591 24/// /1702 10072 20049 39180 48507 53007 700// 333 60007 90710 91108 555 60005=
07591,2009-10-26 22:00:00,6.4,,0.9,85,4.1,,3.704,7.408,,20,,,0,,,,,,,0,og-post,,,,AAXX 26224 07591 24/// /0202 10064 20041 39182 48506 53009 700// 333 60005 90710 91104=
07591,2009-10-26 23:00:00,5.7,,1.1,82,2.9,,3.704,7.408,,70,,,0,,,,,,,0,og-post,,,,AAXX 26234 07591 24/// /0702 10057 20029 39183 48506 51011 700// 333 60005 90710 91104=
07591,2009-10-27 00:00:00,4.4,,0.5,88,2.6,,3.704,7.408,,290,,,0,0,,,,,,0,og-post,,,,AAXX 27004 07591 04/// /2902 10044 20026 39185 48504 52005 60001 700// 333 60007 90710 91104 555 60005=
07591,2009-10-27 01:00:00,4,,0.8,87,2,,,7.408,,,,,0,,,,,,,0,og-post,,,,AAXX 27014 07591 24/// /0000 10040 20020 39190 48508 53008 700// 333 60005 90710 91104=
07591,2009-10-27 02:00:00,4.3,,0.5,79,1,,7.408,14.816,,30,,,0,,,,,,,0,og-post,,,,AAXX 27024 07591 24/// /0304 10043 20010 39188 48507 50005 700// 333 60005 90710 91108=
07591,2009-10-27 03:00:00,3.3,,0.5,79,0,,3.704,14.816,,60,,,0,0,,,,,,0,og-post,,,,AAXX 27034 07591 24/// /0602 10033 20000 39190 48506 51005 700// 333 60007 90710 91108 555 60005=
07591,2009-10-27 04:00:00,2.5,,0.1,82,-0.3,,,7.408,,,,,0,,,,,,,0,og-post,,,,AAXX 27044 07591 24/// /0000 10025 21003 39191 48505 53001 700// 333 60005 90710 91104=
07591,2009-10-27 05:00:00,1.6,,0.2,81,-1.3,,3.704,7.408,,40,,,0,,,,,,,0,og-post,,,,AAXX 27054 07591 24/// /0402 10016 21013 39190 48502 50002 700// 333 60005 90710 91104=
07591,2009-10-27 06:00:00,2.7,,-0.1,72,-1.8,,7.408,11.112,,70,1.6,10.4,0,0,,,0,8.9,-3,0,og-post,,,,AAXX 27064 07591 04/// /0704 10027 21018 39189 48503 58001 60002 700// 333 10104 20016 3/103 55089 60007 70000 90710 91106 555 60005=
07591,2009-10-27 07:00:00,3.9,,0.4,65,-2.1,,3.704,22.224,,10,,,0,,,,,,,0,og-post,,,,AAXX 27074 07591 24/// /0102 10039 21021 39195 48511 53004 700// 333 60005 90710 91112=
07591,2009-10-27 08:00:00,6.5,,0.4,57,-1.4,,11.112,18.52,,60,,,0,,,,,,,0,og-post,,,,AAXX 27084 07591 24/// /0606 10065 21014 39194 48517 52004 700// 333 60005 90710 91110=
07591,2009-10-27 09:00:00,10.6,,0.8,49,0.3,,3.704,25.928,,160,,,0,0,,,,,,0,og-post,,,,AAXX 27094 07591 24/// /1602 10106 20003 39197 48529 51008 700// 333 60007 90710 91114 555 60005=
07591,2009-10-27 10:00:00,13.4,,0.6,38,-0.6,,7.408,14.816,,160,,,0,,,,,,,0,og-post,,,,AAXX 27104 07591 24/// /1604 10134 21006 39201 48539 53006 700// 333 60005 90710 91108=
07591,2009-10-27 11:00:00,16,,0.2,32,-0.7,,3.704,11.112,,150,,,0,,,,,,,0,og-post,,,,AAXX 27114 07591 24/// /1502 10160 21007 39196 48540 50002 700// 333 60005 90710 91106=
07591,2009-10-27 12:00:00,17.8,,-0.4,29,-0.5,,7.408,11.112,,220,,,0,0,,,,,,0,og-post,,,,AAXX 27124 07591 04/// /2204 10178 21005 39193 48542 58004 60001 700// 333 60007 90710 91106 555 60005=
07591,2009-10-27 13:00:00,18.6,,-1.3,28,-0.2,,7.408,18.52,,220,,,0,,,,,,,0,og-post,,,,AAXX 27134 07591 24/// /2204 10186 21002 39188 48539 57013 700// 333 60005 90710 91110=
07591,2009-10-27 14:00:00,19.6,,-0.9,33,2.9,,11.112,22.224,,190,,,0,,,,,,,0,og-post,,,,AAXX 27144 07591 24/// /1906 10196 20029 39187 48541 56009 700// 333 60005 90710 91112=
07591,2009-10-27 15:00:00,19.2,,-0.8,37,4.2,,11.112,22.224,,190,,,0,0,,,,,,0,og-post,,,,AAXX 27154 07591 24/// /1906 10192 20042 39185 48538 56008 700// 333 60007 90710 91112 555 60005=
07591,2009-10-27 16:00:00,17.6,,0.2,41,4.2,,3.704,18.52,,260,,,0,,,,,,,0,og-post,,,,AAXX 27164 07591 24/// /2602 10176 20042 39190 48539 53002 700// 333 60005 90710 91110=
07591,2009-10-27 17:00:00,12.5,,1,59,4.7,,3.704,7.408,,10,,,0,,,,,,,0,og-post,,,,AAXX 27174 07591 24/// /0102 10125 20047 39197 48534 53010 700// 333 60005 90710 91104=
07591,2009-10-27 18:00:00,11.2,,1.4,60,3.7,,7.408,11.112,,30,2.7,19.9,0,0,,,,,,0,og-post,,,,AAXX 27184 07591 04/// /0304 10112 20037 39199 48532 51014 60002 700// 333 10199 20027 60007 90710 91106 555 60005=
07591,2009-10-27 19:00:00,10.4,,1.1,59,2.7,,11.112,18.52,,30,,,0,,,,,,,0,og-post,,,,AAXX 27194 07591 24/// /0306 10104 20027 39201 48532 51011 700// 333 60005 90710 91110=
07591,2009-10-27 20:00:00,8.9,,1,65,2.7,,3.704,22.224,,100,,,0,,,,,,,0,og-post,,,,AAXX 27204 07591 24/// /1002 10089 20027 39207 48534 53010 700// 333 60005 90710 91112=
07591,2009-10-27 21:00:00,8.1,,0.9,66,2.1,,11.112,14.816,,60,,,0,0,,,,,,0,og-post,,,,AAXX 27214 07591 24/// /0606 10081 20021 39208 48533 51009 700// 333 60007 90710 91108 555 60005=
07591,2009-10-27 22:00:00,8.9,,1,58,1.1,,11.112,25.928,,40,,,0,,,,,,,0,og-post,,,,AAXX 27224 07591 24/// /0406 10089 20011 39211 48537 51010 700// 333 60005 90710 91114=
07591,2009-10-27 23:00:00,6.9,,0.5,65,0.8,,11.112,18.52,,40,,,0,,,,,,,0,og-post,,,,AAXX 27234 07591 24/// /0406 10069 20008 39212 48534 52005 700// 333 60005 90710 91110=
07591,2009-10-28 00:00:00,5.8,,0.6,70,0.8,,3.704,18.52,,40,,,0,0,,,,,,0,og-post,,,,AAXX 28004 07591 04/// /0402 10058 20008 39214 48533 51006 60001 700// 333 60007 90710 91110 555 60005=
07591,2009-10-28 01:00:00,5.4,,0.6,69,0.2,,11.112,14.816,,40,,,0,,,,,,,0,og-post,,,,AAXX 28014 07591 24/// /0406 10054 20002 39217 48534 53006 700// 333 60005 90710 91108=
07591,2009-10-28 02:00:00,5.3,,0.1,69,0.1,,18.52,25.928,,40,,,0,,,,,,,0,og-post,,,,AAXX 28024 07591 24/// /0410 10053 20001 39213 48531 50001 700// 333 60005 90710 91114=
07591,2009-10-28 03:00:00,6.1,,-0.3,63,-0.4,,14.816,29.632,,40,,,0,0,,,,,,0,og-post,,,,AAXX 28034 07591 24/// /0408 10061 21004 39211 48531 58003 700// 333 60007 90710 91116 555 60005=
07591,2009-10-28 04:00:00,5.5,,-0.6,64,-0.8,,11.112,29.632,,60,,,0,,,,,,,0,og-post,,,,AAXX 28044 07591 24/// /0606 10055 21008 39211 48529 56006 700// 333 60005 90710 91116=
07591,2009-10-28 05:00:00,5.3,,-0.5,63,-1.2,,11.112,22.224,,40,,,0,,,,,,,0,og-post,,,,AAXX 28054 07591 24/// /0406 10053 21012 39208 48526 58005 700// 333 60005 90710 91112=
07591,2009-10-28 06:00:00,4.2,,-0,69,-1,,7.408,18.52,,50,4.2,11.1,0,0,,,0,8.8,0,0,og-post,,,,AAXX 28064 07591 04/// /0504 10042 21010 39211 48526 55000 60002 700// 333 10111 20042 3/000 55088 60007 70000 90710 91110 555 60005=
07591,2009-10-28 07:00:00,4.3,,0.2,68,-1.1,,3.704,18.52,,90,,,0,,,,,,,0,og-post,,,,AAXX 28074 07591 24/// /0902 10043 21011 39213 48528 53002 700// 333 60005 90710 91110=
07591,2009-10-28 08:00:00,7.1,,0.8,65,1,,3.704,7.408,,170,,,0,,,,,,,0,og-post,,,,AAXX 28084 07591 24/// /1702 10071 20010 39216 48538 52008 700// 333 60005 90710 91104=
07591,2009-10-28 09:00:00,10,,0,48,-0.5,,14.816,22.224,,70,,,0,0,,,,,,0,og-post,,,,AAXX 28094 07591 24/// /0708 10100 21005 39211 48540 50000 700// 333 60007 90710 91112 555 60005=
07591,2009-10-28 10:00:00,13.5,,-0.5,37,-0.9,,7.408,25.928,,60,,,0,,,,,,,0,og-post,,,,AAXX 28104 07591 24/// /0604 10135 21009 39208 48545 58005 700// 333 60005 90710 91114=
07591,2009-10-28 11:00:00,15.3,,-1.3,36,0.3,,7.408,14.816,,200,,,0,,,,,,,0,og-post,,,,AAXX 28114 07591 24/// /2004 10153 20003 39203 48545 57013 700// 333 60005 90710 91108=
07591,2009-10-28 12:00:00,17,,-1.2,33,0.6,,7.408,14.816,,210,,,0,0,,,,,,0,og-post,,,,AAXX 28124 07591 04/// /2104 10170 20006 39199 48545 58012 60001 700// 333 60007 90710 91108 555 60005=
07591,2009-10-28 13:00:00,18.9,,-1.6,32,1.9,,7.408,14.816,,210,,,0,,,,,,,0,og-post,,,,AAXX 28134 07591 24/// /2104 10189 20019 39192 48543 58016 700// 333 60005 90710 91108=
07591,2009-10-28 14:00:00,19.4,,-1.5,35,3.6,,3.704,14.816,,210,,,0,,,,,,,0,og-post,,,,AAXX 28144 07591 24/// /2102 10194 20036 39188 48541 57015 700// 333 60005 90710 91108=
07591,2009-10-28 15:00:00,19.4,,-1.2,36,4,,7.408,14.816,,230,,,0,0,,,,,,0,og-post,,,,AAXX 28154 07591 24/// /2304 10194 20040 39187 48540 56012 700// 333 60007 90710 91108 555 60005=
07591,2009-10-28 16:00:00,17.7,,-0.4,42,4.6,,3.704,11.112,,260,,,0,,,,,,,0,og-post,,,,AAXX 28164 07591 24/// /2602 10177 20046 39188 48537 55004 700// 333 60005 90710 91106=
07591,2009-10-28 17:00:00,13,,0.3,60,5.4,,3.704,7.408,,320,,,0,,,,,,,0,og-post,,,,AAXX 28174 07591 24/// /3202 10130 20054 39191 48530 53003 700// 333 60005 90710 91104=
07591,2009-10-28 18:00:00,11.2,,0.7,64,4.7,,3.704,7.408,,40,4.2,19.7,0,0,,,,,,0,og-post,,,,AAXX 28184 07591 04/// /0402 10112 20047 39194 48528 53007 60002 700// 333 10197 20042 60007 90710 91104 555 60005=
07591,2009-10-28 19:00:00,10.3,,0.4,62,3.3,,,22.224,,,,,0,,,,,,,0,og-post,,,,AAXX 28194 07591 24/// /0000 10103 20033 39192 48524 50004 700// 333 60005 90710 91112=
07591,2009-10-28 20:00:00,9.3,,0.2,67,3.5,,3.704,7.408,,360,,,0,,,,,,,0,og-post,,,,AAXX 28204 07591 24/// /3602 10093 20035 39193 48523 51002 700// 333 60005 90710 91104=
07591,2009-10-28 21:00:00,8.8,,-0.2,64,2.4,,7.408,14.816,,30,,,0,0,,,,,,0,og-post,,,,AAXX 28214 07591 24/// /0304 10088 20024 39192 48520 56002 700// 333 60007 90710 91108 555 60005=
07591,2009-10-28 22:00:00,7.7,,0.1,71,2.8,,,14.816,,,,,0,,,,,,,0,og-post,,,,AAXX 28224 07591 24/// /0000 10077 20028 39193 48519 52001 700// 333 60005 90710 91108=
07591,2009-10-28 23:00:00,7.3,,-0.4,69,2,,7.408,14.816,,40,,,0,,,,,,,0,og-post,,,,AAXX 28234 07591 24/// /0404 10073 20020 39189 48514 58004 700// 333 60005 90710 91108=
07591,2009-10-29 00:00:00,7.3,,-0.7,68,1.8,,7.408,18.52,,60,,,0,0,,,,,,0,og-post,,,,AAXX 29004 07591 04/// /0604 10073 20018 39185 48511 58007 60001 700// 333 60007 90710 91110 555 60005=
07591,2009-10-29 01:00:00,5.4,,-0.6,79,2.1,,,7.408,,,,,0,,,,,,,0,og-post,,,,AAXX 29014 07591 24/// /0000 10054 20021 39187 48508 55006 700// 333 60005 90710 91104=
07591,2009-10-29 02:00:00,5.7,,-0.5,75,1.6,,3.704,11.112,,100,,,0,,,,,,,0,og-post,,,,AAXX 29024 07591 24/// /1002 10057 20016 39184 48506 56005 700// 333 60005 90710 91106=
07591,2009-10-29 03:00:00,5,,-0.5,75,0.9,,7.408,18.52,,70,,,0,0,,,,,,0,og-post,,,,AAXX 29034 07591 24/// /0704 10050 20009 39180 48501 58005 700// 333 60007 90710 91110 555 60005=
07591,2009-10-29 04:00:00,4.5,,-0.6,75,0.5,,7.408,11.112,,50,,,0,,,,,,,0,og-post,,,,AAXX 29044 07591 24/// /0504 10045 20005 39181 48501 55006 700// 333 60005 90710 91106=
07591,2009-10-29 05:00:00,4.5,,-0.5,73,0.1,,3.704,18.52,,80,,,0,,,,,,,0,og-post,,,,AAXX 29054 07591 24/// /0802 10045 20001 39179 48499 56005 700// 333 60005 90710 91110=
07591,2009-10-29 06:00:00,3.2,,-0,80,0.1,,3.704,7.408,,330,3.2,11.5,0,0,,,0,8.5,-1,0,og-post,,,,AAXX 29064 07591 04/// /3302 10032 20001 39180 48497 54000 60002 700// 333 10115 20032 3/101 55085 60007 70000 90710 91104 555 60005=
07591,2009-10-29 07:00:00,3.5,,-0.1,78,0,,3.704,3.704,,20,,,0,,,,,,,0,og-post,,,,AAXX 29074 07591 24/// /0202 10035 20000 39180 48498 56001 700// 333 60005 90710 91102=
07591,2009-10-29 08:00:00,6.8,,-0.1,65,0.7,,,7.408,,,,,0,,,,,,,0,og-post,,,,AAXX 29084 07591 24/// /0000 10068 20007 39178 48503 58001 700// 333 60005 90710 91104=
07591,2009-10-29 09:00:00,9.9,,-0.5,61,2.7,,3.704,7.408,,180,,,0,0,,,,,,0,og-post,,,,AAXX 29094 07591 24/// /1802 10099 20027 39175 48508 58005 700// 333 60007 90710 91104 555 60005=
07591,2009-10-29 10:00:00,14,,-1.3,41,1,,3.704,11.112,,160,,,0,,,,,,,0,og-post,,,,AAXX 29104 07591 24/// /1602 10140 20010 39167 48510 58013 700// 333 60005 90710 91106=
07591,2009-10-29 11:00:00,15,,-1.4,39,1.2,,11.112,14.816,,210,,,0,,,,,,,0,og-post,,,,AAXX 29114 07591 24/// /2106 10150 20012 39164 48509 57014 700// 333 60005 90710 91108=
07591,2009-10-29 12:00:00,16.4,,-1.4,36,1.3,,11.112,14.816,,210,,,0,0,,,,,,0,og-post,,,,AAXX 29124 07591 04/// /2106 10164 20013 39161 48509 56014 60001 700// 333 60007 90710 91108 555 60005=
07591,2009-10-29 13:00:00,18.8,,-1,33,2.2,,7.408,14.816,,200,,,0,,,,,,,0,og-post,,,,AAXX 29134 07591 24/// /2004 10188 20022 39157 48511 58010 700// 333 60005 90710 91108=
07591,2009-10-29 14:00:00,20.5,,-0.7,32,3.3,,3.704,14.816,,210,,,0,,,,,,,0,og-post,,,,AAXX 29144 07591 24/// /2102 10205 20033 39157 48515 56007 700// 333 60005 90710 91108=
07591,2009-10-29 15:00:00,20.7,,-0.2,29,2,,3.704,11.112,,190,,,0,0,,,,,,0,og-post,,,,AAXX 29154 07591 24/// /1902 10207 20020 39159 48517 55002 700// 333 60007 90710 91106 555 60005=
07591,2009-10-29 16:00:00,18.2,,0.4,37,3.3,,3.704,7.408,,280,,,0,,,,,,,0,og-post,,,,AAXX 29164 07591 24/// /2802 10182 20033 39161 48514 53004 700// 333 60005 90710 91104=
07591,2009-10-29 17:00:00,13.1,,0.8,51,3.2,,3.704,11.112,,360,,,0,,,,,,,0,og-post,,,,AAXX 29174 07591 24/// /3602 10131 20032 39165 48506 53008 700// 333 60005 90710 91106=
07591,2009-10-29 18:00:00,11.1,,1.3,57,2.9,,,3.704,,,3.2,21.1,0,0,,,,,,0,og-post,,,,AAXX 29184 07591 04/// /0000 10111 20029 39172 48508 53013 60002 700// 333 10211 20032 60007 90710 91102 555 60005=
07591,2009-10-29 19:00:00,9.6,,1.6,60,2.2,,3.704,7.408,,10,,,0,,,,,,,0,og-post,,,,AAXX 29194 07591 24/// /0102 10096 20022 39177 48509 53016 700// 333 60005 90710 91104=
07591,2009-10-29 20:00:00,8.4,,1.7,65,2.2,,3.704,11.112,,360,,,0,,,,,,,0,og-post,,,,AAXX 29204 07591 24/// /3602 10084 20022 39182 48511 51017 700// 333 60005 90710 91106=
07591,2009-10-29 21:00:00,7.6,,1.5,67,1.9,,3.704,11.112,,30,,,0,0,,,,,,0,og-post,,,,AAXX 29214 07591 24/// /0302 10076 20019 39187 48513 52015 700// 333 60007 90710 91106 555 60005=
07591,2009-10-29 22:00:00,6.2,,1.5,73,1.7,,3.704,11.112,,350,,,0,,,,,,,0,og-post,,,,AAXX 29224 07591 24/// /3502 10062 20017 39192 48514 52015 700// 333 60005 90710 91106=
07591,2009-10-29 23:00:00,6,,1.1,72,1.3,,3.704,7.408,,310,,,0,,,,,,,0,og-post,,,,AAXX 29234 07591 24/// /3102 10060 20013 39193 48515 51011 700// 333 60005 90710 91104=
07591,2009-10-30 00:00:00,6.4,,0.3,66,0.5,,7.408,14.816,,20,,,0,0,,,,,,0,og-post,,,,AAXX 30004 07591 04/// /0204 10064 20005 39190 48513 50003 60001 700// 333 60007 90710 91108 555 60005=
07591,2009-10-30 01:00:00,5.1,,-0.1,74,0.9,,3.704,7.408,,260,,,0,,,,,,,0,og-post,,,,AAXX 30014 07591 24/// /2602 10051 20009 39191 48511 57001 700// 333 60005 90710 91104=
07591,2009-10-30 02:00:00,4.9,,0.1,72,0.3,,3.704,7.408,,210,,,0,,,,,,,0,og-post,,,,AAXX 30024 07591 24/// /2102 10049 20003 39194 48513 53001 700// 333 60005 90710 91104=
07591,2009-10-30 03:00:00,4.4,,0.3,73,0,,3.704,11.112,,30,,,0,0,,,,,,0,og-post,,,,AAXX 30034 07591 24/// /0302 10044 20000 39193 48511 50003 700// 333 60007 90710 91106 555 60005=
07591,2009-10-30 04:00:00,4.2,,0.4,73,-0.2,,3.704,14.816,,70,,,0,,,,,,,0,og-post,,,,AAXX 30044 07591 24/// /0702 10042 21002 39195 48512 51004 700// 333 60005 90710 91108=
07591,2009-10-30 05:00:00,5.4,,0.1,65,-0.6,,11.112,18.52,,40,,,0,,,,,,,0,og-post,,,,AAXX 30054 07591 24/// /0406 10054 21006 39195 48515 53001 700// 333 60005 90710 91110=
07591,2009-10-30 06:00:00,3.3,,0.8,77,-0.3,,,11.112,,,3.3,11,0,0,,,0,8.8,-1,0,og-post,,,,AAXX 30064 07591 04/// /0000 10033 21003 39201 48515 53008 60002 700// 333 10110 20033 3/101 55088 60007 70000 90710 91106 555 60005=
07591,2009-10-30 07:00:00,3.6,,0.8,75,-0.4,,3.704,7.408,,70,,,0,,,,,,,0,og-post,,,,AAXX 30074 07591 24/// /0702 10036 21004 39203 48518 53008 700// 333 60005 90710 91104=
07591,2009-10-30 08:00:00,8.1,,1.1,59,0.6,,11.112,18.52,,70,,,0,,,,,,,0,og-post,,,,AAXX 30084 07591 24/// /0706 10081 20006 39206 48531 51011 700// 333 60005 90710 91110=
07591,2009-10-30 09:00:00,12.7,,0.4,41,-0.2,,7.408,18.52,,80,,,0,0,,,,,,0,og-post,,,,AAXX 30094 07591 24/// /0804 10127 21002 39205 48541 50004 700// 333 60007 90710 91110 555 60005=
07591,2009-10-30 10:00:00,14.1,,0.1,44,2,,7.408,11.112,,170,,,0,,,,,,,0,og-post,,,,AAXX 30104 07591 24/// /1704 10141 20020 39204 48543 50001 700// 333 60005 90710 91106=
07591,2009-10-30 11:00:00,16,,-0.6,36,1,,3.704,7.408,,240,,,0,,,,,,,0,og-post,,,,AAXX 30114 07591 24/// /2402 10160 20010 39200 48544 58006 700// 333 60005 90710 91104=
07591,2009-10-30 12:00:00,18.2,,-0.9,31,0.8,,7.408,11.112,,220,,,0,0,,,,,,0,og-post,,,,AAXX 30124 07591 04/// /2204 10182 20008 39196 48545 58009 60001 700// 333 60007 90710 91106 555 60005=
07591,2009-10-30 13:00:00,19.1,,-1.2,30,1.1,,11.112,18.52,,200,,,0,,,,,,,0,og-post,,,,AAXX 30134 07591 24/// /2006 10191 20011 39192 48544 57012 700// 333 60005 90710 91110=
07591,2009-10-30 14:00:00,19.7,,-0.8,34,3.4,,11.112,25.928,,190,,,0,,,,,,,0,og-post,,,,AAXX 30144 07591 24/// /1906 10197 20034 39192 48545 56008 700// 333 60005 90710 91114=
07591,2009-10-30 15:00:00,18.9,,-0.4,36,3.5,,11.112,29.632,,190,,,0,0,,,,,,0,og-post,,,,AAXX 30154 07591 24/// /1906 10189 20035 39192 48544 56004 700// 333 60007 90710 91116 555 60005=
07591,2009-10-30 16:00:00,16.6,,0.4,39,2.6,,7.408,29.632,,190,,,0,,,,,,,0,og-post,,,,AAXX 30164 07591 24/// /1904 10166 20026 39196 48542 53004 700// 333 60005 90710 91116=
07591,2009-10-30 17:00:00,12.3,,1.2,55,3.5,,3.704,11.112,,280,,,0,,,,,,,0,og-post,,,,AAXX 30174 07591 24/// /2802 10123 20035 39204 48539 53012 700// 333 60005 90710 91106=
07591,2009-10-30 18:00:00,10.7,,1.9,61,3.5,,3.704,7.408,,350,2.8,19.8,0,0,,,,,,0,og-post,,,,AAXX 30184 07591 04/// /3502 10107 20035 39211 48542 53019 60002 700// 333 10198 20028 60007 90710 91104 555 60005=
07591,2009-10-30 19:00:00,9.5,,2,65,3.3,,3.704,7.408,,10,,,0,,,,,,,0,og-post,,,,AAXX 30194 07591 24/// /0102 10095 20033 39216 48543 51020 700// 333 60005 90710 91104=
07591,2009-10-30 20:00:00,8.2,,2.1,73,3.7,,3.704,7.408,,30,,,0,,,,,,,0,og-post,,,,AAXX 30204 07591 24/// /0302 10082 20037 39225 48548 53021 700// 333 60005 90710 91104=
07591,2009-10-30 21:00:00,8,,1.4,69,2.7,,7.408,14.816,,30,,,0,0,,,,,,0,og-post,,,,AAXX 30214 07591 24/// /0304 10080 20027 39225 48548 51014 700// 333 60007 90710 91108 555 60005=
07591,2009-10-30 22:00:00,7.1,,0.8,72,2.4,,3.704,11.112,,50,,,0,,,,,,,0,og-post,,,,AAXX 30224 07591 24/// /0502 10071 20024 39224 48545 50008 700// 333 60005 90710 91106=
07591,2009-10-30 23:00:00,6.9,,-0,72,2.2,,3.704,18.52,,30,,,0,,,,,,,0,og-post,,,,AAXX 30234 07591 24/// /0302 10069 20022 39225 48545 55000 700// 333 60005 90710 91110=
07591,2009-10-31 00:00:00,6.1,,0.3,76,2.2,,,14.816,,,,,0,0,,,,,,0,og-post,,,,AAXX 31004 07591 04/// /0000 10061 20022 39228 48546 53003 60001 700// 333 60007 90710 91108 555 60005=
07591,2009-10-31 01:00:00,5.3,,0.6,81,2.3,,3.704,7.408,,50,,,0,,,,,,,0,og-post,,,,AAXX 31014 07591 24/// /0502 10053 20023 39230 48546 53006 700// 333 60005 90710 91104=
07591,2009-10-31 02:00:00,5.8,,0.5,77,2.1,,11.112,14.816,,20,,,0,,,,,,,0,og-post,,,,AAXX 31024 07591 24/// /0206 10058 20021 39230 48547 51005 700// 333 60005 90710 91108=
07591,2009-10-31 03:00:00,5.3,,0.2,79,2,,7.408,14.816,,40,,,0,0,,,,,,0,og-post,,,,AAXX 31034 07591 24/// /0404 10053 20020 39230 48546 51002 700// 333 60007 90710 91108 555 60005=
07591,2009-10-31 04:00:00,5.8,,-0.1,76,1.9,,11.112,18.52,,20,,,0,,,,,,,0,og-post,,,,AAXX 31044 07591 24/// /0206 10058 20019 39229 48546 58001 700// 333 60005 90710 91110=
07591,2009-10-31 05:00:00,6,,-0.4,74,1.7,,14.816,25.928,,40,,,0,,,,,,,0,og-post,,,,AAXX 31054 07591 24/// /0408 10060 20017 39226 48544 58004 700// 333 60005 90710 91114=
07591,2009-10-31 06:00:00,6.5,,-0.2,71,1.6,,14.816,22.224,,30,5.2,10.7,0,0,,,0,8.5,2,0,og-post,,,,AAXX 31064 07591 04/// /0308 10065 20016 39228 48547 55002 60002 700// 333 10107 20052 3/002 55085 60007 70000 90710 91112 555 60005=
07591,2009-10-31 07:00:00,6.4,,0.7,73,1.9,,3.704,31.484,,310,,,0,,,,,,,0,og-post,,,,AAXX 31074 07591 24/// /3102 10064 20019 39236 48554 53007 700// 333 60005 90710 91117=
07591,2009-10-31 08:00:00,6.4,,1.2,74,2.1,,3.704,7.408,,60,,,0,,,,,,,0,og-post,,,,AAXX 31084 07591 24/// /0602 10064 20021 39238 48555 52012 700// 333 60005 90710 91104=
07591,2009-10-31 09:00:00,7,,0.8,72,2.3,,,14.816,,,,,0,0,,,,,,0,og-post,,,,AAXX 31094 07591 24/// /0000 10070 20023 39236 48555 50008 700// 333 60007 90710 91108 555 60005=
07591,2009-10-31 10:00:00,8.7,,-0.2,66,2.7,,11.112,18.52,,40,,,0,,,,,,,0,og-post,,,,AAXX 31104 07591 24/// /0406 10087 20027 39234 48557 58002 700// 333 60005 90710 91110=
07591,2009-10-31 11:00:00,10.9,,-0.9,59,3.2,,11.112,18.52,,30,,,0,,,,,,,0,og-post,,,,AAXX 31114 07591 24/// /0306 10109 20032 39229 48558 58009 700// 333 60005 90710 91110=
07591,2009-10-31 12:00:00,13.6,,-1.1,49,3.1,,3.704,18.52,,130,,,0,0,,,,,,0,og-post,,,,AAXX 31124 07591 04/// /1302 10136 20031 39225 48561 58011 60001 700// 333 60007 90710 91110 555 60005=
07591,2009-10-31 13:00:00,14.7,,-1.2,50,4.4,,7.408,14.816,,170,,,0,,,,,,,0,og-post,,,,AAXX 31134 07591 24/// /1704 10147 20044 39222 48561 56012 700// 333 60005 90710 91108=
07591,2009-10-31 14:00:00,16.4,,-1.5,47,5.1,,,11.112,,,,,0,,,,,,,0,og-post,,,,AAXX 31144 07591 24/// /0000 10164 20051 39214 48558 58015 700// 333 60005 90710 91106=
07591,2009-10-31 15:00:00,15.4,,-0.8,54,6.1,,11.112,18.52,,210,,,0,0,,,,,,0,og-post,,,,AAXX 31154 07591 24/// /2106 10154 20061 39217 48559 55008 700// 333 60007 90710 91110 555 60005=
07591,2009-10-31 16:00:00,14,,-0.2,64,7.3,,7.408,18.52,,210,,,0,,,,,,,0,og-post,,,,AAXX 31164 07591 24/// /2104 10140 20073 39220 48558 55002 700// 333 60005 90710 91110=
07591,2009-10-31 17:00:00,11.4,,1.1,74,6.9,,3.704,14.816,,330,,,0,,,,,,,0,og-post,,,,AAXX 31174 07591 24/// /3302 10114 20069 39225 48557 53011 700// 333 60005 90710 91108=
07591,2009-10-31 18:00:00,9.2,,1.3,80,5.9,,3.704,7.408,,330,6.2,16.6,0,0,,,,,,0,og-post,,,,AAXX 31184 07591 04/// /3302 10092 20059 39230 48556 53013 60002 700// 333 10166 20062 60007 90710 91104 555 60005=
07591,2009-10-31 19:00:00,7.9,,1.3,84,5.4,,3.704,7.408,,30,,,0,,,,,,,0,og-post,,,,AAXX 31194 07591 24/// /0302 10079 20054 39233 48555 51013 700// 333 60005 90710 91104=
07591,2009-10-31 20:00:00,7.4,,0.9,83,4.7,,11.112,18.52,,40,,,0,,,,,,,0,og-post,,,,AAXX 31204 07591 24/// /0406 10074 20047 39234 48555 51009 700// 333 60005 90710 91110=
07591,2009-10-31 21:00:00,7.7,,-0.1,77,3.9,,14.816,22.224,,30,,,0,0,,,,,,0,og-post,,,,AAXX 31214 07591 24/// /0308 10077 20039 39229 48551 58001 700// 333 60007 90710 91112 555 60005=
07591,2009-10-31 22:00:00,5.9,,-0.2,85,3.6,,,18.52,,,,,0,,,,,,,0,og-post,,,,AAXX 31224 07591 24/// /0000 10059 20036 39231 48548 55002 700// 333 60005 90710 91110=
07591,2009-10-31 23:00:00,5.2,,-0.2,90,3.7,,7.408,7.408,,40,,,0,,,,,,,0,og-post,,,,AAXX 31234 07591 24/// /0404 10052 20037 39232 48547 55002 700// 333 60005 90710 91104=
07591,2009-11-01 00:00:00,5.6,,-0.1,83,2.9,,11.112,18.52,,20,,,0,0,,,,,,0,og-post,,,,AAXX 01004 07591 04/// /0206 10056 20029 39228 48545 58001 60001 700// 333 60007 90710 91110 555 60005=
07591,2009-11-01 01:00:00,4.6,,-0.7,85,2.3,,,18.52,,,,,0,,,,,,,0,og-post,,,,AAXX 01014 07591 24/// /0000 10046 20023 39224 48539 58007 700// 333 60005 90710 91110=
07591,2009-11-01 02:00:00,3.6,,-1.2,89,2,,,7.408,,,,,0,,,,,,,0,og-post,,,,AAXX 01024 07591 24/// /0000 10036 20020 39220 48533 57012 700// 333 60005 90710 91104=
07591,2009-11-01 03:00:00,3.3,,-1.1,89,1.7,,3.704,7.408,,20,,,0,0,,,,,,0,og-post,,,,AAXX 01034 07591 24/// /0202 10033 20017 39217 48530 56011 700// 333 60007 90710 91104 555 60005=
07591,2009-11-01 04:00:00,2.9,,-1,88,1.1,,7.408,14.816,,50,,,0,,,,,,,0,og-post,,,,AAXX 01044 07591 24/// /0504 10029 20011 39214 48526 56010 700// 333 60005 90710 91108=
07591,2009-11-01 05:00:00,3.1,,-0.6,87,1.2,,3.704,14.816,,350,,,0,,,,,,,0,og-post,,,,AAXX 01054 07591 24/// /3502 10031 20012 39214 48526 56006 700// 333 60005 90710 91108=
07591,2009-11-01 06:00:00,2.2,,-0.1,90,0.7,,,3.704,,,2.2,9.2,0,0,,,0,3.9,-2,0,og-post,,,,AAXX 01064 07591 04/// /0000 10022 20007 39216 48526 55001 60002 700// 333 10092 20022 3/102 55039 60007 70000 90710 91102 555 60005=
07591,2009-11-01 07:00:00,2.4,,-0.1,88,0.6,,14.816,18.52,,40,,,0,,,,,,,0,og-post,,,,AAXX 01074 07591 24/// /0408 10024 20006 39213 48524 58001 700// 333 60005 90710 91110=
07591,2009-11-01 08:00:00,4.2,,-0.2,82,1.4,,3.704,18.52,,100,,,0,,,,,,,0,og-post,,,,AAXX 01084 07591 24/// /1002 10042 20014 39212 48527 58002 700// 333 60005 90710 91110=
07591,2009-11-01 09:00:00,8.2,,-0.5,68,2.7,,3.704,11.112,,200,,,0,0,,,,,,0,og-post,,,,AAXX 01094 07591 24/// /2002 10082 20027 39211 48536 56005 700// 333 60007 90710 91106 555 60005=
07591,2009-11-01 10:00:00,11,,-0.7,55,2.3,,7.408,11.112,,170,,,0,,,,,,,0,og-post,,,,AAXX 01104 07591 24/// /1704 10110 20023 39206 48538 58007 700// 333 60005 90710 91106=
07591,2009-11-01 11:00:00,13.2,,-1.6,46,1.8,,3.704,14.816,,220,,,0,,,,,,,0,og-post,,,,AAXX 01114 07591 24/// /2202 10132 20018 39196 48534 58016 700// 333 60005 90710 91108=
07591,2009-11-01 12:00:00,14.4,,-2.5,47,3.2,,11.112,22.224,,200,,,0,0,,,,,,0,og-post,,,,AAXX 01124 07591 04/// /2006 10144 20032 39186 48528 58025 60001 700// 333 60007 90710 91112 555 60005=
07591,2009-11-01 13:00:00,15.7,,-2.6,47,4.4,,11.112,25.928,,200,,,0,,,,,,,0,og-post,,,,AAXX 01134 07591 24/// /2006 10157 20044 39180 48526 56026 700// 333 60005 90710 91114=
07591,2009-11-01 14:00:00,15.4,,-2,52,5.6,,18.52,31.484,,200,,,0,,,,,,,0,og-post,,,,AAXX 01144 07591 24/// /2010 10154 20056 39176 48521 56020 700// 333 60005 90710 91117=
07591,2009-11-01 15:00:00,13.7,,-1.4,60,6.1,,11.112,31.484,,200,,,0,0,,,,,,0,og-post,,,,AAXX 01154 07591 24/// /2006 10137 20061 39172 48514 56014 700// 333 60007 90710 91117 555 60005=
07591,2009-11-01 16:00:00,12.9,,-0.9,63,6,,11.112,22.224,,190,,,0,,,,,,,0,og-post,,,,AAXX 01164 07591 24/// /1906 10129 20060 39171 48511 56009 700// 333 60005 90710 91112=
07591,2009-11-01 17:00:00,11,,-0.7,69,5.5,,,11.112,,,,,0,,,,,,,0,og-post,,,,AAXX 01174 07591 24/// /0000 10110 20055 39169 48505 56007 700// 333 60005 90710 91106=
07591,2009-11-01 18:00:00,9.9,,-0.4,75,5.7,,3.704,7.408,,320,1.9,15.9,0,0,,,,,,0,og-post,,,,AAXX 01184 07591 04/// /3202 10099 20057 39168 48502 57004 60002 700// 333 10159 20019 60007 90710 91104 555 60005=
07591,2009-11-01 19:00:00,9,,-0.5,78,5.4,,3.704,11.112,,330,,,0,,,,,,,0,og-post,,,,AAXX 01194 07591 24/// /3302 10090 20054 39166 48498 57005 700// 333 60005 90710 91106=
07591,2009-11-01 20:00:00,8.9,,-0.7,80,5.6,,3.704,11.112,,330,,,0,,,,,,,0,og-post,,,,AAXX 01204 07591 24/// /3302 10089 20056 39162 48494 58007 700// 333 60005 90710 91106=
07591,2009-11-01 21:00:00,8.6,,-0.8,79,5.2,,3.704,7.408,,40,,,0,0,,,,,,0,og-post,,,,AAXX 01214 07591 24/// /0402 10086 20052 39160 48492 57008 700// 333 60007 90710 91104 555 60005=
07591,2009-11-01 22:00:00,8.7,,-1,81,5.6,,3.704,3.704,,280,,,0,,,,,,,0,og-post,,,,AAXX 01224 07591 24/// /2802 10087 20056 39156 48489 57010 700// 333 60005 90710 91102=
07591,2009-11-01 23:00:00,8,,-1,86,5.8,,3.704,7.408,,40,,,0,,,,,,,21,og-post,,,,AAXX 01234 07591 24/// /0402 10080 20058 39152 48484 58010 721// 333 60005 90710 91104=
07591,2009-11-02 00:00:00,8.1,,-1.7,89,6.4,,3.704,3.704,,290,,,0,0,,,,,,0,og-post,,,,AAXX 02004 07591 04/// /2902 10081 20064 39143 48476 58017 60001 700// 333 60007 90710 91102 555 60005=
07591,2009-11-02 01:00:00,8,,-1.7,90,6.5,,3.704,7.408,,240,,,0,,,,,,,0,og-post,,,,AAXX 02014 07591 24/// /2402 10080 20065 39139 48472 57017 700// 333 60005 90710 91104=
07591,2009-11-02 02:00:00,8.4,,-2.2,90,6.9,,,7.408,,,,,0.4,,,,,,,61,og-post,,,,AAXX 02024 07591 24/// /0000 10084 20069 39130 48465 57022 761// 333 69945 90710 91104=
07591,2009-11-02 03:00:00,7.8,,-2.8,94,6.9,,3.704,7.408,,40,,,0.8,1,,,,,,61,og-post,,,,AAXX 02034 07591 24/// /0402 10078 20069 39115 48450 58028 761// 333 60017 90710 91104 555 69985=
07591,2009-11-02 04:00:00,8.1,,-5.1,96,7.5,,11.112,14.816,,20,,,0.8,,,,,,,61,og-post,,,,AAXX 02044 07591 24/// /0206 10081 20075 39088 48427 58051 761// 333 69985 90710 91108=
07591,2009-11-02 05:00:00,8,,-5.7,96,7.4,,3.704,14.816,,260,,,2,,,,,,,65,og-post,,,,AAXX 02054 07591 24/// /2602 10080 20074 39073 48413 57057 765// 333 60025 90710 91108=
07591,2009-11-02 06:00:00,7.7,,-2.8,96,7.1,100,3.704,14.816,,180,7.7,10,9,12,,14,13.6,6.7,6,62,og-post,,,,AAXX 02064 07591 04/01 /1802 10077 20071 39087 48425 55028 60142 762// 333 10100 20077 3/006 55067 60127 70136 90710 91108 555 60095=
07591,2009-11-02 07:00:00,9,,-0.7,96,8.4,,7.408,18.52,,290,,,4,,,,,,,61,og-post,,,,AAXX 02074 07591 24/// /2904 10090 20084 39081 48422 56007 761// 333 60045 90710 91110=
07591,2009-11-02 08:00:00,9.2,,0.4,96,8.6,,3.704,11.112,,50,,,2,,,,,,,61,og-post,,,,AAXX 02084 07591 24/// /0502 10092 20086 39077 48419 50004 761// 333 60025 90710 91106=
07591,2009-11-02 09:00:00,9.6,,-1.5,97,9.1,,7.408,11.112,,180,,,0.2,7,,,,,,21,og-post,,,,AAXX 02094 07591 24/// /1804 10096 20091 39072 48416 56015 721// 333 60077 90710 91106 555 69925=
07591,2009-11-02 10:00:00,9.7,,-1.6,95,8.9,,7.408,22.224,,190,,,0.6,,,,,,,21,og-post,,,,AAXX 02104 07591 24/// /1904 10097 20089 39065 48409 58016 721// 333 69965 90710 91112=
07591,2009-11-02 11:00:00,7.8,,-0.6,84,5.3,,11.112,42.596,,220,,,4,,,,,,,61,og-post,,,,AAXX 02114 07591 24/// /2206 10078 20053 39071 48411 55006 761// 333 60045 90710 91123=
07591,2009-11-02 12:00:00,11.2,,-1.6,71,6.1,,14.816,25.928,,180,,,0.2,5,12,,,,,21,og-post,,,,AAXX 02124 07591 04/// /1808 10112 20061 39056 48404 58016 60121 721// 333 60057 90710 91114 555 69925=
07591,2009-11-02 13:00:00,8.5,,-1.8,76,4.5,,18.52,42.596,,210,,,0.6,,,,,,,21,og-post,,,,AAXX 02134 07591 24/// /2110 10085 20045 39047 48390 58018 721// 333 69965 90710 91123=
07591,2009-11-02 14:00:00,9.1,,-3.1,58,1.3,,31.484,53.708,53.708,210,,,0,,,,,,,0,og-post,,,,AAXX 02144 07591 24/// /2117 10091 20013 39040 48385 56031 700// 333 60005 91029 90710 91129=
07591,2009-11-02 15:00:00,8.7,,-1.5,52,-0.6,,25.928,61.116,,220,,,0,0.6,,,,,,0,og-post,,,,AAXX 02154 07591 24/// /2214 10087 21006 39041 48385 55015 700// 333 69967 90710 91133 555 60005=
07591,2009-11-02 16:00:00,7.2,,-0.3,57,-0.7,,18.52,50.004,,230,,,0,,,,,,,0,og-post,,,,AAXX 02164 07591 24/// /2310 10072 21007 39044 48385 55003 700// 333 60005 90710 91127=
07591,2009-11-02 17:00:00,4.9,,1.1,70,-0.1,,3.704,35.188,,310,,,0,,,,,,,0,og-post,,,,AAXX 02174 07591 24/// /3102 10049 21001 39051 48387 53011 700// 333 60005 90710 91119=
07591,2009-11-02 18:00:00,3.5,,1.5,69,-1.6,,3.704,11.112,,10,3.5,11.6,0,0,,12,,,,0,og-post,,,,AAXX 02184 07591 04/// /0102 10035 21016 39056 48388 53015 60122 700// 333 10116 20035 60007 90710 91106 555 60005=
07591,2009-11-02 19:00:00,2.5,,1.3,77,-1.1,,7.408,11.112,,350,,,0,,,,,,,0,og-post,,,,AAXX 02194 07591 24/// /3504 10025 21011 39057 48388 51013 700// 333 60005 90710 91106=
07591,2009-11-02 20:00:00,1.8,,0.5,79,-1.4,,7.408,14.816,,10,,,0,,,,,,,0,og-post,,,,AAXX 02204 07591 24/// /0104 10018 21014 39056 48385 50005 700// 333 60005 90710 91108=
07591,2009-11-02 21:00:00,1.2,,0.1,82,-1.5,,3.704,14.816,,360,,,0,0,,,,,,0,og-post,,,,AAXX 02214 07591 24/// /3602 10012 21015 39057 48385 52001 700// 333 60007 90710 91108 555 60005=
07591,2009-11-02 22:00:00,0.5,,-0.2,84,-1.9,,3.704,11.112,,360,,,0,,,,,,,0,og-post,,,,AAXX 02224 07591 24/// /3602 10005 21019 39055 48382 58002 700// 333 60005 90710 91106=
07591,2009-11-02 23:00:00,0.6,,-0.5,85,-1.6,,3.704,11.112,,340,,,0,,,,,,,0,og-post,,,,AAXX 02234 07591 24/// /3402 10006 21016 39051 48379 58005 700// 333 60005 90710 91106=
07591,2009-11-03 00:00:00,0,,-1.3,88,-1.7,,3.704,3.704,,20,,,0,0,,,,,,0,og-post,,,,AAXX 03004 07591 04/// /0202 10000 21017 39044 48371 58013 60001 700// 333 60007 90710 91102 555 60005=
07591,2009-11-03 01:00:00,0.7,,-1.7,88,-1.1,,,7.408,,,,,0,,,,,,,0,og-post,,,,AAXX 03014 07591 24/// /0000 10007 21011 39038 48368 58017 700// 333 60005 90710 91104=
07591,2009-11-03 02:00:00,0.8,,-1.8,90,-0.6,,3.704,11.112,,330,,,0,,,,,,,0,og-post,,,,AAXX 03024 07591 24/// /3302 10008 21006 39033 48363 56018 700// 333 60005 90710 91106=
07591,2009-11-03 03:00:00,1.2,,-1.4,89,-0.4,,7.408,11.112,,30,,,0.2,0.2,,,,,,60,og-post,,,,AAXX 03034 07591 24/// /0304 10012 21004 39030 48361 56014 760// 333 69927 90710 91106 555 69925=
07591,2009-11-03 04:00:00,1.4,,-0.9,92,0.2,,11.112,14.816,,30,,,0,,,,,,,60,og-post,,,,AAXX 03044 07591 24/// /0306 10014 20002 39029 48361 56009 760// 333 60005 90710 91108=
07591,2009-11-03 05:00:00,1.1,,-0.9,94,0.2,,3.704,14.816,,60,,,0.4,,,,,,,61,og-post,,,,AAXX 03054 07591 24/// /0602 10011 20002 39024 48356 58009 761// 333 69945 90710 91108=
07591,2009-11-03 06:00:00,1.1,,-0.7,94,0.2,,3.704,11.112,,360,0,3.5,0,0.4,,0.6,13,3.4,-3,61,og-post,,,,AAXX 03064 07591 04/// /3602 10011 20002 39023 48355 57007 69962 761// 333 10035 20000 3/103 55034 69947 70130 90710 91106 555 60005=
07591,2009-11-03 07:00:00,1.1,,-0.2,94,0.2,,3.704,11.112,,80,,,0,,,,,,,21,og-post,,,,AAXX 03074 07591 24/// /0802 10011 20002 39027 48359 55002 721// 333 60005 90710 91106=
07591,2009-11-03 08:00:00,2.6,,0.4,93,1.6,,3.704,14.816,,70,,,0,,,,,,,0,og-post,,,,AAXX 03084 07591 24/// /0702 10026 20016 39028 48362 53004 700// 333 60005 90710 91108=
07591,2009-11-03 09:00:00,3.9,,1,87,1.9,,3.704,11.112,,100,,,0,0,,,,,,0,og-post,,,,AAXX 03094 07591 24/// /1002 10039 20019 39033 48369 53010 700// 333 60007 90710 91106 555 60005=
07591,2009-11-03 10:00:00,5.6,,1.1,79,2.3,,3.704,14.816,,190,,,0,,,,,,,0,og-post,,,,AAXX 03104 07591 24/// /1902 10056 20023 39038 48377 53011 700// 333 60005 90710 91108=
07591,2009-11-03 11:00:00,6.3,,0.8,74,2,,3.704,11.112,,210,,,0,,,,,,,0,og-post,,,,AAXX 03114 07591 24/// /2102 10063 20020 39036 48376 50008 700// 333 60005 90710 91106=
07591,2009-11-03 12:00:00,7,,0.1,71,2.1,,7.408,14.816,,190,,,0,0,,,,,,0,og-post,,,,AAXX 03124 07591 04/// /1904 10070 20021 39034 48376 50001 60001 700// 333 60007 90710 91108 555 60005=
07591,2009-11-03 13:00:00,6.9,,-0.2,73,2.4,,7.408,14.816,,230,,,0,,,,,,,0,og-post,,,,AAXX 03134 07591 24/// /2304 10069 20024 39036 48377 55002 700// 333 60005 90710 91108=
07591,2009-11-03 14:00:00,6.8,,-0,80,3.6,,3.704,11.112,,230,,,0,,,,,,,60,og-post,,,,AAXX 03144 07591 24/// /2302 10068 20036 39036 48377 55000 760// 333 60005 90710 91106=
07591,2009-11-03 15:00:00,6.8,,0.7,82,3.9,,3.704,11.112,,220,,,0.2,0.2,,,,,,60,og-post,,,,AAXX 03154 07591 24/// /2202 10068 20039 39041 48382 53007 760// 333 69927 90710 91106 555 69925=
07591,2009-11-03 16:00:00,6.5,,0.5,88,4.7,,3.704,7.408,,160,,,0,,,,,,,21,og-post,,,,AAXX 03164 07591 24/// /1602 10065 20047 39041 48381 52005 721// 333 60005 90710 91104=
07591,2009-11-03 17:00:00,6.2,,0.9,87,4.2,,11.112,18.52,,360,,,0.2,,,,,,,21,og-post,,,,AAXX 03174 07591 24/// /3606 10062 20042 39045 48384 51009 721// 333 69925 90710 91110=
07591,2009-11-03 18:00:00,6.4,,0.3,84,3.9,,14.816,29.632,,20,0.9,7.4,0,0.2,,0.4,,,,0,og-post,,,,AAXX 03184 07591 04/// /0208 10064 20039 39044 48384 50003 69942 700// 333 10074 20009 69927 90710 91116 555 60005=
07591,2009-11-03 19:00:00,6.5,,0.5,82,3.7,,18.52,29.632,,20,,,0,,,,,,,0,og-post,,,,AAXX 03194 07591 24/// /0210 10065 20037 39046 48386 51005 700// 333 60005 90710 91116=
07591,2009-11-03 20:00:00,6.1,,-0.2,86,3.9,,11.112,18.52,,30,,,0,,,,,,,0,og-post,,,,AAXX 03204 07591 24/// /0306 10061 20039 39043 48382 58002 700// 333 60005 90710 91110=
07591,2009-11-03 21:00:00,5.8,,-0.2,86,3.6,,7.408,29.632,,20,,,0,0,,,,,,0,og-post,,,,AAXX 03214 07591 24/// /0204 10058 20036 39042 48381 58002 700// 333 60007 90710 91116 555 60005=
07591,2009-11-03 22:00:00,5.8,,-0.4,87,3.8,,7.408,11.112,,20,,,0,,,,,,,0,og-post,,,,AAXX 03224 07591 24/// /0204 10058 20038 39042 48381 56004 700// 333 60005 90710 91106=
07591,2009-11-03 23:00:00,6.1,,-1,86,3.9,,11.112,18.52,,70,,,0,,,,,,,0,og-post,,,,AAXX 03234 07591 24/// /0706 10061 20039 39033 48373 58010 700// 333 60005 90710 91110=
07591,2009-11-04 00:00:00,5.9,,-1.2,88,4.1,,,22.224,,,,,0,0,,,,,,0,og-post,,,,AAXX 04004 07591 04/// /0000 10059 20041 39030 48370 58012 60001 700// 333 60007 90710 91112 555 60005=
07591,2009-11-04 01:00:00,5.6,,-1.4,91,4.2,,3.704,7.408,,250,,,0.4,,,,,,,61,og-post,,,,AAXX 04014 07591 24/// /2502 10056 20042 39028 48368 56014 761// 333 69945 90710 91104=
07591,2009-11-04 02:00:00,5.3,,-1.7,94,4.4,,3.704,7.408,,230,,,1,,,,,,,61,og-post,,,,AAXX 04024 07591 24/// /2302 10053 20044 39016 48357 58017 761// 333 60015 90710 91104=
07591,2009-11-04 03:00:00,5.5,,-1.8,95,4.8,,3.704,7.408,,250,,,0.6,2,,,,,,61,og-post,,,,AAXX 04034 07591 24/// /2502 10055 20048 39012 48353 58018 761// 333 60027 90710 91104 555 69965=
07591,2009-11-04 04:00:00,6.5,,-2.4,96,5.9,,11.112,18.52,,230,,,0.6,,,,,,,61,og-post,,,,AAXX 04044 07591 24/// /2306 10065 20059 39004 48348 56024 761// 333 69965 90710 91110=
07591,2009-11-04 05:00:00,7,,-1.8,96,6.4,,14.816,22.224,,210,,,0.6,,,,,,,60,og-post,,,,AAXX 04054 07591 24/// /2108 10070 20064 38998 48344 58018 760// 333 69965 90710 91112=
07591,2009-11-04 06:00:00,7.4,,-2.3,96,6.8,,14.816,22.224,,200,5.3,7.4,1,2,,5,5,0.9,4,61,og-post,,,,AAXX 04064 07591 04/// /2008 10074 20068 38989 48336 58023 60052 761// 333 10074 20053 3/004 55009 60027 70050 90710 91112 555 60015=
07591,2009-11-04 07:00:00,7.7,,-1.4,96,7.1,,7.408,22.224,,190,,,4,,,,,,,63,og-post,,,,AAXX 04074 07591 24/// /1904 10077 20071 38990 48338 55014 763// 333 60045 90710 91112=
07591,2009-11-04 08:00:00,7.9,,-0.5,96,7.3,,7.408,22.224,,200,,,2,,,,,,,21,og-post,,,,AAXX 04084 07591 24/// /2004 10079 20073 38993 48341 55005 721// 333 60025 90710 91112=
07591,2009-11-04 09:00:00,8.8,,0.6,90,7.3,,14.816,25.928,,210,,,0,6,,,,,,0,og-post,,,,AAXX 04094 07591 24/// /2108 10088 20073 38995 48344 53006 700// 333 60067 90710 91114 555 60005=
07591,2009-11-04 10:00:00,12,,0.1,65,5.6,,22.224,38.892,,220,,,0,,,,,,,0,og-post,,,,AAXX 04104 07591 24/// /2212 10120 20056 38991 48345 50001 700// 333 60005 90710 91121=
07591,2009-11-04 11:00:00,11.1,,-0.1,61,3.9,,22.224,38.892,,220,,,0,,,,,,,0,og-post,,,,AAXX 04114 07591 24/// /2212 10111 20039 38992 48345 58001 700// 333 60005 90710 91121=
07591,2009-11-04 12:00:00,11.4,,-0.9,60,3.9,,22.224,35.188,,210,,,0,0,6,,,,,0,og-post,,,,AAXX 04124 07591 04/// /2112 10114 20039 38986 48340 58009 60061 700// 333 60007 90710 91119 555 60005=
07591,2009-11-04 13:00:00,12.7,,-1,50,2.6,,14.816,38.892,,210,,,0,,,,,,,0,og-post,,,,AAXX 04134 07591 24/// /2108 10127 20026 38981 48337 58010 700// 333 60005 90710 91121=
07591,2009-11-04 14:00:00,12.1,,-1.4,46,0.8,,18.52,42.596,,220,,,0,,,,,,,0,og-post,,,,AAXX 04144 07591 24/// /2210 10121 20008 38978 48333 56014 700// 333 60005 90710 91123=
07591,2009-11-04 15:00:00,10.3,,-0.3,48,-0.2,,25.928,46.3,,210,,,0,0,,,,,,0,og-post,,,,AAXX 04154 07591 24/// /2114 10103 21002 38983 48335 55003 700// 333 60007 90710 91125 555 60005=
07591,2009-11-04 16:00:00,9.2,,0.6,53,0.1,,18.52,46.3,,220,,,0,,,,,,,0,og-post,,,,AAXX 04164 07591 24/// /2210 10092 20001 38987 48336 53006 700// 333 60005 90710 91125=
07591,2009-11-04 17:00:00,8.4,,1.5,53,-0.6,,22.224,35.188,,220,,,0,,,,,,,0,og-post,,,,AAXX 04174 07591 24/// /2212 10084 21006 38993 48341 53015 700// 333 60005 90710 91119=
07591,2009-11-04 18:00:00,7.7,,1.5,58,0,,11.112,31.484,,220,7.4,12.7,0,0,,6,,,,0,og-post,,,,AAXX 04184 07591 04/// /2206 10077 20000 38998 48344 53015 60062 700// 333 10127 20074 60007 90710 91117 555 60005=
07591,2009-11-04 19:00:00,7.4,,1.4,59,-0.1,,14.816,25.928,,240,,,0,,,,,,,0,og-post,,,,AAXX 04194 07591 24/// /2408 10074 21001 39001 48346 51014 700// 333 60005 90710 91114=
07591,2009-11-04 20:00:00,6.6,,1,63,0.1,,7.408,25.928,,200,,,0,,,,,,,0,og-post,,,,AAXX 04204 07591 24/// /2004 10066 20001 39003 48347 51010 700// 333 60005 90710 91114=
07591,2009-11-04 21:00:00,5.8,,1,68,0.4,,7.408,22.224,,210,,,0,0,,,,,,0,og-post,,,,AAXX 04214 07591 24/// /2104 10058 20004 39008 48350 53010 700// 333 60007 90710 91112 555 60005=
07591,2009-11-04 22:00:00,5,,0.6,74,0.8,,3.704,7.408,,230,,,0,,,,,,,0,og-post,,,,AAXX 04224 07591 24/// /2302 10050 20008 39007 48348 50006 700// 333 60005 90710 91104=
07591,2009-11-04 23:00:00,5.7,,0.8,73,1.2,,7.408,14.816,,190,,,0,,,,,,,0,og-post,,,,AAXX 04234 07591 24/// /1904 10057 20012 39011 48352 51008 700// 333 60005 90710 91108=
07591,2009-11-05 00:00:00,6,,0.5,70,1,,11.112,22.224,,210,,,0,0,,,,,,0,og-post,,,,AAXX 05004 07591 04/// /2106 10060 20010 39013 48355 53005 60001 700// 333 60007 90710 91112 555 60005=
07591,2009-11-05 01:00:00,5.4,,0.8,75,1.3,,3.704,22.224,,160,,,0,,,,,,,20,og-post,,,,AAXX 05014 07591 24/// /1602 10054 20013 39015 48356 51008 720// 333 60005 90710 91112=
07591,2009-11-05 02:00:00,5.3,,0.4,74,1.1,,7.408,18.52,,220,,,0,,,,,,,0,og-post,,,,AAXX 05024 07591 24/// /2204 10053 20011 39015 48355 51004 700// 333 60005 90710 91110=
07591,2009-11-05 03:00:00,5,,0.6,75,0.9,,7.408,18.52,,180,,,0,0,,,,,,0,og-post,,,,AAXX 05034 07591 24/// /1804 10050 20009 39019 48358 53006 700// 333 60007 90710 91110 555 60005=
07591,2009-11-05 04:00:00,4.7,,0.7,77,1,,7.408,14.816,,200,,,0,,,,,,,0,og-post,,,,AAXX 05044 07591 24/// /2004 10047 20010 39022 48361 53007 700// 333 60005 90710 91108=
07591,2009-11-05 05:00:00,3.9,,1,81,0.9,,3.704,11.112,,220,,,0,,,,,,,0,og-post,,,,AAXX 05054 07591 24/// /2202 10039 20009 39025 48362 51010 700// 333 60005 90710 91106=
07591,2009-11-05 06:00:00,2.3,,0.9,87,0.4,,3.704,11.112,,290,2.3,7.6,0,0,,,6,4.9,-0,0,og-post,,,,AAXX 05064 07591 04/// /2902 10023 20004 39028 48362 52009 60002 700// 333 10076 20023 3/100 55049 60007 70060 90710 91106 555 60005=
07591,2009-11-05 07:00:00,1.7,,1,90,0.2,,3.704,7.408,,350,,,0,,,,,,,0,og-post,,,,AAXX 05074 07591 24/// /3502 10017 20002 39032 48364 53010 700// 333 60005 90710 91104=
07591,2009-11-05 08:00:00,2.9,,1.2,91,1.6,,,11.112,,,,,0,,,,,,,0,og-post,,,,AAXX 05084 07591 24/// /0000 10029 20016 39037 48371 53012 700// 333 60005 90710 91106=
07591,2009-11-05 09:00:00,6.2,,1.1,73,1.7,,3.704,11.112,,190,,,0,0,,,,,,0,og-post,,,,AAXX 05094 07591 24/// /1902 10062 20017 39039 48379 51011 700// 333 60007 90710 91106 555 60005=
07591,2009-11-05 10:00:00,6.9,,0.5,67,1.2,,3.704,11.112,,220,,,0,,,,,,,0,og-post,,,,AAXX 05104 07591 24/// /2202 10069 20012 39037 48378 50005 700// 333 60005 90710 91106=
07591,2009-11-05 11:00:00,8.8,,-0.7,60,1.5,,3.704,11.112,,200,,,0,,,,,,,0,og-post,,,,AAXX 05114 07591 24/// /2002 10088 20015 39030 48375 58007 700// 333 60005 90710 91106=
07591,2009-11-05 12:00:00,7.9,,-1.3,59,0.4,,3.704,14.816,,220,,,0,0,,,,,,0,og-post,,,,AAXX 05124 07591 04/// /2202 10079 20004 39026 48370 58013 60001 700// 333 60007 90710 91108 555 60005=
07591,2009-11-05 13:00:00,8.5,,-1.3,55,0,,3.704,11.112,,190,,,0,,,,,,,0,og-post,,,,AAXX 05134 07591 24/// /1902 10085 20000 39024 48369 56013 700// 333 60005 90710 91106=
07591,2009-11-05 14:00:00,8.7,,-0.8,61,1.6,,11.112,18.52,,210,,,0,,,,,,,0,og-post,,,,AAXX 05144 07591 24/// /2106 10087 20016 39022 48368 56008 700// 333 60005 90710 91110=
07591,2009-11-05 15:00:00,10.4,,-0.6,52,1,,7.408,18.52,,200,,,0,0,,,,,,0,og-post,,,,AAXX 05154 07591 24/// /2004 10104 20010 39020 48369 57006 700// 333 60007 90710 91110 555 60005=
07591,2009-11-05 16:00:00,7.9,,-0.1,64,1.5,,7.408,22.224,,190,,,0,,,,,,,0,og-post,,,,AAXX 05164 07591 24/// /1904 10079 20015 39023 48367 55001 700// 333 60005 90710 91112=
07591,2009-11-05 17:00:00,6.9,,0.8,68,1.4,,7.408,14.816,,190,,,0,,,,,,,0,og-post,,,,AAXX 05174 07591 24/// /1904 10069 20014 39030 48372 53008 700// 333 60005 90710 91108=
07591,2009-11-05 18:00:00,6.8,,1.6,69,1.5,,7.408,14.816,,210,1.6,10.4,0,0,,,,,,0,og-post,,,,AAXX 05184 07591 04/// /2104 10068 20015 39036 48377 53016 60002 700// 333 10104 20016 60007 90710 91108 555 60005=
07591,2009-11-05 19:00:00,6,,1.6,76,2.1,,7.408,22.224,,200,,,0,,,,,,,0,og-post,,,,AAXX 05194 07591 24/// /2004 10060 20021 39039 48378 51016 700// 333 60005 90710 91112=
07591,2009-11-05 20:00:00,5.5,,1.3,81,2.5,,,18.52,,,,,0,,,,,,,21,og-post,,,,AAXX 05204 07591 24/// /0000 10055 20025 39043 48381 51013 721// 333 60005 90710 91110=
07591,2009-11-05 21:00:00,4.8,,1.2,87,2.8,,,3.704,,,,,0,0,,,,,,0,og-post,,,,AAXX 05214 07591 24/// /0000 10048 20028 39048 48384 53012 700// 333 60007 90710 91102 555 60005=
07591,2009-11-05 22:00:00,5,,1,83,2.4,,,3.704,,,,,0,,,,,,,0,og-post,,,,AAXX 05224 07591 24/// /0000 10050 20024 39049 48385 51010 700// 333 60005 90710 91102=
07591,2009-11-05 23:00:00,4.8,,0.7,86,2.7,,,7.408,,,,,0,,,,,,,0,og-post,,,,AAXX 05234 07591 24/// /0000 10048 20027 39050 48386 51007 700// 333 60005 90710 91104=
07591,2009-11-06 00:00:00,4.3,,0.2,89,2.7,,3.704,3.704,,360,,,0,0,,,,,,0,og-post,,,,AAXX 06004 07591 04/// /3602 10043 20027 39050 48385 51002 60001 700// 333 60007 90710 91102 555 60005=
07591,2009-11-06 01:00:00,4.3,,0,87,2.3,,3.704,11.112,,360,,,0,,,,,,,0,og-post,,,,AAXX 06014 07591 24/// /3602 10043 20023 39049 48384 50000 700// 333 60005 90710 91106=
07591,2009-11-06 02:00:00,2.9,,-0.3,91,1.6,,7.408,11.112,,50,,,0,,,,,,,0,og-post,,,,AAXX 06024 07591 24/// /0504 10029 20016 39047 48380 58003 700// 333 60005 90710 91106=
07591,2009-11-06 03:00:00,2.1,,-0.3,92,0.9,,3.704,11.112,,250,,,0,0,,,,,,0,og-post,,,,AAXX 06034 07591 24/// /2502 10021 20009 39047 48378 56003 700// 333 60007 90710 91106 555 60005=
07591,2009-11-06 04:00:00,1.2,,-0,93,0.2,,3.704,7.408,,350,,,0,,,,,,,0,og-post,,,,AAXX 06044 07591 24/// /3502 10012 20002 39049 48378 55000 700// 333 60005 90710 91104=
07591,2009-11-06 05:00:00,1.1,,0.2,92,-0.1,,7.408,11.112,,360,,,0,,,,,,,0,og-post,,,,AAXX 06054 07591 24/// /3604 10011 21001 39049 48378 52002 700// 333 60005 90710 91106=
07591,2009-11-06 06:00:00,0.5,,0.7,93,-0.5,,3.704,7.408,,340,0.4,6.8,0,0,,,0,4.2,-3,0,og-post,,,,AAXX 06064 07591 04/// /3402 10005 21005 39054 48381 53007 60002 700// 333 10068 20004 3/103 55042 60007 70000 90710 91104 555 60005=
07591,2009-11-06 07:00:00,0,,1,93,-1,,,7.408,,,,,0.2,,,,,,,0,og-post,,,,AAXX 06074 07591 24/// /0000 10000 21010 39059 48385 53010 700// 333 69925 90710 91104=
07591,2009-11-06 08:00:00,0.9,,1.6,95,0.2,,3.704,7.408,,60,,,0,,,,,,,0,og-post,,,,AAXX 06084 07591 24/// /0602 10009 20002 39065 48392 53016 700// 333 60005 90710 91104=
07591,2009-11-06 09:00:00,5,,1.2,72,0.4,,3.704,11.112,,160,,,0,0.2,,,,,,0,og-post,,,,AAXX 06094 07591 24/// /1602 10050 20004 39066 48400 51012 700// 333 69927 90710 91106 555 60005=
07591,2009-11-06 10:00:00,6.7,,0.5,62,-0.1,,3.704,11.112,,60,,,0,,,,,,,0,og-post,,,,AAXX 06104 07591 24/// /0602 10067 21001 39064 48402 50005 700// 333 60005 90710 91106=
07591,2009-11-06 11:00:00,9.2,,-0.6,54,0.4,,7.408,18.52,,170,,,0,,,,,,,0,og-post,,,,AAXX 06114 07591 24/// /1704 10092 20004 39059 48402 58006 700// 333 60005 90710 91110=
07591,2009-11-06 12:00:00,9.9,,-1.1,52,0.5,,11.112,22.224,,210,,,0,0,0.2,,,,,0,og-post,,,,AAXX 06124 07591 04/// /2106 10099 20005 39055 48400 58011 69921 700// 333 60007 90710 91112 555 60005=
07591,2009-11-06 13:00:00,10.5,,-1.1,46,-0.6,,14.816,29.632,,220,,,0,,,,,,,0,og-post,,,,AAXX 06134 07591 24/// /2208 10105 21006 39053 48399 56011 700// 333 60005 90710 91116=
07591,2009-11-06 14:00:00,10.5,,-0.6,46,-0.6,,14.816,29.632,,210,,,0,,,,,,,0,og-post,,,,AAXX 06144 07591 24/// /2108 10105 21006 39053 48399 56006 700// 333 60005 90710 91116=
07591,2009-11-06 15:00:00,9.7,,0.2,51,0.1,,14.816,29.632,,210,,,0,0,,,,,,0,og-post,,,,AAXX 06154 07591 24/// /2108 10097 20001 39057 48401 53002 700// 333 60007 90710 91116 555 60005=
07591,2009-11-06 16:00:00,7.9,,1,55,-0.6,,7.408,25.928,,200,,,0,,,,,,,0,og-post,,,,AAXX 06164 07591 24/// /2004 10079 21006 39063 48403 53010 700// 333 60005 90710 91114=
07591,2009-11-06 17:00:00,4.7,,1.8,70,-0.3,,3.704,11.112,,20,,,0,,,,,,,0,og-post,,,,AAXX 06174 07591 24/// /0202 10047 21003 39071 48404 53018 700// 333 60005 90710 91106=
07591,2009-11-06 18:00:00,3.1,,2.1,78,-0.4,,,11.112,,,-0.3,10.7,0,0,,0.2,,,,0,og-post,,,,AAXX 06184 07591 04/// /0000 10031 21004 39078 48407 53021 69922 700// 333 10107 21003 60007 90710 91106 555 60005=
07591,2009-11-06 19:00:00,1.8,,2,83,-0.8,,,3.704,,,,,0,,,,,,,0,og-post,,,,AAXX 06194 07591 24/// /0000 10018 21008 39083 48409 51020 700// 333 60005 90710 91102=
07591,2009-11-06 20:00:00,1.2,,1.4,79,-2,,3.704,7.408,,20,,,0,,,,,,,0,og-post,,,,AAXX 06204 07591 24/// /0202 10012 21020 39085 48410 51014 700// 333 60005 90710 91104=
07591,2009-11-06 21:00:00,0.7,,0.8,77,-2.9,,7.408,11.112,,360,,,0,0,,,,,,0,og-post,,,,AAXX 06214 07591 24/// /3604 10007 21029 39086 48409 51008 700// 333 60007 90710 91106 555 60005=
07591,2009-11-06 22:00:00,-0.1,,0.5,82,-2.8,,,11.112,,,,,0,,,,,,,0,og-post,,,,AAXX 06224 07591 24/// /0000 11001 21028 39088 48410 52005 700// 333 60005 90710 91106=
07591,2009-11-06 23:00:00,0.3,,0.3,77,-3.2,,3.704,22.224,,280,,,0,,,,,,,0,og-post,,,,AAXX 06234 07591 24/// /2802 10003 21032 39088 48410 51003 700// 333 60005 90710 91112=
07591,2009-11-07 00:00:00,0.2,,0,71,-4.4,,11.112,18.52,,30,,,0,0,,,,,,0,og-post,,,,AAXX 07004 07591 04/// /0306 10002 21044 39086 48408 50000 60001 700// 333 60007 90710 91110 555 60005=
07591,2009-11-07 01:00:00,0.4,,-0.5,69,-4.6,,11.112,25.928,,70,,,0,,,,,,,0,og-post,,,,AAXX 07014 07591 24/// /0706 10004 21046 39083 48406 58005 700// 333 60005 90710 91114=
07591,2009-11-07 02:00:00,-0.1,,-0.6,71,-4.7,,3.704,25.928,,210,,,0,,,,,,,0,og-post,,,,AAXX 07024 07591 24/// /2102 11001 21047 39082 48404 56006 700// 333 60005 90710 91114=
07591,2009-11-07 03:00:00,-1.1,,-0.3,75,-5,,11.112,18.52,,40,,,0,0,,,,,,0,og-post,,,,AAXX 07034 07591 24/// /0406 11011 21050 39083 48403 55003 700// 333 60007 90710 91110 555 60005=
07591,2009-11-07 04:00:00,-0.2,,-0,69,-5.2,,11.112,18.52,,30,,,0,,,,,,,0,og-post,,,,AAXX 07044 07591 24/// /0306 11002 21052 39083 48405 55000 700// 333 60005 90710 91110=
07591,2009-11-07 05:00:00,-0.3,,-0.8,68,-5.5,,14.816,22.224,,40,,,0,,,,,,,0,og-post,,,,AAXX 07054 07591 24/// /0408 11003 21055 39074 48397 58008 700// 333 60005 90710 91112=
07591,2009-11-07 06:00:00,-0.1,,-0.8,64,-6.1,,14.816,25.928,,20,-1.4,3.1,0,0,,,0.2,8.3,-5,0,og-post,,,,AAXX 07064 07591 04/// /0208 11001 21061 39075 48398 55008 60002 700// 333 10031 21014 3/105 55083 60007 70002 90710 91114 555 60005=
07591,2009-11-07 07:00:00,0.2,,-0.3,65,-5.6,,7.408,29.632,,80,,,0,,,,,,,0,og-post,,,,AAXX 07074 07591 24/// /0804 10002 21056 39080 48403 55003 700// 333 60005 90710 91116=
07591,2009-11-08 08:00:00,1,,-0.6,96,0.4,,,11.112,,,,,0,,,,,,,0,og-post,,,,AAXX 08084 07591 24/// /0000 10010 20004 38976 48313 58006 700// 333 60005 90710 91106=
07591,2009-11-08 12:00:00,5.1,,-0.8,70,0.1,,3.704,11.112,,190,,,0,0,,,,,,0,og-post,,,,AAXX 08124 07591 04/// /1902 10051 20001 38967 48312 58008 60001 700// 333 60007 90710 91106 555 60005=
07591,2009-11-14 08:00:00,4.9,,0.9,86,2.8,,11.112,22.224,,20,,,0,,,,,,,0,og-post,,,,AAXX 14084 07591 24/// /0206 10049 20028 39199 48518 51009 700// 333 60005 90710 91112=
07591,2009-11-14 09:00:00,7.2,,-0.1,76,3.3,,11.112,25.928,,20,,,0,0,,,,,,0,og-post,,,,AAXX 14094 07591 24/// /0206 10072 20033 39193 48518 58001 700// 333 60007 90710 91114 555 60005=
07591,2009-11-14 10:00:00,10,,-0.6,65,3.7,,7.408,18.52,,70,,,0,,,,,,,0,og-post,,,,AAXX 14104 07591 24/// /0704 10100 20037 39191 48522 58006 700// 333 60005 90710 91110=
07591,2009-11-14 11:00:00,13.9,,-1.8,53,4.5,,3.704,11.112,,240,,,0,,,,,,,0,og-post,,,,AAXX 14114 07591 24/// /2402 10139 20045 39181 48522 58018 700// 333 60005 90710 91106=
07591,2009-11-14 12:00:00,15,,-1.7,44,2.9,,11.112,29.632,,220,,,0,0,,,,,,0,og-post,,,,AAXX 14124 07591 04/// /2206 10150 20029 39176 48520 58017 60001 700// 333 60007 90710 91116 555 60005=
07591,2009-11-14 13:00:00,16,,-1.8,39,2.1,,18.52,46.3,,260,,,0,,,,,,,0,og-post,,,,AAXX 14134 07591 24/// /2610 10160 20021 39173 48520 56018 700// 333 60005 90710 91125=
07591,2009-11-14 14:00:00,15.6,,-1.6,37,1,,14.816,50.004,,260,,,0,,,,,,,0,og-post,,,,AAXX 14144 07591 24/// /2608 10156 20010 39165 48511 58016 700// 333 60005 90710 91127=
07591,2009-11-14 15:00:00,15.4,,-0.7,39,1.5,,22.224,46.3,,260,,,0,0,,,,,,0,og-post,,,,AAXX 14154 07591 24/// /2612 10154 20015 39169 48514 55007 700// 333 60007 90710 91125 555 60005=
07591,2009-11-14 16:00:00,14.7,,0.1,43,2.3,,14.816,42.596,,230,,,0,,,,,,,0,og-post,,,,AAXX 14164 07591 24/// /2308 10147 20023 39174 48518 53001 700// 333 60005 90710 91123=
07591,2009-11-14 17:00:00,13.4,,1.3,51,3.5,,7.408,29.632,,200,,,0,,,,,,,0,og-post,,,,AAXX 14174 07591 24/// /2004 10134 20035 39178 48518 52013 700// 333 60005 90710 91116=
07591,2009-11-14 18:00:00,12.6,,1.3,57,4.3,,7.408,14.816,,200,3.7,16.5,0,0,,,,,,0,og-post,,,,AAXX 14184 07591 04/// /2004 10126 20043 39182 48520 51013 60002 700// 333 10165 20037 60007 90710 91108 555 60005=
07591,2009-11-14 19:00:00,11.7,,0.8,66,5.6,,11.112,22.224,,250,,,0,,,,,,,0,og-post,,,,AAXX 14194 07591 24/// /2506 10117 20056 39182 48519 51008 700// 333 60005 90710 91112=
07591,2009-11-14 20:00:00,10.9,,0.2,70,5.7,,7.408,18.52,,230,,,0,,,,,,,0,og-post,,,,AAXX 14204 07591 24/// /2304 10109 20057 39180 48515 50002 700// 333 60005 90710 91110=
07591,2009-11-14 21:00:00,9.7,,-0.1,76,5.7,,,11.112,,,,,0,0,,,,,,0,og-post,,,,AAXX 14214 07591 24/// /0000 10097 20057 39181 48513 55001 700// 333 60007 90710 91106 555 60005=
07591,2009-11-14 22:00:00,8.7,,-0.1,80,5.4,,3.704,3.704,,340,,,0,,,,,,,0,og-post,,,,AAXX 14224 07591 24/// /3402 10087 20054 39181 48511 56001 700// 333 60005 90710 91102=
07591,2009-11-14 23:00:00,8.1,,-0.2,80,4.9,,3.704,7.408,,10,,,0,,,,,,,0,og-post,,,,AAXX 14234 07591 24/// /0102 10081 20049 39178 48507 58002 700// 333 60005 90710 91104=
07591,2009-11-15 00:00:00,7.8,,-0.5,79,4.4,,3.704,11.112,,350,,,0,0,,,,,,0,og-post,,,,AAXX 15004 07591 04/// /3502 10078 20044 39176 48504 58005 60001 700// 333 60007 90710 91106 555 60005=
07591,2009-11-15 01:00:00,7.2,,-0.7,80,4,,3.704,18.52,,10,,,0,,,,,,,0,og-post,,,,AAXX 15014 07591 24/// /0102 10072 20040 39174 48501 56007 700// 333 60005 90710 91110=
07591,2009-11-15 02:00:00,6,,-0.5,86,3.8,,3.704,7.408,,60,,,0,,,,,,,0,og-post,,,,AAXX 15024 07591 24/// /0602 10060 20038 39173 48498 56005 700// 333 60005 90710 91104=
07591,2009-11-15 03:00:00,6.1,,-0.4,80,2.9,,7.408,14.816,,40,,,0,0,,,,,,0,og-post,,,,AAXX 15034 07591 24/// /0404 10061 20029 39172 48497 56004 700// 333 60007 90710 91108 555 60005=
07591,2009-11-15 04:00:00,6.1,,-0.3,79,2.7,,7.408,14.816,,60,,,0,,,,,,,0,og-post,,,,AAXX 15044 07591 24/// /0604 10061 20027 39171 48496 57003 700// 333 60005 90710 91108=
07591,2009-11-15 05:00:00,5.9,,0.3,79,2.5,,3.704,14.816,,70,,,0,,,,,,,0,og-post,,,,AAXX 15054 07591 24/// /0702 10059 20025 39176 48500 53003 700// 333 60005 90710 91108=
07591,2009-11-15 06:00:00,5.5,,0.7,80,2.3,,3.704,11.112,,30,5.4,12.6,0,0,,,0,3,3,0,og-post,,,,AAXX 15064 07591 04/// /0302 10055 20023 39179 48501 53007 60002 700// 333 10126 20054 3/003 55030 60007 70000 90710 91106 555 60005=
07591,2009-11-15 07:00:00,5.8,,1,79,2.4,,11.112,18.52,,30,,,0,,,,,,,0,og-post,,,,AAXX 15074 07591 24/// /0306 10058 20024 39181 48504 51010 700// 333 60005 90710 91110=
07591,2009-11-15 08:00:00,6.9,,1,76,3,,7.408,14.816,,30,,,0,,,,,,,0,og-post,,,,AAXX 15084 07591 24/// /0304 10069 20030 39186 48511 53010 700// 333 60005 90710 91108=
07591,2009-11-15 09:00:00,9.2,,0.5,67,3.4,,11.112,18.52,,60,,,0,0,,,,,,0,og-post,,,,AAXX 15094 07591 24/// /0606 10092 20034 39184 48514 50005 700// 333 60007 90710 91110 555 60005=
07591,2009-11-15 10:00:00,10.4,,-0.1,64,3.9,,3.704,14.816,,80,,,0,,,,,,,0,og-post,,,,AAXX 15104 07591 24/// /0802 10104 20039 39180 48514 58001 700// 333 60005 90710 91108=
07591,2009-11-15 11:00:00,10.3,,-0,64,3.8,,3.704,11.112,,230,,,0,,,,,,,0,og-post,,,,AAXX 15114 07591 24/// /2302 10103 20038 39186 48519 55000 700// 333 60005 90710 91106=
07591,2009-11-15 12:00:00,9.6,,0.6,70,4.4,,3.704,18.52,,170,,,0,0,,,,,,0,og-post,,,,AAXX 15124 07591 04/// /1702 10096 20044 39190 48521 53006 60001 700// 333 60007 90710 91110 555 60005=
07591,2009-11-15 13:00:00,9.8,,-1,69,4.4,,25.928,35.188,,20,,,0,,,,,,,21,og-post,,,,AAXX 15134 07591 24/// /0214 10098 20044 39170 48503 58010 721// 333 60005 90710 91119=
07591,2009-11-15 14:00:00,12.1,,-2.6,57,3.8,,22.224,35.188,,10,,,0,,,,,,,0,og-post,,,,AAXX 15144 07591 24/// /0112 10121 20038 39160 48499 58026 700// 333 60005 90710 91119=
07591,2009-11-15 15:00:00,12.2,,-3.1,56,3.7,,14.816,31.484,,360,,,0,0,,,,,,0,og-post,,,,AAXX 15154 07591 24/// /3608 10122 20037 39159 48499 56031 700// 333 60007 90710 91117 555 60005=
07591,2009-11-15 16:00:00,11.7,,-0.7,59,4,,3.704,25.928,,270,,,0,,,,,,,61,og-post,,,,AAXX 15164 07591 24/// /2702 10117 20040 39163 48501 55007 761// 333 60005 90710 91114=
07591,2009-11-15 17:00:00,10.1,,0.4,77,6.3,,3.704,7.408,,270,,,0,,,,,,,60,og-post,,,,AAXX 15174 07591 24/// /2702 10101 20063 39164 48499 53004 760// 333 60005 90710 91104=
07591,2009-11-15 18:00:00,9.2,,0.8,81,6.1,,7.408,11.112,,350,5.5,12.4,0.2,0.2,,0.2,,,,60,og-post,,,,AAXX 15184 07591 04/// /3504 10092 20061 39167 48500 51008 69922 760// 333 10124 20055 69927 90710 91106 555 69925=
07591,2009-11-15 19:00:00,8.4,,0.7,89,6.7,,14.816,25.928,,30,,,0.8,,,,,,,61,og-post,,,,AAXX 15194 07591 24/// /0308 10084 20067 39170 48501 53007 761// 333 69985 90710 91114=
07591,2009-11-15 20:00:00,8.2,,1.3,92,7,,7.408,29.632,,330,,,0.8,,,,,,,61,og-post,,,,AAXX 15204 07591 24/// /3304 10082 20070 39177 48506 53013 761// 333 69985 90710 91116=
07591,2009-11-15 21:00:00,8.3,,0.7,90,6.8,,7.408,18.52,,10,,,0.2,2,,,,,,0,og-post,,,,AAXX 15214 07591 24/// /0104 10083 20068 39174 48504 50007 700// 333 60027 90710 91110 555 69925=
07591,2009-11-15 22:00:00,8,,-0.5,91,6.6,,7.408,14.816,,30,,,0,,,,,,,21,og-post,,,,AAXX 15224 07591 24/// /0304 10080 20066 39165 48495 58005 721// 333 60005 90710 91108=
07591,2009-11-15 23:00:00,8.1,,-0.8,91,6.7,,11.112,18.52,,30,,,0,,,,,,,0,og-post,,,,AAXX 15234 07591 24/// /0306 10081 20067 39169 48499 55008 700// 333 60005 90710 91110=
07591,2009-11-16 00:00:00,8.2,,-1,90,6.7,,7.408,18.52,,30,,,0,0,2,,,,,0,og-post,,,,AAXX 16004 07591 04/// /0304 10082 20067 39164 48495 56010 60021 700// 333 60007 90710 91110 555 60005=
07591,2009-11-16 01:00:00,8.1,,-0.5,90,6.6,,11.112,18.52,,20,,,0,,,,,,,0,og-post,,,,AAXX 16014 07591 24/// /0206 10081 20066 39160 48491 58005 700// 333 60005 90710 91110=
07591,2009-11-16 02:00:00,8.6,,-0.6,87,6.6,,14.816,25.928,,10,,,0,,,,,,,0,og-post,,,,AAXX 16024 07591 24/// /0108 10086 20066 39163 48495 55006 700// 333 60005 90710 91114=
07591,2009-11-16 03:00:00,8.9,,-0.9,85,6.5,,22.224,29.632,,20,,,0,0,,,,,,20,og-post,,,,AAXX 16034 07591 24/// /0212 10089 20065 39155 48488 58009 720// 333 60007 90710 91116 555 60005=
07591,2009-11-16 04:00:00,9.1,,-0.7,83,6.4,,18.52,31.484,,20,,,0,,,,,,,0,og-post,,,,AAXX 16044 07591 24/// /0210 10091 20064 39153 48487 58007 700// 333 60005 90710 91117=
07591,2009-11-16 05:00:00,8.7,,-1.2,85,6.3,,14.816,29.632,,20,,,0,,,,,,,0,og-post,,,,AAXX 16054 07591 24/// /0208 10087 20063 39151 48484 56012 700// 333 60005 90710 91116=
07591,2009-11-16 06:00:00,8.7,,-0.5,84,6.2,,14.816,29.632,,30,7.8,9.2,0,0,,2,2,0.9,7,0,og-post,,,,AAXX 16064 07591 04/// /0308 10087 20062 39150 48483 56005 60022 700// 333 10092 20078 3/007 55009 60007 70020 90710 91116 555 60005=
07591,2009-11-16 07:00:00,8.4,,0.2,86,6.2,,14.816,31.484,,40,,,0,,,,,,,0,og-post,,,,AAXX 16074 07591 24/// /0408 10084 20062 39155 48487 53002 700// 333 60005 90710 91117=
07591,2009-11-16 08:00:00,8.2,,0.8,88,6.3,,11.112,25.928,,50,,,0,,,,,,,0,og-post,,,,AAXX 16084 07591 24/// /0506 10082 20063 39159 48490 53008 700// 333 60005 90710 91114=
07591,2009-11-16 09:00:00,11.6,,1,75,7.3,,18.52,31.484,,40,,,0,0,,,,,,0,og-post,,,,AAXX 16094 07591 24/// /0410 10116 20073 39160 48499 51010 700// 333 60007 90710 91117 555 60005=
07591,2009-11-16 10:00:00,13.3,,0.9,69,7.7,,14.816,29.632,,20,,,0,,,,,,,0,og-post,,,,AAXX 16104 07591 24/// /0208 10133 20077 39164 48506 52009 700// 333 60005 90710 91116=
07591,2009-11-16 11:00:00,15.2,,0,62,8,,11.112,22.224,,70,,,0,,,,,,,0,og-post,,,,AAXX 16114 07591 24/// /0706 10152 20080 39159 48506 50000 700// 333 60005 90710 91112=
07591,2009-11-16 12:00:00,17.4,,-0.8,52,7.5,,,14.816,,,,,0,0,,,,,,0,og-post,,,,AAXX 16124 07591 04/// /0000 10174 20075 39152 48504 58008 60001 700// 333 60007 90710 91108 555 60005=
07591,2009-11-16 13:00:00,18.9,,-1.7,45,6.7,,7.408,11.112,,210,,,0,,,,,,,0,og-post,,,,AAXX 16134 07591 24/// /2104 10189 20067 39147 48503 57017 700// 333 60005 90710 91106=
07591,2009-11-16 14:00:00,19.3,,-1.6,46,7.4,,3.704,18.52,,210,,,0,,,,,,,0,og-post,,,,AAXX 16144 07591 24/// /2102 10193 20074 39143 48500 56016 700// 333 60005 90710 91110=
07591,2009-11-16 15:00:00,18.4,,-0.6,39,4.2,,7.408,14.816,,250,,,0,0,,,,,,0,og-post,,,,AAXX 16154 07591 24/// /2504 10184 20042 39146 48500 55006 700// 333 60007 90710 91108 555 60005=
07591,2009-11-16 16:00:00,14.5,,0.1,54,5.3,,3.704,14.816,,310,,,0,,,,,,,0,og-post,,,,AAXX 16164 07591 24/// /3102 10145 20053 39148 48494 53001 700// 333 60005 90710 91108=
07591,2009-11-16 17:00:00,12,,1.3,57,3.8,,3.704,14.816,,350,,,0,,,,,,,0,og-post,,,,AAXX 16174 07591 24/// /3502 10120 20038 39156 48496 53013 700// 333 60005 90710 91108=
07591,2009-11-16 18:00:00,10.5,,1.2,62,3.5,,3.704,11.112,,360,8,19.5,0,0,,,,,,0,og-post,,,,AAXX 16184 07591 04/// /3602 10105 20035 39158 48494 52012 60002 700// 333 10195 20080 60007 90710 91106 555 60005=
07591,2009-11-16 19:00:00,9.5,,1.4,64,3,,3.704,14.816,,350,,,0,,,,,,,0,og-post,,,,AAXX 16194 07591 24/// /3502 10095 20030 39162 48495 51014 700// 333 60005 90710 91108=
07591,2009-11-16 20:00:00,8.9,,0.9,67,3.1,,11.112,22.224,,30,,,0,,,,,,,0,og-post,,,,AAXX 16204 07591 24/// /0306 10089 20031 39165 48497 53009 700// 333 60005 90710 91112=
07591,2009-11-16 21:00:00,8.3,,1.3,68,2.8,,11.112,25.928,,30,,,0,0,,,,,,0,og-post,,,,AAXX 16214 07591 24/// /0306 10083 20028 39171 48501 53013 700// 333 60007 90710 91114 555 60005=
07591,2009-11-16 22:00:00,8,,1.1,68,2.5,,14.816,25.928,,50,,,0,,,,,,,0,og-post,,,,AAXX 16224 07591 24/// /0508 10080 20025 39173 48502 51011 700// 333 60005 90710 91114=
07591,2009-11-16 23:00:00,7,,1,72,2.3,,11.112,25.928,,50,,,0,,,,,,,0,og-post,,,,AAXX 16234 07591 24/// /0506 10070 20023 39175 48501 51010 700// 333 60005 90710 91114=
07591,2009-11-17 00:00:00,6.6,,0.5,73,2.1,,14.816,25.928,,20,,,0,0,,,,,,0,og-post,,,,AAXX 17004 07591 04/// /0208 10066 20021 39176 48501 51005 60001 700// 333 60007 90710 91114 555 60005=
07591,2009-11-17 01:00:00,5.3,,0.6,77,1.6,,3.704,25.928,,10,,,0,,,,,,,0,og-post,,,,AAXX 17014 07591 24/// /0102 10053 20016 39179 48501 53006 700// 333 60005 90710 91114=
07591,2009-11-17 02:00:00,4.9,,0.6,78,1.4,,11.112,18.52,,40,,,0,,,,,,,0,og-post,,,,AAXX 17024 07591 24/// /0406 10049 20014 39181 48502 53006 700// 333 60005 90710 91110=
07591,2009-11-17 03:00:00,3.7,,0.9,83,1.1,,,18.52,,,,,0,0,,,,,,0,og-post,,,,AAXX 17034 07591 24/// /0000 10037 20011 39185 48503 53009 700// 333 60007 90710 91110 555 60005=
07591,2009-11-17 04:00:00,3.4,,0.9,83,0.8,,7.408,14.816,,30,,,0,,,,,,,0,og-post,,,,AAXX 17044 07591 24/// /0304 10034 20008 39188 48504 53009 700// 333 60005 90710 91108=
07591,2009-11-17 05:00:00,3.4,,0.8,82,0.6,,11.112,22.224,,40,,,0,,,,,,,0,og-post,,,,AAXX 17054 07591 24/// /0406 10034 20006 39189 48505 51008 700// 333 60005 90710 91112=
07591,2009-11-17 06:00:00,4.4,,0.6,76,0.6,,14.816,25.928,,40,3.1,10.7,0,0,,,0,7.9,-1,0,og-post,,,,AAXX 17064 07591 04/// /0408 10044 20006 39191 48509 51006 60002 700// 333 10107 20031 3/101 55079 60007 70000 90710 91114 555 60005=
07591,2009-11-17 07:00:00,4.6,,0.6,76,0.7,,14.816,25.928,,30,,,0,,,,,,,0,og-post,,,,AAXX 17074 07591 24/// /0308 10046 20007 39194 48512 53006 700// 333 60005 90710 91114=
07591,2009-11-17 08:00:00,5,,1.1,75,0.9,,7.408,29.632,,60,,,0,,,,,,,0,og-post,,,,AAXX 17084 07591 24/// /0604 10050 20009 39200 48519 53011 700// 333 60005 90710 91116=
07591,2009-11-17 09:00:00,8.3,,1.1,63,1.7,,11.112,22.224,,60,,,0,0,,,,,,0,og-post,,,,AAXX 17094 07591 24/// /0606 10083 20017 39202 48528 51011 700// 333 60007 90710 91112 555 60005=
07591,2009-11-17 10:00:00,10.1,,1.1,58,2.2,,7.408,18.52,,80,,,0,,,,,,,0,og-post,,,,AAXX 17104 07591 24/// /0804 10101 20022 39205 48535 51011 700// 333 60005 90710 91110=
07591,2009-11-17 11:00:00,11.4,,-0.2,53,2.2,,7.408,14.816,,70,,,0,,,,,,,0,og-post,,,,AAXX 17114 07591 24/// /0704 10114 20022 39198 48532 58002 700// 333 60005 90710 91108=
07591,2009-11-17 12:00:00,15.3,,-1.1,43,2.8,,3.704,7.408,,360,,,0,0,,,,,,0,og-post,,,,AAXX 17124 07591 04/// /3602 10153 20028 39191 48534 58011 60001 700// 333 60007 90710 91104 555 60005=
07591,2009-11-17 13:00:00,16.5,,-1.6,40,2.9,,7.408,14.816,,210,,,0,,,,,,,0,og-post,,,,AAXX 17134 07591 24/// /2104 10165 20029 39189 48535 56016 700// 333 60005 90710 91108=
07591,2009-11-17 14:00:00,14.4,,-0.8,45,2.6,,3.704,18.52,,190,,,0,,,,,,,0,og-post,,,,AAXX 17144 07591 24/// /1902 10144 20026 39190 48531 55008 700// 333 60005 90710 91110=
07591,2009-11-17 15:00:00,16.3,,-0.1,45,4.4,,7.408,11.112,,220,,,0,0,,,,,,0,og-post,,,,AAXX 17154 07591 24/// /2204 10163 20044 39190 48536 56001 700// 333 60007 90710 91106 555 60005=
07591,2009-11-17 16:00:00,13.5,,0.4,57,5.2,,3.704,14.816,,310,,,0,,,,,,,0,og-post,,,,AAXX 17164 07591 24/// /3102 10135 20052 39193 48533 53004 700// 333 60005 90710 91108=
07591,2009-11-17 17:00:00,12.1,,0.8,62,5,,3.704,11.112,,250,,,0,,,,,,,0,og-post,,,,AAXX 17174 07591 24/// /2502 10121 20050 39198 48534 53008 700// 333 60005 90710 91106=
07591,2009-11-17 18:00:00,11.7,,1.4,63,4.9,,3.704,11.112,,240,3.9,16.7,0,0,,,,,,0,og-post,,,,AAXX 17184 07591 04/// /2402 10117 20049 39204 48538 53014 60002 700// 333 10167 20039 60007 90710 91106 555 60005=
07591,2009-11-17 19:00:00,11.2,,1.5,67,5.3,,3.704,7.408,,230,,,0,,,,,,,0,og-post,,,,AAXX 17194 07591 24/// /2302 10112 20053 39208 48541 51015 700// 333 60005 90710 91104=
07591,2009-11-17 20:00:00,11,,1.4,70,5.7,,3.704,7.408,,240,,,0,,,,,,,0,og-post,,,,AAXX 17204 07591 24/// /2402 10110 20057 39212 48544 51014 700// 333 60005 90710 91104=
07591,2009-11-17 21:00:00,10.6,,1.2,73,6,,3.704,11.112,,240,,,0,0,,,,,,0,og-post,,,,AAXX 17214 07591 24/// /2402 10106 20060 39216 48547 52012 700// 333 60007 90710 91106 555 60005=
07591,2009-11-17 22:00:00,9.8,,0.9,76,5.8,,3.704,7.408,,170,,,0,,,,,,,0,og-post,,,,AAXX 17224 07591 24/// /1702 10098 20058 39217 48546 51009 700// 333 60005 90710 91104=
07591,2009-11-17 23:00:00,9.9,,0.7,76,5.9,,3.704,7.408,,210,,,0,,,,,,,0,og-post,,,,AAXX 17234 07591 24/// /2102 10099 20059 39219 48548 51007 700// 333 60005 90710 91104=
07591,2009-11-18 00:00:00,9.6,,0.4,79,6.1,,3.704,11.112,,260,,,0,0,,,,,,0,og-post,,,,AAXX 18004 07591 04/// /2602 10096 20061 39220 48548 52004 60001 700// 333 60007 90710 91106 555 60005=
07591,2009-11-18 01:00:00,9.8,,-0.1,77,6,,3.704,7.408,,210,,,0,,,,,,,0,og-post,,,,AAXX 18014 07591 24/// /2102 10098 20060 39216 48545 58001 700// 333 60005 90710 91104=
07591,2009-11-18 02:00:00,9.5,,-0.3,79,6,,3.704,7.408,,210,,,0,,,,,,,0,og-post,,,,AAXX 18024 07591 24/// /2102 10095 20060 39216 48544 58003 700// 333 60005 90710 91104=
07591,2009-11-18 03:00:00,9.1,,-0.4,81,6,,3.704,7.408,,350,,,0,0,,,,,,0,og-post,,,,AAXX 18034 07591 24/// /3502 10091 20060 39216 48543 56004 700// 333 60007 90710 91104 555 60005=
07591,2009-11-18 04:00:00,9.5,,0.1,77,5.7,,7.408,14.816,,20,,,0,,,,,,,0,og-post,,,,AAXX 18044 07591 24/// /0204 10095 20057 39217 48545 53001 700// 333 60005 90710 91108=
07591,2009-11-18 05:00:00,10.3,,-0.1,72,5.5,,11.112,14.816,,30,,,0,,,,,,,0,og-post,,,,AAXX 18054 07591 24/// /0306 10103 20055 39215 48545 58001 700// 333 60005 90710 91108=
07591,2009-11-18 06:00:00,10.3,,-0.5,73,5.7,,3.704,29.632,,130,8.8,11.9,0,0,,,0,5.8,6,0,og-post,,,,AAXX 18064 07591 04/// /1302 10103 20057 39211 48541 58005 60002 700// 333 10119 20088 3/006 55058 60007 70000 90710 91116 555 60005=
07591,2009-11-18 07:00:00,9.2,,0.3,78,5.6,,,11.112,,,,,0,,,,,,,0,og-post,,,,AAXX 18074 07591 24/// /0000 10092 20056 39220 48547 53003 700// 333 60005 90710 91106=
07591,2009-11-18 08:00:00,10.1,,1.2,75,5.9,,3.704,7.408,,30,,,0,,,,,,,0,og-post,,,,AAXX 18084 07591 24/// /0302 10101 20059 39227 48555 53012 700// 333 60005 90710 91104=
07591,2009-11-18 09:00:00,12.2,,1.8,68,6.5,,3.704,7.408,,50,,,0,0,,,,,,0,og-post,,,,AAXX 18094 07591 24/// /0502 10122 20065 39229 48562 51018 700// 333 60007 90710 91104 555 60005=
07591,2009-11-18 10:00:00,14.2,,1.3,61,6.8,,3.704,11.112,,250,,,0,,,,,,,0,og-post,,,,AAXX 18104 07591 24/// /2502 10142 20068 39233 48571 51013 700// 333 60005 90710 91106=
07591,2009-11-18 11:00:00,16.3,,-0.1,50,5.9,,3.704,11.112,,210,,,0,,,,,,,0,og-post,,,,AAXX 18114 07591 24/// /2102 10163 20059 39226 48569 58001 700// 333 60005 90710 91106=
07591,2009-11-18 12:00:00,17.8,,-0.7,44,5.4,,11.112,18.52,,190,,,0,0,,,,,,0,og-post,,,,AAXX 18124 07591 04/// /1906 10178 20054 39222 48569 58007 60001 700// 333 60007 90710 91110 555 60005=
07591,2009-11-18 13:00:00,18.3,,-1.6,40,4.5,,14.816,25.928,,210,,,0,,,,,,,0,og-post,,,,AAXX 18134 07591 24/// /2108 10183 20045 39217 48565 56016 700// 333 60005 90710 91114=
07591,2009-11-18 14:00:00,18.1,,-0.9,40,4.3,,18.52,31.484,,200,,,0,,,,,,,0,og-post,,,,AAXX 18144 07591 24/// /2010 10181 20043 39217 48565 56009 700// 333 60005 90710 91117=
07591,2009-11-18 15:00:00,17.3,,0.1,39,3.2,,11.112,29.632,,190,,,0,0,,,,,,0,og-post,,,,AAXX 18154 07591 24/// /1906 10173 20032 39223 48568 53001 700// 333 60007 90710 91116 555 60005=
07591,2009-11-18 16:00:00,14.1,,1.1,49,3.6,,3.704,18.52,,320,,,0,,,,,,,0,og-post,,,,AAXX 18164 07591 24/// /3202 10141 20036 39228 48565 53011 700// 333 60005 90710 91110=
07591,2009-11-18 17:00:00,11.5,,1.7,58,3.5,,,7.408,,,,,0,,,,,,,0,og-post,,,,AAXX 18174 07591 24/// /0000 10115 20035 39234 48564 52017 700// 333 60005 90710 91104=
07591,2009-11-18 18:00:00,10.1,,1.5,61,2.9,,,3.704,,,8.9,18.4,0,0,,,,,,0,og-post,,,,AAXX 18184 07591 04/// /0000 10101 20029 39238 48564 51015 60002 700// 333 10184 20089 60007 90710 91102 555 60005=
07591,2009-11-18 19:00:00,8.8,,1.5,64,2.4,,3.704,7.408,,20,,,0,,,,,,,0,og-post,,,,AAXX 18194 07591 24/// /0202 10088 20024 39243 48566 51015 700// 333 60005 90710 91104=
07591,2009-11-18 20:00:00,8.3,,0.9,64,1.9,,7.408,11.112,,20,,,0,,,,,,,0,og-post,,,,AAXX 18204 07591 24/// /0204 10083 20019 39243 48564 51009 700// 333 60005 90710 91106=
07591,2009-11-18 21:00:00,7.7,,0.7,68,2.2,,11.112,22.224,,40,,,0,0,,,,,,0,og-post,,,,AAXX 18214 07591 24/// /0406 10077 20022 39245 48565 51007 700// 333 60007 90710 91112 555 60005=
07591,2009-11-18 22:00:00,8.2,,0.3,65,2,,14.816,31.484,,40,,,0,,,,,,,0,og-post,,,,AAXX 18224 07591 24/// /0408 10082 20020 39246 48567 53003 700// 333 60005 90710 91117=
07591,2009-11-18 23:00:00,8.8,,0.5,60,1.5,,14.816,29.632,,30,,,0,,,,,,,0,og-post,,,,AAXX 18234 07591 24/// /0308 10088 20015 39248 48570 52005 700// 333 60005 90710 91116=
07591,2009-11-19 00:00:00,7.7,,0.4,63,1.1,,18.52,31.484,,50,,,0,0,,,,,,0,og-post,,,,AAXX 19004 07591 04/// /0510 10077 20011 39249 48568 52004 60001 700// 333 60007 90710 91117 555 60005=
07591,2009-11-19 01:00:00,8.6,,0.2,58,0.8,,18.52,29.632,,30,,,0,,,,,,,0,og-post,,,,AAXX 19014 07591 24/// /0310 10086 20008 39248 48569 50002 700// 333 60005 90710 91116=
07591,2009-11-19 02:00:00,7.6,,0.3,61,0.6,,18.52,29.632,,30,,,0,,,,,,,0,og-post,,,,AAXX 19024 07591 24/// /0310 10076 20006 39251 48569 53003 700// 333 60005 90710 91116=
07591,2009-11-19 03:00:00,7,,0,62,0.2,,18.52,31.484,,40,,,0,0,,,,,,0,og-post,,,,AAXX 19034 07591 24/// /0410 10070 20002 39249 48566 50000 700// 333 60007 90710 91117 555 60005=
07591,2009-11-19 04:00:00,7.6,,0.3,59,0.1,,18.52,35.188,,30,,,0,,,,,,,0,og-post,,,,AAXX 19044 07591 24/// /0310 10076 20001 39251 48569 51003 700// 333 60005 90710 91119=
07591,2009-11-19 05:00:00,8,,-0,57,0,,22.224,35.188,,20,,,0,,,,,,,0,og-post,,,,AAXX 19054 07591 24/// /0212 10080 20000 39251 48570 55000 700// 333 60005 90710 91119=
07591,2009-11-19 06:00:00,8.5,,-0.1,54,-0.3,,22.224,38.892,,20,6.8,10.1,0,0,,,0,7.3,4,0,og-post,,,,AAXX 19064 07591 04/// /0212 10085 21003 39248 48569 58001 60002 700// 333 10101 20068 3/004 55073 60007 70000 90710 91121 555 60005=
07591,2009-11-19 07:00:00,8.8,,0.3,53,-0.2,,22.224,38.892,,20,,,0,,,,,,,0,og-post,,,,AAXX 19074 07591 24/// /0212 10088 21002 39254 48575 53003 700// 333 60005 90710 91121=
07591,2009-11-19 08:00:00,8.2,,0.8,56,0,,18.52,38.892,,40,,,0,,,,,,,0,og-post,,,,AAXX 19084 07591 24/// /0410 10082 20000 39259 48578 53008 700// 333 60005 90710 91121=
07591,2009-11-19 09:00:00,11.2,,1.1,47,0.3,,25.928,42.596,,20,,,0,0,,,,,,0,og-post,,,,AAXX 19094 07591 24/// /0214 10112 20003 39259 48585 51011 700// 333 60007 90710 91123 555 60005=
07591,2009-11-19 10:00:00,13.1,,0.1,44,1.1,,25.928,42.596,,20,,,0,,,,,,,0,og-post,,,,AAXX 19104 07591 24/// /0214 10131 20011 39255 48587 50001 700// 333 60005 90710 91123=
07591,2009-11-19 11:00:00,15.1,,-0.5,40,1.6,,11.112,38.892,,30,,,0,,,,,,,0,og-post,,,,AAXX 19114 07591 24/// /0306 10151 20016 39254 48591 58005 700// 333 60005 90710 91121=
07591,2009-11-19 12:00:00,16.1,,-1.1,39,2.2,,11.112,29.632,,70,,,0,0,,,,,,0,og-post,,,,AAXX 19124 07591 04/// /0706 10161 20022 39248 48588 58011 60001 700// 333 60007 90710 91116 555 60005=
07591,2009-11-19 13:00:00,16.8,,-1.4,38,2.4,,7.408,14.816,,40,,,0,,,,,,,0,og-post,,,,AAXX 19134 07591 24/// /0404 10168 20024 39241 48583 58014 700// 333 60005 90710 91108=
07591,2009-11-19 14:00:00,17.1,,-1.6,38,2.7,,3.704,14.816,,80,,,0,,,,,,,0,og-post,,,,AAXX 19144 07591 24/// /0802 10171 20027 39238 48581 56016 700// 333 60005 90710 91108=
07591,2009-11-19 15:00:00,14.9,,-0.8,50,4.6,,3.704,7.408,,180,,,0,0,,,,,,0,og-post,,,,AAXX 19154 07591 24/// /1802 10149 20046 39240 48578 55008 700// 333 60007 90710 91104 555 60005=
07591,2009-11-19 16:00:00,12.5,,0.2,60,5,,,7.408,,,,,0,,,,,,,0,og-post,,,,AAXX 19164 07591 24/// /0000 10125 20050 39243 48575 53002 700// 333 60005 90710 91104=
07591,2009-11-19 17:00:00,10.9,,0.9,59,3.2,,7.408,11.112,,10,,,0,,,,,,,0,og-post,,,,AAXX 19174 07591 24/// /0104 10109 20032 39247 48574 53009 700// 333 60005 90710 91106=
07591,2009-11-19 18:00:00,10.4,,0.9,62,3.4,,14.816,22.224,,40,8.1,17.7,0,0,,,,,,0,og-post,,,,AAXX 19184 07591 04/// /0408 10104 20034 39249 48575 51009 60002 700// 333 10177 20081 60007 90710 91112 555 60005=
07591,2009-11-19 19:00:00,11,,0.6,56,2.6,,14.816,25.928,,40,,,0,,,,,,,0,og-post,,,,AAXX 19194 07591 24/// /0408 10110 20026 39249 48576 51006 700// 333 60005 90710 91114=
07591,2009-11-19 20:00:00,12.4,,0.2,47,1.4,,22.224,42.596,,20,,,0,,,,,,,0,og-post,,,,AAXX 19204 07591 24/// /0212 10124 20014 39249 48580 51002 700// 333 60005 90710 91123=
07591,2009-11-19 21:00:00,12.1,,-0,47,1.1,,25.928,38.892,,20,,,0,0,,,,,,0,og-post,,,,AAXX 19214 07591 24/// /0214 10121 20011 39249 48579 54000 700// 333 60007 90710 91121 555 60005=
07591,2009-11-19 22:00:00,11.9,,-0.3,46,0.7,,29.632,42.596,,20,,,0,,,,,,,0,og-post,,,,AAXX 19224 07591 24/// /0216 10119 20007 39246 48576 58003 700// 333 60005 90710 91123=
07591,2009-11-19 23:00:00,11.2,,-0.2,47,0.3,,29.632,46.3,,10,,,0,,,,,,,0,og-post,,,,AAXX 19234 07591 24/// /0116 10112 20003 39247 48575 55002 700// 333 60005 90710 91125=
07591,2009-11-20 00:00:00,11.4,,0.1,46,0.2,,18.52,42.596,,20,,,0,0,,,,,,0,og-post,,,,AAXX 20004 07591 04/// /0210 10114 20002 39250 48578 53001 60001 700// 333 60007 90710 91123 555 60005=
07591,2009-11-20 01:00:00,9.9,,0.4,51,0.3,,11.112,35.188,,40,,,0,,,,,,,0,og-post,,,,AAXX 20014 07591 24/// /0406 10099 20003 39250 48574 51004 700// 333 60005 90710 91119=
07591,2009-11-20 02:00:00,10.2,,0.2,50,0.3,,14.816,25.928,,40,,,0,,,,,,,0,og-post,,,,AAXX 20024 07591 24/// /0408 10102 20003 39249 48574 50002 700// 333 60005 90710 91114=
07591,2009-11-20 03:00:00,8.9,,0.2,56,0.6,,3.704,22.224,,80,,,0,0,,,,,,0,og-post,,,,AAXX 20034 07591 24/// /0802 10089 20006 39252 48573 53002 700// 333 60007 90710 91112 555 60005=
07591,2009-11-20 04:00:00,10,,-0.5,51,0.3,,18.52,25.928,,40,,,0,,,,,,,0,og-post,,,,AAXX 20044 07591 24/// /0410 10100 20003 39245 48570 58005 700// 333 60005 90710 91114=
07591,2009-11-20 05:00:00,11.9,,-0,43,-0.3,,18.52,31.484,,10,,,0,,,,,,,0,og-post,,,,AAXX 20054 07591 24/// /0110 10119 21003 39249 48578 55000 700// 333 60005 90710 91117=
07591,2009-11-20 06:00:00,10.8,,-0.1,46,-0.3,,22.224,31.484,,20,8.8,12.7,0,0,,,0,5.3,7,0,og-post,,,,AAXX 20064 07591 04/// /0212 10108 21003 39251 48577 55001 60002 700// 333 10127 20088 3/007 55053 60007 70000 90710 91117 555 60005=
07591,2009-11-20 07:00:00,11.1,,1,43,-1,,22.224,38.892,,20,,,0,,,,,,,0,og-post,,,,AAXX 20074 07591 24/// /0212 10111 21010 39255 48581 52010 700// 333 60005 90710 91121=
07591,2009-11-20 08:00:00,11,,1,42,-1.4,,25.928,42.596,,20,,,0,,,,,,,0,og-post,,,,AAXX 20084 07591 24/// /0214 10110 21014 39259 48585 53010 700// 333 60005 90710 91123=
07591,2009-11-20 09:00:00,12.8,,0.8,40,-0.4,,22.224,42.596,,20,,,0,0,,,,,,0,og-post,,,,AAXX 20094 07591 24/// /0212 10128 21004 39259 48589 51008 700// 333 60007 90710 91123 555 60005=
07591,2009-11-20 10:00:00,15.2,,0.5,35,-0.1,,25.928,42.596,,20,,,0,,,,,,,0,og-post,,,,AAXX 20104 07591 24/// /0214 10152 21001 39260 48596 51005 700// 333 60005 90710 91123=
07591,2009-11-20 11:00:00,16.9,,-0.5,31,-0.3,,18.52,29.632,,20,,,0,,,,,,,0,og-post,,,,AAXX 20114 07591 24/// /0210 10169 21003 39254 48595 58005 700// 333 60005 90710 91116=
07591,2009-11-20 12:00:00,18.4,,-0.8,31,1,,11.112,29.632,,170,,,0,0,,,,,,0,og-post,,,,AAXX 20124 07591 04/// /1706 10184 20010 39251 48596 58008 60001 700// 333 60007 90710 91116 555 60005=
07591,2009-11-20 13:00:00,18.1,,-0.8,32,1.2,,7.408,22.224,,220,,,0,,,,,,,0,og-post,,,,AAXX 20134 07591 24/// /2204 10181 20012 39252 48596 55008 700// 333 60005 90710 91112=
07591,2009-11-20 14:00:00,18.9,,-0.3,31,1.4,,11.112,18.52,,200,,,0,,,,,,,0,og-post,,,,AAXX 20144 07591 24/// /2006 10189 20014 39251 48597 56003 700// 333 60005 90710 91110=
07591,2009-11-20 15:00:00,17.4,,0.4,32,0.6,,7.408,18.52,,200,,,0,0,,,,,,0,og-post,,,,AAXX 20154 07591 24/// /2004 10174 20006 39255 48597 53004 700// 333 60007 90710 91110 555 60005=
07591,2009-11-20 16:00:00,13.2,,1,48,2.4,,3.704,11.112,,340,,,0,,,,,,,0,og-post,,,,AAXX 20164 07591 24/// /3402 10132 20024 39262 48593 53010 700// 333 60005 90710 91106=
07591,2009-11-20 17:00:00,10.5,,1.6,53,1.3,,7.408,11.112,,40,,,0,,,,,,,0,og-post,,,,AAXX 20174 07591 24/// /0404 10105 20013 39267 48591 53016 700// 333 60005 90710 91106=
07591,2009-11-20 18:00:00,8.8,,1.7,57,0.8,,,11.112,,,8.8,19.5,0,0,,,,,,0,og-post,,,,AAXX 20184 07591 04/// /0000 10088 20008 39272 48591 51017 60002 700// 333 10195 20088 60007 90710 91106 555 60005=
07591,2009-11-20 19:00:00,8.1,,1.4,55,-0.4,,7.408,11.112,,40,,,0,,,,,,,0,og-post,,,,AAXX 20194 07591 24/// /0404 10081 21004 39276 48592 51014 700// 333 60005 90710 91106=
07591,2009-11-20 20:00:00,7.9,,2,57,-0.1,,,14.816,,,,,0,,,,,,,0,og-post,,,,AAXX 20204 07591 24/// /0000 10079 21001 39287 48602 53020 700// 333 60005 90710 91108=
07591,2009-11-20 21:00:00,7.8,,1.8,56,-0.4,,11.112,18.52,,40,,,0,0,,,,,,0,og-post,,,,AAXX 20214 07591 24/// /0406 10078 21004 39290 48604 51018 700// 333 60007 90710 91110 555 60005=
07591,2009-11-20 22:00:00,7.5,,1.1,56,-0.7,,11.112,18.52,,50,,,0,,,,,,,0,og-post,,,,AAXX 20224 07591 24/// /0506 10075 21007 39287 48600 50011 700// 333 60005 90710 91110=
07591,2009-11-20 23:00:00,8,,0.2,54,-0.7,,14.816,25.928,,30,,,0,,,,,,,0,og-post,,,,AAXX 20234 07591 24/// /0308 10080 21007 39289 48604 51002 700// 333 60005 90710 91114=
07591,2009-11-21 00:00:00,7.2,,-0,56,-1,,14.816,25.928,,40,,,0,0,,,,,,0,og-post,,,,AAXX 21004 07591 04/// /0408 10072 21010 39290 48602 55000 60001 700// 333 60007 90710 91114 555 60005=
07591,2009-11-21 01:00:00,8.5,,0.2,50,-1.3,,22.224,31.484,,20,,,0,,,,,,,0,og-post,,,,AAXX 21014 07591 24/// /0212 10085 21013 39289 48605 50002 700// 333 60005 90710 91117=
07591,2009-11-21 02:00:00,7.8,,0,52,-1.4,,18.52,29.632,,20,,,0,,,,,,,0,og-post,,,,AAXX 21024 07591 24/// /0210 10078 21014 39289 48603 50000 700// 333 60005 90710 91116=
07591,2009-11-21 03:00:00,7.1,,-0.5,53,-1.8,,18.52,35.188,,30,,,0,0,,,,,,0,og-post,,,,AAXX 21034 07591 24/// /0310 10071 21018 39285 48598 58005 700// 333 60007 90710 91119 555 60005=
07591,2009-11-21 04:00:00,6.1,,-0.2,56,-2,,14.816,29.632,,40,,,0,,,,,,,0,og-post,,,,AAXX 21044 07591 24/// /0408 10061 21020 39287 48597 55002 700// 333 60005 90710 91116=
07591,2009-11-21 05:00:00,6.1,,-0.1,55,-2.2,,14.816,31.484,,30,,,0,,,,,,,0,og-post,,,,AAXX 21054 07591 24/// /0308 10061 21022 39288 48598 55001 700// 333 60005 90710 91117=
07591,2009-11-21 06:00:00,6.3,,0.5,52,-2.8,,18.52,31.484,,20,5.2,8.9,0,0,,,0,7.7,3,0,og-post,,,,AAXX 21064 07591 04/// /0210 10063 21028 39290 48600 52005 60002 700// 333 10089 20052 3/003 55077 60007 70000 90710 91117 555 60005=
07591,2009-11-21 07:00:00,5.3,,0.3,57,-2.5,,14.816,35.188,,50,,,0,,,,,,,0,og-post,,,,AAXX 21074 07591 24/// /0508 10053 21025 39290 48597 51003 700// 333 60005 90710 91119=
07591,2009-11-21 08:00:00,7.3,,0.5,49,-2.7,,18.52,35.188,,20,,,0,,,,,,,0,og-post,,,,AAXX 21084 07591 24/// /0210 10073 21027 39293 48605 53005 700// 333 60005 90710 91119=
07591,2009-11-21 09:00:00,9.6,,0,42,-2.7,,18.52,38.892,,60,,,0,0,,,,,,0,og-post,,,,AAXX 21094 07591 24/// /0610 10096 21027 39290 48608 50000 700// 333 60007 90710 91121 555 60005=
07591,2009-11-21 10:00:00,11.5,,0,38,-2.3,,22.224,29.632,,30,,,0,,,,,,,0,og-post,,,,AAXX 21104 07591 24/// /0312 10115 21023 39290 48613 50000 700// 333 60005 90710 91116=
07591,2009-11-21 11:00:00,12.9,,-1.1,35,-2.2,,18.52,29.632,,20,,,0,,,,,,,0,og-post,,,,AAXX 21114 07591 24/// /0210 10129 21022 39282 48610 58011 700// 333 60005 90710 91116=
07591,2009-11-21 12:00:00,15.9,,-1.7,30,-1.6,,3.704,22.224,,150,,,0,0,,,,,,0,og-post,,,,AAXX 21124 07591 04/// /1502 10159 21016 39273 48609 58017 60001 700// 333 60007 90710 91112 555 60005=
07591,2009-11-21 13:00:00,15.1,,-1.9,33,-1,,7.408,11.112,,190,,,0,,,,,,,0,og-post,,,,AAXX 21134 07591 24/// /1904 10151 21010 39271 48606 56019 700// 333 60005 90710 91106=
07591,2009-11-21 14:00:00,16.5,,-1.5,29,-1.6,,7.408,14.816,,190,,,0,,,,,,,0,og-post,,,,AAXX 21144 07591 24/// /1904 10165 21016 39267 48606 56015 700// 333 60005 90710 91108=
07591,2009-11-21 15:00:00,16.9,,-0.9,30,-0.8,,7.408,11.112,,210,,,0,0,,,,,,0,og-post,,,,AAXX 21154 07591 24/// /2104 10169 21008 39264 48604 58009 700// 333 60007 90710 91106 555 60005=
07591,2009-11-21 16:00:00,13.7,,-1,40,0.4,,,7.408,,,,,0,,,,,,,0,og-post,,,,AAXX 21164 07591 24/// /0000 10137 20004 39261 48593 56010 700// 333 60005 90710 91104=
07591,2009-11-21 17:00:00,10.1,,-0.7,50,0.2,,3.704,7.408,,350,,,0,,,,,,,0,og-post,,,,AAXX 21174 07591 24/// /3502 10101 20002 39260 48583 56007 700// 333 60005 90710 91104=
07591,2009-11-21 18:00:00,8.4,,-0.1,56,0.1,,,3.704,,,5.2,17.3,0,0,,,,,,0,og-post,,,,AAXX 21184 07591 04/// /0000 10084 20001 39263 48582 55001 60002 700// 333 10173 20052 60007 90710 91102 555 60005=
07591,2009-11-21 19:00:00,7.5,,0.1,55,-0.9,,7.408,11.112,,20,,,0,,,,,,,0,og-post,,,,AAXX 21194 07591 24/// /0204 10075 21009 39262 48579 52001 700// 333 60005 90710 91106=
07591,2009-11-21 20:00:00,6.8,,0.2,56,-1.3,,7.408,11.112,,20,,,0,,,,,,,0,og-post,,,,AAXX 21204 07591 24/// /0204 10068 21013 39262 48577 51002 700// 333 60005 90710 91106=
07591,2009-11-21 21:00:00,6.1,,-0.4,58,-1.5,,11.112,18.52,,30,,,0,0,,,,,,0,og-post,,,,AAXX 21214 07591 24/// /0306 10061 21015 39259 48572 58004 700// 333 60007 90710 91110 555 60005=
07591,2009-11-21 22:00:00,5.3,,-0.6,60,-1.8,,11.112,18.52,,30,,,0,,,,,,,0,og-post,,,,AAXX 21224 07591 24/// /0306 10053 21018 39256 48568 58006 700// 333 60005 90710 91110=
07591,2009-11-21 23:00:00,4.8,,-0.7,62,-1.8,,11.112,22.224,,30,,,0,,,,,,,0,og-post,,,,AAXX 21234 07591 24/// /0306 10048 21018 39255 48566 56007 700// 333 60005 90710 91112=
07591,2009-11-22 00:00:00,4.5,,-0.9,61,-2.4,,11.112,22.224,,40,,,0,0,,,,,,0,og-post,,,,AAXX 22004 07591 04/// /0406 10045 21024 39250 48561 58009 60001 700// 333 60007 90710 91112 555 60005=
07591,2009-11-22 01:00:00,4,,-0.8,64,-2.2,,3.704,18.52,,350,,,0,,,,,,,0,og-post,,,,AAXX 22014 07591 24/// /3502 10040 21022 39248 48558 58008 700// 333 60005 90710 91110=
07591,2009-11-22 02:00:00,3.1,,-0.8,66,-2.6,,3.704,11.112,,30,,,0,,,,,,,0,og-post,,,,AAXX 22024 07591 24/// /0302 10031 21026 39247 48554 56008 700// 333 60005 90710 91106=
07591,2009-11-22 03:00:00,2,,-0.5,72,-2.5,,3.704,7.408,,40,,,0,0,,,,,,0,og-post,,,,AAXX 22034 07591 24/// /0402 10020 21025 39245 48550 57005 700// 333 60007 90710 91104 555 60005=
07591,2009-11-22 04:00:00,1.4,,-0.7,75,-2.5,,,18.52,,,,,0,,,,,,,0,og-post,,,,AAXX 22044 07591 24/// /0000 10014 21025 39241 48545 58007 700// 333 60005 90710 91110=
07591,2009-11-22 05:00:00,1.9,,-0.8,72,-2.6,,7.408,14.816,,30,,,0,,,,,,,0,og-post,,,,AAXX 22054 07591 24/// /0304 10019 21026 39239 48545 57008 700// 333 60005 90710 91108=
07591,2009-11-22 06:00:00,2.4,,-1.1,72,-2.1,,3.704,14.816,,30,1.3,8.3,0,0,,,0,7.6,-2,0,og-post,,,,AAXX 22064 07591 04/// /0302 10024 21021 39234 48542 58011 60002 700// 333 10083 20013 3/102 55076 60007 70000 90710 91108 555 60005=
07591,2009-11-22 07:00:00,1.9,,-0,77,-1.7,,3.704,18.52,,310,,,0,,,,,,,0,og-post,,,,AAXX 22074 07591 24/// /3102 10019 21017 39241 48546 55000 700// 333 60005 90710 91110=
07591,2009-11-22 08:00:00,3.7,,0.3,69,-1.4,,3.704,11.112,,360,,,0,,,,,,,0,og-post,,,,AAXX 22084 07591 24/// /3602 10037 21014 39242 48552 53003 700// 333 60005 90710 91106=
07591,2009-11-22 09:00:00,4.8,,0.5,67,-0.8,,3.704,11.112,,60,,,0,0,,,,,,0,og-post,,,,AAXX 22094 07591 24/// /0602 10048 21008 39239 48552 50005 700// 333 60007 90710 91106 555 60005=
07591,2009-11-22 10:00:00,5.5,,-0.1,69,0.3,,,7.408,,,,,0,,,,,,,0,og-post,,,,AAXX 22104 07591 24/// /0000 10055 20003 39240 48555 57001 700// 333 60005 90710 91104=
07591,2009-11-22 11:00:00,5.5,,-2.4,82,2.7,,11.112,25.928,,40,,,0.6,,,,,,,60,og-post,,,,AAXX 22114 07591 24/// /0406 10055 20027 39218 48536 58024 760// 333 69965 90710 91114=
07591,2009-11-22 12:00:00,6.6,,-2,81,3.6,,3.704,25.928,,170,,,0,0.6,0.6,,,,,0,og-post,,,,AAXX 22124 07591 04/// /1702 10066 20036 39219 48539 57020 69961 700// 333 69967 90710 91114 555 60005=
07591,2009-11-22 13:00:00,6.6,,-2.4,81,3.6,,3.704,11.112,,200,,,0,,,,,,,0,og-post,,,,AAXX 22134 07591 24/// /2002 10066 20036 39216 48537 56024 700// 333 60005 90710 91106=
07591,2009-11-22 14:00:00,6.6,,-0.2,84,4.1,,3.704,11.112,,180,,,0,,,,,,,0,og-post,,,,AAXX 22144 07591 24/// /1802 10066 20041 39216 48537 58002 700// 333 60005 90710 91106=
07591,2009-11-22 15:00:00,6.8,,-0.4,86,4.6,,3.704,7.408,,260,,,0,0,,,,,,0,og-post,,,,AAXX 22154 07591 24/// /2602 10068 20046 39215 48536 56004 700// 333 60007 90710 91104 555 60005=
07591,2009-11-22 16:00:00,6.6,,-0,87,4.6,,,7.408,,,,,0,,,,,,,0,og-post,,,,AAXX 22164 07591 24/// /0000 10066 20046 39216 48537 55000 700// 333 60005 90710 91104=
07591,2009-11-22 17:00:00,6.6,,-0.2,92,5.4,,7.408,11.112,,280,,,1,,,,,,,21,og-post,,,,AAXX 22174 07591 24/// /2804 10066 20054 39214 48535 58002 721// 333 60015 90710 91106=
07591,2009-11-22 18:00:00,6.5,,0.3,94,5.6,,7.408,14.816,,220,1.6,7.1,0.8,2,,2,,,,61,og-post,,,,AAXX 22184 07591 04/// /2204 10065 20056 39218 48539 53003 60022 761// 333 10071 20016 60027 90710 91108 555 69985=
07591,2009-11-22 19:00:00,7.3,,-0.2,95,6.6,,7.408,18.52,,260,,,1,,,,,,,61,og-post,,,,AAXX 22194 07591 24/// /2604 10073 20066 39214 48537 58002 761// 333 60015 90710 91110=
07591,2009-11-22 20:00:00,7.6,,0.6,95,6.9,,7.408,14.816,,220,,,0,,,,,,,0,og-post,,,,AAXX 22204 07591 24/// /2204 10076 20069 39220 48543 53006 700// 333 60005 90710 91108=
07591,2009-11-22 21:00:00,7.7,,-0,95,7,,11.112,22.224,,200,,,0,1,,,,,,0,og-post,,,,AAXX 22214 07591 24/// /2006 10077 20070 39218 48542 55000 700// 333 60017 90710 91112 555 60005=
07591,2009-11-22 22:00:00,7.2,,0.4,96,6.6,,14.816,29.632,,200,,,0,,,,,,,0,og-post,,,,AAXX 22224 07591 24/// /2008 10072 20066 39218 48540 51004 700// 333 60005 90710 91116=
07591,2009-11-22 23:00:00,6.6,,-0.2,95,5.9,,11.112,22.224,,190,,,0.2,,,,,,,0,og-post,,,,AAXX 22234 07591 24/// /1906 10066 20059 39218 48539 56002 700// 333 69925 90710 91112=
07591,2009-11-23 00:00:00,6.2,,-0.1,89,4.5,,18.52,25.928,,210,,,0,0.2,1,,,,,0,og-post,,,,AAXX 23004 07591 04/// /2110 10062 20045 39217 48537 58001 60011 700// 333 69927 90710 91114 555 60005=
07591,2009-11-23 01:00:00,5.7,,-0.3,93,4.7,,11.112,25.928,,200,,,0,,,,,,,0,og-post,,,,AAXX 23014 07591 24/// /2006 10057 20047 39215 48534 58003 700// 333 60005 90710 91114=
07591,2009-11-23 02:00:00,5.1,,0.6,90,3.6,,7.408,22.224,,270,,,0,,,,,,,0,og-post,,,,AAXX 23024 07591 24/// /2704 10051 20036 39224 48540 53006 700// 333 60005 90710 91112=
07591,2009-11-23 03:00:00,4.1,,0.5,90,2.6,,7.408,14.816,,260,,,0,0,,,,,,0,og-post,,,,AAXX 23034 07591 24/// /2604 10041 20026 39222 48536 52005 700// 333 60007 90710 91108 555 60005=
07591,2009-11-23 04:00:00,3.7,,0.7,88,1.9,,3.704,11.112,,290,,,0,,,,,,,0,og-post,,,,AAXX 23044 07591 24/// /2902 10037 20019 39222 48535 51007 700// 333 60005 90710 91106=
07591,2009-11-23 05:00:00,2.8,,0.2,92,1.6,,3.704,7.408,,10,,,0,,,,,,,0,og-post,,,,AAXX 23054 07591 24/// /0102 10028 20016 39226 48536 53002 700// 333 60005 90710 91104=
07591,2009-11-23 06:00:00,2.2,,0.3,93,1.2,,3.704,11.112,,10,2.1,7.8,0,0,,1,3.6,0,-1,0,og-post,,,,AAXX 23064 07591 04/// /0102 10022 20012 39225 48534 50003 60012 700// 333 10078 20021 3/101 55000 60007 70036 90710 91106 555 60005=
07591,2009-11-23 07:00:00,1.5,,0.5,93,0.5,,3.704,11.112,,360,,,0,,,,,,,0,og-post,,,,AAXX 23074 07591 24/// /3602 10015 20005 39227 48534 51005 700// 333 60005 90710 91106=
07591,2009-11-23 08:00:00,2.2,,-0,93,1.2,,14.816,22.224,,40,,,0,,,,,,,0,og-post,,,,AAXX 23084 07591 24/// /0408 10022 20012 39226 48535 54000 700// 333 60005 90710 91112=
07591,2009-11-23 09:00:00,5.7,,0.2,80,2.5,,11.112,18.52,,40,,,0,0,,,,,,0,og-post,,,,AAXX 23094 07591 24/// /0406 10057 20025 39227 48544 51002 700// 333 60007 90710 91110 555 60005=
07591,2009-11-23 10:00:00,7.6,,-0.4,72,2.9,,14.816,22.224,,40,,,0,,,,,,,0,og-post,,,,AAXX 23104 07591 24/// /0408 10076 20029 39223 48545 58004 700// 333 60005 90710 91112=
07591,2009-11-23 11:00:00,9.9,,-0.8,62,3,,7.408,18.52,,140,,,0,,,,,,,0,og-post,,,,AAXX 23114 07591 24/// /1404 10099 20030 39218 48546 58008 700// 333 60005 90710 91110=
07591,2009-11-23 12:00:00,11.9,,-1.4,50,1.8,,7.408,14.816,,160,,,0,0,,,,,,0,og-post,,,,AAXX 23124 07591 04/// /1604 10119 20018 39213 48546 58014 60001 700// 333 60007 90710 91108 555 60005=
07591,2009-11-23 13:00:00,12.7,,-1.5,49,2.3,,3.704,14.816,,190,,,0,,,,,,,0,og-post,,,,AAXX 23134 07591 24/// /1902 10127 20023 39208 48544 57015 700// 333 60005 90710 91108=
07591,2009-11-23 14:00:00,13.2,,-1.5,48,2.4,,3.704,11.112,,210,,,0,,,,,,,0,og-post,,,,AAXX 23144 07591 24/// /2102 10132 20024 39203 48540 57015 700// 333 60005 90710 91106=
07591,2009-11-23 15:00:00,12.5,,-0.9,50,2.4,,7.408,14.816,,180,,,0,0,,,,,,0,og-post,,,,AAXX 23154 07591 24/// /1804 10125 20024 39204 48540 55009 700// 333 60007 90710 91108 555 60005=
07591,2009-11-23 16:00:00,9.2,,-0.2,64,2.8,,3.704,11.112,,290,,,0,,,,,,,0,og-post,,,,AAXX 23164 07591 24/// /2902 10092 20028 39206 48534 55002 700// 333 60005 90710 91106=
07591,2009-11-23 17:00:00,7.6,,0.5,68,2.1,,3.704,7.408,,350,,,0,,,,,,,0,og-post,,,,AAXX 23174 07591 24/// /3502 10076 20021 39208 48532 53005 700// 333 60005 90710 91104=
07591,2009-11-23 18:00:00,7.3,,1.1,72,2.6,,3.704,11.112,,10,1.2,13.3,0,0,,,,,,0,og-post,,,,AAXX 23184 07591 04/// /0102 10073 20026 39215 48537 53011 60002 700// 333 10133 20012 60007 90710 91106 555 60005=
07591,2009-11-23 19:00:00,6.9,,1,74,2.6,,11.112,18.52,,20,,,0,,,,,,,0,og-post,,,,AAXX 23194 07591 24/// /0206 10069 20026 39216 48537 51010 700// 333 60005 90710 91110=
07591,2009-11-23 20:00:00,5.4,,0.8,81,2.4,,7.408,14.816,,350,,,0,,,,,,,0,og-post,,,,AAXX 23204 07591 24/// /3504 10054 20024 39216 48534 51008 700// 333 60005 90710 91108=
07591,2009-11-23 21:00:00,5.1,,0.1,79,1.8,,7.408,14.816,,50,,,0,0,,,,,,0,og-post,,,,AAXX 23214 07591 24/// /0504 10051 20018 39216 48533 51001 700// 333 60007 90710 91108 555 60005=
07591,2009-11-23 22:00:00,4.1,,-0,82,1.3,,,11.112,,,,,0,,,,,,,0,og-post,,,,AAXX 23224 07591 24/// /0000 10041 20013 39216 48530 54000 700// 333 60005 90710 91106=
07591,2009-11-23 23:00:00,3.6,,-0,85,1.3,,7.408,11.112,,30,,,0,,,,,,,0,og-post,,,,AAXX 23234 07591 24/// /0304 10036 20013 39216 48529 54000 700// 333 60005 90710 91106=
07591,2009-11-24 00:00:00,3,,-0.1,86,0.9,,3.704,11.112,,310,,,0,0,,,,,,0,og-post,,,,AAXX 24004 07591 04/// /3102 10030 20009 39215 48527 58001 60001 700// 333 60007 90710 91106 555 60005=
07591,2009-11-24 01:00:00,2.8,,-0.4,86,0.7,,7.408,14.816,,50,,,0,,,,,,,0,og-post,,,,AAXX 24014 07591 24/// /0504 10028 20007 39212 48524 58004 700// 333 60005 90710 91108=
07591,2009-11-24 02:00:00,2.9,,-0.4,86,0.8,,7.408,14.816,,30,,,0,,,,,,,0,og-post,,,,AAXX 24024 07591 24/// /0304 10029 20008 39212 48524 56004 700// 333 60005 90710 91108=
07591,2009-11-24 03:00:00,3.4,,-0.3,84,1,,7.408,18.52,,50,,,0,0,,,,,,0,og-post,,,,AAXX 24034 07591 24/// /0504 10034 20010 39212 48525 56003 700// 333 60007 90710 91110 555 60005=
07591,2009-11-24 04:00:00,3.5,,-0.4,84,1.1,,11.112,22.224,,40,,,0,,,,,,,0,og-post,,,,AAXX 24044 07591 24/// /0406 10035 20011 39208 48522 58004 700// 333 60005 90710 91112=
07591,2009-11-24 05:00:00,3.6,,-0.3,81,0.7,,14.816,25.928,,30,,,0,,,,,,,0,og-post,,,,AAXX 24054 07591 24/// /0308 10036 20007 39209 48523 55003 700// 333 60005 90710 91114=
07591,2009-11-24 06:00:00,3.2,,-0.1,84,0.8,,11.112,22.224,,20,2.5,7.3,0,0,,,0,7.3,-0,0,og-post,,,,AAXX 24064 07591 04/// /0206 10032 20008 39211 48524 55001 60002 700// 333 10073 20025 3/100 55073 60007 70000 90710 91112 555 60005=
07591,2009-11-24 07:00:00,2.7,,0.6,85,0.4,,14.816,22.224,,40,,,0,,,,,,,0,og-post,,,,AAXX 24074 07591 24/// /0408 10027 20004 39214 48525 53006 700// 333 60005 90710 91112=
07591,2009-11-24 08:00:00,2.8,,1.1,84,0.4,,7.408,22.224,,70,,,0,,,,,,,0,og-post,,,,AAXX 24084 07591 24/// /0704 10028 20004 39220 48531 53011 700// 333 60005 90710 91112=
07591,2009-11-24 09:00:00,5.9,,0.9,76,2,,11.112,22.224,,40,,,0,0,,,,,,0,og-post,,,,AAXX 24094 07591 24/// /0406 10059 20020 39220 48538 51009 700// 333 60007 90710 91112 555 60005=
07591,2009-11-24 10:00:00,8.7,,1,65,2.5,,3.704,22.224,,100,,,0,,,,,,,0,og-post,,,,AAXX 24104 07591 24/// /1002 10087 20025 39224 48549 51010 700// 333 60005 90710 91112=
07591,2009-11-24 11:00:00,11.2,,0,60,3.7,,,7.408,,,,,0,,,,,,,0,og-post,,,,AAXX 24114 07591 24/// /0000 10112 20037 39220 48551 50000 700// 333 60005 90710 91104=
07591,2009-11-24 12:00:00,13,,-0.4,54,3.9,,3.704,11.112,,200,,,0,0,,,,,,0,og-post,,,,AAXX 24124 07591 04/// /2002 10130 20039 39216 48552 58004 60001 700// 333 60007 90710 91106 555 60005=
07591,2009-11-24 13:00:00,13.9,,-1.1,55,5,,7.408,11.112,,190,,,0,,,,,,,0,og-post,,,,AAXX 24134 07591 24/// /1904 10139 20050 39213 48551 56011 700// 333 60005 90710 91106=
07591,2009-11-24 15:00:00,13.4,,-0.2,59,5.6,,3.704,14.816,,170,,,0,0,,,,,,0,og-post,,,,AAXX 24154 07591 24/// /1702 10134 20056 39214 48551 55002 700// 333 60007 90710 91108 555 60005=
07591,2009-11-24 16:00:00,10.1,,0.1,72,5.3,,3.704,7.408,,20,,,0,,,,,,,0,og-post,,,,AAXX 24164 07591 24/// /0202 10101 20053 39214 48543 53001 700// 333 60005 90710 91104=
07591,2009-11-24 17:00:00,7.7,,0.8,79,4.3,,3.704,7.408,,10,,,0,,,,,,,0,og-post,,,,AAXX 24174 07591 24/// /0102 10077 20043 39219 48542 53008 700// 333 60005 90710 91104=
07591,2009-11-24 18:00:00,7.7,,0.8,75,3.6,,14.816,18.52,,30,2.7,14.4,0,0,,,,,,0,og-post,,,,AAXX 24184 07591 04/// /0308 10077 20036 39222 48545 53008 60002 700// 333 10144 20027 60007 90710 91110 555 60005=
07591,2009-11-24 19:00:00,7.7,,0.6,73,3.2,,14.816,29.632,,40,,,0,,,,,,,0,og-post,,,,AAXX 24194 07591 24/// /0408 10077 20032 39220 48543 50006 700// 333 60005 90710 91116=
07591,2009-11-24 20:00:00,9.1,,0.1,64,2.7,,18.52,35.188,,20,,,0,,,,,,,0,og-post,,,,AAXX 24204 07591 24/// /0210 10091 20027 39220 48546 51001 700// 333 60005 90710 91119=
07591,2009-11-24 21:00:00,8.5,,-0.6,64,2.1,,25.928,38.892,,10,,,0,0,,,,,,0,og-post,,,,AAXX 24214 07591 24/// /0114 10085 20021 39216 48541 58006 700// 333 60007 90710 91121 555 60005=
07591,2009-11-24 22:00:00,7.2,,0.1,68,1.7,,11.112,35.188,,40,,,0,,,,,,,0,og-post,,,,AAXX 24224 07591 24/// /0406 10072 20017 39221 48542 53001 700// 333 60005 90710 91119=
07591,2009-11-24 23:00:00,6,,-0.3,71,1.2,,11.112,29.632,,40,,,0,,,,,,,0,og-post,,,,AAXX 24234 07591 24/// /0406 10060 20012 39217 48536 57003 700// 333 60005 90710 91116=
07591,2009-11-25 00:00:00,6.3,,-0.2,67,0.6,,11.112,31.484,,30,,,0,0,,,,,,0,og-post,,,,AAXX 25004 07591 04/// /0306 10063 20006 39214 48534 58002 60001 700// 333 60007 90710 91117 555 60005=
07591,2009-11-25 01:00:00,6.2,,-1.2,65,0.1,,18.52,29.632,,20,,,0,,,,,,,0,og-post,,,,AAXX 25014 07591 24/// /0210 10062 20001 39209 48529 58012 700// 333 60005 90710 91116=
07591,2009-11-25 02:00:00,4.6,,-0.8,68,-0.8,,11.112,35.188,,40,,,0,,,,,,,0,og-post,,,,AAXX 25024 07591 24/// /0406 10046 21008 39209 48525 56008 700// 333 60005 90710 91119=
07591,2009-11-25 03:00:00,4.9,,-0.9,64,-1.3,,14.816,31.484,,40,,,0,0,,,,,,0,og-post,,,,AAXX 25034 07591 24/// /0408 10049 21013 39205 48522 56009 700// 333 60007 90710 91117 555 60005=
07591,2009-11-25 04:00:00,4.6,,-0.6,62,-2,,18.52,29.632,,30,,,0,,,,,,,0,og-post,,,,AAXX 25044 07591 24/// /0310 10046 21020 39203 48520 58006 700// 333 60005 90710 91116=
07591,2009-11-25 05:00:00,4.2,,-1.1,61,-2.6,,22.224,31.484,,40,,,0,,,,,,,0,og-post,,,,AAXX 25054 07591 24/// /0412 10042 21026 39198 48515 58011 700// 333 60005 90710 91117=
07591,2009-11-25 06:00:00,3.8,,-0.2,60,-3.2,,14.816,35.188,,30,3.6,9.3,0,0,,,0,7.3,1,0,og-post,,,,AAXX 25064 07591 04/// /0308 10038 21032 39203 48518 55002 60002 700// 333 10093 20036 3/001 55073 60007 70000 90710 91119 555 60005=
07591,2009-11-25 07:00:00,3.2,,0.5,62,-3.4,,14.816,25.928,,20,,,0,,,,,,,0,og-post,,,,AAXX 25074 07591 24/// /0208 10032 21034 39208 48521 53005 700// 333 60005 90710 91114=
07591,2009-11-25 08:00:00,2.8,,1,63,-3.5,,18.52,25.928,,40,,,0,,,,,,,0,og-post,,,,AAXX 25084 07591 24/// /0410 10028 21035 39208 48520 51010 700// 333 60005 90710 91114=
07591,2009-11-25 09:00:00,6.4,,0.6,52,-2.7,,11.112,25.928,,40,,,0,0,,,,,,0,og-post,,,,AAXX 25094 07591 24/// /0406 10064 21027 39209 48529 51006 700// 333 60007 90710 91114 555 60005=
07591,2009-11-25 10:00:00,8.9,,-0.1,43,-3,,11.112,22.224,,70,,,0,,,,,,,0,og-post,,,,AAXX 25104 07591 24/// /0706 10089 21030 39207 48533 58001 700// 333 60005 90710 91112=
07591,2009-11-25 11:00:00,11.1,,-1.4,39,-2.3,,7.408,18.52,,30,,,0,,,,,,,0,og-post,,,,AAXX 25114 07591 24/// /0304 10111 21023 39194 48527 58014 700// 333 60005 90710 91110=
07591,2009-11-25 12:00:00,13.2,,-2.7,35,-1.9,,3.704,11.112,,90,,,0,0,,,,,,0,og-post,,,,AAXX 25124 07591 04/// /0902 10132 21019 39182 48521 58027 60001 700// 333 60007 90710 91106 555 60005=
07591,2009-11-25 13:00:00,15.7,,-3.3,29,-2.3,,7.408,14.816,,210,,,0,,,,,,,0,og-post,,,,AAXX 25134 07591 24/// /2104 10157 21023 39174 48519 56033 700// 333 60005 90710 91108=
07591,2009-11-25 14:00:00,16.5,,-2.6,30,-1.1,,3.704,11.112,,220,,,0,,,,,,,0,og-post,,,,AAXX 25144 07591 24/// /2202 10165 21011 39168 48516 56026 700// 333 60005 90710 91106=
07591,2009-11-25 15:00:00,13.6,,-1.6,34,-1.9,,3.704,11.112,,230,,,0,0,,,,,,0,og-post,,,,AAXX 25154 07591 24/// /2302 10136 21019 39166 48507 56016 700// 333 60007 90710 91106 555 60005=
07591,2009-11-25 16:00:00,11.1,,-0.7,42,-1.3,,3.704,14.816,,250,,,0,,,,,,,0,og-post,,,,AAXX 25164 07591 24/// /2502 10111 21013 39167 48503 55007 700// 333 60005 90710 91108=
07591,2009-11-25 17:00:00,9.3,,0.3,54,0.5,,3.704,18.52,,200,,,0,,,,,,,0,og-post,,,,AAXX 25174 07591 24/// /2002 10093 20005 39171 48503 53003 700// 333 60005 90710 91110=
07591,2009-11-25 18:00:00,8.1,,0.9,57,0.1,,7.408,18.52,,210,2.2,16.5,0,0,,,,,,0,og-post,,,,AAXX 25184 07591 04/// /2104 10081 20001 39175 48504 53009 60002 700// 333 10165 20022 60007 90710 91110 555 60005=
07591,2009-11-25 19:00:00,8,,1.1,63,1.4,,3.704,14.816,,150,,,0,,,,,,,0,og-post,,,,AAXX 25194 07591 24/// /1502 10080 20014 39178 48506 51011 700// 333 60005 90710 91108=
07591,2009-11-25 20:00:00,7.6,,0.6,74,3.3,,,14.816,,,,,0,,,,,,,0,og-post,,,,AAXX 25204 07591 24/// /0000 10076 20033 39177 48505 50006 700// 333 60005 90710 91108=
07591,2009-11-25 21:00:00,7,,0.5,79,3.6,,,7.408,,,,,0,0,,,,,,0,og-post,,,,AAXX 25214 07591 24/// /0000 10070 20036 39180 48506 52005 700// 333 60007 90710 91104 555 60005=
07591,2009-11-25 22:00:00,7.1,,0.3,82,4.2,,7.408,11.112,,220,,,0,,,,,,,0,og-post,,,,AAXX 25224 07591 24/// /2204 10071 20042 39181 48507 53003 700// 333 60005 90710 91106=
07591,2009-11-25 23:00:00,8.3,,0.7,80,5.1,,11.112,25.928,,190,,,0,,,,,,,0,og-post,,,,AAXX 25234 07591 24/// /1906 10083 20051 39184 48513 52007 700// 333 60005 90710 91114=
07591,2009-11-26 00:00:00,7.9,,0.2,80,4.7,,7.408,31.484,,290,,,0,0,,,,,,0,og-post,,,,AAXX 26004 07591 04/// /2904 10079 20047 39182 48510 50002 60001 700// 333 60007 90710 91117 555 60005=
07591,2009-11-26 01:00:00,7.3,,0,82,4.4,,3.704,11.112,,240,,,0,,,,,,,0,og-post,,,,AAXX 26014 07591 24/// /2402 10073 20044 39181 48508 50000 700// 333 60005 90710 91106=
07591,2009-11-26 02:00:00,7.2,,-0.5,81,4.2,,7.408,11.112,,230,,,0,,,,,,,0,og-post,,,,AAXX 26024 07591 24/// /2304 10072 20042 39179 48506 57005 700// 333 60005 90710 91106=
07591,2009-11-26 03:00:00,6.1,,-1,86,3.9,,3.704,7.408,,250,,,0,0,,,,,,0,og-post,,,,AAXX 26034 07591 24/// /2502 10061 20039 39172 48497 58010 700// 333 60007 90710 91104 555 60005=
07591,2009-11-26 04:00:00,5.6,,-1,90,4.1,,3.704,3.704,,270,,,0,,,,,,,0,og-post,,,,AAXX 26044 07591 24/// /2702 10056 20041 39171 48495 56010 700// 333 60005 90710 91102=
07591,2009-11-26 05:00:00,5.1,,-0.9,89,3.4,,3.704,14.816,,30,,,0,,,,,,,0,og-post,,,,AAXX 26054 07591 24/// /0302 10051 20034 39170 48493 56009 700// 333 60005 90710 91108=
07591,2009-11-26 06:00:00,3.9,,0.2,91,2.6,,3.704,7.408,,360,3.9,8.4,0,0,,,0,6.8,1,0,og-post,,,,AAXX 26064 07591 04/// /3602 10039 20026 39174 48494 53002 60002 700// 333 10084 20039 3/001 55068 60007 70000 90710 91104 555 60005=
07591,2009-11-26 07:00:00,4.1,,0.7,90,2.6,,3.704,7.408,,10,,,0,,,,,,,0,og-post,,,,AAXX 26074 07591 24/// /0102 10041 20026 39178 48498 53007 700// 333 60005 90710 91104=
07591,2009-11-26 08:00:00,4.5,,1.2,88,2.7,,3.704,11.112,,340,,,0,,,,,,,0,og-post,,,,AAXX 26084 07591 24/// /3402 10045 20027 39182 48502 52012 700// 333 60005 90710 91106=
07591,2009-11-26 09:00:00,6.7,,0.6,75,2.6,,11.112,18.52,,30,,,0,0,,,,,,0,og-post,,,,AAXX 26094 07591 24/// /0306 10067 20026 39180 48505 50006 700// 333 60007 90710 91110 555 60005=
07591,2009-11-26 10:00:00,10,,0.4,65,3.7,,3.704,14.816,,250,,,0,,,,,,,0,og-post,,,,AAXX 26104 07591 24/// /2502 10100 20037 39182 48514 51004 700// 333 60005 90710 91108=
07591,2009-11-26 11:00:00,11.8,,-0.5,61,4.5,,14.816,22.224,,200,,,0,,,,,,,0,og-post,,,,AAXX 26114 07591 24/// /2008 10118 20045 39177 48514 58005 700// 333 60005 90710 91112=
07591,2009-11-26 12:00:00,13.6,,-1.2,60,6,,14.816,29.632,,190,,,0,0,,,,,,0,og-post,,,,AAXX 26124 07591 04/// /1908 10136 20060 39168 48510 58012 60001 700// 333 60007 90710 91116 555 60005=
07591,2009-11-26 13:00:00,13.3,,-2.1,59,5.5,,14.816,29.632,,210,,,0,,,,,,,0,og-post,,,,AAXX 26134 07591 24/// /2108 10133 20055 39161 48503 58021 700// 333 60005 90710 91116=
07591,2009-11-26 14:00:00,12.7,,-1.9,60,5.1,,11.112,31.484,,170,,,0,,,,,,,0,og-post,,,,AAXX 26144 07591 24/// /1706 10127 20051 39158 48499 56019 700// 333 60005 90710 91117=
07591,2009-11-26 15:00:00,12.5,,-1.5,59,4.7,,7.408,25.928,,180,,,0,0,,,,,,0,og-post,,,,AAXX 26154 07591 24/// /1804 10125 20047 39153 48494 56015 700// 333 60007 90710 91114 555 60005=
07591,2009-11-26 16:00:00,9.9,,-0.8,64,3.4,,3.704,18.52,,260,,,0,,,,,,,0,og-post,,,,AAXX 26164 07591 24/// /2602 10099 20034 39153 48488 56008 700// 333 60005 90710 91110=
07591,2009-11-26 17:00:00,7.3,,-0.3,72,2.6,,3.704,7.408,,270,,,0,,,,,,,0,og-post,,,,AAXX 26174 07591 24/// /2702 10073 20026 39155 48484 55003 700// 333 60005 90710 91104=
07591,2009-11-26 18:00:00,6.7,,0.5,63,0.2,,3.704,11.112,,230,3.9,13.7,0,0,,,,,,0,og-post,,,,AAXX 26184 07591 04/// /2302 10067 20002 39158 48485 53005 60002 700// 333 10137 20039 60007 90710 91106 555 60005=
07591,2009-11-26 19:00:00,6.2,,0.8,66,0.3,,3.704,11.112,,260,,,0,,,,,,,0,og-post,,,,AAXX 26194 07591 24/// /2602 10062 20003 39161 48487 53008 700// 333 60005 90710 91106=
07591,2009-11-26 20:00:00,5.5,,0.8,72,0.9,,3.704,7.408,,230,,,0,,,,,,,0,og-post,,,,AAXX 26204 07591 24/// /2302 10055 20009 39163 48487 51008 700// 333 60005 90710 91104=
07591,2009-11-26 21:00:00,5.2,,0.7,75,1.1,,3.704,11.112,,180,,,0,0,,,,,,0,og-post,,,,AAXX 26214 07591 24/// /1802 10052 20011 39165 48488 51007 700// 333 60007 90710 91106 555 60005=
07591,2009-11-26 22:00:00,4.4,,0.4,79,1.1,,3.704,11.112,,210,,,0,,,,,,,0,og-post,,,,AAXX 26224 07591 24/// /2102 10044 20011 39165 48487 51004 700// 333 60005 90710 91106=
07591,2009-11-26 23:00:00,2.9,,0.3,88,1.1,,3.704,3.704,,360,,,0,,,,,,,0,og-post,,,,AAXX 26234 07591 24/// /3602 10029 20011 39166 48484 51003 700// 333 60005 90710 91102=
07591,2009-11-27 00:00:00,2.9,,0,87,1,,3.704,7.408,,170,,,0,0,,,,,,0,og-post,,,,AAXX 27004 07591 04/// /1702 10029 20010 39165 48483 50000 60001 700// 333 60007 90710 91104 555 60005=
07591,2009-11-27 01:00:00,2.1,,-0.3,91,0.8,,7.408,14.816,,20,,,0,,,,,,,0,og-post,,,,AAXX 27014 07591 24/// /0204 10021 20008 39162 48479 58003 700// 333 60005 90710 91108=
07591,2009-11-27 02:00:00,1.9,,0.2,88,0.1,,3.704,11.112,,210,,,0,,,,,,,0,og-post,,,,AAXX 27024 07591 24/// /2102 10019 20001 39168 48484 53002 700// 333 60005 90710 91106=
07591,2009-11-27 03:00:00,1.5,,-0.4,92,0.3,,11.112,18.52,,50,,,0,0,,,,,,0,og-post,,,,AAXX 27034 07591 24/// /0506 10015 20003 39161 48477 58004 700// 333 60007 90710 91110 555 60005=
07591,2009-11-27 04:00:00,1.8,,-0.6,90,0.3,,7.408,14.816,,40,,,0,,,,,,,0,og-post,,,,AAXX 27044 07591 24/// /0404 10018 20003 39156 48473 58006 700// 333 60005 90710 91108=
07591,2009-11-27 05:00:00,1.5,,-1.4,90,0,,7.408,11.112,,40,,,0,,,,,,,0,og-post,,,,AAXX 27054 07591 24/// /0404 10015 20000 39154 48471 56014 700// 333 60005 90710 91106=
07591,2009-11-27 06:00:00,1.2,,-0.8,91,-0.1,,11.112,18.52,,30,1,6.7,0,0,,,0,6.2,-3,0,og-post,,,,AAXX 27064 07591 04/// /0306 10012 21001 39153 48469 56008 60002 700// 333 10067 20010 3/103 55062 60007 70000 90710 91110 555 60005=
07591,2009-11-27 07:00:00,0.9,,-0.3,90,-0.5,,3.704,14.816,,360,,,0,,,,,,,0,og-post,,,,AAXX 27074 07591 24/// /3602 10009 21005 39153 48468 56003 700// 333 60005 90710 91108=
07591,2009-11-27 08:00:00,0.6,,0.1,89,-1,,7.408,14.816,,40,,,0,,,,,,,0,og-post,,,,AAXX 27084 07591 24/// /0404 10006 21010 39155 48469 53001 700// 333 60005 90710 91108=
07591,2009-11-27 09:00:00,3.4,,0.4,81,0.5,,7.408,14.816,,80,,,0,0,,,,,,0,og-post,,,,AAXX 27094 07591 24/// /0804 10034 20005 39157 48477 53004 700// 333 60007 90710 91108 555 60005=
07591,2009-11-27 10:00:00,4.2,,0.5,76,0.4,,7.408,11.112,,70,,,0,,,,,,,0,og-post,,,,AAXX 27104 07591 24/// /0704 10042 20004 39158 48480 51005 700// 333 60005 90710 91106=
07591,2009-11-27 11:00:00,5.2,,-0.5,73,0.8,,3.704,7.408,,220,,,0,,,,,,,0,og-post,,,,AAXX 27114 07591 24/// /2202 10052 20008 39150 48475 58005 700// 333 60005 90710 91104=
07591,2009-11-27 12:00:00,6.3,,-1.4,74,2,,7.408,14.816,,190,,,0,0,,,,,,0,og-post,,,,AAXX 27124 07591 04/// /1904 10063 20020 39143 48471 58014 60001 700// 333 60007 90710 91108 555 60005=
07591,2009-11-27 13:00:00,8.3,,-2.3,71,3.4,,7.408,18.52,,180,,,0,,,,,,,0,og-post,,,,AAXX 27134 07591 24/// /1804 10083 20034 39135 48469 57023 700// 333 60005 90710 91110=
07591,2009-11-27 14:00:00,10,,-2.1,55,1.4,,7.408,18.52,,190,,,0,,,,,,,0,og-post,,,,AAXX 27144 07591 24/// /1904 10100 20014 39129 48467 56021 700// 333 60005 90710 91110=
07591,2009-11-27 15:00:00,9,,-1.5,56,0.7,,7.408,14.816,,170,,,0,0,,,,,,0,og-post,,,,AAXX 27154 07591 24/// /1704 10090 20007 39128 48464 56015 700// 333 60007 90710 91108 555 60005=
07591,2009-11-27 16:00:00,7.3,,-0.6,64,1,,,11.112,,,,,0,,,,,,,0,og-post,,,,AAXX 27164 07591 24/// /0000 10073 20010 39129 48461 55006 700// 333 60005 90710 91106=
07591,2009-11-27 17:00:00,6.3,,0.3,65,0.2,,3.704,7.408,,270,,,0,,,,,,,0,og-post,,,,AAXX 27174 07591 24/// /2702 10063 20002 39132 48462 53003 700// 333 60005 90710 91104=
07591,2009-11-27 18:00:00,5.5,,0.5,68,0.1,,,11.112,,,0.4,10,0,0,,,,,,0,og-post,,,,AAXX 27184 07591 04/// /0000 10055 20001 39133 48461 52005 60002 700// 333 10100 20004 60007 90710 91106 555 60005=
07591,2009-11-27 19:00:00,4.8,,0.6,71,0,,3.704,7.408,,270,,,0,,,,,,,0,og-post,,,,AAXX 27194 07591 24/// /2702 10048 20000 39135 48461 51006 700// 333 60005 90710 91104=
07591,2009-11-27 20:00:00,5.1,,0.5,71,0.3,,,11.112,,,,,0,,,,,,,0,og-post,,,,AAXX 27204 07591 24/// /0000 10051 20003 39137 48463 53005 700// 333 60005 90710 91106=
07591,2009-11-27 21:00:00,4.6,,0.7,72,0,,3.704,7.408,,210,,,0,0,,,,,,0,og-post,,,,AAXX 27214 07591 24/// /2102 10046 20000 39140 48465 53007 700// 333 60007 90710 91104 555 60005=
07591,2009-11-27 22:00:00,4.4,,0.7,80,1.3,,3.704,7.408,,270,,,0,,,,,,,0,og-post,,,,AAXX 27224 07591 24/// /2702 10044 20013 39142 48466 52007 700// 333 60005 90710 91104=
07591,2009-11-27 23:00:00,3.7,,0.6,81,0.7,,3.704,7.408,,290,,,0,,,,,,,0,og-post,,,,AAXX 27234 07591 24/// /2902 10037 20007 39143 48466 51006 700// 333 60005 90710 91104=
07591,2009-11-28 00:00:00,4.3,,0.5,82,1.5,,3.704,7.408,,250,,,0,0,,,,,,0,og-post,,,,AAXX 28004 07591 04/// /2502 10043 20015 39145 48469 52005 60001 700// 333 60007 90710 91104 555 60005=
07591,2009-11-28 01:00:00,4.3,,0.4,82,1.5,,3.704,7.408,,210,,,0,,,,,,,0,og-post,,,,AAXX 28014 07591 24/// /2102 10043 20015 39146 48470 52004 700// 333 60005 90710 91104=
07591,2009-11-28 02:00:00,4.1,,0.1,81,1.1,,,7.408,,,,,0,,,,,,,0,og-post,,,,AAXX 28024 07591 24/// /0000 10041 20011 39144 48468 50001 700// 333 60005 90710 91104=
07591,2009-11-28 03:00:00,2,,-0.3,88,0.2,,3.704,11.112,,30,,,0,0,,,,,,0,og-post,,,,AAXX 28034 07591 24/// /0302 10020 20002 39142 48461 58003 700// 333 60007 90710 91106 555 60005=
07591,2009-11-28 04:00:00,1,,-0.1,90,-0.5,,,3.704,,,,,0,,,,,,,0,og-post,,,,AAXX 28044 07591 24/// /0000 10010 21005 39145 48462 55001 700// 333 60005 90710 91102=
07591,2009-11-28 05:00:00,0.3,,0.4,92,-0.8,,7.408,11.112,,40,,,0,,,,,,,0,og-post,,,,AAXX 28054 07591 24/// /0404 10003 21008 39148 48463 53004 700// 333 60005 90710 91106=
07591,2009-11-28 06:00:00,-0.3,,1,93,-1.3,,3.704,11.112,,30,-0.5,5.5,0,0,,,0,2.4,-4,0,og-post,,,,AAXX 28064 07591 04/// /0302 11003 21013 39152 48465 53010 60002 700// 333 10055 21005 3/104 55024 60007 70000 90710 91106 555 60005=
07591,2009-11-28 07:00:00,-0.5,,1.2,92,-1.6,,3.704,11.112,,320,,,0,,,,,,,0,og-post,,,,AAXX 28074 07591 24/// /3202 11005 21016 39157 48469 53012 700// 333 60005 90710 91106=
07591,2009-11-28 08:00:00,-0.7,,1.4,93,-1.7,,,7.408,,,,,0,,,,,,,0,og-post,,,,AAXX 28084 07591 24/// /0000 11007 21017 39162 48473 53014 700// 333 60005 90710 91104=
07591,2009-11-28 09:00:00,2.6,,1.5,82,-0.2,,,7.408,,,,,0,0,,,,,,0,og-post,,,,AAXX 28094 07591 24/// /0000 10026 21002 39167 48484 52015 700// 333 60007 90710 91104 555 60005=
07591,2009-11-28 10:00:00,5.8,,1,69,0.6,,3.704,11.112,,170,,,0,,,,,,,0,og-post,,,,AAXX 28104 07591 24/// /1702 10058 20006 39167 48491 51010 700// 333 60005 90710 91106=
07591,2009-11-28 11:00:00,7,,-0.7,61,0,,3.704,11.112,,60,,,0,,,,,,,0,og-post,,,,AAXX 28114 07591 24/// /0602 10070 20000 39155 48483 58007 700// 333 60005 90710 91106=
07591,2009-11-28 12:00:00,8.7,,-1.5,57,0.7,,11.112,14.816,,210,,,0,0,,,,,,0,og-post,,,,AAXX 28124 07591 04/// /2106 10087 20007 39152 48484 58015 60001 700// 333 60007 90710 91108 555 60005=
07591,2009-11-28 13:00:00,10.2,,-1.8,48,-0.3,,11.112,22.224,,180,,,0,,,,,,,0,og-post,,,,AAXX 28134 07591 24/// /1806 10102 21003 39149 48485 56018 700// 333 60005 90710 91112=
07591,2009-11-28 14:00:00,10.9,,-1.4,43,-1.2,,7.408,25.928,,160,,,0,,,,,,,0,og-post,,,,AAXX 28144 07591 24/// /1604 10109 21012 39141 48479 58014 700// 333 60005 90710 91114=
07591,2009-11-28 15:00:00,9.3,,-1,48,-1.1,,7.408,18.52,,200,,,0,0,,,,,,0,og-post,,,,AAXX 28154 07591 24/// /2004 10093 21011 39142 48477 55010 700// 333 60007 90710 91110 555 60005=
07591,2009-11-28 16:00:00,6.5,,-0.9,55,-1.9,,3.704,14.816,,280,,,0,,,,,,,0,og-post,,,,AAXX 28164 07591 24/// /2802 10065 21019 39140 48469 56009 700// 333 60005 90710 91108=
07591,2009-11-28 17:00:00,5,,-0,50,-4.5,,3.704,7.408,,220,,,0,,,,,,,0,og-post,,,,AAXX 28174 07591 24/// /2202 10050 21045 39141 48466 54000 700// 333 60005 90710 91104=
07591,2009-11-28 18:00:00,3.3,,0.1,63,-3.1,,,3.704,,,-0.8,11.2,0,0,,,,,,0,og-post,,,,AAXX 28184 07591 04/// /0000 10033 21031 39143 48465 53001 60002 700// 333 10112 21008 60007 90710 91102 555 60005=
07591,2009-11-28 19:00:00,2.9,,0.2,64,-3.2,,3.704,11.112,,350,,,0,,,,,,,0,og-post,,,,AAXX 28194 07591 24/// /3502 10029 21032 39142 48463 50002 700// 333 60005 90710 91106=
07591,2009-11-28 20:00:00,3.4,,0,58,-4.1,,3.704,14.816,,40,,,0,,,,,,,0,og-post,,,,AAXX 28204 07591 24/// /0402 10034 21041 39141 48463 50000 700// 333 60005 90710 91108=
07591,2009-11-28 21:00:00,2.5,,-0.5,62,-4,,7.408,14.816,,40,,,0,0,,,,,,0,og-post,,,,AAXX 28214 07591 24/// /0404 10025 21040 39138 48458 58005 700// 333 60007 90710 91108 555 60005=
07591,2009-11-28 22:00:00,2.1,,-0.3,64,-4,,3.704,11.112,,240,,,0,,,,,,,0,og-post,,,,AAXX 28224 07591 24/// /2402 10021 21040 39139 48458 55003 700// 333 60005 90710 91106=
07591,2009-11-28 23:00:00,1.5,,0.4,70,-3.4,,3.704,11.112,,320,,,0,,,,,,,0,og-post,,,,AAXX 28234 07591 24/// /3202 10015 21034 39145 48462 53004 700// 333 60005 90710 91106=
07591,2009-11-29 00:00:00,2.5,,0.2,69,-2.6,,3.704,18.52,,40,,,0,0,,,,,,0,og-post,,,,AAXX 29004 07591 04/// /0402 10025 21026 39140 48460 50002 60001 700// 333 60007 90710 91110 555 60005=
07591,2009-11-29 01:00:00,3.1,,-0.5,66,-2.6,,7.408,14.816,,60,,,0,,,,,,,0,og-post,,,,AAXX 29014 07591 24/// /0604 10031 21026 39134 48456 58005 700// 333 60005 90710 91108=
07591,2009-11-29 02:00:00,3.9,,-2.3,64,-2.3,,3.704,14.816,,10,,,0,,,,,,,0,og-post,,,,AAXX 29024 07591 24/// /0102 10039 21023 39122 48447 58023 700// 333 60005 90710 91108=
07591,2009-11-29 03:00:00,3.2,,-2.5,69,-1.9,,3.704,11.112,,90,,,0,0,,,,,,0,og-post,,,,AAXX 29034 07591 24/// /0902 10032 21019 39115 48440 58025 700// 333 60007 90710 91106 555 60005=
07591,2009-11-29 04:00:00,4,,-2.6,64,-2.2,,7.408,11.112,,170,,,0,,,,,,,0,og-post,,,,AAXX 29044 07591 24/// /1704 10040 21022 39108 48435 56026 700// 333 60005 90710 91106=
07591,2009-11-29 05:00:00,5.3,,-1.4,76,1.4,,3.704,11.112,,270,,,0,,,,,,,21,og-post,,,,AAXX 29054 07591 24/// /2702 10053 20014 39108 48438 56014 721// 333 60005 90710 91106=
07591,2009-11-29 06:00:00,5.4,,-1.2,76,1.5,,3.704,14.816,,190,1,5.8,0,0,,,0,6.8,-1,21,og-post,,,,AAXX 29064 07591 04/// /1902 10054 20015 39103 48434 56012 60002 721// 333 10058 20010 3/101 55068 60007 70000 90710 91108 555 60005=
07591,2009-11-29 07:00:00,4.8,,-0.7,82,2,,3.704,11.112,,30,,,0,,,,,,,0,og-post,,,,AAXX 29074 07591 24/// /0302 10048 20020 39101 48431 58007 700// 333 60005 90710 91106=
07591,2009-11-29 08:00:00,5.1,,-1,81,2.1,,3.704,11.112,,240,,,0,,,,,,,0,og-post,,,,AAXX 29084 07591 24/// /2402 10051 20021 39098 48429 56010 700// 333 60005 90710 91106=
07591,2009-11-29 09:00:00,5.1,,-1,81,2.1,,3.704,7.408,,160,,,0,0,,,,,,0,og-post,,,,AAXX 29094 07591 24/// /1602 10051 20021 39093 48425 58010 700// 333 60007 90710 91104 555 60005=
07591,2009-11-29 10:00:00,5.8,,-0.6,79,2.4,,3.704,11.112,,30,,,0,,,,,,,0,og-post,,,,AAXX 29104 07591 24/// /0302 10058 20024 39095 48428 55006 700// 333 60005 90710 91106=
07591,2009-11-29 11:00:00,7.7,,-2.4,65,1.5,,14.816,31.484,,40,,,0,,,,,,,0,og-post,,,,AAXX 29114 07591 24/// /0408 10077 20015 39074 48413 58024 700// 333 60005 90710 91117=
07591,2009-11-29 12:00:00,8,,-3,66,2,,11.112,25.928,,240,,,0,0,,,,,,0,og-post,,,,AAXX 29124 07591 04/// /2406 10080 20020 39063 48403 58030 60001 700// 333 60007 90710 91114 555 60005=
07591,2009-11-29 13:00:00,7.8,,-3.8,71,2.9,,7.408,18.52,,200,,,0,,,,,,,60,og-post,,,,AAXX 29134 07591 24/// /2004 10078 20029 39057 48398 56038 760// 333 60005 90710 91110=
07591,2009-11-29 14:00:00,6.9,,-2.4,81,3.9,,7.408,14.816,,280,,,0,,,,,,,21,og-post,,,,AAXX 29144 07591 24/// /2804 10069 20039 39050 48390 56024 721// 333 60005 90710 91108=
07591,2009-11-29 15:00:00,6.5,,-1.7,81,3.5,,,14.816,,,,,0,0,,,,,,0,og-post,,,,AAXX 29154 07591 24/// /0000 10065 20035 39046 48386 56017 700// 333 60007 90710 91108 555 60005=
07591,2009-11-29 16:00:00,6.2,,-2,83,3.5,,7.408,14.816,,190,,,0,,,,,,,0,og-post,,,,AAXX 29164 07591 24/// /1904 10062 20035 39037 48377 58020 700// 333 60005 90710 91108=
07591,2009-11-29 17:00:00,5.7,,-1.3,90,4.2,,3.704,11.112,,310,,,0.8,,,,,,,61,og-post,,,,AAXX 29174 07591 24/// /3102 10057 20042 39037 48376 56013 761// 333 69985 90710 91106=
07591,2009-11-29 18:00:00,5.2,,-2.2,92,4,,7.408,18.52,,30,4.8,8.4,0.2,1,,1,,,,21,og-post,,,,AAXX 29184 07591 04/// /0304 10052 20040 39024 48364 58022 60012 721// 333 10084 20048 60017 90710 91110 555 69925=
07591,2009-11-29 19:00:00,5.1,,-1.7,92,3.9,,3.704,14.816,,60,,,0,,,,,,,60,og-post,,,,AAXX 29194 07591 24/// /0602 10051 20039 39020 48360 58017 760// 333 60005 90710 91108=
07591,2009-11-29 20:00:00,5.1,,-2.4,93,4.1,,7.408,18.52,,330,,,0,,,,,,,52,og-post,,,,AAXX 29204 07591 24/// /3304 10051 20041 39013 48354 56024 752// 333 60005 90710 91110=
07591,2009-11-29 21:00:00,4.7,,-2.3,94,3.8,,,18.52,,,,,0,0,,,,,,20,og-post,,,,AAXX 29214 07591 24/// /0000 10047 20038 39001 48342 58023 720// 333 60007 90710 91110 555 60005=
07591,2009-11-29 22:00:00,5,,-1.8,92,3.8,,7.408,25.928,,250,,,0.4,,,,,,,60,og-post,,,,AAXX 29224 07591 24/// /2504 10050 20038 39002 48343 55018 760// 333 69945 90710 91114=
07591,2009-11-29 23:00:00,4.8,,-2.5,94,3.9,,7.408,14.816,,30,,,1,,,,,,,61,og-post,,,,AAXX 29234 07591 24/// /0304 10048 20039 38988 48331 58025 761// 333 60015 90710 91108=
07591,2009-11-30 00:00:00,4.7,,-1.9,94,3.8,,3.704,22.224,,260,,,2,4,4,,,,,61,og-post,,,,AAXX 30004 07591 04/// /2602 10047 20038 38982 48325 58019 60041 761// 333 60047 90710 91112 555 60025=
07591,2009-11-30 01:00:00,3.7,,-2.3,93,2.7,,3.704,14.816,,320,,,4,,,,,,,61,og-post,,,,AAXX 30014 07591 24/// /3202 10037 20027 38979 48321 56023 761// 333 60045 90710 91108=
07591,2009-11-30 02:00:00,2.5,,-1.1,92,1.3,,7.408,14.816,,330,,,3,,,,,,,63,og-post,,,,AAXX 30024 07591 24/// /3304 10025 20013 38977 48317 56011 763// 333 60035 90710 91108=
07591,2009-11-30 03:00:00,1,,-1.5,94,0.1,,11.112,18.52,,20,,,3,10,,,,,,71,og-post,,,,AAXX 30034 07591 24/// /0206 10010 20001 38967 48305 58015 771// 333 60107 90710 91110 555 60035=
07591,2009-11-30 04:00:00,0.6,,-2,95,-0.1,,11.112,18.52,,40,,,1,,,,,,,70,og-post,,,,AAXX 30044 07591 24/// /0406 10006 21001 38959 48298 58020 770// 333 60015 90710 91110=
07591,2009-11-30 05:00:00,1,,-2.7,96,0.4,,11.112,18.52,,50,,,0.6,,,,,,,22,og-post,,,,AAXX 30054 07591 24/// /0506 10010 20004 38950 48290 56027 722// 333 69965 90710 91110=
07591,2009-11-30 06:00:00,1.3,,-2,96,0.7,,7.408,18.52,,50,0.6,5.6,0.4,2,,16,17.2,0,0,71,og-post,,,,AAXX 30064 07591 04/// /0504 10013 20007 38947 48288 56020 60162 771// 333 10056 20006 3/000 55000 60027 70172 90710 91110 555 69945=
07591,2009-11-30 07:00:00,1.4,,-0.6,96,0.8,,7.408,14.816,,210,,,1,,,,,,,70,og-post,,,,AAXX 30074 07591 24/// /2104 10014 20008 38953 48294 55006 770// 333 60015 90710 91108=
07591,2009-11-30 08:00:00,0.3,,1.6,96,-0.3,1500,7.408,25.928,,190,,,2,,,,,,,74,og-post,,,,AAXX 30084 07591 24/15 /1904 10003 21003 38966 48303 53016 774// 333 60025 90710 91114=
07591,2009-11-30 09:00:00,0.2,,2.2,96,-0.4,,,11.112,,,,,2,5,,,,,,75,og-post,,,,AAXX 30094 07591 24/// /0000 10002 21004 38969 48306 51022 775// 333 60057 90710 91106 555 60025=
07591,2009-11-30 10:00:00,0.3,,1.9,96,-0.3,,,3.704,,,,,2,,,,,,,75,og-post,,,,AAXX 30104 07591 24/// /0000 10003 21003 38972 48309 51019 775// 333 60025 90710 91102=
07591,2009-11-30 11:00:00,0.5,,-0.5,96,-0.1,,7.408,14.816,,40,,,0.4,,,,,,,22,og-post,,,,AAXX 30114 07591 24/// /0404 10005 21001 38961 48299 58005 722// 333 69945 90710 91108=
07591,2009-11-30 12:00:00,1.5,,-1.9,95,0.8,,11.112,31.484,,280,,,0.2,2,7,,,,,0,og-post,,,,AAXX 30124 07591 04/// /2806 10015 20008 38950 48291 58019 60071 700// 333 60027 90710 91117 555 69925=
07591,2009-11-30 13:00:00,2.2,,-1.7,94,1.3,,7.408,18.52,,170,,,0,,,,,,,0,og-post,,,,AAXX 30134 07591 24/// /1704 10022 20013 38955 48297 55017 700// 333 60005 90710 91110=
07591,2009-11-30 14:00:00,2.4,,,93,1.4,,7.408,22.224,,210,,,0,,,,,,,0,og-post,,,,AAXX 30144 07591 24/// /2104 10024 20014 3//// 48/// 700// 333 60005 90710 91112=
07591,2009-11-30 15:00:00,2.4,,,93,1.4,,11.112,22.224,,200,,,0,0,,,,,,61,og-post,,,,AAXX 30154 07591 24/// /2006 10024 20014 3//// 48/// 761// 333 60007 90710 91112 555 60005=
07591,2009-11-30 16:00:00,2,,,92,0.8,,7.408,22.224,,210,,,0.2,,,,,,,21,og-post,,,,AAXX 30164 07591 24/// /2104 10020 20008 3//// 48/// 721// 333 69925 90710 91112=
07591,2009-11-30 17:00:00,1.9,,,91,0.6,,18.52,31.484,,200,,,0,,,,,,,60,og-post,,,,AAXX 30174 07591 24/// /2010 10019 20006 3//// 48/// 760// 333 60005 90710 91117=
07591,2009-11-30 18:00:00,2,,,90,0.5,,18.52,35.188,,200,0.1,2.5,0,0.2,,7,,,,21,og-post,,,,AAXX 30184 07591 04/// /2010 10020 20005 3//// 48/// 60072 721// 333 10025 20001 69927 90710 91119 555 60005=
07591,2009-11-30 19:00:00,2.3,,,86,0.2,,7.408,29.632,,190,,,0,,,,,,,0,og-post,,,,AAXX 30194 07591 24/// /1904 10023 20002 3//// 48/// 700// 333 60005 90710 91116=
07591,2009-11-30 20:00:00,2.3,,,85,0,,3.704,22.224,,100,,,0,,,,,,,0,og-post,,,,AAXX 30204 07591 24/// /1002 10023 20000 3//// 48/// 700// 333 60005 90710 91112=
07591,2009-11-30 21:00:00,2.3,,,82,-0.4,,3.704,14.816,,220,,,0,0,,,,,,0,og-post,,,,AAXX 30214 07591 24/// /2202 10023 21004 3//// 48/// 700// 333 60007 90710 91108 555 60005=
07591,2009-11-30 22:00:00,1.9,,,86,-0.2,,3.704,7.408,,10,,,0,,,,,,,0,og-post,,,,AAXX 30224 07591 24/// /0102 10019 21002 3//// 48/// 700// 333 60005 90710 91104=
07591,2009-11-30 23:00:00,1.6,,,88,-0.2,,3.704,7.408,,360,,,0,,,,,,,0,og-post,,,,AAXX 30234 07591 24/// /3602 10016 21002 3//// 48/// 700// 333 60005 90710 91104=
07591,2009-12-01 00:00:00,1.1,,,90,-0.4,,3.704,11.112,,20,,,0,0,,,,,,0,og-post,,,,AAXX 01004 07591 04/// /0202 10011 21004 3//// 48/// 60001 700// 333 60007 90710 91106 555 60005=
07591,2009-12-01 01:00:00,0.7,,,92,-0.4,,,11.112,,,,,0,,,,,,,0,og-post,,,,AAXX 01014 07591 24/// /0000 10007 21004 3//// 48/// 700// 333 60005 90710 91106=
07591,2009-12-01 02:00:00,0.1,,,94,-0.7,,3.704,7.408,,30,,,0,,,,,,,0,og-post,,,,AAXX 01024 07591 24/// /0302 10001 21007 3//// 48/// 700// 333 60005 90710 91104=
07591,2009-12-01 03:00:00,-0.3,,,93,-1.3,,,7.408,,,,,0,0,,,,,,0,og-post,,,,AAXX 01034 07591 24/// /0000 11003 21013 3//// 48/// 700// 333 60007 90710 91104 555 60005=
07591,2009-12-01 04:00:00,-0.4,,,94,-1.2,,3.704,7.408,,170,,,0,,,,,,,0,og-post,,,,AAXX 01044 07591 24/// /1702 11004 21012 3//// 48/// 700// 333 60005 90710 91104=
07591,2009-12-01 05:00:00,-0.3,,,95,-1,,7.408,11.112,,30,,,0,,,,,,,0,og-post,,,,AAXX 01054 07591 24/// /0304 11003 21010 3//// 48/// 700// 333 60005 90710 91106=
07591,2009-12-01 06:00:00,-0.4,,,94,-1.2,,3.704,14.816,,40,-0.5,2.5,0,0,,,7.4,0.1,-3,0,og-post,,,,AAXX 01064 07591 04/// /0402 11004 21012 3//// 48/// 60002 700// 333 10025 21005 3/103 55001 60007 70074 90710 91108 555 60005=
07591,2009-12-01 07:00:00,-1,,,94,-1.8,,3.704,11.112,,180,,,0,,,,,,,0,og-post,,,,AAXX 01074 07591 24/// /1802 11010 21018 3//// 48/// 700// 333 60005 90710 91106=
07591,2009-12-01 08:00:00,-1,,,95,-1.7,,3.704,7.408,,210,,,0,,,,,,,0,og-post,,,,AAXX 01084 07591 24/// /2102 11010 21017 3//// 48/// 700// 333 60005 90710 91104=
07591,2009-12-01 09:00:00,0.3,,,93,-0.7,,3.704,7.408,,50,,,0,0,,,,,,0,og-post,,,,AAXX 01094 07591 24/// /0502 10003 21007 3//// 48/// 700// 333 60007 90710 91104 555 60005=
07591,2009-12-01 10:00:00,2.3,,,80,-0.8,,3.704,11.112,,70,,,0,,,,,,,0,og-post,,,,AAXX 01104 07591 24/// /0702 10023 21008 3//// 48/// 700// 333 60005 90710 91106=
07591,2009-12-01 11:00:00,4,,,71,-0.8,,3.704,11.112,,90,,,0,,,,,,,0,og-post,,,,AAXX 01114 07591 24/// /0902 10040 21008 3//// 48/// 700// 333 60005 90710 91106=
07591,2009-12-01 12:00:00,5.8,,,66,0,,7.408,14.816,,160,,,0,0,,,,,,0,og-post,,,,AAXX 01124 07591 04/// /1604 10058 20000 3//// 48/// 60001 700// 333 60007 90710 91108 555 60005=
07591,2009-12-01 13:00:00,6.6,,,62,-0.1,,7.408,22.224,,170,,,0,,,,,,,0,og-post,,,,AAXX 01134 07591 24/// /1704 10066 21001 3//// 48/// 700// 333 60005 90710 91112=
07591,2009-12-01 14:00:00,6.7,,,59,-0.7,,3.704,18.52,,190,,,0,,,,,,,0,og-post,,,,AAXX 01144 07591 24/// /1902 10067 21007 3//// 48/// 700// 333 60005 90710 91110=
07591,2009-12-01 15:00:00,6.3,,,58,-1.3,,3.704,11.112,,200,,,0,0,,,,,,0,og-post,,,,AAXX 01154 07591 24/// /2002 10063 21013 3//// 48/// 700// 333 60007 90710 91106 555 60005=
07591,2009-12-01 16:00:00,3.2,,,74,-1,,3.704,14.816,,70,,,0,,,,,,,0,og-post,,,,AAXX 01164 07591 24/// /0702 10032 21010 3//// 48/// 700// 333 60005 90710 91108=
07591,2009-12-01 17:00:00,1.2,,,84,-1.2,,7.408,14.816,,30,,,0,,,,,,,0,og-post,,,,AAXX 01174 07591 24/// /0304 10012 21012 3//// 48/// 700// 333 60005 90710 91108=
07591,2009-12-01 18:00:00,-0.2,,,88,-1.9,,3.704,11.112,,30,-1.3,7,0,0,,,,,,0,og-post,,,,AAXX 01184 07591 04/// /0302 11002 21019 3//// 48/// 60002 700// 333 10070 21013 60007 90710 91106 555 60005=
07591,2009-12-01 19:00:00,-0.7,,,88,-2.4,,7.408,14.816,,30,,,0,,,,,,,0,og-post,,,,AAXX 01194 07591 24/// /0304 11007 21024 3//// 48/// 700// 333 60005 90710 91108=
07591,2009-12-01 20:00:00,-1.3,,,90,-2.7,,,7.408,,,,,0,,,,,,,0,og-post,,,,AAXX 01204 07591 24/// /0000 11013 21027 3//// 48/// 700// 333 60005 90710 91104=
07591,2009-12-01 21:00:00,-1.7,,,90,-3.1,,3.704,7.408,,20,,,0,0,,,,,,0,og-post,,,,AAXX 01214 07591 24/// /0202 11017 21031 3//// 48/// 700// 333 60007 90710 91104 555 60005=
07591,2009-12-01 22:00:00,-0.5,,,75,-4.4,,18.52,25.928,,20,,,0,,,,,,,0,og-post,,,,AAXX 01224 07591 24/// /0210 11005 21044 3//// 48/// 700// 333 60005 90710 91114=
07591,2009-12-01 23:00:00,-0.7,,,71,-5.3,,18.52,29.632,,10,,,0,,,,,,,0,og-post,,,,AAXX 01234 07591 24/// /0110 11007 21053 3//// 48/// 700// 333 60005 90710 91116=
07591,2009-12-02 00:00:00,-0.6,,,68,-5.8,,14.816,31.484,,360,,,0,0,,,,,,0,og-post,,,,AAXX 02004 07591 04/// /3608 11006 21058 3//// 48/// 60001 700// 333 60007 90710 91117 555 60005=
07591,2009-12-02 01:00:00,-0.8,,,68,-5.9,,22.224,31.484,,10,,,0,,,,,,,0,og-post,,,,AAXX 02014 07591 24/// /0112 11008 21059 3//// 48/// 700// 333 60005 90710 91117=
07591,2009-12-02 02:00:00,-1.8,,,72,-6.2,,14.816,35.188,,40,,,0,,,,,,,0,og-post,,,,AAXX 02024 07591 24/// /0408 11018 21062 3//// 48/// 700// 333 60005 90710 91119=
07591,2009-12-02 03:00:00,-1.9,,,71,-6.4,,22.224,35.188,,30,,,0,0,,,,,,0,og-post,,,,AAXX 02034 07591 24/// /0312 11019 21064 3//// 48/// 700// 333 60007 90710 91119 555 60005=
07591,2009-12-02 04:00:00,-1.9,,,70,-6.6,,22.224,38.892,,20,,,0,,,,,,,0,og-post,,,,AAXX 02044 07591 24/// /0212 11019 21066 3//// 48/// 700// 333 60005 90710 91121=
07591,2009-12-02 05:00:00,-1.9,,,68,-7,,29.632,42.596,,20,,,0,,,,,,,0,og-post,,,,AAXX 02054 07591 24/// /0216 11019 21070 3//// 48/// 700// 333 60005 90710 91123=
07591,2009-12-02 06:00:00,-2.2,,,69,-7.1,,29.632,42.596,,20,-2.3,-0.2,0,0,,,0,7.2,-6,0,og-post,,,,AAXX 02064 07591 04/// /0216 11022 21071 3//// 48/// 60002 700// 333 11002 21023 3/106 55072 60007 70000 90710 91123 555 60005=
07591,2009-12-02 07:00:00,-2,,,67,-7.3,,22.224,38.892,,20,,,0,,,,,,,0,og-post,,,,AAXX 02074 07591 24/// /0212 11020 21073 3//// 48/// 700// 333 60005 90710 91121=
07591,2009-12-02 08:00:00,-1.7,,,64,-7.6,,29.632,46.3,,20,,,0,,,,,,,0,og-post,,,,AAXX 02084 07591 24/// /0216 11017 21076 3//// 48/// 700// 333 60005 90710 91125=
07591,2009-12-02 09:00:00,-0.2,,,60,-7,,25.928,42.596,,10,,,0,0,,,,,,0,og-post,,,,AAXX 02094 07591 24/// /0114 11002 21070 3//// 48/// 700// 333 60007 90710 91123 555 60005=
07591,2009-12-02 10:00:00,0.6,,,59,-6.5,,25.928,42.596,,30,,,0,,,,,,,0,og-post,,,,AAXX 02104 07591 24/// /0314 10006 21065 3//// 48/// 700// 333 60005 90710 91123=
07591,2009-12-02 11:00:00,2.5,,,54,-5.8,,14.816,35.188,,20,,,0,,,,,,,0,og-post,,,,AAXX 02114 07591 24/// /0208 10025 21058 3//// 48/// 700// 333 60005 90710 91119=
07591,2009-12-02 12:00:00,3.6,,,52,-5.3,,14.816,25.928,,30,,,0,0,,,,,,0,og-post,,,,AAXX 02124 07591 04/// /0308 10036 21053 3//// 48/// 60001 700// 333 60007 90710 91114 555 60005=
07591,2009-12-02 13:00:00,4,,,54,-4.4,,14.816,22.224,,20,,,0,,,,,,,0,og-post,,,,AAXX 02134 07591 24/// /0208 10040 21044 3//// 48/// 700// 333 60005 90710 91112=
07591,2009-12-02 14:00:00,3.8,,,57,-3.9,,11.112,22.224,,20,,,0,,,,,,,0,og-post,,,,AAXX 02144 07591 24/// /0206 10038 21039 3//// 48/// 700// 333 60005 90710 91112=
07591,2009-12-02 15:00:00,3.1,,,60,-3.9,,14.816,25.928,,20,,,0,0,,,,,,0,og-post,,,,AAXX 02154 07591 24/// /0208 10031 21039 3//// 48/// 700// 333 60007 90710 91114 555 60005=
07591,2009-12-02 16:00:00,1.6,,,67,-3.8,,7.408,31.484,,50,,,0,,,,,,,0,og-post,,,,AAXX 02164 07591 24/// /0504 10016 21038 3//// 48/// 700// 333 60005 90710 91117=
07591,2009-12-02 17:00:00,1.5,,,69,-3.6,,14.816,25.928,,40,,,0,,,,,,,0,og-post,,,,AAXX 02174 07591 24/// /0408 10015 21036 3//// 48/// 700// 333 60005 90710 91114=
07591,2009-12-02 18:00:00,1.8,,,69,-3.3,,14.816,29.632,,20,-2.2,4.1,0,0,,,,,,0,og-post,,,,AAXX 02184 07591 04/// /0208 10018 21033 3//// 48/// 60002 700// 333 10041 21022 60007 90710 91116 555 60005=
07591,2009-12-02 19:00:00,2.2,,,64,-3.9,,22.224,38.892,,10,,,0,,,,,,,0,og-post,,,,AAXX 02194 07591 24/// /0112 10022 21039 3//// 48/// 700// 333 60005 90710 91121=
07591,2009-12-02 20:00:00,2.1,,,63,-4.2,,22.224,31.484,,10,,,0,,,,,,,0,og-post,,,,AAXX 02204 07591 24/// /0112 10021 21042 3//// 48/// 700// 333 60005 90710 91117=
07591,2009-12-02 21:00:00,1.3,,,67,-4.1,,22.224,31.484,,30,,,0,0,,,,,,0,og-post,,,,AAXX 02214 07591 24/// /0312 10013 21041 3//// 48/// 700// 333 60007 90710 91117 555 60005=
07591,2009-12-02 22:00:00,0.5,,,70,-4.3,,14.816,31.484,,40,,,0,,,,,,,0,og-post,,,,AAXX 02224 07591 24/// /0408 10005 21043 3//// 48/// 700// 333 60005 90710 91117=
07591,2009-12-02 23:00:00,0.9,,,66,-4.7,,22.224,42.596,,30,,,0,,,,,,,0,og-post,,,,AAXX 02234 07591 24/// /0312 10009 21047 3//// 48/// 700// 333 60005 90710 91123=
07591,2009-12-03 00:00:00,1.1,,,66,-4.5,,18.52,31.484,,10,,,0,0,,,,,,0,og-post,,,,AAXX 03004 07591 04/// /0110 10011 21045 3//// 48/// 60001 700// 333 60007 90710 91117 555 60005=
07591,2009-12-03 01:00:00,0.9,,,68,-4.3,,22.224,35.188,,10,,,0,,,,,,,70,og-post,,,,AAXX 03014 07591 24/// /0112 10009 21043 3//// 48/// 770// 333 60005 90710 91119=
07591,2009-12-03 02:00:00,0.6,,,72,-3.9,,18.52,35.188,,20,,,0,,,,,,,0,og-post,,,,AAXX 03024 07591 24/// /0210 10006 21039 3//// 48/// 700// 333 60005 90710 91119=
07591,2009-12-03 03:00:00,0.6,,,70,-4.2,,18.52,31.484,,10,,,0,0,,,,,,0,og-post,,,,AAXX 03034 07591 24/// /0110 10006 21042 3//// 48/// 700// 333 60007 90710 91117 555 60005=
07591,2009-12-03 04:00:00,0.5,,,71,-4.1,,25.928,42.596,,10,,,0,,,,,,,22,og-post,,,,AAXX 03044 07591 24/// /0114 10005 21041 3//// 48/// 722// 333 60005 90710 91123=
07591,2009-12-03 05:00:00,1.3,,,67,-4.1,,25.928,42.596,,20,,,0,,,,,,,0,og-post,,,,AAXX 03054 07591 24/// /0214 10013 21041 3//// 48/// 700// 333 60005 90710 91123=
07591,2009-12-03 06:00:00,1.3,,,66,-4.3,,22.224,38.892,,30,0.2,2.3,0,0,,,0,5.1,-0,0,og-post,,,,AAXX 03064 07591 04/// /0312 10013 21043 3//// 48/// 60002 700// 333 10023 20002 3/100 55051 60007 70000 90710 91121 555 60005=
07591,2009-12-03 07:00:00,1.2,,,71,-3.5,,14.816,35.188,,20,,,0.2,,,,,,,70,og-post,,,,AAXX 03074 07591 24/// /0208 10012 21035 3//// 48/// 770// 333 69925 90710 91119=
07591,2009-12-03 08:00:00,-0.7,,,92,-1.8,,14.816,25.928,,30,,,1,,,,,,,75,og-post,,,,AAXX 03084 07591 24/// /0308 11007 21018 3//// 48/// 775// 333 60015 90710 91114=
07591,2009-12-03 09:00:00,0.4,,,92,-0.7,,18.52,31.484,,20,,,3,4,,,,,,70,og-post,,,,AAXX 03094 07591 24/// /0210 10004 21007 3//// 48/// 770// 333 60047 90710 91117 555 60035=
07591,2009-12-03 10:00:00,0.3,,,93,-0.7,,11.112,31.484,,50,,,3,,,,,,,70,og-post,,,,AAXX 03104 07591 24/// /0506 10003 21007 3//// 48/// 770// 333 60035 90710 91117=
07591,2009-12-03 11:00:00,1.3,,,92,0.1,,18.52,29.632,,20,,,2,,,,,,,22,og-post,,,,AAXX 03114 07591 24/// /0210 10013 20001 3//// 48/// 722// 333 60025 90710 91116=
07591,2009-12-03 12:00:00,1.1,,,93,0.1,,3.704,18.52,,30,,,2,6,10,,,,,70,og-post,,,,AAXX 03124 07591 04/// /0302 10011 20001 3//// 48/// 60101 770// 333 60067 90710 91110 555 60025=
07591,2009-12-03 13:00:00,0.8,,,93,-0.2,1800,,3.704,,,,,1,,,,,,,71,og-post,,,,AAXX 03134 07591 24/18 /0000 10008 21002 3//// 48/// 771// 333 60015 90710 91102=
07591,2009-12-03 14:00:00,0.6,,,94,-0.3,,7.408,11.112,,30,,,1,,,,,,,71,og-post,,,,AAXX 03144 07591 24/// /0304 10006 21003 3//// 48/// 771// 333 60015 90710 91106=
07591,2009-12-03 15:00:00,0.7,,,95,0,,7.408,14.816,,40,,,1,4,,,,,,70,og-post,,,,AAXX 03154 07591 24/// /0404 10007 20000 3//// 48/// 770// 333 60047 90710 91108 555 60015=
07591,2009-12-03 16:00:00,0.7,,,95,0,,3.704,14.816,,60,,,1,,,,,,,70,og-post,,,,AAXX 03164 07591 24/// /0602 10007 20000 3//// 48/// 770// 333 60015 90710 91108=
07591,2009-12-03 17:00:00,0.6,,,96,0,,,3.704,,,,,1,,,,,,,70,og-post,,,,AAXX 03174 07591 24/// /0000 10006 20000 3//// 48/// 770// 333 60015 90710 91102=
07591,2009-12-03 18:00:00,0.2,,,96,-0.4,700,3.704,3.704,,190,-0.8,1.3,2,4,,17,,,,75,og-post,,,,AAXX 03184 07591 04/07 /1902 10002 21004 3//// 48/// 60172 775// 333 10013 21008 60047 90710 91102 555 60025=
07591,2009-12-03 19:00:00,0.1,,,96,-0.5,900,3.704,3.704,,200,,,1,,,,,,,75,og-post,,,,AAXX 03194 07591 24/09 /2002 10001 21005 3//// 48/// 775// 333 60015 90710 91102=
07591,2009-12-03 20:00:00,0,,,96,-0.6,100,3.704,3.704,,70,,,2,,,,,,,47,og-post,,,,AAXX 03204 07591 24/01 /0702 10000 21006 3//// 48/// 747// 333 60025 90710 91102=
07591,2009-12-03 21:00:00,0,,,96,-0.6,,3.704,3.704,,350,,,0.8,4,,,,,,22,og-post,,,,AAXX 03214 07591 24/// /3502 10000 21006 3//// 48/// 722// 333 60047 90710 91102 555 69985=
07591,2009-12-03 22:00:00,0.3,,,96,-0.3,,,3.704,,,,,0.2,,,,,,,0,og-post,,,,AAXX 03224 07591 24/// /0000 10003 21003 3//// 48/// 700// 333 69925 90710 91102=
07591,2009-12-03 23:00:00,0.1,,,96,-0.5,100,3.704,3.704,,180,,,0,,,,,,,43,og-post,,,,AAXX 03234 07591 24/01 /1802 10001 21005 3//// 48/// 743// 333 60005 90710 91102=
07591,2009-12-04 00:00:00,0.1,,,96,-0.5,300,3.704,3.704,,30,,,0,0.2,4,,,,,43,og-post,,,,AAXX 04004 07591 04/03 /0302 10001 21005 3//// 48/// 60041 743// 333 69927 90710 91102 555 60005=
07591,2009-12-04 01:00:00,0.1,,,97,-0.3,1800,3.704,7.408,,20,,,0,,,,,,,47,og-post,,,,AAXX 04014 07591 24/18 /0202 10001 21003 3//// 48/// 747// 333 60005 90710 91104=
07591,2009-12-04 02:00:00,0.3,,,97,-0.1,,3.704,7.408,,330,,,0,,,,,,,0,og-post,,,,AAXX 04024 07591 24/// /3302 10003 21001 3//// 48/// 700// 333 60005 90710 91104=
07591,2009-12-04 03:00:00,0.9,,,96,0.3,,11.112,25.928,,320,,,0,0,,,,,,0,og-post,,,,AAXX 04034 07591 24/// /3206 10009 20003 3//// 48/// 700// 333 60007 90710 91114 555 60005=
07591,2009-12-04 04:00:00,0.8,,,96,0.2,,,18.52,,,,,0,,,,,,,0,og-post,,,,AAXX 04044 07591 24/// /0000 10008 20002 3//// 48/// 700// 333 60005 90710 91110=
07591,2009-12-04 05:00:00,0.8,,,96,0.2,,3.704,11.112,,330,,,0,,,,,,,0,og-post,,,,AAXX 04054 07591 24/// /3302 10008 20002 3//// 48/// 700// 333 60005 90710 91106=
07591,2009-12-04 06:00:00,0.8,,,96,0.2,,7.408,18.52,,180,0,0.9,0,0,,4,21.6,0.1,-0,0,og-post,,,,AAXX 04064 07591 04/// /1804 10008 20002 3//// 48/// 60042 700// 333 10009 20000 3/100 55001 60007 70216 90710 91110 555 60005=
07591,2009-12-04 07:00:00,0.6,,,96,0,,7.408,11.112,,180,,,0,,,,,,,0,og-post,,,,AAXX 04074 07591 24/// /1804 10006 20000 3//// 48/// 700// 333 60005 90710 91106=
07591,2009-12-04 08:00:00,0.7,,,96,0.1,,,11.112,,,,,0,,,,,,,0,og-post,,,,AAXX 04084 07591 24/// /0000 10007 20001 3//// 48/// 700// 333 60005 90710 91106=
07591,2009-12-04 09:00:00,2.5,,,88,0.7,,3.704,11.112,,70,,,0,0,,,,,,0,og-post,,,,AAXX 04094 07591 24/// /0702 10025 20007 3//// 48/// 700// 333 60007 90710 91106 555 60005=
07591,2009-12-04 10:00:00,3.2,,,82,0.4,,7.408,14.816,,190,,,0,,,,,,,0,og-post,,,,AAXX 04104 07591 24/// /1904 10032 20004 3//// 48/// 700// 333 60005 90710 91108=
07591,2009-12-04 11:00:00,4.4,,,72,-0.2,,3.704,11.112,,170,,,0,,,,,,,0,og-post,,,,AAXX 04114 07591 24/// /1702 10044 21002 3//// 48/// 700// 333 60005 90710 91106=
07591,2009-12-04 12:00:00,5.6,,,66,-0.2,,3.704,14.816,,170,,,0,0,,,,,,0,og-post,,,,AAXX 04124 07591 04/// /1702 10056 21002 3//// 48/// 60001 700// 333 60007 90710 91108 555 60005=
07591,2009-12-04 13:00:00,5.2,,,62,-1.5,,3.704,11.112,,130,,,0,,,,,,,0,og-post,,,,AAXX 04134 07591 24/// /1302 10052 21015 3//// 48/// 700// 333 60005 90710 91106=
07591,2009-12-04 14:00:00,5.1,,,66,-0.7,,3.704,11.112,,120,,,0,,,,,,,0,og-post,,,,AAXX 04144 07591 24/// /1202 10051 21007 3//// 48/// 700// 333 60005 90710 91106=
07591,2009-12-04 15:00:00,5.7,,,64,-0.6,,,7.408,,,,,0,0,,,,,,0,og-post,,,,AAXX 04154 07591 24/// /0000 10057 21006 3//// 48/// 700// 333 60007 90710 91104 555 60005=
07591,2009-12-04 16:00:00,2.1,,,81,-0.8,,3.704,11.112,,350,,,,,,,,,,0,synop_v4,,,,
07591,2009-12-04 17:00:00,0.1,,,87,-1.8,,3.704,11.112,,20,,,,,,,,,,0,synop_v4,,,,
07591,2009-12-04 18:00:00,-0.5,,,89,-2.1,,3.704,11.112,,110,-0.5,5.7,0,0,,,,,,0,og-post,,,,AAXX 04184 07591 04/// /1102 11005 21021 3//// 48/// 60002 700// 333 10057 21005 60007 90710 91106 555 60005=
07591,2009-12-04 19:00:00,-0.8,,,88,-2.5,,7.408,14.816,,210,,,,,,,,,,0,synop_v4,,,,
07591,2009-12-04 20:00:00,-1.7,,,91,-3,,7.408,11.112,,20,,,0,,,,,,,0,og-post,,,,AAXX 04204 07591 24/// /0204 11017 21030 3//// 48/// 700// 333 60005 90710 91106=
07591,2009-12-04 21:00:00,-2,,,91,-3.3,,3.704,14.816,,240,,,0,0,,,,,,0,og-post,,,,AAXX 04214 07591 24/// /2402 11020 21033 3//// 48/// 700// 333 60007 90710 91108 555 60005=
07591,2009-12-04 22:00:00,-2.7,,,90,-4.1,,3.704,7.408,,20,,,0,,,,,,,0,og-post,,,,AAXX 04224 07591 24/// /0202 11027 21041 3//// 48/// 700// 333 60005 90710 91104=
07591,2009-12-04 23:00:00,-2.6,,,84,-4.9,,3.704,11.112,,30,,,0,,,,,,,0,og-post,,,,AAXX 04234 07591 24/// /0302 11026 21049 3//// 48/// 700// 333 60005 90710 91106=
07591,2009-12-05 00:00:00,-2.5,,,79,-5.6,,3.704,11.112,,40,,,0,0,,,,,,0,og-post,,,,AAXX 05004 07591 04/// /0402 11025 21056 3//// 48/// 60001 700// 333 60007 90710 91106 555 60005=
07591,2009-12-05 01:00:00,-3.1,,,85,-5.3,,3.704,7.408,,120,,,,,,,,,,0,synop_v4,,,,
07591,2009-12-05 02:00:00,-2.3,,,79,-5.4,,11.112,25.928,,30,,,0,,,,,,,0,og-post,,,,AAXX 05024 07591 24/// /0306 11023 21054 3//// 48/// 700// 333 60005 90710 91114=
07591,2009-12-05 03:00:00,-2,,,74,-6,,3.704,25.928,,120,,,0,0,,,,,,0,og-post,,,,AAXX 05034 07591 24/// /1202 11020 21060 3//// 48/// 700// 333 60007 90710 91114 555 60005=
07591,2009-12-05 04:00:00,-2.4,,,78,-5.7,,7.408,11.112,,240,,,0,,,,,,,0,og-post,,,,AAXX 05044 07591 24/// /2404 11024 21057 3//// 48/// 700// 333 60005 90710 91106=
07591,2009-12-05 05:00:00,-2.1,,,77,-5.7,,18.52,29.632,,30,,,,,,,,,,0,synop_v4,,,,
07591,2009-12-05 06:00:00,-1.9,,,76,-5.6,,7.408,35.188,,200,-3.1,-0.6,0,0,,,0,6.5,-7,0,og-post,,,,AAXX 05064 07591 04/// /2004 11019 21056 3//// 48/// 60002 700// 333 11006 21031 3/107 55065 60007 70000 90710 91119 555 60005=
07591,2009-12-05 07:00:00,-2.4,,,78,-5.7,,7.408,25.928,,10,,,0,,,,,,,0,og-post,,,,AAXX 05074 07591 24/// /0104 11024 21057 3//// 48/// 700// 333 60005 90710 91114=
07591,2009-12-05 08:00:00,-1.2,,,71,-5.8,,14.816,22.224,,20,,,,,,,,,,0,synop_v4,,,,
07591,2009-12-05 09:00:00,-0.2,,,73,-4.4,,3.704,18.52,,210,,,0,0,,,,,,0,og-post,,,,AAXX 05094 07591 24/// /2102 11002 21044 3//// 48/// 700// 333 60007 90710 91110 555 60005=
07591,2009-12-05 10:00:00,2.3,,,59,-4.9,,3.704,11.112,,180,,,,,,,,,,0,synop_v4,,,,
07591,2009-12-05 11:00:00,3.4,,,58,-4.1,,3.704,11.112,,150,,,0,,,,,,,0,og-post,,,,AAXX 05114 07591 24/// /1502 10034 21041 3//// 48/// 700// 333 60005 90710 91106=
07591,2009-12-05 12:00:00,4.3,,,53,-4.4,,3.704,14.816,,330,,,0,0,,,,,,0,og-post,,,,AAXX 05124 07591 04/// /3302 10043 21044 3//// 48/// 60001 700// 333 60007 90710 91108 555 60005=
07591,2009-12-05 13:00:00,5.7,,,50,-3.9,,0,11.112,,20,,,,,,,,,,0,synop_v4,,,,
07591,2009-12-05 14:00:00,6.5,,,49,-3.4,,3.704,7.408,,140,,,0,,,,,,,0,og-post,,,,AAXX 05144 07591 24/// /1402 10065 21034 3//// 48/// 700// 333 60005 90710 91104=
07591,2009-12-05 15:00:00,5.3,,,56,-2.8,,3.704,7.408,,40,,,0,0,,,,,,0,og-post,,,,AAXX 05154 07591 24/// /0402 10053 21028 3//// 48/// 700// 333 60007 90710 91104 555 60005=
07591,2009-12-05 16:00:00,2.2,,,75,-1.9,,7.408,14.816,,40,,,,,,,,,,0,synop_v4,,,,
07591,2009-12-05 17:00:00,0.9,,,78,-2.5,,3.704,29.632,,360,,,0,,,,,,,0,og-post,,,,AAXX 05174 07591 24/// /3602 10009 21025 3//// 48/// 700// 333 60005 90710 91116=
07591,2009-12-05 18:00:00,0,,,81,-2.9,,7.408,14.816,,40,-2.7,6.7,0,0,,,,,,0,og-post,,,,AAXX 05184 07591 04/// /0404 10000 21029 3//// 48/// 60002 700// 333 10067 21027 60007 90710 91108 555 60005=
07591,2009-12-05 19:00:00,0.8,,,77,-2.9,,7.408,31.484,,50,,,,,,,,,,0,synop_v4,,,,
07591,2009-12-05 20:00:00,-0.7,,,84,-3.1,,3.704,29.632,,340,,,,,,,,,,0,synop_v4,,,,
07591,2009-12-05 21:00:00,-0.9,,,85,-3.1,,7.408,11.112,,40,,,0,0,,,,,,0,og-post,,,,AAXX 05214 07591 24/// /0404 11009 21031 3//// 48/// 700// 333 60007 90710 91106 555 60005=
07591,2009-12-05 22:00:00,-0.4,,,83,-2.9,,14.816,22.224,,30,,,0,,,,,,,0,og-post,,,,AAXX 05224 07591 24/// /0308 11004 21029 3//// 48/// 700// 333 60005 90710 91112=
07591,2009-12-05 23:00:00,-0.4,,,83,-2.9,,14.816,22.224,,40,,,,,,,,,,0,synop_v4,,,,
07591,2009-12-06 00:00:00,0.2,,,81,-2.7,,3.704,31.484,,140,,,0,0,,,,,,0,og-post,,,,AAXX 06004 07591 04/// /1402 10002 21027 3//// 48/// 60001 700// 333 60007 90710 91117 555 60005=
07591,2009-12-06 01:00:00,0.6,,,80,-2.4,,3.704,18.52,,330,,,0,,,,,,,0,og-post,,,,AAXX 06014 07591 24/// /3302 10006 21024 3//// 48/// 700// 333 60005 90710 91110=
07591,2009-12-06 02:00:00,2.3,,,72,-2.2,,25.928,42.596,,360,,,0,,,,,,,0,og-post,,,,AAXX 06024 07591 24/// /3614 10023 21022 3//// 48/// 700// 333 60005 90710 91123=
07591,2009-12-06 03:00:00,2.8,,,68,-2.5,,14.816,50.004,,30,,,0,0,,,,,,0,og-post,,,,AAXX 06034 07591 24/// /0308 10028 21025 3//// 48/// 700// 333 60007 90710 91127 555 60005=
07591,2009-12-06 04:00:00,2.7,,,68,-2.6,,18.52,38.892,,20,,,0,,,,,,,0,og-post,,,,AAXX 06044 07591 24/// /0210 10027 21026 3//// 48/// 700// 333 60005 90710 91121=
07591,2009-12-06 05:00:00,1.7,,,73,-2.6,,14.816,25.928,,40,,,0,,,,,,,0,og-post,,,,AAXX 06054 07591 24/// /0408 10017 21026 3//// 48/// 700// 333 60005 90710 91114=
07591,2009-12-06 06:00:00,1.5,,,74,-2.6,,3.704,25.928,,40,-1.3,3.5,0,0,,,0,6.7,-3,0,og-post,,,,AAXX 06064 07591 04/// /0402 10015 21026 3//// 48/// 60002 700// 333 10035 21013 3/103 55067 60007 70000 90710 91114 555 60005=
07591,2009-12-06 07:00:00,1.6,,,76,-2.3,,14.816,25.928,,40,,,,,,,,,,0,synop_v4,,,,
07591,2009-12-06 08:00:00,2.1,,,74,-2,,14.816,22.224,,30,,,0,,,,,,,0,og-post,,,,AAXX 06084 07591 24/// /0308 10021 21020 3//// 48/// 700// 333 60005 90710 91112=
07591,2009-12-06 09:00:00,4.1,,,66,-1.7,,14.816,29.632,,40,,,0,0,,,,,,0,og-post,,,,AAXX 06094 07591 24/// /0408 10041 21017 3//// 48/// 700// 333 60007 90710 91116 555 60005=
07591,2009-12-06 10:00:00,5.6,,,62,-1.1,,3.704,22.224,,80,,,0,,,,,,,0,og-post,,,,AAXX 06104 07591 24/// /0802 10056 21011 3//// 48/// 700// 333 60005 90710 91112=
07591,2009-12-06 11:00:00,6,,,64,-0.3,,,11.112,,,,,0,,,,,,,0,og-post,,,,AAXX 06114 07591 24/// /0000 10060 21003 3//// 48/// 700// 333 60005 90710 91106=
07591,2009-12-06 12:00:00,6.5,,,63,0,,14.816,22.224,,30,,,0,0,,,,,,0,og-post,,,,AAXX 06124 07591 04/// /0308 10065 20000 3//// 48/// 60001 700// 333 60007 90710 91112 555 60005=
07591,2009-12-06 13:00:00,7.2,,,63,0.6,,3.704,14.816,,60,,,,,,,,,,0,synop_v4,,,,
07591,2009-12-06 14:00:00,7.3,,,64,1,,3.704,7.408,,60,,,0,,,,,,,0,og-post,,,,AAXX 06144 07591 24/// /0602 10073 20010 3//// 48/// 700// 333 60005 90710 91104=
07591,2009-12-06 15:00:00,7,,,67,1.3,,,3.704,,,,,0,0,,,,,,0,og-post,,,,AAXX 06154 07591 24/// /0000 10070 20013 3//// 48/// 700// 333 60007 90710 91102 555 60005=
07591,2009-12-06 16:00:00,6,,,74,1.7,,3.704,7.408,,260,,,0,,,,,,,0,og-post,,,,AAXX 06164 07591 24/// /2602 10060 20017 3//// 48/// 700// 333 60005 90710 91104=
07591,2009-12-06 17:00:00,4.8,,,80,1.6,,3.704,11.112,,20,,,0,,,,,,,0,og-post,,,,AAXX 06174 07591 24/// /0202 10048 20016 3//// 48/// 700// 333 60005 90710 91106=
07591,2009-12-06 18:00:00,4.6,,,82,1.8,,3.704,7.408,,40,1.4,7.4,0,0,,,,,,0,og-post,,,,AAXX 06184 07591 04/// /0402 10046 20018 3//// 48/// 60002 700// 333 10074 20014 60007 90710 91104 555 60005=
07591,2009-12-06 20:00:00,3.6,,,92,2.4,,7.408,11.112,,40,,,,,,,,,,0,synop_v4,,,,
07591,2009-12-06 21:00:00,3.6,,,94,2.7,,7.408,18.52,,20,,,0.8,2,,,,,,61,og-post,,,,AAXX 06214 07591 24/// /0204 10036 20027 3//// 48/// 761// 333 60027 90710 91110 555 69985=
07591,2009-12-06 22:00:00,3.4,,,94,2.5,,11.112,25.928,,40,,,0.4,,,,,,,60,og-post,,,,AAXX 06224 07591 24/// /0406 10034 20025 3//// 48/// 760// 333 69945 90710 91114=
07591,2009-12-06 23:00:00,3.3,,,94,2.4,,11.112,18.52,,40,,,0,,,,,,,20,og-post,,,,AAXX 06234 07591 24/// /0406 10033 20024 3//// 48/// 720// 333 60005 90710 91110=
07591,2009-12-07 00:00:00,3.5,,,94,2.6,,11.112,14.816,,40,,,0,0.4,2,,,,,0,og-post,,,,AAXX 07004 07591 04/// /0406 10035 20026 3//// 48/// 60021 700// 333 69947 90710 91108 555 60005=
07591,2009-12-07 01:00:00,3.4,,,94,2.5,,14.816,18.52,,30,,,0,,,,,,,0,og-post,,,,AAXX 07014 07591 24/// /0308 10034 20025 3//// 48/// 700// 333 60005 90710 91110=
07591,2009-12-07 02:00:00,3.9,,,94,3,,11.112,22.224,,20,,,,,,,,,,0,synop_v4,,,,
07591,2009-12-07 03:00:00,4.3,,,92,3.1,,14.816,18.52,,50,,,0,0,,,,,,0,og-post,,,,AAXX 07034 07591 24/// /0508 10043 20031 3//// 48/// 700// 333 60007 90710 91110 555 60005=
07591,2009-12-07 04:00:00,4.7,,,88,2.9,,3.704,18.52,,50,,,,,,,,,,0,synop_v4,,,,
07591,2009-12-07 05:00:00,4.1,,,93,3.1,,3.704,7.408,,30,,,0.4,,,,,,,61,og-post,,,,AAXX 07054 07591 24/// /0302 10041 20031 3//// 48/// 761// 333 69945 90710 91104=
07591,2009-12-07 06:00:00,3.8,,,94,2.9,,11.112,25.928,,50,3.2,4.9,0.4,0.8,,3,2.8,1,3,60,og-post,,,,AAXX 07064 07591 04/// /0506 10038 20029 3//// 48/// 60032 760// 333 10049 20032 3/003 55010 69987 70028 90710 91114 555 69945=
07591,2009-12-07 07:00:00,4.1,,,94,3.2,,11.112,22.224,,40,,,,,,,,,,0,synop_v4,,,,
07591,2009-12-07 08:00:00,4.3,,,94,3.4,,11.112,18.52,,30,,,,,,,,,,0,synop_v4,,,,
07591,2009-12-07 09:00:00,4.6,,,94,3.7,,,18.52,,,,,0,0.8,,,,,,0,og-post,,,,AAXX 07094 07591 24/// /0000 10046 20037 3//// 48/// 700// 333 69987 90710 91110 555 60005=
07591,2009-12-07 10:00:00,5,,,94,4.1,,3.704,7.408,,180,,,,,,,,,,0,synop_v4,,,,
07591,2009-12-07 11:00:00,5.5,,,94,4.6,,7.408,11.112,,60,,,0,,,,,,,0,og-post,,,,AAXX 07114 07591 24/// /0604 10055 20046 3//// 48/// 700// 333 60005 90710 91106=
07591,2009-12-07 12:00:00,6.3,,,92,5.1,,3.704,14.816,,50,,,0,0,0.8,,,,,0,og-post,,,,AAXX 07124 07591 04/// /0502 10063 20051 3//// 48/// 69981 700// 333 60007 90710 91108 555 60005=
07591,2009-12-07 13:00:00,6.4,,,89,4.7,,11.112,18.52,,20,,,0,,,,,,,0,og-post,,,,AAXX 07134 07591 24/// /0206 10064 20047 3//// 48/// 700// 333 60005 90710 91110=
07591,2009-12-07 14:00:00,6.5,,,90,5,,3.704,18.52,,140,,,0,,,,,,,60,og-post,,,,AAXX 07144 07591 24/// /1402 10065 20050 3//// 48/// 760// 333 60005 90710 91110=
07591,2009-12-07 15:00:00,6.2,,,92,5,,,7.408,,,,,1,1,,,,,,63,og-post,,,,AAXX 07154 07591 24/// /0000 10062 20050 3//// 48/// 763// 333 60017 90710 91104 555 60015=
07591,2009-12-07 16:00:00,5.9,,,95,5.2,,3.704,7.408,,300,,,3,,,,,,,63,og-post,,,,AAXX 07164 07591 24/// /3002 10059 20052 3//// 48/// 763// 333 60035 90710 91104=
07591,2009-12-07 17:00:00,5.9,,,95,5.2,800,3.704,7.408,,60,,,2,,,,,,,61,og-post,,,,AAXX 07174 07591 24/08 /0602 10059 20052 3//// 48/// 761// 333 60025 90710 91104=
07591,2009-12-07 18:00:00,5.7,,,96,5.1,,3.704,14.816,,10,3.8,6.8,0.2,6,,8,,,,0,og-post,,,,AAXX 07184 07591 04/// /0102 10057 20051 3//// 48/// 60082 700// 333 10068 20038 60067 90710 91108 555 69925=
07591,2009-12-07 19:00:00,5.6,,,96,5,,11.112,18.52,,30,,,0,,,,,,,0,og-post,,,,AAXX 07194 07591 24/// /0306 10056 20050 3//// 48/// 700// 333 60005 90710 91110=
07591,2009-12-07 20:00:00,5.2,,,96,4.6,,3.704,7.408,,20,,,0,,,,,,,20,og-post,,,,AAXX 07204 07591 24/// /0202 10052 20046 3//// 48/// 720// 333 60005 90710 91104=
07591,2009-12-07 21:00:00,5.3,,,96,4.7,700,3.704,11.112,,160,,,0.6,0.6,,,,,,60,og-post,,,,AAXX 07214 07591 24/07 /1602 10053 20047 3//// 48/// 760// 333 69967 90710 91106 555 69965=
07591,2009-12-07 22:00:00,5.5,,,96,4.9,,3.704,14.816,,110,,,0.2,,,,,,,21,og-post,,,,AAXX 07224 07591 24/// /1102 10055 20049 3//// 48/// 721// 333 69925 90710 91108=
07591,2009-12-07 23:00:00,5.9,,,96,5.3,600,3.704,11.112,,250,,,0.2,,,,,,,47,og-post,,,,AAXX 07234 07591 24/06 /2502 10059 20053 3//// 48/// 747// 333 69925 90710 91106=
07591,2009-12-08 00:00:00,6.5,,,97,6.1,,11.112,22.224,,220,,,1,2,2,,,,,63,og-post,,,,AAXX 08004 07591 04/// /2206 10065 20061 3//// 48/// 60021 763// 333 60027 90710 91112 555 60015=
07591,2009-12-08 01:00:00,6.7,,,97,6.3,,11.112,22.224,,190,,,4,,,,,,,63,og-post,,,,AAXX 08014 07591 24/// /1906 10067 20063 3//// 48/// 763// 333 60045 90710 91112=
07591,2009-12-08 02:00:00,6.8,,,97,6.4,,11.112,18.52,,200,,,1,,,,,,,21,og-post,,,,AAXX 08024 07591 24/// /2006 10068 20064 3//// 48/// 721// 333 60015 90710 91110=
07591,2009-12-08 03:00:00,6.9,,,96,6.3,,7.408,18.52,,210,,,0,5,,,,,,0,og-post,,,,AAXX 08034 07591 24/// /2104 10069 20063 3//// 48/// 700// 333 60057 90710 91110 555 60005=
07591,2009-12-08 04:00:00,7.3,,,87,5.3,,14.816,31.484,,230,,,0.8,,,,,,,21,og-post,,,,AAXX 08044 07591 24/// /2308 10073 20053 3//// 48/// 721// 333 69985 90710 91117=
07591,2009-12-08 05:00:00,6.4,,,89,4.7,,14.816,25.928,,210,,,0,,,,,,,0,og-post,,,,AAXX 08054 07591 24/// /2108 10064 20047 3//// 48/// 700// 333 60005 90710 91114=
07591,2009-12-08 06:00:00,5.9,,,89,4.2,,11.112,31.484,,190,5.2,7.4,0,0.8,,8,15.8,0,4,21,og-post,,,,AAXX 08064 07591 04/// /1906 10059 20042 3//// 48/// 60082 721// 333 10074 20052 3/004 55000 69987 70158 90710 91117 555 60005=
07591,2009-12-08 07:00:00,5.4,,,89,3.7,,11.112,18.52,,180,,,0,,,,,,,0,og-post,,,,AAXX 08074 07591 24/// /1806 10054 20037 3//// 48/// 700// 333 60005 90710 91110=
07591,2009-12-08 08:00:00,5.7,,,76,1.8,,11.112,35.188,,210,,,0,,,,,,,0,og-post,,,,AAXX 08084 07591 24/// /2106 10057 20018 3//// 48/// 700// 333 60005 90710 91119=
07591,2009-12-08 09:00:00,6.7,,,63,0.2,,14.816,29.632,,210,,,0,0,,,,,,0,og-post,,,,AAXX 08094 07591 24/// /2108 10067 20002 3//// 48/// 700// 333 60007 90710 91116 555 60005=
07591,2009-12-08 10:00:00,7.9,,,56,-0.3,,11.112,25.928,,200,,,0,,,,,,,0,og-post,,,,AAXX 08104 07591 24/// /2006 10079 21003 3//// 48/// 700// 333 60005 90710 91114=
07591,2009-12-08 11:00:00,8.8,,,49,-1.3,,11.112,18.52,,160,,,0,,,,,,,0,og-post,,,,AAXX 08114 07591 24/// /1606 10088 21013 3//// 48/// 700// 333 60005 90710 91110=
07591,2009-12-08 12:00:00,9.1,,,49,-1,,11.112,18.52,,220,,,0,0,,,,,,0,og-post,,,,AAXX 08124 07591 04/// /2206 10091 21010 3//// 48/// 60001 700// 333 60007 90710 91110 555 60005=
07591,2009-12-08 13:00:00,9,,,43,-2.9,,14.816,25.928,,210,,,0,,,,,,,0,og-post,,,,AAXX 08134 07591 24/// /2108 10090 21029 3//// 48/// 700// 333 60005 90710 91114=
07591,2009-12-08 14:00:00,9,,,40,-3.9,,11.112,25.928,,220,,,0,,,,,,,0,og-post,,,,AAXX 08144 07591 24/// /2206 10090 21039 3//// 48/// 700// 333 60005 90710 91114=
07591,2009-12-08 15:00:00,8.1,,,48,-2.2,,3.704,25.928,,200,,,0,0,,,,,,0,og-post,,,,AAXX 08154 07591 24/// /2002 10081 21022 3//// 48/// 700// 333 60007 90710 91114 555 60005=
07591,2009-12-08 16:00:00,4.6,,,62,-2,,3.704,11.112,,120,,,0,,,,,,,0,og-post,,,,AAXX 08164 07591 24/// /1202 10046 21020 3//// 48/// 700// 333 60005 90710 91106=
07591,2009-12-08 17:00:00,2.4,,,75,-1.6,,3.704,7.408,,90,,,0,,,,,,,0,og-post,,,,AAXX 08174 07591 24/// /0902 10024 21016 3//// 48/// 700// 333 60005 90710 91104=
07591,2009-12-08 18:00:00,1.4,,,80,-1.7,,,7.408,,,1.4,9.4,0,0,,,,,,0,og-post,,,,AAXX 08184 07591 04/// /0000 10014 21017 3//// 48/// 60002 700// 333 10094 20014 60007 90710 91104 555 60005=
07591,2009-12-08 19:00:00,1.7,,,78,-1.7,,14.816,22.224,,20,,,0,,,,,,,0,og-post,,,,AAXX 08194 07591 24/// /0208 10017 21017 3//// 48/// 700// 333 60005 90710 91112=
07591,2009-12-08 20:00:00,0.6,,,84,-1.8,,3.704,22.224,,280,,,0,,,,,,,0,og-post,,,,AAXX 08204 07591 24/// /2802 10006 21018 3//// 48/// 700// 333 60005 90710 91112=
07591,2009-12-08 21:00:00,-0.3,,,87,-2.2,,3.704,11.112,,40,,,0,0,,,,,,0,og-post,,,,AAXX 08214 07591 24/// /0402 11003 21022 3//// 48/// 700// 333 60007 90710 91106 555 60005=
07591,2009-12-08 22:00:00,-0.5,,,87,-2.4,,3.704,11.112,,40,,,0,,,,,,,0,og-post,,,,AAXX 08224 07591 24/// /0402 11005 21024 3//// 48/// 700// 333 60005 90710 91106=
07591,2009-12-08 23:00:00,-0.9,,,90,-2.3,,7.408,14.816,,30,,,0,,,,,,,0,og-post,,,,AAXX 08234 07591 24/// /0304 11009 21023 3//// 48/// 700// 333 60005 90710 91108=
07591,2009-12-09 00:00:00,-1.3,,,89,-2.9,,3.704,18.52,,180,,,0,0,,,,,,0,og-post,,,,AAXX 09004 07591 04/// /1802 11013 21029 3//// 48/// 60001 700// 333 60007 90710 91110 555 60005=
07591,2009-12-09 01:00:00,-1.7,,,91,-3,,0,7.408,,120,,,,,,,,,,0,synop_v4,,,,
07591,2009-12-09 02:00:00,-1.9,,,93,-2.9,,3.704,11.112,,350,,,,,,,,,,0,synop_v4,,,,
07591,2009-12-09 03:00:00,-2,,,92,-3.1,,3.704,11.112,,190,,,0,0,,,,,,0,og-post,,,,AAXX 09034 07591 24/// /1902 11020 21031 3//// 48/// 700// 333 60007 90710 91106 555 60005=
07591,2009-12-09 04:00:00,-2.2,,,93,-3.2,,7.408,11.112,,20,,,,,,,,,,0,synop_v4,,,,
07591,2009-12-09 05:00:00,-2.5,,,92,-3.6,,3.704,11.112,,40,,,,,,,,,,0,synop_v4,,,,
07591,2009-12-09 06:00:00,-2.5,,,91,-3.8,,,11.112,,,-2.6,1.9,0,0,,,0,7.2,-6,0,og-post,,,,AAXX 09064 07591 04/// /0000 11025 21038 3//// 48/// 60002 700// 333 10019 21026 3/106 55072 60007 70000 90710 91106 555 60005=
07591,2009-12-09 07:00:00,-2.8,,,92,-3.9,,3.704,11.112,,300,,,,,,,,,,0,synop_v4,,,,
07591,2009-12-09 08:00:00,-2,,,92,-3.1,,3.704,11.112,,50,,,,,,,,,,0,synop_v4,,,,
07591,2009-12-09 09:00:00,-0.3,,,89,-1.9,,3.704,11.112,,330,,,0,0,,,,,,0,og-post,,,,AAXX 09094 07591 24/// /3302 11003 21019 3//// 48/// 700// 333 60007 90710 91106 555 60005=
07591,2009-12-09 10:00:00,3.4,,,74,-0.8,,3.704,11.112,,200,,,0,,,,,,,0,og-post,,,,AAXX 09104 07591 24/// /2002 10034 21008 3//// 48/// 700// 333 60005 90710 91106=
07591,2009-12-09 11:00:00,5.1,,,66,-0.7,,3.704,11.112,,170,,,0.2,,,,,,,0,og-post,,,,AAXX 09114 07591 24/// /1702 10051 21007 39204 48522 700// 333 69925 90710 91106=
07591,2009-12-09 12:00:00,7.5,,,56,-0.7,,3.704,11.112,,170,,,0,0.2,0.2,,,,,0,og-post,,,,AAXX 09124 07591 04/// /1702 10075 21007 39204 48528 69921 700// 333 69927 90710 91106 555 60005=
07591,2009-12-09 13:00:00,8.8,,,55,0.3,,3.704,11.112,,110,,,0,,,,,,,0,og-post,,,,AAXX 09134 07591 24/// /1102 10088 20003 39203 48530 700// 333 60005 90710 91106=
07591,2009-12-09 14:00:00,9.8,,0.1,50,-0.1,,7.408,11.112,,210,,,0,,,,,,,0,og-post,,,,AAXX 09144 07591 24/// /2104 10098 21001 39205 48534 53001 700// 333 60005 90710 91106=
07591,2009-12-09 15:00:00,7.2,,0.5,62,0.4,,,11.112,,,,,0,0,,,,,,0,og-post,,,,AAXX 09154 07591 24/// /0000 10072 20004 39209 48532 53005 700// 333 60007 90710 91106 555 60005=
07591,2009-12-09 16:00:00,4.6,,1.2,73,0.2,,3.704,3.704,,60,,,0,,,,,,,0,og-post,,,,AAXX 09164 07591 24/// /0602 10046 20002 39215 48531 53012 700// 333 60005 90710 91102=
07591,2009-12-09 17:00:00,2.5,,1.5,82,-0.3,,3.704,3.704,,340,,,0,,,,,,,0,og-post,,,,AAXX 09174 07591 24/// /3402 10025 21003 39220 48530 53015 700// 333 60005 90710 91102=
07591,2009-12-09 18:00:00,2.5,,1.1,77,-1.1,,11.112,18.52,,50,-2.8,10.1,0,0,,0.2,,,,0,og-post,,,,AAXX 09184 07591 04/// /0506 10025 21011 39220 48530 51011 69922 700// 333 10101 21028 60007 90710 91110 555 60005=
07591,2009-12-09 19:00:00,1.2,,1.3,82,-1.5,,,14.816,,,,,0,,,,,,,0,og-post,,,,AAXX 09194 07591 24/// /0000 10012 21015 39228 48534 53013 700// 333 60005 90710 91108=
07591,2009-12-09 20:00:00,1.4,,0.9,79,-1.8,,3.704,7.408,,20,,,0,,,,,,,0,og-post,,,,AAXX 09204 07591 24/// /0202 10014 21018 39229 48535 53009 700// 333 60005 90710 91104=
07591,2009-12-09 21:00:00,1.3,,1.4,77,-2.3,,,18.52,,,,,0,0,,,,,,0,og-post,,,,AAXX 09214 07591 24/// /0000 10013 21023 39234 48539 51014 700// 333 60007 90710 91110 555 60005=
07591,2009-12-09 22:00:00,0.5,,0.7,82,-2.2,,7.408,11.112,,30,,,0,,,,,,,0,og-post,,,,AAXX 09224 07591 24/// /0304 10005 21022 39235 48538 52007 700// 333 60005 90710 91106=
07591,2009-12-09 23:00:00,2.6,,-0.2,62,-3.9,,14.816,22.224,,60,,,0,,,,,,,0,og-post,,,,AAXX 09234 07591 24/// /0608 10026 21039 39227 48536 58002 700// 333 60005 90710 91112=
07591,2009-12-10 00:00:00,1.6,,-0.3,79,-1.6,,3.704,29.632,,170,,,0,0,,,,,,0,og-post,,,,AAXX 10004 07591 04/// /1702 10016 21016 39231 48537 55003 60001 700// 333 60007 90710 91116 555 60005=
07591,2009-12-10 01:00:00,0.5,,-0.3,84,-1.9,,3.704,11.112,,30,,,0,,,,,,,0,og-post,,,,AAXX 10014 07591 24/// /0302 10005 21019 39232 48535 55003 700// 333 60005 90710 91106=
07591,2009-12-10 02:00:00,0.2,,0.7,82,-2.5,,7.408,14.816,,210,,,0,,,,,,,0,og-post,,,,AAXX 10024 07591 24/// /2104 10002 21025 39234 48536 51007 700// 333 60005 90710 91108=
07591,2009-12-10 03:00:00,-0.8,,0.7,86,-2.8,,3.704,14.816,,330,,,0,0,,,,,,0,og-post,,,,AAXX 10034 07591 24/// /3302 11008 21028 39238 48537 53007 700// 333 60007 90710 91108 555 60005=
07591,2009-12-10 04:00:00,-0.7,,-0.1,80,-3.7,,14.816,18.52,,40,,,0,,,,,,,0,og-post,,,,AAXX 10044 07591 24/// /0408 11007 21037 39231 48531 58001 700// 333 60005 90710 91110=
07591,2009-12-10 05:00:00,-0.4,,-0.7,76,-4.1,,11.112,25.928,,50,,,0,,,,,,,0,og-post,,,,AAXX 10054 07591 24/// /0506 11004 21041 39227 48529 58007 700// 333 60005 90710 91114=
07591,2009-12-10 06:00:00,-1.4,,-0.9,80,-4.4,,3.704,18.52,,330,-1.4,4.1,0,0,,,0.2,6.7,-4,0,og-post,,,,AAXX 10064 07591 04/// /3302 11014 21044 39229 48528 55009 60002 700// 333 10041 21014 3/104 55067 60007 70002 90710 91110 555 60005=
07591,2009-12-10 07:00:00,-1.8,,0.8,85,-4,,,7.408,,,,,0,,,,,,,0,og-post,,,,AAXX 10074 07591 24/// /0000 11018 21040 39239 48536 53008 700// 333 60005 90710 91104=
07591,2009-12-10 08:00:00,-0.4,,1,76,-4.1,,7.408,14.816,,20,,,0,,,,,,,0,og-post,,,,AAXX 10084 07591 24/// /0204 11004 21041 39237 48537 50010 700// 333 60005 90710 91108=
07591,2009-12-10 09:00:00,0.6,,1.3,76,-3.1,,3.704,11.112,,220,,,0,0,,,,,,0,og-post,,,,AAXX 10094 07591 24/// /2202 10006 21031 39242 48544 51013 700// 333 60007 90710 91106 555 60005=
07591,2009-12-10 10:00:00,2.7,,0.5,68,-2.6,,7.408,11.112,,50,,,0,,,,,,,0,og-post,,,,AAXX 10104 07591 24/// /0504 10027 21026 39244 48551 53005 700// 333 60005 90710 91106=
07591,2009-12-10 11:00:00,6.1,,-0.2,57,-1.8,,7.408,22.224,,180,,,0,,,,,,,0,og-post,,,,AAXX 10114 07591 24/// /1804 10061 21018 39235 48551 58002 700// 333 60005 90710 91112=
07591,2009-12-10 12:00:00,7.4,,-1.4,51,-2.1,,3.704,14.816,,220,,,0,0,,,,,,0,og-post,,,,AAXX 10124 07591 04/// /2202 10074 21021 39228 48548 58014 60001 700// 333 60007 90710 91108 555 60005=
07591,2009-12-10 13:00:00,7.2,,-2.1,46,-3.6,,3.704,11.112,,160,,,0,,,,,,,0,og-post,,,,AAXX 10134 07591 24/// /1602 10072 21036 39223 48543 56021 700// 333 60005 90710 91106=
07591,2009-12-10 14:00:00,8.7,,-1.7,43,-3.2,,3.704,11.112,,220,,,0,,,,,,,0,og-post,,,,AAXX 10144 07591 24/// /2202 10087 21032 39218 48543 56017 700// 333 60005 90710 91106=
07591,2009-12-10 15:00:00,8.6,,-1,47,-2.1,,3.704,11.112,,190,,,0,0,,,,,,0,og-post,,,,AAXX 10154 07591 24/// /1902 10086 21021 39218 48542 56010 700// 333 60007 90710 91106 555 60005=
07591,2009-12-10 16:00:00,4.7,,-0.6,65,-1.3,,,3.704,,,,,0,,,,,,,0,og-post,,,,AAXX 10164 07591 24/// /0000 10047 21013 39217 48532 56006 700// 333 60005 90710 91102=
07591,2009-12-10 17:00:00,2.8,,-0,70,-2.1,,3.704,7.408,,10,,,0,,,,,,,0,og-post,,,,AAXX 10174 07591 24/// /0102 10028 21021 39218 48529 55000 700// 333 60005 90710 91104=
07591,2009-12-10 18:00:00,1.8,,-0.3,73,-2.5,,7.408,11.112,,30,-1.9,9.4,0,0,,,,,,0,og-post,,,,AAXX 10184 07591 04/// /0304 10018 21025 39215 48524 58003 60002 700// 333 10094 21019 60007 90710 91106 555 60005=
07591,2009-12-10 19:00:00,1.2,,-0.3,76,-2.5,,3.704,11.112,,30,,,0,,,,,,,0,og-post,,,,AAXX 10194 07591 24/// /0302 10012 21025 39214 48521 58003 700// 333 60005 90710 91106=
07591,2009-12-10 20:00:00,0.1,,-0.7,81,-2.8,,3.704,14.816,,340,,,0,,,,,,,0,og-post,,,,AAXX 10204 07591 24/// /3402 10001 21028 39211 48516 57007 700// 333 60005 90710 91108=
07591,2009-12-10 21:00:00,0.3,,-0.7,79,-2.9,,3.704,14.816,,20,,,0,0,,,,,,0,og-post,,,,AAXX 10214 07591 24/// /0202 10003 21029 39208 48514 58007 700// 333 60007 90710 91108 555 60005=
07591,2009-12-10 22:00:00,-0.7,,-0.8,84,-3.1,,,14.816,,,,,0,,,,,,,0,og-post,,,,AAXX 10224 07591 24/// /0000 11007 21031 39206 48510 56008 700// 333 60005 90710 91108=
07591,2009-12-10 23:00:00,-0.1,,-1.2,82,-2.8,,11.112,18.52,,40,,,0,,,,,,,0,og-post,,,,AAXX 10234 07591 24/// /0406 11001 21028 39199 48506 58012 700// 333 60005 90710 91110=
07591,2009-12-11 00:00:00,-0.8,,-1.6,84,-3.2,,7.408,22.224,,10,,,0,0,,,,,,0,og-post,,,,AAXX 11004 07591 04/// /0104 11008 21032 39192 48498 58016 60001 700// 333 60007 90710 91112 555 60005=
07591,2009-12-11 01:00:00,-1.8,,-1.9,88,-3.5,,3.704,14.816,,350,,,0,,,,,,,0,og-post,,,,AAXX 11014 07591 24/// /3502 11018 21035 39187 48491 56019 700// 333 60005 90710 91108=
07591,2009-12-11 02:00:00,-2,,-1.8,86,-4,,3.704,18.52,,90,,,0,,,,,,,0,og-post,,,,AAXX 11024 07591 24/// /0902 11020 21040 39181 48486 56018 700// 333 60005 90710 91110=
07591,2009-12-11 03:00:00,-3.2,,-1.3,91,-4.5,,,7.408,,,,,0,0,,,,,,0,og-post,,,,AAXX 11034 07591 24/// /0000 11032 21045 39179 48481 56013 700// 333 60007 90710 91104 555 60005=
07591,2009-12-11 04:00:00,-2.8,,-1.4,91,-4.1,,3.704,7.408,,210,,,0,,,,,,,0,og-post,,,,AAXX 11044 07591 24/// /2102 11028 21041 39173 48477 57014 700// 333 60005 90710 91104=
07591,2009-12-11 05:00:00,-2.4,,-1.5,85,-4.6,,7.408,18.52,,20,,,0,,,,,,,0,og-post,,,,AAXX 11054 07591 24/// /0204 11024 21046 39166 48472 58015 700// 333 60005 90710 91110=
07591,2009-12-11 06:00:00,-3.2,,-1.4,86,-5.2,,3.704,14.816,,20,-3.3,1.9,0,0,,,0,5.8,-7,0,og-post,,,,AAXX 11064 07591 04/// /0202 11032 21052 39165 48469 56014 60002 700// 333 10019 21033 3/107 55058 60007 70000 90710 91108 555 60005=
07591,2009-12-11 07:00:00,-3,,-1.5,83,-5.5,,7.408,14.816,,30,,,0,,,,,,,0,og-post,,,,AAXX 11074 07591 24/// /0304 11030 21055 39158 48464 57015 700// 333 60005 90710 91108=
07591,2009-12-11 08:00:00,-3.3,,-0.9,87,-5.1,,3.704,14.816,,230,,,0,,,,,,,0,og-post,,,,AAXX 11084 07591 24/// /2302 11033 21051 39157 48462 57009 700// 333 60005 90710 91108=
07591,2009-12-11 09:00:00,-0.5,,-0.6,76,-4.2,,,7.408,,,,,0,0,,,,,,0,og-post,,,,AAXX 11094 07591 24/// /0000 11005 21042 39159 48470 55006 700// 333 60007 90710 91104 555 60005=
07591,2009-12-11 10:00:00,1.7,,0.1,69,-3.4,,3.704,14.816,,60,,,0,,,,,,,0,og-post,,,,AAXX 11104 07591 24/// /0602 10017 21034 39159 48475 53001 700// 333 60005 90710 91108=
07591,2009-12-11 11:00:00,5,,-0.3,60,-2.1,,3.704,7.408,,170,,,0,,,,,,,0,og-post,,,,AAXX 11114 07591 24/// /1702 10050 21021 39154 48478 58003 700// 333 60005 90710 91104=
07591,2009-12-11 12:00:00,7.3,,-1.2,47,-3.2,,7.408,11.112,,210,,,0.2,0.2,0.2,,,,,0,og-post,,,,AAXX 11124 07591 04/// /2104 10073 21032 39147 48477 58012 69921 700// 333 69927 90710 91106 555 69925=
07591,2009-12-11 13:00:00,8.7,,-2.2,46,-2.3,,7.408,11.112,,200,,,0,,,,,,,0,og-post,,,,AAXX 11134 07591 24/// /2004 10087 21023 39137 48471 58022 700// 333 60005 90710 91106=
07591,2009-12-11 14:00:00,8.8,,-1.8,42,-3.4,,7.408,14.816,,200,,,0,,,,,,,0,og-post,,,,AAXX 11144 07591 24/// /2004 10088 21034 39136 48470 56018 700// 333 60005 90710 91108=
07591,2009-12-11 15:00:00,7.6,,-1.8,48,-2.7,,7.408,18.52,,190,,,0,0,,,,,,0,og-post,,,,AAXX 11154 07591 24/// /1904 10076 21027 39129 48461 56018 700// 333 60007 90710 91110 555 60005=
07591,2009-12-11 16:00:00,4.2,,-0.7,59,-3.1,,3.704,14.816,,310,,,0,,,,,,,0,og-post,,,,AAXX 11164 07591 24/// /3102 10042 21031 39130 48455 55007 700// 333 60005 90710 91108=
07591,2009-12-11 17:00:00,2.1,,-0.7,68,-3.2,,3.704,7.408,,350,,,0,,,,,,,0,og-post,,,,AAXX 11174 07591 24/// /3502 10021 21032 39129 48450 56007 700// 333 60005 90710 91104=
07591,2009-12-11 18:00:00,1.3,,0.3,70,-3.6,,3.704,7.408,,360,-3.4,9.2,0,0,,0.2,,,,0,og-post,,,,AAXX 11184 07591 04/// /3602 10013 21036 39132 48451 53003 69922 700// 333 10092 21034 60007 90710 91104 555 60005=
07591,2009-12-11 19:00:00,0.3,,0.4,75,-3.6,,3.704,7.408,,60,,,0,,,,,,,0,og-post,,,,AAXX 11194 07591 24/// /0602 10003 21036 39134 48450 53004 700// 333 60005 90710 91104=
07591,2009-12-11 20:00:00,-0.5,,0.6,78,-3.9,,3.704,11.112,,30,,,0,,,,,,,0,og-post,,,,AAXX 11204 07591 24/// /0302 11005 21039 39135 48449 51006 700// 333 60005 90710 91106=
07591,2009-12-11 21:00:00,-1.6,,0.5,83,-4.1,,,3.704,,,,,0,0,,,,,,0,og-post,,,,AAXX 11214 07591 24/// /0000 11016 21041 39137 48449 52005 700// 333 60007 90710 91102 555 60005=
07591,2009-12-11 22:00:00,-1.9,,0.4,83,-4.4,,,7.408,,,,,0,,,,,,,0,og-post,,,,AAXX 11224 07591 24/// /0000 11019 21044 39138 48449 52004 700// 333 60005 90710 91104=
07591,2009-12-11 23:00:00,-2.4,,0.2,85,-4.6,,3.704,3.704,,350,,,0,,,,,,,0,og-post,,,,AAXX 11234 07591 24/// /3502 11024 21046 39137 48447 50002 700// 333 60005 90710 91102=
07591,2009-12-12 00:00:00,-2.7,,0,84,-5,,3.704,7.408,,20,,,0,0,,,,,,0,og-post,,,,AAXX 12004 07591 04/// /0202 11027 21050 39137 48446 50000 60001 700// 333 60007 90710 91104 555 60005=
07591,2009-12-12 01:00:00,-3.2,,-0.3,88,-5,,3.704,7.408,,340,,,,,,,,,,0,synop_v4,,,,
07591,2009-12-12 02:00:00,-3.1,,-0.3,83,-5.6,,7.408,14.816,,30,,,,,,,,,,0,synop_v4,,,,
07591,2009-12-12 03:00:00,-3.3,,-0.4,82,-5.9,,3.704,11.112,,110,,,0,0,,,,,,0,og-post,,,,AAXX 12034 07591 24/// /1102 11033 21059 39133 48442 56004 700// 333 60007 90710 91106 555 60005=
07591,2009-12-12 04:00:00,-3.5,,-0.6,82,-6.1,,7.408,11.112,,350,,,,,,,,,,0,synop_v4,,,,
07591,2009-12-12 05:00:00,-3.8,,-0.7,81,-6.6,,7.408,11.112,,30,,,,,,,,,,0,synop_v4,,,,
07591,2009-12-12 06:00:00,-3.8,,-0.9,80,-6.7,,7.408,11.112,,10,-4.4,1.3,0,0,,,0.2,7.4,-8,0,og-post,,,,AAXX 12064 07591 04/// /0104 11038 21067 39124 48433 56009 60002 700// 333 10013 21044 3/108 55074 60007 70002 90710 91106 555 60005=
07591,2009-12-12 07:00:00,-4.6,,-0.5,84,-7,,0,14.816,,40,,,,,,,,,,0,synop_v4,,,,
07591,2009-12-12 08:00:00,-5,,-0.3,87,-6.8,,0,3.704,,50,,,,,,,,,,0,synop_v4,,,,
07591,2009-12-12 09:00:00,-0.8,,-0.1,72,-5.2,,,3.704,,,,,0,0,,,,,,0,og-post,,,,AAXX 12094 07591 24/// /0000 11008 21052 39123 48438 58001 700// 333 60007 90710 91102 555 60005=
07591,2009-12-12 10:00:00,-1.3,,-0.2,76,-5,,,3.704,,,,,0,,,,,,,0,og-post,,,,AAXX 12104 07591 24/// /0000 11013 21050 39122 48437 58002 700// 333 60005 90710 91102=
07591,2009-12-12 11:00:00,-0.4,,-1,67,-5.8,,3.704,7.408,,60,,,0,,,,,,,0,og-post,,,,AAXX 12114 07591 24/// /0602 11004 21058 39114 48431 58010 700// 333 60005 90710 91104=
07591,2009-12-12 12:00:00,1.1,,-1.7,65,-4.7,,,7.408,,,,,0,0,,,,,,0,og-post,,,,AAXX 12124 07591 04/// /0000 10011 21047 39106 48428 58017 60001 700// 333 60007 90710 91104 555 60005=
07591,2009-12-12 13:00:00,1.9,,-2.3,57,-5.7,,,7.408,,,,,0,,,,,,,0,og-post,,,,AAXX 12134 07591 24/// /0000 10019 21057 39099 48423 56023 700// 333 60005 90710 91104=
07591,2009-12-12 14:00:00,1.7,,-1.7,62,-4.8,,,3.704,,,,,0,,,,,,,0,og-post,,,,AAXX 12144 07591 24/// /0000 10017 21048 39097 48421 56017 700// 333 60005 90710 91102=
07591,2009-12-12 15:00:00,1.7,,-0.7,62,-4.8,,3.704,3.704,,30,,,0,0,,,,,,0,og-post,,,,AAXX 12154 07591 24/// /0302 10017 21048 39099 48423 55007 700// 333 60007 90710 91102 555 60005=
07591,2009-12-12 16:00:00,1.7,,-0.2,66,-4,,3.704,7.408,,10,,,0,,,,,,,0,og-post,,,,AAXX 12164 07591 24/// /0102 10017 21040 39097 48421 57002 700// 333 60005 90710 91104=
07591,2009-12-12 17:00:00,1.4,,0.1,68,-3.8,,3.704,7.408,,60,,,0,,,,,,,0,og-post,,,,AAXX 12174 07591 24/// /0602 10014 21038 39098 48421 51001 700// 333 60005 90710 91104=
07591,2009-12-12 18:00:00,1.2,,-0.1,72,-3.3,,3.704,7.408,,10,-5,1.9,0,0,,,,,,0,og-post,,,,AAXX 12184 07591 04/// /0102 10012 21033 39098 48421 56001 60002 700// 333 10019 21050 60007 90710 91104 555 60005=
07591,2009-12-12 19:00:00,2,,0,67,-3.5,,14.816,22.224,,10,,,0,,,,,,,0,og-post,,,,AAXX 12194 07591 24/// /0108 10020 21035 39097 48422 50000 700// 333 60005 90710 91112=
07591,2009-12-12 20:00:00,1.3,,-0.3,79,-1.9,,18.52,29.632,,10,,,0,,,,,,,0,og-post,,,,AAXX 12204 07591 24/// /0110 10013 21019 39095 48419 58003 700// 333 60005 90710 91116=
07591,2009-12-12 21:00:00,1.4,,-0.2,78,-2,,22.224,29.632,,360,,,0,0,,,,,,0,og-post,,,,AAXX 12214 07591 24/// /3612 10014 21020 39096 48420 55002 700// 333 60007 90710 91116 555 60005=
07591,2009-12-12 22:00:00,1.2,,0.1,79,-2,,11.112,29.632,,30,,,0,,,,,,,0,og-post,,,,AAXX 12224 07591 24/// /0306 10012 21020 39098 48421 53001 700// 333 60005 90710 91116=
07591,2009-12-12 23:00:00,1.3,,0.2,77,-2.3,,14.816,22.224,,30,,,0,,,,,,,0,og-post,,,,AAXX 12234 07591 24/// /0308 10013 21023 39097 48420 50002 700// 333 60005 90710 91112=
07591,2009-12-13 00:00:00,1.2,,-0.1,74,-2.9,,11.112,22.224,,50,,,0,0,,,,,,0,og-post,,,,AAXX 13004 07591 04/// /0506 10012 21029 39095 48418 58001 60001 700// 333 60007 90710 91112 555 60005=
07591,2009-12-13 01:00:00,2.4,,-0.7,61,-4.3,,22.224,35.188,,360,,,0,,,,,,,0,og-post,,,,AAXX 13014 07591 24/// /3612 10024 21043 39091 48417 58007 700// 333 60005 90710 91119=
07591,2009-12-13 02:00:00,2.5,,-0.9,57,-5.1,,25.928,42.596,,350,,,0,,,,,,,0,og-post,,,,AAXX 13024 07591 24/// /3514 10025 21051 39088 48415 58009 700// 333 60005 90710 91123=
07591,2009-12-13 03:00:00,2.5,,-1.1,54,-5.8,,25.928,42.596,,360,,,0,0,,,,,,0,og-post,,,,AAXX 13034 07591 24/// /3614 10025 21058 39084 48411 57011 700// 333 60007 90710 91123 555 60005=
07591,2009-12-13 04:00:00,2.3,,-1.1,55,-5.8,,25.928,42.596,,350,,,0,,,,,,,0,og-post,,,,AAXX 13044 07591 24/// /3514 10023 21058 39080 48407 58011 700// 333 60005 90710 91123=
07591,2009-12-13 05:00:00,2.3,,-0.7,53,-6.3,,22.224,38.892,,360,,,0,,,,,,,0,og-post,,,,AAXX 13054 07591 24/// /3612 10023 21063 39081 48408 55007 700// 333 60005 90710 91121=
07591,2009-12-13 06:00:00,2.2,,-0.3,53,-6.4,,25.928,38.892,,360,1,2.6,0,0,,,0,1.6,-0,0,og-post,,,,AAXX 13064 07591 04/// /3614 10022 21064 39081 48408 56003 60002 700// 333 10026 20010 3/100 55016 60007 70000 90710 91121 555 60005=
07591,2009-12-13 07:00:00,1.2,,0.3,59,-5.9,,14.816,42.596,,40,,,0,,,,,,,0,og-post,,,,AAXX 13074 07591 24/// /0408 10012 21059 39083 48408 53003 700// 333 60005 90710 91123=
07591,2009-12-13 08:00:00,1.3,,0.4,58,-6,,14.816,31.484,,30,,,0,,,,,,,0,og-post,,,,AAXX 13084 07591 24/// /0308 10013 21060 39085 48409 53004 700// 333 60005 90710 91117=
07591,2009-12-13 09:00:00,1.8,,0.5,56,-6,,14.816,29.632,,50,,,0,0,,,,,,0,og-post,,,,AAXX 13094 07591 24/// /0508 10018 21060 39086 48411 51005 700// 333 60007 90710 91116 555 60005=
07591,2009-12-13 10:00:00,1,,0.7,74,-3.1,,3.704,18.52,,210,,,0,,,,,,,0,og-post,,,,AAXX 13104 07591 24/// /2102 10010 21031 39090 48413 53007 700// 333 60005 90710 91110=
07591,2009-12-13 11:00:00,1.6,,-0.1,68,-3.7,,7.408,18.52,,50,,,0,,,,,,,0,og-post,,,,AAXX 13114 07591 24/// /0504 10016 21037 39084 48409 58001 700// 333 60005 90710 91110=
07591,2009-12-13 12:00:00,3.1,,-0.9,57,-4.6,,25.928,42.596,,10,,,0,0,,,,,,0,og-post,,,,AAXX 13124 07591 04/// /0114 10031 21046 39077 48406 58009 60001 700// 333 60007 90710 91123 555 60005=
07591,2009-12-13 13:00:00,3.5,,-2,54,-4.9,,22.224,42.596,,350,,,0,,,,,,,0,og-post,,,,AAXX 13134 07591 24/// /3512 10035 21049 39070 48401 58020 700// 333 60005 90710 91123=
07591,2009-12-13 14:00:00,3.7,,-1.6,47,-6.5,,22.224,38.892,,360,,,0,,,,,,,0,og-post,,,,AAXX 13144 07591 24/// /3612 10037 21065 39068 48399 56016 700// 333 60005 90710 91121=
07591,2009-12-13 15:00:00,3.5,,-0.8,47,-6.7,,22.224,35.188,,10,,,0,0,,,,,,0,og-post,,,,AAXX 13154 07591 24/// /0112 10035 21067 39069 48400 55008 700// 333 60007 90710 91119 555 60005=
07591,2009-12-13 16:00:00,2.8,,-0.1,44,-8.2,,25.928,42.596,,10,,,0,,,,,,,0,og-post,,,,AAXX 13164 07591 24/// /0114 10028 21082 39069 48398 56001 700// 333 60005 90710 91123=
07591,2009-12-13 17:00:00,1.9,,0.6,45,-8.8,,25.928,42.596,,350,,,0,,,,,,,0,og-post,,,,AAXX 13174 07591 24/// /3514 10019 21088 39074 48401 53006 700// 333 60005 90710 91123=
07591,2009-12-13 18:00:00,1.2,,1,47,-8.8,,29.632,50.004,,360,0.8,3.8,0,0,,,,,,0,og-post,,,,AAXX 13184 07591 04/// /3616 10012 21088 39079 48404 53010 60002 700// 333 10038 20008 60007 90710 91127 555 60005=
07591,2009-12-13 19:00:00,0.8,,1.2,47,-9.2,,29.632,50.004,,350,,,0,,,,,,,0,og-post,,,,AAXX 13194 07591 24/// /3516 10008 21092 39081 48405 51012 700// 333 60005 90710 91127=
07591,2009-12-13 20:00:00,0.3,,1,48,-9.4,,31.484,50.004,,350,,,0,,,,,,,0,og-post,,,,AAXX 13204 07591 24/// /3517 10003 21094 39084 48406 51010 700// 333 60005 90710 91127=
07591,2009-12-13 21:00:00,0.1,,0.8,49,-9.3,,31.484,50.004,,350,,,0,0,,,,,,0,og-post,,,,AAXX 13214 07591 24/// /3517 10001 21093 39087 48409 53008 700// 333 60007 90710 91127 555 60005=
07591,2009-12-13 22:00:00,0,,0.9,48,-9.7,,29.632,46.3,,350,,,0,,,,,,,0,og-post,,,,AAXX 13224 07591 24/// /3516 10000 21097 39090 48411 52009 700// 333 60005 90710 91125=
07591,2009-12-13 23:00:00,-0.1,,0.6,48,-9.8,,29.632,46.3,,350,,,0,,,,,,,0,og-post,,,,AAXX 13234 07591 24/// /3516 11001 21098 39090 48411 51006 700// 333 60005 90710 91125=
07591,2009-12-14 00:00:00,-0.1,,0.1,48,-9.8,,29.632,46.3,,350,,,0,0,,,,,,0,og-post,,,,AAXX 14004 07591 04/// /3516 11001 21098 39088 48409 50001 60001 700// 333 60007 90710 91125 555 60005=
07591,2009-12-14 01:00:00,-0.1,,-0.7,48,-9.8,,25.928,46.3,,360,,,0,,,,,,,0,og-post,,,,AAXX 14014 07591 24/// /3614 11001 21098 39083 48405 58007 700// 333 60005 90710 91125=
07591,2009-12-14 02:00:00,0.3,,-1,46,-9.9,,25.928,50.004,,20,,,0,,,,,,,0,og-post,,,,AAXX 14024 07591 24/// /0214 10003 21099 39080 48403 58010 700// 333 60005 90710 91127=
07591,2009-12-14 03:00:00,0.7,,-1.3,42,-10.7,,29.632,53.708,50.004,20,,,0,0,,,,,,0,og-post,,,,AAXX 14034 07591 24/// /0216 10007 21107 39075 48399 57013 700// 333 60007 91027 90710 91129 555 60005=
07591,2009-12-14 04:00:00,-0.1,,-1.2,46,-10.3,,29.632,53.708,53.708,360,,,0,,,,,,,0,og-post,,,,AAXX 14044 07591 24/// /3616 11001 21103 39071 48394 58012 700// 333 60005 91029 90710 91129=
07591,2009-12-14 05:00:00,-0.2,,-0.9,44,-11,,29.632,53.708,53.708,360,,,0,,,,,,,0,og-post,,,,AAXX 14054 07591 24/// /3616 11002 21110 39071 48394 56009 700// 333 60005 91029 90710 91129=
07591,2009-12-14 06:00:00,-0.1,,-0.4,44,-10.9,,31.484,53.708,53.708,10,-0.6,1.2,0,0,,,0,0.4,-2,0,og-post,,,,AAXX 14064 07591 04/// /0117 11001 21109 39071 48394 56004 60002 700// 333 10012 21006 3/102 55004 60007 70000 91029 90710 91129 555 60005=
07591,2009-12-14 07:00:00,-0.9,,0.1,46,-11,,31.484,64.82,53.708,360,,,0,,,,,,,0,og-post,,,,AAXX 14074 07591 24/// /3617 11009 21110 39072 48394 53001 700// 333 60005 91029 90710 91135=
07591,2009-12-14 08:00:00,-0.9,,0.4,46,-11,,35.188,57.412,57.412,360,,,0,,,,,,,0,og-post,,,,AAXX 14084 07591 24/// /3619 11009 21110 39075 48396 53004 700// 333 60005 91031 90710 91131=
07591,2009-12-14 09:00:00,0.9,,0.2,39,-11.5,,31.484,57.412,53.708,10,,,0,0,,,,,,0,og-post,,,,AAXX 14094 07591 24/// /0117 10009 21115 39073 48398 50002 700// 333 60007 91029 90710 91131 555 60005=
07591,2009-12-14 10:00:00,1.9,,-0.2,36,-11.6,,35.188,61.116,61.116,20,,,0,,,,,,,0,og-post,,,,AAXX 14104 07591 24/// /0219 10019 21116 39070 48397 58002 700// 333 60005 91033 90710 91133=
07591,2009-12-14 11:00:00,2.6,,-0.7,35,-11.3,,42.596,68.524,64.82,30,,,0,,,,,,,0,og-post,,,,AAXX 14114 07591 24/// /0323 10026 21113 39068 48397 57007 700// 333 60005 91035 90710 91137=
07591,2009-12-14 12:00:00,3.1,,-1.1,34,-11.2,,35.188,64.82,61.116,20,,,0,0,,,,,,0,og-post,,,,AAXX 14124 07591 04/// /0219 10031 21112 39062 48392 58011 60001 700// 333 60007 91033 90710 91135 555 60005=
07591,2009-12-14 13:00:00,3.3,,-1.8,33,-11.4,,38.892,68.524,64.82,20,,,0,,,,,,,0,og-post,,,,AAXX 14134 07591 24/// /0221 10033 21114 39052 48384 58018 700// 333 60005 91035 90710 91137=
07591,2009-12-14 14:00:00,3.7,,-1.5,33,-11.1,,31.484,61.116,53.708,20,,,0,,,,,,,0,og-post,,,,AAXX 14144 07591 24/// /0217 10037 21111 39053 48386 55015 700// 333 60005 91029 90710 91133=
07591,2009-12-14 15:00:00,3.2,,-1.3,34,-11.1,,35.188,61.116,53.708,20,,,0,0,,,,,,0,og-post,,,,AAXX 14154 07591 24/// /0219 10032 21111 39049 48381 56013 700// 333 60007 91029 90710 91133 555 60005=
07591,2009-12-14 16:00:00,2.4,,-0.5,37,-10.8,,35.188,64.82,57.412,20,,,0,,,,,,,0,og-post,,,,AAXX 14164 07591 24/// /0219 10024 21108 39047 48378 58005 700// 333 60005 91031 90710 91135=
07591,2009-12-14 17:00:00,2,,-0.4,38,-10.8,,35.188,64.82,57.412,10,,,0,,,,,,,0,og-post,,,,AAXX 14174 07591 24/// /0119 10020 21108 39049 48379 55004 700// 333 60005 91031 90710 91135=
07591,2009-12-14 18:00:00,1.3,,-0.2,39,-11.1,,31.484,57.412,,10,-1.1,3.8,0,0,,,,,,0,og-post,,,,AAXX 14184 07591 04/// /0117 10013 21111 39047 48376 57002 60002 700// 333 10038 21011 60007 90710 91131 555 60005=
07591,2009-12-14 19:00:00,0.3,,0.3,43,-10.8,,31.484,61.116,53.708,10,,,0,,,,,,,0,og-post,,,,AAXX 14194 07591 24/// /0117 10003 21108 39050 48377 53003 700// 333 60005 91029 90710 91133=
07591,2009-12-14 20:00:00,0,,0.2,43,-11.1,,29.632,53.708,,20,,,0,,,,,,,0,og-post,,,,AAXX 14204 07591 24/// /0216 10000 21111 39051 48377 53002 700// 333 60005 90710 91129=
07591,2009-12-14 21:00:00,-0.5,,0.4,44,-11.2,,25.928,57.412,,30,,,0,0,,,,,,0,og-post,,,,AAXX 14214 07591 24/// /0314 11005 21112 39051 48376 51004 700// 333 60007 90710 91131 555 60005=
07591,2009-12-14 22:00:00,-0.8,,0.1,45,-11.2,,18.52,50.004,,50,,,0,,,,,,,0,og-post,,,,AAXX 14224 07591 24/// /0510 11008 21112 39051 48376 51001 700// 333 60005 90710 91127=
07591,2009-12-14 23:00:00,-1,,-0.3,45,-11.4,,18.52,38.892,,30,,,0,,,,,,,0,og-post,,,,AAXX 14234 07591 24/// /0310 11010 21114 39048 48373 58003 700// 333 60005 90710 91121=
07591,2009-12-15 00:00:00,-1,,-0.5,45,-11.4,,22.224,42.596,,50,,,0,0,,,,,,0,og-post,,,,AAXX 15004 07591 04/// /0512 11010 21114 39046 48371 58005 60001 700// 333 60007 90710 91123 555 60005=
07591,2009-12-15 01:00:00,-0.3,,-1.2,42,-11.6,,35.188,57.412,57.412,10,,,0,,,,,,,0,og-post,,,,AAXX 15014 07591 24/// /0119 11003 21116 39039 48366 58012 700// 333 60005 91031 90710 91131=
07591,2009-12-15 02:00:00,-0.9,,-1.1,43,-11.9,,31.484,50.004,,20,,,0,,,,,,,0,og-post,,,,AAXX 15024 07591 24/// /0217 11009 21119 39037 48363 57011 700// 333 60005 90710 91127=
07591,2009-12-15 03:00:00,-1.1,,-1.4,44,-11.8,,29.632,46.3,,10,,,0,0,,,,,,0,og-post,,,,AAXX 15034 07591 24/// /0116 11011 21118 39032 48358 56014 700// 333 60007 90710 91125 555 60005=
07591,2009-12-15 04:00:00,-1.6,,-1,45,-11.9,,25.928,35.188,,30,,,0,,,,,,,0,og-post,,,,AAXX 15044 07591 24/// /0314 11016 21119 39029 48355 58010 700// 333 60005 90710 91119=
07591,2009-12-15 05:00:00,-2.4,,-0.9,48,-11.9,,18.52,38.892,,20,,,0,,,,,,,0,og-post,,,,AAXX 15054 07591 24/// /0210 11024 21119 39028 48353 56009 700// 333 60005 90710 91121=
07591,2009-12-15 06:00:00,-2.4,,-1,47,-12.1,,22.224,38.892,,10,-2.8,1.3,0,0,,,0,7.3,-5,0,og-post,,,,AAXX 15064 07591 04/// /0112 11024 21121 39022 48347 58010 60002 700// 333 10013 21028 3/105 55073 60007 70000 90710 91121 555 60005=
07591,2009-12-15 07:00:00,-2.4,,-0.5,46,-12.4,,22.224,38.892,,10,,,0,,,,,,,0,og-post,,,,AAXX 15074 07591 24/// /0112 11024 21124 39024 48349 55005 700// 333 60005 90710 91121=
07591,2009-12-15 08:00:00,-2.8,,-0,49,-12,,11.112,31.484,,30,,,0,,,,,,,0,og-post,,,,AAXX 15084 07591 24/// /0306 11028 21120 39028 48352 55000 700// 333 60005 90710 91117=
07591,2009-12-15 09:00:00,-0.3,,0.4,41,-11.9,,11.112,31.484,,60,,,0,0,,,,,,0,og-post,,,,AAXX 15094 07591 24/// /0606 11003 21119 39026 48355 50004 700// 333 60007 90710 91117 555 60005=
07591,2009-12-15 10:00:00,1.3,,0.1,36,-12.1,,7.408,29.632,,100,,,0,,,,,,,0,og-post,,,,AAXX 15104 07591 24/// /1004 10013 21121 39025 48356 50001 700// 333 60005 90710 91116=
07591,2009-12-15 11:00:00,3,,-0.8,39,-9.6,,7.408,14.816,,190,,,0,,,,,,,0,og-post,,,,AAXX 15114 07591 24/// /1904 10030 21096 39020 48355 58008 700// 333 60005 90710 91108=
07591,2009-12-15 12:00:00,3.6,,-1.4,36,-10,,7.408,18.52,,170,,,0,0,,,,,,0,og-post,,,,AAXX 15124 07591 04/// /1704 10036 21100 39012 48349 58014 60001 700// 333 60007 90710 91110 555 60005=
07591,2009-12-15 13:00:00,3.9,,-2,37,-9.4,,7.408,14.816,,220,,,0,,,,,,,0,og-post,,,,AAXX 15134 07591 24/// /2204 10039 21094 39005 48343 58020 700// 333 60005 90710 91108=
07591,2009-12-15 14:00:00,3.4,,-1.8,45,-7.4,,11.112,18.52,,210,,,0,,,,,,,0,og-post,,,,AAXX 15144 07591 24/// /2106 10034 21074 39002 48340 56018 700// 333 60005 90710 91110=
07591,2009-12-15 15:00:00,2.4,,-0.7,49,-7.2,,7.408,22.224,,190,,,0,0,,,,,,0,og-post,,,,AAXX 15154 07591 24/// /1904 10024 21072 39005 48341 55007 700// 333 60007 90710 91112 555 60005=
07591,2009-12-15 16:00:00,-0.7,,0.4,58,-7.9,,3.704,11.112,,190,,,0,,,,,,,0,og-post,,,,AAXX 15164 07591 24/// /1902 11007 21079 39009 48339 53004 700// 333 60005 90710 91106=
07591,2009-12-15 17:00:00,-2.2,,1.1,64,-8.1,,3.704,11.112,,210,,,0,,,,,,,0,og-post,,,,AAXX 15174 07591 24/// /2102 11022 21081 39013 48340 53011 700// 333 60005 90710 91106=
07591,2009-12-15 18:00:00,-3.2,,1.2,69,-8.1,,3.704,7.408,,200,-3.2,4.2,0,0,,,,,,0,og-post,,,,AAXX 15184 07591 04/// /2002 11032 21081 39017 48342 52012 60002 700// 333 10042 21032 60007 90710 91104 555 60005=
07591,2009-12-15 19:00:00,-4.1,,1.4,73,-8.2,,,7.408,,,,,0,,,,,,,0,og-post,,,,AAXX 15194 07591 24/// /0000 11041 21082 39023 48345 53014 700// 333 60005 90710 91104=
07591,2009-12-15 20:00:00,-5.1,,1.1,77,-8.5,,,3.704,,,,,0,,,,,,,0,og-post,,,,AAXX 15204 07591 24/// /0000 11051 21085 39024 48345 51011 700// 333 60005 90710 91102=
07591,2009-12-15 21:00:00,-5.7,,0.9,79,-8.7,,3.704,7.408,,40,,,0,0,,,,,,0,og-post,,,,AAXX 15214 07591 24/// /0402 11057 21087 39026 48345 51009 700// 333 60007 90710 91104 555 60005=
07591,2009-12-15 22:00:00,-6.6,,1,83,-9,,,3.704,,,,,0,,,,,,,0,og-post,,,,AAXX 15224 07591 24/// /0000 11066 21090 39033 48350 53010 700// 333 60005 90710 91102=
07591,2009-12-15 23:00:00,-6.8,,1,85,-8.9,,3.704,3.704,,20,,,0,,,,,,,0,og-post,,,,AAXX 15234 07591 24/// /0202 11068 21089 39034 48350 51010 700// 333 60005 90710 91102=
07591,2009-12-16 00:00:00,-7.2,,0.9,86,-9.1,,3.704,3.704,,360,,,0,0,,,,,,0,og-post,,,,AAXX 16004 07591 04/// /3602 11072 21091 39035 48350 51009 60001 700// 333 60007 90710 91102 555 60005=
07591,2009-12-16 01:00:00,-7.9,,0.3,87,-9.7,,,7.408,,,,,0,,,,,,,0,og-post,,,,AAXX 16014 07591 24/// /0000 11079 21097 39036 48350 52003 700// 333 60005 90710 91104=
07591,2009-12-16 02:00:00,-8.5,,0.3,88,-10.1,,,3.704,,,,,0,,,,,,,0,og-post,,,,AAXX 16024 07591 24/// /0000 11085 21101 39037 48350 52003 700// 333 60005 90710 91102=
07591,2009-12-16 03:00:00,-8,,0.4,89,-9.5,,3.704,7.408,,40,,,0,0,,,,,,0,og-post,,,,AAXX 16034 07591 24/// /0402 11080 21095 39039 48352 53004 700// 333 60007 90710 91104 555 60005=
07591,2009-12-16 04:00:00,-7.2,,0.1,86,-9.1,,3.704,7.408,,40,,,0,,,,,,,0,og-post,,,,AAXX 16044 07591 24/// /0402 11072 21091 39037 48352 50001 700// 333 60005 90710 91104=
07591,2009-12-16 05:00:00,-6.9,,0.3,85,-9,,,3.704,,,,,0,,,,,,,0,og-post,,,,AAXX 16054 07591 24/// /0000 11069 21090 39040 48355 53003 700// 333 60005 90710 91102=
07591,2009-12-16 06:00:00,-6.9,,-0.1,86,-8.8,,,7.408,,,-8.6,-3.2,0,0,,,0,7.4,-13,0,og-post,,,,AAXX 16064 07591 04/// /0000 11069 21088 39038 48353 57001 60002 700// 333 11032 21086 3/113 55074 60007 70000 90710 91104 555 60005=
07591,2009-12-16 07:00:00,-8.4,,0.1,84,-10.6,,3.704,18.52,,30,,,0,,,,,,,0,og-post,,,,AAXX 16074 07591 24/// /0302 11084 21106 39038 48351 51001 700// 333 60005 90710 91110=
07591,2009-12-16 08:00:00,-9.1,,-0.8,81,-11.7,,3.704,22.224,,60,,,0,,,,,,,0,og-post,,,,AAXX 16084 07591 24/// /0602 11091 21117 39032 48344 58008 700// 333 60005 90710 91112=
07591,2009-12-16 09:00:00,-6.2,,0.7,72,-10.4,,,11.112,,,,,0,0,,,,,,0,og-post,,,,AAXX 16094 07591 24/// /0000 11062 21104 39045 48361 53007 700// 333 60007 90710 91106 555 60005=
07591,2009-12-16 10:00:00,-4.1,,0.3,62,-10.3,,3.704,7.408,,70,,,0,,,,,,,0,og-post,,,,AAXX 16104 07591 24/// /0702 11041 21103 39041 48361 53003 700// 333 60005 90710 91104=
07591,2009-12-16 11:00:00,-2.6,,0.3,57,-9.9,,7.408,11.112,,170,,,0,,,,,,,0,og-post,,,,AAXX 16114 07591 24/// /1704 11026 21099 39035 48358 50003 700// 333 60005 90710 91106=
07591,2009-12-16 12:00:00,-1.2,,-1.7,53,-9.5,,7.408,14.816,,190,,,0,0,,,,,,0,og-post,,,,AAXX 16124 07591 04/// /1904 11012 21095 39028 48355 58017 60001 700// 333 60007 90710 91108 555 60005=
07591,2009-12-16 13:00:00,-0.4,,-2.5,47,-10.3,,3.704,14.816,,150,,,0,,,,,,,0,og-post,,,,AAXX 16134 07591 24/// /1502 11004 21103 39016 48346 58025 700// 333 60005 90710 91108=
07591,2009-12-16 14:00:00,0.3,,-1.7,53,-8.1,,7.408,14.816,,210,,,0,,,,,,,0,og-post,,,,AAXX 16144 07591 24/// /2104 10003 21081 39018 48349 55017 700// 333 60005 90710 91108=
07591,2009-12-16 15:00:00,-1.5,,-1.2,59,-8.4,,3.704,14.816,,220,,,0,0,,,,,,0,og-post,,,,AAXX 16154 07591 24/// /2202 11015 21084 39016 48344 56012 700// 333 60007 90710 91108 555 60005=
07591,2009-12-16 16:00:00,-2.4,,-0.3,63,-8.5,,3.704,7.408,,360,,,0,,,,,,,0,og-post,,,,AAXX 16164 07591 24/// /3602 11024 21085 39013 48340 58003 700// 333 60005 90710 91104=
07591,2009-12-16 17:00:00,-3,,-1,67,-8.2,,7.408,11.112,,20,,,0,,,,,,,0,og-post,,,,AAXX 16174 07591 24/// /0204 11030 21082 39008 48334 58010 700// 333 60005 90710 91106=
07591,2009-12-16 18:00:00,-4.1,,-0.7,71,-8.6,,3.704,7.408,,190,-9.2,0.3,0,0,,,,,,0,og-post,,,,AAXX 16184 07591 04/// /1902 11041 21086 39009 48333 55007 60002 700// 333 10003 21092 60007 90710 91104 555 60005=
07591,2009-12-16 19:00:00,-4.6,,-0.6,76,-8.2,,,7.408,,,,,0,,,,,,,0,og-post,,,,AAXX 16194 07591 24/// /0000 11046 21082 39007 48331 56006 700// 333 60005 90710 91104=
07591,2009-12-16 20:00:00,-5.5,,0.1,80,-8.4,,,3.704,,,,,0,,,,,,,0,og-post,,,,AAXX 16204 07591 24/// /0000 11055 21084 39009 48331 53001 700// 333 60005 90710 91102=
07591,2009-12-16 21:00:00,-6.2,,-0.2,81,-8.9,,3.704,11.112,,350,,,0,0,,,,,,0,og-post,,,,AAXX 16214 07591 24/// /3502 11062 21089 39007 48328 57002 700// 333 60007 90710 91106 555 60005=
07591,2009-12-16 22:00:00,-6.9,,0.2,81,-9.6,,3.704,11.112,,30,,,0,,,,,,,0,og-post,,,,AAXX 16224 07591 24/// /0302 11069 21096 39009 48329 52002 700// 333 60005 90710 91106=
07591,2009-12-16 23:00:00,-7.4,,-0.2,78,-10.6,,,14.816,,,,,0,,,,,,,0,og-post,,,,AAXX 16234 07591 24/// /0000 11074 21106 39007 48326 57002 700// 333 60005 90710 91108=
07591,2009-12-17 00:00:00,-8.2,,-0.2,80,-11,,3.704,7.408,,50,,,0,0,,,,,,0,og-post,,,,AAXX 17004 07591 04/// /0502 11082 21110 39005 48323 58002 60001 700// 333 60007 90710 91104 555 60005=
07591,2009-12-17 01:00:00,-8.9,,-0.4,80,-11.7,,,11.112,,,,,0,,,,,,,0,og-post,,,,AAXX 17014 07591 24/// /0000 11089 21117 39005 48322 56004 700// 333 60005 90710 91106=
07591,2009-12-17 02:00:00,-9.2,,-0.3,80,-12,,,11.112,,,,,0,,,,,,,0,og-post,,,,AAXX 17024 07591 24/// /0000 11092 21120 39004 48320 56003 700// 333 60005 90710 91106=
07591,2009-12-17 03:00:00,-9.8,,-0.4,85,-11.8,,3.704,3.704,,350,,,0,0,,,,,,0,og-post,,,,AAXX 17034 07591 24/// /3502 11098 21118 39001 48317 58004 700// 333 60007 90710 91102 555 60005=
07591,2009-12-17 04:00:00,-10.1,,-0.5,83,-12.4,,,7.408,,,,,0,,,,,,,0,og-post,,,,AAXX 17044 07591 24/// /0000 11101 21124 39000 48315 57005 700// 333 60005 90710 91104=
07591,2009-12-17 05:00:00,-10.3,,-0.1,84,-12.5,,,7.408,,,,,0,,,,,,,0,og-post,,,,AAXX 17054 07591 24/// /0000 11103 21125 39003 48318 55001 700// 333 60005 90710 91104=
07591,2009-12-17 06:00:00,-9.9,,-0.5,79,-12.8,,7.408,11.112,,30,-10.4,-4.1,0,0,,,0,6.1,-15,0,og-post,,,,AAXX 17064 07591 04/// /0304 11099 21128 38996 48312 58005 60002 700// 333 11041 21104 3/115 55061 60007 70000 90710 91106 555 60005=
07591,2009-12-17 07:00:00,-10.6,,0.4,82,-13.1,,3.704,14.816,,210,,,0,,,,,,,0,og-post,,,,AAXX 17074 07591 24/// /2102 11106 21131 39004 48318 53004 700// 333 60005 90710 91108=
07591,2009-12-17 08:00:00,-10.2,,0.1,78,-13.3,,7.408,11.112,,30,,,0,,,,,,,0,og-post,,,,AAXX 17084 07591 24/// /0304 11102 21133 39004 48319 53001 700// 333 60005 90710 91106=
07591,2009-12-17 09:00:00,-7,,1.3,71,-11.3,,3.704,11.112,,150,,,0,0,,,,,,0,og-post,,,,AAXX 17094 07591 24/// /1502 11070 21113 39009 48328 51013 700// 333 60007 90710 91106 555 60005=
07591,2009-12-17 10:00:00,-4.7,,0.3,57,-11.9,,,7.408,,,,,0,,,,,,,0,og-post,,,,AAXX 17104 07591 24/// /0000 11047 21119 39007 48330 50003 700// 333 60005 90710 91104=
07591,2009-12-17 11:00:00,-3,,-0.4,50,-11.9,,7.408,11.112,,150,,,0,,,,,,,0,og-post,,,,AAXX 17114 07591 24/// /1504 11030 21119 39000 48327 58004 700// 333 60005 90710 91106=
07591,2009-12-17 12:00:00,-1.7,,-1.5,48,-11.2,,7.408,18.52,,190,,,0,0,,,,,,0,og-post,,,,AAXX 17124 07591 04/// /1904 11017 21112 38994 48324 58015 60001 700// 333 60007 90710 91110 555 60005=
07591,2009-12-17 13:00:00,-1.3,,-1.2,50,-10.4,,11.112,18.52,,210,,,0,,,,,,,0,og-post,,,,AAXX 17134 07591 24/// /2106 11013 21104 38995 48326 55012 700// 333 60005 90710 91110=
07591,2009-12-17 14:00:00,-1.4,,-0.3,51,-10.2,,14.816,25.928,,210,,,0,,,,,,,0,og-post,,,,AAXX 17144 07591 24/// /2108 11014 21102 38997 48327 55003 700// 333 60005 90710 91114=
07591,2009-12-17 15:00:00,-2,,0.6,53,-10.3,,7.408,25.928,,170,,,0,0,,,,,,0,og-post,,,,AAXX 17154 07591 24/// /1704 11020 21103 39000 48329 53006 700// 333 60007 90710 91114 555 60005=
07591,2009-12-17 16:00:00,-4.3,,1.1,58,-11.3,,3.704,14.816,,260,,,0,,,,,,,0,og-post,,,,AAXX 17164 07591 24/// /2602 11043 21113 39006 48330 53011 700// 333 60005 90710 91108=
07591,2009-12-17 17:00:00,-6,,1.2,61,-12.3,,,7.408,,,,,0,,,,,,,0,og-post,,,,AAXX 17174 07591 24/// /0000 11060 21123 39009 48330 52012 700// 333 60005 90710 91104=
07591,2009-12-17 18:00:00,-7.4,,1.8,69,-12.1,,,3.704,,,-10.9,-1,0,0,,,,,,0,og-post,,,,AAXX 17184 07591 04/// /0000 11074 21121 39018 48335 53018 60002 700// 333 11010 21109 60007 90710 91102 555 60005=
07591,2009-12-17 19:00:00,-8.2,,1.6,75,-11.8,,,7.408,,,,,0,,,,,,,0,og-post,,,,AAXX 17194 07591 24/// /0000 11082 21118 39022 48337 53016 700// 333 60005 90710 91104=
07591,2009-12-17 20:00:00,-8.4,,1.8,75,-12,,3.704,7.408,,360,,,0,,,,,,,0,og-post,,,,AAXX 17204 07591 24/// /3602 11084 21120 39027 48341 51018 700// 333 60005 90710 91104=
07591,2009-12-17 21:00:00,-8.3,,0.8,75,-11.9,,7.408,22.224,,60,,,0,0,,,,,,0,og-post,,,,AAXX 17214 07591 24/// /0604 11083 21119 39026 48341 50008 700// 333 60007 90710 91112 555 60005=
07591,2009-12-17 22:00:00,-8.6,,0.7,74,-12.4,,,22.224,,,,,0,,,,,,,0,og-post,,,,AAXX 17224 07591 24/// /0000 11086 21124 39029 48343 51007 700// 333 60005 90710 91112=
07591,2009-12-17 23:00:00,-9.5,,0.2,79,-12.4,,3.704,11.112,,360,,,0,,,,,,,0,og-post,,,,AAXX 17234 07591 24/// /3602 11095 21124 39029 48341 53002 700// 333 60005 90710 91106=
07591,2009-12-18 00:00:00,-10.2,,0.4,81,-12.8,,,7.408,,,,,0,0,,,,,,0,og-post,,,,AAXX 18004 07591 04/// /0000 11102 21128 39030 48341 51004 60001 700// 333 60007 90710 91104 555 60005=
07591,2009-12-18 01:00:00,-10.2,,0.2,79,-13.1,,3.704,11.112,,60,,,0,,,,,,,0,og-post,,,,AAXX 18014 07591 24/// /0602 11102 21131 39031 48341 53002 700// 333 60005 90710 91106=
07591,2009-12-18 02:00:00,-10.1,,-0.4,77,-13.3,,7.408,18.52,,50,,,0,,,,,,,0,og-post,,,,AAXX 18024 07591 24/// /0504 11101 21133 39025 48337 58004 700// 333 60005 90710 91110=
07591,2009-12-18 03:00:00,-10.2,,-0.9,77,-13.4,,7.408,14.816,,40,,,0,0,,,,,,0,og-post,,,,AAXX 18034 07591 24/// /0404 11102 21134 39021 48333 58009 700// 333 60007 90710 91108 555 60005=
07591,2009-12-18 04:00:00,-10.1,,-1.7,76,-13.5,,3.704,14.816,,20,,,0,,,,,,,0,og-post,,,,AAXX 18044 07591 24/// /0202 11101 21135 39014 48327 58017 700// 333 60005 90710 91108=
07591,2009-12-18 05:00:00,-10.7,,-1.2,80,-13.5,,3.704,11.112,,150,,,0,,,,,,,0,og-post,,,,AAXX 18054 07591 24/// /1502 11107 21135 39013 48325 56012 700// 333 60005 90710 91106=
07591,2009-12-18 06:00:00,-9.8,,-0.5,79,-12.7,,3.704,7.408,,350,-10.8,-7.4,0,0,,,0,7.3,-14,0,og-post,,,,AAXX 18064 07591 04/// /3502 11098 21127 39016 48329 55005 60002 700// 333 11074 21108 3/114 55073 60007 70000 90710 91104 555 60005=
07591,2009-12-18 07:00:00,-8.9,,-0.1,78,-12,,7.408,11.112,,330,,,0,,,,,,,70,og-post,,,,AAXX 18074 07591 24/// /3304 11089 21120 39013 48328 58001 770// 333 60005 90710 91106=
07591,2009-12-18 08:00:00,-8.2,,0.3,82,-10.7,,7.408,14.816,,50,,,0,,,,,,,71,og-post,,,,AAXX 18084 07591 24/// /0504 11082 21107 39016 48332 52003 771// 333 60005 90710 91108=
07591,2009-12-18 09:00:00,-7.7,,-0.9,86,-9.6,1500,14.816,22.224,,30,,,0,0,,,,,,71,og-post,,,,AAXX 18094 07591 24/15 /0308 11077 21096 39007 48326 58009 771// 333 60007 90710 91112 555 60005=
07591,2009-12-18 10:00:00,-6.9,,-0.6,86,-8.8,1800,3.704,18.52,,70,,,0,,,,,,,71,og-post,,,,AAXX 18104 07591 24/18 /0702 11069 21088 39007 48327 58006 771// 333 60005 90710 91110=
07591,2009-12-18 11:00:00,-6.3,,-2.4,87,-8.1,1100,3.704,7.408,,60,,,0,,,,,,,75,og-post,,,,AAXX 18114 07591 24/11 /0602 11063 21081 38992 48315 58024 775// 333 60005 90710 91104=
07591,2009-12-18 12:00:00,-5.7,,-2.7,86,-7.7,,3.704,14.816,,50,,,0,0,,,,,,75,og-post,,,,AAXX 18124 07591 04/// /0502 11057 21077 38980 48306 58027 60001 775// 333 60007 90710 91108 555 60005=
07591,2009-12-18 13:00:00,-5.5,,-3.4,87,-7.3,1200,3.704,7.408,,200,,,0,,,,,,,75,og-post,,,,AAXX 18134 07591 24/12 /2002 11055 21073 38973 48300 56034 775// 333 60005 90710 91104=
07591,2009-12-18 14:00:00,-5.2,,-2.4,89,-6.7,1700,3.704,7.408,,160,,,0,,,,,,,73,og-post,,,,AAXX 18144 07591 24/17 /1602 11052 21067 38968 48296 56024 773// 333 60005 90710 91104=
07591,2009-12-18 15:00:00,-4.2,,-1.9,89,-5.7,,,14.816,,,,,2,2,,,,,,71,og-post,,,,AAXX 18154 07591 24/// /0000 11042 21057 38961 48292 57019 771// 333 60027 90710 91108 555 60025=
07591,2009-12-18 16:00:00,-3.9,,-1.5,91,-5.1,,11.112,22.224,,190,,,0.8,,,,,,,73,og-post,,,,AAXX 18164 07591 24/// /1906 11039 21051 38958 48290 56015 773// 333 69985 90710 91112=
07591,2009-12-18 17:00:00,-4.2,,-1,91,-5.4,,3.704,18.52,,220,,,0.2,,,,,,,70,og-post,,,,AAXX 18174 07591 24/// /2202 11042 21054 38958 48289 56010 770// 333 69925 90710 91110=
07591,2009-12-18 18:00:00,-4.4,,-0.3,88,-6.1,,3.704,14.816,,190,-9.8,-3.9,0.2,1,,3,,,,22,og-post,,,,AAXX 18184 07591 04/// /1902 11044 21061 38958 48289 56003 60032 722// 333 11039 21098 60017 90710 91108 555 69925=
07591,2009-12-18 19:00:00,-4.6,,-0.3,85,-6.7,,,11.112,,,,,0,,,,,,,70,og-post,,,,AAXX 18194 07591 24/// /0000 11046 21067 38955 48286 58003 770// 333 60005 90710 91106=
07591,2009-12-18 20:00:00,-5.5,,-0.3,87,-7.3,,3.704,3.704,,320,,,0,,,,,,,71,og-post,,,,AAXX 18204 07591 24/// /3202 11055 21073 38955 48284 57003 771// 333 60005 90710 91102=
07591,2009-12-18 21:00:00,-7.3,,-0.2,87,-9.1,,3.704,7.408,,360,,,0,0,,,,,,71,og-post,,,,AAXX 18214 07591 24/// /3602 11073 21091 38956 48282 55002 771// 333 60007 90710 91104 555 60005=
07591,2009-12-18 22:00:00,-8.5,,0.5,88,-10.1,,,7.408,,,,,0.2,,,,,,,0,og-post,,,,AAXX 18224 07591 24/// /0000 11085 21101 38960 48284 53005 700// 333 69925 90710 91104=
07591,2009-12-18 23:00:00,-9.3,,0.8,88,-10.9,,3.704,7.408,,10,,,0,,,,,,,0,og-post,,,,AAXX 18234 07591 24/// /0102 11093 21109 38963 48285 53008 700// 333 60005 90710 91104=
07591,2009-12-19 00:00:00,-9.2,,0.6,87,-11,,,7.408,,,,,0,0.2,0.2,,,,,0,og-post,,,,AAXX 19004 07591 04/// /0000 11092 21110 38962 48285 50006 69921 700// 333 69927 90710 91104 555 60005=
07591,2009-12-19 01:00:00,-10.1,,0.4,89,-11.6,,3.704,3.704,,350,,,0,,,,,,,0,og-post,,,,AAXX 19014 07591 24/// /3502 11101 21116 38964 48285 51004 700// 333 60005 90710 91102=
07591,2009-12-19 02:00:00,-10.2,,0.2,87,-11.9,,3.704,11.112,,40,,,0,,,,,,,0,og-post,,,,AAXX 19024 07591 24/// /0402 11102 21119 38965 48286 53002 700// 333 60005 90710 91106=
07591,2009-12-19 03:00:00,-11.1,,0.2,87,-12.8,,3.704,11.112,,110,,,0,0,,,,,,0,og-post,,,,AAXX 19034 07591 24/// /1102 11111 21128 38964 48283 50002 700// 333 60007 90710 91106 555 60005=
07591,2009-12-19 04:00:00,-12.3,,-0.3,87,-14,,3.704,11.112,,50,,,0,,,,,,,0,og-post,,,,AAXX 19044 07591 24/// /0502 11123 21140 38961 48279 58003 700// 333 60005 90710 91106=
07591,2009-12-19 05:00:00,-13,,-0.5,87,-14.7,,3.704,7.408,,360,,,0,,,,,,,0,og-post,,,,AAXX 19054 07591 24/// /3602 11130 21147 38960 48277 57005 700// 333 60005 90710 91104=
07591,2009-12-19 06:00:00,-12.9,,-0.4,86,-14.7,,3.704,14.816,,360,-13.4,-4.4,0,0,,0.2,3.6,0.1,-18,0,og-post,,,,AAXX 19064 07591 04/// /3602 11129 21147 38960 48277 56004 69922 700// 333 11044 21134 3/118 55001 60007 70036 90710 91108 555 60005=
07591,2009-12-19 07:00:00,-13.8,,0.2,85,-15.8,,,7.408,,,,,0,,,,,,,0,og-post,,,,AAXX 19074 07591 24/// /0000 11138 21158 38963 48278 53002 700// 333 60005 90710 91104=
07591,2009-12-19 08:00:00,-13.9,,0.6,85,-15.9,,3.704,11.112,,30,,,0,,,,,,,0,og-post,,,,AAXX 19084 07591 24/// /0302 11139 21159 38966 48281 53006 700// 333 60005 90710 91106=
07591,2009-12-19 09:00:00,-10.6,,0.6,88,-12.2,,3.704,7.408,,20,,,0,0,,,,,,0,og-post,,,,AAXX 19094 07591 24/// /0202 11106 21122 38966 48286 51006 700// 333 60007 90710 91104 555 60005=
07591,2009-12-19 10:00:00,-8.4,,0.1,83,-10.8,,,7.408,,,,,0,,,,,,,0,og-post,,,,AAXX 19104 07591 24/// /0000 11084 21108 38964 48288 50001 700// 333 60005 90710 91104=
07591,2009-12-19 11:00:00,-5.3,,-0.9,65,-10.8,,3.704,7.408,,160,,,0,,,,,,,0,og-post,,,,AAXX 19114 07591 24/// /1602 11053 21108 38957 48286 58009 700// 333 60005 90710 91104=
07591,2009-12-19 12:00:00,-3.7,,-1.2,57,-11,,3.704,11.112,,150,,,0,0,,,,,,0,og-post,,,,AAXX 19124 07591 04/// /1502 11037 21110 38954 48286 58012 60001 700// 333 60007 90710 91106 555 60005=
07591,2009-12-19 13:00:00,-3.2,,-1,55,-10.9,,3.704,14.816,,140,,,0,,,,,,,0,og-post,,,,AAXX 19134 07591 24/// /1402 11032 21109 38954 48287 56010 700// 333 60005 90710 91108=
07591,2009-12-19 14:00:00,-2.9,,-0.2,49,-12.1,,7.408,14.816,,200,,,0,,,,,,,0,og-post,,,,AAXX 19144 07591 24/// /2004 11029 21121 38955 48288 55002 700// 333 60005 90710 91108=
07591,2009-12-19 15:00:00,-3.1,,0.4,50,-12,,,11.112,,,,,0,0,,,,,,0,og-post,,,,AAXX 19154 07591 24/// /0000 11031 21120 38958 48290 53004 700// 333 60007 90710 91106 555 60005=
07591,2009-12-19 16:00:00,-7.2,,0.7,68,-12.1,,3.704,7.408,,140,,,0,,,,,,,0,og-post,,,,AAXX 19164 07591 24/// /1402 11072 21121 38961 48287 53007 700// 333 60005 90710 91104=
07591,2009-12-19 17:00:00,-9.5,,1.4,79,-12.4,,7.408,11.112,,350,,,0,,,,,,,0,og-post,,,,AAXX 19174 07591 24/// /3504 11095 21124 38969 48290 53014 700// 333 60005 90710 91106=
07591,2009-12-19 18:00:00,-10.7,,1.9,80,-13.5,,,14.816,,,-14,-2.8,0,0,,,,,,0,og-post,,,,AAXX 19184 07591 04/// /0000 11107 21135 38977 48295 53019 60002 700// 333 11028 21140 60007 90710 91108 555 60005=
07591,2009-12-19 19:00:00,-11.7,,2.4,85,-13.7,,3.704,7.408,,20,,,0,,,,,,,0,og-post,,,,AAXX 19194 07591 24/// /0202 11117 21137 38985 48300 52024 700// 333 60005 90710 91104=
07591,2009-12-19 20:00:00,-11.9,,2.2,82,-14.3,,3.704,14.816,,30,,,0,,,,,,,0,og-post,,,,AAXX 19204 07591 24/// /0302 11119 21143 38991 48305 51022 700// 333 60005 90710 91108=
07591,2009-12-19 21:00:00,-12.5,,1.9,84,-14.6,,3.704,7.408,,10,,,0,0,,,,,,0,og-post,,,,AAXX 19214 07591 24/// /0102 11125 21146 38996 48308 51019 700// 333 60007 90710 91104 555 60005=
07591,2009-12-19 22:00:00,-13.1,,1.8,84,-15.2,,,7.408,,,,,0,,,,,,,0,og-post,,,,AAXX 19224 07591 24/// /0000 11131 21152 39003 48313 53018 700// 333 60005 90710 91104=
07591,2009-12-19 23:00:00,-13.6,,1.5,85,-15.6,,,3.704,,,,,0,,,,,,,0,og-post,,,,AAXX 19234 07591 24/// /0000 11136 21156 39006 48314 51015 700// 333 60005 90710 91102=
07591,2009-12-20 00:00:00,-13.7,,1.7,85,-15.7,,3.704,7.408,,30,,,0,0,,,,,,0,og-post,,,,AAXX 20004 07591 04/// /0302 11137 21157 39013 48320 52017 60001 700// 333 60007 90710 91104 555 60005=
07591,2009-12-20 01:00:00,-14,,2,85,-16,,,7.408,,,,,0,,,,,,,0,og-post,,,,AAXX 20014 07591 24/// /0000 11140 21160 39023 48328 53020 700// 333 60005 90710 91104=
07591,2009-12-20 02:00:00,-13.8,,2.6,84,-15.9,,3.704,7.408,,10,,,0,,,,,,,0,og-post,,,,AAXX 20024 07591 24/// /0102 11138 21159 39032 48336 53026 700// 333 60005 90710 91104=
07591,2009-12-20 03:00:00,-14.2,,2.7,83,-16.4,,,11.112,,,,,0,0,,,,,,0,og-post,,,,AAXX 20034 07591 24/// /0000 11142 21164 39040 48342 51027 700// 333 60007 90710 91106 555 60005=
07591,2009-12-20 04:00:00,-14.4,,1.8,83,-16.6,,3.704,11.112,,10,,,0,,,,,,,0,og-post,,,,AAXX 20044 07591 24/// /0102 11144 21166 39041 48342 51018 700// 333 60005 90710 91106=
07591,2009-12-20 05:00:00,-15.4,,1.5,84,-17.5,,3.704,7.408,,340,,,0,,,,,,,0,og-post,,,,AAXX 20054 07591 24/// /3402 11154 21175 39047 48345 51015 700// 333 60005 90710 91104=
07591,2009-12-20 06:00:00,-14.9,,0.8,84,-17,,3.704,14.816,,50,-15.4,-10.7,0,0,,,0,7.3,-21,0,og-post,,,,AAXX 20064 07591 04/// /0502 11149 21170 39048 48347 52008 60002 700// 333 11107 21154 3/121 55073 60007 70000 90710 91108 555 60005=
07591,2009-12-20 07:00:00,-15.4,,1.3,82,-17.8,,,11.112,,,,,0,,,,,,,0,og-post,,,,AAXX 20074 07591 24/// /0000 11154 21178 39054 48351 52013 700// 333 60005 90710 91106=
07591,2009-12-20 08:00:00,-14.8,,1.3,83,-17,,3.704,7.408,,90,,,0,,,,,,,0,og-post,,,,AAXX 20084 07591 24/// /0902 11148 21170 39060 48357 53013 700// 333 60005 90710 91104=
07591,2009-12-20 09:00:00,-11.7,,2,83,-14,,,3.704,,,,,0,0,,,,,,0,og-post,,,,AAXX 20094 07591 24/// /0000 11117 21140 39068 48370 53020 700// 333 60007 90710 91102 555 60005=
07591,2009-12-20 10:00:00,-10,,1.4,73,-13.9,,,11.112,,,,,0,,,,,,,0,og-post,,,,AAXX 20104 07591 24/// /0000 11100 21139 39068 48373 51014 700// 333 60005 90710 91106=
07591,2009-12-20 11:00:00,-7.9,,0.5,63,-13.7,,3.704,11.112,,120,,,0,,,,,,,0,og-post,,,,AAXX 20114 07591 24/// /1202 11079 21137 39065 48374 50005 700// 333 60005 90710 91106=
07591,2009-12-20 12:00:00,-5.9,,-0.8,54,-13.7,,3.704,11.112,,160,,,0,0,,,,,,0,og-post,,,,AAXX 20124 07591 04/// /1602 11059 21137 39060 48374 58008 60001 700// 333 60007 90710 91106 555 60005=
07591,2009-12-20 13:00:00,-4.9,,-0.3,54,-12.7,,7.408,14.816,,190,,,0,,,,,,,0,og-post,,,,AAXX 20134 07591 24/// /1904 11049 21127 39065 48380 55003 700// 333 60005 90710 91108=
07591,2009-12-20 14:00:00,-3.3,,0.3,52,-11.7,,3.704,11.112,,220,,,0,,,,,,,0,og-post,,,,AAXX 20144 07591 24/// /2202 11033 21117 39068 48386 53003 700// 333 60005 90710 91106=
07591,2009-12-20 15:00:00,-3.5,,1.6,55,-11.2,,,7.408,,,,,0,0,,,,,,0,og-post,,,,AAXX 20154 07591 24/// /0000 11035 21112 39076 48392 53016 700// 333 60007 90710 91104 555 60005=
07591,2009-12-20 16:00:00,-7,,1.4,68,-11.9,,3.704,7.408,,70,,,0,,,,,,,0,og-post,,,,AAXX 20164 07591 24/// /0702 11070 21119 39079 48388 52014 700// 333 60005 90710 91104=
07591,2009-12-20 17:00:00,-8.9,,2,78,-12,,,7.408,,,,,0,,,,,,,0,og-post,,,,AAXX 20174 07591 24/// /0000 11089 21120 39088 48392 53020 700// 333 60005 90710 91104=
07591,2009-12-20 18:00:00,-9.5,,1.8,79,-12.4,,3.704,11.112,,340,-15.6,-3.2,0,0,,,,,,0,og-post,,,,AAXX 20184 07591 04/// /3402 11095 21124 39094 48396 53018 60002 700// 333 11032 21156 60007 90710 91106 555 60005=
07591,2009-12-20 19:00:00,-8.9,,2.2,78,-12,,7.408,14.816,,40,,,0,,,,,,,0,og-post,,,,AAXX 20194 07591 24/// /0404 11089 21120 39101 48403 51022 700// 333 60005 90710 91108=
07591,2009-12-20 20:00:00,-7.8,,1.3,75,-11.4,,11.112,22.224,,50,,,0,,,,,,,0,og-post,,,,AAXX 20204 07591 24/// /0506 11078 21114 39101 48405 51013 700// 333 60005 90710 91112=
07591,2009-12-20 21:00:00,-7.6,,1.2,71,-11.9,,11.112,18.52,,40,,,0,0,,,,,,0,og-post,,,,AAXX 20214 07591 24/// /0406 11076 21119 39106 48410 51012 700// 333 60007 90710 91110 555 60005=
07591,2009-12-20 22:00:00,-8.5,,0.7,75,-12.1,,7.408,22.224,,40,,,0,,,,,,,0,og-post,,,,AAXX 20224 07591 24/// /0404 11085 21121 39108 48410 53007 700// 333 60005 90710 91112=
07591,2009-12-20 23:00:00,-8.3,,0.9,73,-12.3,,3.704,18.52,,30,,,0,,,,,,,0,og-post,,,,AAXX 20234 07591 24/// /0302 11083 21123 39110 48412 51009 700// 333 60005 90710 91110=
07591,2009-12-21 00:00:00,-8.3,,0.3,74,-12.1,,7.408,18.52,,50,,,0,0,,,,,,0,og-post,,,,AAXX 21004 07591 04/// /0504 11083 21121 39109 48411 50003 60001 700// 333 60007 90710 91110 555 60005=
07591,2009-12-21 01:00:00,-8.7,,0.1,75,-12.3,,7.408,18.52,,30,,,0,,,,,,,0,og-post,,,,AAXX 21014 07591 24/// /0304 11087 21123 39109 48410 51001 700// 333 60005 90710 91110=
07591,2009-12-21 02:00:00,-8.4,,-0.3,73,-12.4,,11.112,18.52,,40,,,0,,,,,,,0,og-post,,,,AAXX 21024 07591 24/// /0406 11084 21124 39107 48409 58003 700// 333 60005 90710 91110=
07591,2009-12-21 03:00:00,-8.6,,-0.5,74,-12.4,,11.112,18.52,,30,,,0,0,,,,,,0,og-post,,,,AAXX 21034 07591 24/// /0306 11086 21124 39104 48406 58005 700// 333 60007 90710 91110 555 60005=
07591,2009-12-21 04:00:00,-8.4,,-1.5,74,-12.2,,14.816,22.224,,40,,,0,,,,,,,0,og-post,,,,AAXX 21044 07591 24/// /0408 11084 21122 39094 48398 58015 700// 333 60005 90710 91112=
07591,2009-12-21 05:00:00,-8.5,,-0.7,75,-12.1,,3.704,22.224,,30,,,0,,,,,,,0,og-post,,,,AAXX 21054 07591 24/// /0302 11085 21121 39100 48403 55007 700// 333 60005 90710 91112=
07591,2009-12-21 06:00:00,-8.4,,-0.7,76,-11.9,,14.816,18.52,,40,-9.5,-7.3,0,0,,,0,7.3,-13,0,og-post,,,,AAXX 21064 07591 04/// /0408 11084 21119 39097 48400 56007 60002 700// 333 11073 21095 3/113 55073 60007 70000 90710 91110 555 60005=
07591,2009-12-21 07:00:00,-8.8,,0,78,-11.9,,3.704,22.224,,250,,,0,,,,,,,0,og-post,,,,AAXX 21074 07591 24/// /2502 11088 21119 39094 48397 50000 700// 333 60005 90710 91112=
07591,2009-12-21 08:00:00,-8.8,,-0.6,80,-11.6,,7.408,11.112,,40,,,0,,,,,,,0,og-post,,,,AAXX 21084 07591 24/// /0404 11088 21116 39094 48397 56006 700// 333 60005 90710 91106=
07591,2009-12-21 09:00:00,-7,,-0.7,76,-10.5,,3.704,22.224,,250,,,0,0,,,,,,0,og-post,,,,AAXX 21094 07591 24/// /2502 11070 21105 39090 48397 58007 700// 333 60007 90710 91112 555 60005=
07591,2009-12-21 10:00:00,-5.1,,-0.6,71,-9.5,,11.112,18.52,,10,,,0,,,,,,,0,og-post,,,,AAXX 21104 07591 24/// /0106 11051 21095 39088 48399 58006 700// 333 60005 90710 91110=
07591,2009-12-21 11:00:00,-4.5,,-1.7,74,-8.4,,3.704,14.816,,10,,,0,,,,,,,0,og-post,,,,AAXX 21114 07591 24/// /0102 11045 21084 39077 48391 58017 700// 333 60005 90710 91108=
07591,2009-12-21 12:00:00,-3.7,,-2.4,72,-8,,3.704,7.408,,30,,,0,0,,,,,,0,og-post,,,,AAXX 21124 07591 04/// /0302 11037 21080 39066 48383 58024 60001 700// 333 60007 90710 91104 555 60005=
07591,2009-12-21 13:00:00,-3.3,,-3.1,80,-6.2,,3.704,11.112,,60,,,0,,,,,,,73,og-post,,,,AAXX 21134 07591 24/// /0602 11033 21062 39057 48376 56031 773// 333 60005 90710 91106=
07591,2009-12-21 14:00:00,-2.9,,-2.6,89,-4.5,,3.704,11.112,,70,,,0.2,,,,,,,73,og-post,,,,AAXX 21144 07591 24/// /0702 11029 21045 39051 48372 56026 773// 333 69925 90710 91106=
07591,2009-12-21 15:00:00,-2.1,,-2.3,92,-3.2,,14.816,22.224,,20,,,0.2,0.4,,,,,,73,og-post,,,,AAXX 21154 07591 24/// /0208 11021 21032 39043 48367 56023 773// 333 69947 90710 91112 555 69925=
07591,2009-12-21 16:00:00,-1.9,,-2.4,88,-3.6,,18.52,29.632,,20,,,0,,,,,,,73,og-post,,,,AAXX 21164 07591 24/// /0210 11019 21036 39033 48358 58024 773// 333 60005 90710 91116=
07591,2009-12-21 17:00:00,-2,,-2.3,90,-3.4,1700,11.112,29.632,,40,,,0.4,,,,,,,75,og-post,,,,AAXX 21174 07591 24/17 /0406 11020 21034 39028 48354 56023 775// 333 69945 90710 91116=
07591,2009-12-21 18:00:00,-1.8,,-1.9,92,-2.9,900,18.52,29.632,,20,-9.4,-1.5,0.8,1,,2,,,,75,og-post,,,,AAXX 21184 07591 04/09 /0210 11018 21029 39024 48351 56019 60022 775// 333 11015 21094 60017 90710 91116 555 69985=
07591,2009-12-21 19:00:00,-1.8,,-1.4,94,-2.6,300,22.224,35.188,,10,,,0.8,,,,,,,75,og-post,,,,AAXX 21194 07591 24/03 /0112 11018 21026 39019 48346 57014 775// 333 69985 90710 91119=
07591,2009-12-23 13:00:00,4.4,,,92,3.2,,3.704,,,150,,,0,,,,,,,0,og-post,,,,AAXX 23134 07591 24/// /1502 10044 20032 38989 48331 700// 333 6///5=
07591,2009-12-23 14:00:00,4.4,,,92,3.2,,7.408,18.52,,150,,,0,,,,,,,0,og-post,,,,AAXX 23144 07591 24/// /1504 10044 20032 38986 48328 700// 333 60005 90710 91110=
07591,2009-12-23 15:00:00,4,,,92,2.8,,3.704,11.112,,30,,,0,0,,,,,,0,og-post,,,,AAXX 23154 07591 24/// /0302 10040 20028 38981 48323 700// 333 6///7 90710 91106 555 60005=
07591,2009-12-23 16:00:00,3.6,,-0.6,91,2.3,,3.704,11.112,,160,,,0.2,,,,,,,60,og-post,,,,AAXX 23164 07591 24/// /1602 10036 20023 38983 48324 55006 760// 333 69925 90710 91106=
07591,2009-12-23 17:00:00,3.4,,-0.1,94,2.5,,3.704,7.408,,10,,,2,,,,,,,63,og-post,,,,AAXX 23174 07591 24/// /0102 10034 20025 38985 48325 55001 763// 333 60025 90710 91104=
07591,2009-12-23 18:00:00,2.9,,0,94,2,,11.112,14.816,,30,,,2,4,,0,,,,61,og-post,,,,AAXX 23184 07591 04/// /0306 10029 20020 38981 48321 50000 6///2 761// 333 1//// 2//// 60047 90710 91108 555 60025=
07591,2009-12-23 19:00:00,2.5,,-0.4,94,1.6,,3.704,22.224,,30,,,0.4,,,,,,,60,og-post,,,,AAXX 23194 07591 24/// /0302 10025 20016 38979 48319 58004 760// 333 69945 90710 91112=
07591,2009-12-23 20:00:00,2.9,,-1,93,1.9,,14.816,25.928,,10,,,0.4,,,,,,,61,og-post,,,,AAXX 23204 07591 24/// /0108 10029 20019 38975 48316 57010 761// 333 69945 90710 91114=
07591,2009-12-23 21:00:00,2.4,,-1,93,1.4,,11.112,25.928,,40,,,0.4,1,,,,,,60,og-post,,,,AAXX 23214 07591 24/// /0406 10024 20014 38971 48311 58010 760// 333 60017 90710 91114 555 69945=
07591,2009-12-23 22:00:00,2.7,,-0.3,91,1.4,,18.52,31.484,,10,,,1,,,,,,,63,og-post,,,,AAXX 23224 07591 24/// /0110 10027 20014 38976 48316 55003 763// 333 60015 90710 91117=
07591,2009-12-23 23:00:00,2.5,,0.3,91,1.2,,22.224,35.188,,10,,,1,,,,,,,61,og-post,,,,AAXX 23234 07591 24/// /0112 10025 20012 38978 48318 53003 761// 333 60015 90710 91119=
07591,2009-12-24 00:00:00,2.7,,0.6,90,1.2,,25.928,35.188,,360,,,0.4,3,4,,,,,60,og-post,,,,AAXX 24004 07591 04/// /3614 10027 20012 38977 48317 50006 60041 760// 333 60037 90710 91119 555 69945=
07591,2009-12-24 01:00:00,3.1,,0.1,87,1.2,,25.928,38.892,,360,,,0,,,,,,,60,og-post,,,,AAXX 24014 07591 24/// /3614 10031 20012 38977 48318 51001 760// 333 60005 90710 91121=
07591,2009-12-24 02:00:00,3.5,,0.2,84,1.1,,25.928,42.596,,10,,,0.2,,,,,,,20,og-post,,,,AAXX 24024 07591 24/// /0114 10035 20011 38980 48321 53002 720// 333 69925 90710 91123=
07591,2009-12-24 03:00:00,3.2,,0.5,86,1.1,,18.52,38.892,,20,,,0,0.2,,,,,,0,og-post,,,,AAXX 24034 07591 24/// /0210 10032 20011 38982 48322 53005 700// 333 69927 90710 91121 555 60005=
07591,2009-12-24 04:00:00,2.5,,0.8,90,1,,14.816,25.928,,50,,,0,,,,,,,0,og-post,,,,AAXX 24044 07591 24/// /0508 10025 20010 38985 48324 52008 700// 333 60005 90710 91114=
07591,2009-12-24 05:00:00,2.5,,0.6,90,1,,14.816,22.224,,40,,,0,,,,,,,0,og-post,,,,AAXX 24054 07591 24/// /0408 10025 20010 38986 48325 51006 700// 333 60005 90710 91112=
07591,2009-12-24 06:00:00,3.3,,-0.6,88,1.5,,18.52,31.484,,20,2.1,3.7,0,0,,4,,,1,61,og-post,,,,AAXX 24064 07591 04/// /0210 10033 20015 38976 48317 58006 60042 761// 333 10037 20021 3/001 55/// 60007 7//// 90710 91117 555 60005=
07591,2009-12-24 07:00:00,2.9,,-0,89,1.3,,7.408,31.484,,40,,,0,,,,,,,0,og-post,,,,AAXX 24074 07591 24/// /0404 10029 20013 38985 48325 55000 700// 333 60005 90710 91117=
07591,2009-12-24 08:00:00,3.6,,0.4,90,2.1,,22.224,35.188,,10,,,0.2,,,,,,,21,og-post,,,,AAXX 24084 07591 24/// /0112 10036 20021 38990 48330 53004 721// 333 69925 90710 91119=
07591,2009-12-24 09:00:00,3.6,,1.3,92,2.4,,7.408,31.484,,20,,,0,0.2,,,,,,20,og-post,,,,AAXX 24094 07591 24/// /0204 10036 20024 38989 48329 50013 720// 333 69927 90710 91117 555 60005=
07591,2009-12-24 10:00:00,3.1,,0.9,94,2.2,,11.112,18.52,,40,,,0.6,,,,,,,62,og-post,,,,AAXX 24104 07591 24/// /0406 10031 20022 38994 48333 52009 762// 333 69965 90710 91110=
07591,2009-12-24 11:00:00,3.6,,-0.9,92,2.4,,7.408,35.188,,40,,,0.6,,,,,,,61,og-post,,,,AAXX 24114 07591 24/// /0404 10036 20024 38981 48322 58009 761// 333 69965 90710 91119=
07591,2009-12-24 12:00:00,4.2,,-2.4,92,3,,18.52,31.484,,20,,,0.8,2,2,,,,,62,og-post,,,,AAXX 24124 07591 04/// /0210 10042 20030 38965 48309 58024 60021 762// 333 60027 90710 91117 555 69985=
07591,2009-12-24 13:00:00,4.3,,-3.5,93,3.3,,18.52,29.632,,10,,,1,,,,,,,63,og-post,,,,AAXX 24134 07591 24/// /0110 10043 20033 38959 48304 56035 763// 333 60015 90710 91116=
07591,2009-12-24 14:00:00,4.1,,-3,95,3.4,,14.816,29.632,,30,,,2,,,,,,,61,og-post,,,,AAXX 24144 07591 24/// /0308 10041 20034 38951 48296 56030 761// 333 60025 90710 91116=
07591,2009-12-24 15:00:00,4.6,,-3.3,93,3.6,,22.224,38.892,,20,,,1,5,,,,,,63,og-post,,,,AAXX 24154 07591 24/// /0212 10046 20036 38932 48280 58033 763// 333 60057 90710 91121 555 60015=
07591,2009-12-24 16:00:00,4.9,,-3.3,90,3.4,,31.484,46.3,,10,,,3,,,,,,,63,og-post,,,,AAXX 24164 07591 24/// /0117 10049 20034 38926 48275 56033 763// 333 60035 90710 91125=
07591,2009-12-24 17:00:00,5.3,,-2.6,89,3.6,,31.484,46.3,,10,,,4,,,,,,,63,og-post,,,,AAXX 24174 07591 24/// /0117 10053 20036 38925 48274 56026 763// 333 60045 90710 91125=
07591,2009-12-24 18:00:00,4.7,,-0.9,91,3.4,,29.632,46.3,,360,2.9,5.3,4,11,,18,,,,63,og-post,,,,AAXX 24184 07591 04/// /3616 10047 20034 38923 48272 56009 60182 763// 333 10053 20029 60117 90710 91125 555 60045=
07591,2009-12-24 19:00:00,4.5,,-0.1,91,3.2,,18.52,38.892,,20,,,2,,,,,,,61,og-post,,,,AAXX 24194 07591 24/// /0210 10045 20032 38925 48273 55001 761// 333 60025 90710 91121=
07591,2009-12-24 20:00:00,4.2,,-0.7,90,2.7,,22.224,38.892,,10,,,0.6,,,,,,,60,og-post,,,,AAXX 24204 07591 24/// /0112 10042 20027 38918 48266 58007 760// 333 69965 90710 91121=
07591,2009-12-24 21:00:00,3.7,,0.1,92,2.5,,7.408,35.188,,50,,,0.4,3,,,,,,60,og-post,,,,AAXX 24214 07591 24/// /0504 10037 20025 38924 48271 53001 760// 333 60037 90710 91119 555 69945=
07591,2009-12-24 22:00:00,3.6,,-0.4,94,2.7,,7.408,25.928,,40,,,0.4,,,,,,,60,og-post,,,,AAXX 24224 07591 24/// /0404 10036 20027 38921 48268 56004 760// 333 69945 90710 91114=
07591,2009-12-24 23:00:00,5.8,,0.8,96,5.2,,3.704,14.816,,320,,,0.6,,,,,,,0,og-post,,,,AAXX 24234 07591 24/// /3202 10058 20052 38926 48276 51008 700// 333 69965 90710 91108=
07591,2009-12-25 00:00:00,8.1,,0.6,95,7.3,,11.112,22.224,,200,,,0.4,1,5,,,,,60,og-post,,,,AAXX 25004 07591 04/// /2006 10081 20073 38930 48283 53006 60051 760// 333 60017 90710 91112 555 69945=
07591,2009-12-25 01:00:00,8.6,,1.4,95,7.8,,11.112,22.224,,190,,,1,,,,,,,21,og-post,,,,AAXX 25014 07591 24/// /1906 10086 20078 38935 48289 52014 721// 333 60015 90710 91112=
07591,2009-12-25 02:00:00,8.9,,1.7,92,7.7,,7.408,25.928,,230,,,0,,,,,,,0,og-post,,,,AAXX 25024 07591 24/// /2304 10089 20077 38943 48297 53017 700// 333 60005 90710 91114=
07591,2009-12-25 03:00:00,8.1,,1,94,7.2,,3.704,14.816,,240,,,0,1,,,,,,0,og-post,,,,AAXX 25034 07591 24/// /2402 10081 20072 38940 48293 50010 700// 333 60017 90710 91108 555 60005=
07591,2009-12-25 04:00:00,5.9,,-0.3,95,5.2,,3.704,7.408,,170,,,0.2,,,,,,,61,og-post,,,,AAXX 25044 07591 24/// /1702 10059 20052 38932 48282 58003 761// 333 69925 90710 91104=
07591,2009-12-25 05:00:00,5.6,,2,90,4.1,,29.632,61.116,,210,,,6,,,,,,,63,og-post,,,,AAXX 25054 07591 24/// /2116 10056 20041 38963 48309 53020 763// 333 60065 90710 91133=
07591,2009-12-25 06:00:00,5.7,,2.9,85,3.4,,11.112,29.632,,190,3.3,9.1,0.4,7,,13,31,0.1,3,60,og-post,,,,AAXX 25064 07591 04/// /1906 10057 20034 38969 48315 53029 60132 760// 333 10091 20033 3/003 55001 60077 70310 90710 91116 555 69945=
07591,2009-12-25 07:00:00,4.9,,4.8,86,2.8,,11.112,29.632,,190,,,,,,,,,,0,synop_v4,,,,
07591,2009-12-25 08:00:00,4.9,,2.7,88,3.1,,7.408,25.928,,190,,,,,,,,,,0,synop_v4,,,,
07591,2009-12-25 09:00:00,5.6,,3.1,87,3.6,,3.704,18.52,,180,,,0,0.4,,,,,,20,og-post,,,,AAXX 25094 07591 24/// /1802 10056 20036 39000 48343 51031 720// 333 69947 90710 91110 555 60005=
07591,2009-12-25 10:00:00,6.3,,3.2,77,2.6,,22.224,38.892,,210,,,0,,,,,,,0,og-post,,,,AAXX 25104 07591 24/// /2112 10063 20026 39012 48355 53032 700// 333 60005 90710 91121=
07591,2009-12-25 11:00:00,7.1,,2.6,64,0.8,,31.484,50.004,,210,,,0,,,,,,,0,og-post,,,,AAXX 25114 07591 24/// /2117 10071 20008 39016 48359 51026 700// 333 60005 90710 91127=
07591,2009-12-25 12:00:00,6.8,,2,57,-1.1,,31.484,57.412,57.412,210,,,0,0,0.4,,,,,0,og-post,,,,AAXX 25124 07591 04/// /2117 10068 21011 39020 48362 51020 69941 700// 333 60007 91031 90710 91131 555 60005=
07591,2009-12-25 13:00:00,6.7,,1.7,51,-2.7,,29.632,57.412,50.004,220,,,0,,,,,,,0,og-post,,,,AAXX 25134 07591 24/// /2216 10067 21027 39029 48370 53017 700// 333 60005 91027 90710 91131=
07591,2009-12-25 14:00:00,6.3,,1.8,44,-5,,31.484,64.82,53.708,210,,,0,,,,,,,0,og-post,,,,AAXX 25144 07591 24/// /2117 10063 21050 39034 48374 53018 700// 333 60005 91029 90710 91135=
07591,2009-12-25 15:00:00,5,,2.5,47,-5.4,,25.928,64.82,,210,,,0,0,,,,,,0,og-post,,,,AAXX 25154 07591 24/// /2114 10050 21054 39045 48381 53025 700// 333 60007 90710 91135 555 60005=
07591,2009-12-25 16:00:00,3.7,,3.3,48,-6.3,,11.112,42.596,,220,,,0,,,,,,,0,og-post,,,,AAXX 25164 07591 24/// /2206 10037 21063 39062 48394 53033 700// 333 60005 90710 91123=
07591,2009-12-25 17:00:00,1.4,,3.9,66,-4.2,,3.704,22.224,,340,,,0,,,,,,,0,og-post,,,,AAXX 25174 07591 24/// /3402 10014 21042 39073 48399 52039 700// 333 60005 90710 91112=
07591,2009-12-25 18:00:00,0.2,,3.9,72,-4.2,,3.704,11.112,,340,0.2,7.2,0,0,,0.4,,,,0,og-post,,,,AAXX 25184 07591 04/// /3402 10002 21042 39084 48407 51039 69942 700// 333 10072 20002 60007 90710 91106 555 60005=
07591,2009-12-25 19:00:00,-0.7,,3.3,75,-4.6,,3.704,7.408,,10,,,0,,,,,,,0,og-post,,,,AAXX 25194 07591 24/// /0102 11007 21046 39095 48414 52033 700// 333 60005 90710 91104=
07591,2009-12-25 20:00:00,-0.7,,2.4,78,-4,,11.112,14.816,,20,,,0,,,,,,,0,og-post,,,,AAXX 25204 07591 24/// /0206 11007 21040 39097 48416 51024 700// 333 60005 90710 91108=
07591,2009-12-25 21:00:00,0.5,,1,60,-6.3,,18.52,25.928,,50,,,0,0,,,,,,0,og-post,,,,AAXX 25214 07591 24/// /0510 10005 21063 39094 48416 50010 700// 333 60007 90710 91114 555 60005=
07591,2009-12-25 22:00:00,0.1,,-0.9,56,-7.6,,14.816,31.484,,60,,,0,,,,,,,0,og-post,,,,AAXX 25224 07591 24/// /0608 10001 21076 39086 48408 58009 700// 333 60005 90710 91117=
07591,2009-12-25 23:00:00,0.1,,-0.9,51,-8.8,,29.632,42.596,,50,,,0,,,,,,,0,og-post,,,,AAXX 25234 07591 24/// /0516 10001 21088 39088 48410 55009 700// 333 60005 90710 91123=
07591,2009-12-26 00:00:00,0,,-0.2,47,-9.9,,29.632,46.3,,20,,,0,0,,,,,,0,og-post,,,,AAXX 26004 07591 04/// /0216 10000 21099 39092 48413 55002 60001 700// 333 60007 90710 91125 555 60005=
07591,2009-12-26 01:00:00,-0.4,,0.7,44,-11.1,,29.632,42.596,,20,,,0,,,,,,,0,og-post,,,,AAXX 26014 07591 24/// /0216 11004 21111 39093 48413 51007 700// 333 60005 90710 91123=
07591,2009-12-26 02:00:00,-0.7,,0,43,-11.7,,29.632,46.3,,20,,,0,,,,,,,0,og-post,,,,AAXX 26024 07591 24/// /0216 11007 21117 39088 48408 50000 700// 333 60005 90710 91125=
07591,2009-12-26 03:00:00,-1.1,,-0.8,42,-12.3,,29.632,50.004,,20,,,0,0,,,,,,0,og-post,,,,AAXX 26034 07591 24/// /0216 11011 21123 39084 48404 58008 700// 333 60007 90710 91127 555 60005=
07591,2009-12-26 04:00:00,-1.4,,-1.4,43,-12.3,,25.928,50.004,,20,,,0,,,,,,,0,og-post,,,,AAXX 26044 07591 24/// /0214 11014 21123 39079 48399 57014 700// 333 60005 90710 91127=
07591,2009-12-26 05:00:00,-1.6,,-1.3,44,-12.2,,31.484,50.004,,20,,,0,,,,,,,0,og-post,,,,AAXX 26054 07591 24/// /0217 11016 21122 39075 48395 57013 700// 333 60005 90710 91127=
07591,2009-12-26 06:00:00,-1.3,,-0.6,42,-12.5,,25.928,50.004,,20,-1.6,0.8,0,0,,,0.4,6,-4,0,og-post,,,,AAXX 26064 07591 04/// /0214 11013 21125 39078 48398 55006 60002 700// 333 10008 21016 3/104 55060 60007 70004 90710 91127 555 60005=
07591,2009-12-26 07:00:00,-1.5,,-0.2,46,-11.6,,29.632,46.3,,10,,,0,,,,,,,0,og-post,,,,AAXX 26074 07591 24/// /0116 11015 21116 39077 48397 56002 700// 333 60005 90710 91125=
07591,2009-12-26 08:00:00,-0.9,,0.2,45,-11.3,,18.52,42.596,,40,,,0,,,,,,,0,og-post,,,,AAXX 26084 07591 24/// /0410 11009 21113 39077 48398 51002 700// 333 60005 90710 91123=
07591,2009-12-26 09:00:00,0.4,,-0,42,-11,,18.52,38.892,,20,,,0,0,,,,,,0,og-post,,,,AAXX 26094 07591 24/// /0210 10004 21110 39078 48401 55000 700// 333 60007 90710 91121 555 60005=
07591,2009-12-26 10:00:00,2.2,,0.1,35,-11.6,,18.52,29.632,,20,,,0,,,,,,,0,og-post,,,,AAXX 26104 07591 24/// /0210 10022 21116 39078 48405 52001 700// 333 60005 90710 91116=
07591,2009-12-26 11:00:00,3.6,,-0.9,35,-10.4,,18.52,42.596,,40,,,0,,,,,,,0,og-post,,,,AAXX 26114 07591 24/// /0410 10036 21104 39068 48399 58009 700// 333 60005 90710 91123=
07591,2009-12-26 12:00:00,4.9,,-2.4,28,-12,,29.632,46.3,,360,,,0,0,,,,,,0,og-post,,,,AAXX 26124 07591 04/// /3616 10049 21120 39054 48389 58024 60001 700// 333 60007 90710 91125 555 60005=
07591,2009-12-26 13:00:00,5.9,,-3.2,26,-12.1,,22.224,46.3,,20,,,0,,,,,,,0,og-post,,,,AAXX 26134 07591 24/// /0212 10059 21121 39046 48383 56032 700// 333 60005 90710 91125=
07591,2009-12-26 14:00:00,5.9,,-2.2,26,-12.1,,25.928,46.3,,10,,,0,,,,,,,0,og-post,,,,AAXX 26144 07591 24/// /0114 10059 21121 39046 48383 56022 700// 333 60005 90710 91125=
07591,2009-12-26 15:00:00,5.9,,-0.7,26,-12.1,,25.928,53.708,,20,,,0,0,,,,,,0,og-post,,,,AAXX 26154 07591 24/// /0214 10059 21121 39047 48384 55007 700// 333 60007 90710 91129 555 60005=
07591,2009-12-26 16:00:00,5.7,,0.3,25,-12.8,,29.632,57.412,50.004,10,,,0,,,,,,,0,og-post,,,,AAXX 26164 07591 24/// /0116 10057 21128 39049 48386 53003 700// 333 60005 91027 90710 91131=
07591,2009-12-26 17:00:00,4.9,,0.7,29,-11.6,,22.224,50.004,,360,,,0,,,,,,,0,og-post,,,,AAXX 26174 07591 24/// /3612 10049 21116 39053 48388 53007 700// 333 60005 90710 91127=
07591,2009-12-26 18:00:00,4.6,,1,28,-12.3,,22.224,42.596,,10,-1.6,6.3,0,0,,,,,,0,og-post,,,,AAXX 26184 07591 04/// /0112 10046 21123 39057 48391 53010 60002 700// 333 10063 21016 60007 90710 91123 555 60005=
07591,2009-12-26 19:00:00,4.5,,1,27,-12.8,,25.928,42.596,,360,,,0,,,,,,,0,og-post,,,,AAXX 26194 07591 24/// /3614 10045 21128 39059 48392 51010 700// 333 60005 90710 91123=
07591,2009-12-26 20:00:00,3.6,,1.1,33,-11.1,,14.816,35.188,,20,,,0,,,,,,,0,og-post,,,,AAXX 26204 07591 24/// /0208 10036 21111 39064 48395 53011 700// 333 60005 90710 91119=
07591,2009-12-26 21:00:00,3.2,,0.8,36,-10.4,,14.816,25.928,,10,,,0,0,,,,,,0,og-post,,,,AAXX 26214 07591 24/// /0108 10032 21104 39065 48395 51008 700// 333 60007 90710 91114 555 60005=
07591,2009-12-26 22:00:00,2.5,,0.7,39,-10,,11.112,25.928,,40,,,0,,,,,,,0,og-post,,,,AAXX 26224 07591 24/// /0406 10025 21100 39066 48395 51007 700// 333 60005 90710 91114=
07591,2009-12-26 23:00:00,2.5,,0.4,39,-10,,14.816,25.928,,20,,,0,,,,,,,0,og-post,,,,AAXX 26234 07591 24/// /0208 10025 21100 39068 48397 53004 700// 333 60005 90710 91114=
07591,2009-12-27 00:00:00,1.9,,0,44,-9,,18.52,25.928,,20,,,0,0,,,,,,0,og-post,,,,AAXX 27004 07591 04/// /0210 10019 21090 39065 48393 50000 60001 700// 333 60007 90710 91114 555 60005=
07591,2009-12-27 01:00:00,0.8,,-0.3,51,-8.2,,7.408,22.224,,20,,,0,,,,,,,0,og-post,,,,AAXX 27014 07591 24/// /0204 10008 21082 39063 48389 58003 700// 333 60005 90710 91112=
07591,2009-12-27 02:00:00,-0.3,,-0.4,57,-7.8,,3.704,11.112,,330,,,0,,,,,,,0,og-post,,,,AAXX 27024 07591 24/// /3302 11003 21078 39064 48388 55004 700// 333 60005 90710 91106=
07591,2009-12-27 03:00:00,-1.3,,0.2,65,-7,,3.704,11.112,,70,,,0,0,,,,,,0,og-post,,,,AAXX 27034 07591 24/// /0702 11013 21070 39067 48389 53002 700// 333 60007 90710 91106 555 60005=
07591,2009-12-27 04:00:00,-1.4,,-0.1,64,-7.3,,7.408,18.52,,40,,,0,,,,,,,0,og-post,,,,AAXX 27044 07591 24/// /0404 11014 21073 39062 48384 58001 700// 333 60005 90710 91110=
07591,2009-12-27 05:00:00,-1.6,,-0.2,63,-7.7,,7.408,14.816,,50,,,0,,,,,,,0,og-post,,,,AAXX 27054 07591 24/// /0504 11016 21077 39062 48384 58002 700// 333 60005 90710 91108=
07591,2009-12-27 06:00:00,-1.8,,0.1,63,-7.9,,,22.224,,,-1.8,4.8,0,0,,,0,0.7,-5,0,og-post,,,,AAXX 27064 07591 04/// /0000 11018 21079 39068 48389 53001 60002 700// 333 10048 21018 3/105 55007 60007 70000 90710 91112 555 60005=
07591,2009-12-27 07:00:00,-2.5,,1.4,68,-7.6,,14.816,22.224,,30,,,0,,,,,,,0,og-post,,,,AAXX 27074 07591 24/// /0308 11025 21076 39076 48394 53014 700// 333 60005 90710 91112=
07591,2009-12-27 08:00:00,-3,,3,72,-7.3,,3.704,25.928,,160,,,0,,,,,,,0,og-post,,,,AAXX 27084 07591 24/// /1602 11030 21073 39092 48407 53030 700// 333 60005 90710 91114=
07591,2009-12-27 09:00:00,-0.8,,2.7,62,-7.1,,14.816,22.224,,50,,,0,0,,,,,,0,og-post,,,,AAXX 27094 07591 24/// /0508 11008 21071 39095 48414 51027 700// 333 60007 90710 91112 555 60005=
07591,2009-12-27 10:00:00,1.6,,1.9,51,-7.4,,11.112,22.224,,30,,,0,,,,,,,0,og-post,,,,AAXX 27104 07591 24/// /0306 10016 21074 39095 48419 51019 700// 333 60005 90710 91112=
07591,2009-12-27 11:00:00,3.6,,0.1,41,-8.4,,3.704,18.52,,90,,,0,,,,,,,0,og-post,,,,AAXX 27114 07591 24/// /0902 10036 21084 39093 48421 50001 700// 333 60005 90710 91110=
07591,2009-12-27 12:00:00,5.2,,-0.1,37,-8.3,,7.408,14.816,,180,,,0,0,,,,,,0,og-post,,,,AAXX 27124 07591 04/// /1804 10052 21083 39094 48425 55001 60001 700// 333 60007 90710 91108 555 60005=
07591,2009-12-27 13:00:00,6.3,,-0.2,34,-8.4,,7.408,14.816,,190,,,0,,,,,,,0,og-post,,,,AAXX 27134 07591 24/// /1904 10063 21084 39093 48426 56002 700// 333 60005 90710 91108=
07591,2009-12-27 14:00:00,5.9,,-0.1,36,-8,,11.112,25.928,,150,,,0,,,,,,,0,og-post,,,,AAXX 27144 07591 24/// /1506 10059 21080 39092 48425 58001 700// 333 60005 90710 91114=
07591,2009-12-27 15:00:00,5.3,,-0.4,40,-7.2,,11.112,22.224,,180,,,0,0,,,,,,0,og-post,,,,AAXX 27154 07591 24/// /1806 10053 21072 39090 48422 58004 700// 333 60007 90710 91112 555 60005=
07591,2009-12-27 16:00:00,4.7,,-0.2,42,-7.1,,14.816,35.188,,210,,,0,,,,,,,0,og-post,,,,AAXX 27164 07591 24/// /2108 10047 21071 39091 48421 55002 700// 333 60005 90710 91119=
07591,2009-12-27 17:00:00,4.5,,-0,50,-5,,14.816,31.484,,230,,,0,,,,,,,0,og-post,,,,AAXX 27174 07591 24/// /2308 10045 21050 39092 48422 55000 700// 333 60005 90710 91117=
07591,2009-12-27 18:00:00,3.8,,0.9,54,-4.6,,7.408,42.596,,180,-3.4,6.9,0,0,,,,,,0,og-post,,,,AAXX 27184 07591 04/// /1804 10038 21046 39099 48427 53009 60002 700// 333 10069 21034 60007 90710 91123 555 60005=
07591,2009-12-27 19:00:00,2.7,,1.1,59,-4.5,,3.704,14.816,,100,,,0,,,,,,,0,og-post,,,,AAXX 27194 07591 24/// /1002 10027 21045 39102 48427 53011 700// 333 60005 90710 91108=
07591,2009-12-27 20:00:00,0.8,,2.1,66,-4.8,,7.408,18.52,,360,,,0,,,,,,,0,og-post,,,,AAXX 27204 07591 24/// /3604 10008 21048 39113 48433 53021 700// 333 60005 90710 91110=
07591,2009-12-27 21:00:00,0.4,,1.7,62,-6,,11.112,18.52,,30,,,0,0,,,,,,0,og-post,,,,AAXX 27214 07591 24/// /0306 10004 21060 39116 48435 52017 700// 333 60007 90710 91110 555 60005=
07591,2009-12-27 22:00:00,-0.1,,1.6,64,-6.1,,11.112,25.928,,30,,,0,,,,,,,0,og-post,,,,AAXX 27224 07591 24/// /0306 11001 21061 39118 48435 51016 700// 333 60005 90710 91114=
07591,2009-12-27 23:00:00,0.3,,-0.1,60,-6.5,,22.224,29.632,,20,,,0,,,,,,,0,og-post,,,,AAXX 27234 07591 24/// /0212 10003 21065 39112 48431 58001 700// 333 60005 90710 91116=
07591,2009-12-28 00:00:00,-1.2,,-0.2,67,-6.5,,11.112,31.484,,30,,,0,0,,,,,,0,og-post,,,,AAXX 28004 07591 04/// /0306 11012 21065 39114 48430 57002 60001 700// 333 60007 90710 91117 555 60005=
07591,2009-12-28 01:00:00,-0.8,,-0.8,66,-6.3,,18.52,25.928,,20,,,0,,,,,,,0,og-post,,,,AAXX 28014 07591 24/// /0210 11008 21063 39110 48427 56008 700// 333 60005 90710 91114=
07591,2009-12-28 02:00:00,-0.8,,-1.7,62,-7.1,,29.632,42.596,,10,,,0,,,,,,,0,og-post,,,,AAXX 28024 07591 24/// /0116 11008 21071 39095 48414 58017 700// 333 60005 90710 91123=
07591,2009-12-28 03:00:00,-1.4,,-0.9,67,-6.7,,3.704,35.188,,210,,,0,0,,,,,,0,og-post,,,,AAXX 28034 07591 24/// /2102 11014 21067 39105 48422 55009 700// 333 60007 90710 91119 555 60005=
07591,2009-12-28 04:00:00,-1.2,,-1.4,66,-6.7,,14.816,22.224,,20,,,0,,,,,,,0,og-post,,,,AAXX 28044 07591 24/// /0208 11012 21067 39096 48414 56014 700// 333 60005 90710 91112=
07591,2009-12-28 05:00:00,-0.6,,-1.2,61,-7.2,,22.224,31.484,,20,,,0,,,,,,,0,og-post,,,,AAXX 28054 07591 24/// /0212 11006 21072 39083 48404 58012 700// 333 60005 90710 91117=
07591,2009-12-28 06:00:00,0.1,,-3,57,-7.4,,25.928,38.892,,10,-1.7,3.7,0,0,,,0,6.5,-4,0,og-post,,,,AAXX 28064 07591 04/// /0114 10001 21074 39075 48398 56030 60002 700// 333 10037 21017 3/104 55065 60007 70000 90710 91121 555 60005=
07591,2009-12-28 07:00:00,0.3,,-2.3,58,-7,,14.816,38.892,,10,,,0,,,,,,,0,og-post,,,,AAXX 28074 07591 24/// /0108 10003 21070 39073 48397 56023 700// 333 60005 90710 91121=
07591,2009-12-28 08:00:00,-0.1,,-0.7,61,-6.7,,11.112,18.52,,10,,,0,,,,,,,0,og-post,,,,AAXX 28084 07591 24/// /0106 11001 21067 39076 48399 55007 700// 333 60005 90710 91110=
07591,2009-12-28 09:00:00,0.8,,0.2,57,-6.7,,11.112,18.52,,30,,,0,0,,,,,,0,og-post,,,,AAXX 28094 07591 24/// /0306 10008 21067 39077 48401 53002 700// 333 60007 90710 91110 555 60005=
07591,2009-12-28 10:00:00,1.4,,-0.6,56,-6.4,,11.112,25.928,,40,,,0,,,,,,,0,og-post,,,,AAXX 28104 07591 24/// /0406 10014 21064 39067 48394 58006 700// 333 60005 90710 91114=
07591,2009-12-28 11:00:00,2.2,,-1.4,52,-6.6,,22.224,31.484,,10,,,0,,,,,,,0,og-post,,,,AAXX 28114 07591 24/// /0112 10022 21066 39062 48391 58014 700// 333 60005 90710 91117=
07591,2009-12-28 12:00:00,2.7,,-1.9,53,-5.9,,7.408,29.632,,30,,,0,0,,,,,,0,og-post,,,,AAXX 28124 07591 04/// /0304 10027 21059 39058 48388 56019 60001 700// 333 60007 90710 91116 555 60005=
07591,2009-12-28 13:00:00,2.6,,-0.9,58,-4.8,,,11.112,,,,,0,,,,,,,60,og-post,,,,AAXX 28134 07591 24/// /0000 10026 21048 39058 48388 56009 760// 333 60005 90710 91106=
07591,2009-12-28 14:00:00,1.7,,-0.5,70,-3.2,,,11.112,,,,,0.2,,,,,,,75,og-post,,,,AAXX 28144 07591 24/// /0000 10017 21032 39057 48386 56005 775// 333 69925 90710 91106=
07591,2009-12-28 15:00:00,0.1,,-0.1,90,-1.3,,3.704,3.704,,30,,,0.8,1,,,,,,75,og-post,,,,AAXX 28154 07591 24/// /0302 10001 21013 39057 48383 57001 775// 333 60017 90710 91102 555 69985=
07591,2009-12-28 16:00:00,-0.2,,-0.2,93,-1.2,,,7.408,,,,,0.4,,,,,,,73,og-post,,,,AAXX 28164 07591 24/// /0000 11002 21012 39056 48382 57002 773// 333 69945 90710 91104=
07591,2009-12-28 17:00:00,-0.1,,0.2,94,-0.9,,,3.704,,,,,0,,,,,,,70,og-post,,,,AAXX 28174 07591 24/// /0000 11001 21009 39059 48384 53002 770// 333 60005 90710 91102=
07591,2009-12-28 18:00:00,-0.1,,0.5,95,-0.8,,3.704,7.408,,60,-0.3,2.8,0,0.4,,1,,,,0,og-post,,,,AAXX 28184 07591 04/// /0602 11001 21008 39062 48387 53005 60012 700// 333 10028 21003 69947 90710 91104 555 60005=
07591,2009-12-28 19:00:00,0.2,,0.4,95,-0.5,,11.112,14.816,,60,,,0,,,,,,,0,og-post,,,,AAXX 28194 07591 24/// /0606 10002 21005 39060 48386 50004 700// 333 60005 90710 91108=
07591,2009-12-28 20:00:00,0.5,,0.8,92,-0.6,,,14.816,,,,,0,,,,,,,0,og-post,,,,AAXX 28204 07591 24/// /0000 10005 21006 39067 48393 53008 700// 333 60005 90710 91108=
07591,2009-12-28 21:00:00,0.9,,0,92,-0.2,,11.112,18.52,,40,,,0,0,,,,,,0,og-post,,,,AAXX 28214 07591 24/// /0406 10009 21002 39062 48389 50000 700// 333 60007 90710 91110 555 60005=
07591,2009-12-28 22:00:00,1.3,,0.8,89,-0.3,,7.408,22.224,,200,,,0,,,,,,,61,og-post,,,,AAXX 28224 07591 24/// /2004 10013 21003 39068 48395 51008 761// 333 60005 90710 91112=
07591,2009-12-28 23:00:00,0.9,,-0.6,93,-0.1,,7.408,11.112,,80,,,0,,,,,,,60,og-post,,,,AAXX 28234 07591 24/// /0804 10009 21001 39061 48388 58006 760// 333 60005 90710 91106=
07591,2009-12-29 00:00:00,0.9,,0.4,93,-0.1,,,7.408,,,,,0.2,0.2,0.2,,,,,60,og-post,,,,AAXX 29004 07591 04/// /0000 10009 21001 39066 48393 51004 69921 760// 333 69927 90710 91104 555 69925=
07591,2009-12-29 01:00:00,1,,-0.1,94,0.1,,7.408,11.112,,80,,,0.6,,,,,,,61,og-post,,,,AAXX 29014 07591 24/// /0804 10010 20001 39067 48394 55001 761// 333 69965 90710 91106=
07591,2009-12-29 02:00:00,1,,0.8,95,0.3,,7.408,11.112,,30,,,1,,,,,,,61,og-post,,,,AAXX 29024 07591 24/// /0304 10010 20003 39069 48395 51008 761// 333 60015 90710 91106=
07591,2009-12-29 03:00:00,1.1,,0,95,0.4,,7.408,18.52,,70,,,1,3,,,,,,61,og-post,,,,AAXX 29034 07591 24/// /0704 10011 20004 39066 48393 50000 761// 333 60037 90710 91110 555 60015=
07591,2009-12-29 04:00:00,1.1,,-0.5,96,0.5,,11.112,18.52,,40,,,0.6,,,,,,,61,og-post,,,,AAXX 29044 07591 24/// /0406 10011 20005 39062 48389 58005 761// 333 69965 90710 91110=
07591,2009-12-29 05:00:00,1.4,,-0.9,96,0.8,,14.816,25.928,,20,,,1,,,,,,,61,og-post,,,,AAXX 29054 07591 24/// /0208 10014 20008 39060 48388 56009 761// 333 60015 90710 91114=
07591,2009-12-29 06:00:00,2,,-0.7,94,1.1,,14.816,29.632,,20,-0.1,2,0.8,3,,6,7.2,0,-2,60,og-post,,,,AAXX 29064 07591 04/// /0208 10020 20011 39059 48389 56007 60062 760// 333 10020 21001 3/102 55000 60037 70072 90710 91116 555 69985=
07591,2009-12-29 07:00:00,2.1,,-0,93,1.1,,14.816,25.928,,30,,,0.2,,,,,,,60,og-post,,,,AAXX 29074 07591 24/// /0308 10021 20011 39062 48391 55000 760// 333 69925 90710 91114=
07591,2009-12-29 08:00:00,2.3,,0.7,94,1.4,,14.816,22.224,,30,,,0.4,,,,,,,21,og-post,,,,AAXX 29084 07591 24/// /0308 10023 20014 39067 48396 53007 721// 333 69945 90710 91112=
07591,2009-12-29 09:00:00,2.6,,1.6,94,1.7,,3.704,25.928,,40,,,0,0.6,,,,,,61,og-post,,,,AAXX 29094 07591 24/// /0402 10026 20017 39075 48404 53016 761// 333 69967 90710 91114 555 60005=
07591,2009-12-29 10:00:00,3.3,,1.5,94,2.4,,7.408,14.816,,30,,,0.6,,,,,,,21,og-post,,,,AAXX 29104 07591 24/// /0304 10033 20024 39077 48407 51015 721// 333 69965 90710 91108=
07591,2009-12-29 11:00:00,3.5,,1.4,95,2.8,,3.704,11.112,,20,,,0.2,,,,,,,60,og-post,,,,AAXX 29114 07591 24/// /0202 10035 20028 39081 48411 51014 760// 333 69925 90710 91106=
07591,2009-12-29 12:00:00,3.8,,-0.4,95,3.1,,7.408,14.816,,10,,,0,0.8,1,,,,,0,og-post,,,,AAXX 29124 07591 04/// /0104 10038 20031 39071 48403 58004 60011 700// 333 69987 90710 91108 555 60005=
07591,2009-12-29 13:00:00,4.6,,-0.7,95,3.9,,3.704,18.52,,360,,,0,,,,,,,0,og-post,,,,AAXX 29134 07591 24/// /3602 10046 20039 39070 48404 58007 700// 333 60005 90710 91110=
07591,2009-12-29 14:00:00,4.8,,-1,94,3.9,,,14.816,,,,,0.2,,,,,,,20,og-post,,,,AAXX 29144 07591 24/// /0000 10048 20039 39071 48405 55010 720// 333 69925 90710 91108=
07591,2009-12-29 15:00:00,4.5,,-0,95,3.8,,,7.408,,,,,0.4,0.6,,,,,,60,og-post,,,,AAXX 29154 07591 24/// /0000 10045 20038 39071 48404 55000 760// 333 69967 90710 91104 555 69945=
07591,2009-12-29 16:00:00,4.2,,-0.4,95,3.5,,7.408,18.52,,10,,,0.2,,,,,,,21,og-post,,,,AAXX 29164 07591 24/// /0104 10042 20035 39066 48399 58004 721// 333 69925 90710 91110=
07591,2009-12-29 17:00:00,4,,-1,95,3.3,,14.816,22.224,,30,,,0,,,,,,,60,og-post,,,,AAXX 29174 07591 24/// /0308 10040 20033 39061 48394 58010 760// 333 60005 90710 91112=
07591,2009-12-29 18:00:00,3.8,,-0.7,95,3.1,,11.112,25.928,,30,1.7,4.9,0,0.2,,2,,,,0,og-post,,,,AAXX 29184 07591 04/// /0306 10038 20031 39064 48397 55007 60022 700// 333 10049 20017 69927 90710 91114 555 60005=
07591,2009-12-29 19:00:00,4,,0.1,95,3.3,,3.704,22.224,,10,,,0,,,,,,,0,og-post,,,,AAXX 29194 07591 24/// /0102 10040 20033 39067 48400 53001 700// 333 60005 90710 91112=
07591,2009-12-29 20:00:00,4.1,,0.3,95,3.4,,3.704,14.816,,40,,,0,,,,,,,60,og-post,,,,AAXX 29204 07591 24/// /0402 10041 20034 39064 48397 50003 760// 333 60005 90710 91108=
07591,2009-12-29 21:00:00,3.5,,0,96,2.9,300,3.704,7.408,,360,,,3,3,,,,,,60,og-post,,,,AAXX 29214 07591 24/03 /3602 10035 20029 39064 48396 50000 760// 333 60037 90710 91104 555 60035=
07591,2009-12-29 22:00:00,3.7,,-1,96,3.1,1900,7.408,14.816,,40,,,3,,,,,,,63,og-post,,,,AAXX 29224 07591 24/19 /0404 10037 20031 39057 48390 58010 763// 333 60035 90710 91108=
07591,2009-12-29 23:00:00,4,,-0.8,96,3.4,,7.408,18.52,,30,,,4,,,,,,,63,og-post,,,,AAXX 29234 07591 24/// /0304 10040 20034 39056 48390 58008 763// 333 60045 90710 91110=
07591,2009-12-30 00:00:00,3.9,,-1.6,96,3.3,1900,11.112,22.224,,60,,,3,10,13,,,,,63,og-post,,,,AAXX 30004 07591 04/19 /0606 10039 20033 39048 48383 58016 60131 763// 333 60107 90710 91112 555 60035=
07591,2009-12-30 01:00:00,4,,-1.1,96,3.4,,7.408,22.224,,30,,,3,,,,,,,63,og-post,,,,AAXX 30014 07591 24/// /0304 10040 20034 39046 48381 58011 763// 333 60035 90710 91112=
07591,2009-12-30 02:00:00,4.1,,-0.8,97,3.7,,7.408,22.224,,50,,,2,,,,,,,63,og-post,,,,AAXX 30024 07591 24/// /0504 10041 20037 39048 48383 55008 763// 333 60025 90710 91112=
07591,2009-12-30 03:00:00,4.1,,-0.6,97,3.7,,7.408,14.816,,30,,,2,7,,,,,,61,og-post,,,,AAXX 30034 07591 24/// /0304 10041 20037 39042 48378 58006 761// 333 60077 90710 91108 555 60025=
07591,2009-12-30 04:00:00,4.3,,-0.8,97,3.9,,14.816,25.928,,30,,,0.2,,,,,,,20,og-post,,,,AAXX 30044 07591 24/// /0308 10043 20039 39038 48374 58008 720// 333 69925 90710 91114=
07591,2009-12-30 05:00:00,4,,-1.5,96,3.4,,11.112,22.224,,30,,,0,,,,,,,0,og-post,,,,AAXX 30054 07591 24/// /0306 10040 20034 39033 48369 56015 700// 333 60005 90710 91112=
07591,2009-12-30 06:00:00,3.9,,-1,96,3.3,,11.112,29.632,,40,3.5,4.5,0,0.2,,20,21.8,0.1,3,0,og-post,,,,AAXX 30064 07591 04/// /0406 10039 20033 39032 48368 56010 60202 700// 333 10045 20035 3/003 55001 69927 70218 90710 91116 555 60005=
07591,2009-12-30 07:00:00,3.8,,-0.7,95,3.1,,7.408,18.52,,20,,,0,,,,,,,0,og-post,,,,AAXX 30074 07591 24/// /0204 10038 20031 39031 48367 56007 700// 333 60005 90710 91110=
07591,2009-12-30 08:00:00,5,,-1.2,93,4,,18.52,29.632,,20,,,0,,,,,,,0,og-post,,,,AAXX 30084 07591 24/// /0210 10050 20040 39021 48361 58012 700// 333 60005 90710 91116=
07591,2009-12-30 09:00:00,6.6,,-1.4,85,4.3,,22.224,35.188,,20,,,0,0,,,,,,0,og-post,,,,AAXX 30094 07591 24/// /0212 10066 20043 39018 48361 58014 700// 333 60007 90710 91119 555 60005=
07591,2009-12-30 10:00:00,5.7,,-0.9,91,4.3,,7.408,31.484,,230,,,0,,,,,,,0,og-post,,,,AAXX 30104 07591 24/// /2304 10057 20043 39022 48363 55009 700// 333 60005 90710 91117=
07591,2009-12-30 11:00:00,5.5,,-0.7,94,4.6,,3.704,11.112,,180,,,0,,,,,,,60,og-post,,,,AAXX 30114 07591 24/// /1802 10055 20046 39014 48355 58007 760// 333 60005 90710 91106=
07591,2009-12-30 12:00:00,6.2,,-1.9,95,5.5,,3.704,11.112,,360,,,0,0,,,,,,20,og-post,,,,AAXX 30124 07591 04/// /3602 10062 20055 38999 48343 58019 60001 720// 333 60007 90710 91106 555 60005=
07591,2009-12-30 13:00:00,7.7,,-2.8,93,6.6,,11.112,25.928,,210,,,,,,,,,,0,synop_v4,,,,
07591,2009-12-30 14:00:00,9,,-1.7,89,7.3,,18.52,35.188,,210,,,1,,,,,,,62,og-post,,,,AAXX 30144 07591 24/// /2110 10090 20073 38997 48346 55017 762// 333 60015 90710 91119=
07591,2009-12-30 15:00:00,7.6,,0.8,90,6.1,,11.112,31.484,,200,,,0,1,,,,,,21,og-post,,,,AAXX 30154 07591 24/// /2006 10076 20061 39007 48353 53008 721// 333 60017 90710 91117 555 60005=
07591,2009-12-30 16:00:00,7.6,,1.4,90,6.1,,7.408,22.224,,200,,,0,,,,,,,0,og-post,,,,AAXX 30164 07591 24/// /2004 10076 20061 39008 48354 51014 700// 333 60005 90710 91112=
07591,2009-12-30 17:00:00,7.1,,1.4,91,5.7,,7.408,14.816,,200,,,0,,,,,,,0,og-post,,,,AAXX 30174 07591 24/// /2004 10071 20057 39011 48355 51014 700// 333 60005 90710 91108=
07591,2009-12-30 18:00:00,5.5,,0.4,94,4.6,,3.704,11.112,,10,3.7,9.1,0,0,,1,,,,0,og-post,,,,AAXX 30184 07591 04/// /0102 10055 20046 39011 48352 51004 60012 700// 333 10091 20037 60007 90710 91106 555 60005=
07591,2009-12-30 19:00:00,4.1,,0.6,95,3.4,,3.704,7.408,,340,,,0,,,,,,,0,og-post,,,,AAXX 30194 07591 24/// /3402 10041 20034 39014 48353 52006 700// 333 60005 90710 91104=
07591,2009-12-30 20:00:00,3.7,,0.4,96,3.1,,7.408,14.816,,40,,,0,,,,,,,0,og-post,,,,AAXX 30204 07591 24/// /0404 10037 20031 39015 48353 53004 700// 333 60005 90710 91108=
07591,2009-12-30 21:00:00,3.2,,0.4,95,2.5,,11.112,18.52,,30,,,0,0,,,,,,0,og-post,,,,AAXX 30214 07591 24/// /0306 10032 20025 39015 48352 51004 700// 333 60007 90710 91110 555 60005=
07591,2009-12-30 22:00:00,2.6,,0.4,96,2,500,3.704,14.816,,170,,,0,,,,,,,47,og-post,,,,AAXX 30224 07591 24/05 /1702 10026 20020 39018 48353 53004 747// 333 60005 90710 91108=
07591,2009-12-30 23:00:00,2.5,,-0.1,96,1.9,,11.112,14.816,,50,,,0,,,,,,,0,og-post,,,,AAXX 30234 07591 24/// /0506 10025 20019 39014 48350 58001 700// 333 60005 90710 91108=
07591,2009-12-31 00:00:00,3,,-1,96,2.4,,11.112,22.224,,30,,,0,0,,,,,,0,og-post,,,,AAXX 31004 07591 04/// /0306 10030 20024 39005 48343 58010 60001 700// 333 60007 90710 91112 555 60005=
07591,2009-12-31 01:00:00,2.8,,-1.5,96,2.2,,3.704,18.52,,220,,,0,,,,,,,0,og-post,,,,AAXX 31014 07591 24/// /2202 10028 20022 39003 48341 56015 700// 333 60005 90710 91110=
07591,2009-12-31 02:00:00,2.6,,-0.6,96,2,,3.704,11.112,,310,,,0,,,,,,,0,og-post,,,,AAXX 31024 07591 24/// /3102 10026 20020 39008 48345 55006 700// 333 60005 90710 91106=
07591,2009-12-31 03:00:00,2.6,,-0.8,96,2,,3.704,11.112,,350,,,0,0,,,,,,0,og-post,,,,AAXX 31034 07591 24/// /3502 10026 20020 38997 48335 58008 700// 333 60007 90710 91106 555 60005=
07591,2009-12-31 04:00:00,2.6,,-1.2,96,2,,7.408,18.52,,40,,,0,,,,,,,0,og-post,,,,AAXX 31044 07591 24/// /0404 10026 20020 38991 48329 58012 700// 333 60005 90710 91110=
07591,2009-12-31 05:00:00,2.8,,-2.3,96,2.2,,7.408,18.52,,40,,,0,,,,,,,0,og-post,,,,AAXX 31054 07591 24/// /0404 10028 20022 38985 48324 56023 700// 333 60005 90710 91110=
07591,2009-12-31 06:00:00,3.2,,-1.8,94,2.3,,7.408,22.224,,40,2.2,5.5,0,0,,,1,0.6,0,0,og-post,,,,AAXX 31064 07591 04/// /0404 10032 20023 38979 48320 57018 60002 700// 333 10055 20022 3/000 55006 60007 70010 90710 91112 555 60005=
07591,2009-12-31 07:00:00,3,,-1,95,2.3,,,14.816,,,,,0,,,,,,,0,og-post,,,,AAXX 31074 07591 24/// /0000 10030 20023 38981 48321 55010 700// 333 60005 90710 91108=
07591,2009-12-31 08:00:00,3.1,,0.1,95,2.4,,,11.112,,,,,0,,,,,,,0,og-post,,,,AAXX 31084 07591 24/// /0000 10031 20024 38986 48326 53001 700// 333 60005 90710 91106=
07591,2009-12-31 09:00:00,3.3,,0.8,95,2.6,,3.704,7.408,,360,,,0,0,,,,,,0,og-post,,,,AAXX 31094 07591 24/// /3602 10033 20026 38987 48327 51008 700// 333 60007 90710 91104 555 60005=
07591,2009-12-31 10:00:00,4.4,,0.4,94,3.5,,3.704,7.408,,30,,,0,,,,,,,0,og-post,,,,AAXX 31104 07591 24/// /0302 10044 20035 38985 48327 50004 700// 333 60005 90710 91104=
07591,2009-12-31 11:00:00,4.9,,-0.9,92,3.7,,3.704,11.112,,40,,,0,,,,,,,0,og-post,,,,AAXX 31114 07591 24/// /0402 10049 20037 38977 48321 58009 700// 333 60005 90710 91106=
07591,2009-12-31 12:00:00,5.4,,-1.6,91,4.1,,3.704,11.112,,70,,,0,0,,,,,,21,og-post,,,,AAXX 31124 07591 04/// /0702 10054 20041 38971 48316 58016 60001 721// 333 60007 90710 91106 555 60005=
07591,2009-12-31 13:00:00,5.6,,-2.4,91,4.2,,,7.408,,,,,0,,,,,,,51,og-post,,,,AAXX 31134 07591 24/// /0000 10056 20042 38961 48308 58024 751// 333 60005 90710 91104=
07591,2009-12-31 14:00:00,6,,-2.3,90,4.5,,,7.408,,,,,0,,,,,,,21,og-post,,,,AAXX 31144 07591 24/// /0000 10060 20045 38954 48302 58023 721// 333 60005 90710 91104=
07591,2009-12-31 15:00:00,6.5,,-1.9,87,4.5,,3.704,7.408,,80,,,0,0,,,,,,0,og-post,,,,AAXX 31154 07591 24/// /0802 10065 20045 38952 48301 56019 700// 333 60007 90710 91104 555 60005=
07591,2009-12-31 16:00:00,5.6,,-1.3,90,4.1,,3.704,11.112,,40,,,0,,,,,,,0,og-post,,,,AAXX 31164 07591 24/// /0402 10056 20041 38948 48296 56013 700// 333 60005 90710 91106=
07591,2009-12-31 17:00:00,5.1,,-0.8,91,3.8,,7.408,11.112,,50,,,0,,,,,,,0,og-post,,,,AAXX 31174 07591 24/// /0504 10051 20038 38946 48293 57008 700// 333 60005 90710 91106=
07591,2009-12-31 18:00:00,4.6,,-0.9,92,3.4,,3.704,11.112,,360,2.9,7,0,0,,,,,,0,og-post,,,,AAXX 31184 07591 04/// /3602 10046 20034 38943 48290 56009 60002 700// 333 10070 20029 60007 90710 91106 555 60005=
07591,2009-12-31 19:00:00,3.9,,-0.6,93,2.9,,7.408,14.816,,30,,,0,,,,,,,0,og-post,,,,AAXX 31194 07591 24/// /0304 10039 20029 38942 48288 56006 700// 333 60005 90710 91108=
07591,2009-12-31 20:00:00,3,,-0.8,92,1.8,,11.112,18.52,,40,,,0,,,,,,,0,og-post,,,,AAXX 31204 07591 24/// /0406 10030 20018 38938 48283 58008 700// 333 60005 90710 91110=
07591,2009-12-31 21:00:00,3.1,,-0.9,93,2.1,,14.816,22.224,,30,,,0,0,,,,,,0,og-post,,,,AAXX 31214 07591 24/// /0308 10031 20021 38934 48279 58009 700// 333 60007 90710 91112 555 60005=
07591,2009-12-31 22:00:00,3.1,,-0.7,92,1.9,,11.112,22.224,,60,,,0,,,,,,,0,og-post,,,,AAXX 31224 07591 24/// /0606 10031 20019 38935 48280 55007 700// 333 60005 90710 91112=
07591,2009-12-31 23:00:00,3,,-1,91,1.7,,14.816,22.224,,50,,,0,,,,,,,0,og-post,,,,AAXX 31234 07591 24/// /0508 10030 20017 38928 48274 58010 700// 333 60005 90710 91112=
