station_id,dh_utc,temperature,pression,pression_variation_3h,humidite,point_de_rosee,visibilite,vent_moyen,vent_rafales,vent_rafales_10min,vent_direction,temperature_min,temperature_max,pluie_1h,pluie_3h,pluie_6h,pluie_12h,pluie_24h,ensoleillement,temperature_sol,temps_omm,source,radiations,neige_au_sol,nebulosite,raw_msg
07299,2008-01-01 00:00:00,-2.6,1029.2,-0.6,95,-3.3,2200,3.704,7.408,,230,,,0,0,,,,,,12,og-post,,,,AAXX 01004 07299 01222 12302 11026 21033 39946 40292 57006 60001 71211 81600 333 60007 81703 90710 91104 93100 555 60005=
07299,2008-01-01 01:00:00,-2.7,1028.6,-1,96,-3.2,1100,7.408,11.112,,170,,,0,,,,,,,,og-post,,,,AAXX 01014 07299 26/11 /1704 11027 21032 39940 40286 58010 333 60005 90710 91106=
07299,2008-01-01 02:00:00,-2.3,1028.3,-1,96,-2.8,2500,11.112,14.816,,160,,,0,,,,,,,,og-post,,,,AAXX 01024 07299 26/25 /1606 11023 21028 39938 40283 57010 333 60005 90710 91108=
07299,2008-01-01 03:00:00,-2.3,1028.1,-1,96,-2.8,200,3.704,7.408,,170,,,0,0,,,,,,48,og-post,,,,AAXX 01034 07299 21002 81702 11023 21028 39936 40281 56010 74841 886// 333 60007 88701 90710 91104 93100 555 60005=
07299,2008-01-01 04:00:00,-1.8,1027.7,-0.8,96,-2.4,200,3.704,11.112,,180,,,0,,,,,,,49,og-post,,,,AAXX 01044 07299 21/02 91802 11018 21024 39932 40277 58008 74944 333 60005 90710 91106 93100=
07299,2008-01-01 05:00:00,-1.5,1027.4,-0.8,96,-2.1,200,7.408,14.816,,150,,,0,,,,,,,49,og-post,,,,AAXX 01054 07299 21/02 91504 11015 21021 39930 40274 57008 74944 333 60005 90710 91108 93100=
07299,2008-01-01 06:00:00,-1.6,1027.3,-0.7,96,-2.2,800,3.704,14.816,,160,-3.8,0.3,0,0,,,0,1,-7,48,og-post,,,,AAXX 01064 07299 01008 81602 11016 21022 39929 40273 56007 60002 74841 886// 333 10003 21038 35107 55010 60007 70000 88701 90710 91108 93100 555 60005=
07299,2008-01-01 07:00:00,-1.6,1026.8,-0.8,96,-2.2,500,7.408,11.112,,180,,,0,,,,,,,41,og-post,,,,AAXX 01074 07299 21105 81804 11016 21022 39924 40268 58008 74142 886// 333 60005 88702 90710 91106 93100=
07299,2008-01-01 08:00:00,-2,1026.7,-0.8,96,-2.6,1200,3.704,7.408,,100,,,0,,,,,,,28,og-post,,,,AAXX 01084 07299 21012 81002 11020 21026 39922 40267 58008 72842 886// 333 60005 83701 88704 90710 91104 93100=
07299,2008-01-01 09:00:00,-1.5,1026.7,-0.6,96,-2.1,1400,3.704,7.408,,140,,,0,0,,,,,,10,og-post,,,,AAXX 01094 07299 21014 81402 11015 21021 39923 40267 55006 71042 886// 333 60007 83701 88703 90710 91104 93100 555 60005=
07299,2008-01-01 10:00:00,-0.8,1026.2,-0.5,96,-1.4,2500,3.704,11.112,,130,,,0,,,,,,,10,og-post,,,,AAXX 01104 07299 21125 81302 11008 21014 39919 40262 58005 71022 886// 333 60005 81702 88706 90710 91106 93100=
07299,2008-01-01 11:00:00,-0.1,1025.5,-0.9,96,-0.7,5000,3.704,7.408,,110,,,0,,,,,,,,og-post,,,,AAXX 01114 07299 26/50 /1102 11001 21007 39913 40255 58009 333 60005 90710 91104=
07299,2008-01-01 12:00:00,0.2,1024.9,-1.5,96,-0.4,4500,3.704,7.408,,100,,,0,0,,,,,,10,og-post,,,,AAXX 01124 07299 01345 81002 10002 21004 39908 40249 58015 60001 71042 886// 333 60007 88709 90710 91104 93100 555 60005=
07299,2008-01-01 13:00:00,0.5,1024.1,-1.8,95,-0.2,4300,3.704,7.408,,30,,,0,,,,,,,,og-post,,,,AAXX 01134 07299 26/43 /0302 10005 21002 39901 40241 58018 333 60005 90710 91104=
07299,2008-01-01 14:00:00,0.3,1024,-1.4,94,-0.5,3000,7.408,11.112,,360,,,0,,,,,,,10,og-post,,,,AAXX 01144 07299 21430 83604 10003 21005 39899 40240 56014 71022 886// 333 60005 87715 90710 91106 93100=
07299,2008-01-01 15:00:00,0.1,1024.1,-0.8,95,-0.6,4500,3.704,11.112,,340,,,0,0,,,,,,10,og-post,,,,AAXX 01154 07299 21445 83402 10001 21006 39900 40241 55008 71022 886// 333 60007 88716 90710 91106 93100 555 60005=
07299,2008-01-01 16:00:00,0.2,1024.1,-0.1,93,-0.8,4500,3.704,7.408,,30,,,0,,,,,,,10,og-post,,,,AAXX 01164 07299 21445 80302 10002 21008 39900 40241 56001 71022 886// 333 60005 88719 90710 91104 93100=
07299,2008-01-01 17:00:00,0.2,1024,0.1,93,-0.8,5000,3.704,7.408,,130,,,0,,,,,,,,og-post,,,,AAXX 01174 07299 26/50 /1302 10002 21008 39899 40240 50001 333 60005 90710 91104=
07299,2008-01-01 18:00:00,0,1024,-0.1,94,-0.8,2500,7.408,14.816,,350,-2,0.5,0,0,,,,,,10,og-post,,,,AAXX 01184 07299 01225 83504 10000 21008 39899 40240 57001 60002 71022 886// 333 10005 21020 60007 88603 90710 91108 93100 555 60005=
07299,2008-01-01 19:00:00,-0.2,1023.8,-0.3,94,-1,2000,7.408,14.816,,350,,,0,,,,,,,10,og-post,,,,AAXX 01194 07299 21220 83504 11002 21010 39897 40238 58003 71022 886// 333 60005 88703 90710 91108 93100=
07299,2008-01-01 20:00:00,-0.2,1023.7,-0.3,95,-0.9,2000,7.408,11.112,,360,,,0,,,,,,,10,og-post,,,,AAXX 01204 07299 21220 83604 11002 21009 39896 40237 58003 71022 876// 333 60005 87703 90710 91106 93100=
07299,2008-01-01 21:00:00,0.1,1023.2,-0.9,77,-3.4,10000,22.224,31.484,,120,,,0,0,,,,,,,og-post,,,,AAXX 01214 07299 22260 71212 10001 21034 39891 40232 58009 875// 333 60007 82704 87629 90710 91117 93100 555 60005=
07299,2008-01-01 22:00:00,-0.2,1023.1,-0.7,75,-4.1,10000,22.224,35.188,,120,,,0,,,,,,,,og-post,,,,AAXX 01224 07299 22560 71212 11002 21041 39890 40231 56007 875// 333 60005 87628 90710 91119 93100=
07299,2008-01-01 23:00:00,-0.9,1023.3,-0.5,76,-4.6,10000,22.224,35.188,,110,,,0,,,,,,,,og-post,,,,AAXX 01234 07299 22560 71112 11009 21046 39891 40233 55005 875// 333 60005 87628 90710 91119 93100=
07299,2008-01-02 00:00:00,-1.3,1022.9,-0.3,76,-5,10000,18.52,35.188,,120,,,0,0,,,,,,,og-post,,,,AAXX 02004 07299 02560 41210 11013 21050 39887 40229 58003 60001 84500 333 60007 84628 90710 91119 93100 555 60005=
07299,2008-01-02 01:00:00,-1.2,1022.8,-0.3,73,-5.4,20000,22.224,35.188,,110,,,0,,,,,,,,og-post,,,,AAXX 02014 07299 26/70 /1112 11012 21054 39886 40228 58003 333 60005 90710 91119=
07299,2008-01-02 02:00:00,-1.2,1022.6,-0.8,72,-5.6,20000,18.52,31.484,,90,,,0,,,,,,,,og-post,,,,AAXX 02024 07299 26/70 /0910 11012 21056 39884 40226 56008 333 60005 90710 91117=
07299,2008-01-02 03:00:00,-1.1,1022.2,-0.7,71,-5.7,10000,18.52,35.188,,100,,,0,0,,,,,,,og-post,,,,AAXX 02034 07299 22560 71010 11011 21057 39880 40222 58007 875// 333 60007 87626 90710 91119 93100 555 60005=
07299,2008-01-02 04:00:00,-1.7,1022.1,-0.8,72,-6.1,10000,11.112,31.484,,70,,,0,,,,,,,,og-post,,,,AAXX 02044 07299 22560 70706 11017 21061 39878 40221 57008 875// 333 60005 87628 90710 91117 93100=
07299,2008-01-02 05:00:00,-2,1021.8,-1,72,-6.4,10000,11.112,18.52,,60,,,0,,,,,,,,og-post,,,,AAXX 02054 07299 22560 70606 11020 21064 39875 40218 57010 875// 333 60005 87629 90710 91110 93100=
07299,2008-01-02 06:00:00,-2,1021.3,-1,73,-6.2,10000,11.112,18.52,,60,-2,0.1,0,0,,,0,0,-2,,og-post,,,,AAXX 02064 07299 02560 70606 11020 21062 39870 40213 58010 60002 875// 333 10001 21020 34102 55000 60007 70000 87629 90710 91110 93100 555 60005=
07299,2008-01-02 07:00:00,-1.3,1021,-1.1,70,-6,10000,14.816,29.632,,90,,,0,,,,,,,,og-post,,,,AAXX 02074 07299 22560 70908 11013 21060 39868 40210 56011 875// 333 60005 87628 90710 91116 93100=
07299,2008-01-02 08:00:00,-1.3,1020.6,-1,70,-6,16000,14.816,31.484,,90,,,0,,,,,,,,og-post,,,,AAXX 02084 07299 22566 70908 11013 21060 39864 40206 57010 875// 333 60005 87627 90710 91117 93100=
07299,2008-01-02 09:00:00,-1.7,1020.2,-1,70,-6.4,15000,18.52,31.484,,90,,,0,0,,,,,,,og-post,,,,AAXX 02094 07299 22465 50910 11017 21064 39860 40202 58010 84802 333 60007 81818 84626 90710 91117 93100 555 60005=
07299,2008-01-02 10:00:00,-1.1,1019.9,-1,67,-6.4,18000,18.52,31.484,,100,,,0,,,,,,,,og-post,,,,AAXX 02104 07299 22568 71010 11011 21064 39858 40199 56010 878// 333 60005 81821 87627 90710 91117 93100=
07299,2008-01-02 11:00:00,-0.9,1019.2,-1.2,66,-6.4,18000,22.224,38.892,,100,,,0,,,,,,,,og-post,,,,AAXX 02114 07299 22568 71012 11009 21064 39851 40192 58012 878// 333 60005 81821 87629 90710 91121 93100=
07299,2008-01-02 12:00:00,-0.9,1018.4,-1.7,67,-6.2,18000,22.224,35.188,,100,,,0,0,,,,,,,og-post,,,,AAXX 02124 07299 02568 71012 11009 21062 39843 40184 58017 60001 878// 333 60007 81821 83629 87634 90710 91119 93100 555 60005=
07299,2008-01-02 13:00:00,-0.7,1017.4,-2.3,66,-6.2,18000,18.52,31.484,,100,,,0,,,,,,,,og-post,,,,AAXX 02134 07299 22568 71010 11007 21062 39834 40174 58023 875// 333 60005 87631 90710 91117 93100=
07299,2008-01-02 14:00:00,-0.7,1016.8,-2.4,67,-6,17000,18.52,35.188,,90,,,0,,,,,,,,og-post,,,,AAXX 02144 07299 22567 70910 11007 21060 39828 40168 56024 875// 333 60005 81631 87644 90710 91119 93100=
07299,2008-01-02 15:00:00,-0.7,1016.5,-2,67,-6,17000,18.52,29.632,,110,,,0,0,,,,,,,og-post,,,,AAXX 02154 07299 22667 71110 11007 21060 39825 40165 56020 86501 333 60007 86644 87073 90710 91116 93100 555 60005=
07299,2008-01-02 16:00:00,-1.2,1015.8,-1.5,68,-6.3,15000,14.816,29.632,,100,,,0,,,,,,,,og-post,,,,AAXX 02164 07299 22565 71008 11012 21063 39818 40158 56015 85501 333 60005 81630 85644 87073 90710 91116 93100=
07299,2008-01-02 17:00:00,-1.1,1015.4,-1.3,69,-6,15000,14.816,29.632,,90,,,0,,,,,,,,og-post,,,,AAXX 02174 07299 22765 70908 11011 21060 39814 40154 56013 875// 333 60005 87650 90710 91116 93100=
07299,2008-01-02 18:00:00,-1,1015,-1.4,67,-6.3,15000,18.52,29.632,,100,-2,-0.5,0,0,,,,,,,og-post,,,,AAXX 02184 07299 02765 71010 11010 21063 39810 40150 56014 60002 875// 333 11005 21020 60007 87650 90710 91116 93100 555 60005=
07299,2008-01-02 19:00:00,-1,1014.2,-1.5,66,-6.5,15000,18.52,31.484,,110,,,0,,,,,,,,og-post,,,,AAXX 02194 07299 22765 71110 11010 21065 39803 40142 58015 875// 333 60005 87650 90710 91117 93100=
07299,2008-01-02 20:00:00,-1,1013.3,-2.1,66,-6.5,15000,22.224,38.892,,100,,,0,,,,,,,,og-post,,,,AAXX 02204 07299 22765 71012 11010 21065 39794 40133 58021 875// 333 60005 87650 90710 91121 93100=
07299,2008-01-02 21:00:00,-0.9,1012.9,-2.1,67,-6.2,15000,18.52,35.188,,110,,,0,0,,,,,,,og-post,,,,AAXX 02214 07299 22765 71110 11009 21062 39790 40129 56021 875// 333 60007 87650 90710 91119 93100 555 60005=
07299,2008-01-02 22:00:00,-0.9,1012.5,-1.7,66,-6.4,15000,18.52,35.188,,100,,,0,,,,,,,,og-post,,,,AAXX 02224 07299 22765 71010 11009 21064 39786 40125 56017 8353/ 333 60005 83650 87357 90710 91119 93100=
07299,2008-01-02 23:00:00,-0.9,1011.9,-1.3,66,-6.4,15000,18.52,31.484,,110,,,0,,,,,,,,og-post,,,,AAXX 02234 07299 22765 71110 11009 21064 39781 40119 57013 8353/ 333 60005 83650 87357 90710 91117 93100=
07299,2008-01-03 00:00:00,-0.8,1011.3,-1.4,65,-6.5,,14.816,29.632,,110,,,0,0,,,,,,,og-post,,,,AAXX 03004 07299 06/// /1108 11008 21065 39775 40113 58014 60001 333 60007 90710 91116 555 60005=
07299,2008-01-03 01:00:00,-0.5,1010.8,-1.6,62,-6.9,,18.52,31.484,,110,,,0,,,,,,,,og-post,,,,AAXX 03014 07299 26/// /1110 11005 21069 39770 40108 56016 333 60005 90710 91117=
07299,2008-01-03 02:00:00,-0.3,1010.3,-1.4,61,-6.9,,14.816,29.632,,110,,,0,,,,,,,,og-post,,,,AAXX 03024 07299 26/// /1108 11003 21069 39766 40103 56014 333 60005 90710 91116=
07299,2008-01-03 03:00:00,-0.2,1009.6,-1.5,61,-6.8,12000,14.816,22.224,,110,,,0,0,,,,,,,og-post,,,,AAXX 03034 07299 22662 71108 11002 21068 39759 40096 58015 875// 333 60007 87648 90710 91112 93100 555 60005=
07299,2008-01-03 04:00:00,-0.3,1008.9,-1.7,62,-6.7,15000,7.408,22.224,,130,,,0,,,,,,,,og-post,,,,AAXX 03044 07299 22665 71304 11003 21067 39752 40089 58017 875// 333 60005 87644 90710 91112 93100=
07299,2008-01-03 05:00:00,-0.5,1008.4,-1.9,66,-6.1,15000,7.408,25.928,,70,,,0,,,,,,,,og-post,,,,AAXX 03054 07299 22665 70704 11005 21061 39747 40084 56019 875// 333 60005 87644 90710 91114 93100=
07299,2008-01-03 06:00:00,-0.1,1008.1,-1.3,63,-6.3,17000,7.408,22.224,,100,-1,0.1,0,0,,,0,0.6,-1,,og-post,,,,AAXX 03064 07299 02667 71004 11001 21063 39745 40081 56013 60002 875// 333 10001 21010 34101 55006 60007 70000 82645 87650 90710 91112 93100 555 60005=
07299,2008-01-03 07:00:00,-0.7,1007.7,-1.3,67,-6,16000,7.408,18.52,,60,,,0,,,,,,,,og-post,,,,AAXX 03074 07299 22666 70604 11007 21060 39740 40077 56013 8557/ 333 60005 81643 85650 87458 90710 91110 93100=
07299,2008-01-03 08:00:00,-0.4,1007.6,-0.7,67,-5.8,16000,3.704,11.112,,90,,,0,,,,,,,,og-post,,,,AAXX 03084 07299 22666 70902 11004 21058 39740 40076 56007 8357/ 333 60005 81643 83650 87457 90710 91106 93100=
07299,2008-01-03 09:00:00,0.2,1006.5,-1.5,65,-5.6,16000,7.408,14.816,,80,,,0,0,,,,,,,og-post,,,,AAXX 03094 07299 22666 70804 10002 21056 39730 40065 58015 85532 333 60007 82643 84656 85358 90710 91108 93100 555 60005=
07299,2008-01-03 10:00:00,1,1006.6,-0.8,61,-5.7,16000,11.112,14.816,,40,,,0,,,,,,,,og-post,,,,AAXX 03104 07299 22666 70406 10010 21057 39732 40066 55008 85532 333 60005 82643 83656 85359 90710 91108 93100=
07299,2008-01-03 11:00:00,1.5,1005.8,-1.5,60,-5.4,16000,7.408,25.928,,50,,,0,,,,,,,,og-post,,,,AAXX 03114 07299 22666 70504 10015 21054 39725 40058 56015 8557/ 333 60005 82643 83656 85358 90710 91114 93100=
07299,2008-01-03 12:00:00,1.7,1005.7,-0.6,67,-3.8,16000,7.408,14.816,,10,,,0,0,,,,,,,og-post,,,,AAXX 03124 07299 02666 70104 10017 21038 39724 40057 58006 60001 8557/ 333 60007 82643 83656 85359 90710 91108 93100 555 60005=
07299,2008-01-03 13:00:00,2.1,1005,-1.4,66,-3.6,15000,7.408,14.816,,10,,,0,,,,,,,,og-post,,,,AAXX 03134 07299 22665 70104 10021 21036 39718 40050 56014 8557/ 333 60005 82643 84656 87358 90710 91108 93100=
07299,2008-01-03 14:00:00,2.1,1004.9,-0.8,70,-2.8,15000,11.112,11.112,,330,,,0,,,,,,,,og-post,,,,AAXX 03144 07299 22665 73306 10021 21028 39717 40049 56008 8357/ 333 60005 81643 83358 86362 90710 91106 93100=
07299,2008-01-03 15:00:00,0.8,1005,-0.7,76,-2.9,11000,14.816,22.224,,360,,,0,0,,,,,,,og-post,,,,AAXX 03154 07299 22661 63608 10008 21029 39716 40050 56007 83830 333 60007 81833 83358 85363 90710 91112 93100 555 60005=
07299,2008-01-03 16:00:00,-0.5,1005.5,0.1,83,-3,7000,11.112,22.224,,350,,,0,,,,,,,,og-post,,,,AAXX 03164 07299 26/57 /3506 11005 21030 39719 40055 53001 333 60005 90710 91112=
07299,2008-01-03 17:00:00,-1.5,1006.1,0.7,89,-3.1,7000,14.816,22.224,,330,,,0,,,,,,,,og-post,,,,AAXX 03174 07299 22657 63308 11015 21031 39724 40061 53007 81531 333 60005 81646 85363 90710 91112 93100=
07299,2008-01-03 18:00:00,-1.1,1006.7,1.4,87,-3,7000,11.112,18.52,,350,-1.6,2.4,0,0,,,,,,,og-post,,,,AAXX 03184 07299 02657 73506 11011 21030 39730 40067 53014 60002 8153/ 333 10024 21016 60007 81646 87362 90710 91110 93100 555 60005=
07299,2008-01-03 19:00:00,-2.3,1007.3,1.6,91,-3.6,6000,7.408,14.816,,310,,,0,,,,,,,,og-post,,,,AAXX 03194 07299 22656 33104 11023 21036 39735 40073 51016 81530 333 60005 81646 83362 90710 91108 93100=
07299,2008-01-03 20:00:00,-3.2,1007.9,1.5,92,-4.3,6000,7.408,11.112,,290,,,0,,,,,,,,og-post,,,,AAXX 03204 07299 22656 52904 11032 21043 39739 40079 51015 81531 333 60005 81646 85073 90710 91106 93100=
07299,2008-01-03 21:00:00,-3.4,1007.8,0.7,93,-4.4,5000,3.704,11.112,,330,,,0,0,,,,,,,og-post,,,,AAXX 03214 07299 22950 73302 11034 21044 39738 40078 50007 81031 333 60007 81362 87073 90710 91106 93100 555 60005=
07299,2008-01-03 22:00:00,-4.3,1008.5,1,93,-5.3,4500,3.704,7.408,,280,,,0,,,,,,,10,og-post,,,,AAXX 03224 07299 21/45 72802 11043 21053 39744 40085 53010 71022 80001 333 60005 87073 90710 91104 93100=
07299,2008-01-03 23:00:00,-3.9,1009.1,1.1,94,-4.7,4000,3.704,7.408,,230,,,0,,,,,,,10,og-post,,,,AAXX 03234 07299 21/40 72302 11039 21047 39750 40091 53011 71022 80001 333 60005 87073 90710 91104 93100=
07299,2008-01-04 00:00:00,-3.2,1009.2,1.3,94,-4,3500,7.408,11.112,,250,,,0,0,,,,,,10,og-post,,,,AAXX 04004 07299 01935 72504 11032 21040 39752 40092 51013 60001 71011 85031 333 60007 85363 87073 90710 91106 93100 555 60005=
07299,2008-01-04 01:00:00,-3.8,1009.2,0.6,93,-4.8,3500,3.704,7.408,,280,,,0,,,,,,,,og-post,,,,AAXX 04014 07299 26/35 /2802 11038 21048 39751 40092 50006 333 60005 90710 91104=
07299,2008-01-04 02:00:00,-4.3,1009.6,0.2,93,-5.3,3400,3.704,7.408,,40,,,0,,,,,,,,og-post,,,,AAXX 04024 07299 26/34 /0402 11043 21053 39754 40096 52002 333 60005 90710 91104=
07299,2008-01-04 03:00:00,-4.4,1009.6,0.2,94,-5.2,3500,3.704,7.408,,230,,,0,0,,,,,,10,og-post,,,,AAXX 04034 07299 21935 72302 11044 21052 39754 40096 53002 71022 85031 333 60007 81363 87073 90710 91104 93100 555 60005=
07299,2008-01-04 04:00:00,-4.6,1010,0.7,94,-5.4,3500,3.704,7.408,,270,,,0,,,,,,,10,og-post,,,,AAXX 04044 07299 21/35 72702 11046 21054 39758 40100 53007 71022 80001 333 60005 87073 90710 91104 93100=
07299,2008-01-04 05:00:00,-3.7,1010.9,1.5,94,-4.5,4000,3.704,7.408,,210,,,0,,,,,,,10,og-post,,,,AAXX 04054 07299 21940 72102 11037 21045 39768 40109 53015 71022 84031 333 60005 84363 87073 90710 91104 93100=
07299,2008-01-04 06:00:00,-3,1011.6,2.1,93,-4,4500,3.704,11.112,,50,-4.7,-1.2,0,0,,,0,0.1,-7,10,og-post,,,,AAXX 04064 07299 01945 70502 11030 21040 39775 40116 53021 60002 71022 8707/ 333 11012 21047 34107 55001 60007 70000 87361 90710 91106 93100 555 60005=
07299,2008-01-04 07:00:00,-2.7,1011.4,1.4,93,-3.7,4000,7.408,11.112,,30,,,0,,,,,,,10,og-post,,,,AAXX 04074 07299 21840 70304 11027 21037 39774 40114 50014 71022 8157/ 333 60005 81657 87361 90710 91106 93100=
07299,2008-01-04 08:00:00,-2,1012.9,2,93,-3,4000,3.704,14.816,,260,,,,,,,,,,24,og-post,,,,AAXX 04084 07299 21740 72602 11020 21030 39789 40129 53020 72462 8157/ 333 69905 81656 87359 90710 91108 93100=
07299,2008-01-04 09:00:00,-1.5,1013.3,1.8,92,-2.6,4500,11.112,18.52,,340,,,0,,,,,,,10,og-post,,,,AAXX 04094 07299 21745 73406 11015 21026 39794 40133 53018 71062 8157/ 333 69907 81656 87358 90710 91110 93100 555 60005=
07299,2008-01-04 10:00:00,-1.3,1013.9,2.7,92,-2.4,4500,3.704,18.52,,160,,,0,,,,,,,10,og-post,,,,AAXX 04104 07299 21745 71602 11013 21024 39800 40139 51027 71022 8157/ 333 60005 81656 87359 90710 91110 93100=
07299,2008-01-04 11:00:00,-0.7,1013.8,0.9,91,-2,5000,7.408,11.112,,340,,,0,,,,,,,,og-post,,,,AAXX 04114 07299 22750 73404 11007 21020 39799 40138 50009 8157/ 333 60005 81656 84359 87362 90710 91106 93100=
07299,2008-01-04 12:00:00,-0.4,1013.4,0.2,88,-2.1,6000,,11.112,,,,,0,0,,,,,,3,og-post,,,,AAXX 04124 07299 01756 70000 11004 21021 39796 40134 50002 69901 70362 8157/ 333 60007 81656 87359 90710 91106 93100 555 60005=
07299,2008-01-04 13:00:00,0.3,1013.5,-0.4,87,-1.6,6000,3.704,7.408,,290,,,0,,,,,,,,og-post,,,,AAXX 04134 07299 22756 72902 10003 21016 39798 40135 55004 8157/ 333 60005 81656 87361 90710 91104 93100=
07299,2008-01-04 14:00:00,0.5,1013.9,0.3,83,-2,6000,3.704,7.408,,20,,,0,,,,,,,,og-post,,,,AAXX 04144 07299 22756 70202 10005 21020 39802 40139 53003 8157/ 333 60005 81656 87361 90710 91104 93100=
07299,2008-01-04 15:00:00,0.6,1013.8,0.4,84,-1.8,6000,7.408,18.52,,110,,,0,0,,,,,,,og-post,,,,AAXX 04154 07299 22756 71104 10006 21018 39801 40138 50004 8157/ 333 60007 81656 85359 87362 90710 91110 93100 555 60005=
07299,2008-01-04 16:00:00,0.5,1013.7,0.1,88,-1.3,6000,7.408,11.112,,230,,,0,,,,,,,,og-post,,,,AAXX 04164 07299 22756 72304 10005 21013 39800 40137 50001 8157/ 333 60005 81656 83359 87361 90710 91106 93100=
07299,2008-01-04 17:00:00,0.9,1013.8,-0.1,84,-1.5,6000,7.408,14.816,,290,,,0,,,,,,,,og-post,,,,AAXX 04174 07299 22756 72904 10009 21015 39801 40138 55001 8157/ 333 60005 81656 83359 87361 90710 91108 93100=
07299,2008-01-04 18:00:00,0.1,1014.4,0.5,90,-1.3,6000,3.704,11.112,,250,-3,1.1,0,0,,,,,,,og-post,,,,AAXX 04184 07299 02756 72502 10001 21013 39806 40144 53005 69902 8157/ 333 10011 21030 60007 81656 87360 90710 91106 93100 555 60005=
07299,2008-01-04 19:00:00,0,1014.5,0.7,88,-1.7,7000,3.704,7.408,,160,,,0,,,,,,,,og-post,,,,AAXX 04194 07299 22757 71602 10000 21017 39807 40145 52007 8157/ 333 60005 81656 87361 90710 91104 93100=
07299,2008-01-04 20:00:00,0.9,1014.9,1.2,85,-1.3,7000,11.112,14.816,,180,,,0,,,,,,,,og-post,,,,AAXX 04204 07299 22757 71806 10009 21013 39812 40149 53012 8157/ 333 60005 81656 87360 90710 91108 93100=
07299,2008-01-04 21:00:00,1.6,1015.6,1.5,80,-1.5,9000,7.408,14.816,,190,,,0,0,,,,,,,og-post,,,,AAXX 04214 07299 22759 71904 10016 21015 39820 40156 53015 8157/ 333 60007 81656 87360 90710 91108 93100 555 60005=
07299,2008-01-04 22:00:00,1.5,1016.1,1.8,81,-1.4,9000,7.408,14.816,,110,,,0,,,,,,,,og-post,,,,AAXX 04224 07299 22759 71104 10015 21014 39824 40161 51018 8157/ 333 60005 81656 87360 90710 91108 93100=
07299,2008-01-04 23:00:00,1.7,1016.1,1.2,80,-1.4,9000,11.112,14.816,,180,,,0,,,,,,,,og-post,,,,AAXX 04234 07299 22759 71806 10017 21014 39825 40161 51012 8157/ 333 60005 81656 87360 90710 91108 93100=
07299,2008-01-05 00:00:00,1.8,1015.3,-0.5,78,-1.6,10000,14.816,22.224,,160,,,0,0,,,,,,,og-post,,,,AAXX 05004 07299 02660 71608 10018 21016 39817 40153 58005 60001 8157/ 333 60007 81643 87358 90710 91112 93100 555 60005=
07299,2008-01-05 01:00:00,2.2,1014.7,-1.3,77,-1.4,11000,18.52,29.632,,150,,,0,,,,,,,,og-post,,,,AAXX 05014 07299 26/61 /1510 10022 21014 39812 40147 58013 333 60005 90710 91116=
07299,2008-01-05 02:00:00,2.6,1014.6,-1.4,77,-1,13000,14.816,18.52,,160,,,0,,,,,,,,og-post,,,,AAXX 05024 07299 26/63 /1608 10026 21010 39811 40146 56014 333 60005 90710 91110=
07299,2008-01-05 03:00:00,2.2,1014.2,-1,80,-0.9,11000,3.704,18.52,,210,,,0,0,,,,,,,og-post,,,,AAXX 05034 07299 22661 82102 10022 21009 39807 40142 57010 8157/ 333 60007 81643 87357 90710 91110 93100 555 60005=
07299,2008-01-05 04:00:00,2.2,1013.7,-0.8,83,-0.4,11000,7.408,14.816,,210,,,0.2,,,,,,,25,og-post,,,,AAXX 05044 07299 21661 82104 10022 21004 39802 40137 58008 72522 8357/ 333 69925 82643 87359 90710 91108 93100=
07299,2008-01-05 05:00:00,2.6,1013.6,-0.9,82,-0.2,11000,14.816,18.52,,180,,,0,,,,,,,,og-post,,,,AAXX 05054 07299 22561 81808 10026 21002 39802 40136 56009 8387/ 333 60005 81830 87357 90710 91110 93100=
07299,2008-01-05 06:00:00,3,1013.1,-0.9,80,-0.1,11000,14.816,22.224,,160,-0.2,3,0,0.2,,0.2,0.2,0,-2,3,og-post,,,,AAXX 05064 07299 01561 81608 10030 21001 39797 40131 58009 69922 70386 8387/ 333 10030 21002 32102 55000 69927 70002 81830 83357 87358 90710 91112 93100 555 60005=
07299,2008-01-05 07:00:00,2.7,1013,-0.6,84,0.3,11000,7.408,18.52,,160,,,0,,,,,,,,og-post,,,,AAXX 05074 07299 22561 81604 10027 20003 39796 40130 56006 8587/ 333 60005 81830 85656 87357 90710 91110 93100=
07299,2008-01-05 08:00:00,3.5,1012.8,-0.6,80,0.4,20000,7.408,29.632,,160,,,0,,,,,,,,og-post,,,,AAXX 05084 07299 22570 71604 10035 20004 39795 40128 56006 8187/ 333 60005 81830 87358 90710 91116 93100=
07299,2008-01-05 09:00:00,6.4,1012.2,-0.4,72,1.7,40000,14.816,22.224,,110,,,0,0,,,,,,,og-post,,,,AAXX 05094 07299 22582 71108 10064 20017 39793 40122 58004 8187/ 333 60007 81830 87360 90710 91112 93100 555 60005=
07299,2008-01-05 10:00:00,9.6,1012.2,-0.1,62,2.7,40000,11.112,22.224,,180,,,0,,,,,,,,og-post,,,,AAXX 05104 07299 22682 71806 10096 20027 39796 40122 55001 878// 333 60005 81840 87657 90710 91112 93100=
07299,2008-01-05 11:00:00,10.7,1011.9,-0.1,58,2.8,25000,22.224,42.596,,200,,,,,,,,,,60,og-post,,,,AAXX 05114 07299 21575 72012 10107 20028 39795 40119 56001 76062 878// 333 69905 81830 87650 90710 91123 93100=
07299,2008-01-05 12:00:00,8.3,1012.4,0.5,84,5.8,14000,7.408,31.484,,240,,,1,1,1,,,,,61,og-post,,,,AAXX 05124 07299 01564 72404 10083 20058 39797 40124 52005 60011 76162 878// 333 60017 81830 87640 90710 91117 93100 555 60015=
07299,2008-01-05 13:00:00,8.3,1012,-0.3,81,5.2,18000,3.704,11.112,,190,,,0.4,,,,,,,21,og-post,,,,AAXX 05134 07299 21568 71902 10083 20052 39793 40120 58003 72162 878// 333 69945 81830 87645 90710 91106 93100=
07299,2008-01-05 14:00:00,6.6,1012.5,0.1,92,5.4,25000,3.704,7.408,,320,,,0.2,,,,,,,,og-post,,,,AAXX 05144 07299 22575 83202 10066 20054 39796 40125 52001 878// 333 69925 81830 87640 90710 91104 93100=
07299,2008-01-05 15:00:00,8,1012.9,0.3,81,4.9,15000,11.112,18.52,,220,,,,0.6,,,,,,60,og-post,,,,AAXX 05154 07299 21565 82206 10080 20049 39801 40129 53003 76062 878// 333 69967 81830 87650 90710 91110 93100 555 69905=
07299,2008-01-05 16:00:00,8,1012.7,0.6,80,4.8,20000,7.408,18.52,,140,,,,,,,,,,21,og-post,,,,AAXX 05164 07299 21570 81404 10080 20048 39799 40127 50006 72162 8187/ 333 69905 81830 87361 90710 91110 93100=
07299,2008-01-05 17:00:00,7.2,1012.2,-0.2,85,4.9,15000,11.112,22.224,,150,,,,,,,,,,60,og-post,,,,AAXX 05174 07299 21565 81506 10072 20049 39794 40122 58002 76062 8187/ 333 69905 81830 87360 90710 91112 93100=
07299,2008-01-05 18:00:00,5.8,1011.7,-1.5,93,4.8,15000,7.408,18.52,,150,2.7,11.2,0.2,0.2,,2,,,,60,og-post,,,,AAXX 05184 07299 01565 81504 10058 20048 39787 40117 58015 60022 76062 878// 333 10112 20027 69927 81830 87646 90710 91110 93100 555 69925=
07299,2008-01-05 19:00:00,5.8,1011.7,-1.2,94,4.9,8000,3.704,11.112,,90,,,0.6,,,,,,,61,og-post,,,,AAXX 05194 07299 21558 80902 10058 20049 39787 40117 55012 76166 888// 333 69965 81830 83640 88656 90710 91106 93100=
07299,2008-01-05 20:00:00,5.5,1011.1,-1.3,95,4.8,6000,11.112,14.816,,170,,,2,,,,,,,61,og-post,,,,AAXX 05204 07299 21556 81706 10055 20048 39781 40111 56013 76166 888// 333 60025 81830 83643 87650 90710 91108 93100=
07299,2008-01-05 21:00:00,5.3,1010.7,-0.9,96,4.7,4000,7.408,14.816,,170,,,2,4,,,,,,61,og-post,,,,AAXX 05214 07299 21540 81704 10053 20047 39777 40107 58009 76166 888// 333 60047 81830 87645 90710 91108 93100 555 60025=
07299,2008-01-05 22:00:00,4.9,1009.8,-1.9,96,4.3,3000,3.704,11.112,,160,,,2,,,,,,,61,og-post,,,,AAXX 05224 07299 21530 81602 10049 20043 39768 40098 58019 76166 888// 333 60025 81826 87642 90710 91106 93100=
07299,2008-01-05 23:00:00,4.8,1009,-2.2,96,4.2,3500,3.704,14.816,,170,,,0.8,,,,,,,61,og-post,,,,AAXX 05234 07299 21535 81702 10048 20042 39760 40090 58022 76166 888// 333 69985 81826 87642 90710 91108 93100=
07299,2008-01-06 00:00:00,4.5,1007.9,-2.8,96,3.9,3500,7.408,11.112,,160,,,1,4,8,,,,,61,og-post,,,,AAXX 06004 07299 01535 81604 10045 20039 39749 40079 58028 60081 76166 888// 333 60047 81826 87642 90710 91106 93100 555 60015=
07299,2008-01-06 01:00:00,5,1007.1,-2.6,97,4.6,4500,14.816,18.52,,160,,,1,,,,,,,,og-post,,,,AAXX 06014 07299 26/45 /1608 10050 20046 39742 40071 56026 333 60015 90710 91110=
07299,2008-01-06 02:00:00,4.6,1007.8,-1.1,97,4.2,1700,7.408,18.52,,180,,,0.6,,,,,,,,og-post,,,,AAXX 06024 07299 26/17 /1804 10046 20042 39748 40078 55011 333 69965 90710 91110=
07299,2008-01-06 03:00:00,4.5,1008.6,0.8,97,4.1,2000,3.704,7.408,,220,,,0.2,2,,,,,,61,og-post,,,,AAXX 06034 07299 21420 82202 10045 20041 39756 40086 53008 76162 885// 333 60027 87613 90710 91104 93100 555 69925=
07299,2008-01-06 04:00:00,4.9,1009,1.8,97,4.5,4000,11.112,14.816,,160,,,,,,,,,,21,og-post,,,,AAXX 06044 07299 21440 81606 10049 20045 39760 40090 51018 72162 885// 333 69905 87613 90710 91108 93100=
07299,2008-01-06 05:00:00,7.7,1009.7,2.2,96,7.1,6000,18.52,31.484,,270,,,0,,,,,,,,og-post,,,,AAXX 06054 07299 22556 72710 10077 20071 39770 40097 53022 878// 333 60005 83820 87635 90710 91117 93100=
07299,2008-01-06 06:00:00,7.8,1010.8,2.6,89,6.1,15000,22.224,38.892,,260,4.3,8.1,0,,,10,12,0,4,1,og-post,,,,AAXX 06064 07299 01565 72612 10078 20061 39781 40108 53026 60102 70162 8783/ 333 10081 20043 32004 55000 69907 70120 82820 85650 87359 90710 91121 93100 555 60005=
07299,2008-01-06 07:00:00,7.6,1012.3,3.6,90,6.1,15000,14.816,31.484,,250,,,0,,,,,,,,og-post,,,,AAXX 06074 07299 22465 72508 10076 20061 39795 40123 53036 8683/ 333 60005 82818 85650 87358 90710 91117 93100=
07299,2008-01-06 08:00:00,7.8,1013.6,3.7,88,5.9,15000,14.816,25.928,,270,,,0,,,,,,,,og-post,,,,AAXX 06084 07299 22465 72708 10078 20059 39808 40136 53037 878// 333 60005 83818 87635 90710 91114 93100=
07299,2008-01-06 09:00:00,8,1014.7,3.8,86,5.8,10000,18.52,29.632,,280,,,,,,,,,,25,og-post,,,,AAXX 06094 07299 21460 72810 10080 20058 39819 40147 51038 72586 878// 333 69907 84817 87635 90710 91116 93100 555 69905=
07299,2008-01-06 10:00:00,7.6,1016.3,3.8,84,5.1,15000,7.408,31.484,,260,,,0,,,,,,,,og-post,,,,AAXX 06104 07299 22465 72604 10076 20051 39834 40163 53038 878// 333 60005 82817 86640 90710 91117 93100=
07299,2008-01-06 11:00:00,7.5,1016.9,3.3,85,5.1,10000,11.112,29.632,,280,,,0.2,,,,,,,80,og-post,,,,AAXX 06114 07299 21660 72806 10075 20051 39840 40169 51033 78086 878// 333 69925 83834 87640 90710 91116 93100=
07299,2008-01-06 12:00:00,7.6,1017.3,2.4,85,5.2,10000,11.112,29.632,,270,,,0.2,0.4,0.4,,,,,25,og-post,,,,AAXX 06124 07299 01660 72706 10076 20052 39844 40173 51024 69941 72586 878// 333 69947 82834 87650 90710 91116 93100 555 69925=
07299,2008-01-06 13:00:00,7.9,1017.8,1.6,84,5.4,20000,7.408,22.224,,270,,,0,,,,,,,,og-post,,,,AAXX 06134 07299 22670 72704 10079 20054 39849 40178 51016 87800 333 60005 82834 86650 90710 91112 93100=
07299,2008-01-06 14:00:00,8.3,1018.4,1.4,83,5.6,15000,3.704,14.816,,250,,,0,,,,,,,,og-post,,,,AAXX 06144 07299 22665 72502 10083 20056 39855 40184 53014 878// 333 60005 83835 87650 90710 91108 93100=
07299,2008-01-06 15:00:00,7.2,1019.5,2,87,5.2,20000,7.408,35.188,,230,,,0.8,0.8,,,,,,25,og-post,,,,AAXX 06154 07299 21570 62304 10072 20052 39864 40195 53020 72586 86800 333 69987 82830 86645 90710 91119 93100 555 69985=
07299,2008-01-06 16:00:00,5.8,1020.1,1.8,88,4,20000,7.408,11.112,,130,,,0,,,,,,,,og-post,,,,AAXX 06164 07299 22670 71304 10058 20040 39868 40201 51018 8487/ 333 60005 81836 84650 87365 90710 91106 93100=
07299,2008-01-06 17:00:00,5,1020.3,1.4,90,3.5,20000,7.408,11.112,,150,,,0,,,,,,,,og-post,,,,AAXX 06174 07299 22670 71504 10050 20035 39869 40203 51014 8587/ 333 60005 81836 85645 87365 90710 91106 93100=
07299,2008-01-06 18:00:00,4,1020.4,0.4,93,3,12000,7.408,11.112,,160,4,8.5,0.2,0.2,,1,,,,21,og-post,,,,AAXX 06184 07299 01562 71604 10040 20030 39869 40204 51004 60012 72186 878// 333 10085 20040 69927 83829 87640 90710 91106 93100 555 69925=
07299,2008-01-06 19:00:00,3.3,1020.2,-0.2,94,2.4,12000,3.704,7.408,,140,,,0,,,,,,,,og-post,,,,AAXX 06194 07299 22662 71402 10033 20024 39866 40202 58002 8487/ 333 60005 81833 84650 87360 90710 91104 93100=
07299,2008-01-06 20:00:00,3,1020,-0.4,96,2.4,12000,7.408,11.112,,180,,,0,,,,,,,,og-post,,,,AAXX 06204 07299 22662 71804 10030 20024 39864 40200 58004 8557/ 333 60005 85646 86363 90710 91106 93100=
07299,2008-01-06 21:00:00,4,1019.9,-0.4,96,3.4,12000,7.408,11.112,,170,,,,,,,,,,60,og-post,,,,AAXX 06214 07299 21562 81704 10040 20034 39864 40199 56004 76062 878// 333 69907 81830 87657 90710 91106 93100 555 69905=
07299,2008-01-06 22:00:00,4.8,1019.2,-0.8,95,4.1,15000,11.112,22.224,,160,,,,,,,,,,21,og-post,,,,AAXX 06224 07299 21665 71606 10048 20041 39859 40192 58008 72162 8557/ 333 69905 85645 87358 90710 91112 93100=
07299,2008-01-06 23:00:00,4.7,1018.8,-0.9,93,3.7,15000,11.112,18.52,,170,,,0,,,,,,,,og-post,,,,AAXX 06234 07299 22665 71706 10047 20037 39855 40188 58009 8257/ 333 60005 82645 87357 90710 91110 93100=
07299,2008-01-07 00:00:00,4.6,1018.1,-1.6,92,3.4,15000,11.112,14.816,,170,,,0,,,,,,,1,og-post,,,,AAXX 07004 07299 01665 71706 10046 20034 39848 40181 58016 69901 70162 8557/ 333 69907 85646 87357 90710 91108 93100 555 60005=
07299,2008-01-07 01:00:00,5.2,1017.2,-1.9,92,4,18000,14.816,18.52,,170,,,0,,,,,,,,og-post,,,,AAXX 07014 07299 26/68 /1708 10052 20040 39840 40172 58019 333 60005 90710 91110=
07299,2008-01-07 02:00:00,5.6,1017,-1.8,91,4.2,20000,11.112,18.52,,170,,,0,,,,,,,,og-post,,,,AAXX 07024 07299 26/70 /1706 10056 20042 39838 40170 56018 333 60005 90710 91110=
07299,2008-01-07 03:00:00,5.5,1015.9,-2,92,4.3,15000,11.112,11.112,,160,,,0,0,,,,,,,og-post,,,,AAXX 07034 07299 22565 81606 10055 20043 39828 40159 57020 875// 333 60007 87628 90710 91106 555 60005=
07299,2008-01-07 04:00:00,5.7,1015.3,-1.7,94,4.8,5000,7.408,18.52,,170,,,2,,,,,,,63,og-post,,,,AAXX 07044 07299 21550 81704 10057 20048 39822 40153 58017 76362 878// 333 60025 81820 87628 90710 91110=
07299,2008-01-07 05:00:00,5.7,1014.6,-2.3,96,5.1,5000,14.816,18.52,,160,,,2,,,,,,,61,og-post,,,,AAXX 07054 07299 21550 81608 10057 20051 39815 40146 57023 76166 878// 333 60025 81820 87630 90710 91110=
07299,2008-01-07 06:00:00,6,1014.4,-1.4,96,5.4,6000,7.408,22.224,,130,2.6,6,0.2,4,,4,5.8,0.6,0,60,og-post,,,,AAXX 07064 07299 01556 81304 10060 20054 39814 40144 56014 60042 76062 878// 333 10060 20026 32000 55006 60047 70058 81820 87656 90710 91112 93100 555 69925=
07299,2008-01-07 07:00:00,7.4,1015,-0.2,97,7,5000,7.408,22.224,,150,,,1,,,,,,,63,og-post,,,,AAXX 07074 07299 21550 81504 10074 20070 39821 40150 55002 76366 878// 333 60015 81820 87657 90710 91112=
07299,2008-01-07 08:00:00,11.1,1014.8,1,87,9,15000,14.816,35.188,,220,,,1,,,,,,,21,og-post,,,,AAXX 07084 07299 21565 72208 10111 20090 39824 40148 53010 72162 878// 333 60015 81825 87643 90710 91119 93100=
07299,2008-01-07 09:00:00,10.5,1017.2,3.3,82,7.6,18000,29.632,61.116,50.004,280,,,0.8,4,,,,,,21,og-post,,,,AAXX 07094 07299 21468 62816 10105 20076 39846 40172 53033 72162 86800 333 60047 81819 85646 91027 90710 91133 93100 555 69985=
07299,2008-01-07 10:00:00,10.4,1019.5,4.6,77,6.5,18000,18.52,46.3,,250,,,0,,,,,,,21,og-post,,,,AAXX 07104 07299 21568 62510 10104 20065 39868 40195 53046 72122 86800 333 60005 81820 85646 90710 91125 93100=
07299,2008-01-07 11:00:00,10.2,1020.7,5.5,70,5,18000,25.928,50.004,,270,,,0,,,,,,,,og-post,,,,AAXX 07114 07299 22568 72714 10102 20050 39879 40207 51055 878// 333 60005 81828 87650 90710 91127 93100=
07299,2008-01-07 12:00:00,11.2,1020.7,3.4,72,6.3,20000,22.224,42.596,,260,,,0,0,4,,,,,,og-post,,,,AAXX 07124 07299 06/70 /2612 10112 20063 39881 40207 51034 60041 333 60007 90710 91123 555 60005=
07299,2008-01-07 13:00:00,10,1021.5,1.8,71,5,25000,25.928,46.3,,280,,,,,,,,,,25,og-post,,,,AAXX 07134 07299 21575 62814 10100 20050 39887 40215 51018 72586 85830 333 69905 81828 84643 90710 91125 93100=
07299,2008-01-07 14:00:00,10.5,1022.2,1.6,62,3.5,25000,18.52,31.484,,260,,,0,,,,,,,,og-post,,,,AAXX 07144 07299 22575 42610 10105 20035 39894 40222 53016 84800 333 60005 81828 84646 90710 91117 93100=
07299,2008-01-07 15:00:00,9.9,1023.3,2.2,70,4.7,25000,11.112,35.188,,210,,,0,,,,,,,2,og-post,,,,AAXX 07154 07299 21575 42106 10099 20047 39904 40233 53022 70286 84800 333 69907 81828 84646 90710 91119 93100 555 60005=
07299,2008-01-07 16:00:00,8,1024.2,2.3,77,4.2,25000,11.112,22.224,,220,,,0,,,,,,,,og-post,,,,AAXX 07164 07299 22575 52206 10080 20042 39911 40242 51023 85800 333 60005 81830 85648 90710 91112 93100=
07299,2008-01-07 17:00:00,6.4,1025.4,2.4,81,3.4,20000,3.704,14.816,,210,,,0,,,,,,,,og-post,,,,AAXX 07174 07299 22670 22102 10064 20034 39920 40254 53024 82100 333 60005 82843 90710 91108 93100=
07299,2008-01-07 18:00:00,4.2,1025.9,1.9,85,1.9,30000,3.704,11.112,,150,4.1,11.4,0,0,,4,,,,1,og-post,,,,AAXX 07184 07299 01680 11502 10042 20019 39923 40259 51019 60042 70186 81500 333 10114 20041 60007 81648 90710 91106 93100 555 60005=
07299,2008-01-07 19:00:00,3.6,1025.6,0.8,86,1.5,30000,14.816,22.224,,220,,,0,,,,,,,,og-post,,,,AAXX 07194 07299 22680 22208 10036 20015 39919 40256 50008 82500 333 60005 82648 90710 91112 93100=
07299,2008-01-07 20:00:00,5.2,1025.8,0.2,80,2,20000,7.408,35.188,,230,,,0,,,,,,,,og-post,,,,AAXX 07204 07299 22970 02304 10052 20020 39923 40258 53002 333 60005 90710 91119 93100=
07299,2008-01-07 21:00:00,5.4,1026.2,0.4,78,1.9,20000,11.112,22.224,,210,,,0,0,,,,,,,og-post,,,,AAXX 07214 07299 22970 02106 10054 20019 39927 40262 53004 333 60007 90710 91112 93100 555 60005=
07299,2008-01-07 22:00:00,5.4,1026.4,1,78,1.9,20000,11.112,22.224,,200,,,0,,,,,,,,og-post,,,,AAXX 07224 07299 22970 02006 10054 20019 39929 40264 52010 333 60005 90710 91112 93100=
07299,2008-01-07 23:00:00,2.1,1027,0.8,86,0,20000,11.112,22.224,,160,,,0,,,,,,,,og-post,,,,AAXX 07234 07299 22970 01606 10021 20000 39931 40270 51008 333 60005 90710 91112 93100=
07299,2008-01-08 00:00:00,1.7,1027.2,0.5,91,0.4,20000,7.408,14.816,,150,,,0,0,,,,,,,og-post,,,,AAXX 08004 07299 02970 01504 10017 20004 39932 40272 51005 60001 333 60007 90710 91108 93100 555 60005=
07299,2008-01-08 01:00:00,4.7,1027,0.5,79,1.4,20000,14.816,25.928,,230,,,0,,,,,,,,og-post,,,,AAXX 08014 07299 26/70 /2308 10047 20014 39934 40270 52005 333 60005 90710 91114=
07299,2008-01-08 02:00:00,1.1,1027.5,0.3,91,-0.2,20000,7.408,22.224,,90,,,0,,,,,,,,og-post,,,,AAXX 08024 07299 26/70 /0904 10011 21002 39934 40275 51003 333 60005 90710 91112=
07299,2008-01-08 03:00:00,0.2,1027.5,0.1,91,-1.1,20000,7.408,14.816,,170,,,0,0,,,,,,,og-post,,,,AAXX 08034 07299 22970 01704 10002 21011 39933 40275 50001 333 60007 90710 91108 93100 555 60005=
07299,2008-01-08 04:00:00,-0.2,1027.7,-0,94,-1,20000,3.704,11.112,,230,,,0,,,,,,,,og-post,,,,AAXX 08044 07299 22970 02302 11002 21010 39934 40277 55000 333 60005 90710 91106 93100=
07299,2008-01-08 05:00:00,-0.7,1027.8,0.1,94,-1.5,15000,3.704,7.408,,110,,,0,,,,,,,,og-post,,,,AAXX 08054 07299 22665 21102 11007 21015 39935 40278 53001 82500 333 60005 82639 90710 91104 93100=
07299,2008-01-08 06:00:00,-0.6,1027.8,0.2,95,-1.3,15000,3.704,7.408,,200,-1,6.6,0,0,,,3.6,2.1,-4,,og-post,,,,AAXX 08064 07299 02665 12002 11006 21013 39935 40278 51002 60002 81500 333 10066 21010 30104 55021 60007 70036 81640 90710 91104 93100 555 60005=
07299,2008-01-08 07:00:00,-1.6,1027.9,0.1,95,-2.3,15000,3.704,7.408,,170,,,0,,,,,,,,og-post,,,,AAXX 08074 07299 22665 31702 11016 21023 39935 40279 51001 81501 333 60005 81636 90710 91104 93100=
07299,2008-01-08 08:00:00,0.1,1027.7,-0,96,-0.5,20000,7.408,11.112,,180,,,0,,,,,,,,og-post,,,,AAXX 08084 07299 22670 31804 10001 21005 39935 40277 54000 81502 333 60005 81633 83073 90710 91106 93100=
07299,2008-01-08 09:00:00,2.1,1027.3,-0.2,89,0.5,20000,7.408,14.816,,170,,,0,0,,,,,,,og-post,,,,AAXX 08094 07299 22670 71704 10021 20005 39933 40273 58002 81504 333 60007 81633 87073 90710 91108 93100 555 60005=
07299,2008-01-08 10:00:00,4.3,1026.7,-0.5,82,1.5,20000,11.112,14.816,,170,,,0,,,,,,,,og-post,,,,AAXX 08104 07299 22470 71706 10043 20015 39930 40267 58005 81102 333 60005 81813 87073 90710 91108 93100=
07299,2008-01-08 11:00:00,5.8,1026,-1,75,1.7,25000,7.408,14.816,,170,,,0,,,,,,,,og-post,,,,AAXX 08114 07299 22475 71704 10058 20017 39925 40260 58010 81102 333 60005 81816 87073 90710 91108 93100=
07299,2008-01-08 12:00:00,6.8,1025.2,-1.4,74,2.5,25000,3.704,11.112,,180,,,0,0,,,,,,,og-post,,,,AAXX 08124 07299 02475 71802 10068 20025 39919 40252 58014 60001 81102 333 60007 81818 87073 90710 91106 93100 555 60005=
07299,2008-01-08 13:00:00,7.6,1024.2,-2,70,2.5,28000,7.408,11.112,,160,,,0,,,,,,,,og-post,,,,AAXX 08134 07299 22478 71604 10076 20025 39910 40242 58020 81102 333 60005 81818 87073 90710 91106 93100=
07299,2008-01-08 14:00:00,8.2,1023.6,-2,70,3.1,30000,3.704,14.816,,180,,,0,,,,,,,,og-post,,,,AAXX 08144 07299 22/80 61802 10082 20031 39905 40236 56020 80002 333 60005 86073 90710 91108 93100=
07299,2008-01-08 15:00:00,7.6,1023.4,-1.7,64,1.2,30000,7.408,11.112,,100,,,0,0,,,,,,,og-post,,,,AAXX 08154 07299 22/80 31004 10076 20012 39902 40234 56017 80002 333 60007 83073 90710 91106 93100 555 60005=
07299,2008-01-08 16:00:00,5.3,1023,-1.3,72,0.7,35000,7.408,14.816,,110,,,0,,,,,,,,og-post,,,,AAXX 08164 07299 22/81 41104 10053 20007 39896 40230 58013 80002 333 60005 84073 90710 91108 93100=
07299,2008-01-08 17:00:00,2.5,1023,-1.3,84,0.1,35000,3.704,14.816,,140,,,0,,,,,,,,og-post,,,,AAXX 08174 07299 22/81 31402 10025 20001 39892 40230 58013 80002 333 60005 83073 90710 91108 93100=
07299,2008-01-08 18:00:00,2,1022.8,-1.2,84,-0.4,30000,3.704,14.816,,120,-2,8.9,0,0,,,,,,,og-post,,,,AAXX 08184 07299 02/80 41202 10020 21004 39890 40228 56012 60002 80001 333 10089 21020 60007 84073 90710 91108 93100 555 60005=
07299,2008-01-08 19:00:00,1.7,1022.5,-0.9,87,-0.2,25000,7.408,14.816,,180,,,0,,,,,,,,og-post,,,,AAXX 08194 07299 22/75 31804 10017 21002 39887 40225 56009 80001 333 60005 83073 90710 91108 93100=
07299,2008-01-08 20:00:00,1.5,1021.9,-1.2,86,-0.6,25000,11.112,18.52,,160,,,0,,,,,,,,og-post,,,,AAXX 08204 07299 22/75 31606 10015 21006 39880 40219 58012 80001 333 60005 83073 90710 91110 93100=
07299,2008-01-08 21:00:00,1.5,1021.3,-1.5,87,-0.4,25000,11.112,14.816,,170,,,0,0,,,,,,,og-post,,,,AAXX 08214 07299 22/75 31706 10015 21004 39875 40213 58015 80001 333 60007 83073 90710 91108 93100 555 60005=
07299,2008-01-08 22:00:00,1.5,1021.4,-1.1,87,-0.4,20000,11.112,14.816,,180,,,0,,,,,,,,og-post,,,,AAXX 08224 07299 22/70 41806 10015 21004 39876 40214 55011 80001 333 60005 84073 90710 91108 93100=
07299,2008-01-08 23:00:00,1.6,1021.2,-0.7,87,-0.3,20000,14.816,22.224,,170,,,0,,,,,,,,og-post,,,,AAXX 08234 07299 22/70 41708 10016 21003 39874 40212 56007 80001 333 60005 84073 90710 91112 93100=
07299,2008-01-09 00:00:00,1,1021,-0.4,89,-0.6,20000,11.112,18.52,,190,,,0,0,,,,,,,og-post,,,,AAXX 09004 07299 02/70 51906 10010 21006 39871 40210 58004 60001 80001 333 60007 85073 90710 91110 93100 555 60005=
07299,2008-01-09 01:00:00,1.1,1020.7,-0.8,88,-0.7,14000,14.816,25.928,,160,,,0,,,,,,,,og-post,,,,AAXX 09014 07299 26/64 /1608 10011 21007 39868 40207 57008 333 60005 90710 91114=
07299,2008-01-09 02:00:00,0.7,1020.9,-0.3,89,-0.9,18000,7.408,18.52,,180,,,0,,,,,,,,og-post,,,,AAXX 09024 07299 26/68 /1804 10007 21009 39870 40209 55003 333 60005 90710 91110=
07299,2008-01-09 03:00:00,1.2,1020.6,-0.3,88,-0.6,15000,11.112,14.816,,170,,,0,0,,,,,,,og-post,,,,AAXX 09034 07299 22965 71706 10012 21006 39868 40206 56003 83071 333 60007 83364 87073 90710 91108 93100 555 60005=
07299,2008-01-09 04:00:00,1.3,1020.6,0,87,-0.6,15000,7.408,14.816,,180,,,0,,,,,,,,og-post,,,,AAXX 09044 07299 22765 71804 10013 21006 39868 40206 50000 8553/ 333 60005 85656 87362 90710 91108 93100=
07299,2008-01-09 05:00:00,1.3,1020.1,-0.7,87,-0.6,15000,7.408,11.112,,180,,,0,,,,,,,,og-post,,,,AAXX 09054 07299 22765 71804 10013 21006 39863 40201 58007 8357/ 333 60005 83650 84358 87361 90710 91106 93100=
07299,2008-01-09 06:00:00,1.5,1020.2,-0.3,87,-0.4,15000,7.408,18.52,,190,0.4,2.5,0,0,,,0,7.4,-2,,og-post,,,,AAXX 09064 07299 02765 71904 10015 21004 39864 40202 57003 60002 8357/ 333 10025 20004 30102 55074 60007 70000 83650 84358 87361 90710 91110 93100 555 60005=
07299,2008-01-09 07:00:00,1.7,1020.5,-0.2,88,-0.1,15000,7.408,14.816,,190,,,,,,,,,,21,og-post,,,,AAXX 09074 07299 21665 71904 10017 21001 39867 40205 55002 72162 8557/ 333 69905 85643 87357 90710 91108 93100=
07299,2008-01-09 08:00:00,2.3,1020.8,0.8,87,0.4,15000,11.112,14.816,,190,,,0,,,,,,,,og-post,,,,AAXX 09084 07299 22565 81906 10023 20004 39871 40208 53008 878// 333 60005 81826 87643 90710 91108 93100=
07299,2008-01-09 09:00:00,2.7,1021.6,1.4,88,0.9,10000,7.408,14.816,,180,,,,,,,,,,60,og-post,,,,AAXX 09094 07299 21660 81804 10027 20009 39879 40216 53014 76062 875// 333 69907 87643 90710 91108 93100 555 69905=
07299,2008-01-09 10:00:00,2.8,1022,1.7,90,1.3,9000,7.408,14.816,,190,,,0.2,,,,,,,60,og-post,,,,AAXX 09104 07299 21659 81904 10028 20013 39883 40220 51017 76062 875// 333 69925 87635 90710 91108 93100=
07299,2008-01-09 11:00:00,3.8,1021.4,0.7,90,2.3,10000,7.408,14.816,,170,,,,,,,,,,21,og-post,,,,AAXX 09114 07299 21660 81704 10038 20023 39879 40214 50007 72162 8452/ 333 69905 84638 88459 90710 91108 93100=
07299,2008-01-09 12:00:00,4.2,1020.8,-0.6,91,2.9,10000,11.112,18.52,,160,,,,0.2,0.2,,,,,60,og-post,,,,AAXX 09124 07299 01660 81606 10042 20029 39873 40208 58006 69921 76062 8552/ 333 69927 85639 88459 90710 91110 93100 555 69905=
07299,2008-01-09 13:00:00,5.2,1019.9,-1.7,90,3.7,10000,11.112,14.816,,150,,,,,,,,,,21,og-post,,,,AAXX 09134 07299 21660 81506 10052 20037 39866 40199 58017 72162 878// 333 69905 81833 87643 90710 91108 93100=
07299,2008-01-09 14:00:00,5.1,1019.7,-1.5,89,3.4,10000,7.408,14.816,,180,,,0.2,,,,,,,60,og-post,,,,AAXX 09144 07299 21660 81804 10051 20034 39864 40197 56015 76062 878// 333 69925 81833 87639 90710 91108 93100=
07299,2008-01-09 15:00:00,5.1,1019.7,-0.9,91,3.8,8000,7.408,11.112,,160,,,,0.2,,,,,,21,og-post,,,,AAXX 09154 07299 21658 81604 10051 20038 39864 40197 56009 72162 875// 333 69927 87634 90710 91106 93100 555 69905=
07299,2008-01-09 16:00:00,5,1020.5,0.5,93,4,4000,3.704,11.112,,180,,,0.4,,,,,,,21,og-post,,,,AAXX 09164 07299 21540 81802 10050 20040 39871 40205 53005 72162 875// 333 69945 87630 90710 91106 93100=
07299,2008-01-09 17:00:00,4.8,1021.3,1.5,93,3.8,5000,3.704,11.112,,180,,,0,,,,,,,,og-post,,,,AAXX 09174 07299 22550 81802 10048 20038 39879 40213 53015 875// 333 60005 87628 90710 91106 93100=
07299,2008-01-09 18:00:00,4.6,1021.5,1.7,95,3.9,7000,7.408,11.112,,160,1.5,5.2,0.2,0.6,,1,,,,21,og-post,,,,AAXX 09184 07299 01557 71604 10046 20039 39881 40215 51017 60012 72162 8457/ 333 10052 20015 69967 84626 85359 90710 91106 93100 555 69925=
07299,2008-01-09 19:00:00,4.7,1021.9,1.3,95,4,6000,3.704,14.816,,160,,,0,,,,,,,,og-post,,,,AAXX 09194 07299 22656 71602 10047 20040 39885 40219 51013 875// 333 60005 84639 87650 90710 91108 93100=
07299,2008-01-09 20:00:00,4.8,1022.1,0.8,95,4.1,6000,7.408,11.112,,170,,,,,,,,,,60,og-post,,,,AAXX 09204 07299 21656 71704 10048 20041 39887 40221 53008 76065 875// 333 69905 87637 90710 91106 93100=
07299,2008-01-09 21:00:00,5.2,1022.2,0.7,95,4.5,6000,7.408,14.816,,160,,,0.2,0.2,,,,,,21,og-post,,,,AAXX 09214 07299 21656 71604 10052 20045 39888 40222 51007 72165 875// 333 69927 87643 90710 91108 93100 555 69925=
07299,2008-01-09 22:00:00,5.1,1022.1,0.3,95,4.4,7000,11.112,14.816,,160,,,0,,,,,,,,og-post,,,,AAXX 09224 07299 22757 71606 10051 20044 39887 40221 50003 875// 333 60005 87650 90710 91108 93100=
07299,2008-01-09 23:00:00,4.2,1022.4,0.2,95,3.5,7000,3.704,11.112,,360,,,0,,,,,,,,og-post,,,,AAXX 09234 07299 22757 73602 10042 20035 39889 40224 52002 875// 333 60005 87650 90710 91106 93100=
07299,2008-01-10 00:00:00,3.3,1022.3,-0.1,95,2.6,5000,,11.112,,,,,0,0,0.2,,,,,1,og-post,,,,AAXX 10004 07299 01750 70000 10033 20026 39887 40223 58001 69921 70165 875// 333 60007 87656 90710 91106 93100 555 60005=
07299,2008-01-10 01:00:00,3,1022.5,-0,96,2.4,2100,3.704,14.816,,190,,,0,,,,,,,,og-post,,,,AAXX 10014 07299 26/21 /1902 10030 20024 39888 40225 54000 333 60005 90710 91108=
07299,2008-01-10 02:00:00,3.9,1022.4,-0.1,97,3.5,3400,3.704,11.112,,160,,,0.2,,,,,,,,og-post,,,,AAXX 10024 07299 26/34 /1602 10039 20035 39888 40224 56001 333 69925 90710 91106=
07299,2008-01-10 03:00:00,4.4,1022.1,-0.1,97,4,5000,7.408,14.816,,160,,,0,0.2,,,,,,,og-post,,,,AAXX 10034 07299 22650 71604 10044 20040 39886 40221 58001 875// 333 69927 87645 90710 91108 93100 555 60005=
07299,2008-01-10 04:00:00,4.4,1021.7,-0.6,96,3.8,6000,3.704,14.816,,170,,,0,,,,,,,,og-post,,,,AAXX 10044 07299 22456 71702 10044 20038 39882 40217 58006 878// 333 60005 81819 87639 90710 91108 93100=
07299,2008-01-10 05:00:00,4.5,1021.5,-0.8,96,3.9,7000,11.112,14.816,,180,,,0,,,,,,,,og-post,,,,AAXX 10054 07299 22457 71806 10045 20039 39880 40215 58008 878// 333 60005 81819 87631 90710 91108 93100=
07299,2008-01-10 06:00:00,4.3,1021.3,-0.9,94,3.4,7000,11.112,18.52,,180,2.6,5.3,0,0,,0.4,1.4,0,1,1,og-post,,,,AAXX 10064 07299 01457 71806 10043 20034 39878 40213 56009 69942 70186 878// 333 10053 20026 32001 55000 60007 70014 81819 87656 90710 91110 93100 555 60005=
07299,2008-01-10 07:00:00,3.7,1021.2,-0.5,94,2.8,8000,11.112,18.52,,170,,,0,,,,,,,,og-post,,,,AAXX 10074 07299 22558 41706 10037 20028 39877 40212 56005 84500 333 60005 81631 83656 90710 91110 93100=
07299,2008-01-10 08:00:00,4,1021.6,0.1,93,3,12000,11.112,18.52,,190,,,0,,,,,,,,og-post,,,,AAXX 10084 07299 22462 51906 10040 20030 39881 40216 53001 84801 333 60005 81816 84650 90710 91110 93100=
07299,2008-01-10 09:00:00,6.1,1021.7,0.5,89,4.4,12000,11.112,14.816,,180,,,0,0,,,,,,,og-post,,,,AAXX 10094 07299 22462 51806 10061 20044 39884 40217 53005 84801 333 60007 81816 84650 90710 91108 93100 555 60005=
07299,2008-01-10 10:00:00,7.6,1021.6,0.8,83,4.9,15000,14.816,18.52,,150,,,0,,,,,,,,og-post,,,,AAXX 10104 07299 22565 61508 10076 20049 39885 40216 51008 82801 333 60005 81820 86075 90710 91110 93100=
07299,2008-01-10 11:00:00,8.8,1020.6,-0.4,78,5.2,15000,14.816,18.52,,150,,,0,,,,,,,,og-post,,,,AAXX 10114 07299 22565 61508 10088 20052 39877 40206 58004 82801 333 60005 81823 86075 90710 91110 93100=
07299,2008-01-10 12:00:00,10.6,1019.6,-1.4,69,5.2,18000,11.112,18.52,,150,,,0,0,,,,,,,og-post,,,,AAXX 10124 07299 02568 71506 10106 20052 39869 40196 58014 60001 81806 333 60007 81823 87075 90710 91110 93100 555 60005=
07299,2008-01-10 13:00:00,11.6,1018.7,-2.3,66,5.5,35000,7.408,14.816,,120,,,0,,,,,,,,og-post,,,,AAXX 10134 07299 22581 71204 10116 20055 39862 40187 56023 81136 333 60005 81823 87075 90710 91108 93100=
07299,2008-01-10 14:00:00,11.9,1018.4,-1.8,64,5.3,35000,7.408,14.816,,130,,,0,,,,,,,,og-post,,,,AAXX 10144 07299 22581 71304 10119 20053 39859 40184 56018 81132 333 60005 81823 87075 90710 91108 93100=
07299,2008-01-10 15:00:00,10.5,1018.4,-1.2,68,4.9,35000,11.112,18.52,,130,,,0,0,,,,,,,og-post,,,,AAXX 10154 07299 22/81 71306 10105 20049 39857 40184 56012 80002 333 60007 87075 90710 91110 93100 555 60005=
07299,2008-01-10 16:00:00,7.7,1018.6,-0.5,81,4.7,35000,7.408,18.52,,160,,,0,,,,,,,,og-post,,,,AAXX 10164 07299 22981 71604 10077 20047 39856 40186 56005 81032 333 60005 81360 87075 90710 91110 93100=
07299,2008-01-10 17:00:00,6,1018.9,-0.2,85,3.7,15000,11.112,14.816,,170,,,0,,,,,,,,og-post,,,,AAXX 10174 07299 22/65 71706 10060 20037 39857 40189 56002 80002 333 60005 87075 90710 91108 93100=
07299,2008-01-10 18:00:00,5.4,1018.8,-0.2,85,3.1,15000,11.112,18.52,,170,3.2,11.9,0,0,,,,,,,og-post,,,,AAXX 10184 07299 02/65 71706 10054 20031 39855 40188 58002 60002 80002 333 10119 20032 60007 87075 90710 91110 93100 555 60005=
07299,2008-01-10 19:00:00,5.1,1018.7,-0.4,87,3.1,15000,11.112,14.816,,180,,,0,,,,,,,,og-post,,,,AAXX 10194 07299 22865 71806 10051 20031 39854 40187 58004 81032 333 60005 81358 87075 90710 91108 93100=
07299,2008-01-10 20:00:00,5.9,1018.4,-0.5,86,3.7,18000,11.112,18.52,,180,,,0,,,,,,,,og-post,,,,AAXX 10204 07299 22768 71806 10059 20037 39852 40184 56005 875// 333 60005 87650 90710 91110 93100=
07299,2008-01-10 21:00:00,6.5,1017.9,-0.7,83,3.8,18000,14.816,25.928,,170,,,0,0,,,,,,,og-post,,,,AAXX 10214 07299 22768 71708 10065 20038 39848 40179 58007 8553/ 333 60007 85650 87358 90710 91114 93100 555 60005=
07299,2008-01-10 22:00:00,5.3,1017.7,-0.8,84,2.8,18000,7.408,22.224,,160,,,0,,,,,,,,og-post,,,,AAXX 10224 07299 22768 11604 10053 20028 39845 40177 58008 81530 333 60005 81650 90710 91112 93100=
07299,2008-01-10 23:00:00,3.7,1017.8,-0.8,89,2.1,18000,7.408,14.816,,180,,,0,,,,,,,,og-post,,,,AAXX 10234 07299 22768 11804 10037 20021 39844 40178 56008 81530 333 60005 81650 90710 91108 93100=
07299,2008-01-11 00:00:00,3.5,1017.2,-1,89,1.9,18000,7.408,11.112,,190,,,0,0,,,,,,,og-post,,,,AAXX 11004 07299 02768 11904 10035 20019 39838 40172 58010 60001 81530 333 60007 81650 90710 91106 93100 555 60005=
07299,2008-01-11 01:00:00,3.2,1016.9,-1.1,90,1.7,13000,11.112,14.816,,180,,,0,,,,,,,,og-post,,,,AAXX 11014 07299 26/63 /1806 10032 20017 39834 40169 58011 333 60005 90710 91108=
07299,2008-01-11 02:00:00,2.9,1016.5,-1.5,91,1.6,11000,11.112,14.816,,180,,,0,,,,,,,,og-post,,,,AAXX 11024 07299 26/61 /1806 10029 20016 39830 40165 56015 333 60005 90710 91108=
07299,2008-01-11 03:00:00,3.6,1015.8,-1.4,90,2.1,15000,11.112,18.52,,180,,,0,0,,,,,,,og-post,,,,AAXX 11034 07299 22765 31806 10036 20021 39824 40158 58014 81530 333 60007 81650 83358 90710 91110 93100 555 60005=
07299,2008-01-11 04:00:00,3.6,1014.7,-2,90,2.1,15000,11.112,14.816,,170,,,0,,,,,,,,og-post,,,,AAXX 11044 07299 22965 41706 10036 20021 39814 40147 58020 84030 333 60005 84360 90710 91108 93100=
07299,2008-01-11 05:00:00,3.5,1013.9,-2.4,90,2,18000,7.408,14.816,,190,,,0,,,,,,,,og-post,,,,AAXX 11054 07299 22968 71904 10035 20020 39806 40139 58024 87030 333 60005 87359 90710 91108 93100=
07299,2008-01-11 06:00:00,3,1013.4,-2.3,91,1.7,18000,3.704,11.112,,230,2.5,6.6,0,0,,,0,7.1,0,,og-post,,,,AAXX 11064 07299 02868 72302 10030 20017 39800 40134 56023 60002 87050 333 10066 20025 30000 55071 60007 70000 83357 87360 90710 91106 93100 555 60005=
07299,2008-01-11 07:00:00,4.2,1012.8,-1.8,92,3,15000,7.408,11.112,,150,,,0,,,,,,,,og-post,,,,AAXX 11074 07299 22865 71504 10042 20030 39796 40128 56018 87050 333 60005 83357 87361 90710 91106 93100=
07299,2008-01-11 08:00:00,6.7,1012,-1.5,82,3.9,35000,7.408,18.52,,80,,,0,,,,,,,,og-post,,,,AAXX 11084 07299 22581 70804 10067 20039 39791 40120 58015 81832 333 60005 81830 84360 87073 90710 91110 93100=
07299,2008-01-11 09:00:00,7.1,1011.7,-1.2,73,2.6,50000,14.816,22.224,,110,,,0,0,,,,,,14,og-post,,,,AAXX 11094 07299 21584 71108 10071 20026 39789 40117 56012 71422 8115/ 333 60007 81830 87359 90710 91112 93100 555 60005=
07299,2008-01-11 10:00:00,8.8,1011.2,-1,63,2.2,20000,14.816,29.632,,110,,,0,,,,,,,,og-post,,,,AAXX 11104 07299 26/70 /1108 10088 20022 39786 40112 56010 333 60005 90710 91116=
07299,2008-01-11 11:00:00,10.1,1009.9,-1.6,55,1.5,50000,14.816,25.928,,110,,,0,,,,,,,,og-post,,,,AAXX 11114 07299 22584 61108 10101 20015 39775 40099 58016 81132 333 60005 81830 86073 90710 91114 93100=
07299,2008-01-11 12:00:00,11.7,1008.3,-2.8,48,1.1,55000,18.52,25.928,,130,,,0,0,,,,,,,og-post,,,,AAXX 11124 07299 02685 71310 10117 20011 39761 40083 58028 60001 81152 333 60007 81833 87073 90710 91114 93100 555 60005=
07299,2008-01-11 13:00:00,12.7,1007,-3.8,42,0.1,55000,14.816,25.928,,130,,,0,,,,,,,,og-post,,,,AAXX 11134 07299 22685 41308 10127 20001 39749 40070 56038 81152 333 60005 81833 83073 90710 91114 93100=
07299,2008-01-11 14:00:00,12.9,1005.5,-3.8,42,0.3,55000,18.52,25.928,,120,,,0,,,,,,,,og-post,,,,AAXX 11144 07299 22685 31210 10129 20003 39735 40055 56038 81232 333 60005 81833 90710 91114 93100=
07299,2008-01-11 15:00:00,11,1004.9,-3.4,47,0.1,55000,18.52,25.928,,120,,,0,0,,,,,,,og-post,,,,AAXX 11154 07299 22685 21210 10110 20001 39727 40049 56034 81232 333 60007 81833 90710 91114 93100 555 60005=
07299,2008-01-11 16:00:00,8,1004.7,-2.6,61,1,50000,7.408,22.224,,150,,,0,,,,,,,,og-post,,,,AAXX 11164 07299 22684 31504 10080 20010 39722 40047 56026 81472 333 60005 81640 90710 91112 93100=
07299,2008-01-11 17:00:00,6.5,1004.2,-2,64,0.2,30000,11.112,14.816,,150,,,0,,,,,,,,og-post,,,,AAXX 11174 07299 22680 51506 10065 20002 39715 40042 56020 81475 333 60005 81640 85073 90710 91108 93100=
07299,2008-01-11 18:00:00,6.7,1003.7,-1.6,67,1,30000,11.112,18.52,,160,2.7,13.2,0,0,,,,,,,og-post,,,,AAXX 11184 07299 02680 71606 10067 20010 39711 40037 57016 60002 81475 333 10132 20027 60007 81640 87073 90710 91110 93100 555 60005=
07299,2008-01-11 19:00:00,5.2,1003.8,-1.2,73,0.8,30000,3.704,14.816,,170,,,0,,,,,,,,og-post,,,,AAXX 11194 07299 22680 71702 10052 20008 39710 40038 56012 81475 333 60005 81640 87073 90710 91108 93100=
07299,2008-01-11 20:00:00,5.9,1003.6,-0.7,71,1.1,20000,11.112,14.816,,180,,,0,,,,,,,,og-post,,,,AAXX 11204 07299 26/70 /1806 10059 20011 39709 40036 56007 333 60005 90710 91108=
07299,2008-01-11 21:00:00,5.8,1003.2,-0.6,74,1.5,15000,14.816,25.928,,160,,,0,0,,,,,,,og-post,,,,AAXX 11214 07299 22965 71608 10058 20015 39705 40032 58006 83032 333 60007 83363 87073 90710 91114 93100 555 60005=
07299,2008-01-11 22:00:00,5.9,1003,-0.7,75,1.8,15000,14.816,22.224,,150,,,0,,,,,,,,og-post,,,,AAXX 11224 07299 22965 71508 10059 20018 39703 40030 58007 83032 333 60005 83363 87073 90710 91112 93100=
07299,2008-01-11 23:00:00,5.4,1003.6,-0.1,75,1.3,15000,7.408,22.224,,210,,,0,,,,,,,,og-post,,,,AAXX 11234 07299 22965 72104 10054 20013 39708 40036 55001 8703/ 333 60005 87362 90710 91112 93100=
07299,2008-01-12 00:00:00,7.9,1004.6,1.6,78,4.3,15000,29.632,50.004,,260,,,0,0,,,,,,,og-post,,,,AAXX 12004 07299 02565 72616 10079 20043 39721 40046 53016 60001 878// 333 60007 82826 87656 90710 91127 93100 555 60005=
07299,2008-01-12 01:00:00,6.6,1006.4,3.5,78,3,20000,25.928,57.412,,270,,,0,,,,,,,,og-post,,,,AAXX 12014 07299 26/70 /2714 10066 20030 39737 40064 53035 333 60005 90710 91131=
07299,2008-01-12 02:00:00,5.1,1007.6,3.8,83,2.5,20000,18.52,42.596,,240,,,0,,,,,,,,og-post,,,,AAXX 12024 07299 26/70 /2410 10051 20025 39747 40076 51038 333 60005 90710 91123=
07299,2008-01-12 03:00:00,5,1008,2.9,83,2.4,12000,14.816,31.484,,220,,,,,,,,,,61,og-post,,,,AAXX 12034 07299 21662 72208 10050 20024 39750 40080 51029 76162 875// 333 69907 81633 87646 90710 91117 93100 555 69905=
07299,2008-01-12 04:00:00,4.3,1007.6,0.9,88,2.5,12000,11.112,29.632,,150,,,0.4,,,,,,,61,og-post,,,,AAXX 12044 07299 21662 71506 10043 20025 39746 40076 50009 76166 875// 333 69945 81633 87650 90710 91116 93100=
07299,2008-01-12 05:00:00,4.5,1008.2,0.5,88,2.7,12000,7.408,14.816,,140,,,0.2,,,,,,,61,og-post,,,,AAXX 12054 07299 21562 71404 10045 20027 39752 40082 53005 76166 875// 333 69925 83624 87636 90710 91108 93100=
07299,2008-01-12 06:00:00,4.4,1009.3,1.2,91,3.1,12000,3.704,11.112,,130,4.1,8.5,0.2,0.8,,0.8,0.8,5.8,2,61,og-post,,,,AAXX 12064 07299 01562 71302 10044 20031 39762 40093 53012 69982 76162 875// 333 10085 20041 32002 55058 69987 70008 85627 87646 90710 91106 93100 555 69925=
07299,2008-01-12 07:00:00,4.9,1010,2.3,87,2.9,13000,7.408,18.52,,200,,,0.2,,,,,,,61,og-post,,,,AAXX 12074 07299 21563 72004 10049 20029 39770 40100 53023 76166 8187/ 333 69925 81826 87458 90710 91110 93100=
07299,2008-01-12 08:00:00,4.9,1010.9,2.7,85,2.6,13000,14.816,29.632,,230,,,0.2,,,,,,,21,og-post,,,,AAXX 12084 07299 21563 72308 10049 20026 39778 40109 51027 72162 8287/ 333 69925 81826 87357 90710 91116 93100=
07299,2008-01-12 09:00:00,4.8,1011.6,2.3,85,2.5,15000,14.816,25.928,,240,,,0,0.4,,,,,,2,og-post,,,,AAXX 12094 07299 21565 72408 10048 20025 39785 40116 51023 70262 8287/ 333 69947 81826 87357 90710 91114 93100 555 60005=
07299,2008-01-12 10:00:00,4.8,1012.6,2.5,85,2.5,15000,14.816,29.632,,250,,,0,,,,,,,,og-post,,,,AAXX 12104 07299 22465 72508 10048 20025 39795 40126 53025 8587/ 333 60005 85818 83656 87358 90710 91116 93100=
07299,2008-01-12 11:00:00,5.3,1013.3,2.4,85,3,15000,14.816,25.928,,250,,,0,,,,,,,,og-post,,,,AAXX 12114 07299 22465 72508 10053 20030 39802 40133 53024 8687/ 333 60005 84818 85639 87358 90710 91114 93100=
07299,2008-01-12 12:00:00,5.5,1013.7,2.2,84,3,15000,18.52,25.928,,240,,,0,0,0.4,,,,,1,og-post,,,,AAXX 12124 07299 01465 72410 10055 20030 39806 40137 51022 69941 70162 8687/ 333 60007 82816 84640 87357 90710 91114 93100 555 60005=
07299,2008-01-12 13:00:00,5.7,1014.1,1.6,82,2.9,15000,18.52,29.632,,250,,,0,,,,,,,,og-post,,,,AAXX 12134 07299 22565 72510 10057 20029 39810 40141 51016 8687/ 333 60005 83820 85650 87360 90710 91116 93100=
07299,2008-01-12 14:00:00,5.6,1015.2,1.8,83,2.9,15000,18.52,25.928,,260,,,0,,,,,,,,og-post,,,,AAXX 12144 07299 22565 72610 10056 20029 39821 40152 53018 878// 333 60005 83820 83640 87650 90710 91114 93100=
07299,2008-01-12 15:00:00,5,1016.1,2.4,85,2.7,15000,25.928,31.484,,250,,,0,0,,,,,,,og-post,,,,AAXX 12154 07299 22565 72514 10050 20027 39829 40161 53024 878// 333 60007 82820 87650 90710 91117 93100 555 60005=
07299,2008-01-12 16:00:00,4.8,1017,2.6,85,2.5,20000,18.52,31.484,,260,,,0,,,,,,,,og-post,,,,AAXX 12164 07299 22570 72610 10048 20025 39837 40170 51026 878// 333 60005 81820 87650 90710 91117 93100=
07299,2008-01-12 17:00:00,4.9,1017.7,2.3,83,2.3,20000,18.52,31.484,,260,,,0,,,,,,,,og-post,,,,AAXX 12174 07299 22570 72610 10049 20023 39844 40177 51023 878// 333 60005 81820 87650 90710 91117 93100=
07299,2008-01-12 18:00:00,4,1018.4,2,84,1.5,20000,3.704,25.928,,230,4,5.7,0,0,,0.4,,,,,og-post,,,,AAXX 12184 07299 02570 72302 10040 20015 39850 40184 51020 69942 878// 333 10057 20040 60007 81820 87650 90710 91114 93100 555 60005=
07299,2008-01-12 19:00:00,3.5,1019.4,2.2,87,1.5,20000,3.704,7.408,,180,,,0,,,,,,,,og-post,,,,AAXX 12194 07299 22570 71802 10035 20015 39859 40194 53022 878// 333 60005 81820 86656 90710 91104 93100=
07299,2008-01-12 20:00:00,3.7,1019.9,2,85,1.4,20000,3.704,7.408,,160,,,0,,,,,,,,og-post,,,,AAXX 12204 07299 22570 71602 10037 20014 39864 40199 51020 878// 333 60005 81820 83650 86656 90710 91104 93100=
07299,2008-01-12 21:00:00,3.4,1020.5,1.9,85,1.1,20000,3.704,7.408,,200,,,0,0,,,,,,,og-post,,,,AAXX 12214 07299 22670 72002 10034 20011 39869 40205 51019 875// 333 60007 84635 86656 90710 91104 93100 555 60005=
07299,2008-01-12 22:00:00,2.5,1020.8,1.1,88,0.7,20000,3.704,7.408,,100,,,0,,,,,,,,og-post,,,,AAXX 12224 07299 22670 71002 10025 20007 39871 40208 51011 85502 333 60005 81635 85656 85073 90710 91104 93100=
07299,2008-01-12 23:00:00,1.1,1021.2,0.9,91,-0.2,18000,,7.408,,,,,0,,,,,,,,og-post,,,,AAXX 12234 07299 22668 70000 10011 21002 39873 40212 51009 85502 333 60005 81635 85650 85073 90710 91104 93100=
07299,2008-01-13 00:00:00,0.7,1021.3,0.5,94,-0.2,15000,3.704,11.112,,260,,,0,0,,,,,,,og-post,,,,AAXX 13004 07299 02565 72602 10007 21002 39874 40213 51005 60001 86502 333 60007 82630 86650 85073 90710 91106 93100 555 60005=
07299,2008-01-13 01:00:00,0.4,1021.3,0.2,93,-0.6,11000,3.704,7.408,,240,,,0,,,,,,,,og-post,,,,AAXX 13014 07299 26/61 /2402 10004 21006 39873 40213 50002 333 60005 90710 91104=
07299,2008-01-13 02:00:00,0.3,1021.4,0.1,94,-0.5,8000,,7.408,,,,,0,,,,,,,,og-post,,,,AAXX 13024 07299 26/58 /0000 10003 21005 39874 40214 52001 333 60005 90710 91104=
07299,2008-01-13 03:00:00,-0.5,1021.3,-0.2,94,-1.3,10000,3.704,3.704,,260,,,0,0,,,,,,,og-post,,,,AAXX 13034 07299 22760 32602 11005 21013 39872 40213 58002 81501 333 60007 81650 83073 90710 91102 93100 555 60005=
07299,2008-01-13 04:00:00,-1.4,1021.3,-0.2,95,-2.1,5000,,3.704,,,,,0,,,,,,,11,og-post,,,,AAXX 13044 07299 21150 20000 11014 21021 39871 40213 58002 71100 81601 333 60005 81701 90710 91102 93100=
07299,2008-01-13 05:00:00,-2,1021.8,0.1,95,-2.7,1400,3.704,3.704,,150,,,0,,,,,,,40,og-post,,,,AAXX 13054 07299 21114 31502 11020 21027 39875 40218 53001 74000 83600 333 60005 82701 90710 91102 93100=
07299,2008-01-13 06:00:00,-0.8,1021.5,0.2,96,-1.4,4900,,7.408,,,-2.3,3.9,0,0,,,0.4,0,-6,,og-post,,,,AAXX 13064 07299 06/49 /0000 11008 21014 39874 40215 52002 60002 333 10039 21023 3/106 55000 60007 70004 90710 91104 555 60005=
07299,2008-01-13 07:00:00,-0.5,1021.4,0.2,96,-1.1,7000,3.704,3.704,,200,,,0,,,,,,,,og-post,,,,AAXX 13074 07299 22457 72002 11005 21011 39873 40214 50002 875// 333 60005 81618 86625 90710 91102 93100=
07299,2008-01-13 08:00:00,-1,1021.2,-0.4,96,-1.6,8000,,3.704,,,,,0,,,,,,,,og-post,,,,AAXX 13084 07299 22558 50000 11010 21016 39871 40212 58004 84501 333 60005 84626 90710 91102 93100=
07299,2008-01-13 09:00:00,-0.5,1020.8,-0.7,96,-1.1,5000,7.408,11.112,,350,,,0,0,,,,,,,og-post,,,,AAXX 13094 07299 22550 63504 11005 21011 39867 40208 58007 86500 333 60007 86629 90710 91106 93100 555 60005=
07299,2008-01-13 10:00:00,-0.1,1020.2,-1.1,96,-0.7,1400,11.112,11.112,,320,,,0,,,,,,,40,og-post,,,,AAXX 13104 07299 21014 63206 11001 21007 39862 40202 58011 74022 85501 333 60005 81701 85629 90710 91106 93100=
07299,2008-01-13 11:00:00,0.3,1019.3,-1.7,97,-0.1,100,14.816,18.52,,320,,,0,,,,,,,46,og-post,,,,AAXX 13114 07299 21001 63208 10003 21001 39854 40193 58017 74642 86600 333 60005 85701 83610 90710 91110 93100=
07299,2008-01-13 12:00:00,2.3,1018.3,-2,97,1.9,8000,7.408,18.52,,320,,,0,0,,,,,,28,og-post,,,,AAXX 13124 07299 01158 73204 10023 20019 39847 40183 58020 60001 72842 878// 333 60007 81702 87623 90710 91110 93100 555 60005=
07299,2008-01-13 13:00:00,3.7,1017.6,-1.9,94,2.8,14000,7.408,14.816,,330,,,0,,,,,,,,og-post,,,,AAXX 13134 07299 22364 73304 10037 20028 39842 40176 56019 878// 333 60005 81808 87624 90710 91108 93100=
07299,2008-01-13 14:00:00,4.5,1017,-1.8,82,1.7,18000,3.704,11.112,,110,,,0,,,,,,,,og-post,,,,AAXX 13144 07299 22468 61102 10045 20017 39837 40170 56018 86800 333 60005 81813 86624 90710 91106 93100=
07299,2008-01-13 15:00:00,4.9,1016.8,-1.1,74,0.7,20000,18.52,25.928,,130,,,0,0,,,,,,,og-post,,,,AAXX 13154 07299 22570 51310 10049 20007 39835 40168 56011 85500 333 60007 85626 90710 91114 93100 555 60005=
07299,2008-01-13 16:00:00,4,1016.4,-1.2,75,0,20000,18.52,35.188,,110,,,0,,,,,,,,og-post,,,,AAXX 13164 07299 22570 51110 10040 20000 39830 40164 57012 84501 333 60005 84625 90710 91119 93100=
07299,2008-01-13 17:00:00,2.9,1016.2,-1,80,-0.2,18000,11.112,22.224,,120,,,0,,,,,,,,og-post,,,,AAXX 13174 07299 22568 11206 10029 21002 39827 40162 58010 81501 333 60005 81625 90710 91112 93100=
07299,2008-01-13 18:00:00,3,1015.9,-1.2,80,-0.1,15000,14.816,22.224,,110,-1.2,5.4,0,0,,,,,,,og-post,,,,AAXX 13184 07299 02565 21108 10030 21001 39824 40159 56012 60002 81501 333 10054 21012 60007 81625 90710 91112 93100 555 60005=
07299,2008-01-13 19:00:00,3.1,1015.4,-1,81,0.2,12000,18.52,29.632,,110,,,0,,,,,,,,og-post,,,,AAXX 13194 07299 22/62 21110 10031 20002 39820 40154 57010 80001 333 60005 82073 90710 91116 93100=
07299,2008-01-13 20:00:00,3,1014.9,-1.1,82,0.2,12000,18.52,29.632,,110,,,0,,,,,,,,og-post,,,,AAXX 13204 07299 22/62 21110 10030 20002 39815 40149 57011 80001 333 60005 82073 90710 91116 93100=
07299,2008-01-13 21:00:00,2.9,1014.7,-1.1,82,0.1,12000,14.816,31.484,,110,,,0,0,,,,,,,og-post,,,,AAXX 13214 07299 22/62 21108 10029 20001 39813 40147 57011 80001 333 60007 82073 90710 91117 93100 555 60005=
07299,2008-01-13 22:00:00,2.7,1014.3,-1.2,82,-0.1,12000,14.816,25.928,,110,,,0,,,,,,,,og-post,,,,AAXX 13224 07299 22/62 31108 10027 21001 39808 40143 56012 80001 333 60005 83073 90710 91114 93100=
07299,2008-01-13 23:00:00,2.1,1014.3,-0.8,83,-0.5,11000,11.112,22.224,,110,,,0,,,,,,,,og-post,,,,AAXX 13234 07299 22/61 51106 10021 21005 39808 40143 56008 80001 333 60005 85073 90710 91112 93100=
07299,2008-01-14 00:00:00,1.1,1014.1,-0.7,88,-0.7,11000,14.816,22.224,,120,,,0,0,,,,,,,og-post,,,,AAXX 14004 07299 02/61 51208 10011 21007 39805 40141 56007 60001 80001 333 60007 85073 90710 91112 93100 555 60005=
07299,2008-01-14 01:00:00,1.9,1013.9,-0.4,85,-0.3,11000,18.52,25.928,,130,,,0,,,,,,,,og-post,,,,AAXX 14014 07299 26/61 /1310 10019 21003 39804 40139 57004 333 60005 90710 91114=
07299,2008-01-14 02:00:00,2.2,1014,-0.2,83,-0.4,11000,18.52,25.928,,130,,,0,,,,,,,,og-post,,,,AAXX 14024 07299 26/61 /1310 10022 21004 39805 40140 55002 333 60005 90710 91114=
07299,2008-01-14 03:00:00,1.8,1014.3,0.2,85,-0.4,10000,11.112,25.928,,130,,,0,0,,,,,,,og-post,,,,AAXX 14034 07299 22960 61306 10018 21004 39807 40143 53002 80001 333 60007 86075 90710 91114 93100 555 60005=
07299,2008-01-14 04:00:00,1,1014.4,0.3,89,-0.6,9000,11.112,14.816,,160,,,0,,,,,,,,og-post,,,,AAXX 14044 07299 22959 71606 10010 21006 39807 40144 51003 82032 333 60005 82360 87075 90710 91108 93100=
07299,2008-01-14 05:00:00,0.8,1014.5,0.3,89,-0.8,9000,11.112,14.816,,170,,,0,,,,,,,,og-post,,,,AAXX 14054 07299 22959 71706 10008 21008 39808 40145 51003 82032 333 60005 82360 87075 90710 91108 93100=
07299,2008-01-14 06:00:00,0,1015.1,0.6,90,-1.4,8000,11.112,14.816,,170,0,3.3,0,0,,,0,1.1,-2,,og-post,,,,AAXX 14064 07299 02958 71706 10000 21014 39813 40151 53006 60002 83032 333 10033 20000 30102 55011 60007 70000 83361 87075 90710 91108 93100 555 60005=
07299,2008-01-14 07:00:00,0,1015.2,0.7,91,-1.3,7000,7.408,14.816,,170,,,0,,,,,,,,og-post,,,,AAXX 14074 07299 26/57 /1704 10000 21013 39814 40152 52007 333 60005 90710 91108=
07299,2008-01-14 08:00:00,1.7,1015.1,0.6,88,-0.1,8000,14.816,18.52,,140,,,0,,,,,,,,og-post,,,,AAXX 14084 07299 22958 71408 10017 21001 39815 40151 51006 86052 333 60005 86361 87073 90710 91110 93100=
07299,2008-01-14 09:00:00,2.2,1015.3,0.5,87,0.3,8000,14.816,22.224,,140,,,0,0,,,,,,,og-post,,,,AAXX 14094 07299 22858 71408 10022 20003 39818 40153 53005 81531 333 60007 81656 85361 87070 90710 91112 93100 555 60005=
07299,2008-01-14 10:00:00,3.3,1015.6,1,83,0.7,9000,11.112,18.52,,140,,,0,,,,,,,,og-post,,,,AAXX 14104 07299 22859 71406 10033 20007 39822 40156 53010 81531 333 60005 81656 86361 87070 90710 91110 93100=
07299,2008-01-14 11:00:00,3.9,1015.3,0.6,79,0.6,10000,11.112,25.928,,130,,,0,,,,,,,,og-post,,,,AAXX 14114 07299 22960 71306 10039 20006 39820 40153 50006 8757/ 333 60005 81658 87360 90710 91114 93100=
07299,2008-01-14 12:00:00,4.3,1014.6,-0.5,78,0.8,14000,11.112,18.52,,130,,,0,0,,,,,,,og-post,,,,AAXX 14124 07299 02864 71306 10043 20008 39813 40146 58005 60001 8157/ 333 60007 81658 87360 90710 91110 93100 555 60005=
07299,2008-01-14 13:00:00,4.8,1014.3,-1.2,77,1.1,15000,11.112,14.816,,140,,,0,,,,,,,,og-post,,,,AAXX 14134 07299 22465 71406 10048 20011 39811 40143 56012 8117/ 333 60005 81816 87357 90710 91108 93100=
07299,2008-01-14 14:00:00,5,1014.3,-0.9,77,1.3,15000,11.112,14.816,,110,,,0,,,,,,,,og-post,,,,AAXX 14144 07299 22665 71106 10050 20013 39811 40143 56009 8657/ 333 60005 86647 87357 90710 91108 93100=
07299,2008-01-14 15:00:00,3.9,1014.7,0.1,89,2.3,5000,3.704,18.52,,150,,,0.8,0.8,,,,,,61,og-post,,,,AAXX 14154 07299 21650 81502 10039 20023 39814 40147 53001 76162 875// 333 69987 87634 90710 91110 93100 555 69985=
07299,2008-01-14 16:00:00,3.4,1015.1,0.6,93,2.4,3500,3.704,7.408,,230,,,2,,,,,,,63,og-post,,,,AAXX 14164 07299 21535 82302 10034 20024 39817 40151 53006 76366 875// 333 60025 87626 90710 91104 93100=
07299,2008-01-14 17:00:00,3.3,1015.1,0.8,95,2.6,3000,7.408,11.112,,200,,,1,,,,,,,61,og-post,,,,AAXX 14174 07299 21530 82004 10033 20026 39817 40151 51008 76166 875// 333 60015 83623 87645 90710 91106 93100=
07299,2008-01-14 18:00:00,3.6,1015.6,0.9,95,2.9,3000,7.408,14.816,,160,-0.3,5,0.8,4,,5,,,,61,og-post,,,,AAXX 14184 07299 01530 81604 10036 20029 39822 40156 51009 60052 76162 875// 333 10050 21003 60047 81623 87641 90710 91108 93100 555 69985=
07299,2008-01-14 19:00:00,3.6,1016,0.8,95,2.9,3000,3.704,14.816,,170,,,1,,,,,,,61,og-post,,,,AAXX 14194 07299 21630 81702 10036 20029 39826 40160 53008 76166 875// 333 60015 87635 90710 91108 93100=
07299,2008-01-14 20:00:00,3.8,1015.4,0.3,95,3.1,3500,11.112,22.224,,140,,,0.6,,,,,,,61,og-post,,,,AAXX 14204 07299 21535 81406 10038 20031 39821 40154 50003 76166 875// 333 69965 81626 87640 90710 91112 93100=
07299,2008-01-14 21:00:00,4,1015.3,-0.2,94,3.1,4000,11.112,22.224,,130,,,0.2,2,,,,,,21,og-post,,,,AAXX 14214 07299 21540 81306 10040 20031 39820 40153 58002 72162 875// 333 60027 81628 87645 90710 91112 93100 555 69925=
07299,2008-01-14 22:00:00,3.2,1015.2,-0.8,94,2.3,4500,11.112,14.816,,140,,,0,,,,,,,10,og-post,,,,AAXX 14224 07299 21545 71406 10032 20023 39818 40152 56008 71022 84572 333 60005 81628 84646 87070 90710 91108 93100=
07299,2008-01-14 23:00:00,3.7,1015.1,-0.3,93,2.7,6000,14.816,18.52,,150,,,0,,,,,,,,og-post,,,,AAXX 14234 07299 22656 71508 10037 20027 39818 40151 56003 85572 333 60005 82648 85656 85071 90710 91110 93100=
07299,2008-01-15 00:00:00,3.6,1015,-0.3,93,2.6,6000,11.112,18.52,,150,,,0,0,2,,,,,3,og-post,,,,AAXX 15004 07299 01656 71506 10036 20026 39816 40150 56003 60021 70362 86571 333 60007 85642 84650 90710 91110 93100 555 60005=
07299,2008-01-15 01:00:00,3.3,1015,-0.2,92,2.1,8000,11.112,14.816,,160,,,0,,,,,,,,og-post,,,,AAXX 15014 07299 26/58 /1606 10033 20021 39816 40150 58002 333 60005 90710 91108=
07299,2008-01-15 02:00:00,1.9,1015,-0.4,93,0.9,6000,7.408,14.816,,160,,,0,,,,,,,,og-post,,,,AAXX 15024 07299 26/56 /1604 10019 20009 39814 40150 58004 333 60005 90710 91108=
07299,2008-01-15 03:00:00,1.7,1015.2,-0.1,94,0.8,6000,11.112,14.816,,170,,,0,0,,,,,,,og-post,,,,AAXX 15034 07299 22656 21706 10017 20008 39816 40152 55001 81501 333 60007 81643 90710 91108 93100 555 60005=
07299,2008-01-15 04:00:00,1.8,1014.7,-0.6,94,0.9,6000,11.112,18.52,,170,,,0,,,,,,,,og-post,,,,AAXX 15044 07299 22656 41706 10018 20009 39811 40147 58006 82501 333 60005 81646 83073 90710 91110 93100=
07299,2008-01-15 05:00:00,0.9,1014.5,-0.7,94,0,6000,7.408,14.816,,160,,,0,,,,,,,,og-post,,,,AAXX 15054 07299 22756 41604 10009 20000 39808 40145 58007 81501 333 60005 81650 84073 90710 91108 93100=
07299,2008-01-15 06:00:00,1.4,1014.4,-0.8,93,0.4,6000,11.112,14.816,,160,0.8,4,0,0,,2,6.6,0,-1,,og-post,,,,AAXX 15064 07299 02756 51606 10014 20004 39808 40144 55008 60022 81501 333 10040 20008 32101 55000 60007 70066 81650 85073 90710 91108 93100 555 60005=
07299,2008-01-15 07:00:00,1,1014.2,-0.5,94,0.1,7000,11.112,18.52,,150,,,0,,,,,,,,og-post,,,,AAXX 15074 07299 22757 71506 10010 20001 39805 40142 57005 81501 333 60005 81650 87073 90710 91110 93100=
07299,2008-01-15 08:00:00,1.3,1014.1,-0.2,94,0.4,15000,7.408,14.816,,170,,,0,,,,,,,,og-post,,,,AAXX 15084 07299 22565 71704 10013 20004 39805 40141 57002 82801 333 60005 81830 87073 90710 91108 93100=
07299,2008-01-15 09:00:00,2.9,1013.7,-0.5,92,1.7,12000,11.112,11.112,,160,,,0,0,,,,,,,og-post,,,,AAXX 15094 07299 22562 71606 10029 20017 39803 40137 56005 81801 333 60007 81830 87073 90710 91106 93100 555 60005=
07299,2008-01-15 11:00:00,7.7,1011.7,-1.6,80,4.5,20000,11.112,22.224,,120,,,0,,,,,,,,og-post,,,,AAXX 15114 07299 22670 71206 10077 20045 39789 40117 58016 81106 333 60005 81840 87073 90710 91112 93100=
07299,2008-01-15 12:00:00,8.3,1009.8,-3.1,76,4.3,40000,22.224,29.632,,120,,,0,0,,,,,,,og-post,,,,AAXX 15124 07299 02682 71212 10083 20043 39772 40098 58031 60001 81106 333 60007 81846 87073 90710 91116 93100 555 60005=
07299,2008-01-15 15:00:00,8.4,1006.5,-3.2,71,3.5,40000,18.52,31.484,,120,,,0,0,,,,,,,og-post,,,,AAXX 15154 07299 22982 71210 10084 20035 39740 40065 56032 81046 333 60007 81363 87070 90710 91117 93100 555 60005=
07299,2008-01-15 16:00:00,7.8,1005.9,-2.4,70,2.7,30000,18.52,29.632,,120,,,0,,,,,,,14,og-post,,,,AAXX 15164 07299 21980 81210 10078 20027 39733 40059 56024 71422 8705/ 333 60005 82361 87363 90710 91116 93100=
07299,2008-01-15 17:00:00,7.4,1005.3,-2.2,69,2.1,25000,18.52,25.928,,120,,,0,,,,,,,,og-post,,,,AAXX 15174 07299 22975 71210 10074 20021 39727 40053 56022 8705/ 333 60005 82359 87364 90710 91114 93100=
07299,2008-01-15 18:00:00,7.3,1004.5,-2,70,2.2,20000,22.224,29.632,,120,0.8,9.4,0,0,,,,,,,og-post,,,,AAXX 15184 07299 06/70 /1212 10073 20022 39719 40045 58020 60002 333 10094 20008 60007 90710 91116 555 60005=
07299,2008-01-15 19:00:00,7.1,1003.5,-2.4,72,2.4,20000,14.816,29.632,,140,,,0,,,,,,,,og-post,,,,AAXX 15194 07299 22970 71408 10071 20024 39709 40035 58024 8705/ 333 60005 87360 90710 91116 93100=
07299,2008-01-15 20:00:00,6.8,1002.7,-2.7,75,2.7,20000,11.112,18.52,,150,,,0,,,,,,,,og-post,,,,AAXX 15204 07299 22970 71506 10068 20027 39701 40027 57027 8703/ 333 60005 87358 90710 91110 93100=
07299,2008-01-15 21:00:00,6.5,1002.2,-2.2,77,2.8,20000,11.112,22.224,,140,,,0,0,,,,,,,og-post,,,,AAXX 15214 07299 22870 71406 10065 20028 39696 40022 56022 8757/ 333 60007 81657 87358 90710 91112 93100 555 60005=
07299,2008-01-15 22:00:00,5.9,1002.4,-1.3,81,2.9,20000,7.408,22.224,,260,,,0,,,,,,,,og-post,,,,AAXX 15224 07299 22870 72604 10059 20029 39697 40024 56013 8557/ 333 60005 85657 87358 90710 91112 93100=
07299,2008-01-15 23:00:00,5.7,1001,-1.6,84,3.2,20000,11.112,18.52,,160,,,,,,,,,,61,og-post,,,,AAXX 15234 07299 21770 71606 10057 20032 39684 40010 58016 76162 875// 333 69905 87656 90710 91110 93100=
07299,2008-01-16 00:00:00,5.7,1002.3,-0,84,3.2,18000,3.704,14.816,,240,,,0.2,0.2,0.2,,,,,61,og-post,,,,AAXX 16004 07299 01768 72402 10057 20032 39696 40023 55000 69921 76162 875// 333 69927 87656 90710 91108 93100 555 69925=
07299,2008-01-16 01:00:00,5.9,1001.2,-0.9,89,4.2,9000,11.112,22.224,,120,,,0.6,,,,,,,,og-post,,,,AAXX 16014 07299 26/59 /1206 10059 20042 39686 40012 56009 333 69965 90710 91112=
07299,2008-01-16 02:00:00,5.6,1001.8,0.6,92,4.4,11000,7.408,22.224,,150,,,0.2,,,,,,,,og-post,,,,AAXX 16024 07299 26/61 /1504 10056 20044 39691 40018 51006 333 69925 90710 91112=
07299,2008-01-16 03:00:00,6.7,1001.2,-0.8,86,4.5,25000,3.704,18.52,,240,,,0.2,1,,,,,,60,og-post,,,,AAXX 16034 07299 21675 72402 10067 20045 39687 40012 56008 76062 875// 333 60017 87644 90710 91110 93100 555 69925=
07299,2008-01-16 04:00:00,8,1001,0,74,3.7,25000,11.112,22.224,,170,,,,,,,,,,60,og-post,,,,AAXX 16044 07299 21675 71706 10080 20037 39686 40010 50000 76066 875// 333 69905 87644 90710 91112 93100=
07299,2008-01-16 05:00:00,7,1001.3,-0.3,83,4.3,25000,3.704,14.816,,110,,,,,,,,,,60,og-post,,,,AAXX 16054 07299 21675 71102 10070 20043 39688 40013 55003 76066 875// 333 69905 87643 90710 91108 93100=
07299,2008-01-16 06:00:00,6.9,1001.6,0.4,83,4.2,23000,11.112,22.224,,160,5.3,8.3,0.2,0.2,,1,1.4,4.9,4,60,og-post,,,,AAXX 16064 07299 01673 71606 10069 20042 39691 40016 53004 60012 76062 875// 333 10083 20053 32004 55049 69927 70014 87640 90710 91112 93100 555 69925=
07299,2008-01-16 07:00:00,6.3,1001.4,0.2,89,4.6,28000,14.816,42.596,,150,,,0.2,,,,,,,60,og-post,,,,AAXX 16074 07299 21478 71508 10063 20046 39688 40014 50002 76066 878// 333 69925 81810 87640 90710 91123 93100=
07299,2008-01-16 08:00:00,6.1,1002.1,0.7,90,4.6,15000,11.112,18.52,,160,,,0.2,,,,,,,60,og-post,,,,AAXX 16084 07299 21465 71606 10061 20046 39695 40021 53007 76066 878// 333 69925 81810 87640 90710 91110 93100=
07299,2008-01-16 09:00:00,6.5,1002.5,0.8,85,4.2,20000,22.224,29.632,,150,,,0.2,0.6,,,,,,60,og-post,,,,AAXX 16094 07299 21470 71512 10065 20042 39699 40025 53008 76066 878// 333 69967 82816 83640 87650 90710 91116 93100 555 69925=
07299,2008-01-16 10:00:00,7,1003,1.6,79,3.6,20000,14.816,25.928,,160,,,,,,,,,,21,og-post,,,,AAXX 16104 07299 21570 71608 10070 20036 39704 40030 51016 72162 8487/ 333 69905 82820 84643 87360 90710 91114 93100=
07299,2008-01-16 11:00:00,8,1002,0.1,75,3.8,50000,14.816,22.224,,160,,,0,,,,,,,,og-post,,,,AAXX 16114 07299 22584 71608 10080 20038 39696 40020 50001 878// 333 60005 82830 83646 87656 90710 91112 93100=
07299,2008-01-16 12:00:00,9.5,1001.7,-0.4,70,4.3,50000,18.52,29.632,,160,,,0,,0.6,,,,,1,og-post,,,,AAXX 16124 07299 01684 61610 10095 20043 39695 40017 58004 69961 70162 83146 333 69907 82833 83360 85070 90710 91116 93100 555 60005=
07299,2008-01-16 13:00:00,10.6,1001.4,-1.1,60,3.2,50000,18.52,31.484,,160,,,0,,,,,,,,og-post,,,,AAXX 16134 07299 22684 51610 10106 20032 39693 40014 56011 82146 333 60005 82833 85070 90710 91117 93100=
07299,2008-01-16 14:00:00,11.1,1001.3,-0.3,57,2.9,20000,14.816,29.632,,180,,,0,,,,,,,,og-post,,,,AAXX 16144 07299 26/70 /1808 10111 20029 39693 40013 58003 333 60005 90710 91116=
07299,2008-01-16 15:00:00,10.9,1001.8,0.2,58,3,20000,14.816,25.928,,170,,,0,0,,,,,,,og-post,,,,AAXX 16154 07299 26/70 /1708 10109 20030 39697 40018 53002 333 60007 90710 91114 555 60005=
07299,2008-01-16 16:00:00,8.3,1002.6,0.9,68,2.8,40000,11.112,25.928,,160,,,0,,,,,,,,og-post,,,,AAXX 16164 07299 22682 61606 10083 20028 39702 40026 53009 84930 333 60005 82836 81946 83650 85362 90710 91114 93100=
07299,2008-01-16 17:00:00,6.3,1003.7,1.8,74,2,30000,11.112,18.52,,160,,,0,,,,,,,,og-post,,,,AAXX 16174 07299 22680 61606 10063 20020 39710 40037 53018 84830 333 60005 82836 85360 90710 91110 93100=
07299,2008-01-16 18:00:00,5.4,1005.1,2.6,81,2.4,20000,3.704,18.52,,230,5.3,11.5,0,0,,0.6,,,,,og-post,,,,AAXX 16184 07299 02770 72302 10054 20024 39723 40051 53026 69962 83530 333 10115 20053 60007 83650 87358 90710 91110 93100 555 60005=
07299,2008-01-16 19:00:00,5.9,1006,3,78,2.4,20000,3.704,22.224,,10,,,0,,,,,,,,og-post,,,,AAXX 16194 07299 22770 70102 10059 20024 39732 40060 51030 81530 333 60005 81650 87358 90710 91112 93100=
07299,2008-01-16 20:00:00,5.5,1006.7,2.7,84,3,15000,7.408,14.816,,150,,,,,,,,,,60,og-post,,,,AAXX 16204 07299 21665 71504 10055 20030 39738 40067 51027 76062 8383/ 333 69905 81833 83656 86358 90710 91108 93100=
07299,2008-01-16 21:00:00,5.2,1007.1,1.8,88,3.4,20000,11.112,14.816,,160,,,,,,,,,,21,og-post,,,,AAXX 16214 07299 21770 51606 10052 20034 39742 40071 51018 72162 81530 333 69907 81650 85358 90710 91108 93100 555 69905=
07299,2008-01-16 22:00:00,4.3,1008.4,2.1,90,2.8,18000,7.408,14.816,,190,,,0,,,,,,,,og-post,,,,AAXX 16224 07299 22768 21904 10043 20028 39753 40084 53021 81530 333 60005 81650 90710 91108 93100=
07299,2008-01-16 23:00:00,4.3,1009.6,2.7,90,2.8,10000,3.704,11.112,,180,,,,,,,,,,80,og-post,,,,AAXX 16234 07299 21660 71802 10043 20028 39765 40096 53027 78086 8583/ 333 69905 81833 85647 87358 90710 91106 93100=
07299,2008-01-17 00:00:00,4.2,1010.3,2.9,93,3.2,6000,7.408,11.112,,120,,,0.6,0.6,0.6,,,,,61,og-post,,,,AAXX 17004 07299 01556 71204 10042 20032 39772 40103 51029 69961 76186 878// 333 69967 82830 87640 90710 91106 93100 555 69965=
07299,2008-01-17 01:00:00,3.7,1011.2,2.7,95,3,5000,11.112,11.112,,120,,,,,,,,,,,og-post,,,,AAXX 17014 07299 26/50 /1206 10037 20030 39780 40112 51027 333 69905 90710 91106=
07299,2008-01-17 02:00:00,3,1011.9,2.1,95,2.3,11000,7.408,11.112,,160,,,,,,,,,,,og-post,,,,AAXX 17024 07299 26/61 /1604 10030 20023 39786 40119 51021 333 69905 90710 91106=
07299,2008-01-17 03:00:00,2.5,1012.6,1.9,95,1.8,10000,7.408,11.112,,170,,,,,,,,,,0,og-post,,,,AAXX 17034 07299 21560 41704 10025 20018 39792 40126 51019 70061 81830 333 69907 81832 84358 90710 91106 93100 555 69905=
07299,2008-01-17 04:00:00,2.5,1013,1.6,95,1.8,10000,11.112,18.52,,170,,,0,,,,,,,,og-post,,,,AAXX 17044 07299 22560 11706 10025 20018 39796 40130 51016 81830 333 60005 81830 90710 91110 93100=
07299,2008-01-17 05:00:00,0.7,1014.3,2,95,0,7000,3.704,14.816,,200,,,0,,,,,,,,og-post,,,,AAXX 17054 07299 22657 32002 10007 20000 39806 40143 53020 83530 333 60005 83645 90710 91108 93100=
07299,2008-01-17 06:00:00,2,1014.7,2,96,1.4,7000,7.408,14.816,,180,0.7,6.9,0,0,,0.6,1.2,4.1,-1,3,og-post,,,,AAXX 17064 07299 01657 71804 10020 20014 39812 40147 53020 69962 70361 83530 333 10069 20007 32101 55041 60007 70012 83636 86357 90710 91108 93100 555 60005=
07299,2008-01-17 07:00:00,2.8,1015.6,2.5,96,2.2,7000,7.408,11.112,,160,,,0,,,,,,,,og-post,,,,AAXX 17074 07299 22457 71604 10028 20022 39821 40156 51025 878// 333 60005 81816 87636 90710 91106 93100=
07299,2008-01-17 08:00:00,3.2,1016.3,2.3,95,2.5,10000,3.704,11.112,,200,,,0,,,,,,,,og-post,,,,AAXX 17084 07299 22560 72002 10032 20025 39829 40163 52023 878// 333 60005 81824 87640 90710 91106 93100=
07299,2008-01-17 09:00:00,4.9,1017,2.4,91,3.6,10000,11.112,14.816,,150,,,0,0,,,,,,,og-post,,,,AAXX 17094 07299 22560 71506 10049 20036 39837 40170 52024 878// 333 60007 81830 87640 90710 91108 93100 555 60005=
07299,2008-01-17 10:00:00,6.5,1017.2,1.9,86,4.3,12000,11.112,14.816,,120,,,0,,,,,,,,og-post,,,,AAXX 17104 07299 22562 41206 10065 20043 39841 40172 51019 84800 333 60005 81830 84640 90710 91108 93100=
07299,2008-01-17 11:00:00,8,1016.6,0.9,76,4,15000,3.704,14.816,,250,,,0,,,,,,,,og-post,,,,AAXX 17114 07299 22565 52502 10080 20040 39837 40166 50009 85800 333 60005 82830 83640 90710 91108 93100=
07299,2008-01-17 12:00:00,10.1,1015.2,-1.1,59,2.5,15000,18.52,25.928,,240,,,0,0,,,,,,,og-post,,,,AAXX 17124 07299 02665 52410 10101 20025 39826 40152 58011 60001 84801 333 60007 81835 83640 90710 91114 93100 555 60005=
07299,2008-01-17 13:00:00,9.1,1015.3,-1.5,67,3.3,15000,14.816,31.484,,250,,,0,,,,,,,,og-post,,,,AAXX 17134 07299 22665 62508 10091 20033 39826 40153 56015 86800 333 60005 82836 85646 90710 91117 93100=
07299,2008-01-17 14:00:00,8.8,1015.2,-1.2,72,4,20000,14.816,31.484,,280,,,0,,,,,,,,og-post,,,,AAXX 17144 07299 22670 72808 10088 20040 39825 40152 56012 878// 333 60005 82836 86650 90710 91117 93100=
07299,2008-01-17 15:00:00,7.5,1015,-0.5,77,3.7,20000,3.704,22.224,,310,,,0,0,,,,,,,og-post,,,,AAXX 17154 07299 22670 73102 10075 20037 39821 40150 58005 83802 333 60007 81836 83650 87073 90710 91112 93100 555 60005=
07299,2008-01-17 16:00:00,6.2,1015.2,-0.4,84,3.7,15000,3.704,7.408,,220,,,0,,,,,,,,og-post,,,,AAXX 17164 07299 22665 72202 10062 20037 39822 40152 55004 82802 333 60005 82645 87073 90710 91104 93100=
07299,2008-01-17 17:00:00,4.2,1015.7,-0,90,2.7,15000,3.704,7.408,,220,,,0,,,,,,,,og-post,,,,AAXX 17174 07299 22665 72202 10042 20027 39824 40157 55000 82532 333 60005 82645 87073 90710 91104 93100=
07299,2008-01-17 18:00:00,4.1,1014.9,-0.4,89,2.5,15000,11.112,14.816,,170,1.9,10.2,0,0,,,,,,,og-post,,,,AAXX 17184 07299 02765 71706 10041 20025 39816 40149 58004 60002 81572 333 10102 20019 60007 81650 87073 90710 91108 93100 555 60005=
07299,2008-01-17 19:00:00,4.3,1014.1,-1.3,88,2.5,15000,11.112,18.52,,160,,,0,,,,,,,,og-post,,,,AAXX 17194 07299 22765 71606 10043 20025 39809 40141 58013 81572 333 60005 81650 87073 90710 91110 93100=
07299,2008-01-17 20:00:00,4.9,1013.9,-1.8,87,2.9,15000,7.408,11.112,,190,,,0,,,,,,,,og-post,,,,AAXX 17204 07299 22665 71904 10049 20029 39807 40139 56018 875// 333 60005 82646 87650 90710 91106 93100=
07299,2008-01-17 21:00:00,5.2,1013.3,-1.5,85,2.9,12000,11.112,18.52,,160,,,,,,,,,,61,og-post,,,,AAXX 17214 07299 21662 81606 10052 20029 39802 40133 56015 76162 885// 333 69907 88645 90710 91110 93100 555 69905=
07299,2008-01-17 22:00:00,5,1012.6,-1.4,86,2.9,15000,7.408,14.816,,200,,,0.2,,,,,,,60,og-post,,,,AAXX 17224 07299 21665 82004 10050 20029 39795 40126 58014 76066 885// 333 69925 88640 90710 91108 93100=
07299,2008-01-17 23:00:00,5.3,1012.6,-1.2,85,3,15000,7.408,11.112,,150,,,0.2,,,,,,,60,og-post,,,,AAXX 17234 07299 21665 81504 10053 20030 39795 40126 55012 76066 885// 333 69925 86640 87657 90710 91106 93100=
07299,2008-01-18 00:00:00,4.9,1014.5,1.2,92,3.7,7000,3.704,14.816,,170,,,2,3,3,,,,,61,og-post,,,,AAXX 18004 07299 01557 81702 10049 20037 39813 40145 53012 60031 76162 885// 333 60037 82628 86636 87643 90710 91108 93100 555 60025=
07299,2008-01-18 01:00:00,5.5,1015.1,2.6,94,4.6,19000,11.112,22.224,,90,,,0.2,,,,,,,,og-post,,,,AAXX 18014 07299 26/69 /0906 10055 20046 39820 40151 53026 333 69925 90710 91112=
07299,2008-01-18 02:00:00,6.4,1016.3,3.8,94,5.5,20000,7.408,14.816,,190,,,,,,,,,,,og-post,,,,AAXX 18024 07299 26/70 /1904 10064 20055 39833 40163 51038 333 69905 90710 91108=
07299,2008-01-18 03:00:00,9.3,1016.5,2.4,84,6.7,20000,22.224,38.892,,240,,,,0.2,,,,,,2,og-post,,,,AAXX 18034 07299 21670 82412 10093 20067 39838 40165 51024 70262 885// 333 69927 86633 87646 90710 91121 93100 555 69905=
07299,2008-01-18 04:00:00,8.9,1017.7,2.9,86,6.7,20000,11.112,31.484,,230,,,0.4,,,,,,,60,og-post,,,,AAXX 18044 07299 21570 82306 10089 20067 39849 40177 51029 76062 885// 333 69945 82632 86643 88650 90710 91117 93100=
07299,2008-01-18 05:00:00,9.1,1018.4,2.2,85,6.7,20000,14.816,29.632,,240,,,0.2,,,,,,,60,og-post,,,,AAXX 18054 07299 21670 82408 10091 20067 39856 40184 53022 76066 878// 333 69925 82840 85650 87656 90710 91116 93100=
07299,2008-01-18 06:00:00,9,1019.4,2.8,87,7,12000,14.816,31.484,,280,3.4,9.6,0.6,1,,4,4,1.9,3,61,og-post,,,,AAXX 18064 07299 01562 82808 10090 20070 39866 40194 52028 60042 76162 878// 333 10096 20034 32003 55019 60017 70040 83825 86643 87650 90710 91117 93100 555 69965=
07299,2008-01-18 07:00:00,8.3,1020,2.2,89,6.6,15000,11.112,22.224,,250,,,0.2,,,,,,,60,og-post,,,,AAXX 18074 07299 21565 82506 10083 20066 39871 40200 51022 76066 888// 333 69925 82828 83636 85643 90710 91112 93100=
07299,2008-01-18 08:00:00,8.8,1021.7,3.3,89,7.1,15000,7.408,18.52,,280,,,,,,,,,,21,og-post,,,,AAXX 18084 07299 21565 72804 10088 20071 39888 40217 53033 72162 86802 333 69905 83820 84630 87073 90710 91110 93100=
07299,2008-01-18 09:00:00,9.4,1022.6,3,88,7.5,8000,18.52,35.188,,250,,,,0.2,,,,,,80,og-post,,,,AAXX 18094 07299 21558 72510 10094 20075 39897 40226 53030 78086 878// 333 69927 81820 84827 87640 90710 91119 93100 555 69905=
07299,2008-01-18 10:00:00,9.9,1023.9,3.8,84,7.3,12000,22.224,35.188,,250,,,,,,,,,,25,og-post,,,,AAXX 18104 07299 21562 72512 10099 20073 39910 40239 51038 72586 878// 333 69905 83821 87650 90710 91119 93100=
07299,2008-01-18 11:00:00,10.5,1023.9,2.3,80,7.2,20000,29.632,42.596,,250,,,0,,,,,,,,og-post,,,,AAXX 18114 07299 22570 72516 10105 20072 39911 40239 51023 84802 333 60005 82820 83650 87073 90710 91123 93100=
07299,2008-01-18 12:00:00,10.8,1024.4,2,78,7.1,20000,18.52,38.892,,240,,,0,,0.2,,,,,3,og-post,,,,AAXX 18124 07299 01570 72410 10108 20071 39916 40244 51020 69921 70386 85802 333 69907 82820 85650 87073 90710 91121 93100 555 60005=
07299,2008-01-18 13:00:00,10.9,1024.3,0.4,75,6.6,20000,14.816,31.484,,260,,,0,,,,,,,,og-post,,,,AAXX 18134 07299 22570 72608 10109 20066 39915 40243 50004 8585/ 333 60005 83823 85639 87362 90710 91117 93100=
07299,2008-01-18 14:00:00,10.6,1024.7,0.7,78,6.9,20000,3.704,18.52,,200,,,0,,,,,,,,og-post,,,,AAXX 18144 07299 22570 72002 10106 20069 39919 40247 52007 8587/ 333 60005 83823 85639 87360 90710 91110 93100=
07299,2008-01-18 15:00:00,10.9,1025,0.6,77,7,20000,14.816,25.928,,240,,,0,0,,,,,,,og-post,,,,AAXX 18154 07299 22570 72408 10109 20070 39922 40250 53006 8587/ 333 60007 82823 85638 87358 90710 91114 93100 555 60005=
07299,2008-01-18 16:00:00,10.4,1025.7,1.4,77,6.5,15000,3.704,29.632,,250,,,,,,,,,,60,og-post,,,,AAXX 18164 07299 21565 72502 10104 20065 39928 40257 53014 76062 8587/ 333 69905 82823 85633 87357 90710 91116 93100=
07299,2008-01-18 17:00:00,10,1025.8,1,78,6.3,15000,7.408,18.52,,160,,,,,,,,,,21,og-post,,,,AAXX 18174 07299 21565 71604 10100 20063 39929 40258 51010 72162 8587/ 333 69905 82823 85634 87357 90710 91110 93100=
07299,2008-01-18 18:00:00,9.6,1025.9,0.7,80,6.3,15000,7.408,18.52,,160,8.3,11,0,,,0.2,,,,3,og-post,,,,AAXX 18184 07299 01565 71604 10096 20063 39929 40259 51007 69922 70362 878// 333 10110 20083 69907 82823 85646 87657 90710 91110 93100 555 60005=
07299,2008-01-18 19:00:00,9.2,1026.2,0.3,86,7,15000,7.408,14.816,,100,,,0,,,,,,,,og-post,,,,AAXX 18194 07299 22565 71004 10092 20070 39932 40262 53003 878// 333 60005 82823 87635 90710 91108 93100=
07299,2008-01-18 20:00:00,8.2,1026.5,0.4,90,6.7,15000,3.704,11.112,,200,,,0,,,,,,,,og-post,,,,AAXX 18204 07299 22665 72002 10082 20067 39933 40265 53004 875// 333 60005 87636 90710 91106 93100=
07299,2008-01-18 21:00:00,8.5,1026.6,0.6,89,6.8,15000,3.704,14.816,,210,,,0,0,,,,,,,og-post,,,,AAXX 18214 07299 22565 72102 10085 20068 39935 40266 51006 875// 333 60007 87633 90710 91108 93100 555 60005=
07299,2008-01-18 22:00:00,8.4,1026.8,0.5,90,6.9,15000,11.112,14.816,,170,,,0,,,,,,,,og-post,,,,AAXX 18224 07299 22565 71706 10084 20069 39937 40268 53005 875// 333 60005 87629 90710 91108 93100=
07299,2008-01-18 23:00:00,8.9,1027.4,1,88,7,15000,11.112,18.52,,100,,,0,,,,,,,,og-post,,,,AAXX 18234 07299 22565 71006 10089 20070 39943 40274 53010 875// 333 60005 87629 90710 91110 93100=
07299,2008-01-19 00:00:00,12.1,1027.1,0.9,77,8.2,15000,18.52,31.484,,230,,,0,0,,,,,,,og-post,,,,AAXX 19004 07299 02565 72310 10121 20082 39944 40271 51009 60001 875// 333 60007 87629 90710 91117 93100 555 60005=
07299,2008-01-19 01:00:00,11.8,1027.8,1.3,79,8.3,20000,14.816,29.632,,240,,,0,,,,,,,,og-post,,,,AAXX 19014 07299 26/70 /2408 10118 20083 39950 40278 52013 333 60005 90710 91116=
07299,2008-01-19 02:00:00,11.9,1028.2,1.1,78,8.2,20000,14.816,35.188,,220,,,0,,,,,,,,og-post,,,,AAXX 19024 07299 26/70 /2208 10119 20082 39954 40282 53011 333 60005 90710 91119=
07299,2008-01-19 03:00:00,11.8,1028.5,1.3,75,7.5,20000,11.112,29.632,,210,,,0,0,,,,,,,og-post,,,,AAXX 19034 07299 22570 72106 10118 20075 39957 40285 51013 875// 333 60007 87630 90710 91116 93100 555 60005=
07299,2008-01-19 04:00:00,11.7,1029,1.2,76,7.6,20000,22.224,38.892,,250,,,0,,,,,,,,og-post,,,,AAXX 19044 07299 22670 72512 10117 20076 39962 40290 53012 875// 333 60005 87646 90710 91121 93100=
07299,2008-01-19 05:00:00,11.3,1029.6,1.3,76,7.2,20000,11.112,31.484,,240,,,0,,,,,,,,og-post,,,,AAXX 19054 07299 22670 72406 10113 20072 39967 40296 53013 875// 333 60005 87636 90710 91117 93100=
07299,2008-01-19 06:00:00,11.3,1029.9,1.3,75,7,20000,18.52,29.632,,220,8.2,12.1,0,0,,,0.2,0.2,7,,og-post,,,,AAXX 19064 07299 02670 72210 10113 20070 39970 40299 51013 60002 875// 333 10121 20082 30007 55002 60007 70002 87646 90710 91116 93100 555 60005=
07299,2008-01-19 07:00:00,11.2,1029.6,0.5,71,6.1,20000,18.52,31.484,,230,,,0,,,,,,,,og-post,,,,AAXX 19074 07299 22770 72310 10112 20061 39967 40296 50005 875// 333 60005 87650 90710 91117 93100=
07299,2008-01-19 08:00:00,11.6,1030.1,0.4,69,6.1,20000,11.112,29.632,,200,,,0,,,,,,,,og-post,,,,AAXX 19084 07299 22770 72006 10116 20061 39972 40301 53004 875// 333 60005 84650 85656 90710 91116 93100=
07299,2008-01-19 09:00:00,11.9,1030.4,0.6,69,6.4,25000,14.816,38.892,,220,,,0,0,,,,,,,og-post,,,,AAXX 19094 07299 22675 72208 10119 20064 39975 40304 53006 86801 333 60007 81845 86650 90710 91121 93100 555 60005=
07299,2008-01-19 10:00:00,12.5,1030.6,1,68,6.8,25000,25.928,42.596,,240,,,0,,,,,,,,og-post,,,,AAXX 19104 07299 22675 72414 10125 20068 39978 40306 51010 86801 333 60005 81835 86650 90710 91123 93100=
07299,2008-01-19 11:00:00,13.5,1030.5,0.7,67,7.5,40000,18.52,31.484,,240,,,0,,,,,,,,og-post,,,,AAXX 19114 07299 22682 72410 10135 20075 39978 40305 51007 86801 333 60005 81836 86650 90710 91117 93100=
07299,2008-01-19 12:00:00,13.9,1030.1,0,61,6.5,40000,18.52,31.484,,230,,,0,0,,,,,,,og-post,,,,AAXX 19124 07299 02682 72310 10139 20065 39975 40301 50000 60001 87801 333 60007 81838 87650 90710 91117 93100 555 60005=
07299,2008-01-19 13:00:00,14,1030.1,-0.3,60,6.4,40000,14.816,35.188,,240,,,0,,,,,,,,og-post,,,,AAXX 19134 07299 22682 72408 10140 20064 39975 40301 57003 87801 333 60005 81840 87650 90710 91119 93100=
07299,2008-01-19 14:00:00,13.7,1030.3,-0.2,58,5.6,40000,22.224,35.188,,260,,,0,,,,,,,,og-post,,,,AAXX 19144 07299 22682 72612 10137 20056 39976 40303 55002 878// 333 60005 81840 87650 90710 91119 93100=
07299,2008-01-19 15:00:00,13.4,1030.5,0.3,59,5.6,40000,18.52,35.188,,250,,,0,0,,,,,,,og-post,,,,AAXX 19154 07299 22682 72510 10134 20056 39978 40305 53003 878// 333 60007 81841 87650 90710 91119 93100 555 60005=
07299,2008-01-19 16:00:00,12.4,1030.9,0.7,64,5.8,40000,14.816,31.484,,250,,,0,,,,,,,,og-post,,,,AAXX 19164 07299 22682 72508 10124 20058 39981 40309 53007 878// 333 60005 81841 87650 90710 91117 93100=
07299,2008-01-19 17:00:00,11.6,1031.1,0.6,69,6.1,35000,7.408,22.224,,210,,,0,,,,,,,,og-post,,,,AAXX 19174 07299 22681 72104 10116 20061 39982 40311 51006 878// 333 60005 81841 87650 90710 91112 93100=
07299,2008-01-19 18:00:00,11.7,1031.2,0.5,67,5.8,30000,7.408,18.52,,220,11.1,14,0,0,,,,,,,og-post,,,,AAXX 19184 07299 02680 72204 10117 20058 39983 40312 51005 60002 875// 333 10140 20111 60007 81641 87650 90710 91110 93100 555 60005=
07299,2008-01-19 19:00:00,11.8,1031.4,0.4,66,5.7,25000,14.816,22.224,,250,,,0,,,,,,,,og-post,,,,AAXX 19194 07299 22775 72508 10118 20057 39985 40314 53004 875// 333 60005 87650 90710 91112 93100=
07299,2008-01-19 20:00:00,11.6,1031.5,0.4,67,5.7,25000,14.816,18.52,,250,,,0,,,,,,,,og-post,,,,AAXX 19204 07299 22775 72508 10116 20057 39986 40315 52004 875// 333 60005 87650 90710 91110 93100=
07299,2008-01-19 21:00:00,11.4,1031.8,0.5,69,5.9,20000,14.816,29.632,,250,,,0,0,,,,,,,og-post,,,,AAXX 19214 07299 22770 72508 10114 20059 39988 40318 52005 875// 333 60007 87650 90710 91116 93100 555 60005=
07299,2008-01-19 22:00:00,10.4,1031.9,0.3,74,6,20000,11.112,22.224,,210,,,0,,,,,,,,og-post,,,,AAXX 19224 07299 22770 72106 10104 20060 39988 40319 51003 875// 333 60005 87650 90710 91112 93100=
07299,2008-01-19 23:00:00,10.5,1031.9,0.2,73,5.9,20000,11.112,18.52,,210,,,0,,,,,,,,og-post,,,,AAXX 19234 07299 22770 72106 10105 20059 39988 40319 51002 875// 333 60005 87650 90710 91110 93100=
07299,2008-01-20 00:00:00,9,1031.6,-0.4,78,5.4,20000,11.112,18.52,,200,,,0,0,,,,,,,og-post,,,,AAXX 20004 07299 02770 52006 10090 20054 39984 40316 58004 60001 85500 333 60007 85650 90710 91110 93100 555 60005=
07299,2008-01-20 01:00:00,8.3,1031.5,-0.6,80,5.1,20000,7.408,14.816,,240,,,0,,,,,,,,og-post,,,,AAXX 20014 07299 26/70 /2404 10083 20051 39982 40315 58006 333 60005 90710 91108=
07299,2008-01-20 02:00:00,7.9,1031.7,-0.5,83,5.2,20000,7.408,11.112,,240,,,0,,,,,,,,og-post,,,,AAXX 20024 07299 26/70 /2404 10079 20052 39983 40317 55005 333 60005 90710 91106=
07299,2008-01-20 03:00:00,8.3,1031.3,-0.4,83,5.6,15000,7.408,11.112,,230,,,0,0,,,,,,,og-post,,,,AAXX 20034 07299 22765 72304 10083 20056 39980 40313 58004 875// 333 60007 87650 90710 91106 93100 555 60005=
07299,2008-01-20 04:00:00,8.3,1031.3,-0.2,82,5.4,15000,7.408,11.112,,230,,,0,,,,,,,,og-post,,,,AAXX 20044 07299 22765 72304 10083 20054 39980 40313 58002 875// 333 60005 87650 90710 91106 93100=
07299,2008-01-20 05:00:00,8,1031.4,-0.3,83,5.3,15000,7.408,11.112,,230,,,0,,,,,,,,og-post,,,,AAXX 20054 07299 22765 72304 10080 20053 39980 40314 56003 875// 333 60005 87650 90710 91106 93100=
07299,2008-01-20 06:00:00,8.4,1031.3,-0,79,5,15000,3.704,7.408,,210,7.5,12,0,0,,,0,1.2,4,,og-post,,,,AAXX 20064 07299 02665 72102 10084 20050 39980 40313 54000 60002 875// 333 10120 20075 30004 55012 60007 70000 87646 90710 91104 93100 555 60005=
07299,2008-01-20 07:00:00,8,1031.7,0.3,83,5.3,30000,,7.408,,,,,0,,,,,,,,og-post,,,,AAXX 20074 07299 22680 70000 10080 20053 39983 40317 53003 875// 333 60005 87644 90710 91104 93100=
07299,2008-01-20 08:00:00,7.8,1031.9,0.6,86,5.6,30000,3.704,3.704,,210,,,0,,,,,,,,og-post,,,,AAXX 20084 07299 22580 72102 10078 20056 39985 40319 53006 878// 333 60005 81826 87642 90710 91102 93100=
07299,2008-01-20 09:00:00,9.6,1031.5,0.3,79,6.1,30000,7.408,11.112,,200,,,0,0,,,,,,,og-post,,,,AAXX 20094 07299 22580 72004 10096 20061 39983 40315 50003 878// 333 60007 81826 87640 90710 91106 93100 555 60005=
07299,2008-01-20 10:00:00,11.8,1031.2,0,64,5.2,30000,14.816,29.632,,240,,,0,,,,,,,,og-post,,,,AAXX 20104 07299 22580 72408 10118 20052 39983 40312 50000 878// 333 60005 81826 87639 90710 91116 93100=
07299,2008-01-20 11:00:00,11.8,1030.8,-0.6,62,4.8,30000,18.52,29.632,,250,,,0,,,,,,,,og-post,,,,AAXX 20114 07299 22680 62510 10118 20048 39979 40308 58006 86500 333 60005 86637 90710 91116 93100=
07299,2008-01-20 12:00:00,12.7,1029.8,-1.3,60,5.1,30000,14.816,25.928,,250,,,0,0,,,,,,,og-post,,,,AAXX 20124 07299 02680 62508 10127 20051 39970 40298 58013 60001 85501 333 60007 85640 85075 90710 91114 93100 555 60005=
07299,2008-01-20 13:00:00,13.1,1029.1,-1.9,57,4.8,30000,14.816,29.632,,260,,,0,,,,,,,,og-post,,,,AAXX 20134 07299 22680 62608 10131 20048 39964 40291 58019 82501 333 60005 82640 85075 90710 91116 93100=
07299,2008-01-20 14:00:00,13.1,1028.7,-1.9,59,5.3,30000,14.816,35.188,,240,,,0,,,,,,,,og-post,,,,AAXX 20144 07299 22680 62408 10131 20053 39960 40287 56019 82501 333 60005 82640 85075 90710 91119 93100=
07299,2008-01-20 15:00:00,11.7,1028.5,-1.3,64,5.1,30000,11.112,22.224,,310,,,0,0,,,,,,,og-post,,,,AAXX 20154 07299 22680 63106 10117 20051 39957 40285 56013 82501 333 60007 82638 85075 90710 91112 93100 555 60005=
07299,2008-01-20 16:00:00,9.7,1028.6,-0.9,73,5.1,30000,3.704,18.52,,280,,,0,,,,,,,,og-post,,,,AAXX 20164 07299 22680 72802 10097 20051 39955 40286 56009 82541 333 60005 82638 87075 90710 91110 93100=
07299,2008-01-20 17:00:00,7,1028.9,-0.5,84,4.5,20000,3.704,7.408,,230,,,0,,,,,,,,og-post,,,,AAXX 20174 07299 26/70 /2302 10070 20045 39955 40289 56005 333 60005 90710 91104=
07299,2008-01-20 18:00:00,5.9,1028.8,-0.4,86,3.7,20000,11.112,11.112,,230,5.8,13.3,0,0,,,,,,,og-post,,,,AAXX 20184 07299 02970 72306 10059 20037 39953 40288 56004 60002 81031 333 10133 20058 60007 81363 87075 90710 91106 93100 555 60005=
07299,2008-01-20 19:00:00,5.1,1028.8,-0.3,87,3.1,20000,7.408,11.112,,230,,,0,,,,,,,,og-post,,,,AAXX 20194 07299 22970 72304 10051 20031 39952 40288 57003 80001 333 60005 87075 90710 91106 93100=
07299,2008-01-20 20:00:00,3.5,1029,-0.2,91,2.2,18000,,11.112,,,,,0,,,,,,,,og-post,,,,AAXX 20204 07299 22968 60000 10035 20022 39952 40290 56002 80001 333 60005 86073 90710 91106 93100=
07299,2008-01-20 21:00:00,3.9,1029.1,-0,90,2.4,18000,3.704,7.408,,150,,,0,0,,,,,,,og-post,,,,AAXX 20214 07299 22668 71502 10039 20024 39953 40291 55000 85501 333 60007 85635 85073 90710 91104 93100 555 60005=
07299,2008-01-20 22:00:00,4.2,1028.7,-0.2,90,2.7,18000,3.704,11.112,,120,,,0,,,,,,,,og-post,,,,AAXX 20224 07299 22668 71202 10042 20027 39950 40287 58002 86501 333 60005 86635 83073 90710 91106 93100=
07299,2008-01-20 23:00:00,3.8,1028.6,-0.4,91,2.5,18000,,7.408,,,,,0,,,,,,,,og-post,,,,AAXX 20234 07299 22668 60000 10038 20025 39948 40286 58004 84501 333 60005 84635 84073 90710 91104 93100=
07299,2008-01-21 00:00:00,2.5,1028.4,-0.8,94,1.6,14000,,3.704,,,,,0,0,,,,,,,og-post,,,,AAXX 21004 07299 02664 70000 10025 20016 39945 40284 56008 60001 83531 333 60007 83634 84366 85073 90710 91102 93100 555 60005=
07299,2008-01-21 01:00:00,2.6,1028,-0.9,94,1.7,18000,,3.704,,,,,0,,,,,,,,og-post,,,,AAXX 21014 07299 26/68 /0000 10026 20017 39941 40280 58009 333 60005 90710 91102=
07299,2008-01-21 02:00:00,2,1028.1,-0.6,95,1.3,11000,,3.704,,,,,0,,,,,,,,og-post,,,,AAXX 21024 07299 26/61 /0000 10020 20013 39941 40281 56006 333 60005 90710 91102=
07299,2008-01-21 03:00:00,1.3,1027.9,-0.7,95,0.6,13000,3.704,7.408,,160,,,0,0,,,,,,,og-post,,,,AAXX 21034 07299 22663 41602 10013 20006 39938 40279 56007 81531 333 60007 81634 83073 90710 91104 93100 555 60005=
07299,2008-01-21 04:00:00,0.2,1027.7,-0.6,95,-0.5,11000,,3.704,,,,,0,,,,,,,,og-post,,,,AAXX 21044 07299 22661 50000 10002 21005 39935 40277 58006 84531 333 60005 84633 83073 90710 91102 93100=
07299,2008-01-21 05:00:00,1,1027.5,-0.7,96,0.4,12000,,3.704,,,,,0,,,,,,,,og-post,,,,AAXX 21054 07299 22662 70000 10010 20004 39934 40275 56007 86501 333 60005 86635 84073 90710 91102 93100=
07299,2008-01-21 06:00:00,2.3,1026.9,-0.8,96,1.7,16000,3.704,7.408,,160,0.2,5.8,0,0,,,0,4.1,-3,,og-post,,,,AAXX 21064 07299 02666 71602 10023 20017 39930 40269 58008 60002 85501 333 10058 20002 30103 55041 60007 70000 85635 86073 90710 91104 93100 555 60005=
07299,2008-01-21 07:00:00,2.9,1026.4,-0.9,96,2.3,20000,3.704,7.408,,170,,,0,,,,,,,,og-post,,,,AAXX 21074 07299 22670 71702 10029 20023 39926 40264 58009 86501 333 60005 86635 85073 90710 91104 93100=
07299,2008-01-21 08:00:00,3.7,1026.5,-0.6,95,3,20000,,7.408,,,,,0,,,,,,,,og-post,,,,AAXX 21084 07299 22670 70000 10037 20030 39928 40265 55006 875// 333 60005 87635 90710 91104 93100=
07299,2008-01-21 09:00:00,5.1,1026.1,-0.5,95,4.4,30000,3.704,7.408,,170,,,0,0,,,,,,,og-post,,,,AAXX 21094 07299 22680 71702 10051 20044 39926 40261 56005 875// 333 60007 87635 90710 91104 93100 555 60005=
07299,2008-01-21 10:00:00,8.3,1025.5,-0.2,80,5.1,30000,7.408,14.816,,220,,,0,,,,,,,,og-post,,,,AAXX 21104 07299 22680 72204 10083 20051 39924 40255 58002 875// 333 60005 87635 90710 91108 93100=
07299,2008-01-21 11:00:00,9.6,1024.8,-1,72,4.8,30000,11.112,18.52,,250,,,0,,,,,,,,og-post,,,,AAXX 21114 07299 22680 72506 10096 20048 39918 40248 58010 875// 333 60005 87636 90710 91110 93100=
07299,2008-01-21 12:00:00,9.9,1023.8,-1.7,70,4.7,30000,14.816,25.928,,270,,,0,0,,,,,,,og-post,,,,AAXX 21124 07299 02680 72708 10099 20047 39909 40238 58017 60001 875// 333 60007 87636 90710 91114 93100 555 60005=
07299,2008-01-21 13:00:00,9.8,1023.1,-2.2,70,4.6,30000,14.816,25.928,,280,,,0,,,,,,,,og-post,,,,AAXX 21134 07299 22580 72808 10098 20046 39902 40231 57022 875// 333 60005 87633 90710 91114 93100=
07299,2008-01-21 14:00:00,10.3,1022,-2.5,71,5.3,25000,14.816,31.484,,270,,,0,,,,,,,,og-post,,,,AAXX 21144 07299 22575 72708 10103 20053 39892 40220 58025 875// 333 60005 87632 90710 91117 93100=
07299,2008-01-21 15:00:00,9.7,1021.5,-2.2,72,4.9,25000,22.224,31.484,,260,,,0,0,,,,,,,og-post,,,,AAXX 21154 07299 22575 72612 10097 20049 39887 40215 56022 85531 333 60007 85627 83360 90710 91117 93100 555 60005=
07299,2008-01-21 16:00:00,8.8,1021,-2,76,4.8,25000,14.816,31.484,,270,,,0,,,,,,,,og-post,,,,AAXX 21164 07299 22575 72708 10088 20048 39881 40210 56020 84536 333 60005 84625 85075 90710 91117 93100=
07299,2008-01-21 17:00:00,7.4,1021.2,-1,81,4.4,25000,7.408,22.224,,290,,,0,,,,,,,,og-post,,,,AAXX 21174 07299 22575 72904 10074 20044 39881 40212 56010 81538 333 60005 81624 83363 87275 90710 91112 93100=
07299,2008-01-21 18:00:00,7.3,1021,-0.7,82,4.4,25000,7.408,18.52,,240,2.3,10.5,0,0,,,,,,,og-post,,,,AAXX 21184 07299 02575 72404 10073 20044 39879 40210 56007 60002 82538 333 10105 20023 60007 82622 83363 87275 90710 91110 93100 555 60005=
07299,2008-01-21 19:00:00,8.1,1020.6,-0.6,78,4.5,20000,18.52,29.632,,250,,,0,,,,,,,,og-post,,,,AAXX 21194 07299 22570 72510 10081 20045 39876 40206 58006 82538 333 60005 82624 83363 87275 90710 91116 93100=
07299,2008-01-21 20:00:00,7.4,1019.4,-1.9,81,4.4,20000,3.704,29.632,,130,,,0,,,,,,,,og-post,,,,AAXX 21204 07299 22670 71302 10074 20044 39864 40194 58019 83538 333 60005 83641 85361 87275 90710 91116 93100=
07299,2008-01-21 21:00:00,9.4,1019,-1.9,75,5.2,20000,22.224,38.892,,250,,,0,0,,,,,,,og-post,,,,AAXX 21214 07299 22570 72512 10094 20052 39862 40190 56019 875// 333 60007 87629 90710 91121 93100 555 60005=
07299,2008-01-21 22:00:00,9.6,1018.7,-1.7,76,5.6,20000,18.52,38.892,,230,,,0,,,,,,,,og-post,,,,AAXX 21224 07299 22570 72310 10096 20056 39859 40187 56017 875// 333 60005 87625 90710 91121 93100=
07299,2008-01-21 23:00:00,9.8,1017.6,-1.2,77,6,20000,14.816,38.892,,220,,,0,,,,,,,,og-post,,,,AAXX 21234 07299 22570 72208 10098 20060 39849 40176 58012 875// 333 60005 87624 90710 91121 93100=
07299,2008-01-22 00:00:00,10.1,1016.1,-2.7,76,6.1,20000,22.224,42.596,,230,,,0,0,,,,,,,og-post,,,,AAXX 22004 07299 02570 72312 10101 20061 39835 40161 58027 60001 875// 333 60007 87625 90710 91123 93100 555 60005=
07299,2008-01-22 01:00:00,10.4,1014.9,-3.5,75,6.2,20000,35.188,68.524,68.524,230,,,0,,,,,,,,og-post,,,,AAXX 22014 07299 26/70 /2319 10104 20062 39824 40149 58035 333 60005 91037 90710 91137=
07299,2008-01-22 02:00:00,10,1014.7,-2.7,81,6.9,10000,35.188,68.524,,250,,,0.2,,,,,,,,og-post,,,,AAXX 22024 07299 26/60 /2519 10100 20069 39821 40147 56027 333 69925 90710 91137=
07299,2008-01-22 03:00:00,8.8,1014.1,-2.2,86,6.6,8000,35.188,64.82,64.82,240,,,2,2,,,,,,61,og-post,,,,AAXX 22034 07299 21558 72419 10088 20066 39814 40141 56022 76162 875// 333 60027 82626 87650 91035 90710 91135 93100 555 60025=
07299,2008-01-22 04:00:00,8.5,1013.7,-1.3,87,6.5,8000,25.928,57.412,,240,,,2,,,,,,,61,og-post,,,,AAXX 22044 07299 21558 72414 10085 20065 39810 40137 56013 76166 875// 333 60025 82630 87650 90710 91131 93100=
07299,2008-01-22 05:00:00,8.6,1013.2,-1.5,86,6.4,10000,25.928,53.708,,250,,,1,,,,,,,61,og-post,,,,AAXX 22054 07299 21660 72514 10086 20064 39805 40132 56015 76166 875// 333 60015 82640 87650 90710 91129 93100=
07299,2008-01-22 06:00:00,9,1013.6,-0.4,84,6.4,13000,38.892,64.82,61.116,270,7.3,10.5,2,6,,8,8,0.3,5,21,og-post,,,,AAXX 22064 07299 01563 72721 10090 20064 39809 40136 55004 60082 72162 875// 333 10105 20073 32005 55003 60067 70080 87626 91033 90710 91135 93100 555 60025=
07299,2008-01-22 07:00:00,8.1,1015.3,1.5,80,4.9,15000,29.632,53.708,,260,,,0,,,,,,,,og-post,,,,AAXX 22074 07299 22565 72616 10081 20049 39825 40153 53015 878// 333 60005 84830 87644 90710 91129 93100=
07299,2008-01-22 08:00:00,7.5,1016.8,3.4,84,5,6000,25.928,68.524,,250,,,,,,,,,,80,og-post,,,,AAXX 22084 07299 21556 52514 10075 20050 39839 40168 53034 78086 85800 333 69905 82830 84643 90710 91137 93100=
07299,2008-01-22 09:00:00,7.4,1017.9,4.1,83,4.7,20000,25.928,53.708,,250,,,0.2,0.2,,,,,,,og-post,,,,AAXX 22094 07299 26/70 /2514 10074 20047 39849 40179 51041 333 69927 90710 91129 555 69925=
07299,2008-01-22 10:00:00,7.3,1019.1,3.4,84,4.8,17000,31.484,50.004,,260,,,,,,,,,,25,og-post,,,,AAXX 22104 07299 21567 72617 10073 20048 39861 40191 51034 72586 878// 333 69905 83820 85830 87650 90710 91127 93100=
07299,2008-01-22 11:00:00,7.2,1020.1,3.2,83,4.5,18000,31.484,50.004,,270,,,0,,,,,,,,og-post,,,,AAXX 22114 07299 22568 72717 10072 20045 39870 40201 51032 878// 333 60005 81820 84830 87646 90710 91127 93100=
07299,2008-01-22 12:00:00,7.4,1021.5,3.6,82,4.5,7000,31.484,46.3,,270,,,,,0.2,,,,,80,og-post,,,,AAXX 22124 07299 01557 72717 10074 20045 39884 40215 53036 69921 78086 878// 333 69907 83820 87633 90710 91125 93100 555 69905=
07299,2008-01-22 13:00:00,6,1023.6,4.2,87,4,15000,18.52,42.596,,10,,,2,,,,,,,25,og-post,,,,AAXX 22134 07299 21565 70110 10060 20040 39903 40236 53042 72586 878// 333 60025 83820 86633 90710 91123 93100=
07299,2008-01-22 14:00:00,6.4,1025,4.5,75,2.3,25000,18.52,35.188,,10,,,0,,,,,,,,og-post,,,,AAXX 22144 07299 22575 50110 10064 20023 39916 40250 51045 85800 333 60005 82826 84636 90710 91119 93100=
07299,2008-01-22 15:00:00,6.5,1026.3,4.4,66,0.6,25000,7.408,31.484,,20,,,0,2,,,,,,1,og-post,,,,AAXX 22154 07299 21575 50204 10065 20006 39929 40263 51044 70186 85801 333 60027 82826 84636 90710 91117 93100 555 60005=
07299,2008-01-22 16:00:00,4.7,1028.2,4.3,70,-0.3,20000,11.112,29.632,,360,,,0,,,,,,,,og-post,,,,AAXX 22164 07299 22670 33606 10047 21003 39945 40282 53043 83201 333 60005 83833 90710 91116 93100=
07299,2008-01-22 17:00:00,3,1029.9,4.4,80,-0.1,20000,3.704,11.112,,150,,,0,,,,,,,,og-post,,,,AAXX 22174 07299 22670 31502 10030 21001 39960 40299 53044 83201 333 60005 83833 90710 91106 93100=
07299,2008-01-22 18:00:00,1.2,1031.2,4,87,-0.7,20000,7.408,7.408,,310,1.2,9,0,0,,2,,,,2,og-post,,,,AAXX 22184 07299 01670 33104 10012 21007 39970 40312 51040 60022 70286 83201 333 10090 20012 60007 83833 90710 91104 93100 555 60005=
07299,2008-01-22 19:00:00,0.2,1032.3,3.4,91,-1.1,20000,,11.112,,,,,0,,,,,,,,og-post,,,,AAXX 22194 07299 22670 10000 10002 21011 39979 40323 51034 81101 333 60005 81833 90710 91106 93100=
07299,2008-01-22 20:00:00,-0.2,1033.1,2.6,92,-1.3,15000,7.408,11.112,,250,,,0,,,,,,,,og-post,,,,AAXX 22204 07299 22665 12504 11002 21013 39987 40331 51026 81100 333 60005 81846 90710 91106 93100=
07299,2008-01-22 21:00:00,-0.8,1033.7,2.1,93,-1.8,15000,3.704,7.408,,160,,,0,0,,,,,,,og-post,,,,AAXX 22214 07299 22965 01602 11008 21018 39992 40337 51021 333 60007 90710 91104 93100 555 60005=
07299,2008-01-22 22:00:00,-1.5,1034.4,1.9,94,-2.3,15000,3.704,11.112,,180,,,0,,,,,,,,og-post,,,,AAXX 22224 07299 22965 01802 11015 21023 39998 40344 51019 333 60005 90710 91106 93100=
07299,2008-01-22 23:00:00,-2.2,1035,1.5,94,-3,12000,,7.408,,,,,0,,,,,,,40,og-post,,,,AAXX 22234 07299 21962 00000 11022 21030 30002 40350 52015 74000 333 60005 90710 91104 93100=
07299,2008-01-23 00:00:00,-2.3,1035,1.1,95,-3,12000,3.704,7.408,,180,,,0,0,,,,,,40,og-post,,,,AAXX 23004 07299 01962 01802 11023 21030 30002 40350 51011 60001 74000 333 60007 90710 91104 93100 555 60005=
07299,2008-01-23 01:00:00,-1.3,1034.9,0.5,95,-2,12000,7.408,11.112,,190,,,0,,,,,,,,og-post,,,,AAXX 23014 07299 26/62 /1904 11013 21020 30003 40349 51005 333 60005 90710 91106=
07299,2008-01-23 02:00:00,-1.7,1034.8,-0.1,94,-2.5,11000,7.408,11.112,,180,,,0,,,,,,,,og-post,,,,AAXX 23024 07299 26/61 /1804 11017 21025 30001 40348 58001 333 60005 90710 91106=
07299,2008-01-23 03:00:00,-2.6,1034.6,-0.4,94,-3.4,12000,3.704,11.112,,190,,,0,0,,,,,,40,og-post,,,,AAXX 23034 07299 21962 01902 11026 21034 39998 40346 58004 74000 333 60007 90710 91106 93100 555 60005=
07299,2008-01-23 04:00:00,-3.3,1034.4,-0.9,94,-4.1,12000,3.704,3.704,,230,,,0,,,,,,,11,og-post,,,,AAXX 23044 07299 21962 02302 11033 21041 39995 40344 58009 71100 333 60005 90710 91102 93100=
07299,2008-01-23 05:00:00,-3.8,1034.8,-0.2,95,-4.5,8000,7.408,7.408,,320,,,0,,,,,,,11,og-post,,,,AAXX 23054 07299 21958 03204 11038 21045 39998 40348 55002 71100 333 60005 90710 91104 93100=
07299,2008-01-23 06:00:00,-3.8,1035.2,0.5,95,-4.5,15000,3.704,7.408,,240,-3.9,1.2,0,0,,,2.2,1.9,-8,11,og-post,,,,AAXX 23064 07299 01965 02402 11038 21045 30002 40352 53005 60002 71100 333 10012 21039 35108 55019 60007 70022 90710 91104 93100 555 60005=
07299,2008-01-23 07:00:00,-3.8,1035.8,1.4,95,-4.5,20000,3.704,7.408,,220,,,0,,,,,,,11,og-post,,,,AAXX 23074 07299 21/70 12202 11038 21045 30008 40358 52014 71100 80001 333 60005 81075 90710 91104 93100=
07299,2008-01-23 08:00:00,-2.4,1035.8,1.1,96,-2.9,20000,3.704,3.704,,200,,,0,,,,,,,,og-post,,,,AAXX 23084 07299 22970 12002 11024 21029 30010 40358 51011 81032 333 60005 81363 90710 91102 93100=
07299,2008-01-23 09:00:00,0,1035.3,0.5,95,-0.7,15000,7.408,7.408,,160,,,0,0,,,,,,,og-post,,,,AAXX 23094 07299 22965 11604 10000 21007 30008 40353 50005 81032 333 60007 81363 90710 91104 93100 555 60005=
07299,2008-01-23 10:00:00,2.1,1035,0,83,-0.5,20000,7.408,11.112,,120,,,0,,,,,,,,og-post,,,,AAXX 23104 07299 22970 11204 10021 21005 30008 40350 50000 81032 333 60005 81363 90710 91106 93100=
07299,2008-01-23 11:00:00,4.6,1034,-1,70,-0.4,30000,7.408,18.52,,120,,,0,,,,,,,,og-post,,,,AAXX 23114 07299 22980 11204 10046 21004 30001 40340 58010 81030 333 60005 81363 90710 91110 93100=
07299,2008-01-23 12:00:00,5.8,1033.1,-1.4,56,-2.3,35000,7.408,14.816,,70,,,0,0,,,,,,,og-post,,,,AAXX 23124 07299 02981 30704 10058 21023 39994 40331 58014 60001 81034 333 60007 81360 83073 90710 91108 93100 555 60005=
07299,2008-01-23 13:00:00,7,1032.5,-1.9,46,-3.8,40000,14.816,22.224,,100,,,0,,,,,,,,og-post,,,,AAXX 23134 07299 22982 51008 10070 21038 39989 40325 56019 81034 333 60005 81360 85073 90710 91112 93100=
07299,2008-01-23 14:00:00,7.7,1032.3,-1.3,47,-2.9,40000,7.408,14.816,,90,,,0,,,,,,,,og-post,,,,AAXX 23144 07299 22982 10904 10077 21029 39988 40323 56013 81032 333 60005 81360 90710 91108 93100=
07299,2008-01-23 15:00:00,8.4,1032.2,-0.5,55,-0.1,35000,3.704,14.816,,220,,,0,0,,,,,,,og-post,,,,AAXX 23154 07299 22981 12202 10084 21001 39988 40322 55005 81032 333 60007 81360 90710 91108 93100 555 60005=
07299,2008-01-23 16:00:00,6.6,1032.6,0.1,46,-4.2,45000,3.704,11.112,,60,,,0,,,,,,,,og-post,,,,AAXX 23164 07299 22983 10602 10066 21042 39990 40326 53001 81032 333 60005 81360 90710 91106 93100=
07299,2008-01-23 17:00:00,3.4,1033.5,0.8,67,-2.1,30000,3.704,14.816,,330,,,0,,,,,,,,og-post,,,,AAXX 23174 07299 22980 13302 10034 21021 39995 40335 53008 81032 333 60005 81360 90710 91108 93100=
07299,2008-01-23 18:00:00,0.7,1033.6,0.4,84,-1.7,30000,3.704,7.408,,220,-4,8.4,0,0,,,,,,,og-post,,,,AAXX 23184 07299 02980 12202 10007 21017 39993 40336 50004 60002 81032 333 10084 21040 60007 81360 90710 91104 93100 555 60005=
07299,2008-01-23 19:00:00,0,1033.7,0.3,90,-1.4,18000,3.704,7.408,,190,,,0,,,,,,,,og-post,,,,AAXX 23194 07299 22968 11902 10000 21014 39993 40337 51003 81030 333 60005 81360 90710 91104 93100=
07299,2008-01-23 20:00:00,-0.4,1034,0.1,91,-1.7,10000,,7.408,,,,,0,,,,,,,,og-post,,,,AAXX 23204 07299 26/60 /0000 11004 21017 39995 40340 53001 333 60005 90710 91104=
07299,2008-01-23 21:00:00,-0.7,1033.5,-0.3,93,-1.7,11000,7.408,11.112,,180,,,0,0,,,,,,,og-post,,,,AAXX 23214 07299 26/61 /1804 11007 21017 39990 40335 58003 333 60007 90710 91106 555 60005=
07299,2008-01-23 22:00:00,-0.7,1033.5,-0.3,89,-2.3,13000,7.408,14.816,,140,,,0,,,,,,,,og-post,,,,AAXX 23224 07299 26/63 /1404 11007 21023 39990 40335 58003 333 60005 90710 91108=
07299,2008-01-23 23:00:00,0,1033.1,-0.8,88,-1.7,18000,7.408,11.112,,180,,,0,,,,,,,,og-post,,,,AAXX 23234 07299 26/68 /1804 10000 21017 39987 40331 56008 333 60005 90710 91106=
07299,2008-01-24 00:00:00,-1,1033,-0.5,88,-2.7,13000,3.704,11.112,,150,,,0,0,,,,,,,og-post,,,,AAXX 24004 07299 06/63 /1502 11010 21027 39985 40330 58005 60001 333 60007 90710 91106 555 60005=
07299,2008-01-24 01:00:00,-0.4,1032.7,-0.8,87,-2.3,15000,11.112,14.816,,160,,,0,,,,,,,,og-post,,,,AAXX 24014 07299 26/65 /1606 11004 21023 39982 40327 57008 333 60005 90710 91108=
07299,2008-01-24 02:00:00,-1.5,1032.7,-0.6,92,-2.6,12000,3.704,11.112,,260,,,0,,,,,,,,og-post,,,,AAXX 24024 07299 26/62 /2602 11015 21026 39981 40327 56006 333 60005 90710 91106=
07299,2008-01-24 03:00:00,-1.6,1032.6,-0.5,92,-2.7,9000,3.704,7.408,,190,,,0,0,,,,,,,og-post,,,,AAXX 24034 07299 26/59 /1902 11016 21027 39980 40326 56005 333 60007 90710 91104 555 60005=
07299,2008-01-24 04:00:00,-1.4,1032.1,-0.8,90,-2.8,11000,7.408,11.112,,170,,,0,,,,,,,,og-post,,,,AAXX 24044 07299 26/61 /1704 11014 21028 39975 40321 58008 333 60005 90710 91106=
07299,2008-01-24 05:00:00,-0.7,1031.6,-1,88,-2.4,16000,7.408,14.816,,170,,,0,,,,,,,,og-post,,,,AAXX 24054 07299 26/66 /1704 11007 21024 39971 40316 58010 333 60005 90710 91108=
07299,2008-01-24 06:00:00,-0.6,1031.2,-1.2,87,-2.5,14000,11.112,18.52,,190,-2,0.4,0,0,,,0,8.6,-6,,og-post,,,,AAXX 24064 07299 06/64 /1906 11006 21025 39968 40312 56012 60002 333 10004 21020 3/106 55086 60007 70000 90710 91110 555 60005=
07299,2008-01-24 07:00:00,-1,1031.7,-0.2,87,-2.9,25000,11.112,14.816,,220,,,0,,,,,,,,og-post,,,,AAXX 24074 07299 22975 42206 11010 21029 39972 40317 55002 80001 333 60005 84075 90710 91108 93100=
07299,2008-01-24 08:00:00,0.8,1031.8,0.4,81,-2.1,35000,7.408,14.816,,170,,,0,,,,,,,,og-post,,,,AAXX 24084 07299 22981 41704 10008 21021 39975 40318 53004 80001 333 60005 84075 90710 91108 93100=
07299,2008-01-24 09:00:00,2.7,1031.8,1,72,-1.8,35000,,7.408,,,,,0,0,,,,,,,og-post,,,,AAXX 24094 07299 22981 40000 10027 21018 39978 40318 51010 80001 333 60007 84075 90710 91104 93100 555 60005=
07299,2008-01-24 10:00:00,4.3,1032.1,1,67,-1.3,35000,3.704,7.408,,180,,,0,,,,,,,,og-post,,,,AAXX 24104 07299 22981 51802 10043 21013 39982 40321 53010 80001 333 60005 85075 90710 91104 93100=
07299,2008-01-24 11:00:00,7,1031.4,0.4,55,-1.4,25000,,7.408,,,,,0,,,,,,,,og-post,,,,AAXX 24114 07299 22975 60000 10070 21014 39979 40314 50004 80004 333 60005 86075 90710 91104 93100=
07299,2008-01-24 12:00:00,7.2,1031,-0.3,56,-1,25000,3.704,11.112,,160,,,0,0,,,,,,,og-post,,,,AAXX 24124 07299 02975 71602 10072 21010 39975 40310 58003 60001 80004 333 60007 87075 90710 91106 93100 555 60005=
07299,2008-01-24 13:00:00,7.9,1030.7,-0.9,50,-1.9,35000,7.408,11.112,,150,,,0,,,,,,,,og-post,,,,AAXX 24134 07299 22981 71504 10079 21019 39973 40307 56009 80004 333 60005 87075 90710 91106 93100=
07299,2008-01-24 14:00:00,8.3,1030.7,-0.5,53,-0.7,25000,3.704,11.112,,180,,,0,,,,,,,,og-post,,,,AAXX 24144 07299 22975 71802 10083 21007 39974 40307 55005 81034 333 60005 81365 87071 90710 91106 93100=
07299,2008-01-24 15:00:00,8,1030.8,-0.1,55,-0.5,25000,7.408,11.112,,150,,,0,0,,,,,,,og-post,,,,AAXX 24154 07299 22975 71504 10080 21005 39974 40308 56001 81034 333 60007 81365 87071 90710 91106 93100 555 60005=
07299,2008-01-24 16:00:00,6.5,1031,0.1,63,0,25000,7.408,14.816,,130,,,0,,,,,,,,og-post,,,,AAXX 24164 07299 22975 71304 10065 20000 39974 40310 51001 81034 333 60005 81365 87071 90710 91108 93100=
07299,2008-01-24 17:00:00,4.7,1031.9,0.7,72,0.1,20000,7.408,11.112,,220,,,0,,,,,,,,og-post,,,,AAXX 24174 07299 22970 72204 10047 20001 39981 40319 53007 81034 333 60005 81365 87071 90710 91106 93100=
07299,2008-01-24 18:00:00,4.5,1033.2,1.9,73,0.1,20000,7.408,14.816,,200,-1.1,8.4,0,0,,,,,,,og-post,,,,AAXX 24184 07299 02970 72004 10045 20001 39993 40332 53019 60002 85036 333 10084 21011 60007 85358 87070 90710 91108 93100 555 60005=
07299,2008-01-24 19:00:00,6.2,1033.7,2.6,64,-0.1,20000,14.816,18.52,,210,,,0,,,,,,,,og-post,,,,AAXX 24194 07299 22970 82108 10062 21001 30000 40337 52026 8705/ 333 60005 87358 90710 91110 93100=
07299,2008-01-24 20:00:00,6.3,1034,2.3,64,0,20000,3.704,18.52,,210,,,0,,,,,,,,og-post,,,,AAXX 24204 07299 26/70 /2102 10063 20000 30003 40340 51023 333 60005 90710 91110=
07299,2008-01-24 21:00:00,6.1,1034.7,1.7,63,-0.4,6000,3.704,11.112,,90,,,0,0,,,,,,,og-post,,,,AAXX 24214 07299 26/56 /0902 10061 21004 30010 40347 52017 333 60007 90710 91106 555 60005=
07299,2008-01-24 22:00:00,6.5,1035.5,2,63,0,20000,7.408,18.52,,250,,,0,,,,,,,,og-post,,,,AAXX 24224 07299 26/70 /2504 10065 20000 30018 40355 53020 333 60005 90710 91110=
07299,2008-01-24 23:00:00,6.1,1036.5,2.3,66,0.2,18000,3.704,18.52,,270,,,0.2,,,,,,,,og-post,,,,AAXX 24234 07299 26/68 /2702 10061 20002 30027 40365 53023 333 69925 90710 91110=
07299,2008-01-25 00:00:00,5,1037.7,2.8,79,1.7,15000,3.704,18.52,,290,,,0,0.2,0.2,,,,,,og-post,,,,AAXX 25004 07299 06/65 /2902 10050 20017 30038 40377 53028 69921 333 69927 90710 91110 555 60005=
07299,2008-01-25 01:00:00,4.4,1038.4,2.5,87,2.4,9000,11.112,22.224,,250,,,0.4,,,,,,,,og-post,,,,AAXX 25014 07299 26/59 /2506 10044 20024 30044 40384 51025 333 69945 90710 91112=
07299,2008-01-25 02:00:00,4.1,1039.1,2.4,90,2.6,5000,,14.816,,,,,0.2,,,,,,,,og-post,,,,AAXX 25024 07299 26/50 /0000 10041 20026 30050 40391 51024 333 69925 90710 91108=
07299,2008-01-25 03:00:00,3.9,1039.5,1.7,93,2.9,8000,3.704,7.408,,60,,,0,0.6,,,,,,,og-post,,,,AAXX 25034 07299 26/58 /0602 10039 20029 30054 40395 51017 333 69967 90710 91104 555 60005=
07299,2008-01-25 04:00:00,3.6,1039.9,1.4,94,2.7,3500,,7.408,,,,,0,,,,,,,,og-post,,,,AAXX 25044 07299 26/35 /0000 10036 20027 30057 40399 51014 333 60005 90710 91104=
07299,2008-01-25 05:00:00,3.6,1040.4,1.1,93,2.6,2600,3.704,7.408,,300,,,0,,,,,,,,og-post,,,,AAXX 25054 07299 26/26 /3002 10036 20026 30062 40404 52011 333 60005 90710 91104=
07299,2008-01-25 06:00:00,2.3,1040.9,1,94,1.4,2500,3.704,7.408,,320,2.1,6.8,0,0,,0.8,0.8,7.3,0,,og-post,,,,AAXX 25064 07299 03525 73202 10023 20014 30065 40409 51010 69982 875// 333 10068 20021 32000 55073 60007 70008 81621 84631 85640 90710 91104 93100 555 60005=
07299,2008-01-25 07:00:00,2.2,1041.8,1.6,96,1.6,2800,7.408,11.112,,330,,,0,,,,,,,10,og-post,,,,AAXX 25074 07299 21528 73304 10022 20016 30074 40418 53016 71022 875// 333 60005 81621 85633 85650 90710 91106 93100=
07299,2008-01-25 08:00:00,3,1042.3,1.7,96,2.4,2000,3.704,7.408,,290,,,0,,,,,,,10,og-post,,,,AAXX 25084 07299 21420 72902 10030 20024 30080 40423 53017 71022 875// 333 60005 85614 87633 90710 91104 93100=
07299,2008-01-25 09:00:00,4,1042.2,1.5,96,3.4,5000,3.704,7.408,,280,,,0,0,,,,,,,og-post,,,,AAXX 25094 07299 22450 72802 10040 20034 30080 40422 51015 875// 333 60007 84612 87627 90710 91104 93100 555 60005=
07299,2008-01-25 10:00:00,5.3,1042.2,0.8,89,3.6,6000,3.704,7.408,,310,,,0,,,,,,,,og-post,,,,AAXX 25104 07299 22356 73102 10053 20036 30082 40422 51008 875// 333 60005 85609 86626 90710 91104 93100=
07299,2008-01-25 11:00:00,5.7,1042.3,0.2,87,3.7,6000,3.704,11.112,,50,,,0,,,,,,,,og-post,,,,AAXX 25114 07299 22356 70502 10057 20037 30083 40423 52002 876// 333 60005 87708 90710 91106 93100=
07299,2008-01-25 12:00:00,6,1041.6,-0.4,85,3.7,8000,7.408,11.112,,340,,,0,0,,,,,,,og-post,,,,AAXX 25124 07299 02458 73404 10060 20037 30077 40416 58004 60001 875// 333 60007 87610 90710 91106 93100 555 60005=
07299,2008-01-25 13:00:00,7.8,1040.8,-1.2,77,4,10000,3.704,7.408,,240,,,0,,,,,,,,og-post,,,,AAXX 25134 07299 22460 42402 10078 20040 30071 40408 58012 83801 333 60005 81811 83615 90710 91104 93100=
07299,2008-01-25 14:00:00,7.7,1040.3,-1.6,77,3.9,8000,3.704,11.112,,180,,,0,,,,,,,,og-post,,,,AAXX 25144 07299 22458 61802 10077 20039 30066 40403 56016 85801 333 60005 81815 85624 90710 91106 93100=
07299,2008-01-25 15:00:00,7.5,1040.1,-1.1,71,2.6,15000,11.112,22.224,,130,,,0,0,,,,,,,og-post,,,,AAXX 25154 07299 22565 61306 10075 20026 30064 40401 56011 83801 333 60007 83623 84073 90710 91112 93100 555 60005=
07299,2008-01-25 16:00:00,5.9,1040.4,-0.5,76,2,18000,11.112,22.224,,110,,,0,,,,,,,,og-post,,,,AAXX 25164 07299 22568 61106 10059 20020 30065 40404 56005 81501 333 60005 81623 86073 90710 91112 93100=
07299,2008-01-25 17:00:00,4.1,1040.6,-0.1,82,1.3,18000,11.112,22.224,,120,,,0,,,,,,,,og-post,,,,AAXX 25174 07299 22/68 51206 10041 20013 30065 40406 56001 80002 333 60005 85073 90710 91112 93100=
07299,2008-01-25 18:00:00,3.5,1041,0.4,84,1.1,18000,14.816,18.52,,130,1.7,8,0,0,,,,,,,og-post,,,,AAXX 25184 07299 02/68 41308 10035 20011 30068 40410 53004 60002 80002 333 10080 20017 60007 84073 90710 91110 93100 555 60005=
07299,2008-01-25 19:00:00,3.3,1041.2,0.4,85,1,12000,14.816,22.224,,130,,,0,,,,,,,,og-post,,,,AAXX 25194 07299 22/62 61308 10033 20010 30069 40412 52004 80002 333 60005 86073 90710 91112 93100=
07299,2008-01-25 20:00:00,2.4,1041.3,0.4,86,0.3,10000,11.112,25.928,,130,,,0,,,,,,,,og-post,,,,AAXX 25204 07299 22/60 71306 10024 20003 30069 40413 51004 80002 333 60005 87070 90710 91114 93100=
07299,2008-01-25 21:00:00,1.4,1041.4,-0,89,-0.2,8000,7.408,14.816,,130,,,0,0,,,,,,,og-post,,,,AAXX 25214 07299 22/58 41304 10014 21002 30069 40414 54000 80001 333 60007 84073 90710 91108 93100 555 60005=
07299,2008-01-25 22:00:00,0,1041.4,-0.2,92,-1.1,7000,,11.112,,,,,0,,,,,,,,og-post,,,,AAXX 25224 07299 22/57 20000 10000 21011 30067 40414 58002 80001 333 60005 82073 90710 91106 93100=
07299,2008-01-25 23:00:00,-1.1,1041.7,-0,94,-1.9,5000,3.704,3.704,,230,,,0,,,,,,,,og-post,,,,AAXX 25234 07299 22/50 22302 11011 21019 30069 40417 55000 80001 333 60005 82073 90710 91102 93100=
07299,2008-01-26 00:00:00,-2.1,1042.1,0.2,94,-2.9,4000,3.704,7.408,,260,,,0,0,,,,,,10,og-post,,,,AAXX 26004 07299 01/40 22602 11021 21029 30071 40421 53002 60001 71011 80001 333 60007 82073 90710 91104 93100 555 60005=
07299,2008-01-26 01:00:00,-1.3,1041.6,0,95,-2,3100,11.112,11.112,,170,,,0,,,,,,,,og-post,,,,AAXX 26014 07299 26/31 /1706 11013 21020 30067 40416 50000 333 60005 90710 91106=
07299,2008-01-26 02:00:00,-1.9,1041.7,-0.2,95,-2.6,2700,7.408,11.112,,180,,,0,,,,,,,,og-post,,,,AAXX 26024 07299 26/27 /1804 11019 21026 30068 40417 57002 333 60005 90710 91106=
07299,2008-01-26 03:00:00,-2.6,1041.5,-0.6,95,-3.3,4000,7.408,7.408,,200,,,0,0,,,,,,,og-post,,,,AAXX 26034 07299 23940 22004 11026 21033 30065 40415 56006 80001 333 60007 82073 90710 91104 93100 555 60005=
07299,2008-01-26 04:00:00,-1.3,1041.4,-0.2,95,-2,6000,7.408,11.112,,170,,,0,,,,,,,,og-post,,,,AAXX 26044 07299 22956 21704 11013 21020 30065 40414 58002 80001 333 60005 82073 90710 91106 93100=
07299,2008-01-26 05:00:00,-1.5,1041.4,-0.3,95,-2.2,6000,7.408,14.816,,180,,,0,,,,,,,,og-post,,,,AAXX 26054 07299 22956 21804 11015 21022 30065 40414 56003 80001 333 60005 82073 90710 91108 93100=
07299,2008-01-26 06:00:00,-1.4,1041.5,0.1,95,-2.1,5000,7.408,11.112,,180,-2.6,3.7,0,0,,,0,2.4,-7,,og-post,,,,AAXX 26064 07299 02950 21804 11014 21021 30066 40415 53001 60002 80001 333 10037 21026 30107 55024 60007 70000 82073 90710 91106 93100 555 60005=
07299,2008-01-26 07:00:00,-1.7,1041.7,0.3,94,-2.5,5000,11.112,14.816,,190,,,0,,,,,,,,og-post,,,,AAXX 26074 07299 22950 41906 11017 21025 30068 40417 53003 80001 333 60005 84073 90710 91108 93100=
07299,2008-01-26 08:00:00,-0.4,1042.1,0.8,95,-1.1,4800,11.112,14.816,,180,,,0,,,,,,,10,og-post,,,,AAXX 26084 07299 21348 71806 11004 21011 30073 40421 53008 71011 86601 333 60005 86706 85073 90710 91108 93100=
07299,2008-01-26 09:00:00,0,1042.7,1.4,93,-1,7000,7.408,14.816,,180,,,0,0,,,,,,,og-post,,,,AAXX 26094 07299 22357 61804 10000 21010 30080 40427 53014 81601 333 60007 81708 86073 90710 91108 93100 555 60005=
07299,2008-01-26 10:00:00,1.9,1042.6,1.3,87,0,8000,7.408,11.112,,160,,,0,,,,,,,,og-post,,,,AAXX 26104 07299 22358 61604 10019 20000 30081 40426 51013 81101 333 60005 81809 86073 90710 91106 93100=
07299,2008-01-26 11:00:00,3.7,1041.5,0,80,0.6,11000,7.408,14.816,,170,,,0,,,,,,,,og-post,,,,AAXX 26114 07299 22461 71704 10037 20006 30073 40415 50000 81101 333 60005 81813 87073 90710 91108 93100=
07299,2008-01-26 12:00:00,4.9,1040.5,-1.6,71,0.1,14000,7.408,14.816,,150,,,0,0,,,,,,,og-post,,,,AAXX 26124 07299 02964 71504 10049 20001 30064 40405 58016 60001 81031 333 60007 81366 87073 90710 91108 93100 555 60005=
07299,2008-01-26 13:00:00,6.2,1039.3,-2.7,70,1.1,15000,11.112,14.816,,150,,,0,,,,,,,,og-post,,,,AAXX 26134 07299 22965 71506 10062 20011 30054 40393 58027 81031 333 60005 81366 87073 90710 91108 93100=
07299,2008-01-26 14:00:00,7.6,1038.6,-2.3,57,-0.4,16000,7.408,18.52,,140,,,0,,,,,,,,og-post,,,,AAXX 26144 07299 22/66 61404 10076 21004 30049 40386 56023 80001 333 60005 86073 90710 91110 93100=
07299,2008-01-26 15:00:00,7.6,1038.3,-1.8,58,-0.1,15000,7.408,11.112,,180,,,0,0,,,,,,,og-post,,,,AAXX 26154 07299 22/65 61804 10076 21001 30046 40383 56018 80001 333 60007 86073 90710 91106 93100 555 60005=
07299,2008-01-26 16:00:00,5.8,1037.6,-1.5,69,0.6,14000,7.408,14.816,,160,,,0,,,,,,,,og-post,,,,AAXX 26164 07299 22/64 61604 10058 20006 30038 40376 58015 80001 333 60005 86073 90710 91108 93100=
07299,2008-01-26 17:00:00,3.1,1037.8,-1.4,79,-0.2,12000,7.408,11.112,,190,,,0,,,,,,,,og-post,,,,AAXX 26174 07299 22/62 61904 10031 21002 30036 40378 56014 80001 333 60005 86073 90710 91106 93100=
07299,2008-01-26 18:00:00,0,1039.3,0.2,87,-1.9,8000,,3.704,,,-1.7,8.3,0,0,,,,,,,og-post,,,,AAXX 26184 07299 02/58 70000 10000 21019 30047 40393 53002 60002 80001 333 10083 21017 60007 87073 90710 91102 93100 555 60005=
07299,2008-01-26 19:00:00,-0.4,1039.1,0.6,93,-1.4,7000,11.112,11.112,,180,,,0,,,,,,,,og-post,,,,AAXX 26194 07299 22/57 71806 11004 21014 30044 40391 50006 80001 333 60005 87073 90710 91106 93100=
07299,2008-01-26 20:00:00,-0.4,1038.9,0.5,91,-1.7,8000,11.112,14.816,,150,,,0,,,,,,,,og-post,,,,AAXX 26204 07299 22/58 61506 11004 21017 30042 40389 50005 80001 333 60005 86073 90710 91108 93100=
07299,2008-01-26 21:00:00,0.1,1038.8,-0.6,91,-1.2,7000,11.112,14.816,,210,,,0,0,,,,,,,og-post,,,,AAXX 26214 07299 22/57 72106 10001 21012 30042 40388 56006 80002 333 60007 87073 90710 91108 93100 555 60005=
07299,2008-01-26 22:00:00,0.3,1038.5,-0.5,88,-1.4,8000,14.816,18.52,,170,,,0,,,,,,,,og-post,,,,AAXX 26224 07299 22/58 31708 10003 21014 30039 40385 58005 80001 333 60005 83073 90710 91110 93100=
07299,2008-01-26 23:00:00,-2.1,1038.5,-0.6,91,-3.4,7000,3.704,14.816,,110,,,0,,,,,,,,og-post,,,,AAXX 26234 07299 22/57 61102 11021 21034 30036 40385 58006 80002 333 60005 86073 90710 91108 93100=
07299,2008-01-27 00:00:00,-1.5,1038.4,-0.6,91,-2.8,8000,7.408,11.112,,190,,,0,0,,,,,,,og-post,,,,AAXX 27004 07299 02/58 41904 11015 21028 30036 40384 56006 60001 80002 333 60007 84073 90710 91106 93100 555 60005=
07299,2008-01-27 01:00:00,-1.4,1038.3,-0.4,92,-2.5,4600,11.112,14.816,,190,,,0,,,,,,,,og-post,,,,AAXX 27014 07299 26/46 /1906 11014 21025 30035 40383 56004 333 60005 90710 91108=
07299,2008-01-27 02:00:00,-2.2,1038.2,-0.3,90,-3.6,5000,7.408,18.52,,120,,,0,,,,,,,,og-post,,,,AAXX 27024 07299 26/50 /1204 11022 21036 30033 40382 58003 333 60005 90710 91110=
07299,2008-01-27 03:00:00,-1.1,1037.7,-0.6,89,-2.7,9000,7.408,18.52,,180,,,0,0,,,,,,,og-post,,,,AAXX 27034 07299 22959 71804 11011 21027 30030 40377 58006 80002 333 60007 87073 90710 91110 93100 555 60005=
07299,2008-01-27 04:00:00,-0.9,1037.5,-0.7,88,-2.6,8000,11.112,22.224,,170,,,0,,,,,,,,og-post,,,,AAXX 27044 07299 22958 71706 11009 21026 30028 40375 56007 80002 333 60005 87073 90710 91112 93100=
07299,2008-01-27 05:00:00,-0.8,1037.4,-0.6,87,-2.7,8000,11.112,22.224,,160,,,0,,,,,,,,og-post,,,,AAXX 27054 07299 22958 71606 11008 21027 30027 40374 56006 80002 333 60005 87073 90710 91112 93100=
07299,2008-01-27 06:00:00,-0.5,1037.9,0.4,84,-2.9,10000,14.816,25.928,,170,-2.3,0.5,0,0,,,0,7.4,-6,,og-post,,,,AAXX 27064 07299 02960 71708 11005 21029 30033 40379 53004 60002 80002 333 10005 21023 34106 55074 60007 70000 87073 90710 91114 93100 555 60005=
07299,2008-01-27 07:00:00,-0.5,1038,0.6,84,-2.9,15000,11.112,22.224,,170,,,0,,,,,,,,og-post,,,,AAXX 27074 07299 22965 71706 11005 21029 30034 40380 53006 80002 333 60005 87071 90710 91112 93100=
07299,2008-01-27 08:00:00,0.2,1037.9,0.5,82,-2.5,25000,14.816,18.52,,170,,,0,,,,,,,,og-post,,,,AAXX 27084 07299 22975 71708 10002 21025 30033 40379 50005 8703/ 333 60005 87365 90710 91110 93100=
07299,2008-01-27 09:00:00,0.7,1038,0.2,82,-2,25000,11.112,18.52,,160,,,0,0,,,,,,,og-post,,,,AAXX 27094 07299 22975 71606 10007 21020 30035 40380 53002 8703/ 333 60007 87365 90710 91110 93100 555 60005=
07299,2008-01-27 10:00:00,1.5,1037.9,-0,76,-2.3,25000,14.816,22.224,,170,,,0,,,,,,,,og-post,,,,AAXX 27104 07299 22975 71708 10015 21023 30035 40379 55000 8703/ 333 60005 87365 90710 91112 93100=
07299,2008-01-27 11:00:00,4,1037.5,0.2,71,-0.8,30000,11.112,22.224,,150,,,0,,,,,,,,og-post,,,,AAXX 27114 07299 22980 71506 10040 21008 30034 40375 50002 8703/ 333 60005 87363 90710 91112 93100=
07299,2008-01-27 12:00:00,6.3,1036.6,-0.8,59,-1.1,40000,7.408,14.816,,150,,,0,0,,,,,,,og-post,,,,AAXX 27124 07299 02982 71504 10063 21011 30028 40366 58008 60001 8703/ 333 60007 87363 90710 91108 93100 555 60005=
07299,2008-01-27 13:00:00,9,1035.7,-1.2,48,-1.4,40000,11.112,29.632,,180,,,0,,,,,,,,og-post,,,,AAXX 27134 07299 22982 71806 10090 21014 30023 40357 58012 85032 333 60005 85363 87075 90710 91116 93100=
07299,2008-01-27 14:00:00,11.9,1034.7,-1.7,33,-3.8,40000,11.112,22.224,,250,,,0,,,,,,,,og-post,,,,AAXX 27144 07299 22982 72506 10119 21038 30016 40347 58017 83032 333 60005 83363 87075 90710 91112 93100=
07299,2008-01-27 15:00:00,10.9,1035,-1,35,-3.9,40000,22.224,31.484,,270,,,0,0,,,,,,,og-post,,,,AAXX 27154 07299 22982 72712 10109 21039 30018 40350 55010 81032 333 60007 81363 87075 90710 91117 93100 555 60005=
07299,2008-01-27 16:00:00,9.6,1034.9,-0.6,36,-4.7,40000,18.52,35.188,,260,,,0,,,,,,,,og-post,,,,AAXX 27164 07299 22982 72610 10096 21047 30016 40349 56006 81032 333 60005 81363 87075 90710 91119 93100=
07299,2008-01-27 17:00:00,9.3,1035.3,0.4,31,-6.9,40000,18.52,35.188,,260,,,0,,,,,,,,og-post,,,,AAXX 27174 07299 22982 72610 10093 21069 30019 40353 53004 82032 333 60005 82363 87075 90710 91119 93100=
07299,2008-01-27 18:00:00,7.6,1035.9,0.5,39,-5.4,25000,7.408,18.52,,220,-0.9,12,0,0,,,,,,,og-post,,,,AAXX 27184 07299 02975 72204 10076 21054 30023 40359 53005 60002 82032 333 10120 21009 60007 82363 87075 90710 91110 93100 555 60005=
07299,2008-01-27 19:00:00,7.2,1036.1,0.7,43,-4.5,25000,7.408,11.112,,210,,,0,,,,,,,,og-post,,,,AAXX 27194 07299 22975 72104 10072 21045 30024 40361 51007 83032 333 60005 83363 87075 90710 91106 93100=
07299,2008-01-27 20:00:00,6.8,1036.2,0.5,34,-7.9,25000,7.408,14.816,,170,,,0,,,,,,,,og-post,,,,AAXX 27204 07299 22975 71704 10068 21079 30025 40362 51005 82032 333 60005 82365 87075 90710 91108 93100=
07299,2008-01-27 21:00:00,3.6,1036.7,0.2,56,-4.3,25000,7.408,11.112,,150,,,0,0,,,,,,,og-post,,,,AAXX 27214 07299 22975 61504 10036 21043 30026 40367 51002 81031 333 60007 81365 86075 90710 91106 93100 555 60005=
07299,2008-01-27 22:00:00,2.4,1037,0.1,67,-3.1,20000,3.704,11.112,,190,,,0,,,,,,,,og-post,,,,AAXX 27224 07299 22/70 41902 10024 21031 30027 40370 53001 80001 333 60005 84075 90710 91106 93100=
07299,2008-01-27 23:00:00,0,1037.2,0.3,79,-3.2,20000,7.408,11.112,,170,,,0,,,,,,,,og-post,,,,AAXX 27234 07299 22/70 31704 10000 21032 30026 40372 51003 80001 333 60005 83075 90710 91106 93100=
07299,2008-01-28 00:00:00,-0.7,1037,-0.2,84,-3.1,20000,7.408,11.112,,170,,,0,0,,,,,,,og-post,,,,AAXX 28004 07299 02/70 31704 11007 21031 30024 40370 58002 60001 80001 333 60007 83075 90710 91106 93100 555 60005=
07299,2008-01-28 01:00:00,-0.2,1036.9,-0.3,78,-3.6,20000,7.408,11.112,,170,,,0,,,,,,,,og-post,,,,AAXX 28014 07299 26/70 /1704 11002 21036 30023 40369 58003 333 60005 90710 91106=
07299,2008-01-28 02:00:00,-1.3,1037.2,-0.1,82,-4,20000,3.704,11.112,,140,,,0,,,,,,,,og-post,,,,AAXX 28024 07299 26/70 /1402 11013 21040 30025 40372 55001 333 60005 90710 91106=
07299,2008-01-28 03:00:00,-1.8,1037.2,-0,84,-4.1,20000,3.704,7.408,,200,,,0,0,,,,,,,og-post,,,,AAXX 28034 07299 22/70 62002 11018 21041 30024 40372 54000 80001 333 60007 86075 90710 91104 93100 555 60005=
07299,2008-01-28 04:00:00,-2.3,1037.3,0.1,88,-4,20000,,3.704,,,,,0,,,,,,,,og-post,,,,AAXX 28044 07299 22/70 70000 11023 21040 30024 40373 51001 80002 333 60005 87075 90710 91102 93100=
07299,2008-01-28 05:00:00,-2.8,1037,-0.4,90,-4.2,20000,3.704,3.704,,200,,,0,,,,,,,,og-post,,,,AAXX 28054 07299 22/70 72002 11028 21042 30021 40370 58004 80002 333 60005 87075 90710 91102 93100=
07299,2008-01-28 06:00:00,-2.6,1036.8,-0.5,88,-4.3,20000,3.704,7.408,,190,-2.9,8,0,0,,,0,3.4,-6,,og-post,,,,AAXX 28064 07299 02/70 71902 11026 21043 30019 40368 58005 60002 80002 333 10080 21029 34106 55034 60007 70000 87073 90710 91104 93100 555 60005=
07299,2008-01-28 07:00:00,-2.1,1036.5,-0.7,86,-4.1,16000,3.704,7.408,,170,,,0,,,,,,,,og-post,,,,AAXX 28074 07299 22/66 71702 11021 21041 30017 40365 56007 80002 333 60005 87073 90710 91104 93100=
07299,2008-01-28 08:00:00,-2.7,1036.7,-0.3,89,-4.3,25000,,7.408,,,,,0,,,,,,,,og-post,,,,AAXX 28084 07299 22/75 70000 11027 21043 30018 40367 55003 80002 333 60005 87073 90710 91104 93100=
07299,2008-01-28 09:00:00,0.4,1036.1,-0.3,81,-2.5,30000,7.408,7.408,,200,,,0,0,,,,,,,og-post,,,,AAXX 28094 07299 22/80 52004 10004 21025 30016 40361 57003 80002 333 60007 85073 90710 91104 93100 555 60005=
07299,2008-01-28 10:00:00,4,1035.7,-0,63,-2.4,30000,3.704,7.408,,170,,,0,,,,,,,,og-post,,,,AAXX 28104 07299 22/80 51702 10040 21024 30017 40357 54000 80002 333 60005 85073 90710 91104 93100=
07299,2008-01-28 11:00:00,6,1035,-0.6,54,-2.6,35000,3.704,7.408,,280,,,0,,,,,,,,og-post,,,,AAXX 28114 07299 22/81 52802 10060 21026 30012 40350 58006 80002 333 60005 85073 90710 91104 93100=
07299,2008-01-28 12:00:00,7.6,1033.7,-1.4,45,-3.6,35000,3.704,11.112,,290,,,0,0,,,,,,,og-post,,,,AAXX 28124 07299 02/81 52902 10076 21036 30002 40337 58014 60001 80002 333 60007 85073 90710 91106 93100 555 60005=
07299,2008-01-28 13:00:00,8.8,1032.7,-2.4,35,-5.8,35000,7.408,14.816,,360,,,0,,,,,,,,og-post,,,,AAXX 28134 07299 22/81 53604 10088 21058 39993 40327 58024 80002 333 60005 85073 90710 91108 93100=
07299,2008-01-28 14:00:00,9.2,1032.1,-2.4,35,-5.4,35000,11.112,14.816,,360,,,0,,,,,,,,og-post,,,,AAXX 28144 07299 22/81 43606 10092 21054 39988 40321 56024 80002 333 60005 84073 90710 91108 93100=
07299,2008-01-28 15:00:00,8.8,1032,-1.5,41,-3.7,35000,11.112,18.52,,360,,,0,0,,,,,,,og-post,,,,AAXX 28154 07299 22/81 43606 10088 21037 39987 40320 56015 80002 333 60007 84073 90710 91110 93100 555 60005=
07299,2008-01-28 16:00:00,6.1,1032.3,-0.6,62,-0.6,35000,3.704,18.52,,360,,,0,,,,,,,,og-post,,,,AAXX 28164 07299 22/81 73602 10061 21006 39987 40323 56006 80002 333 60005 87073 90710 91110 93100=
07299,2008-01-28 17:00:00,3.4,1032.7,-0.1,74,-0.8,25000,3.704,7.408,,300,,,0,,,,,,,,og-post,,,,AAXX 28174 07299 22/75 73002 10034 21008 39987 40327 56001 80002 333 60005 87073 90710 91104 93100=
07299,2008-01-28 18:00:00,2.3,1032.7,-0.1,78,-1.1,25000,7.408,7.408,,240,-3,9.4,0,0,,,,,,,og-post,,,,AAXX 28184 07299 02/75 72404 10023 21011 39986 40327 58001 60002 80002 333 10094 21030 60007 87073 90710 91104 93100 555 60005=
07299,2008-01-28 19:00:00,0.3,1033.3,0.2,87,-1.6,20000,7.408,7.408,,260,,,0,,,,,,,,og-post,,,,AAXX 28194 07299 22/70 72604 10003 21016 39989 40333 53002 80002 333 60005 87073 90710 91104 93100=
07299,2008-01-28 20:00:00,0.1,1033.3,0.2,87,-1.8,15000,7.408,7.408,,260,,,0,,,,,,,,og-post,,,,AAXX 28204 07299 22/65 52604 10001 21018 39989 40333 53002 80002 333 60005 85073 90710 91104 93100=
07299,2008-01-28 21:00:00,0.3,1033.1,0.1,88,-1.4,12000,,7.408,,,,,0,0,,,,,,,og-post,,,,AAXX 28214 07299 22/62 30000 10003 21014 39987 40331 50001 80001 333 60007 83073 90710 91104 93100 555 60005=
07299,2008-01-28 22:00:00,-1,1033.1,-0.4,92,-2.1,6000,,3.704,,,,,0,,,,,,,,og-post,,,,AAXX 28224 07299 22/56 30000 11010 21021 39986 40331 58004 80001 333 60005 83073 90710 91102 93100=
07299,2008-01-28 23:00:00,-1.4,1033.1,-0.4,93,-2.4,5000,,3.704,,,,,0,,,,,,,,og-post,,,,AAXX 28234 07299 22/50 30000 11014 21024 39985 40331 56004 80001 333 60005 83073 90710 91102 93100=
07299,2008-01-29 00:00:00,-1.7,1032.8,-0.5,93,-2.7,4000,3.704,3.704,,210,,,0,0,,,,,,10,og-post,,,,AAXX 29004 07299 01/40 22102 11017 21027 39982 40328 58005 60001 71011 80001 333 60007 82073 90710 91102 93100 555 60005=
07299,2008-01-29 01:00:00,-2.1,1032.6,-0.6,94,-2.9,4100,,3.704,,,,,0,,,,,,,,og-post,,,,AAXX 29014 07299 26/41 /0000 11021 21029 39979 40326 58006 333 60005 90710 91102=
07299,2008-01-29 02:00:00,-2.5,1032.4,-0.8,94,-3.3,2700,,3.704,,,,,0,,,,,,,,og-post,,,,AAXX 29024 07299 26/27 /0000 11025 21033 39977 40324 56008 333 60005 90710 91102=
07299,2008-01-29 03:00:00,-3.1,1032.1,-0.9,94,-3.9,3000,3.704,3.704,,150,,,0,0,,,,,,11,og-post,,,,AAXX 29034 07299 21/30 41502 11031 21039 39973 40321 58009 71100 80001 333 60007 84075 90710 91102 93100 555 60005=
07299,2008-01-29 04:00:00,-3.1,1031.9,-0.8,95,-3.8,3000,,3.704,,,,,0,,,,,,,11,og-post,,,,AAXX 29044 07299 21/30 30000 11031 21038 39971 40319 57008 71100 80001 333 60005 83075 90710 91102 93100=
07299,2008-01-29 05:00:00,-2.9,1031.8,-0.6,95,-3.6,3000,,3.704,,,,,0,,,,,,,11,og-post,,,,AAXX 29054 07299 21/30 30000 11029 21036 39971 40318 56006 71100 80001 333 60005 83075 90710 91102 93100=
07299,2008-01-29 06:00:00,-2.7,1031.6,-0.4,95,-3.4,3000,3.704,7.408,,240,-3.5,2.2,0,0,,,0,7.2,-7,10,og-post,,,,AAXX 29064 07299 01/30 12402 11027 21034 39969 40316 57004 60002 71000 80001 333 10022 21035 34107 55072 60007 70000 81075 90710 91104 93100 555 60005=
07299,2008-01-29 07:00:00,-3.2,1031.6,-0.3,95,-3.9,4000,3.704,7.408,,160,,,0,,,,,,,10,og-post,,,,AAXX 29074 07299 21/40 31602 11032 21039 39968 40316 58003 71000 80001 333 60005 83075 90710 91104 93100=
07299,2008-01-29 08:00:00,-2.1,1031.5,-0.2,96,-2.6,6000,3.704,3.704,,130,,,0,,,,,,,,og-post,,,,AAXX 29084 07299 22/56 51302 11021 21026 39969 40315 55002 80001 333 60005 85075 90710 91102 93100=
07299,2008-01-29 09:00:00,0.4,1031,-0.2,96,-0.2,6000,,3.704,,,,,0,0,,,,,,,og-post,,,,AAXX 29094 07299 22/56 60000 10004 21002 39967 40310 58002 80001 333 60007 86075 90710 91102 93100 555 60005=
07299,2008-01-29 10:00:00,2.7,1030.8,-0,79,-0.6,9000,,7.408,,,,,0,,,,,,,,og-post,,,,AAXX 29104 07299 22/59 70000 10027 21006 39968 40308 54000 80001 333 60005 87075 90710 91104 93100=
07299,2008-01-29 11:00:00,4.6,1029.6,-1.1,70,-0.4,10000,3.704,7.408,,260,,,0,,,,,,,,og-post,,,,AAXX 29114 07299 22/60 72602 10046 21004 39959 40296 58011 80001 333 60005 87075 90710 91104 93100=
07299,2008-01-29 12:00:00,6.2,1028.4,-1.8,63,-0.3,15000,3.704,11.112,,350,,,0,0,,,,,,,og-post,,,,AAXX 29124 07299 02/65 53502 10062 21003 39949 40284 58018 60001 80002 333 60007 85075 90710 91106 93100 555 60005=
07299,2008-01-29 13:00:00,7.5,1027.1,-3,62,0.7,15000,3.704,11.112,,20,,,0,,,,,,,,og-post,,,,AAXX 29134 07299 22/65 70202 10075 20007 39938 40271 57030 80002 333 60005 87075 90710 91106 93100=
07299,2008-01-29 14:00:00,7.6,1026.5,-2.6,62,0.8,15000,11.112,14.816,,360,,,0,,,,,,,,og-post,,,,AAXX 29144 07299 22/65 73606 10076 20008 39932 40265 56026 80002 333 60005 87075 90710 91108 93100=
07299,2008-01-29 15:00:00,7.1,1026.1,-2,68,1.6,13000,11.112,14.816,,350,,,0,0,,,,,,,og-post,,,,AAXX 29154 07299 22/63 73506 10071 20016 39928 40261 56020 80002 333 60007 87075 90710 91108 93100 555 60005=
07299,2008-01-29 16:00:00,5.1,1026,-1.3,79,1.8,10000,11.112,18.52,,340,,,0,,,,,,,,og-post,,,,AAXX 29164 07299 22/60 73406 10051 20018 39925 40260 56013 80002 333 60005 87075 90710 91110 93100=
07299,2008-01-29 17:00:00,2.5,1026.6,-0.5,85,0.2,9000,11.112,18.52,,340,,,0,,,,,,,,og-post,,,,AAXX 29174 07299 22959 73406 10025 20002 39927 40266 55005 82032 333 60005 82366 87075 90710 91110 93100=
07299,2008-01-29 18:00:00,2.5,1026.8,0.1,88,0.7,9000,11.112,18.52,,300,-3.5,7.8,0,0,,,,,,,og-post,,,,AAXX 29184 07299 02959 73006 10025 20007 39929 40268 53001 60002 82032 333 10078 21035 60007 82366 87075 90710 91110 93100 555 60005=
07299,2008-01-29 19:00:00,1.5,1026.5,0,91,0.2,6000,7.408,11.112,,310,,,0,,,,,,,,og-post,,,,AAXX 29194 07299 22956 73104 10015 20002 39925 40265 50000 85032 333 60005 85365 87075 90710 91106 93100=
07299,2008-01-29 20:00:00,1.4,1026.3,-0.4,93,0.4,7000,,11.112,,,,,0,,,,,,,,og-post,,,,AAXX 29204 07299 22957 70000 10014 20004 39923 40263 58004 83032 333 60005 83364 87075 90710 91106 93100=
07299,2008-01-29 21:00:00,0.1,1026.4,-0.7,93,-0.9,3500,3.704,7.408,,260,,,0,0,,,,,,10,og-post,,,,AAXX 29214 07299 21935 72602 10001 21009 39922 40264 56007 71022 82032 333 60007 82364 87075 90710 91104 93100 555 60005=
07299,2008-01-29 22:00:00,-0.3,1026.4,-0.3,94,-1.1,3000,,7.408,,,,,0,,,,,,,10,og-post,,,,AAXX 29224 07299 21930 70000 11003 21011 39922 40264 56003 71022 82032 333 60005 82364 87075 90710 91104 93100=
07299,2008-01-29 23:00:00,0.4,1026.2,-0.1,95,-0.3,3000,,7.408,,,,,0,,,,,,,10,og-post,,,,AAXX 29234 07299 21930 70000 10004 21003 39921 40262 56001 71022 83032 333 60005 83364 87075 90710 91104 93100=
07299,2008-01-30 00:00:00,-0.2,1026.2,-0.2,94,-1,3000,,3.704,,,,,0,0,,,,,,10,og-post,,,,AAXX 30004 07299 01930 70000 11002 21010 39920 40262 58002 60001 71022 83032 333 60007 83364 87075 90710 91102 93100 555 60005=
07299,2008-01-30 01:00:00,0.1,1026,-0.4,95,-0.6,3400,3.704,7.408,,140,,,0,,,,,,,,og-post,,,,AAXX 30014 07299 26/34 /1402 10001 21006 39918 40260 58004 333 60005 90710 91104=
07299,2008-01-30 02:00:00,-0.4,1025.7,-0.7,94,-1.2,2800,7.408,11.112,,150,,,0,,,,,,,,og-post,,,,AAXX 30024 07299 26/28 /1504 11004 21012 39915 40257 57007 333 60005 90710 91106=
07299,2008-01-30 03:00:00,0,1025.2,-0.9,95,-0.7,4000,11.112,14.816,,180,,,0,0,,,,,,10,og-post,,,,AAXX 30034 07299 21940 71806 10000 21007 39911 40252 58009 71022 83032 333 60007 83365 87075 90710 91108 93100 555 60005=
07299,2008-01-30 04:00:00,1.1,1025.3,-0.4,92,-0.1,4500,11.112,18.52,,170,,,0,,,,,,,10,og-post,,,,AAXX 30044 07299 21945 71706 10011 21001 39913 40253 55004 71022 85032 333 60005 85363 87075 90710 91110 93100=
07299,2008-01-30 05:00:00,1.6,1025.6,0.2,90,0.1,7000,7.408,14.816,,180,,,0,,,,,,,,og-post,,,,AAXX 30054 07299 22957 71804 10016 20001 39916 40256 53002 85032 333 60005 86362 87075 90710 91108 93100=
07299,2008-01-30 06:00:00,2.5,1025.9,1,84,0.1,8000,29.632,46.3,,240,-0.9,3.1,0,0,,,0,7.6,-3,,og-post,,,,AAXX 30064 07299 02958 72416 10025 20001 39920 40259 53010 60002 85072 333 10031 21009 30103 55076 60007 70000 82360 85462 87073 90710 91125 93100 555 60005=
07299,2008-01-30 07:00:00,2.3,1026.3,1.1,86,0.2,5000,25.928,35.188,,230,,,0,,,,,,,,og-post,,,,AAXX 30074 07299 22950 72314 10023 20002 39924 40263 51011 8707/ 333 60005 82360 87462 90710 91119 93100=
07299,2008-01-30 08:00:00,2.5,1026.8,1.3,85,0.2,5000,7.408,35.188,,230,,,0,,,,,,,,og-post,,,,AAXX 30084 07299 22450 82304 10025 20002 39929 40268 53013 8817/ 333 60005 81815 88460 90710 91119 93100=
07299,2008-01-30 09:00:00,3.1,1026.7,0.8,84,0.7,6000,11.112,22.224,,240,,,0,0,,,,,,,og-post,,,,AAXX 30094 07299 22456 82406 10031 20007 39929 40267 50008 8117/ 333 60007 81815 86357 88460 90710 91112 93100 555 60005=
07299,2008-01-30 10:00:00,3.7,1027,0.9,83,1.1,5000,11.112,18.52,,220,,,0,,,,,,,,og-post,,,,AAXX 30104 07299 22450 82206 10037 20011 39933 40270 51009 8117/ 333 60005 81815 87357 90710 91110 93100=
07299,2008-01-30 11:00:00,4.9,1027.1,0.5,76,1,6000,18.52,29.632,,270,,,0,,,,,,,,og-post,,,,AAXX 30114 07299 22456 72710 10049 20010 39935 40271 53005 8553/ 333 60005 81819 85639 87358 90710 91116 93100=
07299,2008-01-30 12:00:00,4.5,1026.6,0.1,78,1,6000,14.816,31.484,,270,,,0,0,,,,,,,og-post,,,,AAXX 30124 07299 02456 82708 10045 20010 39930 40266 50001 60001 8683/ 333 60007 81819 86641 87358 90710 91117 93100 555 60005=
07299,2008-01-30 13:00:00,4.4,1026.3,-0.6,81,1.4,6000,3.704,22.224,,270,,,,,,,,,,60,og-post,,,,AAXX 30134 07299 21456 82702 10044 20014 39927 40263 58006 76062 878// 333 69905 82817 87641 90710 91112 93100=
07299,2008-01-30 14:00:00,3.5,1026.8,-0.5,88,1.7,4000,7.408,22.224,,260,,,0.6,,,,,,,61,og-post,,,,AAXX 30144 07299 21440 82604 10035 20017 39930 40268 55005 76176 875// 333 69965 87613 90710 91112 93100=
07299,2008-01-30 15:00:00,3.4,1026.8,-0,88,1.6,4500,7.408,22.224,,270,,,,0.6,,,,,,60,og-post,,,,AAXX 30154 07299 21445 82704 10034 20016 39930 40268 55000 76076 875// 333 69967 87612 90710 91112 93100 555 69905=
07299,2008-01-30 16:00:00,3.5,1027.1,0.7,84,1.1,4800,11.112,22.224,,300,,,,,,,,,,21,og-post,,,,AAXX 30164 07299 21448 83006 10035 20011 39933 40271 53007 72162 875// 333 69905 87615 90710 91112 93100=
07299,2008-01-30 17:00:00,3.3,1027.6,0.9,82,0.5,5000,14.816,29.632,,280,,,0,,,,,,,,og-post,,,,AAXX 30174 07299 22450 82808 10033 20005 39938 40276 53009 875// 333 60005 87619 90710 91116 93100=
07299,2008-01-30 18:00:00,3,1028.3,1.4,83,0.4,6000,11.112,31.484,,280,2.2,5,0,,,0.6,,,,2,og-post,,,,AAXX 30184 07299 01456 82806 10030 20004 39944 40283 53014 69962 70276 875// 333 10050 20022 69907 87618 90710 91117 93100 555 60005=
07299,2008-01-30 19:00:00,2.9,1028.7,1.4,81,0,7000,14.816,31.484,,270,,,0,,,,,,,,og-post,,,,AAXX 30194 07299 22557 82708 10029 20000 39948 40287 51014 875// 333 60005 87621 90710 91117 93100=
07299,2008-01-30 20:00:00,2.5,1029.1,1.2,84,0.1,7000,18.52,29.632,,260,,,0,,,,,,,,og-post,,,,AAXX 30204 07299 22557 82610 10025 20001 39951 40291 51012 875// 333 60005 87621 90710 91116 93100=
07299,2008-01-30 21:00:00,2.3,1029.4,1,84,-0.1,7000,18.52,35.188,,260,,,0,0,,,,,,,og-post,,,,AAXX 30214 07299 22457 82610 10023 21001 39954 40294 51010 875// 333 60007 87615 90710 91119 93100 555 60005=
07299,2008-01-30 22:00:00,1.1,1030.1,1.1,91,-0.2,3500,3.704,25.928,,280,,,0.4,,,,,,,61,og-post,,,,AAXX 30224 07299 21335 82802 10011 21002 39959 40301 53011 76162 877// 333 69945 87707 90710 91114 93100=
07299,2008-01-30 23:00:00,0.9,1030.2,0.9,92,-0.2,4500,11.112,18.52,,250,,,0.2,,,,,,,71,og-post,,,,AAXX 30234 07299 21345 82506 10009 21002 39960 40302 51009 77177 877// 333 69925 85707 87625 90710 91110 93100=
07299,2008-01-31 00:00:00,1,1029.9,0.3,92,-0.1,6000,7.408,18.52,,260,,,0.2,0.8,0.8,,,,,70,og-post,,,,AAXX 31004 07299 01356 82604 10010 21001 39957 40299 50003 69981 77076 877// 333 69987 83707 87625 90710 91110 93100 555 69925=
07299,2008-01-31 01:00:00,0.9,1029.6,-0.5,92,-0.2,6000,,11.112,,,,,,,,,,,,,og-post,,,,AAXX 31014 07299 26/56 /0000 10009 21002 39954 40296 58005 333 69905 90710 91106=
07299,2008-01-31 02:00:00,1,1029.4,-0.7,92,-0.1,8000,3.704,7.408,,160,,,,,,,,,,,og-post,,,,AAXX 31024 07299 26/58 /1602 10010 21001 39952 40294 56007 333 69905 90710 91104=
07299,2008-01-31 03:00:00,0.9,1029.6,-0.3,91,-0.4,8000,3.704,11.112,,310,,,,,,,,,,0,og-post,,,,AAXX 31034 07299 21458 73102 10009 21004 39954 40296 55003 70072 875// 333 69907 87610 90710 91106 93100 555 69905=
07299,2008-01-31 04:00:00,0.9,1029.6,-0,90,-0.5,8000,,7.408,,,,,0,,,,,,,,og-post,,,,AAXX 31044 07299 22458 70000 10009 21005 39954 40296 55000 875// 333 60005 85610 87632 90710 91104 93100=
07299,2008-01-31 05:00:00,0.9,1029.1,-0.4,89,-0.7,10000,3.704,14.816,,220,,,0,,,,,,,,og-post,,,,AAXX 31054 07299 26/60 /2202 10009 21007 39949 40291 58004 333 60005 90710 91108=
07299,2008-01-31 06:00:00,0.9,1029.2,-0.4,89,-0.7,8000,7.408,18.52,,250,0.8,3.1,0,0,,0.8,1.4,0,0,3,og-post,,,,AAXX 31064 07299 01458 72504 10009 21007 39950 40292 55004 69982 70376 877// 333 10031 20008 32000 55000 60007 70014 87711 90710 91110 93100 555 60005=
07299,2008-01-31 07:00:00,0.8,1029,-0.6,89,-0.8,9000,3.704,11.112,,200,,,0,,,,,,,,og-post,,,,AAXX 31074 07299 26/59 /2002 10008 21008 39948 40290 56006 333 60005 90710 91106=
07299,2008-01-31 08:00:00,1.1,1028.6,-0.4,88,-0.7,8000,3.704,11.112,,220,,,0,,,,,,,,og-post,,,,AAXX 31084 07299 22458 72202 10011 21007 39945 40286 58004 875// 333 60005 87612 90710 91106 93100=
07299,2008-01-31 09:00:00,1.4,1028,-1.1,88,-0.4,9000,7.408,11.112,,250,,,0,0,,,,,,,og-post,,,,AAXX 31094 07299 22459 72504 10014 21004 39939 40280 58011 875// 333 60007 85612 87650 90710 91106 93100 555 60005=
07299,2008-01-31 10:00:00,1.9,1027.4,-1.5,86,-0.2,10000,7.408,18.52,,240,,,0,,,,,,,,og-post,,,,AAXX 31104 07299 22460 72404 10019 21002 39934 40274 58015 875// 333 60005 87615 90710 91110 93100=
07299,2008-01-31 11:00:00,2.2,1026.5,-1.9,84,-0.2,12000,14.816,22.224,,260,,,0,,,,,,,,og-post,,,,AAXX 31114 07299 22462 72608 10022 21002 39926 40265 58019 875// 333 60005 87615 90710 91112 93100=
07299,2008-01-31 12:00:00,2.1,1025.2,-2.6,84,-0.3,15000,14.816,25.928,,260,,,0,0,,,,,,,og-post,,,,AAXX 31124 07299 02465 72608 10021 21003 39913 40252 58026 60001 875// 333 60007 87615 90710 91114 93100 555 60005=
07299,2008-01-31 13:00:00,2.7,1024.1,-3.1,82,-0.1,20000,11.112,25.928,,240,,,0,,,,,,,,og-post,,,,AAXX 31134 07299 22470 72406 10027 21001 39903 40241 58031 875// 333 60005 87617 90710 91114 93100=
07299,2008-01-31 14:00:00,2.9,1023.3,-3,78,-0.5,20000,14.816,25.928,,280,,,0,,,,,,,,og-post,,,,AAXX 31144 07299 22570 72808 10029 21005 39896 40233 56030 875// 333 60005 87621 90710 91114 93100=
07299,2008-01-31 15:00:00,2.3,1022.8,-2.3,81,-0.6,20000,22.224,29.632,,260,,,0,0,,,,,,,og-post,,,,AAXX 31154 07299 22570 72612 10023 21006 39890 40228 56023 875// 333 60007 87620 90710 91116 93100 555 60005=
07299,2008-01-31 16:00:00,2.2,1022.4,-1.7,79,-1.1,20000,11.112,31.484,,290,,,0,,,,,,,,og-post,,,,AAXX 31164 07299 22570 72906 10022 21011 39886 40224 56017 875// 333 60005 82620 87632 90710 91117 93100=
07299,2008-01-31 17:00:00,1.1,1022.5,-0.9,83,-1.5,20000,11.112,22.224,,260,,,0,,,,,,,,og-post,,,,AAXX 31174 07299 22570 72606 10011 21015 39886 40225 55009 85502 333 60005 82620 85630 85075 90710 91112 93100=
07299,2008-01-31 18:00:00,0.2,1021.5,-1.5,86,-1.9,20000,3.704,14.816,,150,0.1,3.7,0,0,,,,,,,og-post,,,,AAXX 31184 07299 02570 61502 10002 21019 39875 40215 58015 60002 82502 333 10037 20001 60007 82630 86075 90710 91108 93100 555 60005=
07299,2008-01-31 19:00:00,-1,1020.9,-1.7,90,-2.4,20000,,11.112,,,,,0,,,,,,,,og-post,,,,AAXX 31194 07299 22570 70000 11010 21024 39868 40209 58017 82532 333 60005 82630 84364 86075 90710 91106 93100=
07299,2008-01-31 20:00:00,0.3,1019.5,-3,88,-1.4,10000,11.112,29.632,,170,,,0,,,,,,,,og-post,,,,AAXX 31204 07299 22560 71706 10003 21014 39856 40195 56030 8157/ 333 60005 81630 87364 90710 91116 93100=
07299,2008-01-31 21:00:00,0.2,1018.7,-2.6,89,-1.4,12000,7.408,14.816,,150,,,0,0,,,,,,,og-post,,,,AAXX 31214 07299 22562 71504 10002 21014 39848 40187 58026 8157/ 333 60007 81630 87465 90710 91108 93100 555 60005=
07299,2008-01-31 22:00:00,0.7,1017.9,-2.7,87,-1.2,16000,11.112,18.52,,150,,,0,,,,,,,,og-post,,,,AAXX 31224 07299 22566 71506 10007 21012 39841 40179 56027 8157/ 333 60005 81630 87465 90710 91110 93100=
07299,2008-01-31 23:00:00,1.2,1017.1,-2.3,82,-1.5,20000,11.112,18.52,,170,,,0,,,,,,,,og-post,,,,AAXX 31234 07299 22570 71706 10012 21015 39834 40171 56023 8157/ 333 60005 81630 87461 90710 91110 93100=
07299,2008-02-01 00:00:00,4.6,1015.9,-2.2,64,-1.6,20000,11.112,25.928,,250,,,0,0,,,,,,,og-post,,,,AAXX 01004 07299 02570 72506 10046 21016 39826 40159 56022 60001 8157/ 333 60007 81630 87458 90710 91114 93100 555 60005=
07299,2008-02-01 01:00:00,5,1014.2,-3,57,-2.8,20000,14.816,29.632,,230,,,0,,,,,,,,og-post,,,,AAXX 01014 07299 26/70 /2308 10050 21028 39810 40142 58030 333 60005 90710 91116=
07299,2008-02-01 02:00:00,4.3,1013.5,-3.1,64,-1.9,20000,3.704,31.484,,150,,,0,,,,,,,,og-post,,,,AAXX 01024 07299 26/70 /1502 10043 21019 39803 40135 58031 333 60005 90710 91117=
07299,2008-02-01 03:00:00,1.7,1012.4,-3.7,79,-1.5,18000,7.408,11.112,,170,,,0,0,,,,,,,og-post,,,,AAXX 01034 07299 22568 71704 10017 21015 39789 40124 56037 875// 333 60007 81630 87756 90710 91106 93100 555 60005=
07299,2008-02-01 04:00:00,1.8,1011.7,-2.8,81,-1.1,18000,7.408,14.816,,160,,,0,,,,,,,,og-post,,,,AAXX 01044 07299 22768 71604 10018 21011 39782 40117 56028 875// 333 60005 87750 90710 91108 93100=
07299,2008-02-01 05:00:00,2.5,1010.8,-2.9,82,-0.3,9000,7.408,14.816,,170,,,0.2,,,,,,,68,og-post,,,,AAXX 01054 07299 21659 71704 10025 21003 39774 40108 56029 76876 875// 333 69925 87738 90710 91108 93100=
07299,2008-02-01 06:00:00,5.8,1010,-1.8,79,2.4,16000,7.408,46.3,,220,-1.5,6.2,1,1,,1,1.4,0.2,-4,68,og-post,,,,AAXX 01064 07299 01666 72204 10058 20024 39771 40100 56018 60012 76876 875// 333 10062 21015 32104 55002 60017 70014 87636 90710 91125 93100 555 60015=
07299,2008-02-01 07:00:00,5.4,1010.1,-1.1,84,2.9,18000,3.704,18.52,,40,,,0.4,,,,,,,60,og-post,,,,AAXX 01074 07299 21568 70402 10054 20029 39771 40101 56011 76076 875// 333 69945 87630 90710 91110 93100=
07299,2008-02-01 08:00:00,6.9,1009.7,-0.4,77,3.2,18000,11.112,22.224,,200,,,,,,,,,,21,og-post,,,,AAXX 01084 07299 21568 72006 10069 20032 39769 40097 56004 72162 875// 333 69905 87630 90710 91112 93100=
07299,2008-02-01 09:00:00,8.2,1009.3,-0.5,74,3.8,30000,18.52,29.632,,220,,,0,0.4,,,,,,2,og-post,,,,AAXX 01094 07299 21580 82210 10082 20038 39767 40093 58005 70276 875// 333 69947 87632 90710 91116 93100 555 60005=
07299,2008-02-01 10:00:00,9.4,1008.8,-0.9,72,4.6,20000,22.224,50.004,,230,,,0,,,,,,,,og-post,,,,AAXX 01104 07299 26/70 /2312 10094 20046 39763 40088 58009 333 60005 90710 91127=
07299,2008-02-01 11:00:00,10.3,1007.7,-1.4,68,4.7,40000,22.224,50.004,,230,,,0,,,,,,,,og-post,,,,AAXX 01114 07299 22582 82312 10103 20047 39754 40077 58014 878// 333 60005 81826 87636 90710 91127 93100=
07299,2008-02-01 12:00:00,11.8,1006.3,-2.6,64,5.2,40000,25.928,53.708,,220,,,0,0,0.4,,,,,1,og-post,,,,AAXX 01124 07299 01582 82214 10118 20052 39742 40063 58026 69941 70176 878// 333 60007 81826 87643 90710 91129 93100 555 60005=
07299,2008-02-01 13:00:00,11.7,1005.6,-2.7,61,4.4,18000,35.188,61.116,57.412,240,,,0,,,,,,,15,og-post,,,,AAXX 01134 07299 21668 82419 10117 20044 39735 40056 56027 71522 875// 333 60005 87643 91031 90710 91133 93100=
07299,2008-02-01 14:00:00,11.8,1004.6,-2.9,59,4.1,20000,25.928,61.116,,230,,,0,,,,,,,,og-post,,,,AAXX 01144 07299 26/70 /2314 10118 20041 39725 40046 56029 333 60005 90710 91133=
07299,2008-02-01 15:00:00,11.8,1003.8,-2.2,58,3.8,40000,25.928,64.82,,220,,,0,0,,,,,,,og-post,,,,AAXX 01154 07299 22782 82214 10118 20038 39718 40038 58022 8452/ 333 60007 84650 88463 90710 91135 93100 555 60005=
07299,2008-02-01 16:00:00,11.7,1003.2,-2.3,55,3,40000,25.928,53.708,,230,,,0,,,,,,,,og-post,,,,AAXX 01164 07299 22782 82314 10117 20030 39712 40032 56023 8252/ 333 60005 82650 88461 90710 91129 93100=
07299,2008-02-01 17:00:00,11.8,1002.8,-1.6,53,2.5,40000,22.224,42.596,,230,,,0,,,,,,,,og-post,,,,AAXX 01174 07299 22782 82312 10118 20025 39708 40028 56016 8252/ 333 60005 81650 88461 90710 91123 93100=
07299,2008-02-01 18:00:00,12.4,1002.2,-1.4,50,2.3,40000,29.632,46.3,,220,5,12.5,0,0,,0.4,,,,,og-post,,,,AAXX 01184 07299 02782 82216 10124 20023 39703 40022 56014 69942 8152/ 333 10125 20050 60007 81650 88460 90710 91125 93100 555 60005=
07299,2008-02-01 19:00:00,12.7,1002.3,-0.8,50,2.6,30000,29.632,46.3,,230,,,0,,,,,,,,og-post,,,,AAXX 01194 07299 22780 82316 10127 20026 39704 40023 56008 8157/ 333 60005 81650 83357 88460 90710 91125 93100=
07299,2008-02-01 20:00:00,11.1,1002.9,0.1,61,3.9,15000,25.928,42.596,,210,,,,,,,,,,61,og-post,,,,AAXX 01204 07299 21765 82114 10111 20039 39708 40029 53001 76162 8557/ 333 69905 85650 87359 90710 91123 93100=
07299,2008-02-01 21:00:00,5.6,1006.2,3.1,87,3.6,10000,25.928,57.412,,290,,,1,1,,,,,,61,og-post,,,,AAXX 01214 07299 21460 82914 10056 20036 39734 40062 53031 76162 878// 333 60017 83817 87636 90710 91131 93100 555 60015=
07299,2008-02-01 22:00:00,5,1007.2,3.9,89,3.3,10000,18.52,42.596,,270,,,0.4,,,,,,,61,og-post,,,,AAXX 01224 07299 21460 82710 10050 20033 39743 40072 53039 76166 875// 333 69945 87616 90710 91123 93100=
07299,2008-02-01 23:00:00,4.1,1008.2,4.3,89,2.5,10000,18.52,35.188,,290,,,0.6,,,,,,,61,og-post,,,,AAXX 01234 07299 21460 82910 10041 20025 39751 40082 51043 76166 875// 333 69965 87617 90710 91119 93100=
07299,2008-02-02 00:00:00,2.8,1009.4,2.6,91,1.5,10000,18.52,38.892,,260,,,1,3,4,,,,,61,og-post,,,,AAXX 02004 07299 01460 72610 10028 20015 39761 40094 53026 60041 76162 875// 333 60037 82617 87635 90710 91121 93100 555 60015=
07299,2008-02-02 01:00:00,2.2,1010.3,2.7,91,0.9,18000,14.816,25.928,,250,,,0.4,,,,,,,,og-post,,,,AAXX 02014 07299 26/68 /2508 10022 20009 39769 40103 51027 333 69945 90710 91114=
07299,2008-02-02 02:00:00,2.2,1010.9,2.3,91,0.9,20000,18.52,31.484,,230,,,0.4,,,,,,,,og-post,,,,AAXX 02024 07299 26/70 /2310 10022 20009 39775 40109 51023 333 69945 90710 91117=
07299,2008-02-02 03:00:00,2.4,1011.5,1.9,90,0.9,15000,14.816,29.632,,240,,,,0.8,,,,,,2,og-post,,,,AAXX 02034 07299 21565 72408 10024 20009 39781 40115 51019 70262 875// 333 69987 87625 90710 91116 93100 555 69905=
07299,2008-02-02 04:00:00,2.4,1012.5,2.1,89,0.8,15000,11.112,22.224,,240,,,0,,,,,,,,og-post,,,,AAXX 02044 07299 22465 72406 10024 20008 39791 40125 53021 875// 333 60005 87618 90710 91112 93100=
07299,2008-02-02 05:00:00,2.6,1013.8,2.9,89,1,15000,18.52,25.928,,270,,,0,,,,,,,,og-post,,,,AAXX 02054 07299 22465 72710 10026 20010 39804 40138 53029 875// 333 60005 87614 90710 91114 93100=
07299,2008-02-02 06:00:00,2.6,1014.9,3.2,89,1,9000,18.52,31.484,,250,2.1,12.8,,,,4,4.6,0,2,68,og-post,,,,AAXX 02064 07299 01559 72510 10026 20010 39814 40149 51032 60042 76876 875// 333 10128 20021 32002 55000 69907 70046 84620 87645 90710 91117 93100 555 69905=
07299,2008-02-02 07:00:00,2.6,1015.9,3.3,89,1,15000,18.52,29.632,,250,,,,,,,,,,23,og-post,,,,AAXX 02074 07299 21565 72510 10026 20010 39824 40159 51033 72376 85802 333 69905 82820 85650 86073 90710 91116 93100=
07299,2008-02-02 08:00:00,2.3,1017.3,3.3,88,0.5,30000,18.52,35.188,,270,,,0,,,,,,,,og-post,,,,AAXX 02084 07299 22580 72710 10023 20005 39837 40173 53033 83832 333 60005 81820 90710 91119 93100=
07299,2008-02-02 09:00:00,2.4,1018.7,3.8,87,0.5,30000,22.224,35.188,,270,,,0,,,,,,,3,og-post,,,,AAXX 02094 07299 21480 52712 10024 20005 39851 40187 53038 70376 83830 333 69907 81816 83836 90710 91119 93100 555 60005=
07299,2008-02-02 10:00:00,4.5,1019.6,3.8,76,0.6,30000,22.224,35.188,,260,,,0,,,,,,,,og-post,,,,AAXX 02104 07299 22480 32612 10045 20006 39862 40196 51038 82830 333 60005 81816 90710 91119 93100=
07299,2008-02-02 11:00:00,5.1,1020.2,3.1,71,0.3,30000,25.928,35.188,,260,,,0,,,,,,,,og-post,,,,AAXX 02114 07299 22580 32614 10051 20003 39868 40202 51031 82830 333 60005 82820 90710 91119 93100=
07299,2008-02-02 12:00:00,5.6,1020.8,2.3,67,0,30000,18.52,31.484,,250,,,0,0,,,,,,1,og-post,,,,AAXX 02124 07299 01580 32510 10056 20000 39875 40208 51023 69901 70176 82830 333 60007 82829 90710 91117 93100 555 60005=
07299,2008-02-02 13:00:00,5.3,1021,1.3,64,-0.9,30000,14.816,31.484,,270,,,0,,,,,,,,og-post,,,,AAXX 02134 07299 22580 32708 10053 21009 39876 40210 51013 83230 333 60005 83829 90710 91117 93100=
07299,2008-02-02 14:00:00,6,1021.4,1.4,55,-2.3,30000,14.816,25.928,,260,,,0,,,,,,,,og-post,,,,AAXX 02144 07299 22680 32608 10060 21023 39881 40214 51014 83230 333 60005 83833 90710 91114 93100=
07299,2008-02-02 15:00:00,6,1022,1.2,56,-2.1,30000,11.112,22.224,,260,,,0,0,,,,,,,og-post,,,,AAXX 02154 07299 22680 22606 10060 21021 39887 40220 53012 82200 333 60007 82836 90710 91112 93100 555 60005=
07299,2008-02-02 16:00:00,4.9,1022.6,1.4,59,-2.4,30000,7.408,18.52,,260,,,0,,,,,,,,og-post,,,,AAXX 02164 07299 22680 22604 10049 21024 39891 40226 51014 82400 333 60005 82640 90710 91110 93100=
07299,2008-02-02 17:00:00,1.4,1023.5,1.4,75,-2.5,30000,7.408,11.112,,270,,,0,,,,,,,,og-post,,,,AAXX 02174 07299 22680 22704 10014 21025 39896 40235 52014 82400 333 60005 81640 90710 91106 93100=
07299,2008-02-02 18:00:00,0.1,1024.3,1.5,82,-2.6,30000,7.408,11.112,,180,0.1,6.2,0,0,,,,,,,og-post,,,,AAXX 02184 07299 02680 21804 10001 21026 39902 40243 53015 69902 82400 333 10062 20001 60007 81640 90710 91106 93100 555 60005=
07299,2008-02-02 19:00:00,-1.3,1024.9,1.5,86,-3.3,20000,3.704,7.408,,190,,,0,,,,,,,,og-post,,,,AAXX 02194 07299 22670 21902 11013 21033 39906 40249 51015 82400 333 60005 81640 90710 91104 93100=
07299,2008-02-02 20:00:00,-1.4,1024.9,0.9,89,-3,20000,3.704,11.112,,150,,,0,,,,,,,,og-post,,,,AAXX 02204 07299 22670 11502 11014 21030 39906 40249 50009 81400 333 60005 81640 90710 91106 93100=
07299,2008-02-02 21:00:00,-2.3,1024.8,0.2,92,-3.4,20000,3.704,7.408,,180,,,0,0,,,,,,,og-post,,,,AAXX 02214 07299 22970 01802 11023 21034 39904 40248 50002 333 60007 90710 91104 93100 555 60005=
07299,2008-02-02 22:00:00,-3,1024.8,-0.4,93,-4,15000,3.704,7.408,,120,,,0,,,,,,,,og-post,,,,AAXX 02224 07299 22965 01202 11030 21040 39903 40248 58004 333 60005 90710 91104 93100=
07299,2008-02-02 23:00:00,-4.5,1024.9,-0.3,92,-5.6,12000,3.704,7.408,,310,,,0,,,,,,,,og-post,,,,AAXX 02234 07299 22962 03102 11045 21056 39902 40249 56003 333 60005 90710 91104 93100=
07299,2008-02-03 00:00:00,-4.3,1024.4,-0.7,94,-5.1,12000,,7.408,,,,,0,0,,,,,,,og-post,,,,AAXX 03004 07299 02962 00000 11043 21051 39897 40244 58007 60001 333 60007 90710 91104 93100 555 60005=
07299,2008-02-03 01:00:00,-4.3,1023.8,-1.1,94,-5.1,600,,3.704,,,,,0,,,,,,,,og-post,,,,AAXX 03014 07299 26/06 /0000 11043 21051 39891 40238 58011 333 60005 90710 91102=
07299,2008-02-03 02:00:00,-4.9,1023.3,-1.6,94,-5.7,400,3.704,3.704,,300,,,0,,,,,,,,og-post,,,,AAXX 03024 07299 26/04 /3002 11049 21057 39886 40233 57016 333 60005 90710 91102=
07299,2008-02-03 03:00:00,-5.2,1022.6,-1.8,94,-6,12000,3.704,7.408,,190,,,0,0,,,,,,,og-post,,,,AAXX 03034 07299 22962 01902 11052 21060 39879 40226 58018 333 60007 90710 91104 93100 555 60005=
07299,2008-02-03 04:00:00,-5.4,1022.1,-1.7,94,-6.2,12000,,3.704,,,,,0,,,,,,,,og-post,,,,AAXX 03044 07299 22962 00000 11054 21062 39874 40221 56017 333 60005 90710 91102 93100=
07299,2008-02-03 05:00:00,-6,1021.7,-1.7,93,-6.9,7000,,3.704,,,,,0,,,,,,,,og-post,,,,AAXX 03054 07299 22957 00000 11060 21069 39869 40217 56017 333 60005 90710 91102 93100=
07299,2008-02-03 06:00:00,-5.8,1021.4,-1.2,93,-6.7,8000,,3.704,,,-6.2,0,0,0,,,0,6.1,-10,,og-post,,,,AAXX 03064 07299 02958 00000 11058 21067 39866 40214 56012 60002 333 10000 21062 34110 55061 60007 79999 90710 91102 93100 555 60005=
07299,2008-02-03 07:00:00,-6.1,1021.8,-0.4,92,-7.2,9000,,11.112,,,,,0,,,,,,,,og-post,,,,AAXX 03074 07299 22559 20000 11061 21072 39870 40218 55004 81101 333 60005 81820 90710 91106 93100=
07299,2008-02-03 08:00:00,-3,1021,-0.3,95,-3.7,10000,3.704,11.112,,130,,,0,,,,,,,,og-post,,,,AAXX 03084 07299 22460 31302 11030 21037 39866 40210 58003 81601 333 60005 81710 83073 90710 91106 93100=
07299,2008-02-03 09:00:00,0.2,1020.2,-0.4,84,-2.2,13000,18.52,25.928,,120,,,0,0,,,,,,,og-post,,,,AAXX 03094 07299 22/63 31210 10002 21022 39862 40202 58004 80001 333 60007 83073 90710 91114 93100 555 60005=
07299,2008-02-03 10:00:00,2.1,1019.6,-1.1,72,-2.4,14000,18.52,29.632,,120,,,0,,,,,,,,og-post,,,,AAXX 03104 07299 22/64 31210 10021 21024 39859 40196 56011 80001 333 60005 83073 90710 91116 93100=
07299,2008-02-03 11:00:00,3.6,1018.6,-1.5,63,-2.8,14000,14.816,29.632,,130,,,0,,,,,,,,og-post,,,,AAXX 03114 07299 22/64 31308 10036 21028 39851 40186 58015 80001 333 60005 83073 90710 91116 93100=
07299,2008-02-03 12:00:00,4.6,1017.3,-2.2,56,-3.4,15000,14.816,22.224,,100,,,0,0,,,,,,,og-post,,,,AAXX 03124 07299 02/65 31008 10046 21034 39840 40173 58022 60001 80001 333 60007 83073 90710 91112 93100 555 60005=
07299,2008-02-03 13:00:00,5.9,1016,-3,53,-2.9,20000,14.816,22.224,,110,,,0,,,,,,,,og-post,,,,AAXX 03134 07299 22/70 21108 10059 21029 39829 40160 58030 80001 333 60005 82073 90710 91112 93100=
07299,2008-02-03 14:00:00,6.9,1014.9,-3.3,49,-3.1,55000,11.112,25.928,,110,,,0,,,,,,,,og-post,,,,AAXX 03144 07299 22/85 31106 10069 21031 39819 40149 57033 80001 333 60005 83073 90710 91114 93100=
07299,2008-02-03 15:00:00,6.9,1014.1,-2.9,50,-2.8,55000,14.816,18.52,,110,,,0,0,,,,,,,og-post,,,,AAXX 03154 07299 22/85 41108 10069 21028 39811 40141 56029 80001 333 60007 84073 90710 91110 93100 555 60005=
07299,2008-02-03 16:00:00,5.9,1013.9,-2.1,50,-3.7,50000,7.408,14.816,,110,,,0,,,,,,,,og-post,,,,AAXX 03164 07299 22/84 51104 10059 21037 39808 40139 56021 80006 333 60005 85073 90710 91108 93100=
07299,2008-02-03 17:00:00,3.2,1014.3,-0.9,63,-3.1,45000,11.112,18.52,,110,,,0,,,,,,,,og-post,,,,AAXX 03174 07299 22/83 41106 10032 21031 39809 40143 55009 80001 333 60005 84073 90710 91110 93100=
07299,2008-02-03 18:00:00,1.7,1014.1,-0.7,68,-3.6,30000,11.112,18.52,,100,-6.5,7.3,0,0,,,,,,,og-post,,,,AAXX 03184 07299 02/80 11006 10017 21036 39805 40141 58007 60002 80001 333 10073 21065 60007 81073 90710 91110 93100 555 60005=
07299,2008-02-03 19:00:00,0.5,1013.8,-0.7,77,-3.1,20000,7.408,14.816,,150,,,0,,,,,,,,og-post,,,,AAXX 03194 07299 26/70 /1504 10005 21031 39801 40138 58007 333 60005 90710 91108=
07299,2008-02-03 20:00:00,0.6,1013.1,-1.4,77,-3,20000,14.816,14.816,,150,,,0,,,,,,,,og-post,,,,AAXX 03204 07299 22/70 41508 10006 21030 39794 40131 58014 80001 333 60005 84073 90710 91108 93100=
07299,2008-02-03 21:00:00,0.7,1012.3,-1.7,78,-2.7,20000,11.112,18.52,,160,,,0,0,,,,,,,og-post,,,,AAXX 03214 07299 22/70 41606 10007 21027 39787 40123 58017 80001 333 60007 84073 90710 91110 93100 555 60005=
07299,2008-02-03 22:00:00,0,1011.5,-2.3,83,-2.5,15000,11.112,18.52,,160,,,0,,,,,,,,og-post,,,,AAXX 03224 07299 22/65 41606 10000 21025 39778 40115 58023 80001 333 60005 84073 90710 91110 93100=
07299,2008-02-03 23:00:00,-0.2,1010.9,-2.3,84,-2.6,13000,11.112,14.816,,160,,,0,,,,,,,,og-post,,,,AAXX 03234 07299 22/63 51606 11002 21026 39772 40109 56023 80002 333 60005 85073 90710 91108 93100=
07299,2008-02-04 00:00:00,-0.3,1010.2,-2.1,84,-2.7,13000,11.112,18.52,,160,,,0,0,,,,,,,og-post,,,,AAXX 04004 07299 02/63 51606 11003 21027 39765 40102 56021 60001 80002 333 60007 85073 90710 91110 93100 555 60005=
07299,2008-02-04 01:00:00,-2,1009.8,-1.9,86,-4,10000,11.112,14.816,,120,,,0,,,,,,,,og-post,,,,AAXX 04014 07299 26/60 /1206 11020 21040 39759 40098 56019 333 60005 90710 91108=
07299,2008-02-04 02:00:00,-0.6,1008.1,-2.6,83,-3.1,16000,11.112,18.52,,130,,,0,,,,,,,,og-post,,,,AAXX 04024 07299 26/66 /1306 11006 21031 39744 40081 58026 333 60005 90710 91110=
07299,2008-02-04 03:00:00,-0.1,1006.5,-3.5,84,-2.5,15000,7.408,22.224,,120,,,0,0,,,,,,,og-post,,,,AAXX 04034 07299 22965 71204 11001 21025 39730 40065 58035 85032 333 60007 85361 87073 90710 91112 93100 555 60005=
07299,2008-02-04 04:00:00,0.3,1006.8,-2.6,83,-2.2,15000,11.112,22.224,,200,,,0,,,,,,,,og-post,,,,AAXX 04044 07299 22965 72006 10003 21022 39733 40068 55026 8503/ 333 60005 87360 90710 91112 93100=
07299,2008-02-04 05:00:00,0.8,1007.5,-0.6,81,-2.1,15000,11.112,18.52,,210,,,0,,,,,,,,og-post,,,,AAXX 04054 07299 22965 72106 10008 21021 39740 40075 55006 8507/ 333 60005 87359 90710 91110 93100=
07299,2008-02-04 06:00:00,1.1,1006.4,0,82,-1.6,15000,7.408,18.52,,190,-2,1.7,,,,,0,8.8,-4,21,og-post,,,,AAXX 04064 07299 01765 71904 10011 21016 39730 40064 50000 69902 72162 8557/ 333 10017 21020 31104 55088 69907 79999 85656 87357 90710 91110 93100 555 69905=
07299,2008-02-04 07:00:00,2,1007.1,0.5,74,-2.1,15000,11.112,22.224,,160,,,0,,,,,,,,og-post,,,,AAXX 04074 07299 22765 71606 10020 21021 39738 40071 53005 8557/ 333 60005 85656 87357 90710 91112 93100=
07299,2008-02-04 08:00:00,2.4,1007.9,0.9,74,-1.7,15000,7.408,42.596,,140,,,0,,,,,,,,og-post,,,,AAXX 04084 07299 22765 81404 10024 21017 39746 40079 53009 875// 333 60005 81650 87656 90710 91123 93100=
07299,2008-02-04 09:00:00,2.5,1008.8,2.5,78,-0.9,15000,11.112,18.52,,100,,,,,,,,,,60,og-post,,,,AAXX 04094 07299 21565 81006 10025 21009 39755 40088 53025 76062 878// 333 69907 81820 85642 87650 90710 91110 93100 555 69905=
07299,2008-02-04 10:00:00,2.8,1009.7,2.7,83,0.2,12000,,14.816,,,,,,,,,,,,21,og-post,,,,AAXX 04104 07299 21562 80000 10028 20002 39764 40097 52027 72162 878// 333 69905 81829 83639 87649 90710 91108 93100=
07299,2008-02-04 11:00:00,4.6,1010.2,2.5,79,1.3,12000,7.408,18.52,,110,,,0,,,,,,,,og-post,,,,AAXX 04114 07299 22562 81104 10046 20013 39771 40102 51025 878// 333 60005 81830 85650 87650 90710 91110 93100=
07299,2008-02-04 12:00:00,6.2,1010.2,1.8,78,2.7,12000,7.408,14.816,,120,,,0,,,,,,,3,og-post,,,,AAXX 04124 07299 01562 81204 10062 20027 39773 40102 51018 69901 70362 878// 333 69907 81830 87650 90710 91108 93100 555 60005=
07299,2008-02-04 13:00:00,6.9,1010.3,1.1,78,3.3,15000,11.112,18.52,,240,,,0,,,,,,,,og-post,,,,AAXX 04134 07299 22565 82406 10069 20033 39775 40103 51011 878// 333 60005 82826 83638 87650 90710 91110 93100=
07299,2008-02-04 14:00:00,6.6,1010.3,0.4,78,3,15000,11.112,18.52,,110,,,0,,,,,,,,og-post,,,,AAXX 04144 07299 22565 71106 10066 20030 39775 40103 51004 8481/ 333 60005 81826 84650 87458 90710 91110 93100=
07299,2008-02-04 15:00:00,6.9,1010.6,0.5,76,3,30000,14.816,22.224,,130,,,0,0,,,,,,,og-post,,,,AAXX 04154 07299 22580 71308 10069 20030 39778 40106 53005 8281/ 333 60007 81830 87458 90710 91112 93100 555 60005=
07299,2008-02-04 16:00:00,6.1,1011.8,1.3,79,2.7,20000,7.408,18.52,,130,,,0,,,,,,,,og-post,,,,AAXX 04164 07299 22670 71304 10061 20027 39788 40118 53013 8187/ 333 60005 81833 87359 90710 91110 93100=
07299,2008-02-04 17:00:00,5.3,1012.6,2,82,2.5,20000,,3.704,,,,,0,,,,,,,,og-post,,,,AAXX 04174 07299 22670 70000 10053 20025 39795 40126 53020 8187/ 333 60005 81833 87359 90710 91102 93100=
07299,2008-02-04 18:00:00,5.1,1014.8,3.8,81,2.1,20000,25.928,35.188,,270,1.1,7,,,,,,,,25,og-post,,,,AAXX 04184 07299 01570 72714 10051 20021 39816 40148 53038 69902 72586 8687/ 333 10070 20011 69907 82829 86640 87357 90710 91119 93100 555 69905=
07299,2008-02-04 19:00:00,4,1016.4,4.2,85,1.7,15000,7.408,35.188,,240,,,0,,,,,,,,og-post,,,,AAXX 04194 07299 22565 72404 10040 20017 39830 40164 53042 8587/ 333 60005 81823 85650 87361 90710 91119 93100=
07299,2008-02-04 20:00:00,4.4,1017.4,4.6,83,1.8,15000,18.52,31.484,,260,,,0,,,,,,,,og-post,,,,AAXX 04204 07299 22565 72610 10044 20018 39841 40174 51046 878// 333 60005 81823 87630 90710 91117 93100=
07299,2008-02-04 21:00:00,4,1018.4,3.4,85,1.7,20000,14.816,29.632,,250,,,,,,,,,,,og-post,,,,AAXX 04214 07299 26/70 /2508 10040 20017 39850 40184 51034 333 69907 90710 91116 555 69905=
07299,2008-02-04 22:00:00,4.2,1019.6,3.2,83,1.6,15000,7.408,18.52,,270,,,0,,,,,,,,og-post,,,,AAXX 04224 07299 22565 62704 10042 20016 39862 40196 52032 86800 333 60005 81820 85650 90710 91110 93100=
07299,2008-02-04 23:00:00,3.4,1020.5,2.8,85,1.1,15000,14.816,29.632,,240,,,0,,,,,,,,og-post,,,,AAXX 04234 07299 22565 52408 10034 20011 39869 40205 51028 85800 333 60005 81820 85650 90710 91116 93100=
07299,2008-02-05 00:00:00,3.6,1021.2,2.4,88,1.8,15000,11.112,22.224,,240,,,0.2,0.2,0.2,,,,,25,og-post,,,,AAXX 05004 07299 01565 72406 10036 20018 39876 40212 51024 69921 72586 878// 333 69927 81820 85636 85650 90710 91112 93100 555 69925=
07299,2008-02-05 01:00:00,2,1022.1,2.1,91,0.7,20000,,14.816,,,,,0,,,,,,,,og-post,,,,AAXX 05014 07299 26/70 /0000 10020 20007 39883 40221 53021 333 60005 90710 91108=
07299,2008-02-05 02:00:00,0.8,1022.1,1.3,93,-0.2,12000,,7.408,,,,,0,,,,,,,,og-post,,,,AAXX 05024 07299 26/62 /0000 10008 21002 39882 40221 50013 333 60005 90710 91104=
07299,2008-02-05 03:00:00,-0.3,1022.3,0.7,94,-1.1,15000,7.408,11.112,,190,,,0,0,,,,,,,og-post,,,,AAXX 05034 07299 22565 51904 11003 21011 39882 40223 51007 85800 333 60007 81820 85646 90710 91106 93100 555 60005=
07299,2008-02-05 04:00:00,0.6,1021.8,-0.5,94,-0.3,15000,11.112,14.816,,170,,,0,,,,,,,,og-post,,,,AAXX 05044 07299 22665 11706 10006 21003 39878 40218 58005 81500 333 60005 81633 90710 91108 93100=
07299,2008-02-05 05:00:00,0.7,1021.8,-0.3,92,-0.4,15000,11.112,14.816,,170,,,0,,,,,,,,og-post,,,,AAXX 05054 07299 22665 11706 10007 21004 39879 40218 55003 81500 333 60005 81640 90710 91108 93100=
07299,2008-02-05 06:00:00,-0.1,1022.2,-0.1,93,-1.1,15000,3.704,14.816,,160,-0.8,5,0,0,,0.2,0.2,0,-4,,og-post,,,,AAXX 05064 07299 02665 71602 11001 21011 39881 40222 55001 69922 81501 333 10050 21008 35104 55000 60007 70002 81640 87073 90710 91108 93100 555 60005=
07299,2008-02-05 07:00:00,-0.1,1022.8,0.9,93,-1.1,50000,11.112,14.816,,170,,,0,,,,,,,,og-post,,,,AAXX 05074 07299 22584 71706 11001 21011 39887 40228 53009 81842 333 60005 81830 87073 90710 91108 93100=
07299,2008-02-05 08:00:00,0.7,1022.8,0.8,93,-0.3,30000,11.112,14.816,,160,,,0,,,,,,,,og-post,,,,AAXX 05084 07299 22980 71606 10007 21003 39888 40228 52008 81046 333 60005 81362 87273 90710 91108 93100=
07299,2008-02-05 09:00:00,2.6,1022.5,0.7,91,1.3,25000,7.408,14.816,,180,,,0,0,,,,,,,og-post,,,,AAXX 05094 07299 22975 71804 10026 20013 39888 40225 51007 82042 333 60007 82358 87073 90710 91108 93100 555 60005=
07299,2008-02-05 10:00:00,4.9,1022.2,0.1,80,1.7,25000,14.816,22.224,,140,,,0,,,,,,,,og-post,,,,AAXX 05104 07299 22875 71408 10049 20017 39888 40222 52001 86072 333 60005 86357 87073 90710 91112 93100=
07299,2008-02-05 11:00:00,6.4,1022.3,0.2,73,1.9,25000,11.112,22.224,,130,,,0,,,,,,,,og-post,,,,AAXX 05114 07299 22875 71306 10064 20019 39890 40223 53002 8707/ 333 60005 87357 90710 91112 93100=
07299,2008-02-05 12:00:00,8.1,1021.7,-0.2,65,1.9,18000,11.112,18.52,,120,,,0,0,,,,,,,og-post,,,,AAXX 05124 07299 02768 71206 10081 20019 39886 40217 58002 60001 8257/ 333 60007 82650 84357 87459 90710 91110 93100 555 60005=
07299,2008-02-05 13:00:00,8.3,1021.3,-0.5,64,1.9,18000,18.52,25.928,,130,,,,,,,,,,61,og-post,,,,AAXX 05134 07299 21668 71310 10083 20019 39883 40213 58005 76162 8652/ 333 69905 86643 87458 90710 91114 93100=
07299,2008-02-05 14:00:00,8.5,1021.2,-0.8,65,2.3,16000,14.816,22.224,,130,,,,,,,,,,60,og-post,,,,AAXX 05144 07299 21666 71308 10085 20023 39882 40212 56008 76062 875// 333 69905 87638 90710 91112 93100=
07299,2008-02-05 15:00:00,8.6,1021.2,-0.4,65,2.4,16000,11.112,18.52,,130,,,0.2,0.2,,,,,,60,og-post,,,,AAXX 05154 07299 21666 71306 10086 20024 39882 40212 56004 76062 8652/ 333 69927 86643 87458 90710 91110 93100 555 69925=
07299,2008-02-05 16:00:00,8.2,1021.5,0.3,75,4,16000,3.704,14.816,,160,,,,,,,,,,21,og-post,,,,AAXX 05164 07299 21666 71602 10082 20040 39885 40215 53003 72162 875// 333 69905 87636 90710 91108 93100=
07299,2008-02-05 17:00:00,6.9,1021.9,0.4,80,3.7,16000,7.408,14.816,,120,,,,,,,,,,60,og-post,,,,AAXX 05174 07299 21666 71204 10069 20037 39887 40219 53004 76062 875// 333 69905 83638 87656 90710 91108 93100=
07299,2008-02-05 18:00:00,6.3,1022.3,0.9,82,3.5,16000,7.408,11.112,,140,-0.7,8.8,,,,0.2,,,,21,og-post,,,,AAXX 05184 07299 01666 71404 10063 20035 39890 40223 52009 69922 72162 875// 333 10088 21007 69907 82638 87650 90710 91106 93100 555 69905=
07299,2008-02-05 19:00:00,6.1,1022.3,0.5,84,3.6,16000,11.112,14.816,,150,,,,,,,,,,21,og-post,,,,AAXX 05194 07299 21666 71506 10061 20036 39890 40223 51005 72162 875// 333 69905 81636 87646 90710 91108 93100=
07299,2008-02-05 20:00:00,6.3,1022.2,0.3,84,3.8,16000,7.408,18.52,,170,,,0,,,,,,,,og-post,,,,AAXX 05204 07299 22666 71704 10063 20038 39889 40222 50003 875// 333 60005 85646 87656 90710 91110 93100=
07299,2008-02-05 21:00:00,8,1021.7,-0.3,79,4.6,13000,11.112,25.928,,160,,,0,,,,,,,3,og-post,,,,AAXX 05214 07299 21663 71606 10080 20046 39887 40217 58003 70362 875// 333 69907 87646 90710 91114 93100 555 60005=
07299,2008-02-05 22:00:00,9.8,1021.5,-0.3,71,4.8,13000,11.112,22.224,,210,,,0,,,,,,,,og-post,,,,AAXX 05224 07299 22763 62106 10098 20048 39887 40215 56003 86500 333 60005 86650 90710 91112 93100=
07299,2008-02-05 23:00:00,11.2,1021.2,-0.4,66,5.1,13000,11.112,22.224,,200,,,0,,,,,,,,og-post,,,,AAXX 05234 07299 22763 72006 10112 20051 39885 40212 56004 875// 333 60005 87656 90710 91112 93100=
07299,2008-02-06 00:00:00,12,1021,-0.3,64,5.4,13000,18.52,42.596,,220,,,0,0,,,,,,3,og-post,,,,AAXX 06004 07299 01763 72210 10120 20054 39884 40210 57003 69901 70362 875// 333 60007 87650 90710 91123 93100 555 60005=
07299,2008-02-06 01:00:00,11.8,1020.6,-0.6,62,4.8,20000,14.816,42.596,,190,,,0,,,,,,,,og-post,,,,AAXX 06014 07299 26/70 /1908 10118 20048 39880 40206 58006 333 60005 90710 91123=
07299,2008-02-06 02:00:00,12.3,1020.8,-0.2,62,5.2,20000,22.224,38.892,,240,,,0,,,,,,,,og-post,,,,AAXX 06024 07299 26/70 /2412 10123 20052 39883 40208 55002 333 60005 90710 91121=
07299,2008-02-06 03:00:00,10.3,1021.1,-0,79,6.8,15000,14.816,53.708,,230,,,1,1,,,,,,61,og-post,,,,AAXX 06034 07299 21665 72308 10103 20068 39884 40211 55000 76162 877// 333 60017 87647 90710 91129 93100 555 60015=
07299,2008-02-06 04:00:00,10.3,1021.7,0.8,78,6.6,15000,18.52,31.484,,230,,,0.4,,,,,,,61,og-post,,,,AAXX 06044 07299 21765 72310 10103 20066 39889 40217 53008 76166 877// 333 69945 87650 90710 91117 93100=
07299,2008-02-06 05:00:00,10,1021.9,0.7,79,6.5,15000,25.928,46.3,,240,,,0.2,,,,,,,61,og-post,,,,AAXX 06054 07299 21665 72414 10100 20065 39891 40219 52007 76162 877// 333 69925 85646 86656 90710 91125 93100=
07299,2008-02-06 06:00:00,9.8,1022,0.9,79,6.3,15000,25.928,50.004,,240,6,12.9,,0.6,,2,1.8,1.5,5,21,og-post,,,,AAXX 06064 07299 01665 52414 10098 20063 39892 40220 51009 60022 72162 83530 333 10129 20060 32005 55015 69967 70018 83646 84357 90710 91127 93100 555 69905=
07299,2008-02-06 07:00:00,9.8,1022.6,0.8,77,6,18000,35.188,53.708,,250,,,0.2,,,,,,,25,og-post,,,,AAXX 06074 07299 21568 62519 10098 20060 39897 40226 53008 72586 84830 333 69925 81826 85640 90710 91129 93100=
07299,2008-02-06 08:00:00,9.5,1023.1,1.1,83,6.8,18000,31.484,57.412,53.708,240,,,0.4,,,,,,,25,og-post,,,,AAXX 06084 07299 21568 62417 10095 20068 39902 40231 53011 72586 85830 333 69945 82826 84643 91029 90710 91131 93100=
07299,2008-02-06 09:00:00,11,1023.6,1.7,79,7.5,20000,35.188,61.116,61.116,250,,,,0.6,,,,,,80,og-post,,,,AAXX 06094 07299 21570 52519 10110 20075 39909 40236 53017 78086 84830 333 69967 82826 83643 91033 90710 91133 93100 555 69905=
07299,2008-02-06 10:00:00,11.8,1024.3,2,73,7.1,15000,35.188,68.524,,250,,,,,,,,,,25,og-post,,,,AAXX 06104 07299 21565 62519 10118 20071 39916 40243 51020 72586 85830 333 69905 82826 84640 81946 90710 91137 93100=
07299,2008-02-06 11:00:00,12.1,1025.6,2.4,69,6.6,15000,29.632,61.116,,260,,,0,,,,,,,,og-post,,,,AAXX 06114 07299 22565 52616 10121 20066 39929 40256 53024 84830 333 60005 82826 83640 90710 91133 93100=
07299,2008-02-06 12:00:00,12.2,1026,2.1,69,6.7,25000,29.632,57.412,,270,,,0,,0.6,,,,,3,og-post,,,,AAXX 06124 07299 01575 62716 10122 20067 39933 40260 51021 69961 70386 86800 333 69907 82832 83643 85650 90710 91131 93100 555 60005=
07299,2008-02-06 13:00:00,12.1,1025.7,1.4,66,5.9,20000,35.188,57.412,57.412,260,,,0,,,,,,,,og-post,,,,AAXX 06134 07299 22570 62619 10121 20059 39930 40257 50014 86800 333 60005 82826 83636 85650 91031 90710 91131 93100=
07299,2008-02-06 14:00:00,11.2,1026.8,1.2,69,5.7,18000,25.928,53.708,,270,,,0,,,,,,,,og-post,,,,AAXX 06144 07299 22568 72714 10112 20057 39940 40268 53012 84802 333 60005 81823 83636 90710 91129 93100=
07299,2008-02-06 15:00:00,11.5,1027.6,1.5,64,4.9,18000,14.816,38.892,,260,,,0,0,,,,,,,og-post,,,,AAXX 06154 07299 22568 72608 10115 20049 39948 40276 53015 84832 333 60007 81826 83636 87075 90710 91121 93100 555 60005=
07299,2008-02-06 16:00:00,11,1028.3,2.2,68,5.3,15000,11.112,18.52,,250,,,0,,,,,,,,og-post,,,,AAXX 06164 07299 22565 72506 10110 20053 39954 40283 51022 878// 333 60005 81826 83636 87650 90710 91110 93100=
07299,2008-02-06 17:00:00,9.6,1029.8,2.7,70,4.4,15000,11.112,29.632,,300,,,0,,,,,,,,og-post,,,,AAXX 06174 07299 22565 73006 10096 20044 39967 40298 53027 83872 333 60005 81830 83646 85358 90710 91116 93100=
07299,2008-02-06 18:00:00,8.5,1031.4,3.2,72,3.8,20000,11.112,31.484,,340,8.5,12.7,0,0,,0.6,,,,,og-post,,,,AAXX 06184 07299 02670 73406 10085 20038 39981 40314 53032 69962 8383/ 333 10127 20085 60007 81833 83646 87359 90710 91117 93100 555 60005=
07299,2008-02-06 19:00:00,6.1,1032.5,3.5,82,3.3,25000,7.408,18.52,,310,,,0,,,,,,,,og-post,,,,AAXX 06194 07299 22675 63104 10061 20033 39989 40325 51035 82830 333 60005 81833 85360 90710 91110 93100=
07299,2008-02-06 20:00:00,7.4,1033.2,3,74,3.1,20000,22.224,38.892,,320,,,,,,,,,,25,og-post,,,,AAXX 06204 07299 21670 73212 10074 20031 39997 40332 51030 72586 8786/ 333 69905 81833 83646 85359 90710 91121 93100=
07299,2008-02-06 21:00:00,5.6,1034.4,2.5,79,2.3,20000,7.408,31.484,,310,,,,,,,,,,25,og-post,,,,AAXX 06214 07299 21670 23104 10056 20023 30006 40344 53025 72586 81460 333 69907 81640 90710 91117 93100 555 69905=
07299,2008-02-06 22:00:00,5,1035,2.3,83,2.4,20000,3.704,14.816,,80,,,0,,,,,,,,og-post,,,,AAXX 06224 07299 22670 50802 10050 20024 30012 40350 51023 81460 333 60005 81640 85358 90710 91108 93100=
07299,2008-02-06 23:00:00,3.6,1035.6,2,87,1.6,20000,3.704,11.112,,90,,,0,,,,,,,,og-post,,,,AAXX 06234 07299 22970 20902 10036 20016 30016 40356 51020 82060 333 60005 82358 90710 91106 93100=
07299,2008-02-07 00:00:00,2.7,1036.1,1.2,88,0.9,20000,3.704,11.112,,260,,,0,0,,,,,,2,og-post,,,,AAXX 07004 07299 01970 22602 10027 20009 30019 40361 51012 69901 70286 82060 333 60007 82358 90710 91106 93100 555 60005=
07299,2008-02-07 01:00:00,1.4,1036.6,1.1,93,0.4,19000,,7.408,,,,,0,,,,,,,,og-post,,,,AAXX 07014 07299 26/69 /0000 10014 20004 30023 40366 51011 333 60005 90710 91104=
07299,2008-02-07 02:00:00,0.5,1037.4,1.2,93,-0.5,,3.704,7.408,,130,,,0,,,,,,,,og-post,,,,AAXX 07024 07299 22/// /1302 10005 21005 30029 40374 53012 333 60005 90710 91104=
07299,2008-02-07 03:00:00,0.6,1037.5,1.2,94,-0.3,15000,,7.408,,,,,0,0,,,,,,,og-post,,,,AAXX 07034 07299 22965 50000 10006 21003 30030 40375 51012 85030 333 60007 85358 90710 91104 93100 555 60005=
07299,2008-02-07 04:00:00,0.6,1037.9,1,95,-0.1,15000,3.704,7.408,,130,,,0,,,,,,,,og-post,,,,AAXX 07044 07299 22665 71302 10006 21001 30034 40379 51010 8553/ 333 60005 85643 86358 90710 91104 93100=
07299,2008-02-07 05:00:00,0.7,1038.3,1,95,0,15000,,3.704,,,,,0,,,,,,,,og-post,,,,AAXX 07054 07299 22665 70000 10007 20000 30038 40383 53010 875// 333 60005 87648 90710 91102 93100=
07299,2008-02-07 06:00:00,0.1,1038.6,0.9,95,-0.6,15000,3.704,7.408,,230,-0.1,8.5,0,0,,,0.6,4.5,-4,,og-post,,,,AAXX 07064 07299 02765 12302 10001 21006 30040 40386 51009 69902 81500 333 10085 21001 30104 55045 60007 70006 81650 90710 91104 93100 555 60005=
07299,2008-02-07 07:00:00,-0.5,1039.1,1,96,-1.1,15000,,7.408,,,,,0,,,,,,,11,og-post,,,,AAXX 07074 07299 21765 10000 11005 21011 30044 40391 52010 71100 81500 333 60005 81650 90710 91104 93100=
07299,2008-02-07 08:00:00,1.2,1039.1,0.8,96,0.6,15000,3.704,7.408,,140,,,0,,,,,,,,og-post,,,,AAXX 07084 07299 22965 01402 10012 20006 30046 40391 53008 333 60005 90710 91104 93100=
07299,2008-02-07 09:00:00,4.1,1038.8,0.7,89,2.5,15000,3.704,7.408,,70,,,0,0,,,,,,,og-post,,,,AAXX 07094 07299 22965 00702 10041 20025 30047 40388 51007 333 60007 90710 91104 93100 555 60005=
07299,2008-02-07 10:00:00,6.4,1038.6,0.5,79,3,15000,3.704,11.112,,80,,,0,,,,,,,,og-post,,,,AAXX 07104 07299 22665 10802 10064 20030 30048 40386 51005 81100 333 60005 81840 90710 91106 93100=
07299,2008-02-07 11:00:00,7.8,1038.5,0.2,74,3.5,15000,7.408,14.816,,340,,,0,,,,,,,,og-post,,,,AAXX 07114 07299 22665 13404 10078 20035 30049 40385 50002 81100 333 60005 81840 90710 91108 93100=
07299,2008-02-07 12:00:00,8.6,1037.9,-0.3,69,3.2,20000,11.112,18.52,,360,,,0,0,,,,,,,og-post,,,,AAXX 07124 07299 02670 13606 10086 20032 30044 40379 58003 60001 81100 333 60007 81845 90710 91110 93100 555 60005=
07299,2008-02-07 13:00:00,9.4,1037.2,-1.1,66,3.4,20000,7.408,18.52,,360,,,0,,,,,,,,og-post,,,,AAXX 07134 07299 22770 13604 10094 20034 30038 40372 58011 81100 333 60005 81850 90710 91110 93100=
07299,2008-02-07 14:00:00,9.8,1036.9,-1.1,64,3.3,20000,11.112,18.52,,350,,,0,,,,,,,,og-post,,,,AAXX 07144 07299 22770 33506 10098 20033 30036 40369 56011 81101 333 60005 81850 83075 90710 91110 93100=
07299,2008-02-07 15:00:00,9.6,1037.3,-0.5,64,3.1,20000,14.816,25.928,,350,,,0,0,,,,,,,og-post,,,,AAXX 07154 07299 22770 33508 10096 20031 30039 40373 55005 81101 333 60007 81850 83075 90710 91114 93100 555 60005=
07299,2008-02-07 16:00:00,8.4,1037.3,-0,69,3.1,20000,11.112,22.224,,350,,,0,,,,,,,,og-post,,,,AAXX 07164 07299 22/70 13506 10084 20031 30038 40373 54000 80001 333 60005 81075 90710 91112 93100=
07299,2008-02-07 17:00:00,5.4,1038,0.4,81,2.4,30000,7.408,14.816,,320,,,0,,,,,,,,og-post,,,,AAXX 07174 07299 22/80 13204 10054 20024 30041 40380 53004 80001 333 60005 81075 90710 91108 93100=
07299,2008-02-07 18:00:00,3.9,1038.4,0.5,86,1.8,30000,7.408,11.112,,320,-0.7,10,0,0,,,,,,,og-post,,,,AAXX 07184 07299 02/80 13204 10039 20018 30043 40384 53005 60002 80001 333 10100 21007 60007 81075 90710 91106 93100 555 60005=
07299,2008-02-07 19:00:00,2.6,1039,0.9,86,0.5,20000,7.408,11.112,,340,,,0,,,,,,,,og-post,,,,AAXX 07194 07299 22/70 13404 10026 20005 30047 40390 53009 80001 333 60005 81075 90710 91106 93100=
07299,2008-02-07 20:00:00,1.1,1039.4,0.8,92,-0.1,18000,7.408,11.112,,320,,,0,,,,,,,,og-post,,,,AAXX 07204 07299 22/68 13204 10011 21001 30049 40394 52008 80001 333 60005 81075 90710 91106 93100=
07299,2008-02-07 21:00:00,0.3,1039.7,0.8,94,-0.5,17000,3.704,11.112,,310,,,0,0,,,,,,,og-post,,,,AAXX 07214 07299 22967 03102 10003 21005 30051 40397 51008 333 60007 90710 91106 93100 555 60005=
07299,2008-02-07 22:00:00,0.1,1039.8,0.5,94,-0.7,16000,3.704,7.408,,330,,,0,,,,,,,,og-post,,,,AAXX 07224 07299 22966 03302 10001 21007 30052 40398 51005 333 60005 90710 91104 93100=
07299,2008-02-07 23:00:00,-1.2,1039.8,0.1,93,-2.2,12000,,3.704,,,,,0,,,,,,,,og-post,,,,AAXX 07234 07299 22962 00000 11012 21022 30050 40398 50001 333 60005 90710 91102 93100=
07299,2008-02-08 00:00:00,-2.1,1040.1,0.1,94,-2.9,3000,3.704,7.408,,300,,,0,0,,,,,,10,og-post,,,,AAXX 08004 07299 01930 03002 11021 21029 30052 40401 53001 60001 71000 333 60007 90710 91104 93100 555 60005=
07299,2008-02-08 01:00:00,-1.8,1039.8,-0.3,95,-2.5,2700,3.704,7.408,,200,,,0,,,,,,,,og-post,,,,AAXX 08014 07299 26/27 /2002 11018 21025 30049 40398 58003 333 60005 90710 91104=
07299,2008-02-08 02:00:00,-2.8,1039.6,-0.4,95,-3.5,800,3.704,7.408,,230,,,0,,,,,,,,og-post,,,,AAXX 08024 07299 26/08 /2302 11028 21035 30046 40396 58004 333 60005 90710 91104=
07299,2008-02-08 03:00:00,-2.9,1039.1,-1.1,95,-3.6,3300,3.704,3.704,,190,,,0,0,,,,,,,og-post,,,,AAXX 08034 07299 26/33 /1902 11029 21036 30041 40391 58011 333 60007 90710 91102 555 60005=
07299,2008-02-08 04:00:00,-3.2,1039.1,-0.8,95,-3.9,1000,3.704,3.704,,130,,,0,,,,,,,11,og-post,,,,AAXX 08044 07299 21010 11302 11032 21039 30041 40391 56008 71100 81600 333 60005 81701 90710 91102 93100=
07299,2008-02-08 05:00:00,-3.6,1039.2,-0.5,95,-4.3,500,3.704,7.408,,300,,,0,,,,,,,41,og-post,,,,AAXX 08054 07299 21005 43002 11036 21043 30041 40392 56005 74141 84600 333 60005 84701 90710 91104 93100=
07299,2008-02-08 06:00:00,-4.4,1039.4,0.1,95,-5.1,700,,3.704,,,-4.4,3.8,0,0,,,0,9.2,-8,41,og-post,,,,AAXX 08064 07299 01007 30000 11044 21051 30042 40394 53001 60002 74141 83600 333 10038 21044 34108 55092 60007 70000 83701 90710 91102 93100 555 60005=
07299,2008-02-08 07:00:00,-3.8,1039.2,-0.1,95,-4.5,800,,3.704,,,,,0,,,,,,,41,og-post,,,,AAXX 08074 07299 21008 20000 11038 21045 30041 40392 58001 74140 82600 333 60005 82701 90710 91102 93100=
07299,2008-02-08 08:00:00,-2.5,1039,-0,95,-3.2,300,7.408,11.112,,340,,,0,,,,,,,41,og-post,,,,AAXX 08084 07299 21003 23404 11025 21032 30041 40390 54000 74144 82600 333 60005 82701 90710 91106 93100=
07299,2008-02-08 09:00:00,0.3,1038.8,-0,96,-0.3,4000,,7.408,,,,,0,0,,,,,,28,og-post,,,,AAXX 08094 07299 21040 10000 10003 21003 30042 40388 55000 72840 81600 333 60007 81701 90710 91104 93100 555 60005=
07299,2008-02-08 10:00:00,1.9,1038.5,0.2,96,1.3,9000,7.408,11.112,,330,,,0,,,,,,,,og-post,,,,AAXX 08104 07299 22/59 13304 10019 20013 30042 40385 51002 80001 333 60005 81073 90710 91106 93100=
07299,2008-02-08 11:00:00,4.7,1037.7,-0.4,86,2.6,35000,7.408,14.816,,310,,,0,,,,,,,,og-post,,,,AAXX 08114 07299 22/81 13104 10047 20026 30037 40377 58004 80001 333 60005 81073 90710 91108 93100=
07299,2008-02-08 12:00:00,7.5,1036.4,-1.5,68,2,40000,11.112,25.928,,320,,,0,0,,,,,,2,og-post,,,,AAXX 08124 07299 01/82 13206 10075 20020 30028 40364 58015 60001 70240 80001 333 60007 81073 90710 91114 93100 555 60005=
07299,2008-02-08 13:00:00,8.3,1035.5,-2.2,49,-1.8,45000,11.112,18.52,,10,,,0,,,,,,,,og-post,,,,AAXX 08134 07299 22/83 10106 10083 21018 30020 40355 58022 80002 333 60005 81073 90710 91110 93100=
07299,2008-02-08 14:00:00,9.1,1034.7,-2.4,49,-1,45000,14.816,18.52,,360,,,0,,,,,,,,og-post,,,,AAXX 08144 07299 22/83 13608 10091 21010 30013 40347 56024 80002 333 60005 81073 90710 91110 93100=
07299,2008-02-08 15:00:00,8.6,1034.6,-1.6,54,-0.2,40000,14.816,22.224,,360,,,0,0,,,,,,,og-post,,,,AAXX 08154 07299 22/82 13608 10086 21002 30012 40346 56016 80001 333 60007 81073 90710 91112 93100 555 60005=
07299,2008-02-08 16:00:00,7.1,1034.7,-0.9,63,0.5,35000,11.112,22.224,,340,,,0,,,,,,,,og-post,,,,AAXX 08164 07299 22/81 13406 10071 20005 30011 40347 56009 80001 333 60005 81073 90710 91112 93100=
07299,2008-02-08 17:00:00,3.6,1035.2,-0.1,76,-0.2,30000,11.112,18.52,,340,,,0,,,,,,,,og-post,,,,AAXX 08174 07299 22/80 13406 10036 21002 30012 40352 55001 80001 333 60005 81073 90710 91110 93100=
07299,2008-02-08 18:00:00,3.6,1035.7,0.5,76,-0.2,20000,3.704,14.816,,280,-4.5,9.2,0,0,,,,,,,og-post,,,,AAXX 08184 07299 02/70 12802 10036 21002 30016 40357 53005 60002 80001 333 10092 21045 60007 81073 90710 91108 93100 555 60005=
07299,2008-02-08 19:00:00,1.3,1035.8,0.4,89,-0.3,17000,3.704,14.816,,260,,,0,,,,,,,,og-post,,,,AAXX 08194 07299 22/67 12602 10013 21003 30015 40358 50004 80001 333 60005 81073 90710 91108 93100=
07299,2008-02-08 20:00:00,-0.2,1035.9,0.2,90,-1.6,15000,3.704,11.112,,250,,,0,,,,,,,,og-post,,,,AAXX 08204 07299 22/65 12502 11002 21016 30014 40359 51002 80001 333 60005 81073 90710 91106 93100=
07299,2008-02-08 21:00:00,-0.4,1035.8,-0.4,93,-1.4,10000,,7.408,,,,,0,0,,,,,,,og-post,,,,AAXX 08214 07299 22/60 10000 11004 21014 30012 40358 57004 80001 333 60007 81073 90710 91104 93100 555 60005=
07299,2008-02-08 22:00:00,-1.8,1035.6,-0.5,93,-2.8,7000,3.704,3.704,,260,,,0,,,,,,,,og-post,,,,AAXX 08224 07299 22957 02602 11018 21028 30009 40356 58005 333 60005 90710 91102 93100=
07299,2008-02-08 23:00:00,-2.1,1035.5,-0.7,94,-2.9,7000,,3.704,,,,,0,,,,,,,,og-post,,,,AAXX 08234 07299 22957 00000 11021 21029 30007 40355 57007 333 60005 90710 91102 93100=
07299,2008-02-09 00:00:00,-2.6,1035.5,-0.5,94,-3.4,4500,3.704,3.704,,320,,,0,0,,,,,,10,og-post,,,,AAXX 09004 07299 01945 03202 11026 21034 30007 40355 56005 60001 71000 333 60007 90710 91102 93100 555 60005=
07299,2008-02-09 01:00:00,-3.5,1035.5,-0.3,95,-4.2,2900,,7.408,,,,,0,,,,,,,,og-post,,,,AAXX 09014 07299 26/29 /0000 11035 21042 30006 40355 56003 333 60005 90710 91104=
07299,2008-02-09 02:00:00,-3.6,1035.5,-0.2,95,-4.3,4600,,3.704,,,,,0,,,,,,,,og-post,,,,AAXX 09024 07299 26/46 /0000 11036 21043 30005 40355 58002 333 60005 90710 91102=
07299,2008-02-09 03:00:00,-3,1035.4,-0.2,95,-3.7,3000,,3.704,,,,,0,0,,,,,,11,og-post,,,,AAXX 09034 07299 21930 00000 11030 21037 30005 40354 56002 71100 333 60007 90710 91102 93100 555 60005=
07299,2008-02-09 04:00:00,-4.1,1035.7,0.1,95,-4.8,2500,3.704,7.408,,250,,,0,,,,,,,11,og-post,,,,AAXX 09044 07299 21925 02502 11041 21048 30007 40357 53001 71100 333 60005 90710 91104 93100=
07299,2008-02-09 05:00:00,-3.4,1035.9,0.5,95,-4.1,4500,3.704,3.704,,180,,,0,,,,,,,10,og-post,,,,AAXX 09054 07299 21945 01802 11034 21041 30010 40359 53005 71000 333 60005 90710 91102 93100=
07299,2008-02-09 06:00:00,-3.2,1036,0.7,95,-3.9,5000,3.704,3.704,,170,-4.3,3.1,0,0,,,0,8.9,-8,,og-post,,,,AAXX 09064 07299 02950 01702 11032 21039 30011 40360 52007 60002 333 10031 21043 34108 55089 60007 70000 90710 91102 93100 555 60005=
07299,2008-02-09 07:00:00,-4.9,1036.5,0.6,94,-5.7,7000,3.704,7.408,,310,,,0,,,,,,,,og-post,,,,AAXX 09074 07299 22957 03102 11049 21057 30013 40365 51006 333 60005 90710 91104 93100=
07299,2008-02-09 08:00:00,-1.5,1036.3,0.6,96,-2.1,9000,,3.704,,,,,0,,,,,,,,og-post,,,,AAXX 09084 07299 22959 00000 11015 21021 30016 40363 53006 333 60005 90710 91102 93100=
07299,2008-02-09 09:00:00,0.3,1036.2,0.5,96,-0.3,13000,,3.704,,,,,0,0,,,,,,,og-post,,,,AAXX 09094 07299 22963 00000 10003 21003 30017 40362 52005 333 60007 90710 91102 93100 555 60005=
07299,2008-02-09 10:00:00,2.4,1035.7,0.2,85,0.1,20000,7.408,11.112,,320,,,0,,,,,,,,og-post,,,,AAXX 09104 07299 22/70 13204 10024 20001 30015 40357 50002 80001 333 60005 81076 90710 91106 93100=
07299,2008-02-09 11:00:00,5.8,1035,-0.5,61,-1.1,30000,3.704,11.112,,20,,,0,,,,,,,,og-post,,,,AAXX 09114 07299 22980 00202 10058 21011 30012 40350 58005 333 60005 90710 91106 93100=
07299,2008-02-09 12:00:00,8,1033.9,-1.3,43,-3.8,35000,7.408,14.816,,350,,,0,0,,,,,,,og-post,,,,AAXX 09124 07299 02981 03504 10080 21038 30004 40339 58013 60001 333 60007 90710 91108 93100 555 60005=
07299,2008-02-09 13:00:00,9,1033.4,-1.6,38,-4.5,20000,11.112,14.816,,10,,,0,,,,,,,,og-post,,,,AAXX 09134 07299 26/70 /0106 10090 21045 30000 40334 58016 333 60005 90710 91108=
07299,2008-02-09 14:00:00,9.8,1032.9,-1.4,39,-3.5,40000,11.112,18.52,,10,,,0,,,,,,,,og-post,,,,AAXX 09144 07299 22/82 10106 10098 21035 39997 40329 56014 80001 333 60005 81076 90710 91110 93100=
07299,2008-02-09 15:00:00,9.3,1032.9,-0.8,39,-3.9,40000,11.112,22.224,,360,,,0,0,,,,,,,og-post,,,,AAXX 09154 07299 22/82 13606 10093 21039 39996 40329 56008 80001 333 60007 81076 90710 91112 93100 555 60005=
07299,2008-02-09 17:00:00,3.9,1033.9,0.2,64,-2.3,25000,11.112,18.52,,340,,,0,,,,,,,,og-post,,,,AAXX 09174 07299 22/75 23406 10039 21023 39999 40339 53002 80001 333 60005 82076 90710 91110 93100=
07299,2008-02-09 18:00:00,2.7,1034.1,0.4,76,-1.1,16000,7.408,14.816,,320,-5,9.8,0,0,,,,,,,og-post,,,,AAXX 09184 07299 02/66 23204 10027 21011 30000 40341 52004 60002 80001 333 10098 21050 60007 82076 90710 91108 93100 555 60005=
07299,2008-02-09 19:00:00,1.7,1034.4,0.6,82,-1,10000,,11.112,,,,,0,,,,,,,,og-post,,,,AAXX 09194 07299 22/60 10000 10017 21010 30002 40344 51006 80001 333 60005 81076 90710 91106 93100=
07299,2008-02-09 20:00:00,-0.5,1034.7,0.2,87,-2.4,10000,,7.408,,,,,0,,,,,,,,og-post,,,,AAXX 09204 07299 22960 00000 11005 21024 30002 40347 52002 333 60005 90710 91104 93100=
07299,2008-02-09 21:00:00,-1.1,1034.9,0.3,91,-2.4,10000,,3.704,,,,,0,0,,,,,,,og-post,,,,AAXX 09214 07299 22960 00000 11011 21024 30003 40349 51003 333 60007 90710 91102 93100 555 60005=
07299,2008-02-09 22:00:00,-1.7,1035,0.1,92,-2.8,9000,,7.408,,,,,0,,,,,,,,og-post,,,,AAXX 09224 07299 22/59 10000 11017 21028 30003 40350 52001 80001 333 60005 81073 90710 91104 93100=
07299,2008-02-09 23:00:00,-2.5,1035.1,0.1,93,-3.5,6000,,3.704,,,,,0,,,,,,,,og-post,,,,AAXX 09234 07299 22/56 10000 11025 21035 30003 40351 52001 80001 333 60005 81073 90710 91102 93100=
07299,2008-02-10 00:00:00,-2.8,1035,-0.1,94,-3.6,4500,,3.704,,,,,0,0,,,,,,10,og-post,,,,AAXX 10004 07299 01945 00000 11028 21036 30002 40350 57001 60001 71000 333 60007 90710 91102 93100 555 60005=
07299,2008-02-10 01:00:00,-3.2,1035,-0.1,94,-4,3300,,3.704,,,,,0,,,,,,,,og-post,,,,AAXX 10014 07299 26/33 /0000 11032 21040 30001 40350 58001 333 60005 90710 91102=
07299,2008-02-10 02:00:00,-3,1035,-0.2,95,-3.7,2900,3.704,3.704,,220,,,0,,,,,,,,og-post,,,,AAXX 10024 07299 26/29 /2202 11030 21037 30001 40350 56002 333 60005 90710 91102=
07299,2008-02-10 03:00:00,-3.1,1034.9,-0.2,95,-3.8,4500,3.704,3.704,,180,,,0,0,,,,,,10,og-post,,,,AAXX 10034 07299 21945 01802 11031 21038 30000 40349 57002 71000 333 60007 90710 91102 93100 555 60005=
07299,2008-02-10 04:00:00,-4.3,1035,-0.1,94,-5.1,4500,,3.704,,,,,0,,,,,,,10,og-post,,,,AAXX 10044 07299 21945 00000 11043 21051 30000 40350 57001 71000 333 60005 90710 91102 93100=
07299,2008-02-10 06:00:00,-4.7,1035.3,0.2,94,-5.5,4500,3.704,7.408,,310,-4.7,2.7,0,0,,,0,9.3,-9,10,og-post,,,,AAXX 10064 07299 01/45 13102 11047 21055 30002 40353 53002 60002 71000 80001 333 10027 21047 34109 55093 60007 70000 81073 90710 91104 93100 555 60005=
07299,2008-02-10 09:00:00,1,1034.6,0.2,95,0.3,9000,,3.704,,,,,0,0,,,,,,11,og-post,,,,AAXX 10094 07299 21/59 20000 10010 20003 30003 40346 51002 71100 80002 333 60007 82073 90710 91102 93100 555 60005=
07299,2008-02-10 10:00:00,2.3,1034.5,0,84,-0.1,12000,3.704,7.408,,320,,,0,,,,,,,,og-post,,,,AAXX 10104 07299 22/62 23202 10023 21001 30003 40345 50000 80002 333 60005 82073 90710 91104 93100=
07299,2008-02-10 11:00:00,5.4,1033.9,-0.3,65,-0.6,12000,3.704,7.408,,320,,,0,,,,,,,,og-post,,,,AAXX 10114 07299 22/62 23202 10054 21006 30001 40339 58003 80002 333 60005 82073 90710 91104 93100=
07299,2008-02-10 12:00:00,7.1,1033.3,-0.7,49,-2.9,12000,7.408,11.112,,360,,,0,0,,,,,,,og-post,,,,AAXX 10124 07299 02/62 23604 10071 21029 39997 40333 58007 60001 80002 333 60007 82073 90710 91106 93100 555 60005=
07299,2008-02-10 13:00:00,8.2,1033,-0.8,51,-1.3,15000,7.408,14.816,,350,,,0,,,,,,,,og-post,,,,AAXX 10134 07299 22/65 33504 10082 21013 39996 40330 56008 80002 333 60005 83073 90710 91108 93100=
07299,2008-02-10 14:00:00,8.6,1032.4,-1,51,-0.9,15000,11.112,22.224,,350,,,0,,,,,,,,og-post,,,,AAXX 10144 07299 22/65 43506 10086 21009 39990 40324 58010 80002 333 60005 84073 90710 91112 93100=
07299,2008-02-10 15:00:00,8.4,1032.4,-0.7,54,-0.4,15000,11.112,22.224,,360,,,0,0,,,,,,,og-post,,,,AAXX 10154 07299 22/65 53606 10084 21004 39990 40324 56007 80002 333 60007 85073 90710 91112 93100 555 60005=
07299,2008-02-10 16:00:00,7.7,1032.5,-0.6,57,-0.3,15000,11.112,25.928,,10,,,0,,,,,,,,og-post,,,,AAXX 10164 07299 22/65 40106 10077 21003 39990 40325 56006 80002 333 60005 84073 90710 91114 93100=
07299,2008-02-10 17:00:00,4.9,1033,0.2,70,-0.1,15000,3.704,14.816,,360,,,0,,,,,,,,og-post,,,,AAXX 10174 07299 22/65 43602 10049 21001 39992 40330 53002 80001 333 60005 84073 90710 91108 93100=
07299,2008-02-10 18:00:00,1.3,1033.6,0.3,83,-1.3,15000,3.704,7.408,,230,-4.8,8.7,0,0,,,,,,,og-post,,,,AAXX 10184 07299 02/65 42302 10013 21013 39993 40336 53003 60002 80001 333 10087 21048 60007 84073 90710 91104 93100 555 60005=
07299,2008-02-10 19:00:00,-0.2,1033.9,0.6,90,-1.6,10000,3.704,7.408,,280,,,0,,,,,,,,og-post,,,,AAXX 10194 07299 22/60 22802 11002 21016 39994 40339 51006 80001 333 60005 82073 90710 91104 93100=
07299,2008-02-10 20:00:00,-1.1,1034.1,0.3,91,-2.4,10000,,7.408,,,,,0,,,,,,,,og-post,,,,AAXX 10204 07299 22/60 20000 11011 21024 39995 40341 52003 80001 333 60005 82073 90710 91104 93100=
07299,2008-02-10 21:00:00,-1.6,1034.5,0.5,92,-2.7,9000,3.704,11.112,,260,,,0,0,,,,,,,og-post,,,,AAXX 10214 07299 22/59 12602 11016 21027 39998 40345 53005 80001 333 60007 81073 90710 91106 93100 555 60005=
07299,2008-02-10 22:00:00,-1.9,1034.6,0.5,91,-3.2,8000,3.704,7.408,,300,,,0,,,,,,,,og-post,,,,AAXX 10224 07299 22/58 13002 11019 21032 39999 40346 52005 80001 333 60005 81073 90710 91104 93100=
07299,2008-02-10 23:00:00,-1.1,1034.5,0.4,93,-2.1,8000,3.704,7.408,,310,,,0,,,,,,,,og-post,,,,AAXX 10234 07299 22/58 13102 11011 21021 39999 40345 51004 80001 333 60005 81073 90710 91104 93100=
07299,2008-02-11 00:00:00,-2.3,1034.3,-0.2,93,-3.3,6000,,7.408,,,,,0,0,,,,,,,og-post,,,,AAXX 11004 07299 02956 00000 11023 21033 39996 40343 58002 60001 333 60007 90710 91104 93100 555 60005=
07299,2008-02-11 01:00:00,-2.5,1034.3,-0.4,94,-3.3,2500,3.704,3.704,,220,,,0,,,,,,,,og-post,,,,AAXX 11014 07299 26/25 /2202 11025 21033 39995 40343 58004 333 60005 90710 91102=
07299,2008-02-11 02:00:00,-3.6,1034.2,-0.6,94,-4.4,1000,,3.704,,,,,0,,,,,,,,og-post,,,,AAXX 11024 07299 26/10 /0000 11036 21044 39993 40342 56006 333 60005 90710 91102=
07299,2008-02-11 03:00:00,-3.6,1034.2,-0.3,95,-4.3,4500,,3.704,,,,,0,0,,,,,,10,og-post,,,,AAXX 11034 07299 21/45 30000 11036 21043 39993 40342 56003 71000 80001 333 60007 83075 90710 91102 93100 555 60005=
07299,2008-02-11 04:00:00,-3.9,1034,-0.4,95,-4.6,4000,,3.704,,,,,0,,,,,,,10,og-post,,,,AAXX 11044 07299 21/40 60000 11039 21046 39991 40340 57004 71011 80002 333 60005 86073 90710 91102 93100=
07299,2008-02-11 05:00:00,-3.7,1033.8,-0.4,95,-4.4,3000,,3.704,,,,,0,,,,,,,11,og-post,,,,AAXX 11054 07299 21/30 60000 11037 21044 39989 40338 58004 71122 80002 333 60005 86073 90710 91102 93100=
07299,2008-02-11 06:00:00,-4.1,1034.1,-0.2,95,-4.8,2000,,3.704,,,-4.3,1.5,0,0,,,0,9,-8,11,og-post,,,,AAXX 11064 07299 01/20 40000 11041 21048 39991 40341 55002 60002 71111 80001 333 10015 21043 34108 55090 60007 70000 84073 90710 91102 93100 555 60005=
07299,2008-02-11 07:00:00,-4.5,1034.4,0.3,95,-5.2,4500,,3.704,,,,,0,,,,,,,11,og-post,,,,AAXX 11074 07299 21/45 40000 11045 21052 39994 40344 53003 71100 80001 333 60005 84073 90710 91102 93100=
07299,2008-02-11 08:00:00,-3.2,1034.7,0.9,95,-3.9,3500,,3.704,,,,,0,,,,,,,10,og-post,,,,AAXX 11084 07299 21/35 40000 11032 21039 39998 40347 53009 71000 80001 333 60005 84073 90710 91102 93100=
07299,2008-02-11 09:00:00,0.2,1034.4,0.9,96,-0.4,3500,7.408,11.112,,340,,,0,0,,,,,,10,og-post,,,,AAXX 11094 07299 21/35 43404 10002 21004 30000 40344 51009 71000 80001 333 60007 84073 90710 91106 93100 555 60005=
07299,2008-02-11 10:00:00,2.4,1034,0.4,93,1.4,4500,7.408,11.112,,320,,,0,,,,,,,10,og-post,,,,AAXX 11104 07299 21/45 43204 10024 20014 39999 40340 50004 71000 80001 333 60005 84073 90710 91106 93100=
07299,2008-02-11 11:00:00,5.2,1033.4,-0.2,73,0.8,7000,11.112,14.816,,330,,,0,,,,,,,,og-post,,,,AAXX 11114 07299 22/57 43306 10052 20008 39996 40334 58002 80001 333 60005 84073 90710 91108 93100=
07299,2008-02-11 12:00:00,7,1032.5,-1,57,-0.9,10000,11.112,14.816,,330,,,0,0,,,,,,,og-post,,,,AAXX 11124 07299 02/60 43306 10070 21009 39990 40325 58010 60001 80001 333 60007 84073 90710 91108 93100 555 60005=
07299,2008-02-11 13:00:00,7.7,1031.8,-1.5,55,-0.8,11000,14.816,22.224,,350,,,0,,,,,,,,og-post,,,,AAXX 11134 07299 22/61 43508 10077 21008 39984 40318 58015 80001 333 60005 84073 90710 91112 93100=
07299,2008-02-11 14:00:00,8.5,1031.2,-1.7,53,-0.5,11000,11.112,22.224,,360,,,0,,,,,,,,og-post,,,,AAXX 11144 07299 22/61 23606 10085 21005 39979 40312 56017 80001 333 60005 82073 90710 91112 93100=
07299,2008-02-11 15:00:00,8.9,1031.1,-1.1,55,0.4,11000,11.112,22.224,,360,,,0,0,,,,,,,og-post,,,,AAXX 11154 07299 22/61 23606 10089 20004 39978 40311 56011 80001 333 60007 82073 90710 91112 93100 555 60005=
07299,2008-02-11 16:00:00,8.2,1031.3,-0.5,59,0.7,11000,7.408,18.52,,20,,,0,,,,,,,,og-post,,,,AAXX 11164 07299 22/61 20204 10082 20007 39979 40313 55005 80001 333 60005 82073 90710 91110 93100=
07299,2008-02-11 17:00:00,5,1032,0.3,73,0.6,10000,3.704,11.112,,230,,,0,,,,,,,,og-post,,,,AAXX 11174 07299 22/60 22302 10050 20006 39982 40320 53003 80001 333 60005 82073 90710 91106 93100=
07299,2008-02-11 18:00:00,2.7,1032.8,1,83,0.1,9000,7.408,7.408,,220,-5,8.9,0,0,,,,,,,og-post,,,,AAXX 11184 07299 02/59 22204 10027 20001 39987 40328 53010 60002 80001 333 10089 21050 60007 82073 90710 91104 93100 555 60005=
07299,2008-02-11 19:00:00,0.6,1033.1,1,85,-1.6,8000,3.704,7.408,,280,,,0,,,,,,,,og-post,,,,AAXX 11194 07299 22/58 22802 10006 21016 39988 40331 51010 80001 333 60005 82073 90710 91104 93100=
07299,2008-02-11 20:00:00,-0.7,1033.7,1,90,-2.1,8000,3.704,7.408,,240,,,0,,,,,,,,og-post,,,,AAXX 11204 07299 22/58 22402 11007 21021 39992 40337 51010 80001 333 60005 82073 90710 91104 93100=
07299,2008-02-11 21:00:00,-0.9,1034,0.7,92,-2,7000,,7.408,,,,,0,0,,,,,,,og-post,,,,AAXX 11214 07299 22/57 20000 11009 21020 39994 40340 52007 80001 333 60007 82073 90710 91104 93100 555 60005=
07299,2008-02-11 22:00:00,-1.9,1034.3,0.8,90,-3.3,6000,3.704,3.704,,260,,,0,,,,,,,,og-post,,,,AAXX 11224 07299 22/56 22602 11019 21033 39996 40343 52008 80001 333 60005 82073 90710 91102 93100=
07299,2008-02-11 23:00:00,-1.5,1034.3,0.5,94,-2.3,5000,3.704,7.408,,210,,,0,,,,,,,,og-post,,,,AAXX 11234 07299 22/50 22102 11015 21023 39997 40343 51005 80001 333 60005 82073 90710 91104 93100=
07299,2008-02-12 00:00:00,-2.7,1034.5,0.3,93,-3.7,5000,,3.704,,,,,0,0,,,,,,,og-post,,,,AAXX 12004 07299 02/50 20000 11027 21037 39997 40345 51003 60001 80001 333 60007 82073 90710 91102 93100 555 60005=
07299,2008-02-12 01:00:00,-2.4,1034.5,0.1,94,-3.2,5000,3.704,7.408,,230,,,0,,,,,,,,og-post,,,,AAXX 12014 07299 26/50 /2302 11024 21032 39997 40345 51001 333 60005 90710 91104=
07299,2008-02-12 02:00:00,-3,1034.4,-0.1,94,-3.8,4300,,7.408,,,,,0,,,,,,,,og-post,,,,AAXX 12024 07299 26/43 /0000 11030 21038 39996 40344 58001 333 60005 90710 91104=
07299,2008-02-12 03:00:00,-3.5,1034.2,-0.4,94,-4.3,3000,,3.704,,,,,0,0,,,,,,11,og-post,,,,AAXX 12034 07299 21930 00000 11035 21043 39993 40342 58004 71100 333 60007 90710 91102 93100 555 60005=
07299,2008-02-12 04:00:00,-3.3,1034.2,-0.4,95,-4,4000,3.704,7.408,,200,,,0,,,,,,,10,og-post,,,,AAXX 12044 07299 21940 02002 11033 21040 39993 40342 56004 71000 333 60005 90710 91104 93100=
07299,2008-02-12 05:00:00,-3.5,1034,-0.5,95,-4.2,3500,,7.408,,,,,0,,,,,,,10,og-post,,,,AAXX 12054 07299 21935 00000 11035 21042 39991 40340 56005 71000 333 60005 90710 91104 93100=
07299,2008-02-12 06:00:00,-3.1,1034,-0.1,95,-3.8,3500,3.704,3.704,,230,-3.8,3,0,0,,,0,9,-8,10,og-post,,,,AAXX 12064 07299 01935 42302 11031 21038 39992 40340 55001 60002 71000 84030 333 10030 21038 34108 55090 60007 70000 84364 90710 91102 93100 555 60005=
07299,2008-02-12 07:00:00,-4.1,1034.3,0.2,94,-4.9,3500,3.704,7.408,,310,,,0,,,,,,,11,og-post,,,,AAXX 12074 07299 21935 43102 11041 21049 39993 40343 53002 71100 84030 333 60005 84364 90710 91104 93100=
07299,2008-02-12 08:00:00,-3.2,1034.8,0.8,95,-3.9,4000,3.704,7.408,,300,,,0,,,,,,,10,og-post,,,,AAXX 12084 07299 21940 43002 11032 21039 39999 40348 53008 71000 82031 333 60005 82364 83075 90710 91104 93100=
07299,2008-02-12 09:00:00,-0.5,1034.5,0.8,96,-1.1,4500,3.704,3.704,,280,,,0,0,,,,,,10,og-post,,,,AAXX 12094 07299 21945 42802 11005 21011 30000 40345 51008 71000 82031 333 60007 82364 83075 90710 91102 93100 555 60005=
07299,2008-02-12 10:00:00,1.6,1033.9,0.3,87,-0.3,8000,3.704,3.704,,260,,,0,,,,,,,,og-post,,,,AAXX 12104 07299 22958 72602 10016 21003 39997 40339 50003 85031 333 60005 85363 84075 90710 91102 93100=
07299,2008-02-12 11:00:00,4.9,1033.3,-0.4,69,-0.3,9000,3.704,7.408,,270,,,0,,,,,,,,og-post,,,,AAXX 12114 07299 22959 72702 10049 21003 39995 40333 58004 85031 333 60005 85363 84075 90710 91104 93100=
07299,2008-02-12 12:00:00,7,1032.4,-1.2,49,-3,12000,3.704,11.112,,340,,,0,0,,,,,,,og-post,,,,AAXX 12124 07299 02/62 33402 10070 21030 39988 40324 58012 60001 80001 333 60007 83075 90710 91106 93100 555 60005=
07299,2008-02-12 13:00:00,8,1031.6,-1.5,46,-2.9,15000,7.408,14.816,,340,,,0,,,,,,,,og-post,,,,AAXX 12134 07299 22/65 23404 10080 21029 39982 40316 58015 80001 333 60005 82075 90710 91108 93100=
07299,2008-02-12 14:00:00,8.5,1031.1,-1.7,48,-1.9,15000,7.408,14.816,,310,,,0,,,,,,,,og-post,,,,AAXX 12144 07299 22/65 33104 10085 21019 39978 40311 56017 80001 333 60005 83075 90710 91108 93100=
07299,2008-02-12 15:00:00,8.4,1031,-1.1,49,-1.7,15000,11.112,18.52,,340,,,0,0,,,,,,,og-post,,,,AAXX 12154 07299 22/65 33406 10084 21017 39977 40310 56011 80001 333 60007 83075 90710 91110 93100 555 60005=
07299,2008-02-12 16:00:00,7.1,1031,-0.7,53,-1.8,15000,7.408,14.816,,350,,,0,,,,,,,,og-post,,,,AAXX 12164 07299 22/65 33504 10071 21018 39975 40310 56007 80001 333 60005 83075 90710 91108 93100=
07299,2008-02-12 17:00:00,5.1,1031.2,-0.3,66,-0.7,12000,3.704,7.408,,180,,,0,,,,,,,,og-post,,,,AAXX 12174 07299 22/62 21802 10051 21007 39975 40312 56003 80001 333 60005 82075 90710 91104 93100=
07299,2008-02-12 18:00:00,2,1032,0.2,80,-1.1,8000,3.704,7.408,,210,-4.2,8.9,0,0,,,,,,,og-post,,,,AAXX 12184 07299 02/58 22102 10020 21011 39979 40320 53002 60002 80001 333 10089 21042 60007 82075 90710 91104 93100 555 60005=
07299,2008-02-12 19:00:00,-0.2,1032.6,0.7,86,-2.3,8000,3.704,7.408,,90,,,0,,,,,,,,og-post,,,,AAXX 12194 07299 22/58 20902 11002 21023 39982 40326 53007 80001 333 60005 82075 90710 91104 93100=
07299,2008-02-12 20:00:00,-0.9,1033,1,89,-2.5,6000,3.704,7.408,,250,,,0,,,,,,,,og-post,,,,AAXX 12204 07299 22/56 22502 11009 21025 39985 40330 51010 80001 333 60005 82075 90710 91104 93100=
07299,2008-02-12 21:00:00,-1.4,1033.3,0.8,92,-2.5,5000,,3.704,,,,,0,0,,,,,,,og-post,,,,AAXX 12214 07299 22/50 20000 11014 21025 39987 40333 51008 80001 333 60007 82075 90710 91102 93100 555 60005=
07299,2008-02-12 22:00:00,-2.2,1033.6,0.7,92,-3.3,5000,3.704,7.408,,120,,,0,,,,,,,,og-post,,,,AAXX 12224 07299 22/50 21202 11022 21033 39989 40336 51007 80001 333 60005 82075 90710 91104 93100=
07299,2008-02-12 23:00:00,-2.3,1033.8,0.6,93,-3.3,5000,,7.408,,,,,0,,,,,,,,og-post,,,,AAXX 12234 07299 22/50 20000 11023 21033 39991 40338 51006 80001 333 60005 82075 90710 91104 93100=
07299,2008-02-13 00:00:00,-3.6,1034.3,0.6,93,-4.6,4500,3.704,3.704,,250,,,0,0,,,,,,10,og-post,,,,AAXX 13004 07299 01/45 22502 11036 21046 39994 40343 53006 60001 71000 80001 333 60007 82075 90710 91102 93100 555 60005=
07299,2008-02-13 01:00:00,-3.6,1034.3,0.5,93,-4.6,,3.704,7.408,,220,,,0,,,,,,,,og-post,,,,AAXX 13014 07299 26/// /2202 11036 21046 39994 40343 51005 333 60005 90710 91104=
07299,2008-02-13 04:00:00,-4.7,1034.7,,94,-5.5,4000,3.704,,,240,,,0,,,,,,,10,og-post,,,,AAXX 13044 07299 21940 02402 11047 21055 39996 40347 71000 333 6///5 93100=
07299,2008-02-13 05:00:00,-5.4,1035,,93,-6.3,4000,3.704,7.408,,250,,,0,,,,,,,10,og-post,,,,AAXX 13054 07299 21940 02502 11054 21063 39998 40350 71000 333 60005 90710 91104 93100=
07299,2008-02-13 06:00:00,-5.1,1035.6,,93,-6.1,4500,3.704,7.408,,240,,,0,0,,0,,6,,10,og-post,,,,AAXX 13064 07299 01945 02402 11051 21061 30004 40356 6///2 71000 333 1//// 2//// 34/// 55060 6///7 7//// 90710 91104 93100 555 60005=
07299,2008-02-13 07:00:00,-4.9,1035.9,1.2,94,-5.7,4500,,7.408,,,,,0,,,,,,,11,og-post,,,,AAXX 13074 07299 21945 00000 11049 21057 30008 40359 53012 71100 333 60005 90710 91104 93100=
07299,2008-02-13 08:00:00,-3.5,1036.1,1.2,94,-4.3,5000,3.704,3.704,,220,,,0,,,,,,,,og-post,,,,AAXX 13084 07299 22950 02202 11035 21043 30011 40361 51012 333 60005 90710 91102 93100=
07299,2008-02-13 09:00:00,-0.4,1035.9,0.9,93,-1.4,6000,,3.704,,,,,0,0,,,,,,,og-post,,,,AAXX 13094 07299 22956 00000 11004 21014 30013 40359 51009 333 60007 90710 91102 93100 555 60005=
07299,2008-02-13 12:00:00,5.8,1034.4,-0.6,67,0.2,8000,11.112,18.52,,310,,,0,0,,,,,,,og-post,,,,AAXX 13124 07299 02958 03106 10058 20002 30007 40344 58006 60001 333 60007 90710 91110 93100 555 60005=
07299,2008-02-13 15:00:00,6.5,1034.2,-0.2,66,0.6,9000,11.112,14.816,,360,,,0,0,,,,,,,og-post,,,,AAXX 13154 07299 22959 03606 10065 20006 30005 40342 55002 333 60007 90710 91108 93100 555 60005=
07299,2008-02-13 18:00:00,-0.3,1035.9,0.9,90,-1.7,4000,3.704,7.408,,290,-5.8,7.3,0,0,,,,,,10,og-post,,,,AAXX 13184 07299 01940 02902 11003 21017 30014 40359 53009 60002 71000 333 10073 21058 60007 90710 91104 93100 555 60005=
07299,2008-02-13 19:00:00,-0.7,1036.1,0.9,92,-1.8,3500,7.408,11.112,,300,,,0,,,,,,,10,og-post,,,,AAXX 13194 07299 21935 03004 11007 21018 30015 40361 51009 71000 333 60005 90710 91106 93100=
07299,2008-02-13 20:00:00,-1.7,1036.4,1,93,-2.7,3000,,11.112,,,,,0,,,,,,,10,og-post,,,,AAXX 13204 07299 21930 00000 11017 21027 30017 40364 51010 71000 333 60005 90710 91106 93100=
07299,2008-02-13 21:00:00,-2.5,1036.9,0.6,94,-3.3,2000,,3.704,,,,,0,0,,,,,,10,og-post,,,,AAXX 13214 07299 21920 00000 11025 21033 30020 40369 52006 71000 333 60007 90710 91102 93100 555 60005=
07299,2008-02-13 22:00:00,-2.8,1036.8,0.3,94,-3.6,1500,3.704,3.704,,210,,,0,,,,,,,10,og-post,,,,AAXX 13224 07299 21915 02102 11028 21036 30019 40368 50003 71000 333 60005 90710 91102 93100=
07299,2008-02-13 23:00:00,-3.4,1037,0.2,95,-4.1,1500,,3.704,,,,,0,,,,,,,11,og-post,,,,AAXX 13234 07299 21915 00000 11034 21041 30020 40370 51002 71100 333 60005 90710 91102 93100=
07299,2008-02-14 00:00:00,-3.5,1036.9,-0.1,95,-4.2,1500,3.704,3.704,,190,,,0,0,,,,,,11,og-post,,,,AAXX 14004 07299 01915 01902 11035 21042 30019 40369 56001 60001 71100 333 60007 90710 91102 93100 555 60005=
07299,2008-02-14 01:00:00,-2.9,1036.6,-0.2,95,-3.6,1400,3.704,7.408,,220,,,0,,,,,,,,og-post,,,,AAXX 14014 07299 26/14 /2202 11029 21036 30017 40366 58002 333 60005 90710 91104=
07299,2008-02-14 02:00:00,-4.5,1036.9,-0.1,94,-5.3,1500,,3.704,,,,,0,,,,,,,,og-post,,,,AAXX 14024 07299 26/15 /0000 11045 21053 30018 40369 55001 333 60005 90710 91102=
07299,2008-02-14 03:00:00,-5,1036.7,-0.4,94,-5.8,2000,3.704,7.408,,210,,,0,0,,,,,,10,og-post,,,,AAXX 14034 07299 21320 12102 11050 21058 30015 40367 58004 71000 81500 333 60007 81609 90710 91104 93100 555 60005=
07299,2008-02-14 04:00:00,-5.3,1037,0.1,93,-6.2,2000,,7.408,,,,,0,,,,,,,10,og-post,,,,AAXX 14044 07299 21920 00000 11053 21062 30018 40370 53001 71000 333 60005 90710 91104 93100=
07299,2008-02-14 05:00:00,-5.3,1036.9,-0.1,93,-6.2,1500,,3.704,,,,,0,,,,,,,11,og-post,,,,AAXX 14054 07299 21915 00000 11053 21062 30017 40369 56001 71100 333 60005 90710 91102 93100=
07299,2008-02-14 06:00:00,-4.9,1036.9,0.3,94,-5.7,1500,,3.704,,,-5.5,-0.2,0,0,,,0,0,-10,10,og-post,,,,AAXX 14064 07299 01915 00000 11049 21057 30017 40369 51003 60002 71000 333 11002 21055 34110 55000 60007 70000 90710 91102 93100 555 60005=
07299,2008-02-14 07:00:00,-5.6,1037.1,-0,93,-6.5,1500,,3.704,,,,,0,,,,,,,10,og-post,,,,AAXX 14074 07299 21915 00000 11056 21065 30018 40371 55000 71000 333 60005 90710 91102 93100=
07299,2008-02-14 08:00:00,-4.4,1036.9,0.1,94,-5.2,2200,,3.704,,,,,0,,,,,,,10,og-post,,,,AAXX 14084 07299 21922 00000 11044 21052 30018 40369 50001 71000 333 60005 90710 91102 93100=
07299,2008-02-14 09:00:00,-0.7,1036.3,-0.1,96,-1.3,2500,,3.704,,,,,0,0,,,,,,10,og-post,,,,AAXX 14094 07299 21925 00000 11007 21013 30017 40363 58001 71000 333 60007 90710 91102 93100 555 60005=
07299,2008-02-14 10:00:00,0.8,1035.9,-0.4,92,-0.3,3000,,7.408,,,,,0,,,,,,,10,og-post,,,,AAXX 14104 07299 21930 00000 10008 21003 30015 40359 58004 71000 333 60005 90710 91104 93100=
07299,2008-02-14 11:00:00,3.4,1034.9,-0.9,81,0.5,3500,7.408,14.816,,360,,,0,,,,,,,10,og-post,,,,AAXX 14114 07299 21935 03604 10034 20005 30009 40349 58009 71000 333 60005 90710 91108 93100=
07299,2008-02-14 12:00:00,4.9,1033.9,-1.6,70,-0.1,4000,11.112,18.52,,350,,,0,0,,,,,,10,og-post,,,,AAXX 14124 07299 01940 03506 10049 21001 30001 40339 58016 60001 71000 333 60007 90710 91110 93100 555 60005=
07299,2008-02-14 13:00:00,6.3,1032.9,-2.2,63,-0.2,4500,7.408,14.816,,350,,,0,,,,,,,10,og-post,,,,AAXX 14134 07299 21945 03504 10063 21002 39993 40329 58022 71000 333 60005 90710 91108 93100=
07299,2008-02-14 15:00:00,6.1,1032.4,-1.2,68,0.6,4000,11.112,18.52,,10,,,0,0,,,,,,10,og-post,,,,AAXX 14154 07299 21940 00106 10061 20006 39988 40324 56012 71000 333 60007 90710 91110 93100 555 60005=
07299,2008-02-14 16:00:00,2.2,1032.8,,85,-0.1,2800,14.816,,,360,,,0,,,,,,,10,og-post,,,,AAXX 14164 07299 21928 03608 10022 21001 39987 40328 71000 333 6///5 93100=
07299,2008-02-14 17:00:00,-0.2,1033.8,0.3,94,-1,300,11.112,22.224,,350,,,0,,,,,,,49,og-post,,,,AAXX 14174 07299 21/03 93506 11002 21010 39993 40338 53003 74941 333 60005 90710 91112 93100=
07299,2008-02-14 18:00:00,-0.9,1034.3,0.9,95,-1.6,200,11.112,18.52,,340,-5.7,7,0,0,,,,,,49,og-post,,,,AAXX 14184 07299 01/02 93406 11009 21016 39997 40343 53009 60002 74941 333 10070 21057 60007 90710 91110 93100 555 60005=
07299,2008-02-14 19:00:00,-1.3,1034.4,1.2,96,-1.9,200,7.408,14.816,,360,,,0,,,,,,,49,og-post,,,,AAXX 14194 07299 21/02 93604 11013 21019 39998 40344 51012 74944 333 60005 90710 91108 93100=
07299,2008-02-14 20:00:00,-1.3,1034.5,0.7,96,-1.9,200,7.408,14.816,,290,,,0,,,,,,,49,og-post,,,,AAXX 14204 07299 21/02 92904 11013 21019 39999 40345 51007 74944 333 60005 90710 91108 93100=
07299,2008-02-14 21:00:00,-1.2,1034.5,0.2,96,-1.8,200,3.704,14.816,,270,,,0,0,,,,,,49,og-post,,,,AAXX 14214 07299 21/02 92702 11012 21018 39999 40345 51002 74944 333 60007 90710 91108 93100 555 60005=
07299,2008-02-14 22:00:00,-1,1034.5,0.1,96,-1.6,300,11.112,14.816,,330,,,0,,,,,,,49,og-post,,,,AAXX 14224 07299 21/03 93306 11010 21016 39999 40345 51001 74944 333 60005 90710 91108 93100=
07299,2008-02-14 23:00:00,-1.3,1034.4,-0,96,-1.9,500,11.112,22.224,,350,,,0,,,,,,,49,og-post,,,,AAXX 14234 07299 21/05 93506 11013 21019 39998 40344 54000 74944 333 60005 90710 91112 93100=
07299,2008-02-15 00:00:00,-1.1,1034.5,-0,96,-1.7,500,11.112,18.52,,10,,,0,0,,,,,,49,og-post,,,,AAXX 15004 07299 01/05 90106 11011 21017 39999 40345 54000 60001 74944 333 60007 90710 91110 93100 555 60005=
07299,2008-02-15 01:00:00,-1.2,1034.5,-0,97,-1.6,400,7.408,11.112,,10,,,0,,,,,,,,og-post,,,,AAXX 15014 07299 26/04 /0104 11012 21016 39999 40345 54000 333 60005 90710 91106=
07299,2008-02-15 02:00:00,-1.2,1034.1,-0.3,97,-1.6,600,7.408,14.816,,20,,,0,,,,,,,,og-post,,,,AAXX 15024 07299 26/06 /0204 11012 21016 39995 40341 58003 333 60005 90710 91108=
07299,2008-02-15 03:00:00,-1.1,1034.1,-0.4,97,-1.5,1000,7.408,18.52,,30,,,0,0,,,,,,10,og-post,,,,AAXX 15034 07299 21110 70304 11011 21015 39995 40341 57004 71042 876// 333 60007 87702 90710 91110 93100 555 60005=
07299,2008-02-15 04:00:00,-1,1034,-0.5,97,-1.4,1500,11.112,18.52,,20,,,0,,,,,,,10,og-post,,,,AAXX 15044 07299 21115 70206 11010 21014 39994 40340 56005 71022 876// 333 60005 87703 90710 91110 93100=
07299,2008-02-15 05:00:00,-1,1034.2,-0,96,-1.6,1500,11.112,25.928,,20,,,0,,,,,,,10,og-post,,,,AAXX 15054 07299 21115 70206 11010 21016 39996 40342 55000 71022 876// 333 60005 87703 90710 91114 93100=
07299,2008-02-15 06:00:00,-1,1034.4,0.2,96,-1.6,1500,14.816,25.928,,10,-1.4,-0.9,0,0,,,0,0,-1,10,og-post,,,,AAXX 15064 07299 01115 80108 11010 21016 39998 40344 53002 60002 71042 877// 333 11009 21014 34101 55000 60007 70000 87703 90710 91114 93100 555 60005=
07299,2008-02-15 07:00:00,-1.2,1034.8,0.8,96,-1.8,2500,7.408,22.224,,60,,,0,,,,,,,10,og-post,,,,AAXX 15074 07299 21225 80604 11012 21018 30002 40348 53008 71022 877// 333 60005 87706 90710 91112 93100=
07299,2008-02-15 08:00:00,-1,1035,0.9,95,-1.7,3500,3.704,11.112,,70,,,0,,,,,,,10,og-post,,,,AAXX 15084 07299 21235 80702 11010 21017 30004 40350 52009 71022 876// 333 60005 87706 90710 91106 93100=
07299,2008-02-15 09:00:00,-0.7,1035.4,1,94,-1.5,3400,7.408,11.112,,60,,,0,0,,,,,,10,og-post,,,,AAXX 15094 07299 21334 80604 11007 21015 30008 40354 51010 71022 885// 333 60007 86707 87609 90710 91106 93100 555 60005=
07299,2008-02-15 10:00:00,-0.4,1035.4,0.7,92,-1.5,4000,11.112,14.816,,20,,,0,,,,,,,10,og-post,,,,AAXX 15104 07299 21340 80206 11004 21015 30009 40354 52007 71022 885// 333 60005 84707 88614 90710 91108 93100=
07299,2008-02-15 11:00:00,0.2,1035.1,0.2,89,-1.4,4600,14.816,18.52,,360,,,0,,,,,,,,og-post,,,,AAXX 15114 07299 26/46 /3608 10002 21014 30006 40351 50002 333 60005 90710 91110=
07299,2008-02-15 12:00:00,0.7,1034.8,-0.3,84,-1.7,5000,7.408,22.224,,20,,,0,0,,,,,,,og-post,,,,AAXX 15124 07299 02450 80204 10007 21017 30004 40348 58003 60001 875// 333 60007 82710 87617 90710 91112 93100 555 60005=
07299,2008-02-15 13:00:00,1.1,1034.7,-0.5,83,-1.5,6000,11.112,18.52,,10,,,0,,,,,,,,og-post,,,,AAXX 15134 07299 22456 80106 10011 21015 30004 40347 56005 875// 333 60005 81711 87616 90710 91110 93100=
07299,2008-02-15 14:00:00,1.5,1034.6,-0.4,79,-1.7,6000,11.112,18.52,,10,,,0,,,,,,,,og-post,,,,AAXX 15144 07299 22456 80106 10015 21017 30003 40346 56004 875// 333 60005 81713 87618 90710 91110 93100=
07299,2008-02-15 15:00:00,1.5,1034.9,0.3,82,-1.2,6000,7.408,14.816,,30,,,0,0,,,,,,,og-post,,,,AAXX 15154 07299 22456 80304 10015 21012 30006 40349 53003 875// 333 60007 81713 87619 90710 91108 93100 555 60005=
07299,2008-02-15 16:00:00,1.5,1034.7,0,82,-1.2,7000,3.704,11.112,,60,,,0,,,,,,,,og-post,,,,AAXX 15164 07299 22457 70602 10015 21012 30004 40347 50000 875// 333 60005 81613 87621 90710 91106 93100=
07299,2008-02-15 17:00:00,1.4,1035.1,0.5,83,-1.2,7000,3.704,7.408,,40,,,0,,,,,,,,og-post,,,,AAXX 15174 07299 22457 70402 10014 21012 30008 40351 53005 875// 333 60005 81615 87620 90710 91104 93100=
07299,2008-02-15 18:00:00,1.3,1035.5,0.5,83,-1.3,6000,3.704,7.408,,60,-1.2,1.6,0,0,,,,,,,og-post,,,,AAXX 15184 07299 02556 70602 10013 21013 30012 40355 53005 60002 875// 333 10016 21012 60007 83620 87630 90710 91104 93100 555 60005=
07299,2008-02-15 19:00:00,1.6,1035.8,1.1,72,-2.9,8000,11.112,18.52,,100,,,0,,,,,,,,og-post,,,,AAXX 15194 07299 22558 71006 10016 21029 30015 40358 51011 875// 333 60005 82623 86632 90710 91110 93100=
07299,2008-02-15 20:00:00,0.4,1036.3,0.9,68,-4.8,14000,11.112,25.928,,120,,,0,,,,,,,,og-post,,,,AAXX 15204 07299 22664 31206 10004 21048 30018 40363 52009 83500 333 60005 83634 90710 91114 93100=
07299,2008-02-15 21:00:00,-0.2,1036.8,1,69,-5.2,15000,7.408,14.816,,110,,,0,0,,,,,,,og-post,,,,AAXX 15214 07299 22665 21104 11002 21052 30022 40368 53010 82500 333 60007 82634 90710 91108 93100 555 60005=
07299,2008-02-15 22:00:00,-0.7,1036.9,0.8,69,-5.7,12000,7.408,18.52,,90,,,0,,,,,,,,og-post,,,,AAXX 15224 07299 22662 10904 11007 21057 30023 40369 51008 81500 333 60005 81634 90710 91110 93100=
07299,2008-02-15 23:00:00,-0.9,1037.3,0.8,68,-6,13000,7.408,14.816,,50,,,0,,,,,,,,og-post,,,,AAXX 15234 07299 22963 00504 11009 21060 30026 40373 52008 333 60005 90710 91108 93100=
07299,2008-02-16 00:00:00,-1.1,1037.3,0.4,66,-6.6,16000,7.408,14.816,,70,,,0,0,,,,,,,og-post,,,,AAXX 16004 07299 02966 00704 11011 21066 30026 40373 50004 60001 333 60007 90710 91108 93100 555 60005=
07299,2008-02-16 01:00:00,-3.6,1037.7,0.4,85,-5.7,9000,11.112,18.52,,360,,,0,,,,,,,,og-post,,,,AAXX 16014 07299 26/59 /3606 11036 21057 30027 40377 51004 333 60005 90710 91110=
07299,2008-02-16 02:00:00,-4.4,1037.9,0.2,90,-5.8,8000,7.408,11.112,,310,,,0,,,,,,,,og-post,,,,AAXX 16024 07299 26/58 /3104 11044 21058 30028 40379 53002 333 60005 90710 91106=
07299,2008-02-16 03:00:00,-5.8,1038.3,0.6,89,-7.3,7000,11.112,14.816,,340,,,0,0,,,,,,,og-post,,,,AAXX 16034 07299 22957 03406 11058 21073 30030 40383 53006 333 60007 90710 91108 93100 555 60005=
07299,2008-02-16 04:00:00,-5.5,1038.9,0.9,89,-7,10000,11.112,18.52,,320,,,0,,,,,,,,og-post,,,,AAXX 16044 07299 22960 03206 11055 21070 30036 40389 53009 333 60005 90710 91110 93100=
07299,2008-02-16 05:00:00,-5.9,1039.4,1.2,91,-7.1,10000,3.704,14.816,,300,,,0,,,,,,,,og-post,,,,AAXX 16054 07299 22960 03002 11059 21071 30040 40394 53012 333 60005 90710 91108 93100=
07299,2008-02-16 06:00:00,-6.6,1039.9,1.3,90,-8,9000,7.408,14.816,,310,-6.6,1.7,0,0,,,0,0,-10,,og-post,,,,AAXX 16064 07299 02959 03104 11066 21080 30044 40399 51013 60002 333 10017 21066 34110 55000 60007 70000 90710 91108 93100 555 60005=
07299,2008-02-16 07:00:00,-7,1040.6,1.4,90,-8.4,8000,7.408,14.816,,320,,,0,,,,,,,,og-post,,,,AAXX 16074 07299 22958 03204 11070 21084 30050 40406 53014 333 60005 90710 91108 93100=
07299,2008-02-16 08:00:00,-4.2,1040.9,1.7,89,-5.7,10000,11.112,11.112,,310,,,0,,,,,,,,og-post,,,,AAXX 16084 07299 22960 03106 11042 21057 30057 40409 53017 333 60005 90710 91106 93100=
07299,2008-02-16 09:00:00,-2.8,1040.9,1.6,84,-5.1,12000,7.408,18.52,,340,,,0,0,,,,,,,og-post,,,,AAXX 16094 07299 22962 03404 11028 21051 30059 40409 51016 333 60007 90710 91110 93100 555 60005=
07299,2008-02-16 10:00:00,-0.3,1040.7,0.9,69,-5.3,12000,7.408,14.816,,350,,,0,,,,,,,,og-post,,,,AAXX 16104 07299 22962 03504 11003 21053 30060 40407 51009 333 60005 90710 91108 93100=
07299,2008-02-16 11:00:00,1.4,1040.3,0,64,-4.6,15000,11.112,18.52,,350,,,0,,,,,,,,og-post,,,,AAXX 16114 07299 22965 03506 10014 21046 30058 40403 50000 333 60005 90710 91110 93100=
07299,2008-02-16 12:00:00,3,1039.6,-0.7,55,-5.1,15000,14.816,25.928,,360,,,0,0,,,,,,,og-post,,,,AAXX 16124 07299 02965 03608 10030 21051 30053 40396 58007 60001 333 60007 90710 91114 93100 555 60005=
07299,2008-02-16 13:00:00,4.2,1039.2,-1,48,-5.8,20000,18.52,25.928,,360,,,0,,,,,,,,og-post,,,,AAXX 16134 07299 22970 03610 10042 21058 30051 40392 58010 333 60005 90710 91114 93100=
07299,2008-02-16 14:00:00,5.2,1038.9,-0.9,43,-6.3,20000,11.112,25.928,,10,,,0,,,,,,,,og-post,,,,AAXX 16144 07299 22970 00106 10052 21063 30049 40389 56009 333 60005 90710 91114 93100=
07299,2008-02-16 15:00:00,5.4,1038.8,-0.5,40,-7.1,20000,11.112,22.224,,20,,,0,0,,,,,,,og-post,,,,AAXX 16154 07299 22970 00206 10054 21071 30048 40388 56005 333 60007 90710 91112 93100 555 60005=
07299,2008-02-16 16:00:00,5.1,1039,-0,43,-6.4,20000,7.408,22.224,,10,,,0,,,,,,,,og-post,,,,AAXX 16164 07299 22970 00104 10051 21064 30050 40390 55000 333 60005 90710 91112 93100=
07299,2008-02-16 17:00:00,3.2,1039.6,0.3,49,-6.5,20000,3.704,14.816,,140,,,0,,,,,,,,og-post,,,,AAXX 16174 07299 22970 01402 10032 21065 30053 40396 53003 333 60005 90710 91108 93100=
07299,2008-02-16 18:00:00,1.3,1040.3,1,53,-7.2,20000,3.704,11.112,,300,-7.1,5.6,0,0,,,,,,,og-post,,,,AAXX 16184 07299 02970 03002 10013 21072 30058 40403 53010 60002 333 10056 21071 60007 90710 91106 93100 555 60005=
07299,2008-02-16 19:00:00,1.6,1040.4,1,45,-9,20000,14.816,25.928,,110,,,0,,,,,,,,og-post,,,,AAXX 16194 07299 22970 01108 10016 21090 30059 40404 51010 333 60005 90710 91114 93100=
07299,2008-02-16 20:00:00,-2.1,1041.4,1.1,65,-7.8,20000,7.408,25.928,,310,,,0,,,,,,,,og-post,,,,AAXX 16204 07299 22970 03104 11021 21078 30064 40414 53011 333 60005 90710 91114 93100=
07299,2008-02-16 21:00:00,-2.5,1042.1,1.2,66,-8,20000,11.112,14.816,,330,,,0,0,,,,,,,og-post,,,,AAXX 16214 07299 22970 03306 11025 21080 30070 40421 53012 333 60007 90710 91108 93100 555 60005=
07299,2008-02-16 22:00:00,-2.3,1042.1,1.1,63,-8.4,20000,7.408,14.816,,310,,,0,,,,,,,,og-post,,,,AAXX 16224 07299 22970 03104 11023 21084 30071 40421 51011 333 60005 90710 91108 93100=
07299,2008-02-16 23:00:00,-4.3,1042.2,0.4,70,-8.9,20000,7.408,14.816,,330,,,0,,,,,,,,og-post,,,,AAXX 16234 07299 22970 03304 11043 21089 30069 40422 50004 333 60005 90710 91108 93100=
07299,2008-02-17 00:00:00,-5.4,1042.5,0.1,77,-8.8,18000,7.408,14.816,,340,,,0,0,,,,,,,og-post,,,,AAXX 17004 07299 02968 03404 11054 21088 30071 40425 53001 60001 333 60007 90710 91108 93100 555 60005=
07299,2008-02-17 01:00:00,-6.1,1042.6,-0,76,-9.6,20000,7.408,11.112,,340,,,0,,,,,,,,og-post,,,,AAXX 17014 07299 26/70 /3404 11061 21096 30071 40426 55000 333 60005 90710 91106=
07299,2008-02-17 02:00:00,-6.1,1042.4,0,80,-9,20000,7.408,14.816,,320,,,0,,,,,,,,og-post,,,,AAXX 17024 07299 26/70 /3204 11061 21090 30069 40424 50000 333 60005 90710 91108=
07299,2008-02-17 03:00:00,-6.3,1041.9,-0.7,78,-9.5,20000,11.112,14.816,,320,,,0,0,,,,,,,og-post,,,,AAXX 17034 07299 22970 03206 11063 21095 30064 40419 58007 333 60007 90710 91108 93100 555 60005=
07299,2008-02-17 04:00:00,-6.2,1042,-0.7,82,-8.8,18000,3.704,14.816,,280,,,0,,,,,,,,og-post,,,,AAXX 17044 07299 22968 02802 11062 21088 30065 40420 56007 333 60005 90710 91108 93100=
07299,2008-02-17 05:00:00,-6.9,1041.9,-0.5,82,-9.4,17000,3.704,7.408,,310,,,0,,,,,,,,og-post,,,,AAXX 17054 07299 22967 03102 11069 21094 30063 40419 56005 333 60005 90710 91104 93100=
07299,2008-02-17 06:00:00,-8.1,1042.4,0.2,86,-10,18000,11.112,14.816,,320,-8.1,1.9,0,0,,,0,9.6,-11,,og-post,,,,AAXX 17064 07299 02968 03206 11081 21100 30066 40424 53002 60002 333 10019 21081 34111 55096 60007 70000 90710 91108 93100 555 60005=
07299,2008-02-17 07:00:00,-7.4,1043,0.9,85,-9.5,25000,3.704,11.112,,40,,,0,,,,,,,,og-post,,,,AAXX 17074 07299 22975 00402 11074 21095 30073 40430 53009 333 60005 90710 91106 93100=
07299,2008-02-17 08:00:00,-2.4,1042.6,1.2,63,-8.5,25000,7.408,11.112,,90,,,0,,,,,,,,og-post,,,,AAXX 17084 07299 22975 00904 11024 21085 30075 40426 51012 333 60005 90710 91106 93100=
07299,2008-02-17 09:00:00,0,1042.1,0.8,53,-8.4,20000,7.408,18.52,,70,,,0,0,,,,,,,og-post,,,,AAXX 17094 07299 22970 00704 10000 21084 30074 40421 50008 333 60007 90710 91110 93100 555 60005=
07299,2008-02-17 10:00:00,2,1042,0.2,51,-7.1,16000,3.704,14.816,,210,,,0,,,,,,,,og-post,,,,AAXX 17104 07299 22966 02102 10020 21071 30075 40420 51002 333 60005 90710 91108 93100=
07299,2008-02-17 11:00:00,3.2,1041.5,-0.3,46,-7.3,14000,7.408,22.224,,140,,,0,,,,,,,,og-post,,,,AAXX 17114 07299 22964 01404 10032 21073 30072 40415 58003 333 60005 90710 91112 93100=
07299,2008-02-17 12:00:00,4.2,1040.7,-0.9,44,-6.9,20000,11.112,18.52,,70,,,0,0,,,,,,,og-post,,,,AAXX 17124 07299 02970 10706 10042 21069 30065 40407 58009 60001 80002 333 60007 81073 90710 91110 93100 555 60005=
07299,2008-02-17 13:00:00,5.7,1040,-1.5,40,-6.8,16000,3.704,14.816,,120,,,0,,,,,,,,og-post,,,,AAXX 17134 07299 22966 11202 10057 21068 30060 40400 58015 80002 333 60005 81073 90710 91108 93100=
07299,2008-02-17 14:00:00,6.5,1039.3,-1.8,38,-6.8,16000,3.704,11.112,,90,,,0,,,,,,,,og-post,,,,AAXX 17144 07299 22966 10902 10065 21068 30054 40393 57018 80002 333 60005 81073 90710 91106 93100=
07299,2008-02-17 15:00:00,7,1038.9,-1.5,36,-7,16000,,7.408,,,,,0,0,,,,,,,og-post,,,,AAXX 17154 07299 22966 10000 10070 21070 30051 40389 56015 80002 333 60007 81073 90710 91104 93100 555 60005=
07299,2008-02-17 16:00:00,7.4,1039,-0.7,35,-7,16000,,7.408,,,,,0,,,,,,,,og-post,,,,AAXX 17164 07299 22966 10000 10074 21070 30053 40390 55007 80001 333 60005 81073 90710 91104 93100=
07299,2008-02-17 17:00:00,2.1,1039.8,-0,58,-5.3,16000,7.408,11.112,,330,,,0,,,,,,,,og-post,,,,AAXX 17174 07299 22966 23304 10021 21053 30054 40398 55000 80001 333 60005 82073 90710 91106 93100=
07299,2008-02-17 18:00:00,-1.5,1040.3,0.3,71,-6.1,16000,3.704,7.408,,280,-8.4,7.8,0,0,,,,,,,og-post,,,,AAXX 17184 07299 02966 02802 11015 21061 30054 40403 51003 60002 333 10078 21084 60007 90710 91104 93100 555 60005=
07299,2008-02-17 19:00:00,-2.6,1040.4,0.1,83,-5.1,15000,3.704,7.408,,250,,,0,,,,,,,,og-post,,,,AAXX 17194 07299 22965 02502 11026 21051 30054 40404 51001 333 60005 90710 91104 93100=
07299,2008-02-17 20:00:00,-3.5,1040.3,-0.2,87,-5.3,12000,3.704,7.408,,210,,,0,,,,,,,,og-post,,,,AAXX 17204 07299 22962 02102 11035 21053 30052 40403 58002 333 60005 90710 91104 93100=
07299,2008-02-17 21:00:00,-4,1040.3,-0.3,87,-5.8,12000,,7.408,,,,,0,0,,,,,,,og-post,,,,AAXX 17214 07299 22962 00000 11040 21058 30051 40403 58003 333 60007 90710 91104 93100 555 60005=
07299,2008-02-17 22:00:00,-4.7,1040.2,-0.5,90,-6.1,9000,3.704,3.704,,250,,,0,,,,,,,,og-post,,,,AAXX 17224 07299 22959 02502 11047 21061 30049 40402 57005 333 60005 90710 91102 93100=
07299,2008-02-17 23:00:00,-5.1,1040,-0.5,91,-6.3,7000,,3.704,,,,,0,,,,,,,,og-post,,,,AAXX 17234 07299 22957 00000 11051 21063 30047 40400 58005 333 60005 90710 91102 93100=
07299,2008-02-18 00:00:00,-5.6,1039.7,-0.8,88,-7.3,7000,,3.704,,,,,0,0,,,,,,,og-post,,,,AAXX 18004 07299 02957 00000 11056 21073 30043 40397 58008 60001 333 60007 90710 91102 93100 555 60005=
07299,2008-02-18 01:00:00,-6.2,1039.2,-1.1,90,-7.6,7000,,7.408,,,,,0,,,,,,,,og-post,,,,AAXX 18014 07299 26/57 /0000 11062 21076 30038 40392 58011 333 60005 90710 91104=
07299,2008-02-18 02:00:00,-6.4,1038.6,-1.4,90,-7.8,4800,3.704,3.704,,150,,,0,,,,,,,,og-post,,,,AAXX 18024 07299 26/48 /1502 11064 21078 30032 40386 58014 333 60005 90710 91102=
07299,2008-02-18 03:00:00,-6.5,1038.1,-1.6,91,-7.7,6000,,7.408,,,,,0,0,,,,,,,og-post,,,,AAXX 18034 07299 22956 00000 11065 21077 30027 40381 57016 333 60007 90710 91104 93100 555 60005=
07299,2008-02-18 04:00:00,-6.6,1038.3,-1,90,-8,6000,3.704,11.112,,210,,,0,,,,,,,,og-post,,,,AAXX 18044 07299 22956 02102 11066 21080 30028 40383 55010 333 60005 90710 91106 93100=
07299,2008-02-18 05:00:00,-7.3,1038,-0.6,89,-8.8,6000,3.704,7.408,,140,,,0,,,,,,,,og-post,,,,AAXX 18054 07299 22956 01402 11073 21088 30025 40380 56006 333 60005 90710 91104 93100=
07299,2008-02-18 06:00:00,-7.1,1037.7,-0.5,90,-8.5,6000,3.704,7.408,,210,-7.4,-1.6,0,0,,,0,9.7,-12,,og-post,,,,AAXX 18064 07299 02956 02102 11071 21085 30022 40377 58005 60002 333 11016 21074 34112 55097 60007 70000 90710 91104 93100 555 60005=
07299,2008-02-18 07:00:00,-6.2,1037.4,-0.6,90,-7.6,6000,11.112,11.112,,200,,,0,,,,,,,,og-post,,,,AAXX 18074 07299 22956 02006 11062 21076 30020 40374 57006 333 60005 90710 91106 93100=
07299,2008-02-18 08:00:00,-2.4,1037.1,-0.4,86,-4.4,5000,7.408,11.112,,150,,,0,,,,,,,,og-post,,,,AAXX 18084 07299 22950 11504 11024 21044 30022 40371 55004 80001 333 60005 81073 90710 91106 93100=
07299,2008-02-18 09:00:00,0.7,1036.3,-0.3,73,-3.6,6000,11.112,14.816,,160,,,0,0,,,,,,,og-post,,,,AAXX 18094 07299 22956 11606 10007 21036 30019 40363 58003 80001 333 60007 81073 90710 91108 93100 555 60005=
07299,2008-02-18 10:00:00,3.3,1035.6,-0.7,58,-4.2,9000,7.408,14.816,,150,,,0,,,,,,,,og-post,,,,AAXX 18104 07299 22959 11504 10033 21042 30015 40356 58007 80001 333 60005 81073 90710 91108 93100=
07299,2008-02-18 11:00:00,6.1,1034.6,-1.3,47,-4.3,9000,3.704,11.112,,190,,,0,,,,,,,,og-post,,,,AAXX 18114 07299 22959 11902 10061 21043 30009 40346 58013 80001 333 60005 81073 90710 91106 93100=
07299,2008-02-18 12:00:00,7.3,1033.4,-2.1,42,-4.7,9000,3.704,11.112,,60,,,0,0,,,,,,,og-post,,,,AAXX 18124 07299 02959 10602 10073 21047 39998 40334 58021 60001 80001 333 60007 81073 90710 91106 93100 555 60005=
07299,2008-02-18 13:00:00,8.4,1032.4,-2.4,32,-7.3,10000,7.408,14.816,,10,,,0,,,,,,,,og-post,,,,AAXX 18134 07299 22960 10104 10084 21073 39990 40324 58024 80001 333 60005 81073 90710 91108 93100=
07299,2008-02-18 14:00:00,9,1031.6,-2.5,26,-9.4,12000,7.408,14.816,,360,,,0,,,,,,,,og-post,,,,AAXX 18144 07299 22962 13604 10090 21094 39983 40316 56025 80001 333 60005 81073 90710 91108 93100=
07299,2008-02-18 15:00:00,9.2,1031.2,-1.9,29,-7.9,15000,11.112,18.52,,360,,,0,0,,,,,,,og-post,,,,AAXX 18154 07299 22965 03606 10092 21079 39979 40312 56019 333 60007 90710 91110 93100 555 60005=
07299,2008-02-18 16:00:00,7.8,1030.9,-1.5,34,-7.1,15000,11.112,18.52,,360,,,0,,,,,,,,og-post,,,,AAXX 18164 07299 22965 03606 10078 21071 39975 40309 56015 333 60005 90710 91110 93100=
07299,2008-02-18 17:00:00,3.7,1031,-1.2,45,-7.1,13000,11.112,14.816,,360,,,0,,,,,,,,og-post,,,,AAXX 18174 07299 22963 03606 10037 21071 39971 40310 56012 333 60005 90710 91108 93100=
07299,2008-02-18 18:00:00,0.9,1031.3,-0.8,64,-5.1,10000,7.408,11.112,,260,-6.8,9.4,0,0,,,,,,,og-post,,,,AAXX 18184 07299 02960 02604 10009 21051 39970 40313 56008 60002 333 10094 21068 60007 90710 91106 93100 555 60005=
07299,2008-02-18 19:00:00,-1.9,1031.5,-0.6,77,-5.4,9000,3.704,7.408,,230,,,0,,,,,,,,og-post,,,,AAXX 18194 07299 22959 02302 11019 21054 39969 40315 56006 333 60005 90710 91104 93100=
07299,2008-02-18 20:00:00,-3.1,1031.6,-0.3,85,-5.3,9000,3.704,3.704,,240,,,0,,,,,,,,og-post,,,,AAXX 18204 07299 22959 02402 11031 21053 39968 40316 57003 333 60005 90710 91102 93100=
07299,2008-02-18 21:00:00,-3,1031.7,-0.1,86,-5,9000,3.704,3.704,,180,,,0,0,,,,,,,og-post,,,,AAXX 18214 07299 22959 01802 11030 21050 39969 40317 55001 333 60007 90710 91102 93100 555 60005=
07299,2008-02-18 22:00:00,-4.2,1031.5,-0.3,91,-5.4,7000,,3.704,,,,,0,,,,,,,,og-post,,,,AAXX 18224 07299 22957 00000 11042 21054 39966 40315 58003 333 60005 90710 91102 93100=
07299,2008-02-18 23:00:00,-4.2,1031.2,-0.5,91,-5.4,7000,,3.704,,,,,0,,,,,,,,og-post,,,,AAXX 18234 07299 22957 00000 11042 21054 39963 40312 58005 333 60005 90710 91102 93100=
07299,2008-02-19 00:00:00,-4.9,1031.1,-0.8,89,-6.4,6000,,3.704,,,,,0,0,,,,,,,og-post,,,,AAXX 19004 07299 02956 00000 11049 21064 39961 40311 56008 60001 333 60007 90710 91102 93100 555 60005=
07299,2008-02-19 01:00:00,-4.9,1030.4,-1.2,90,-6.3,7000,7.408,7.408,,160,,,0,,,,,,,,og-post,,,,AAXX 19014 07299 26/57 /1604 11049 21063 39954 40304 58012 333 60005 90710 91104=
07299,2008-02-19 02:00:00,-4.6,1029.9,-1.3,86,-6.6,4700,3.704,7.408,,170,,,0,,,,,,,,og-post,,,,AAXX 19024 07299 26/47 /1702 11046 21066 39950 40299 58013 333 60005 90710 91104=
07299,2008-02-19 03:00:00,-5,1029.5,-1.5,87,-6.8,7000,3.704,7.408,,180,,,0,0,,,,,,,og-post,,,,AAXX 19034 07299 22957 01802 11050 21068 39946 40295 56015 333 60007 90710 91104 93100 555 60005=
07299,2008-02-19 04:00:00,-6.1,1029.6,-0.9,87,-7.9,7000,7.408,7.408,,180,,,0,,,,,,,,og-post,,,,AAXX 19044 07299 22957 01804 11061 21079 39945 40296 56009 333 60005 90710 91104 93100=
07299,2008-02-19 05:00:00,-5.2,1029.5,-0.5,81,-7.9,8000,3.704,14.816,,150,,,0,,,,,,,,og-post,,,,AAXX 19054 07299 22958 01502 11052 21079 39945 40295 56005 333 60005 90710 91108 93100=
07299,2008-02-19 06:00:00,-5.1,1029.2,-0.3,85,-7.2,9000,7.408,11.112,,120,-6.1,0.9,0,0,,,0,9.6,-11,,og-post,,,,AAXX 19064 07299 02959 01204 11051 21072 39943 40292 58003 60002 333 10009 21061 34111 55096 60007 70000 90710 91106 93100 555 60005=
07299,2008-02-19 07:00:00,-5.2,1029.5,-0,84,-7.5,8000,3.704,7.408,,170,,,0,,,,,,,,og-post,,,,AAXX 19074 07299 22958 01702 11052 21075 39945 40295 55000 333 60005 90710 91104 93100=
07299,2008-02-19 08:00:00,-1.4,1029.1,0.1,79,-4.6,8000,3.704,11.112,,130,,,0,,,,,,,,og-post,,,,AAXX 19084 07299 22958 01302 11014 21046 39946 40291 53001 333 60005 90710 91106 93100=
07299,2008-02-19 09:00:00,1.6,1028.3,-0.1,66,-4,8000,,3.704,,,,,0,0,,,,,,,og-post,,,,AAXX 19094 07299 22958 00000 10016 21040 39942 40283 58001 333 60007 90710 91102 93100 555 60005=
07299,2008-02-19 10:00:00,3,1027.6,-0.8,61,-3.8,10000,3.704,11.112,,300,,,0,,,,,,,,og-post,,,,AAXX 19104 07299 22960 03002 10030 21038 39937 40276 58008 333 60005 90710 91106 93100=
07299,2008-02-19 11:00:00,6.2,1026.6,-1.5,47,-4.3,10000,3.704,11.112,,360,,,0,,,,,,,,og-post,,,,AAXX 19114 07299 22960 03602 10062 21043 39931 40266 58015 333 60005 90710 91106 93100=
07299,2008-02-19 12:00:00,8.5,1025.4,-1.9,41,-4,15000,7.408,14.816,,300,,,0,0,,,,,,,og-post,,,,AAXX 19124 07299 02965 03004 10085 21040 39922 40254 58019 60001 333 60007 90710 91108 93100 555 60005=
07299,2008-02-19 13:00:00,9.9,1024.6,-2.1,36,-4.4,15000,7.408,11.112,,280,,,0,,,,,,,,og-post,,,,AAXX 19134 07299 22965 02804 10099 21044 39916 40246 56021 333 60005 90710 91106 93100=
07299,2008-02-19 14:00:00,10.9,1023.7,-2.1,34,-4.3,15000,3.704,11.112,,300,,,0,,,,,,,,og-post,,,,AAXX 19144 07299 22965 03002 10109 21043 39909 40237 56021 333 60005 90710 91106 93100=
07299,2008-02-19 15:00:00,11.4,1023.1,-1.9,32,-4.7,12000,3.704,7.408,,310,,,0,0,,,,,,,og-post,,,,AAXX 19154 07299 22962 03102 10114 21047 39903 40231 57019 333 60007 90710 91104 93100 555 60005=
07299,2008-02-19 16:00:00,10.3,1022.9,-1.6,33,-5.2,12000,7.408,11.112,,360,,,0,,,,,,,,og-post,,,,AAXX 19164 07299 22962 03604 10103 21052 39900 40229 56016 333 60005 90710 91106 93100=
07299,2008-02-19 17:00:00,5.1,1023.6,-0.8,50,-4.4,12000,7.408,11.112,,330,,,0,,,,,,,,og-post,,,,AAXX 19174 07299 22962 03304 10051 21044 39901 40236 55008 333 60005 90710 91106 93100=
07299,2008-02-19 18:00:00,1.1,1024.5,0.2,73,-3.2,10000,3.704,7.408,,260,-5.2,12,0,0,,,,,,,og-post,,,,AAXX 19184 07299 02960 02602 10011 21032 39905 40245 53002 60002 333 10120 21052 60007 90710 91104 93100 555 60005=
07299,2008-02-19 19:00:00,-0.4,1024.7,0.5,81,-3.3,10000,3.704,3.704,,240,,,0,,,,,,,,og-post,,,,AAXX 19194 07299 22960 02402 11004 21033 39905 40247 51005 333 60005 90710 91102 93100=
07299,2008-02-19 20:00:00,-2,1025,0.5,83,-4.5,7000,3.704,7.408,,190,,,0,,,,,,,,og-post,,,,AAXX 19204 07299 22957 01902 11020 21045 39906 40250 51005 333 60005 90710 91104 93100=
07299,2008-02-19 21:00:00,-2.1,1025,0.1,85,-4.3,6000,3.704,7.408,,180,,,0,0,,,,,,,og-post,,,,AAXX 19214 07299 22956 01802 11021 21043 39906 40250 52001 333 60007 90710 91104 93100 555 60005=
07299,2008-02-19 22:00:00,-2,1024.9,0,88,-3.7,6000,3.704,7.408,,190,,,0,,,,,,,,og-post,,,,AAXX 19224 07299 22956 01902 11020 21037 39905 40249 50000 333 60005 90710 91104 93100=
07299,2008-02-19 23:00:00,-2,1024.5,-0.5,84,-4.3,6000,7.408,11.112,,180,,,0,,,,,,,,og-post,,,,AAXX 19234 07299 22956 01804 11020 21043 39901 40245 58005 333 60005 90710 91106 93100=
07299,2008-02-20 00:00:00,-0.2,1024.3,-0.5,77,-3.7,6000,14.816,18.52,,190,,,0,0,,,,,,,og-post,,,,AAXX 20004 07299 02956 01908 11002 21037 39901 40243 56005 60001 333 60007 90710 91110 93100 555 60005=
07299,2008-02-20 01:00:00,-1.6,1024.7,-0.1,82,-4.3,6000,11.112,18.52,,170,,,0,,,,,,,,og-post,,,,AAXX 20014 07299 26/56 /1706 11016 21043 39904 40247 55001 333 60005 90710 91110=
07299,2008-02-20 02:00:00,-3.2,1024.9,0.2,87,-5,5000,7.408,14.816,,160,,,0,,,,,,,,og-post,,,,AAXX 20024 07299 26/50 /1604 11032 21050 39903 40249 50002 333 60005 90710 91108=
07299,2008-02-20 03:00:00,-2.8,1024.5,-0.1,87,-4.7,6000,11.112,14.816,,160,,,0,0,,,,,,,og-post,,,,AAXX 20034 07299 22956 01606 11028 21047 39900 40245 58001 333 60007 90710 91108 93100 555 60005=
07299,2008-02-20 04:00:00,-1.9,1024.3,-0.5,83,-4.4,6000,11.112,18.52,,190,,,0,,,,,,,,og-post,,,,AAXX 20044 07299 22956 21906 11019 21044 39899 40243 57005 82030 333 60005 82362 90710 91110 93100=
07299,2008-02-20 05:00:00,-2,1024.4,-0.3,82,-4.7,7000,11.112,14.816,,190,,,0,,,,,,,,og-post,,,,AAXX 20054 07299 22957 41906 11020 21047 39900 40244 55003 84030 333 60005 84362 90710 91108 93100=
07299,2008-02-20 06:00:00,-1.3,1024.4,0.1,81,-4.1,7000,14.816,18.52,,170,-4,1.1,0,0,,,0,9.7,-7,,og-post,,,,AAXX 20064 07299 02957 41708 11013 21041 39901 40244 53001 60002 84030 333 10011 21040 34107 55097 60007 70000 84361 90710 91110 93100 555 60005=
07299,2008-02-20 07:00:00,-1.6,1024.6,0.4,83,-4.1,7000,7.408,22.224,,180,,,0,,,,,,,,og-post,,,,AAXX 20074 07299 22957 41804 11016 21041 39903 40246 53004 84030 333 60005 84361 90710 91112 93100=
07299,2008-02-20 08:00:00,0.9,1024.6,0.6,77,-2.7,7000,11.112,18.52,,180,,,0,,,,,,,,og-post,,,,AAXX 20084 07299 22957 41806 10009 21027 39906 40246 53006 84030 333 60005 84361 90710 91110 93100=
07299,2008-02-20 09:00:00,3.5,1024.2,0.4,69,-1.6,7000,11.112,18.52,,160,,,0,0,,,,,,,og-post,,,,AAXX 20094 07299 22957 61606 10035 21016 39905 40242 50004 83034 333 60007 83361 85073 90710 91110 93100 555 60005=
07299,2008-02-20 10:00:00,5.8,1023.9,0.2,57,-2,8000,11.112,18.52,,150,,,0,,,,,,,,og-post,,,,AAXX 20104 07299 22958 71506 10058 21020 39905 40239 51002 83034 333 60005 83361 86073 90710 91110 93100=
07299,2008-02-20 11:00:00,7.9,1023.6,-0.2,52,-1.3,8000,11.112,14.816,,150,,,0,,,,,,,,og-post,,,,AAXX 20114 07299 22858 71506 10079 21013 39904 40236 58002 85054 333 60005 83357 85359 87073 90710 91108 93100=
07299,2008-02-20 12:00:00,9.2,1023.2,-0.3,49,-0.9,8000,3.704,11.112,,150,,,0,0,,,,,,,og-post,,,,AAXX 20124 07299 02858 71502 10092 21009 39902 40232 58003 60001 8707/ 333 60007 83357 87358 90710 91106 93100 555 60005=
07299,2008-02-20 13:00:00,9,1023.1,-0.5,62,2.1,8000,3.704,7.408,,260,,,0,,,,,,,,og-post,,,,AAXX 20134 07299 22658 72602 10090 20021 39901 40231 56005 8457/ 333 60005 84648 87357 90710 91104 93100=
07299,2008-02-20 14:00:00,7,1023.4,-0.2,88,5.2,8000,3.704,22.224,,110,,,2,,,,,,,61,og-post,,,,AAXX 20144 07299 21658 71102 10070 20052 39902 40234 55002 76166 875// 333 60025 87640 90710 91112 93100=
07299,2008-02-20 15:00:00,6.6,1023.6,0.1,91,5.2,8000,7.408,11.112,,120,,,1,3,,,,,,61,og-post,,,,AAXX 20154 07299 21658 81204 10066 20052 39903 40236 53001 76162 875// 333 60037 87640 90710 91106 93100 555 60015=
07299,2008-02-20 16:00:00,6.5,1023.4,0,92,5.3,7000,7.408,11.112,,120,,,1,,,,,,,61,og-post,,,,AAXX 20164 07299 21657 81204 10065 20053 39901 40234 50000 76166 875// 333 60015 83644 87650 90710 91106 93100=
07299,2008-02-20 17:00:00,6.2,1023.7,0.2,93,5.2,7000,3.704,7.408,,100,,,,,,,,,,61,og-post,,,,AAXX 20174 07299 21657 81002 10062 20052 39904 40237 53002 76166 875// 333 69905 87639 90710 91104 93100=
07299,2008-02-20 18:00:00,5.2,1024.4,0.6,94,4.3,6000,,3.704,,,-1.9,9.8,0.2,1,,5,,,,60,og-post,,,,AAXX 20184 07299 01656 80000 10052 20043 39909 40244 53006 60052 76062 875// 333 10098 21019 60017 87634 90710 91102 93100 555 69925=
07299,2008-02-20 19:00:00,5.1,1024.6,1,95,4.4,4000,7.408,7.408,,180,,,0.4,,,,,,,60,og-post,,,,AAXX 20194 07299 21540 81804 10051 20044 39911 40246 51010 76066 875// 333 69945 82625 87636 90710 91104 93100=
07299,2008-02-20 20:00:00,5.1,1025,1,95,4.4,4000,7.408,11.112,,200,,,,,,,,,,60,og-post,,,,AAXX 20204 07299 21540 82004 10051 20044 39915 40250 52010 76066 875// 333 69905 82625 87636 90710 91106 93100=
07299,2008-02-20 21:00:00,5.4,1025.4,1,95,4.7,4000,11.112,14.816,,180,,,,0.4,,,,,,60,og-post,,,,AAXX 20214 07299 21540 71806 10054 20047 39919 40254 53010 76066 878// 333 69947 81625 87635 90710 91108 93100 555 69905=
07299,2008-02-20 22:00:00,5.3,1025.6,1,95,4.6,4000,11.112,14.816,,160,,,,,,,,,,60,og-post,,,,AAXX 20224 07299 21540 71606 10053 20046 39921 40256 51010 76066 878// 333 69905 81625 87635 90710 91108 93100=
07299,2008-02-20 23:00:00,5.3,1025.6,0.5,95,4.6,4000,11.112,14.816,,180,,,,,,,,,,21,og-post,,,,AAXX 20234 07299 21540 71806 10053 20046 39921 40256 50005 72162 878// 333 69905 87631 90710 91108 93100=
07299,2008-02-21 00:00:00,5.5,1025.5,0.1,95,4.8,4000,7.408,11.112,,190,,,0,,0.4,,,,,10,og-post,,,,AAXX 21004 07299 01540 71904 10055 20048 39920 40255 50001 69941 71062 875// 333 69907 87631 90710 91106 93100 555 60005=
07299,2008-02-21 01:00:00,5.3,1025.6,-0,95,4.6,2500,7.408,14.816,,180,,,0,,,,,,,,og-post,,,,AAXX 21014 07299 26/25 /1804 10053 20046 39921 40256 55000 333 60005 90710 91108=
07299,2008-02-21 02:00:00,5.4,1025.7,0.1,95,4.7,2400,7.408,11.112,,180,,,0,,,,,,,,og-post,,,,AAXX 21024 07299 26/24 /1804 10054 20047 39922 40257 53001 333 60005 90710 91106=
07299,2008-02-21 03:00:00,5.3,1025.7,0.2,95,4.6,2500,7.408,14.816,,170,,,0,0,,,,,,10,og-post,,,,AAXX 21034 07299 21525 71704 10053 20046 39922 40257 51002 71022 875// 333 60007 87625 90710 91108 93100 555 60005=
07299,2008-02-21 04:00:00,5,1026,0.4,96,4.4,1800,3.704,11.112,,180,,,0,,,,,,,10,og-post,,,,AAXX 21044 07299 21518 71802 10050 20044 39925 40260 53004 71022 875// 333 60005 85630 87640 90710 91106 93100=
07299,2008-02-21 05:00:00,4.8,1026.3,0.5,96,4.2,1500,7.408,7.408,,210,,,,,,,,,,50,og-post,,,,AAXX 21054 07299 21415 82104 10048 20042 39927 40263 53005 75052 875// 333 69905 81713 87628 90710 91104 93100=
07299,2008-02-21 06:00:00,4.9,1026.7,0.8,96,4.3,1800,3.704,7.408,,180,4.7,5.5,0.4,0.4,,0.8,5.4,3.4,4,50,og-post,,,,AAXX 21064 07299 01418 81802 10049 20043 39931 40267 52008 69982 75065 875// 333 10055 20047 32004 55034 69947 70054 81713 87620 90710 91104 93100 555 69945=
07299,2008-02-21 07:00:00,5.3,1027.2,1.2,96,4.7,1500,3.704,11.112,,190,,,0.6,,,,,,,58,og-post,,,,AAXX 21074 07299 21415 81902 10053 20047 39937 40272 53012 75865 875// 333 69965 81714 87622 90710 91106 93100=
07299,2008-02-21 08:00:00,5.5,1027.4,1.2,97,5.1,1700,7.408,7.408,,180,,,0.2,,,,,,,50,og-post,,,,AAXX 21084 07299 21417 81804 10055 20051 39939 40274 51012 75065 875// 333 69925 81711 87617 90710 91104 93100=
07299,2008-02-21 09:00:00,6.3,1027.9,1.4,97,5.9,2300,,7.408,,,,,,0.8,,,,,,50,og-post,,,,AAXX 21094 07299 21223 80000 10063 20059 39945 40279 51014 75065 875// 333 69987 81705 87618 90710 91104 93100 555 69905=
07299,2008-02-21 10:00:00,6.4,1028.4,1.3,96,5.8,1200,,3.704,,,,,,,,,,,,58,og-post,,,,AAXX 21104 07299 21112 80000 10064 20058 39950 40284 53013 75865 885// 333 69905 81702 88617 90710 91102 93100=
07299,2008-02-21 11:00:00,7.1,1028.2,1,97,6.7,1500,3.704,7.408,,190,,,0.6,,,,,,,58,og-post,,,,AAXX 21114 07299 21215 81902 10071 20067 39949 40282 50010 75866 885// 333 69965 81703 86619 87628 90710 91104 93100=
07299,2008-02-21 12:00:00,7.7,1028,0.3,96,7.1,2000,7.408,11.112,,160,,,,0.6,1,,,,,21,og-post,,,,AAXX 21124 07299 01420 81604 10077 20071 39947 40280 50003 60011 72165 875// 333 69967 82618 87621 90710 91106 93100 555 69905=
07299,2008-02-21 13:00:00,8,1027.8,-0.4,95,7.2,1300,3.704,7.408,,100,,,,,,,,,,51,og-post,,,,AAXX 21134 07299 21113 81002 10080 20072 39946 40278 57004 75152 875// 333 69905 81701 86705 87618 90710 91104 93100=
07299,2008-02-21 14:00:00,8.1,1028.1,-0,96,7.5,1400,3.704,7.408,,180,,,0.2,,,,,,,50,og-post,,,,AAXX 21144 07299 21014 81802 10081 20075 39949 40281 55000 75055 876// 333 69925 81701 87706 87617 90710 91104 93100=
07299,2008-02-21 15:00:00,9,1028.2,0.4,96,8.4,3000,7.408,11.112,,280,,,,0.2,,,,,,20,og-post,,,,AAXX 21154 07299 21230 82804 10090 20084 39951 40282 53004 72054 875// 333 69927 83706 86709 87617 90710 91106 93100 555 69905=
07299,2008-02-21 16:00:00,9.5,1028.3,0.6,89,7.8,8000,14.816,22.224,,260,,,0,,,,,,,,og-post,,,,AAXX 21164 07299 22458 72608 10095 20078 39952 40283 51006 875// 333 60005 81710 85646 86656 90710 91112 93100=
07299,2008-02-21 17:00:00,8.7,1028.8,0.7,90,7.2,9000,11.112,18.52,,240,,,0,,,,,,,,og-post,,,,AAXX 21174 07299 22659 72406 10087 20072 39956 40288 53007 875// 333 60005 86642 86656 90710 91110 93100=
07299,2008-02-21 18:00:00,7.8,1029.6,1.2,93,6.7,7000,7.408,14.816,,230,4.9,9.6,0,0,,2,,,,1,og-post,,,,AAXX 21184 07299 01657 72304 10078 20067 39963 40296 53012 60022 70154 86501 333 10096 20049 60007 82644 86656 87073 90710 91108 93100 555 60005=
07299,2008-02-21 19:00:00,8.1,1030.2,1.7,91,6.7,7000,14.816,18.52,,250,,,0,,,,,,,,og-post,,,,AAXX 21194 07299 22657 72508 10081 20067 39969 40302 53017 86501 333 60005 81645 86656 85073 90710 91110 93100=
07299,2008-02-21 20:00:00,6.7,1030.4,1.2,93,5.6,6000,11.112,18.52,,230,,,0,,,,,,,,og-post,,,,AAXX 21204 07299 22556 62306 10067 20056 39969 40304 51012 85501 333 60005 82633 84656 85073 90710 91110 93100=
07299,2008-02-21 21:00:00,5.9,1030.8,0.9,94,5,5000,7.408,18.52,,110,,,0,0,,,,,,,og-post,,,,AAXX 21214 07299 22550 71104 10059 20050 39972 40308 51009 84502 333 60007 82633 83656 87073 90710 91110 93100 555 60005=
07299,2008-02-21 22:00:00,5.9,1030.9,0.4,94,5,5000,11.112,11.112,,150,,,0,,,,,,,,og-post,,,,AAXX 21224 07299 22550 71506 10059 20050 39973 40309 53004 84502 333 60005 82633 83656 87073 90710 91106 93100=
07299,2008-02-21 23:00:00,4.6,1031.2,0.5,95,3.9,4000,3.704,11.112,,160,,,0,,,,,,,11,og-post,,,,AAXX 21234 07299 21540 71602 10046 20039 39974 40312 51005 71122 82532 333 60005 81633 83364 87073 90710 91106 93100=
07299,2008-02-22 00:00:00,3.1,1031.6,0.4,95,2.4,3000,,7.408,,,,,0,0,,,,,,11,og-post,,,,AAXX 22004 07299 01530 70000 10031 20024 39976 40316 53004 60001 71122 82532 333 60007 81633 87073 90710 91104 93100 555 60005=
07299,2008-02-22 01:00:00,4,1031.4,0.3,96,3.4,1500,3.704,7.408,,170,,,0,,,,,,,,og-post,,,,AAXX 22014 07299 26/15 /1702 10040 20034 39976 40314 51003 333 60005 90710 91104=
07299,2008-02-22 02:00:00,4.1,1031.5,0.3,96,3.5,1900,7.408,14.816,,160,,,0,,,,,,,,og-post,,,,AAXX 22024 07299 26/19 /1604 10041 20035 39977 40315 51003 333 60005 90710 91108=
07299,2008-02-22 03:00:00,3.9,1031.2,-0.2,96,3.3,4000,7.408,14.816,,150,,,0,0,,,,,,10,og-post,,,,AAXX 22034 07299 21540 71504 10039 20033 39974 40312 58002 71022 8553/ 333 60007 85620 87361 90710 91108 93100 555 60005=
07299,2008-02-22 04:00:00,4.1,1030.9,-0.6,96,3.5,3600,11.112,14.816,,160,,,0,,,,,,,,og-post,,,,AAXX 22044 07299 26/36 /1606 10041 20035 39971 40309 58006 333 60005 90710 91108=
07299,2008-02-22 05:00:00,4.2,1031,-0.5,96,3.6,4000,3.704,14.816,,150,,,0,,,,,,,10,og-post,,,,AAXX 22054 07299 21540 71502 10042 20036 39972 40310 55005 71022 875// 333 60005 82620 87656 90710 91108 93100=
07299,2008-02-22 06:00:00,4.4,1031.3,-0,95,3.7,4500,3.704,11.112,,170,3,8.2,0,0,,,1.6,0.1,1,10,og-post,,,,AAXX 22064 07299 01545 81702 10044 20037 39975 40313 55000 60002 71022 8753/ 333 10082 20030 32001 55001 60007 70016 82620 84656 87363 90710 91106 93100 555 60005=
07299,2008-02-22 07:00:00,4.6,1031.4,0.6,94,3.7,4500,7.408,14.816,,170,,,0,,,,,,,10,og-post,,,,AAXX 22074 07299 21545 81704 10046 20037 39976 40314 53006 71022 8753/ 333 60005 82620 85650 87362 90710 91108 93100=
07299,2008-02-22 08:00:00,5.4,1031.6,0.8,94,4.5,7000,11.112,11.112,,160,,,0,,,,,,,,og-post,,,,AAXX 22084 07299 22557 81606 10054 20045 39979 40316 51008 878// 333 60005 81820 87650 90710 91106 93100=
07299,2008-02-22 09:00:00,6.6,1031.7,0.8,90,5.1,7000,11.112,14.816,,150,,,0,0,,,,,,,og-post,,,,AAXX 22094 07299 22557 81506 10066 20051 39982 40317 52008 878// 333 60007 81820 87647 90710 91108 93100 555 60005=
07299,2008-02-22 10:00:00,8,1031.7,0.6,88,6.1,8000,7.408,11.112,,140,,,0,,,,,,,,og-post,,,,AAXX 22104 07299 22558 81404 10080 20061 39983 40317 51006 878// 333 60005 81821 87650 90710 91106 93100=
07299,2008-02-22 11:00:00,11,1031.2,0.3,77,7.1,8000,3.704,22.224,,200,,,0,,,,,,,,og-post,,,,AAXX 22114 07299 22558 82002 10110 20071 39982 40312 50003 878// 333 60005 81821 87650 90710 91112 93100=
07299,2008-02-22 12:00:00,12.3,1030.4,-0.7,78,8.6,15000,18.52,25.928,,260,,,0,0,,,,,,,og-post,,,,AAXX 22124 07299 02565 72610 10123 20086 39976 40304 58007 60001 878// 333 60007 81825 87650 90710 91114 93100 555 60005=
07299,2008-02-22 13:00:00,13.6,1029.5,-1.4,71,8.4,18000,11.112,25.928,,260,,,0,,,,,,,,og-post,,,,AAXX 22134 07299 22568 72606 10136 20084 39969 40295 58014 878// 333 60005 81825 87650 90710 91114 93100=
07299,2008-02-22 14:00:00,13.7,1029,-1.8,68,7.9,20000,11.112,22.224,,270,,,0,,,,,,,,og-post,,,,AAXX 22144 07299 22570 72706 10137 20079 39964 40290 56018 878// 333 60005 81827 87649 90710 91112 93100=
07299,2008-02-22 15:00:00,13.4,1028.8,-1.3,69,7.8,18000,11.112,18.52,,280,,,0,0,,,,,,,og-post,,,,AAXX 22154 07299 22568 72806 10134 20078 39962 40288 56013 86802 333 60007 81827 86649 90710 91110 93100 555 60005=
07299,2008-02-22 16:00:00,12.3,1029,-0.7,76,8.2,15000,7.408,18.52,,290,,,0,,,,,,,,og-post,,,,AAXX 22164 07299 26/65 /2904 10123 20082 39962 40290 56007 333 60005 90710 91110=
07299,2008-02-22 17:00:00,10.5,1029.6,0.2,84,7.9,18000,7.408,18.52,,300,,,0,,,,,,,,og-post,,,,AAXX 22174 07299 22568 73004 10105 20079 39966 40296 53002 878// 333 60005 81827 87649 90710 91110 93100=
07299,2008-02-22 18:00:00,9.6,1030.2,0.9,86,7.4,15000,3.704,7.408,,170,4.3,14.1,0,0,,,,,,,og-post,,,,AAXX 22184 07299 02665 71702 10096 20074 39971 40302 53009 60002 875// 333 10141 20043 60007 87648 90710 91104 93100 555 60005=
07299,2008-02-22 19:00:00,8.9,1030.7,1.3,89,7.2,13000,,3.704,,,,,0,,,,,,,,og-post,,,,AAXX 22194 07299 22663 70000 10089 20072 39975 40307 52013 875// 333 60005 87643 90710 91102 93100=
07299,2008-02-22 20:00:00,8.4,1031.3,1.4,92,7.2,11000,,7.408,,,,,0,,,,,,,,og-post,,,,AAXX 22204 07299 22661 70000 10084 20072 39980 40313 51014 875// 333 60005 87646 90710 91104 93100=
07299,2008-02-22 21:00:00,8.1,1031.4,1,91,6.7,10000,3.704,3.704,,120,,,0,0,,,,,,,og-post,,,,AAXX 22214 07299 22660 71202 10081 20067 39981 40314 51010 875// 333 60007 87646 90710 91102 93100 555 60005=
07299,2008-02-22 22:00:00,8.3,1031.5,0.6,89,6.6,10000,3.704,7.408,,220,,,0,,,,,,,,og-post,,,,AAXX 22224 07299 22660 72202 10083 20066 39982 40315 51006 875// 333 60005 87645 90710 91104 93100=
07299,2008-02-22 23:00:00,7.9,1031.9,0.5,90,6.4,14000,,7.408,,,,,0,,,,,,,,og-post,,,,AAXX 22234 07299 22664 70000 10079 20064 39985 40319 53005 875// 333 60005 87644 90710 91104 93100=
07299,2008-02-23 00:00:00,8.9,1031.6,0.3,81,5.8,15000,7.408,14.816,,230,,,0,0,,,,,,,og-post,,,,AAXX 23004 07299 02665 72304 10089 20058 39983 40316 51003 60001 875// 333 60007 87645 90710 91108 93100 555 60005=
07299,2008-02-23 01:00:00,7.9,1032.1,0.4,83,5.2,20000,3.704,7.408,,200,,,0,,,,,,,,og-post,,,,AAXX 23014 07299 26/70 /2002 10079 20052 39987 40321 53004 333 60005 90710 91104=
07299,2008-02-23 02:00:00,6.7,1031.6,-0.3,90,5.2,16000,7.408,11.112,,210,,,0,,,,,,,,og-post,,,,AAXX 23024 07299 26/66 /2104 10067 20052 39981 40316 58003 333 60005 90710 91106=
07299,2008-02-23 03:00:00,7.7,1031.1,-0.8,87,5.7,15000,11.112,11.112,,240,,,0,0,,,,,,,og-post,,,,AAXX 23034 07299 22665 72406 10077 20057 39977 40311 58008 875// 333 60007 87643 90710 91106 93100 555 60005=
07299,2008-02-23 04:00:00,8.9,1031.1,-0.8,85,6.5,15000,7.408,18.52,,260,,,0,,,,,,,,og-post,,,,AAXX 23044 07299 22665 72604 10089 20065 39979 40311 55008 875// 333 60005 81633 87641 90710 91110 93100=
07299,2008-02-23 05:00:00,8.3,1031.5,0.1,87,6.3,12000,7.408,11.112,,260,,,0,,,,,,,,og-post,,,,AAXX 23054 07299 22662 62604 10083 20063 39982 40315 53001 86500 333 60005 81633 86643 90710 91106 93100=
07299,2008-02-23 06:00:00,7.4,1031.6,0.6,89,5.7,11000,11.112,18.52,,240,6.7,9.7,0,0,,,0,1.5,5,,og-post,,,,AAXX 23064 07299 02661 72406 10074 20057 39982 40316 51006 60002 86501 333 10097 20067 31005 55015 60007 70000 81633 86641 90710 91110 93100 555 60005=
07299,2008-02-23 07:00:00,7.4,1032,0.7,89,5.7,10000,7.408,22.224,,210,,,0,,,,,,,,og-post,,,,AAXX 23074 07299 22660 72104 10074 20057 39986 40320 53007 85501 333 60005 85638 85075 90710 91112 93100=
07299,2008-02-23 08:00:00,9.6,1031.9,0.5,84,7,10000,3.704,14.816,,130,,,0,,,,,,,,og-post,,,,AAXX 23084 07299 22660 61302 10096 20070 39987 40319 53005 82501 333 60005 82638 86075 90710 91108 93100=
07299,2008-02-23 09:00:00,12.3,1031.6,0.5,71,7.2,15000,3.704,11.112,,130,,,0,0,,,,,,,og-post,,,,AAXX 23094 07299 22/65 71302 10123 20072 39987 40316 51005 80001 333 60007 87075 90710 91106 93100 555 60005=
07299,2008-02-23 10:00:00,13.4,1030.8,-0.5,63,6.5,25000,3.704,11.112,,150,,,0,,,,,,,,og-post,,,,AAXX 23104 07299 22675 71502 10134 20065 39981 40308 58005 81101 333 60005 81833 87075 90710 91106 93100=
07299,2008-02-23 11:00:00,14.5,1030.4,-0.9,58,6.3,25000,3.704,18.52,,70,,,0,,,,,,,,og-post,,,,AAXX 23114 07299 22/75 70702 10145 20063 39978 40304 58009 80001 333 60005 87075 90710 91110 93100=
07299,2008-02-23 12:00:00,15.4,1029.7,-1.5,54,6.1,20000,3.704,11.112,,210,,,0,0,,,,,,,og-post,,,,AAXX 23124 07299 02/70 52102 10154 20061 39972 40297 57015 60001 80001 333 60007 85075 90710 91106 93100 555 60005=
07299,2008-02-23 13:00:00,16.3,1028.6,-1.8,53,6.7,20000,3.704,11.112,,210,,,0,,,,,,,,og-post,,,,AAXX 23134 07299 22/70 42102 10163 20067 39963 40286 58018 80001 333 60005 84075 90710 91106 93100=
07299,2008-02-23 14:00:00,16.6,1028,-2.1,50,6.1,20000,3.704,11.112,,310,,,0,,,,,,,,og-post,,,,AAXX 23144 07299 26/70 /3102 10166 20061 39957 40280 56021 333 60005 90710 91106=
07299,2008-02-23 15:00:00,17.1,1027.3,-2,48,6,20000,3.704,11.112,,300,,,0,0,,,,,,,og-post,,,,AAXX 23154 07299 22/70 33002 10171 20060 39951 40273 56020 80001 333 60007 83075 90710 91106 93100 555 60005=
07299,2008-02-23 16:00:00,16.4,1027,-1.5,49,5.7,20000,7.408,11.112,,360,,,0,,,,,,,,og-post,,,,AAXX 23164 07299 26/70 /3604 10164 20057 39947 40270 56015 333 60005 90710 91106=
07299,2008-02-23 17:00:00,14.5,1027,-1.2,59,6.6,20000,7.408,11.112,,30,,,0,,,,,,,,og-post,,,,AAXX 23174 07299 22/70 30304 10145 20066 39945 40270 56012 80001 333 60005 83075 90710 91106 93100=
07299,2008-02-23 18:00:00,9.3,1027.6,-0.6,83,6.6,20000,7.408,14.816,,310,7.2,17.3,0,0,,,,,,,og-post,,,,AAXX 23184 07299 02/70 33104 10093 20066 39945 40276 56006 60002 80001 333 10173 20072 60007 83075 90710 91108 93100 555 60005=
07299,2008-02-23 19:00:00,7.3,1027.7,-0.3,88,5.4,15000,7.408,11.112,,310,,,0,,,,,,,,og-post,,,,AAXX 23194 07299 22/65 33104 10073 20054 39944 40277 56003 80001 333 60005 83075 90710 91106 93100=
07299,2008-02-23 20:00:00,5.7,1027.6,-0.4,90,4.2,15000,3.704,11.112,,230,,,0,,,,,,,,og-post,,,,AAXX 23204 07299 22/65 12302 10057 20042 39941 40276 58004 80001 333 60005 81073 90710 91106 93100=
07299,2008-02-23 21:00:00,4.9,1027.6,-0.5,93,3.9,8000,3.704,7.408,,290,,,0,0,,,,,,,og-post,,,,AAXX 23214 07299 22/58 12902 10049 20039 39940 40276 57005 80001 333 60007 81073 90710 91104 93100 555 60005=
07299,2008-02-23 22:00:00,3.8,1027.4,-0.7,94,2.9,8000,3.704,7.408,,240,,,0,,,,,,,,og-post,,,,AAXX 23224 07299 22/58 12402 10038 20029 39937 40274 57007 80001 333 60005 81073 90710 91104 93100=
07299,2008-02-23 23:00:00,2.9,1027.2,-0.6,95,2.2,6000,3.704,7.408,,240,,,0,,,,,,,,og-post,,,,AAXX 23234 07299 22/56 12402 10029 20022 39934 40272 58006 80001 333 60005 81073 90710 91104 93100=
07299,2008-02-24 00:00:00,2.4,1027.1,-0.9,95,1.7,5000,3.704,7.408,,200,,,0,0,,,,,,,og-post,,,,AAXX 24004 07299 02/50 12002 10024 20017 39932 40271 58009 60001 80001 333 60007 81073 90710 91104 93100 555 60005=
07299,2008-02-24 01:00:00,1.9,1026.7,-1,95,1.2,3400,3.704,7.408,,200,,,0,,,,,,,,og-post,,,,AAXX 24014 07299 26/34 /2002 10019 20012 39927 40267 58010 333 60005 90710 91104=
07299,2008-02-24 02:00:00,4.2,1026.1,-1.1,96,3.6,11000,11.112,14.816,,180,,,0,,,,,,,,og-post,,,,AAXX 24024 07299 26/61 /1806 10042 20036 39925 40261 56011 333 60005 90710 91108=
07299,2008-02-24 03:00:00,2.3,1026.2,-0.8,95,1.6,7000,7.408,14.816,,160,,,0,0,,,,,,,og-post,,,,AAXX 24034 07299 22/57 11604 10023 20016 39923 40262 56008 80001 333 60007 81073 90710 91108 93100 555 60005=
07299,2008-02-24 04:00:00,2.7,1026.2,-0.3,95,2,7000,7.408,14.816,,170,,,0,,,,,,,,og-post,,,,AAXX 24044 07299 22/57 11704 10027 20020 39924 40262 55003 80001 333 60005 81073 90710 91108 93100=
07299,2008-02-24 05:00:00,2.8,1026.3,0.1,95,2.1,8000,7.408,14.816,,170,,,0,,,,,,,,og-post,,,,AAXX 24054 07299 22958 01704 10028 20021 39925 40263 53001 333 60005 90710 91108 93100=
07299,2008-02-24 06:00:00,3.3,1025.8,-0.2,94,2.4,9000,11.112,18.52,,170,1.7,9.1,0,0,,,0,9.4,-2,,og-post,,,,AAXX 24064 07299 02/59 11706 10033 20024 39921 40258 58002 60002 80001 333 10091 20017 30102 55094 60007 70000 81073 90710 91110 93100 555 60005=
07299,2008-02-24 07:00:00,3.6,1025.7,-0.4,93,2.6,12000,14.816,22.224,,180,,,0,,,,,,,,og-post,,,,AAXX 24074 07299 22/62 11808 10036 20026 39920 40257 58004 80001 333 60005 81073 90710 91112 93100=
07299,2008-02-24 08:00:00,6.1,1025.3,-0.5,88,4.3,12000,11.112,18.52,,170,,,0,,,,,,,,og-post,,,,AAXX 24084 07299 22/62 11706 10061 20043 39919 40253 56005 80001 333 60005 81073 90710 91110 93100=
07299,2008-02-24 09:00:00,8.5,1025,-0.2,80,5.3,12000,11.112,22.224,,170,,,0,0,,,,,,,og-post,,,,AAXX 24094 07299 22962 01706 10085 20053 39919 40250 56002 333 60007 90710 91112 93100 555 60005=
07299,2008-02-24 10:00:00,11.5,1024.4,-0.3,69,6,12000,11.112,14.816,,150,,,0,,,,,,,,og-post,,,,AAXX 24104 07299 22962 01506 10115 20060 39917 40244 58003 333 60005 90710 91108 93100=
07299,2008-02-24 11:00:00,14.5,1023.8,-0.6,58,6.3,20000,3.704,18.52,,210,,,0,,,,,,,,og-post,,,,AAXX 24114 07299 22970 02102 10145 20063 39914 40238 58006 333 60005 90710 91110 93100=
07299,2008-02-24 12:00:00,16.7,1022.7,-1.3,52,6.8,20000,3.704,11.112,,250,,,0,0,,,,,,,og-post,,,,AAXX 24124 07299 02970 02502 10167 20068 39906 40227 58013 60001 333 60007 90710 91106 93100 555 60005=
07299,2008-02-24 13:00:00,17.9,1022,-1.7,46,6.1,30000,11.112,22.224,,240,,,0,,,,,,,,og-post,,,,AAXX 24134 07299 22980 02406 10179 20061 39901 40220 58017 333 60005 90710 91112 93100=
07299,2008-02-24 14:00:00,18.4,1021.2,-2,39,4.2,30000,22.224,29.632,,280,,,0,,,,,,,,og-post,,,,AAXX 24144 07299 22980 02812 10184 20042 39893 40212 57020 333 60005 90710 91116 93100=
07299,2008-02-24 15:00:00,18.7,1020.6,-1.8,36,3.3,30000,11.112,31.484,,270,,,0,0,,,,,,,og-post,,,,AAXX 24154 07299 22980 02706 10187 20033 39888 40206 56018 333 60007 90710 91117 93100 555 60005=
07299,2008-02-24 16:00:00,17.8,1020.6,-1.3,42,4.7,30000,7.408,22.224,,310,,,0,,,,,,,,og-post,,,,AAXX 24164 07299 22980 03104 10178 20047 39887 40206 56013 333 60005 90710 91112 93100=
07299,2008-02-24 17:00:00,13.4,1021.4,-0.3,53,4,30000,11.112,18.52,,310,,,0,,,,,,,,og-post,,,,AAXX 24174 07299 22980 03106 10134 20040 39890 40214 55003 333 60005 90710 91110 93100=
07299,2008-02-24 18:00:00,12,1022.2,0.8,58,4,30000,14.816,22.224,,280,3.1,18.8,0,0,,,,,,,og-post,,,,AAXX 24184 07299 02980 02808 10120 20040 39896 40222 53008 60002 333 10188 20031 60007 90710 91112 93100 555 60005=
07299,2008-02-24 19:00:00,8.3,1022.7,1,76,4.3,30000,7.408,18.52,,180,,,0,,,,,,,,og-post,,,,AAXX 24194 07299 22980 01804 10083 20043 39897 40227 51010 333 60005 90710 91110 93100=
07299,2008-02-24 20:00:00,6.3,1023.4,1.1,84,3.8,25000,7.408,14.816,,120,,,0,,,,,,,,og-post,,,,AAXX 24204 07299 22975 01204 10063 20038 39901 40234 51011 333 60005 90710 91108 93100=
07299,2008-02-24 21:00:00,5.8,1023.7,0.6,81,2.8,20000,3.704,7.408,,200,,,0,0,,,,,,,og-post,,,,AAXX 24214 07299 22970 02002 10058 20028 39903 40237 53006 333 60007 90710 91104 93100 555 60005=
07299,2008-02-24 22:00:00,4.8,1024.1,0.9,85,2.5,20000,7.408,7.408,,140,,,0,,,,,,,,og-post,,,,AAXX 24224 07299 22970 01404 10048 20025 39906 40241 51009 333 60005 90710 91104 93100=
07299,2008-02-24 23:00:00,3.3,1024.4,0.6,88,1.5,20000,3.704,11.112,,150,,,0,,,,,,,,og-post,,,,AAXX 24234 07299 22970 01502 10033 20015 39907 40244 51006 333 60005 90710 91106 93100=
07299,2008-02-25 00:00:00,2.4,1024.8,0.7,92,1.2,20000,,7.408,,,,,0,0,,,,,,,og-post,,,,AAXX 25004 07299 02970 00000 10024 20012 39910 40248 52007 60001 333 60007 90710 91104 93100 555 60005=
07299,2008-02-25 01:00:00,2.1,1025,0.6,94,1.2,20000,3.704,7.408,,160,,,0,,,,,,,,og-post,,,,AAXX 25014 07299 26/70 /1602 10021 20012 39911 40250 53006 333 60005 90710 91104=
07299,2008-02-25 02:00:00,1.5,1025.5,0.8,93,0.5,16000,3.704,7.408,,230,,,0,,,,,,,,og-post,,,,AAXX 25024 07299 26/66 /2302 10015 20005 39915 40255 52008 333 60005 90710 91104=
07299,2008-02-25 03:00:00,1.3,1025.2,0.2,92,0.1,13000,7.408,11.112,,180,,,0,0,,,,,,,og-post,,,,AAXX 25034 07299 26/63 /1804 10013 20001 39912 40252 50002 333 60007 90710 91106 555 60005=
07299,2008-02-25 04:00:00,1.3,1025.7,0.5,94,0.4,20000,3.704,7.408,,200,,,0,,,,,,,,og-post,,,,AAXX 25044 07299 22970 32002 10013 20004 39917 40257 53005 80001 333 60005 83075 90710 91104 93100=
07299,2008-02-25 05:00:00,0.5,1026,0.5,93,-0.5,15000,3.704,7.408,,200,,,0,,,,,,,,og-post,,,,AAXX 25054 07299 22965 32002 10005 21005 39919 40260 53005 80001 333 60005 83075 90710 91104 93100=
07299,2008-02-25 06:00:00,1.2,1026.2,1,94,0.3,15000,7.408,11.112,,170,0.5,12,0,0,,,0,10.1,-2,,og-post,,,,AAXX 25064 07299 02965 71704 10012 20003 39922 40262 51010 60002 80004 333 10120 20005 30102 55101 60007 70000 87073 90710 91106 93100 555 60005=
07299,2008-02-25 07:00:00,2,1026.5,0.9,94,1.1,15000,3.704,11.112,,170,,,0,,,,,,,,og-post,,,,AAXX 25074 07299 22665 71702 10020 20011 39926 40265 53009 86504 333 60005 81640 86650 87070 90710 91106 93100=
07299,2008-02-25 08:00:00,5.1,1026.5,1.1,90,3.6,15000,3.704,11.112,,280,,,0,,,,,,,,og-post,,,,AAXX 25084 07299 22765 72802 10051 20036 39930 40265 53011 82532 333 60005 82650 83364 87075 90710 91106 93100=
07299,2008-02-25 09:00:00,7.1,1026.3,0.8,83,4.4,15000,7.408,11.112,,190,,,0,0,,,,,,,og-post,,,,AAXX 25094 07299 22665 71904 10071 20044 39930 40263 51008 82532 333 60007 82645 83364 87075 90710 91106 93100 555 60005=
07299,2008-02-25 10:00:00,9.8,1025.9,0.3,71,4.8,15000,3.704,11.112,,150,,,0,,,,,,,,og-post,,,,AAXX 25104 07299 22665 71502 10098 20048 39929 40259 50003 82532 333 60005 82645 83360 87075 90710 91106 93100=
07299,2008-02-25 11:00:00,11.7,1025.3,-0.4,64,5.1,15000,3.704,11.112,,290,,,0,,,,,,,,og-post,,,,AAXX 25114 07299 22665 72902 10117 20051 39926 40253 58004 82532 333 60005 82645 84360 87073 90710 91106 93100=
07299,2008-02-25 12:00:00,14.2,1024.3,-1.2,52,4.5,20000,3.704,7.408,,160,,,0,0,,,,,,,og-post,,,,AAXX 25124 07299 02770 71602 10142 20045 39919 40243 58012 60001 81532 333 60007 81650 83365 87073 90710 91104 93100 555 60005=
07299,2008-02-25 13:00:00,14.3,1023.4,-1.9,53,4.9,20000,11.112,18.52,,340,,,0,,,,,,,,og-post,,,,AAXX 25134 07299 22970 73406 10143 20049 39910 40234 58019 81032 333 60005 81365 87073 90710 91110 93100=
07299,2008-02-25 14:00:00,14.5,1022.6,-2.3,52,4.8,20000,11.112,18.52,,360,,,0,,,,,,,,og-post,,,,AAXX 25144 07299 22970 63606 10145 20048 39903 40226 56023 81032 333 60005 81365 86073 90710 91110 93100=
07299,2008-02-25 15:00:00,14.9,1022.3,-1.8,51,4.9,20000,7.408,14.816,,320,,,0,0,,,,,,,og-post,,,,AAXX 25154 07299 22970 43204 10149 20049 39900 40223 56018 81032 333 60007 81365 84073 90710 91108 93100 555 60005=
07299,2008-02-25 16:00:00,14.8,1021.9,-1.3,50,4.5,20000,3.704,11.112,,330,,,0,,,,,,,,og-post,,,,AAXX 25164 07299 22970 33302 10148 20045 39896 40219 56013 81031 333 60005 81365 90710 91106 93100=
07299,2008-02-25 17:00:00,12.9,1022.1,-0.7,56,4.3,20000,,3.704,,,,,0,,,,,,,,og-post,,,,AAXX 25174 07299 22970 20000 10129 20043 39896 40221 56007 81031 333 60005 81365 90710 91102 93100=
07299,2008-02-25 18:00:00,8.1,1023.1,-0,78,4.5,20000,3.704,7.408,,220,1.2,15,0,0,,,,,,,og-post,,,,AAXX 25184 07299 02970 12202 10081 20045 39900 40231 55000 60002 81031 333 10150 20012 60007 81365 90710 91104 93100 555 60005=
07299,2008-02-25 19:00:00,7.2,1023,0.2,81,4.2,15000,7.408,7.408,,230,,,0,,,,,,,,og-post,,,,AAXX 25194 07299 22/65 12304 10072 20042 39898 40230 50002 80001 333 60005 81075 90710 91104 93100=
07299,2008-02-25 20:00:00,5.7,1023.3,0.3,85,3.4,15000,3.704,7.408,,140,,,0,,,,,,,,og-post,,,,AAXX 25204 07299 22965 01402 10057 20034 39899 40233 51003 333 60005 90710 91104 93100=
07299,2008-02-25 21:00:00,4,1023.5,-0.1,91,2.7,12000,3.704,7.408,,200,,,0,0,,,,,,,og-post,,,,AAXX 25214 07299 22962 02002 10040 20027 39899 40235 56001 333 60007 90710 91104 93100 555 60005=
07299,2008-02-25 22:00:00,3.3,1023.7,0.2,92,2.1,12000,3.704,11.112,,160,,,0,,,,,,,,og-post,,,,AAXX 25224 07299 22962 01602 10033 20021 39900 40237 52002 333 60005 90710 91106 93100=
07299,2008-02-25 23:00:00,2.5,1023.5,-0.3,93,1.5,12000,7.408,7.408,,180,,,0,,,,,,,,og-post,,,,AAXX 25234 07299 22962 01804 10025 20015 39897 40235 58003 333 60005 90710 91104 93100=
07299,2008-02-26 00:00:00,2.7,1023.1,-0.5,92,1.5,12000,7.408,14.816,,160,,,0,0,,,,,,,og-post,,,,AAXX 26004 07299 02962 01604 10027 20015 39894 40231 58005 60001 333 60007 90710 91108 93100 555 60005=
07299,2008-02-26 01:00:00,3.6,1022.4,-1.2,90,2.1,10000,11.112,14.816,,170,,,0,,,,,,,,og-post,,,,AAXX 26014 07299 26/60 /1706 10036 20021 39888 40224 58012 333 60005 90710 91108=
07299,2008-02-26 02:00:00,3.5,1021.9,-1.3,91,2.2,10000,11.112,11.112,,160,,,0,,,,,,,,og-post,,,,AAXX 26024 07299 26/60 /1606 10035 20022 39883 40219 58013 333 60005 90710 91106=
07299,2008-02-26 03:00:00,3,1021.4,-1.5,93,2,12000,11.112,14.816,,170,,,0,0,,,,,,,og-post,,,,AAXX 26034 07299 22662 11706 10030 20020 39878 40214 56015 81500 333 60007 81641 90710 91108 93100 555 60005=
07299,2008-02-26 04:00:00,2.6,1021.1,-1.4,92,1.4,12000,7.408,18.52,,160,,,0,,,,,,,,og-post,,,,AAXX 26044 07299 22962 01604 10026 20014 39874 40211 56014 333 60005 90710 91110 93100=
07299,2008-02-26 05:00:00,2.4,1020.8,-1.2,92,1.2,12000,7.408,14.816,,170,,,0,,,,,,,,og-post,,,,AAXX 26054 07299 22662 11704 10024 20012 39871 40208 56012 81500 333 60005 81640 90710 91108 93100=
07299,2008-02-26 06:00:00,2.8,1020.4,-1,91,1.5,9000,11.112,18.52,,170,2.2,8.1,0,0,,,0,6.1,-2,,og-post,,,,AAXX 26064 07299 02959 01706 10028 20015 39868 40204 56010 60002 333 10081 20022 30102 55061 60007 70000 90710 91110 93100 555 60005=
07299,2008-02-26 07:00:00,3.3,1020.4,-0.6,91,2,9000,14.816,22.224,,180,,,0,,,,,,,,og-post,,,,AAXX 26074 07299 22659 11808 10033 20020 39868 40204 56006 81500 333 60005 81640 90710 91112 93100=
07299,2008-02-26 08:00:00,5.1,1020.3,-0.1,88,3.3,9000,11.112,18.52,,190,,,0,,,,,,,,og-post,,,,AAXX 26084 07299 22759 21906 10051 20033 39870 40203 55001 82500 333 60005 82656 90710 91110 93100=
07299,2008-02-26 09:00:00,7.2,1020,0,83,4.5,9000,11.112,22.224,,150,,,0,0,,,,,,,og-post,,,,AAXX 26094 07299 22659 71506 10072 20045 39869 40200 50000 87500 333 60007 87642 90710 91112 93100 555 60005=
07299,2008-02-26 10:00:00,8.8,1019.3,-0.4,78,5.2,10000,7.408,18.52,,160,,,0,,,,,,,,og-post,,,,AAXX 26104 07299 22660 71604 10088 20052 39864 40193 58004 87500 333 60005 87640 90710 91110 93100=
07299,2008-02-26 11:00:00,11.7,1018.2,-1.3,66,5.6,10000,3.704,14.816,,100,,,0,,,,,,,,og-post,,,,AAXX 26114 07299 22660 71002 10117 20056 39857 40182 58013 875// 333 60005 87649 90710 91108 93100=
07299,2008-02-26 12:00:00,12.9,1017.2,-1.9,66,6.7,10000,11.112,14.816,,350,,,0,0,,,,,,,og-post,,,,AAXX 26124 07299 02660 73506 10129 20067 39849 40172 58019 60001 878// 333 60007 81833 87650 90710 91108 93100 555 60005=
07299,2008-02-26 13:00:00,15.8,1016,-2.4,60,8.1,20000,18.52,29.632,,270,,,0,,,,,,,,og-post,,,,AAXX 26134 07299 26/70 /2710 10158 20081 39840 40160 58024 333 60005 90710 91116=
07299,2008-02-26 14:00:00,16.4,1015.2,-2.4,54,7.1,15000,29.632,50.004,,250,,,0,,,,,,,,og-post,,,,AAXX 26144 07299 22665 72516 10164 20071 39833 40152 56024 83832 333 60005 81840 83361 87073 90710 91127 93100=
07299,2008-02-26 15:00:00,15.4,1015.1,-1.8,54,6.1,15000,11.112,38.892,,270,,,0,0,,,,,,,og-post,,,,AAXX 26154 07299 22665 72706 10154 20061 39831 40151 56018 86832 333 60007 81840 85650 87073 90710 91121 93100 555 60005=
07299,2008-02-26 16:00:00,14.7,1015,-1.1,57,6.3,15000,14.816,29.632,,250,,,0,,,,,,,,og-post,,,,AAXX 26164 07299 22665 72508 10147 20063 39829 40150 56011 8683/ 333 60005 81843 85650 87357 90710 91116 93100=
07299,2008-02-26 17:00:00,13.8,1015,-0.5,61,6.4,15000,11.112,38.892,,240,,,0,,,,,,,,og-post,,,,AAXX 26174 07299 22665 72406 10138 20064 39828 40150 56005 8683/ 333 60005 86646 87357 90710 91121 93100=
07299,2008-02-26 18:00:00,12,1015.7,0.2,78,8.3,11000,7.408,29.632,,260,2.7,16.8,0.2,0.2,,0.2,,,,61,og-post,,,,AAXX 26184 07299 01661 72604 10120 20083 39833 40157 53002 69922 76162 8657/ 333 10168 20027 69927 86644 87357 90710 91116 93100 555 69925=
07299,2008-02-26 19:00:00,11.1,1016,0.6,86,8.8,11000,7.408,22.224,,200,,,0.2,,,,,,,61,og-post,,,,AAXX 26194 07299 21661 82004 10111 20088 39835 40160 53006 76166 875// 333 69925 85636 87650 90710 91112 93100=
07299,2008-02-26 20:00:00,11.8,1015.9,0.7,79,8.3,11000,14.816,25.928,,230,,,,,,,,,,61,og-post,,,,AAXX 26204 07299 21661 82308 10118 20083 39835 40159 51007 76166 875// 333 69905 85636 87650 90710 91114 93100=
07299,2008-02-26 21:00:00,10.3,1016.5,0.6,89,8.6,15000,18.52,31.484,,260,,,0.4,0.6,,,,,,61,og-post,,,,AAXX 26214 07299 21565 72610 10103 20086 39839 40165 53006 76166 875// 333 69967 83620 87650 90710 91117 93100 555 69945=
07299,2008-02-26 22:00:00,10.5,1016.4,0.3,85,8.1,15000,14.816,25.928,,250,,,,,,,,,,60,og-post,,,,AAXX 26224 07299 21565 72508 10105 20081 39838 40164 50003 76066 875// 333 69905 81630 87656 90710 91114 93100=
07299,2008-02-26 23:00:00,10.4,1016.2,0,88,8.5,15000,22.224,35.188,,240,,,0.4,,,,,,,60,og-post,,,,AAXX 26234 07299 21565 72412 10104 20085 39836 40162 50000 76066 875// 333 69945 81630 87644 90710 91119 93100=
07299,2008-02-27 00:00:00,10.5,1016.6,0.1,89,8.8,10000,18.52,31.484,,240,,,0.2,0.6,1,,,,,60,og-post,,,,AAXX 27004 07299 01560 72410 10105 20088 39840 40166 53001 60011 76066 875// 333 69967 81630 87644 90710 91117 93100 555 69925=
07299,2008-02-27 01:00:00,10.1,1017,0.7,93,9,10000,11.112,29.632,,230,,,0.2,,,,,,,,og-post,,,,AAXX 27014 07299 26/60 /2306 10101 20090 39844 40170 53007 333 69925 90710 91116=
07299,2008-02-27 02:00:00,10.1,1017,0.8,89,8.4,20000,14.816,29.632,,260,,,,,,,,,,,og-post,,,,AAXX 27024 07299 26/70 /2608 10101 20084 39844 40170 50008 333 69905 90710 91116=
07299,2008-02-27 03:00:00,9.1,1017.3,0.5,86,6.9,12000,18.52,29.632,,260,,,,0.2,,,,,,2,og-post,,,,AAXX 27034 07299 21662 72610 10091 20069 39845 40173 51005 70262 875// 333 69927 87646 90710 91116 93100 555 69905=
07299,2008-02-27 04:00:00,8.4,1018,0.6,86,6.2,12000,25.928,38.892,,250,,,0,,,,,,,,og-post,,,,AAXX 27044 07299 22762 72514 10084 20062 39851 40180 53006 875// 333 60005 87650 90710 91121 93100=
07299,2008-02-27 05:00:00,8.2,1018.8,1.6,84,5.7,15000,22.224,38.892,,250,,,0,,,,,,,,og-post,,,,AAXX 27054 07299 22765 72512 10082 20057 39859 40188 53016 878// 333 60005 81850 87656 90710 91121 93100=
07299,2008-02-27 06:00:00,7.6,1019.7,2.2,84,5.1,15000,18.52,29.632,,260,7.6,12,0,0,,1,1.6,2,6,2,og-post,,,,AAXX 27064 07299 01565 72610 10076 20051 39867 40197 53022 60012 70262 878// 333 10120 20076 31006 55020 60007 70016 81830 87640 90710 91116 93100 555 60005=
07299,2008-02-27 07:00:00,7.1,1020.7,2.5,83,4.4,20000,14.816,29.632,,260,,,0,,,,,,,,og-post,,,,AAXX 27074 07299 22570 72608 10071 20044 39876 40207 52025 83801 333 60005 81830 83636 87075 90710 91116 93100=
07299,2008-02-27 08:00:00,7.8,1021.3,2.2,82,4.9,20000,14.816,22.224,,250,,,0,,,,,,,,og-post,,,,AAXX 27084 07299 22570 72508 10078 20049 39882 40213 51022 83801 333 60005 81830 83636 87075 90710 91112 93100=
07299,2008-02-27 09:00:00,8.3,1021.4,1.7,80,5.1,30000,18.52,29.632,,270,,,0,0,,,,,,,og-post,,,,AAXX 27094 07299 22580 72710 10083 20051 39884 40214 51017 84801 333 60007 84823 87075 90710 91116 93100 555 60005=
07299,2008-02-27 10:00:00,9.9,1021.3,1,74,5.5,30000,18.52,31.484,,240,,,0,,,,,,,,og-post,,,,AAXX 27104 07299 22580 62410 10099 20055 39885 40213 51010 83101 333 60005 83824 86075 90710 91117 93100=
07299,2008-02-27 11:00:00,10.4,1021.3,0.3,68,4.8,30000,25.928,38.892,,250,,,0,,,,,,,,og-post,,,,AAXX 27114 07299 22580 52514 10104 20048 39885 40213 51003 82101 333 60005 82829 85075 90710 91121 93100=
07299,2008-02-27 12:00:00,9.8,1021.2,0,66,3.8,30000,22.224,35.188,,290,,,0,0,,,,,,,og-post,,,,AAXX 27124 07299 02680 62912 10098 20038 39884 40212 50000 60001 83801 333 60007 81833 83640 85075 90710 91119 93100 555 60005=
07299,2008-02-27 13:00:00,10.2,1021.1,-0.2,63,3.5,30000,22.224,31.484,,260,,,0,,,,,,,,og-post,,,,AAXX 27134 07299 22680 72612 10102 20035 39883 40211 58002 84831 333 60005 81833 84642 87075 90710 91117 93100=
07299,2008-02-27 14:00:00,10.9,1021,-0.3,58,3,30000,18.52,31.484,,280,,,0,,,,,,,,og-post,,,,AAXX 27144 07299 22680 72810 10109 20030 39883 40210 57003 83831 333 60005 81833 83646 87075 90710 91117 93100=
07299,2008-02-27 15:00:00,11,1021.1,-0,54,2.1,30000,18.52,31.484,,280,,,0,0,,,,,,,og-post,,,,AAXX 27154 07299 22680 72810 10110 20021 39884 40211 55000 82832 333 60007 81833 87075 90710 91117 93100 555 60005=
07299,2008-02-27 16:00:00,10.8,1021.3,0.3,55,2.1,30000,14.816,31.484,,300,,,0,,,,,,,,og-post,,,,AAXX 27164 07299 22680 73008 10108 20021 39886 40213 53003 82832 333 60005 81833 87075 90710 91117 93100=
07299,2008-02-27 17:00:00,9.4,1021.9,0.8,61,2.3,30000,11.112,22.224,,260,,,0,,,,,,,,og-post,,,,AAXX 27174 07299 22680 72606 10094 20023 39890 40219 53008 82832 333 60005 81833 87075 90710 91112 93100=
07299,2008-02-27 18:00:00,7.3,1022.7,1.1,73,2.8,30000,3.704,14.816,,260,7.1,11.2,0,0,,,,,,,og-post,,,,AAXX 27184 07299 02780 72602 10073 20028 39895 40227 53011 60002 81532 333 10112 20071 60007 81650 87075 90710 91108 93100 555 60005=
07299,2008-02-27 19:00:00,5.7,1023.4,1.3,82,2.9,20000,7.408,11.112,,170,,,0,,,,,,,,og-post,,,,AAXX 27194 07299 22770 71704 10057 20029 39900 40234 53013 81532 333 60005 81650 87075 90710 91106 93100=
07299,2008-02-27 20:00:00,4.8,1023.6,1.1,83,2.2,20000,7.408,11.112,,220,,,0,,,,,,,,og-post,,,,AAXX 27204 07299 22770 72204 10048 20022 39901 40236 51011 81532 333 60005 81650 87075 90710 91106 93100=
07299,2008-02-27 21:00:00,4.3,1024.1,1,84,1.8,20000,3.704,14.816,,160,,,0,0,,,,,,,og-post,,,,AAXX 27214 07299 22770 71602 10043 20018 39905 40241 51010 81532 333 60007 81650 87075 90710 91108 93100 555 60005=
07299,2008-02-27 22:00:00,2.7,1024.6,0.8,90,1.2,20000,3.704,11.112,,240,,,0,,,,,,,,og-post,,,,AAXX 27224 07299 22770 72402 10027 20012 39908 40246 53008 81532 333 60005 81650 87075 90710 91106 93100=
07299,2008-02-27 23:00:00,2.1,1024.8,0.8,91,0.8,20000,,3.704,,,,,0,,,,,,,,og-post,,,,AAXX 27234 07299 22770 70000 10021 20008 39909 40248 51008 85532 333 60005 85650 87075 90710 91102 93100=
07299,2008-02-28 00:00:00,1.6,1024.6,0.2,91,0.3,15000,,3.704,,,,,0,0,,,,,,,og-post,,,,AAXX 28004 07299 02765 70000 10016 20003 39907 40246 50002 60001 85532 333 60007 85650 87075 90710 91102 93100 555 60005=
07299,2008-02-28 01:00:00,0.6,1024.8,-0.1,94,-0.3,18000,3.704,3.704,,260,,,0,,,,,,,,og-post,,,,AAXX 28014 07299 26/68 /2602 10006 21003 39907 40248 58001 333 60005 90710 91102=
07299,2008-02-28 02:00:00,-0.1,1024.5,-0.5,94,-0.9,15000,3.704,3.704,,250,,,0,,,,,,,,og-post,,,,AAXX 28024 07299 26/65 /2502 11001 21009 39904 40245 58005 333 60005 90710 91102=
07299,2008-02-28 03:00:00,-0.7,1024.4,-0.5,94,-1.5,11000,,7.408,,,,,0,0,,,,,,,og-post,,,,AAXX 28034 07299 22761 70000 11007 21015 39902 40244 58005 85532 333 60007 85650 87073 90710 91104 93100 555 60005=
07299,2008-02-28 04:00:00,-1.1,1024.5,-0.5,95,-1.8,10000,,3.704,,,,,0,,,,,,,,og-post,,,,AAXX 28044 07299 22760 50000 11011 21018 39902 40245 56005 83502 333 60005 83650 83073 90710 91102 93100=
07299,2008-02-28 05:00:00,-1.2,1024.7,-0,96,-1.8,9000,,7.408,,,,,0,,,,,,,,og-post,,,,AAXX 28054 07299 22659 50000 11012 21018 39904 40247 55000 83502 333 60005 83649 83073 90710 91104 93100=
07299,2008-02-28 06:00:00,-1.3,1024.7,0.2,96,-1.9,11000,3.704,3.704,,230,-1.9,7.1,0,0,,,0,5.5,-6,11,og-post,,,,AAXX 28064 07299 01661 32302 11013 21019 39904 40247 52002 60002 71111 82502 333 10071 21019 34106 55055 60007 70000 82649 90710 91102 93100 555 60005=
07299,2008-02-28 07:00:00,-1.6,1024.9,0.4,96,-2.2,6000,3.704,3.704,,230,,,0,,,,,,,,og-post,,,,AAXX 28074 07299 26/56 /2302 11016 21022 39906 40249 52004 333 60005 90710 91102=
07299,2008-02-28 08:00:00,2.1,1024.7,0.4,97,1.7,12000,,3.704,,,,,0,,,,,,,,og-post,,,,AAXX 28084 07299 22962 20000 10021 20017 39908 40247 53004 81032 333 60005 81360 90710 91102 93100=
07299,2008-02-28 09:00:00,6.6,1024,0.3,76,2.7,20000,3.704,7.408,,140,,,0,0,,,,,,,og-post,,,,AAXX 28094 07299 22970 31402 10066 20027 39907 40240 50003 81034 333 60007 81360 83073 90710 91104 93100 555 60005=
07299,2008-02-28 10:00:00,8.8,1023.7,0.1,65,2.6,25000,3.704,7.408,,50,,,0,,,,,,,,og-post,,,,AAXX 28104 07299 22975 70502 10088 20026 39907 40237 51001 86054 333 60005 86362 83073 90710 91104 93100=
07299,2008-02-28 11:00:00,10.8,1023.2,-0.5,61,3.6,30000,3.704,7.408,,240,,,0,,,,,,,,og-post,,,,AAXX 28114 07299 22980 72402 10108 20036 39904 40232 57005 8705/ 333 60005 87362 90710 91104 93100=
07299,2008-02-28 12:00:00,11.9,1022.8,-0.5,56,3.4,30000,3.704,11.112,,280,,,0,0,,,,,,,og-post,,,,AAXX 28124 07299 02580 72802 10119 20034 39902 40228 58005 60001 8113/ 333 60007 81830 87360 90710 91106 93100 555 60005=
07299,2008-02-28 13:00:00,12,1022.5,-0.7,58,4,30000,7.408,18.52,,250,,,0,,,,,,,,og-post,,,,AAXX 28134 07299 22680 72504 10120 20040 39899 40225 58007 8113/ 333 60005 81833 87362 90710 91110 93100=
07299,2008-02-28 14:00:00,12.3,1022.4,-0.6,53,3,35000,14.816,22.224,,250,,,0,,,,,,,,og-post,,,,AAXX 28144 07299 22981 72508 10123 20030 39898 40224 56006 8703/ 333 60005 81358 87364 90710 91112 93100=
07299,2008-02-28 15:00:00,12.1,1022.3,-0.5,55,3.3,35000,11.112,22.224,,280,,,0,0,,,,,,,og-post,,,,AAXX 28154 07299 22681 72806 10121 20033 39897 40223 56005 8383/ 333 60007 81836 83656 87364 90710 91112 93100 555 60005=
07299,2008-02-28 16:00:00,11.7,1022.1,-0.4,59,4,30000,7.408,18.52,,230,,,0,,,,,,,,og-post,,,,AAXX 28164 07299 22680 72304 10117 20040 39895 40221 58004 878// 333 60005 81836 87650 90710 91110 93100=
07299,2008-02-28 17:00:00,11.3,1022.2,-0.3,61,4.1,30000,3.704,7.408,,210,,,0,,,,,,,,og-post,,,,AAXX 28174 07299 22680 72102 10113 20041 39895 40222 56003 878// 333 60005 81836 87648 90710 91104 93100=
07299,2008-02-28 18:00:00,10.5,1022.8,0.3,70,5.3,30000,3.704,7.408,,180,-2.2,12.7,0,0,,,,,,,og-post,,,,AAXX 28184 07299 02680 71802 10105 20053 39900 40228 53003 60002 878// 333 10127 21022 60007 81836 87642 90710 91104 93100 555 60005=
07299,2008-02-28 19:00:00,9.8,1023.2,0.8,74,5.4,30000,3.704,7.408,,170,,,0,,,,,,,,og-post,,,,AAXX 28194 07299 22680 71702 10098 20054 39903 40232 53008 875// 333 60005 87640 90710 91104 93100=
07299,2008-02-28 20:00:00,9.1,1023.5,1,79,5.7,20000,3.704,7.408,,170,,,0,,,,,,,,og-post,,,,AAXX 28204 07299 22670 71702 10091 20057 39905 40235 51010 875// 333 60005 82648 87650 90710 91104 93100=
07299,2008-02-28 21:00:00,9.2,1023.6,0.6,79,5.8,20000,7.408,7.408,,190,,,0,0,,,,,,,og-post,,,,AAXX 28214 07299 22670 71904 10092 20058 39906 40236 51006 875// 333 60007 87648 90710 91104 93100 555 60005=
07299,2008-02-28 22:00:00,9.4,1023,-0.2,76,5.4,20000,7.408,11.112,,110,,,0,,,,,,,,og-post,,,,AAXX 28224 07299 22570 71104 10094 20054 39901 40230 58002 875// 333 60005 87631 90710 91106 93100=
07299,2008-02-28 23:00:00,8.9,1023.1,-0.3,78,5.3,20000,3.704,7.408,,120,,,0,,,,,,,,og-post,,,,AAXX 28234 07299 22570 71202 10089 20053 39901 40231 58003 875// 333 60005 87627 90710 91104 93100=
07299,2008-02-29 00:00:00,8.9,1023.1,-0.5,80,5.6,20000,3.704,11.112,,320,,,0,0,,,,,,,og-post,,,,AAXX 29004 07299 02570 73202 10089 20056 39901 40231 56005 60001 875// 333 60007 87627 90710 91106 93100 555 60005=
07299,2008-02-29 01:00:00,8.6,1022.4,-0.7,84,6.1,19000,11.112,11.112,,190,,,0,,,,,,,,og-post,,,,AAXX 29014 07299 26/69 /1906 10086 20061 39894 40224 58007 333 60005 90710 91106=
07299,2008-02-29 02:00:00,8.9,1021.9,-1.1,84,6.3,20000,3.704,14.816,,190,,,0,,,,,,,,og-post,,,,AAXX 29024 07299 26/70 /1902 10089 20063 39890 40219 58011 333 60005 90710 91108=
07299,2008-02-29 03:00:00,8.8,1021.7,-1.3,83,6.1,8000,3.704,11.112,,220,,,,,,,,,,50,og-post,,,,AAXX 29034 07299 21458 72202 10088 20061 39888 40217 56013 75052 875// 333 69907 87616 90710 91106 93100 555 69905=
07299,2008-02-29 04:00:00,8.8,1021.8,-0.5,92,7.6,8000,3.704,11.112,,140,,,,,,,,,,60,og-post,,,,AAXX 29044 07299 21458 71402 10088 20076 39889 40218 55005 76065 875// 333 69905 84611 87620 90710 91106 93100=
07299,2008-02-29 05:00:00,10.5,1021.7,-0,90,8.9,8000,11.112,22.224,,250,,,,,,,,,,21,og-post,,,,AAXX 29054 07299 21458 72506 10105 20089 39890 40217 55000 72162 875// 333 69905 83712 87630 90710 91112 93100=
07299,2008-02-29 06:00:00,10.5,1021.5,0,90,8.9,10000,3.704,14.816,,220,8.2,10.7,0,,,,0,3.8,8,1,og-post,,,,AAXX 29064 07299 01460 72202 10105 20089 39888 40215 50000 69902 70165 875// 333 10107 20082 31008 55038 69907 79999 83714 87640 90710 91108 93100 555 60005=
07299,2008-02-29 07:00:00,10.7,1021.7,0.1,86,8.5,15000,7.408,14.816,,230,,,0,,,,,,,,og-post,,,,AAXX 29074 07299 22465 72304 10107 20085 39890 40217 52001 878// 333 60005 83816 87636 90710 91108 93100=
07299,2008-02-29 08:00:00,10.7,1021.9,0.2,89,9,12000,11.112,25.928,,250,,,,,,,,,,60,og-post,,,,AAXX 29084 07299 21562 72506 10107 20090 39892 40219 53002 76065 878// 333 69905 83820 85630 87640 90710 91114 93100=
07299,2008-02-29 09:00:00,11,1022,0.4,89,9.3,11000,22.224,31.484,,240,,,,,,,,,,60,og-post,,,,AAXX 29094 07299 21561 72412 10110 20093 39893 40220 53004 76065 878// 333 69907 81820 85634 87643 90710 91117 93100 555 69905=
07299,2008-02-29 10:00:00,11.5,1021.9,0.3,88,9.6,18000,14.816,25.928,,250,,,,,,,,,,21,og-post,,,,AAXX 29104 07299 21568 72508 10115 20096 39893 40219 50003 72162 8683/ 333 69905 81821 86649 90710 91114 93100=
07299,2008-02-29 11:00:00,12.5,1021.7,0.1,82,9.5,18000,25.928,46.3,,260,,,0,,,,,,,,og-post,,,,AAXX 29114 07299 22568 72614 10125 20095 39892 40217 51001 8683/ 333 60005 81825 85648 90710 91125 93100=
07299,2008-02-29 12:00:00,13.4,1020.9,-0.8,77,9.5,18000,22.224,38.892,,250,,,0,,,,,,,1,og-post,,,,AAXX 29124 07299 01568 72512 10134 20095 39885 40209 58008 69901 70165 8583/ 333 69907 81826 85650 90710 91121 93100 555 60005=
07299,2008-02-29 13:00:00,13.6,1020,-1.5,67,7.6,17000,22.224,46.3,,260,,,0,,,,,,,,og-post,,,,AAXX 29134 07299 22567 72612 10136 20076 39877 40200 58015 878// 333 60005 81826 87636 90710 91125 93100=
07299,2008-02-29 14:00:00,14.6,1019.6,-1.9,68,8.8,18000,29.632,57.412,,250,,,0,,,,,,,,og-post,,,,AAXX 29144 07299 22568 72516 10146 20088 39874 40196 56019 8583/ 333 60005 81830 85646 85362 90710 91131 93100=
07299,2008-02-29 15:00:00,13.6,1019.3,-1.5,68,7.8,18000,29.632,50.004,50.004,250,,,0,0,,,,,,,og-post,,,,AAXX 29154 07299 22568 72516 10136 20078 39870 40193 56015 878// 333 60007 81830 87650 91027 90710 91127 93100 555 60005=
07299,2008-02-29 16:00:00,13.3,1018.3,-1.7,69,7.7,18000,22.224,42.596,,240,,,0,,,,,,,,og-post,,,,AAXX 29164 07299 22568 72412 10133 20077 39860 40183 58017 878// 333 60005 81830 87650 90710 91123 93100=
07299,2008-02-29 17:00:00,13,1018.1,-1.6,68,7.2,20000,22.224,38.892,,240,,,0,,,,,,,,og-post,,,,AAXX 29174 07299 22670 72412 10130 20072 39858 40181 56016 83832 333 60005 81833 83650 87073 90710 91121 93100=
07299,2008-02-29 18:00:00,12.7,1017.8,-1.6,68,7,20000,22.224,38.892,,240,10.4,14.7,0,0,,,,,,,og-post,,,,AAXX 29184 07299 02670 72412 10127 20070 39854 40178 56016 69902 83832 333 10147 20104 60007 81833 83650 87073 90710 91121 93100 555 60005=
07299,2008-02-29 19:00:00,12.9,1017.8,-0.5,70,7.6,20000,31.484,64.82,64.82,250,,,,,,,,,,80,og-post,,,,AAXX 29194 07299 21670 72517 10129 20076 39855 40178 55005 78086 83832 333 69905 81833 85358 87073 91035 90710 91135 93100=
07299,2008-02-29 20:00:00,12.2,1017.6,-0.7,75,7.9,25000,29.632,53.708,50.004,240,,,,,,,,,,25,og-post,,,,AAXX 29204 07299 21675 72416 10122 20079 39852 40176 57007 72586 82832 333 69905 81846 85364 87073 91027 90710 91129 93100=
07299,2008-02-29 21:00:00,12.5,1017.2,-0.6,74,8,20000,25.928,46.3,,240,,,0,,,,,,,3,og-post,,,,AAXX 29214 07299 21670 72414 10125 20080 39848 40172 58006 70386 8583/ 333 69907 81840 85650 87363 90710 91125 93100 555 60005=
07299,2008-02-29 22:00:00,12.6,1015.8,-2,74,8.1,18000,25.928,46.3,,240,,,0,,,,,,,,og-post,,,,AAXX 29224 07299 22568 72414 10126 20081 39835 40158 58020 8687/ 333 60005 81831 86650 87363 90710 91125 93100=
07299,2008-02-29 23:00:00,11.7,1015,-2.6,81,8.6,18000,25.928,50.004,,240,,,,,,,,,,61,og-post,,,,AAXX 29234 07299 21568 72414 10117 20086 39826 40150 58026 76162 8487/ 333 69905 82826 84650 87360 90710 91127 93100=
07299,2008-03-01 00:00:00,11.3,1013.9,-3.4,84,8.7,18000,22.224,42.596,,250,,,,,,,,,,61,og-post,,,,AAXX 01004 07299 01568 72512 10113 20087 39815 40139 56034 69901 76186 8587/ 333 69907 82832 85650 87358 90710 91123 93100 555 69905=
07299,2008-03-01 01:00:00,11.5,1012.2,-3.6,81,8.4,20000,22.224,61.116,,220,,,,,,,,,,,og-post,,,,AAXX 01014 07299 26/70 /2212 10115 20084 39799 40122 58036 333 69905 90710 91133=
07299,2008-03-01 02:00:00,11.9,1011.2,-3.6,76,7.8,20000,31.484,68.524,53.708,240,,,,,,,,,,,og-post,,,,AAXX 01024 07299 26/70 /2417 10119 20078 39790 40112 57036 333 69905 91029 90710 91137=
07299,2008-03-01 03:00:00,11.1,1009.8,-4,83,8.3,16000,29.632,64.82,,240,,,,,,,,,,61,og-post,,,,AAXX 01034 07299 21666 72416 10111 20083 39775 40098 56040 76162 875// 333 69907 87635 90710 91135 93100 555 69905=
07299,2008-03-01 04:00:00,11.1,1009.2,-3.3,83,8.3,15000,35.188,61.116,61.116,230,,,,,,,,,,61,og-post,,,,AAXX 01044 07299 21565 72319 10111 20083 39769 40092 56033 76166 875// 333 69905 87631 91033 90710 91133 93100=
07299,2008-03-01 05:00:00,11.9,1007.7,-3.6,74,7.4,18000,42.596,75.932,75.932,240,,,,,,,,,,61,og-post,,,,AAXX 01054 07299 21668 72423 10119 20074 39756 40077 56036 76166 875// 333 69905 82634 87650 91041 90710 91141 93100=
07299,2008-03-01 06:00:00,11.7,1006.5,-3,76,7.6,18000,35.188,90.748,68.524,240,10.8,12.9,,,,,0,0.5,9,61,og-post,,,,AAXX 01064 07299 01568 72419 10117 20076 39744 40065 56030 69902 76162 875// 333 10129 20108 32009 55005 69907 79999 87631 91037 90710 91149 93100 555 69905=
07299,2008-03-01 07:00:00,11.7,1006.5,-2.3,77,7.8,20000,35.188,83.34,68.524,250,,,,,,,,,,80,og-post,,,,AAXX 01074 07299 21570 72519 10117 20078 39744 40065 56023 78086 875// 333 69905 87629 91037 90710 91145 93100=
07299,2008-03-01 08:00:00,12.3,1007.1,-0.3,76,8.2,20000,35.188,68.524,64.82,250,,,,,,,,,,25,og-post,,,,AAXX 01084 07299 21570 72519 10123 20082 39750 40071 55003 72586 875// 333 69905 87629 91035 90710 91137 93100=
07299,2008-03-01 09:00:00,12.6,1007.6,1.1,77,8.7,20000,50.004,83.34,83.34,250,,,0,,,,,,,2,og-post,,,,AAXX 01094 07299 21570 82527 10126 20087 39756 40076 53011 70286 875// 333 69907 87629 91045 90710 91145 93100 555 60005=
07299,2008-03-01 10:00:00,12.1,1010,3.4,81,8.9,18000,38.892,87.044,64.82,260,,,,,,,,,,25,og-post,,,,AAXX 01104 07299 21568 82621 10121 20089 39778 40100 53034 72586 878// 333 69905 81823 87624 91035 90710 91147 93100=
07299,2008-03-01 11:00:00,11.2,1011.6,4.1,81,8.1,25000,42.596,87.044,64.82,280,,,0.6,,,,,,,80,og-post,,,,AAXX 01114 07299 21575 72823 10112 20081 39793 40116 53041 78086 878// 333 69965 81820 85626 85650 91035 90710 91147 93100=
07299,2008-03-01 12:00:00,12.1,1012.1,4.2,75,7.8,25000,31.484,61.116,,270,,,,0.6,0.6,,,,,25,og-post,,,,AAXX 01124 07299 01575 72717 10121 20078 39799 40121 51042 69961 72586 85872 333 69967 82820 85640 85073 90710 91133 93100 555 69905=
07299,2008-03-01 13:00:00,12.9,1012.7,2.8,68,7.1,25000,25.928,61.116,,270,,,0,,,,,,,,og-post,,,,AAXX 01134 07299 22575 72714 10129 20071 39805 40127 51028 8386/ 333 60005 81825 83650 85357 90710 91133 93100=
07299,2008-03-01 14:00:00,13.2,1012.8,1.2,58,5.1,20000,35.188,61.116,57.412,270,,,0,,,,,,,,og-post,,,,AAXX 01144 07299 22670 52719 10132 20051 39806 40128 52012 83801 333 60005 81840 83650 91031 90710 91133 93100=
07299,2008-03-01 15:00:00,13.7,1012.5,0.6,56,5.1,20000,25.928,57.412,,270,,,0,0,,,,,,,og-post,,,,AAXX 01154 07299 22670 62714 10137 20051 39804 40125 50006 85801 333 60007 81840 85656 90710 91131 93100 555 60005=
07299,2008-03-01 16:00:00,12.9,1013.4,1.1,61,5.6,20000,31.484,57.412,,270,,,0,,,,,,,,og-post,,,,AAXX 01164 07299 22670 72717 10129 20056 39812 40134 53011 878// 333 60005 81840 87656 90710 91131 93100=
07299,2008-03-01 17:00:00,12.5,1014.7,1.6,60,5,20000,25.928,50.004,,270,,,0,,,,,,,,og-post,,,,AAXX 01174 07299 22670 72714 10125 20050 39824 40147 53016 878// 333 60005 81846 87656 90710 91127 93100=
07299,2008-03-01 18:00:00,11.9,1016.2,3.3,61,4.6,20000,18.52,38.892,,260,11,13.9,0,0,,0.6,,,,,og-post,,,,AAXX 01184 07299 02670 72610 10119 20046 39838 40162 53033 69962 878// 333 10139 20110 60007 81846 87657 90710 91121 93100 555 60005=
07299,2008-03-01 19:00:00,11.3,1016.7,3,63,4.5,20000,11.112,35.188,,240,,,0,,,,,,,,og-post,,,,AAXX 01194 07299 22670 72406 10113 20045 39842 40167 51030 8583/ 333 60005 81846 85656 86361 90710 91119 93100=
07299,2008-03-01 20:00:00,11.2,1016.7,2,64,4.7,25000,18.52,31.484,,260,,,0,,,,,,,,og-post,,,,AAXX 01204 07299 22675 72610 10112 20047 39842 40167 51020 878// 333 60005 81840 87650 90710 91117 93100=
07299,2008-03-01 21:00:00,10.9,1017.4,1.1,66,4.8,25000,22.224,38.892,,270,,,0,0,,,,,,,og-post,,,,AAXX 01214 07299 22675 72712 10109 20048 39848 40174 52011 8583/ 333 60007 84840 85650 86360 90710 91121 93100 555 60005=
07299,2008-03-01 22:00:00,10.5,1017.7,0.9,68,4.9,25000,22.224,38.892,,270,,,0,,,,,,,,og-post,,,,AAXX 01224 07299 22675 72712 10105 20049 39851 40177 53009 8583/ 333 60005 82840 85650 86360 90710 91121 93100=
07299,2008-03-01 23:00:00,10.5,1018.1,1.3,66,4.4,25000,22.224,38.892,,260,,,0,,,,,,,,og-post,,,,AAXX 01234 07299 22675 72612 10105 20044 39855 40181 52013 8583/ 333 60005 82840 85650 86360 90710 91121 93100=
07299,2008-03-02 00:00:00,10.7,1018,0.6,67,4.8,25000,25.928,46.3,,250,,,0,0,,,,,,,og-post,,,,AAXX 02004 07299 02675 72514 10107 20048 39854 40180 50006 60001 8583/ 333 60007 82840 85650 86360 90710 91125 93100 555 60005=
07299,2008-03-02 01:00:00,10.3,1018.2,0.3,66,4.2,20000,29.632,53.708,,260,,,0,,,,,,,,og-post,,,,AAXX 02014 07299 26/70 /2616 10103 20042 39855 40182 51003 333 60005 90710 91129=
07299,2008-03-02 02:00:00,10.2,1017.2,-1.3,62,3.3,20000,35.188,64.82,57.412,260,,,0,,,,,,,,og-post,,,,AAXX 02024 07299 26/70 /2619 10102 20033 39845 40172 58013 333 60005 91031 90710 91135=
07299,2008-03-02 03:00:00,10.1,1017.2,-0.9,66,4,17000,22.224,53.708,,260,,,0,0,,,,,,,og-post,,,,AAXX 02034 07299 22767 72612 10101 20040 39845 40172 55009 875// 333 60007 87650 90710 91129 93100 555 60005=
07299,2008-03-02 04:00:00,9.9,1017.1,-1.1,73,5.3,15000,31.484,61.116,,250,,,,,,,,,,61,og-post,,,,AAXX 02044 07299 21565 72517 10099 20053 39844 40171 56011 76162 875// 333 69905 82625 87636 90710 91133 93100=
07299,2008-03-02 05:00:00,10.1,1016.7,-0.2,73,5.5,17000,25.928,38.892,,240,,,,,,,,,,21,og-post,,,,AAXX 02054 07299 21567 72414 10101 20055 39841 40167 58002 72162 875// 333 69905 82625 87631 90710 91121 93100=
07299,2008-03-02 06:00:00,10.3,1017.2,-0,74,5.9,17000,25.928,38.892,,250,9.8,12,0,,,,0.6,1,8,2,og-post,,,,AAXX 02064 07299 01567 72514 10103 20059 39846 40172 55000 69902 70262 875// 333 10120 20098 31008 55010 69907 70006 82625 87631 90710 91121 93100 555 60005=
07299,2008-03-02 07:00:00,11,1017.8,1,70,5.7,15000,18.52,38.892,,240,,,0,,,,,,,,og-post,,,,AAXX 02074 07299 22565 72410 10110 20057 39852 40178 53010 875// 333 60005 82626 87636 90710 91121 93100=
07299,2008-03-02 08:00:00,11.5,1018,1.4,70,6.2,15000,14.816,31.484,,250,,,0,,,,,,,,og-post,,,,AAXX 02084 07299 22565 72508 10115 20062 39855 40180 51014 875// 333 60005 81626 87633 90710 91117 93100=
07299,2008-03-02 09:00:00,11.6,1018.3,1.3,70,6.3,20000,18.52,35.188,,250,,,0,0,,,,,,,og-post,,,,AAXX 02094 07299 22570 72510 10116 20063 39858 40183 51013 875// 333 60007 81626 87632 90710 91119 93100 555 60005=
07299,2008-03-02 10:00:00,11.8,1018,0.3,70,6.5,20000,25.928,42.596,,240,,,0,,,,,,,,og-post,,,,AAXX 02104 07299 22570 72414 10118 20065 39855 40180 50003 875// 333 60005 81625 87630 90710 91123 93100=
07299,2008-03-02 11:00:00,11.8,1018.3,0,72,6.9,20000,25.928,53.708,,230,,,0,,,,,,,14,og-post,,,,AAXX 02114 07299 21570 72314 10118 20069 39858 40183 50000 71422 878// 333 60005 81825 87630 90710 91129 93100=
07299,2008-03-02 12:00:00,12.8,1017.7,-0.6,63,5.9,25000,29.632,57.412,50.004,250,,,0,0,,,,,,14,og-post,,,,AAXX 02124 07299 01575 72516 10128 20059 39853 40177 57006 60001 71422 8684/ 333 60007 81826 86631 91027 90710 91131 93100 555 60005=
07299,2008-03-02 13:00:00,12.7,1017.3,-0.6,64,6.1,25000,29.632,46.3,,250,,,0,,,,,,,14,og-post,,,,AAXX 02134 07299 21575 72516 10127 20061 39849 40173 58006 71422 878// 333 60005 81826 87634 90710 91125 93100=
07299,2008-03-02 14:00:00,12.6,1017.2,-0.9,65,6.2,25000,22.224,42.596,,260,,,0,,,,,,,14,og-post,,,,AAXX 02144 07299 21575 72612 10126 20062 39848 40172 56009 71422 878// 333 60005 81828 87632 90710 91123 93100=
07299,2008-03-02 15:00:00,12.8,1016.8,-0.8,66,6.6,25000,14.816,35.188,,300,,,0,0,,,,,,,og-post,,,,AAXX 02154 07299 22575 73008 10128 20066 39845 40168 56008 878// 333 60007 81829 87634 90710 91119 93100 555 60005=
07299,2008-03-02 16:00:00,12.8,1016.6,-0.6,69,7.3,25000,11.112,31.484,,280,,,0,,,,,,,,og-post,,,,AAXX 02164 07299 22575 72806 10128 20073 39843 40166 58006 878// 333 60005 81827 87632 90710 91117 93100=
07299,2008-03-02 17:00:00,12.2,1017,-0.1,70,6.9,20000,11.112,29.632,,280,,,0,,,,,,,15,og-post,,,,AAXX 02174 07299 21570 72806 10122 20069 39846 40170 55001 71522 878// 333 60005 81826 87633 90710 91116 93100=
07299,2008-03-02 18:00:00,11.7,1017.6,0.6,70,6.4,20000,11.112,22.224,,290,10.2,13,0,0,,,,,,14,og-post,,,,AAXX 02184 07299 01570 72906 10117 20064 39851 40176 53006 60002 71422 878// 333 10130 20102 60007 81826 86631 85647 90710 91112 93100 555 60005=
07299,2008-03-02 19:00:00,10.8,1018,1.1,72,6,20000,7.408,18.52,,310,,,0,,,,,,,,og-post,,,,AAXX 02194 07299 22570 73104 10108 20060 39854 40180 51011 875// 333 60005 84631 87648 90710 91110 93100=
07299,2008-03-02 20:00:00,10.3,1017.7,0.4,79,6.8,18000,11.112,22.224,,240,,,0,,,,,,,,og-post,,,,AAXX 02204 07299 22568 72406 10103 20068 39851 40177 50004 875// 333 60005 81631 87648 90710 91112 93100=
07299,2008-03-02 21:00:00,10.3,1017.2,-0.5,78,6.6,18000,14.816,25.928,,230,,,0,0,,,,,,,og-post,,,,AAXX 02214 07299 22768 62308 10103 20066 39846 40172 58005 83530 333 60007 83650 86360 90710 91114 93100 555 60005=
07299,2008-03-02 22:00:00,10.6,1017.1,-0.8,76,6.6,18000,11.112,25.928,,230,,,0,,,,,,,,og-post,,,,AAXX 02224 07299 22768 72306 10106 20066 39845 40171 56008 875// 333 60005 87650 90710 91114 93100=
07299,2008-03-02 23:00:00,10.6,1016.4,-1.3,76,6.6,18000,18.52,35.188,,250,,,0,,,,,,,,og-post,,,,AAXX 02234 07299 22668 72510 10106 20066 39838 40164 58013 875// 333 60005 81640 86650 90710 91119 93100=
07299,2008-03-03 00:00:00,10.2,1016.2,-0.9,79,6.7,18000,11.112,25.928,,290,,,0,0,,,,,,,og-post,,,,AAXX 03004 07299 02668 72906 10102 20067 39836 40162 57009 60001 875// 333 60007 85640 86650 90710 91114 93100 555 60005=
07299,2008-03-03 01:00:00,9.7,1015.8,-1.3,82,6.8,20000,3.704,22.224,,200,,,0,,,,,,,,og-post,,,,AAXX 03014 07299 26/70 /2002 10097 20068 39832 40158 56013 333 60005 90710 91112=
07299,2008-03-03 02:00:00,8.7,1014.9,-1.5,85,6.3,20000,3.704,7.408,,60,,,0,,,,,,,,og-post,,,,AAXX 03024 07299 26/70 /0602 10087 20063 39822 40149 58015 333 60005 90710 91104=
07299,2008-03-03 03:00:00,8.3,1014.8,-1.8,89,6.6,18000,,7.408,,,,,0,0,,,,,,,og-post,,,,AAXX 03034 07299 22668 70000 10083 20066 39820 40148 56018 875// 333 60007 85635 86656 90710 91104 93100 555 60005=
07299,2008-03-03 04:00:00,7.8,1014.7,-1.3,91,6.4,18000,3.704,3.704,,150,,,0,,,,,,,,og-post,,,,AAXX 03044 07299 22668 71502 10078 20064 39819 40147 56013 875// 333 60005 81636 87650 90710 91102 93100=
07299,2008-03-03 05:00:00,9.1,1014.4,-0.6,86,6.9,18000,7.408,18.52,,240,,,0,,,,,,,,og-post,,,,AAXX 03054 07299 22568 72404 10091 20069 39817 40144 56006 875// 333 60005 83623 87640 90710 91110 93100=
07299,2008-03-03 06:00:00,9.9,1014.2,-0.3,82,7,18000,7.408,25.928,,220,7.7,11.7,0,0,,,0,0.1,7,,og-post,,,,AAXX 03064 07299 02668 72204 10099 20070 39816 40142 58003 60002 878// 333 10117 20077 30007 55001 60007 70000 81836 87650 90710 91114 93100 555 60005=
07299,2008-03-03 07:00:00,10.4,1014.2,-0.2,80,7.1,14000,11.112,18.52,,240,,,0,,,,,,,,og-post,,,,AAXX 03074 07299 22564 72406 10104 20071 39817 40142 55002 878// 333 60005 81820 87624 90710 91110 93100=
07299,2008-03-03 08:00:00,11,1014.2,0.1,77,7.1,14000,18.52,31.484,,250,,,0,,,,,,,,og-post,,,,AAXX 03084 07299 22564 72510 10110 20071 39818 40142 53001 878// 333 60005 81820 86627 85656 90710 91117 93100=
07299,2008-03-03 09:00:00,11.4,1014.1,0.1,77,7.5,20000,22.224,42.596,,250,,,0,0,,,,,,,og-post,,,,AAXX 03094 07299 22570 72512 10114 20075 39817 40141 50001 87800 333 60007 84822 86656 90710 91123 93100 555 60005=
07299,2008-03-03 10:00:00,11.1,1014,-0.1,81,8,12000,25.928,50.004,,260,,,,,,,,,,80,og-post,,,,AAXX 03104 07299 21562 72614 10111 20080 39816 40140 58001 78086 878// 333 69905 84825 85645 87648 90710 91127 93100=
07299,2008-03-03 11:00:00,11.4,1013.8,-0.4,80,8.1,20000,25.928,42.596,,250,,,,,,,,,,25,og-post,,,,AAXX 03114 07299 21470 72514 10114 20081 39814 40138 57004 72522 878// 333 69905 82819 85632 87648 90710 91123 93100=
07299,2008-03-03 12:00:00,10.9,1013.4,-0.6,86,8.7,12000,18.52,38.892,,240,,,0.2,0.2,0.2,,,,,80,og-post,,,,AAXX 03124 07299 01462 72410 10109 20087 39810 40134 58006 69921 78086 878// 333 69927 83819 87630 90710 91121 93100 555 69925=
07299,2008-03-03 13:00:00,10.2,1013,-1.2,86,8,20000,22.224,50.004,,250,,,0.4,,,,,,,25,og-post,,,,AAXX 03134 07299 21470 72512 10102 20080 39805 40130 58012 72586 878// 333 69945 83819 87632 90710 91127 93100=
07299,2008-03-03 14:00:00,12.8,1011.7,-2,74,8.3,20000,25.928,46.3,,240,,,0,,,,,,,,og-post,,,,AAXX 03144 07299 22570 72414 10128 20083 39795 40117 58020 85802 333 60005 85827 81930 83638 85073 90710 91125 93100=
07299,2008-03-03 15:00:00,12.4,1011.5,-1.8,67,6.5,20000,22.224,50.004,,260,,,0,0.4,,,,,,3,og-post,,,,AAXX 03154 07299 21570 72612 10124 20065 39793 40115 56018 70386 86902 333 69947 85833 82933 83656 86073 90710 91127 93100 555 60005=
07299,2008-03-03 16:00:00,6.8,1013.7,0.5,89,5.1,8000,18.52,57.412,,340,,,0.4,,,,,,,80,og-post,,,,AAXX 03164 07299 21558 73410 10068 20051 39808 40137 53005 78086 879// 333 69945 83820 81930 87633 90710 91131 93100=
07299,2008-03-03 17:00:00,6,1015,2.5,86,3.8,6000,14.816,29.632,,270,,,1,,,,,,,61,og-post,,,,AAXX 03174 07299 21456 82708 10060 20038 39819 40150 53025 76186 878// 333 60015 83812 87625 90710 91116 93100=
07299,2008-03-03 18:00:00,5.2,1015.8,3.4,87,3.2,10000,22.224,35.188,,270,5.2,13.1,1,3,,4,,,,61,og-post,,,,AAXX 03184 07299 01460 82712 10052 20032 39826 40158 51034 60042 76186 878// 333 10131 20052 60037 83812 83625 87645 90710 91119 93100 555 60015=
07299,2008-03-03 19:00:00,4.1,1016.1,1.9,88,2.3,12000,22.224,38.892,,250,,,0.6,,,,,,,21,og-post,,,,AAXX 03194 07299 21462 82512 10041 20023 39828 40161 51019 72162 878// 333 69965 82812 83627 87643 90710 91121 93100=
07299,2008-03-03 20:00:00,3.8,1016.6,1.3,89,2.2,12000,18.52,31.484,,240,,,0,,,,,,,,og-post,,,,AAXX 03204 07299 22462 72410 10038 20022 39832 40166 51013 878// 333 60005 81815 85632 85650 90710 91117 93100=
07299,2008-03-03 21:00:00,3.8,1017,1,88,2,15000,22.224,29.632,,230,,,0,0.6,,,,,,1,og-post,,,,AAXX 03214 07299 21465 52312 10038 20020 39836 40170 53010 70162 84501 333 69967 81616 84640 90710 91116 93100 555 60005=
07299,2008-03-03 22:00:00,3.6,1017.3,1.2,87,1.6,15000,18.52,31.484,,250,,,0,,,,,,,,og-post,,,,AAXX 03224 07299 22565 62510 10036 20016 39839 40173 52012 86500 333 60005 81630 86648 90710 91117 93100=
07299,2008-03-03 23:00:00,3.4,1017.1,0.4,86,1.3,15000,14.816,25.928,,250,,,0,,,,,,,,og-post,,,,AAXX 03234 07299 22665 62508 10034 20013 39836 40171 50004 86500 333 60005 81636 86650 90710 91114 93100=
07299,2008-03-04 00:00:00,2.4,1016.6,-0.6,88,0.6,15000,7.408,14.816,,220,,,0,0,0.6,,,,,1,og-post,,,,AAXX 04004 07299 01665 42204 10024 20006 39830 40166 58006 69961 70161 84500 333 60007 81638 84650 90710 91108 93100 555 60005=
07299,2008-03-04 01:00:00,3,1015.9,-1.6,86,0.9,20000,3.704,14.816,,130,,,0,,,,,,,,og-post,,,,AAXX 04014 07299 26/70 /1302 10030 20009 39824 40159 58016 333 60005 90710 91108=
07299,2008-03-04 02:00:00,2.4,1014.9,-2.2,87,0.5,20000,3.704,7.408,,140,,,0,,,,,,,,og-post,,,,AAXX 04024 07299 26/70 /1402 10024 20005 39814 40149 58022 333 60005 90710 91104=
07299,2008-03-04 03:00:00,2.6,1014.1,-2.4,88,0.8,15000,7.408,11.112,,110,,,0,0,,,,,,,og-post,,,,AAXX 04034 07299 22665 71104 10026 20008 39806 40141 58024 8257/ 333 60007 82641 87357 90710 91106 93100 555 60005=
07299,2008-03-04 04:00:00,2.6,1013.3,-2.4,87,0.7,15000,11.112,14.816,,140,,,0,,,,,,,,og-post,,,,AAXX 04044 07299 22665 71406 10026 20007 39799 40133 56024 8557/ 333 60005 81641 85656 87357 90710 91108 93100=
07299,2008-03-04 05:00:00,2.8,1012.9,-1.9,88,1,13000,7.408,18.52,,140,,,,,,,,,,68,og-post,,,,AAXX 04054 07299 21663 71404 10028 20010 39795 40129 56019 76876 8657/ 333 69905 83643 86656 87357 90710 91110 93100=
07299,2008-03-04 06:00:00,0.8,1013.6,-0.7,92,-0.3,3500,7.408,14.816,,160,0.8,5.1,3,3,,3,7,1,0,73,og-post,,,,AAXX 04064 07299 01235 81604 10008 21003 39799 40136 55007 60032 77376 885// 333 10051 20008 32000 55010 60037 70070 84705 86714 87620 90710 91108 93100 555 60035=
07299,2008-03-04 07:00:00,1.1,1013.8,0.3,95,0.4,7000,11.112,14.816,,150,,,0.8,,,,,,,23,og-post,,,,AAXX 04074 07299 21457 71506 10011 20004 39802 40138 53003 72376 875// 333 69985 81710 87616 90710 91108 93100=
07299,2008-03-04 08:00:00,3.1,1014,1.1,87,1.2,15000,25.928,42.596,,250,,,0,,,,,,,,og-post,,,,AAXX 04084 07299 22365 72514 10031 20012 39806 40140 52011 8553/ 333 60005 81706 85616 86357 90710 91123 93100=
07299,2008-03-04 09:00:00,4.5,1014.1,1,81,1.5,15000,22.224,38.892,,270,,,0,0.8,,,,,,1,og-post,,,,AAXX 04094 07299 21465 62712 10045 20015 39809 40141 52010 70176 86800 333 69987 81813 84630 86656 90710 91121 93100 555 60005=
07299,2008-03-04 10:00:00,5.2,1013.9,0.6,76,1.3,15000,22.224,35.188,,260,,,0,,,,,,,,og-post,,,,AAXX 04104 07299 22565 72612 10052 20013 39808 40139 50006 878// 333 60005 83820 86650 90710 91119 93100=
07299,2008-03-04 11:00:00,4.7,1014.3,0.5,73,0.3,15000,18.52,38.892,,260,,,0,,,,,,,,og-post,,,,AAXX 04114 07299 22565 72610 10047 20003 39811 40143 52005 878// 333 60005 85823 87646 90710 91121 93100=
07299,2008-03-04 12:00:00,3.7,1014.5,0.3,82,0.9,15000,22.224,38.892,,250,,,,,0.8,,,,,80,og-post,,,,AAXX 04124 07299 01565 72512 10037 20009 39812 40145 53003 69981 78087 878// 333 69907 83823 87646 90710 91121 93100 555 69905=
07299,2008-03-04 13:00:00,6.7,1013.3,-0.3,66,0.8,15000,18.52,31.484,,250,,,,,,,,,,25,og-post,,,,AAXX 04134 07299 21565 72510 10067 20008 39804 40133 58003 72586 878// 333 69905 82823 87656 90710 91117 93100=
07299,2008-03-04 14:00:00,5.6,1013.8,-0.4,69,0.4,15000,14.816,35.188,,290,,,0,,,,,,,,og-post,,,,AAXX 04144 07299 22565 62908 10056 20004 39807 40138 55004 86300 333 60005 82829 81933 85656 90710 91119 93100=
07299,2008-03-04 15:00:00,5.6,1014.2,-0.1,70,0.6,15000,14.816,25.928,,280,,,0,,,,,,,15,og-post,,,,AAXX 04154 07299 21565 72808 10056 20006 39811 40142 55001 71586 873// 333 69907 84830 81933 85656 90710 91114 93100 555 60005=
07299,2008-03-04 16:00:00,6.3,1014.6,1.2,64,0,15000,14.816,25.928,,260,,,0,,,,,,,15,og-post,,,,AAXX 04164 07299 21565 72608 10063 20000 39816 40146 53012 71522 873// 333 60005 83830 81933 85657 90710 91114 93100=
07299,2008-03-04 17:00:00,2.2,1016.8,2.5,88,0.4,8000,18.52,29.632,,350,,,,,,,,,,87,og-post,,,,AAXX 04174 07299 21358 73510 10022 20004 39832 40168 53025 78787 873// 333 69905 82806 84830 81933 86643 90710 91116 93100=
07299,2008-03-04 18:00:00,0.9,1018,3.1,93,-0.1,3000,18.52,29.632,,350,0.6,7,1,1,,2,,,,71,og-post,,,,AAXX 04184 07299 01230 73510 10009 21001 39842 40180 53031 60022 77187 877// 333 10070 20006 60017 87705 90710 91116 93100 555 60015=
07299,2008-03-04 19:00:00,1,1018.9,3.4,95,0.3,4500,22.224,35.188,,340,,,0.4,,,,,,,60,og-post,,,,AAXX 04194 07299 21245 73412 10010 20003 39851 40189 51034 76076 877// 333 69945 87705 90710 91119 93100=
07299,2008-03-04 20:00:00,0.2,1019.5,2.5,95,-0.5,1800,22.224,38.892,,340,,,0.4,,,,,,,73,og-post,,,,AAXX 04204 07299 21218 73412 10002 21005 39856 40195 51025 77376 877// 333 69945 87705 90710 91121 93100=
07299,2008-03-04 21:00:00,0.2,1020.3,2.1,96,-0.4,3000,18.52,29.632,,350,,,0.8,2,,,,,,71,og-post,,,,AAXX 04214 07299 21230 73510 10002 21004 39863 40203 51021 77176 877// 333 60027 87704 90710 91116 93100 555 69985=
07299,2008-03-04 22:00:00,0.3,1021,1.9,96,-0.3,7000,11.112,31.484,,340,,,0.2,,,,,,,22,og-post,,,,AAXX 04224 07299 21257 73406 10003 21003 39870 40210 52019 72272 875// 333 69925 85705 87621 90710 91117 93100=
07299,2008-03-04 23:00:00,0.5,1021.5,1.8,96,-0.1,6000,11.112,18.52,,320,,,,,,,,,,22,og-post,,,,AAXX 04234 07299 21356 73206 10005 21001 39875 40215 51018 72272 875// 333 69905 84708 87615 90710 91110 93100=
07299,2008-03-05 00:00:00,0.6,1021.6,1.3,96,0,5000,7.408,14.816,,340,,,0,0.2,2,,,,,3,og-post,,,,AAXX 05004 07299 01350 73404 10006 20000 39877 40216 51013 60021 70376 875// 333 69927 85707 87613 90710 91108 93100 555 60005=
07299,2008-03-05 01:00:00,0.8,1021.9,1,96,0.2,5000,14.816,25.928,,330,,,,,,,,,,,og-post,,,,AAXX 05014 07299 26/50 /3308 10008 20002 39880 40219 51010 333 69905 90710 91114=
07299,2008-03-05 02:00:00,0.7,1021.7,0.3,93,-0.3,7000,18.52,31.484,,340,,,,,,,,,,,og-post,,,,AAXX 05024 07299 26/57 /3410 10007 21003 39878 40217 50003 333 69905 90710 91117=
07299,2008-03-05 03:00:00,0.7,1022.4,0.6,90,-0.7,9000,25.928,50.004,,350,,,,,,,,,,22,og-post,,,,AAXX 05034 07299 21459 73514 10007 21007 39884 40224 53006 72272 875// 333 69907 85612 87618 90710 91127 93100 555 69905=
07299,2008-03-05 04:00:00,0.7,1023.4,1.4,89,-0.9,12000,18.52,42.596,,360,,,0,,,,,,,22,og-post,,,,AAXX 05044 07299 21462 73610 10007 21009 39894 40234 53014 72222 875// 333 60005 87614 90710 91123=
07299,2008-03-05 05:00:00,0.7,1024,2.1,88,-1.1,11000,18.52,29.632,,10,,,0,,,,,,,,og-post,,,,AAXX 05054 07299 22461 70110 10007 21011 39900 40240 51021 875// 333 60005 87614 90710 91116=
07299,2008-03-05 06:00:00,0.3,1025,2.7,89,-1.3,9000,22.224,35.188,,360,0.1,1.1,,,,2,3.6,2.5,0,71,og-post,,,,AAXX 05064 07299 01459 73612 10003 21013 39909 40250 51027 60022 77172 875// 333 10011 20001 32000 55025 69907 70036 87612 90710 91119 555 69905=
07299,2008-03-05 07:00:00,0.1,1026,2,88,-1.6,6000,31.484,46.3,,360,,,0.2,,,,,,,71,og-post,,,,AAXX 05074 07299 21356 73617 10001 21016 39918 40260 53020 77177 878// 333 69925 82807 87616 90710 91125=
07299,2008-03-05 08:00:00,0,1027.4,3,83,-2.5,7000,29.632,50.004,50.004,10,,,,,,,,,,22,og-post,,,,AAXX 05084 07299 21557 70116 10000 21025 39932 40274 53030 72272 8283/ 333 69905 81821 86357 91027 90710 91127 93100=
07299,2008-03-05 09:00:00,0.3,1027.5,2.6,80,-2.7,25000,29.632,53.708,,360,,,0,0.2,,,,,,1,og-post,,,,AAXX 05094 07299 21575 33616 10003 21027 39933 40275 51026 70171 81830 333 69927 81821 83359 90710 91129 93100 555 60005=
07299,2008-03-05 10:00:00,1.5,1028.3,2.7,74,-2.6,30000,29.632,50.004,,360,,,0,,,,,,,,og-post,,,,AAXX 05104 07299 22580 13616 10015 21026 39942 40283 51027 81830 333 60005 81821 90710 91127 93100=
07299,2008-03-05 11:00:00,3,1029,1.8,63,-3.3,50000,25.928,46.3,,360,,,0,,,,,,,,og-post,,,,AAXX 05114 07299 22584 13614 10030 21033 39951 40290 52018 81130 333 60005 81830 90710 91125 93100=
07299,2008-03-05 12:00:00,3.5,1029.3,1.9,47,-6.7,50000,25.928,42.596,,30,,,0,0,0.2,,,,,1,og-post,,,,AAXX 05124 07299 01684 10314 10035 21067 39954 40293 51019 69921 70171 81130 333 60007 81836 90710 91123 93100 555 60005=
07299,2008-03-05 13:00:00,3.4,1029.4,1,51,-5.8,45000,18.52,38.892,,20,,,0,,,,,,,15,og-post,,,,AAXX 05134 07299 21683 20210 10034 21058 39955 40294 50010 71500 82200 333 60005 81836 90710 91121 93100=
07299,2008-03-05 14:00:00,3.8,1029.2,0.5,53,-4.9,35000,25.928,50.004,,360,,,0,,,,,,,15,og-post,,,,AAXX 05144 07299 21681 23614 10038 21049 39954 40292 51005 71500 82800 333 60005 81836 90710 91127 93100=
07299,2008-03-05 15:00:00,3,1029.8,0.4,56,-4.9,9000,22.224,38.892,,20,,,,,,,,,,85,og-post,,,,AAXX 05154 07299 21659 30212 10030 21049 39958 40298 53004 78587 83800 333 69907 82833 90710 91121 93100 555 69905=
07299,2008-03-05 16:00:00,1.9,1029.7,0.4,54,-6.4,40000,18.52,35.188,,20,,,,,,,,,,26,og-post,,,,AAXX 05164 07299 21582 10210 10019 21064 39956 40297 50004 72600 81800 333 69905 81823 90710 91119 93100=
07299,2008-03-05 17:00:00,2,1030.4,1.1,54,-6.3,22000,14.816,35.188,,20,,,0,,,,,,,15,og-post,,,,AAXX 05174 07299 21572 10208 10020 21063 39963 40304 53011 71500 81230 333 60005 81823 90710 91119 93100=
07299,2008-03-05 18:00:00,0.3,1030.8,0.7,63,-5.9,25000,11.112,25.928,,10,-0.3,4.3,0,,,0.2,,,,1,og-post,,,,AAXX 05184 07299 01575 10106 10003 21059 39965 40308 53007 69922 70187 81800 333 10043 21003 69907 81826 90710 91114 93100 555 60005=
07299,2008-03-05 19:00:00,-0.1,1031.1,1.1,57,-7.6,20000,11.112,22.224,,20,,,0,,,,,,,,og-post,,,,AAXX 05194 07299 26/70 /0206 11001 21076 39967 40311 51011 333 60005 90710 91112=
07299,2008-03-05 20:00:00,-1.8,1031.4,0.6,70,-6.5,18000,,18.52,,,,,0,,,,,,,,og-post,,,,AAXX 05204 07299 22968 00000 11018 21065 39968 40314 51006 333 60005 90710 91110 93100=
07299,2008-03-05 21:00:00,-2.2,1031.6,0.4,79,-5.3,15000,7.408,11.112,,280,,,0,0,,,,,,,og-post,,,,AAXX 05214 07299 22965 02804 11022 21053 39969 40316 51004 333 60007 90710 91106 93100 555 60005=
07299,2008-03-05 22:00:00,-3.2,1031.5,0,83,-5.7,15000,7.408,14.816,,310,,,0,,,,,,,,og-post,,,,AAXX 05224 07299 22965 03104 11032 21057 39967 40315 50000 333 60005 90710 91108 93100=
07299,2008-03-05 23:00:00,-3.6,1031.4,-0.1,84,-5.9,15000,3.704,11.112,,300,,,0,,,,,,,,og-post,,,,AAXX 05234 07299 22965 03002 11036 21059 39966 40314 58001 333 60005 90710 91106 93100=
07299,2008-03-06 00:00:00,-4.2,1031.4,-0.4,85,-6.3,15000,7.408,7.408,,240,,,0,0,,,,,,,og-post,,,,AAXX 06004 07299 02965 02404 11042 21063 39965 40314 57004 60001 333 60007 90710 91104 93100 555 60005=
07299,2008-03-06 01:00:00,-4.9,1031.1,-0.6,88,-6.6,20000,7.408,11.112,,320,,,0,,,,,,,,og-post,,,,AAXX 06014 07299 26/70 /3204 11049 21066 39961 40311 58006 333 60005 90710 91106=
07299,2008-03-06 02:00:00,-4.6,1030.3,-1.3,88,-6.3,20000,7.408,14.816,,300,,,0,,,,,,,,og-post,,,,AAXX 06024 07299 26/70 /3004 11046 21063 39954 40303 58013 333 60005 90710 91108=
07299,2008-03-06 03:00:00,-4.6,1029.8,-1.6,88,-6.3,15000,7.408,11.112,,290,,,0,0,,,,,,,og-post,,,,AAXX 06034 07299 22965 02904 11046 21063 39949 40298 58016 333 60007 90710 91106 93100 555 60005=
07299,2008-03-06 04:00:00,-5.2,1029.6,-1.5,89,-6.7,15000,7.408,11.112,,310,,,0,,,,,,,,og-post,,,,AAXX 06044 07299 22965 03104 11052 21067 39946 40296 56015 333 60005 90710 91106 93100=
07299,2008-03-06 05:00:00,-5.7,1029.7,-0.7,91,-6.9,15000,3.704,11.112,,360,,,0,,,,,,,,og-post,,,,AAXX 06054 07299 22965 03602 11057 21069 39947 40297 55007 333 60005 90710 91106 93100=
07299,2008-03-06 06:00:00,-6.3,1029.7,-0.3,92,-7.4,30000,,3.704,,,-6.4,0.2,0,0,,,0.2,6.4,-10,,og-post,,,,AAXX 06064 07299 02980 10000 11063 21074 39946 40297 56003 60002 81031 333 10002 21064 34110 55064 60007 70002 81363 90710 91102 93100 555 60005=
07299,2008-03-06 07:00:00,-4.2,1029.6,0.2,93,-5.2,12000,3.704,3.704,,130,,,0,,,,,,,,og-post,,,,AAXX 06074 07299 22662 11302 11042 21052 39948 40296 53002 81531 333 60005 81640 90710 91102 93100=
07299,2008-03-06 08:00:00,-2.3,1029.4,0.1,85,-4.5,13000,3.704,7.408,,350,,,0,,,,,,,,og-post,,,,AAXX 06084 07299 22463 33502 11023 21045 39948 40294 53001 81131 333 60005 81810 83075 90710 91104 93100=
07299,2008-03-06 09:00:00,-1,1028.9,-0.1,82,-3.7,18000,7.408,11.112,,320,,,0,0,,,,,,,og-post,,,,AAXX 06094 07299 22968 33204 11010 21037 39945 40289 58001 80001 333 60007 83075 90710 91106 93100 555 60005=
07299,2008-03-06 10:00:00,1.2,1028.1,-0.8,62,-5.3,50000,7.408,14.816,,310,,,0,,,,,,,,og-post,,,,AAXX 06104 07299 22984 13104 10012 21053 39940 40281 58008 80001 333 60005 81075 90710 91108 93100=
07299,2008-03-06 11:00:00,2.9,1027.1,-1.6,51,-6.2,50000,7.408,14.816,,260,,,0,,,,,,,,og-post,,,,AAXX 06114 07299 22584 12604 10029 21062 39932 40271 58016 81101 333 60005 81820 90710 91108 93100=
07299,2008-03-06 12:00:00,4,1026.3,-1.9,45,-6.8,50000,7.408,14.816,,340,,,0,0,,,,,,,og-post,,,,AAXX 06124 07299 02684 13404 10040 21068 39926 40263 58019 60001 81101 333 60007 81833 90710 91108 93100 555 60005=
07299,2008-03-06 13:00:00,4.7,1025.3,-2.3,39,-8,50000,7.408,18.52,,30,,,0,,,,,,,,og-post,,,,AAXX 06134 07299 22684 10304 10047 21080 39917 40253 57023 81101 333 60005 81840 90710 91110 93100=
07299,2008-03-06 14:00:00,5.6,1024.5,-2.3,36,-8.3,55000,7.408,18.52,,10,,,0,,,,,,,,og-post,,,,AAXX 06144 07299 22685 10104 10056 21083 39910 40245 58023 81101 333 60005 81840 90710 91110 93100=
07299,2008-03-06 15:00:00,6.2,1023.5,-2.5,40,-6.4,55000,7.408,18.52,,350,,,0,0,,,,,,,og-post,,,,AAXX 06154 07299 22985 13504 10062 21064 39901 40235 58025 80001 333 60007 81075 90710 91110 93100 555 60005=
07299,2008-03-06 16:00:00,6.5,1023.1,-1.9,39,-6.4,55000,7.408,14.816,,10,,,0,,,,,,,,og-post,,,,AAXX 06164 07299 22985 10104 10065 21064 39898 40231 56019 80001 333 60005 81075 90710 91108 93100=
07299,2008-03-06 17:00:00,4.8,1023.2,-1.2,45,-6.1,55000,11.112,18.52,,350,,,0,,,,,,,,og-post,,,,AAXX 06174 07299 22985 13506 10048 21061 39897 40232 56012 80002 333 60005 81066 90710 91110 93100=
07299,2008-03-06 18:00:00,1.9,1023.6,-0.3,56,-5.9,55000,11.112,18.52,,340,-6.2,6.8,0,0,,,,,,,og-post,,,,AAXX 06184 07299 02985 23406 10019 21059 39897 40236 56003 60002 81032 333 10068 21062 60007 81359 90710 91110 93100 555 60005=
07299,2008-03-06 19:00:00,2.1,1023.6,-0.1,55,-6,25000,11.112,14.816,,40,,,0,,,,,,,,og-post,,,,AAXX 06194 07299 22975 10406 10021 21060 39897 40236 56001 81032 333 60005 81359 90710 91108 93100=
07299,2008-03-06 20:00:00,0.5,1023.3,-0.4,70,-4.3,22000,,14.816,,,,,0,,,,,,,,og-post,,,,AAXX 06204 07299 22/72 10000 10005 21043 39893 40233 58004 80001 333 60005 81073 90710 91108 93100=
07299,2008-03-06 21:00:00,-1.4,1023.6,-0.3,81,-4.2,16000,3.704,7.408,,170,,,0,0,,,,,,,og-post,,,,AAXX 06214 07299 22966 01702 11014 21042 39893 40236 55003 333 60007 90710 91104 93100 555 60005=
07299,2008-03-06 22:00:00,-1.7,1023.6,-0.4,77,-5.2,20000,7.408,11.112,,160,,,0,,,,,,,,og-post,,,,AAXX 06224 07299 22/70 11604 11017 21052 39893 40236 56004 80001 333 60005 81073 90710 91106 93100=
07299,2008-03-06 23:00:00,-2.6,1023.5,-0.1,85,-4.8,20000,7.408,11.112,,210,,,0,,,,,,,,og-post,,,,AAXX 06234 07299 22/70 12104 11026 21048 39891 40235 58001 80001 333 60005 81073 90710 91106 93100=
07299,2008-03-07 00:00:00,-2.3,1022.8,-1,80,-5.3,18000,,11.112,,,,,0,0,,,,,,,og-post,,,,AAXX 07004 07299 02/68 20000 11023 21053 39884 40228 58010 60001 80001 333 60007 82073 90710 91106 93100 555 60005=
07299,2008-03-07 01:00:00,-3.5,1022.3,-1.6,86,-5.5,17000,3.704,7.408,,190,,,0,,,,,,,,og-post,,,,AAXX 07014 07299 26/67 /1902 11035 21055 39878 40223 58016 333 60005 90710 91104=
07299,2008-03-07 02:00:00,-4.2,1021.2,-2.5,89,-5.7,20000,3.704,7.408,,320,,,0,,,,,,,,og-post,,,,AAXX 07024 07299 26/70 /3202 11042 21057 39866 40212 58025 333 60005 90710 91104=
07299,2008-03-07 03:00:00,-3.6,1020,-2.8,87,-5.4,16000,3.704,7.408,,200,,,0,0,,,,,,,og-post,,,,AAXX 07034 07299 22/66 32002 11036 21054 39856 40200 58028 80001 333 60007 83073 90710 91104 93100 555 60005=
07299,2008-03-07 04:00:00,-4.4,1019.6,-2.6,88,-6.1,20000,,3.704,,,,,0,,,,,,,,og-post,,,,AAXX 07044 07299 22/70 20000 11044 21061 39851 40196 56026 80001 333 60005 82073 90710 91102 93100=
07299,2008-03-07 05:00:00,-4.4,1019,-2.2,89,-5.9,20000,,3.704,,,,,0,,,,,,,,og-post,,,,AAXX 07054 07299 22/70 20000 11044 21059 39845 40190 56022 80001 333 60005 82073 90710 91102 93100=
07299,2008-03-07 06:00:00,-4.8,1018.6,-1.5,89,-6.3,20000,3.704,3.704,,230,-4.9,2.6,0,0,,,0,10.8,-9,,og-post,,,,AAXX 07064 07299 02970 42302 11048 21063 39841 40186 56015 60002 81034 333 10026 21049 34109 55108 60007 70000 81366 83073 90710 91102 93100 555 60005=
07299,2008-03-07 07:00:00,-4.2,1018.8,-0.9,89,-5.7,20000,,7.408,,,,,0,,,,,,,,og-post,,,,AAXX 07074 07299 22470 70000 11042 21057 39843 40188 55009 81134 333 60005 81810 87073 90710 91104 93100=
07299,2008-03-07 08:00:00,-2,1018.1,-0.5,80,-5,18000,,3.704,,,,,0,,,,,,,,og-post,,,,AAXX 07084 07299 26/68 /0000 11020 21050 39839 40181 57005 333 60005 90710 91102=
07299,2008-03-07 09:00:00,0,1017.6,-0.4,72,-4.4,20000,,7.408,,,,,0,0,,,,,,,og-post,,,,AAXX 07094 07299 22670 70000 10000 21044 39837 40176 58004 81534 333 60007 81640 87073 90710 91104 93100 555 60005=
07299,2008-03-07 10:00:00,1.9,1017,-0.9,62,-4.6,20000,3.704,7.408,,270,,,0,,,,,,,,og-post,,,,AAXX 07104 07299 22670 72702 10019 21046 39833 40170 57009 81534 333 60005 81643 87073 90710 91104 93100=
07299,2008-03-07 11:00:00,3.2,1016.3,-1.1,53,-5.4,20000,3.704,7.408,,310,,,0,,,,,,,,og-post,,,,AAXX 07114 07299 22970 73102 10032 21054 39828 40163 58011 81034 333 60005 81366 87073 90710 91104 93100=
07299,2008-03-07 12:00:00,4.7,1015.7,-1.3,51,-4.6,20000,3.704,11.112,,250,,,0,0,,,,,,,og-post,,,,AAXX 07124 07299 02570 72502 10047 21046 39824 40157 58013 60001 81134 333 60007 81826 87073 90710 91106 93100 555 60005=
07299,2008-03-07 13:00:00,5.6,1014.9,-1.5,53,-3.2,20000,3.704,11.112,,260,,,0,,,,,,,,og-post,,,,AAXX 07134 07299 22970 72602 10056 21032 39818 40149 57015 81034 333 60005 81362 87073 90710 91106 93100=
07299,2008-03-07 14:00:00,6.2,1014.6,-1.3,56,-1.9,20000,3.704,11.112,,250,,,0,,,,,,,,og-post,,,,AAXX 07144 07299 22970 72502 10062 21019 39815 40146 56013 81034 333 60005 81362 87070 90710 91106 93100=
07299,2008-03-07 15:00:00,6.1,1014.4,-1,66,0.2,20000,11.112,14.816,,250,,,0,0,,,,,,,og-post,,,,AAXX 07154 07299 22970 72506 10061 20002 39813 40144 56010 81034 333 60007 82363 87070 90710 91108 93100 555 60005=
07299,2008-03-07 16:00:00,6,1014.4,-0.5,65,-0.1,18000,14.816,18.52,,240,,,0,,,,,,,,og-post,,,,AAXX 07164 07299 22668 72408 10060 21001 39813 40144 56005 83534 333 60005 83644 87070 90710 91110 93100=
07299,2008-03-07 17:00:00,5.3,1014.6,-0,68,-0.1,18000,11.112,18.52,,240,,,0,,,,,,,,og-post,,,,AAXX 07174 07299 22668 72406 10053 21001 39814 40146 55000 82534 333 60005 82646 87070 90710 91110 93100=
07299,2008-03-07 18:00:00,4.4,1015.1,0.5,73,0,18000,7.408,14.816,,210,-4.8,6.2,0,0,,,,,,,og-post,,,,AAXX 07184 07299 02668 72104 10044 20000 39818 40151 53005 60002 83534 333 10062 21048 60007 83649 83364 87071 90710 91108 93100 555 60005=
07299,2008-03-07 19:00:00,3.7,1015.2,0.5,75,-0.3,15000,7.408,7.408,,160,,,0,,,,,,,,og-post,,,,AAXX 07194 07299 22765 71604 10037 21003 39818 40152 51005 83534 333 60005 83650 83364 87071 90710 91104 93100=
07299,2008-03-07 20:00:00,3.1,1015.4,0.6,78,-0.4,15000,7.408,11.112,,160,,,0,,,,,,,,og-post,,,,AAXX 07204 07299 22665 71604 10031 21004 39820 40154 51006 875// 333 60005 82645 87650 90710 91106 93100=
07299,2008-03-07 21:00:00,3.2,1015.8,0.6,78,-0.3,15000,3.704,11.112,,140,,,0,0,,,,,,,og-post,,,,AAXX 07214 07299 22665 71402 10032 21003 39824 40158 53006 875// 333 60007 81645 87650 90710 91106 93100 555 60005=
07299,2008-03-07 22:00:00,3.3,1015.7,0.5,76,-0.5,15000,3.704,11.112,,150,,,0,,,,,,,,og-post,,,,AAXX 07224 07299 22665 81502 10033 21005 39823 40157 50005 875// 333 60005 87643 90710 91106 93100=
07299,2008-03-07 23:00:00,3.3,1015.7,0.3,71,-1.4,15000,7.408,11.112,,150,,,0,,,,,,,,og-post,,,,AAXX 07234 07299 22665 81504 10033 21014 39823 40157 51003 875// 333 60005 81635 87645 90710 91106 93100=
07299,2008-03-08 00:00:00,3.2,1015.7,-0.1,72,-1.3,14000,7.408,11.112,,120,,,0,0,,,,,,,og-post,,,,AAXX 08004 07299 02664 81204 10032 21013 39823 40157 56001 60001 875// 333 60007 87635 90710 91106 93100 555 60005=
07299,2008-03-08 01:00:00,2.8,1015.6,-0.2,77,-0.8,17000,7.408,11.112,,160,,,0,,,,,,,,og-post,,,,AAXX 08014 07299 26/67 /1604 10028 21008 39821 40156 58002 333 60005 90710 91106=
07299,2008-03-08 02:00:00,2.2,1015.6,-0.3,85,-0.1,10000,7.408,11.112,,150,,,0,,,,,,,,og-post,,,,AAXX 08024 07299 26/60 /1504 10022 21001 39820 40156 58003 333 60005 90710 91106=
07299,2008-03-08 03:00:00,2.3,1015.2,-0.6,87,0.4,7000,7.408,11.112,,130,,,,,,,,,,53,og-post,,,,AAXX 08034 07299 21457 81304 10023 20004 39817 40152 58006 75352 887// 333 69907 87715 90710 91106 555 69905=
07299,2008-03-08 04:00:00,2.3,1015.2,-0.4,89,0.7,4000,3.704,11.112,,170,,,,,,,,,,59,og-post,,,,AAXX 08044 07299 21440 81702 10023 20007 39817 40152 56004 75965 887// 333 69905 88712 90710 91106=
07299,2008-03-08 05:00:00,2.3,1015.2,-0.3,93,1.3,4000,7.408,11.112,,140,,,0.2,,,,,,,53,og-post,,,,AAXX 08054 07299 21440 81404 10023 20013 39817 40152 56003 75365 887// 333 69925 88711 90710 91106=
07299,2008-03-08 06:00:00,2.3,1015.3,0.1,93,1.3,3800,7.408,14.816,,130,2.2,4.3,,0.2,,0.2,0.2,1.3,1,50,og-post,,,,AAXX 08064 07299 01438 81304 10023 20013 39818 40153 51001 69922 75065 887// 333 10043 20022 32001 55013 69927 70002 88710 90710 91108 555 69905=
07299,2008-03-08 07:00:00,2.5,1015.5,0.2,93,1.5,4000,7.408,11.112,,150,,,,,,,,,,20,og-post,,,,AAXX 08074 07299 21440 81504 10025 20015 39820 40155 53002 72052 887// 333 69905 88710 90710 91106=
07299,2008-03-08 08:00:00,2.7,1015.7,0.4,93,1.7,3500,7.408,11.112,,100,,,0,,,,,,,10,og-post,,,,AAXX 08084 07299 21235 81004 10027 20017 39822 40157 53004 71022 887// 333 60005 84705 87710 90710 91106=
07299,2008-03-08 09:00:00,3.2,1015.6,0.4,92,2,4000,11.112,14.816,,140,,,0,,,,,,,10,og-post,,,,AAXX 08094 07299 21240 81406 10032 20020 39822 40156 51004 71052 887// 333 69907 82705 87710 90710 91108 555 60005=
07299,2008-03-08 10:00:00,4.5,1015.4,0.1,89,2.8,4500,7.408,14.816,,130,,,0,,,,,,,10,og-post,,,,AAXX 08104 07299 21445 81304 10045 20028 39821 40154 50001 71022 887// 333 60005 87710 90710 91108=
07299,2008-03-08 11:00:00,6.9,1014.6,-0.4,81,3.9,6000,11.112,18.52,,130,,,0,,,,,,,,og-post,,,,AAXX 08114 07299 22456 71306 10069 20039 39817 40146 58004 8413/ 333 60005 82710 83820 85358 90710 91110=
07299,2008-03-08 12:00:00,8.6,1014,-0.9,68,3,8000,3.704,14.816,,170,,,0,0,,,,,,1,og-post,,,,AAXX 08124 07299 01458 71702 10086 20030 39813 40140 58009 69901 70152 8413/ 333 60007 81816 83820 85358 90710 91108 555 60005=
07299,2008-03-08 13:00:00,9,1013.2,-1.6,66,3,12000,7.408,14.816,,110,,,0,,,,,,,,og-post,,,,AAXX 08134 07299 22462 61104 10090 20030 39805 40132 58016 84130 333 60005 81816 85820 85358 90710 91108=
07299,2008-03-08 14:00:00,10.1,1012.4,-1.9,55,1.5,14000,7.408,14.816,,160,,,0,,,,,,,,og-post,,,,AAXX 08144 07299 22564 61604 10101 20015 39799 40124 57019 85130 333 60005 81820 85828 85358 90710 91108=
07299,2008-03-08 15:00:00,9.1,1012.1,-1.8,58,1.3,15000,7.408,14.816,,190,,,0,0,,,,,,,og-post,,,,AAXX 08154 07299 22565 61904 10091 20013 39795 40121 56018 85230 333 60007 81820 85828 85357 90710 91108 555 60005=
07299,2008-03-08 16:00:00,8.6,1012.1,-1,68,3,15000,7.408,11.112,,250,,,0,,,,,,,,og-post,,,,AAXX 08164 07299 22565 72504 10086 20030 39794 40121 56010 858// 333 60005 81820 83828 87656 90710 91106=
07299,2008-03-08 17:00:00,8.3,1012.2,-0.4,68,2.8,15000,3.704,11.112,,230,,,0,,,,,,,,og-post,,,,AAXX 08174 07299 22565 72302 10083 20028 39795 40122 55004 878// 333 60005 83828 87656 90710 91106=
07299,2008-03-08 18:00:00,7.5,1012.4,0.1,75,3.4,15000,3.704,7.408,,190,2.4,10.4,0,0,,,,,,,og-post,,,,AAXX 08184 07299 02565 71902 10075 20034 39796 40124 53001 69902 878// 333 10104 20024 60007 83828 87656 90710 91104 555 60005=
07299,2008-03-08 19:00:00,6.8,1012.8,0.5,81,3.8,15000,3.704,7.408,,210,,,0,,,,,,,,og-post,,,,AAXX 08194 07299 22565 72102 10068 20038 39799 40128 53005 878// 333 60005 83828 87656 90710 91104=
07299,2008-03-08 20:00:00,6.3,1012.8,0.3,80,3.1,15000,3.704,7.408,,120,,,0,,,,,,,,og-post,,,,AAXX 08204 07299 22565 71202 10063 20031 39798 40128 50003 878// 333 60005 81830 87656 90710 91104=
07299,2008-03-08 21:00:00,4.4,1012.9,0,86,2.3,12000,7.408,11.112,,170,,,0,0,,,,,,,og-post,,,,AAXX 08214 07299 22562 21704 10044 20023 39797 40129 50000 82800 333 60007 81830 90710 91106 555 60005=
07299,2008-03-08 22:00:00,3.4,1013,-0.2,88,1.6,12000,11.112,14.816,,150,,,0,,,,,,,,og-post,,,,AAXX 08224 07299 22562 31506 10034 20016 39797 40130 56002 83800 333 60005 81830 83656 90710 91108=
07299,2008-03-08 23:00:00,2.6,1012.7,-0.5,89,1,10000,11.112,14.816,,170,,,0,,,,,,,,og-post,,,,AAXX 08234 07299 22560 31706 10026 20010 39793 40127 58005 83800 333 60005 81830 83656 90710 91108=
07299,2008-03-09 00:00:00,1.9,1012.8,-0.4,90,0.4,8000,11.112,18.52,,170,,,0,0,,,,,,,og-post,,,,AAXX 09004 07299 02558 31706 10019 20004 39793 40128 57004 60001 83800 333 60007 81830 83656 90710 91110 555 60005=
07299,2008-03-09 01:00:00,0.8,1012.9,-0.4,92,-0.3,6000,11.112,14.816,,200,,,0,,,,,,,,og-post,,,,AAXX 09014 07299 26/56 /2006 10008 21003 39793 40129 56004 333 60005 90710 91108=
07299,2008-03-09 02:00:00,0.4,1012.4,-0.6,93,-0.6,6000,7.408,11.112,,170,,,0,,,,,,,,og-post,,,,AAXX 09024 07299 26/56 /1704 10004 21006 39787 40124 58006 333 60005 90710 91106=
07299,2008-03-09 03:00:00,0.9,1012,-0.9,93,-0.1,8000,7.408,11.112,,180,,,0,0,,,,,,,og-post,,,,AAXX 09034 07299 22558 71804 10009 21001 39784 40120 58009 875// 333 60007 87620 90710 91106 93100 555 60005=
07299,2008-03-09 04:00:00,0.7,1011.4,-1.5,92,-0.4,8000,11.112,14.816,,160,,,0,,,,,,,,og-post,,,,AAXX 09044 07299 22558 31606 10007 21004 39778 40114 57015 83800 333 60005 81828 83649 90710 91108 93100=
07299,2008-03-09 05:00:00,0.6,1011.2,-1.1,93,-0.4,8000,11.112,18.52,,180,,,0,,,,,,,,og-post,,,,AAXX 09054 07299 22658 71806 10006 21004 39776 40112 56011 878// 333 60005 81646 86650 90710 91110 93100=
07299,2008-03-09 06:00:00,0.3,1010.8,-1.2,92,-0.8,5000,11.112,18.52,,160,0,7.5,0,0,,,0,3.8,-3,,og-post,,,,AAXX 09064 07299 02650 71606 10003 21008 39772 40108 56012 60002 83802 333 10075 20000 30103 55038 60007 79999 83644 87073 90710 91110 93100 555 60005=
07299,2008-03-09 07:00:00,0.6,1010.7,-0.7,92,-0.5,7000,7.408,14.816,,180,,,0,,,,,,,,og-post,,,,AAXX 09074 07299 22657 71804 10006 21005 39771 40107 57007 81502 333 60005 81643 87073 90710 91108 93100=
07299,2008-03-09 08:00:00,2.2,1010.3,-0.7,88,0.4,7000,7.408,14.816,,170,,,0,,,,,,,,og-post,,,,AAXX 09084 07299 22657 71704 10022 20004 39769 40103 56007 81502 333 60005 81645 87073 90710 91108 93100=
07299,2008-03-09 09:00:00,5.4,1009.2,-1.1,79,2.1,8000,11.112,18.52,,130,,,0,0,,,,,,,og-post,,,,AAXX 09094 07299 22758 71306 10054 20021 39762 40092 58011 81532 333 60007 81650 87073 90710 91110 93100 555 60005=
07299,2008-03-09 10:00:00,8.2,1008,-1.7,63,1.6,10000,14.816,22.224,,130,,,0,,,,,,,,og-post,,,,AAXX 09104 07299 22760 71308 10082 20016 39754 40080 58017 81532 333 60005 81650 87073 90710 91112 93100=
07299,2008-03-09 11:00:00,10.6,1006.8,-2.4,56,2.2,15000,7.408,18.52,,120,,,0,,,,,,,,og-post,,,,AAXX 09114 07299 22765 71204 10106 20022 39745 40068 58024 81532 333 60005 81650 83364 87073 90710 91110 93100=
07299,2008-03-09 12:00:00,11.4,1006,-2.4,49,1.1,20000,3.704,14.816,,100,,,0,0,,,,,,,og-post,,,,AAXX 09124 07299 02770 71002 10114 20011 39738 40060 56024 60001 81532 333 60007 81650 83364 87073 90710 91108 93100 555 60005=
07299,2008-03-09 13:00:00,12,1005.2,-2.3,49,1.6,20000,3.704,11.112,,210,,,0,,,,,,,,og-post,,,,AAXX 09134 07299 22770 72102 10120 20016 39731 40052 56023 81532 333 60005 81650 87073 90710 91106 93100=
07299,2008-03-09 14:00:00,12.1,1005,-1.6,52,2.6,25000,3.704,11.112,,130,,,0,,,,,,,,og-post,,,,AAXX 09144 07299 22675 71302 10121 20026 39729 40050 56016 81532 333 60005 81643 83364 87073 90710 91106 93100=
07299,2008-03-09 15:00:00,12.3,1004.5,-1.3,53,3,25000,3.704,11.112,,150,,,0,0,,,,,,,og-post,,,,AAXX 09154 07299 22675 71502 10123 20030 39725 40045 56013 81532 333 60007 81645 84364 87073 90710 91106 93100 555 60005=
07299,2008-03-09 16:00:00,12.2,1004.4,-0.7,52,2.6,25000,3.704,14.816,,160,,,0,,,,,,,,og-post,,,,AAXX 09164 07299 22775 71602 10122 20026 39724 40044 56007 83572 333 60005 83650 85364 87073 90710 91108 93100=
07299,2008-03-09 17:00:00,11.6,1004.7,-0.3,54,2.6,25000,3.704,7.408,,90,,,0,,,,,,,,og-post,,,,AAXX 09174 07299 22775 70902 10116 20026 39726 40047 55003 8457/ 333 60005 84650 87361 90710 91104 93100=
07299,2008-03-09 18:00:00,10.3,1005.1,0.3,61,3.1,20000,,7.408,,,0.2,12.9,0,0,,,,,,,og-post,,,,AAXX 09184 07299 02770 70000 10103 20031 39728 40051 53003 60002 8457/ 333 10129 20002 60007 84650 87358 90710 91104 93100 555 60005=
07299,2008-03-09 19:00:00,9.7,1005.7,1,65,3.4,20000,7.408,7.408,,190,,,0,,,,,,,,og-post,,,,AAXX 09194 07299 22770 71904 10097 20034 39734 40057 53010 8457/ 333 60005 84650 87357 90710 91104 93100=
07299,2008-03-09 20:00:00,10.1,1006,1.1,60,2.7,20000,7.408,18.52,,250,,,0,,,,,,,,og-post,,,,AAXX 09204 07299 22770 72504 10101 20027 39737 40060 53011 875// 333 60005 84650 87656 90710 91110 93100=
07299,2008-03-09 21:00:00,9.7,1006.5,1.3,60,2.3,20000,11.112,14.816,,210,,,0,0,,,,,,,og-post,,,,AAXX 09214 07299 22670 72106 10097 20023 39741 40065 51013 8457/ 333 60007 84648 87357 90710 91108 93100 555 60005=
07299,2008-03-09 22:00:00,9.6,1006.8,1.1,64,3.1,20000,14.816,38.892,,250,,,0,,,,,,,,og-post,,,,AAXX 09224 07299 22670 72508 10096 20031 39744 40068 52011 8657/ 333 60005 86640 87357 90710 91121 93100=
07299,2008-03-09 23:00:00,8.2,1007.5,1.1,77,4.4,20000,18.52,35.188,,260,,,0,,,,,,,,og-post,,,,AAXX 09234 07299 22670 72610 10082 20044 39749 40075 53011 8657/ 333 60005 86640 87357 90710 91119 93100=
07299,2008-03-10 00:00:00,7.4,1007.3,0.5,75,3.3,20000,11.112,22.224,,230,,,0,0,,,,,,,og-post,,,,AAXX 10004 07299 02770 72306 10074 20033 39746 40073 50005 60001 8557/ 333 60007 84650 87357 90710 91112 93100 555 60005=
07299,2008-03-10 01:00:00,7.4,1006.8,-0.3,75,3.3,20000,7.408,18.52,,190,,,0,,,,,,,,og-post,,,,AAXX 10014 07299 26/70 /1904 10074 20033 39742 40068 58003 333 60005 90710 91110=
07299,2008-03-10 02:00:00,7.4,1005.7,-1.9,73,2.9,20000,7.408,14.816,,190,,,0,,,,,,,,og-post,,,,AAXX 10024 07299 26/70 /1904 10074 20029 39731 40057 58019 333 60005 90710 91108=
07299,2008-03-10 03:00:00,6.1,1005,-2.3,77,2.4,25000,3.704,7.408,,210,,,0,0,,,,,,,og-post,,,,AAXX 10034 07299 22675 52102 10061 20024 39723 40050 58023 82531 333 60007 82640 85358 90710 91104 93100 555 60005=
07299,2008-03-10 04:00:00,5.1,1004.6,-2.4,82,2.3,25000,7.408,11.112,,190,,,0,,,,,,,,og-post,,,,AAXX 10044 07299 22675 71904 10051 20023 39718 40046 56024 875// 333 60005 82640 87650 90710 91106 93100=
07299,2008-03-10 05:00:00,6.5,1004.1,-1.7,77,2.8,25000,7.408,11.112,,200,,,0,,,,,,,,og-post,,,,AAXX 10054 07299 22675 72004 10065 20028 39714 40041 56017 875// 333 60005 82635 87641 90710 91106 93100=
07299,2008-03-10 06:00:00,6,1003.5,-1.4,79,2.6,25000,3.704,14.816,,170,4.3,10.5,0,0,,,0,5.2,1,,og-post,,,,AAXX 10064 07299 02675 71702 10060 20026 39708 40035 58014 60002 8353/ 333 10105 20043 30001 55052 60007 70000 81635 87359 90710 91108 93100 555 60005=
07299,2008-03-10 07:00:00,6.1,1002.4,-2.1,82,3.3,20000,7.408,14.816,,160,,,0,,,,,,,,og-post,,,,AAXX 10074 07299 22670 61604 10061 20033 39698 40024 58021 82830 333 60005 81835 85357 90710 91108 93100=
07299,2008-03-10 08:00:00,8.5,1001,-2.7,68,2.9,20000,18.52,25.928,,130,,,0,,,,,,,,og-post,,,,AAXX 10084 07299 22670 71310 10085 20029 39687 40010 58027 8283/ 333 60005 81835 86359 90710 91114 93100=
07299,2008-03-10 09:00:00,9.2,999.3,-3.7,65,3,20000,18.52,29.632,,160,,,0,0,,,,,,,og-post,,,,AAXX 10094 07299 22670 71610 10092 20030 39671 49993 58037 8483/ 333 60007 81835 84646 87359 90710 91116 93100 555 60005=
07299,2008-03-10 10:00:00,11,997.4,-4.2,57,2.8,30000,22.224,31.484,,160,,,0,,,,,,,,og-post,,,,AAXX 10104 07299 22680 71612 10110 20028 39655 49974 58042 83832 333 60005 81833 83646 87075 90710 91117 93100=
07299,2008-03-10 11:00:00,11.6,996.1,-4.3,55,2.9,30000,25.928,38.892,,160,,,0,,,,,,,,og-post,,,,AAXX 10114 07299 22680 71614 10116 20029 39643 49961 56043 83832 333 60005 81833 83646 87075 90710 91121 93100=
07299,2008-03-10 12:00:00,11.4,994.7,-4.3,54,2.4,30000,25.928,38.892,,150,,,0,0,,,,,,,og-post,,,,AAXX 10124 07299 02680 71514 10114 20024 39629 49947 56043 60001 8287/ 333 60007 81833 83358 87364 90710 91121 93100 555 60005=
07299,2008-03-10 13:00:00,12.5,993,-4.1,52,2.9,30000,18.52,35.188,,190,,,0,,,,,,,,og-post,,,,AAXX 10134 07299 22680 71910 10125 20029 39614 49930 58041 8187/ 333 60005 81836 87361 90710 91119 93100=
07299,2008-03-10 14:00:00,11.4,991.9,-4,56,2.9,30000,25.928,35.188,,150,,,0,,,,,,,,og-post,,,,AAXX 10144 07299 22580 71514 10114 20029 39602 49919 56040 8287/ 333 60005 81826 87360 90710 91119 93100=
07299,2008-03-10 15:00:00,11.2,991.1,-3.4,58,3.3,30000,22.224,31.484,,150,,,0,0,,,,,,15,og-post,,,,AAXX 10154 07299 21580 71512 10112 20033 39594 49911 56034 71522 878// 333 60007 81826 87656 90710 91117 93100 555 60005=
07299,2008-03-10 16:00:00,11.4,991.1,-2,57,3.2,15000,11.112,31.484,,190,,,,,,,,,,21,og-post,,,,AAXX 10164 07299 21565 71906 10114 20032 39594 49911 56020 72162 878// 333 69905 81826 87650 90710 91117 93100=
07299,2008-03-10 17:00:00,10.1,991.8,-0.2,71,5.1,15000,25.928,42.596,,230,,,0.4,,,,,,,61,og-post,,,,AAXX 10174 07299 21565 72314 10101 20051 39600 49918 55002 76162 878// 333 69945 81826 87650 90710 91123 93100=
07299,2008-03-10 18:00:00,9.7,992.4,1.1,73,5.1,15000,29.632,46.3,,200,5.9,12.5,0.6,1,,1,,,,61,og-post,,,,AAXX 10184 07299 01565 72016 10097 20051 39605 49924 53011 60012 76162 878// 333 10125 20059 60017 81826 83641 87650 90710 91125 93100 555 69965=
07299,2008-03-10 19:00:00,10,993,1.7,65,3.7,15000,22.224,61.116,,210,,,,,,,,,,21,og-post,,,,AAXX 10194 07299 21565 72112 10100 20037 39611 49930 52017 72162 8787/ 333 69905 81826 85650 87357 90710 91133 93100=
07299,2008-03-10 20:00:00,10,993.4,1.3,58,2.1,15000,31.484,53.708,53.708,230,,,0,,,,,,,,og-post,,,,AAXX 10204 07299 22565 72317 10100 20021 39615 49934 52013 8487/ 333 60005 81830 84650 87358 91029 90710 91129 93100=
07299,2008-03-10 21:00:00,8.8,994.7,2.2,64,2.4,15000,29.632,61.116,,240,,,0,,,,,,,2,og-post,,,,AAXX 10214 07299 21665 72416 10088 20024 39626 49947 53022 70262 83872 333 69907 81840 83650 87073 90710 91133 93100 555 60005=
07299,2008-03-10 22:00:00,8.2,995,1.8,64,1.8,15000,22.224,46.3,,230,,,0,,,,,,,,og-post,,,,AAXX 10224 07299 22665 72312 10082 20018 39628 49950 53018 83872 333 60005 81840 83650 87073 90710 91125 93100=
07299,2008-03-10 23:00:00,7.6,995.7,2.1,68,2.1,15000,29.632,50.004,50.004,230,,,,,,,,,,60,og-post,,,,AAXX 10234 07299 21665 72316 10076 20021 39634 49957 51021 76062 8387/ 333 69905 81840 83650 87364 91027 90710 91127 93100=
07299,2008-03-11 00:00:00,7.4,996.3,1.5,71,2.5,15000,22.224,42.596,,230,,,,,,,,,,21,og-post,,,,AAXX 11004 07299 01665 72312 10074 20025 39640 49963 53015 69901 72162 8587/ 333 69907 83840 84650 87364 90710 91123 93100 555 69905=
07299,2008-03-11 01:00:00,7.4,996.5,1.3,71,2.5,20000,22.224,46.3,,230,,,0,,,,,,,,og-post,,,,AAXX 11014 07299 26/70 /2312 10074 20025 39642 49965 51013 333 60005 90710 91125=
07299,2008-03-11 02:00:00,7.5,996.8,1,68,2,20000,22.224,50.004,,230,,,0,,,,,,,,og-post,,,,AAXX 11024 07299 26/70 /2312 10075 20020 39645 49968 51010 333 60005 90710 91127=
07299,2008-03-11 03:00:00,7.6,997.1,0.8,65,1.5,15000,29.632,46.3,,230,,,0,0,,,,,,,og-post,,,,AAXX 11034 07299 22665 72316 10076 20015 39648 49971 53008 8387/ 333 60007 81840 83650 87362 90710 91125 93100 555 60005=
07299,2008-03-11 04:00:00,7.6,997.9,1.4,65,1.5,15000,31.484,50.004,,230,,,0,,,,,,,,og-post,,,,AAXX 11044 07299 22665 72317 10076 20015 39656 49979 53014 8387/ 333 60005 81840 83650 87362 90710 91127 93100=
07299,2008-03-11 05:00:00,7,999,2.1,70,1.9,15000,25.928,46.3,,240,,,0,,,,,,,,og-post,,,,AAXX 11054 07299 22665 72414 10070 20019 39666 49990 53021 8387/ 333 60005 81836 83650 87363 90710 91125 93100=
07299,2008-03-11 06:00:00,6.2,999.9,2.4,74,1.9,15000,22.224,50.004,,240,6.2,10.3,0,0,,,1,1.2,5,,og-post,,,,AAXX 11064 07299 02665 72412 10062 20019 39673 49999 52024 69902 82830 333 10103 20062 30005 55012 60007 70010 81835 85364 90710 91127 93100 555 60005=
07299,2008-03-11 07:00:00,7,1000.8,2.6,69,1.7,20000,29.632,46.3,,240,,,0,,,,,,,,og-post,,,,AAXX 11074 07299 22670 52416 10070 20017 39683 40008 53026 82830 333 60005 81835 85364 90710 91125 93100=
07299,2008-03-11 08:00:00,7.7,1001.8,2.8,62,0.9,20000,29.632,57.412,57.412,250,,,0,,,,,,,15,og-post,,,,AAXX 11084 07299 21670 52516 10077 20009 39693 40018 53028 71522 82830 333 60005 81835 84364 91031 90710 91131 93100=
07299,2008-03-11 09:00:00,9.1,1002.5,2.9,62,2.2,20000,31.484,72.228,53.708,250,,,0,0,,,,,,,og-post,,,,AAXX 11094 07299 22670 32517 10091 20022 39702 40025 51029 81830 333 60007 81833 91029 90710 91139 93100 555 60005=
07299,2008-03-11 10:00:00,10.1,1003,2.5,54,1.2,20000,38.892,61.116,61.116,250,,,0,,,,,,,15,og-post,,,,AAXX 11104 07299 21670 72521 10101 20012 39708 40030 51025 71511 878// 333 60005 82836 85650 85656 91033 90710 91133 93100=
07299,2008-03-11 11:00:00,10.1,1003.9,2.2,54,1.2,20000,35.188,57.412,,240,,,0,,,,,,,15,og-post,,,,AAXX 11114 07299 21670 42419 10101 20012 39716 40039 51022 71511 84800 333 60005 81840 83656 90710 91131 93100=
07299,2008-03-11 12:00:00,10.1,1004,1.6,50,0.2,20000,25.928,46.3,,220,,,0,0,,,,,,,og-post,,,,AAXX 11124 07299 02670 72214 10101 20002 39717 40040 51016 60001 878// 333 60007 83840 87656 90710 91125 93100 555 60005=
07299,2008-03-11 13:00:00,11.2,1003.2,0.3,47,0.3,25000,25.928,38.892,,240,,,0,,,,,,,,og-post,,,,AAXX 11134 07299 22675 72414 10112 20003 39711 40032 50003 878// 333 60005 81846 87656 90710 91121 93100=
07299,2008-03-11 14:00:00,10.7,1003.2,-0.5,53,1.5,25000,25.928,46.3,,240,,,0,,,,,,,,og-post,,,,AAXX 11144 07299 22675 72414 10107 20015 39710 40032 58005 878// 333 60005 81840 87648 90710 91125 93100=
07299,2008-03-11 15:00:00,10.5,1003.1,-0.8,60,3.1,20000,25.928,38.892,,250,,,,,,,,,,60,og-post,,,,AAXX 11154 07299 21670 72514 10105 20031 39709 40031 56008 76062 878// 333 69907 81840 87643 90710 91121 93100 555 69905=
07299,2008-03-11 16:00:00,10.6,1002.7,-0.5,65,4.3,20000,11.112,42.596,,230,,,,,,,,,,21,og-post,,,,AAXX 11164 07299 21670 72306 10106 20043 39706 40027 58005 72162 878// 333 69905 81836 87640 90710 91123 93100=
07299,2008-03-11 17:00:00,9.9,1003,-0.1,73,5.3,20000,11.112,22.224,,240,,,0,,,,,,,15,og-post,,,,AAXX 11174 07299 21570 72406 10099 20053 39708 40030 55001 71522 878// 333 60005 81830 87638 90710 91112 93100=
07299,2008-03-11 18:00:00,9.2,1003.1,-0.1,82,6.3,20000,7.408,22.224,,80,6.2,11.8,0.2,0.2,,0.2,,,,60,og-post,,,,AAXX 11184 07299 01570 70804 10092 20063 39708 40031 56001 69922 76062 878// 333 10118 20062 69927 81825 87633 90710 91112 93100 555 69925=
07299,2008-03-11 19:00:00,8.5,1003.2,0.2,88,6.6,14000,7.408,18.52,,100,,,0.2,,,,,,,60,og-post,,,,AAXX 11194 07299 21564 81004 10085 20066 39708 40032 51002 76066 878// 333 69925 81820 87628 90710 91110 93100=
07299,2008-03-11 20:00:00,9.1,1003.9,0.9,89,7.4,20000,7.408,14.816,,340,,,0.2,,,,,,,,og-post,,,,AAXX 11204 07299 26/70 /3404 10091 20074 39716 40039 53009 333 69925 90710 91108=
07299,2008-03-11 21:00:00,11.4,1004.5,1.7,85,9,12000,22.224,42.596,,240,,,,0.4,,,,,,60,og-post,,,,AAXX 11214 07299 21562 82412 10114 20090 39724 40045 53017 76062 875// 333 69947 85625 87635 90710 91123 93100 555 69905=
07299,2008-03-11 22:00:00,12.2,1004.2,1.3,80,8.9,15000,22.224,42.596,,240,,,,,,,,,,21,og-post,,,,AAXX 11224 07299 21565 82412 10122 20089 39722 40042 50013 72162 875// 333 69905 87624 90710 91123 93100=
07299,2008-03-11 23:00:00,11.2,1003.8,-0.1,89,9.5,15000,22.224,42.596,,230,,,2,,,,,,,63,og-post,,,,AAXX 11234 07299 21565 82312 10112 20095 39717 40038 58001 76362 875// 333 60025 84624 87650 90710 91123 93100=
07299,2008-03-12 00:00:00,11.3,1003,-1.4,87,9.2,15000,18.52,35.188,,220,,,1,4,4,,,,,21,og-post,,,,AAXX 12004 07299 01565 72210 10113 20092 39710 40030 58014 60041 72162 875// 333 60047 84620 86636 90710 91119 93100 555 60015=
07299,2008-03-12 01:00:00,12.1,1002.6,-1.3,83,9.3,20000,25.928,57.412,,240,,,0,,,,,,,,og-post,,,,AAXX 12014 07299 26/70 /2414 10121 20093 39707 40026 56013 333 60005 90710 91131=
07299,2008-03-12 02:00:00,12.4,1002.1,-1.5,81,9.2,20000,42.596,68.524,,250,,,0,,,,,,,,og-post,,,,AAXX 12024 07299 26/70 /2523 10124 20092 39702 40021 56015 333 60005 90710 91137=
07299,2008-03-12 03:00:00,12.3,1001.8,-1.1,80,9,15000,35.188,79.636,57.412,240,,,0,0,,,,,,,og-post,,,,AAXX 12034 07299 22665 72419 10123 20090 39699 40018 56011 8557/ 333 60007 82643 84657 87358 91031 90710 91143 93100 555 60005=
07299,2008-03-12 04:00:00,12.4,1001.6,-0.5,78,8.7,15000,42.596,83.34,68.524,240,,,0.2,,,,,,,,og-post,,,,AAXX 12044 07299 22665 72423 10124 20087 39697 40016 55005 8453/ 333 69925 84635 87361 91037 90710 91145 93100=
07299,2008-03-12 05:00:00,12.5,1001.5,-0.6,76,8.4,15000,46.3,87.044,72.228,240,,,0,,,,,,,,og-post,,,,AAXX 12054 07299 22665 62425 10125 20084 39696 40015 56006 84530 333 60005 84633 86357 91039 90710 91147 93100=
07299,2008-03-12 06:00:00,11.9,1002,0.1,81,8.7,15000,42.596,75.932,64.82,240,8.4,12.9,,0.2,,4,4.4,3,8,25,og-post,,,,AAXX 12064 07299 01465 62423 10119 20087 39701 40020 53001 60042 72586 84830 333 10129 20084 32008 55030 69927 70044 81816 84640 86357 91035 90710 91141 93100 555 69905=
07299,2008-03-12 07:00:00,12,1002.1,0.4,80,8.7,15000,46.3,79.636,72.228,240,,,0.2,,,,,,,25,og-post,,,,AAXX 12074 07299 21465 62425 10120 20087 39702 40021 53004 72586 85830 333 69925 81816 85640 85358 91039 90710 91143 93100=
07299,2008-03-12 08:00:00,12.7,1002.7,1.2,77,8.8,15000,50.004,79.636,79.636,250,,,,,,,,,,25,og-post,,,,AAXX 12084 07299 21565 72527 10127 20088 39708 40027 53012 72586 8497/ 333 69905 81830 81933 84656 85360 91043 90710 91143 93100=
07299,2008-03-12 09:00:00,8.9,1005.1,2.8,90,7.4,5000,50.004,94.452,75.932,280,,,5,5,,,,,,,og-post,,,,AAXX 12094 07299 26/50 /2827 10089 20074 39727 40051 53028 333 60057 91041 90710 91151 555 60055=
07299,2008-03-12 10:00:00,11.4,1004.8,2.5,86,9.1,12000,42.596,68.524,68.524,260,,,4,,,,,,,80,og-post,,,,AAXX 12104 07299 21562 72623 10114 20091 39727 40048 50025 78088 879// 333 60045 82823 82926 84636 87650 91037 90710 91137 93100=
07299,2008-03-12 11:00:00,10.4,1005.6,2.8,89,8.7,6000,31.484,68.524,,270,,,3,,,,,,,80,og-post,,,,AAXX 12114 07299 21556 72717 10104 20087 39734 40056 51028 78088 879// 333 60035 83830 81933 85646 87650 90710 91137 93100=
07299,2008-03-12 12:00:00,13.2,1005.1,0.3,80,9.8,20000,35.188,68.524,68.524,250,,,2,8,13,,,,,,og-post,,,,AAXX 12124 07299 06/70 /2519 10132 20098 39732 40051 50003 60131 333 60087 91037 90710 91137 555 60025=
07299,2008-03-12 13:00:00,12.1,1005.7,0.8,84,9.5,10000,31.484,68.524,61.116,270,,,1,,,,,,,25,og-post,,,,AAXX 12134 07299 21560 72717 10121 20095 39737 40057 51008 72586 879// 333 60015 81930 83833 86650 91033 90710 91137 93100=
07299,2008-03-12 14:00:00,13.9,1006.4,0.8,62,6.7,40000,42.596,68.524,64.82,260,,,0,,,,,,,,og-post,,,,AAXX 12144 07299 22582 42623 10139 20067 39745 40064 53008 84800 333 60005 81830 83656 91035 90710 91137 93100=
07299,2008-03-12 15:00:00,12,1008.7,3.3,66,5.9,25000,31.484,68.524,,280,,,0,1,,,,,,1,og-post,,,,AAXX 12154 07299 21675 42817 10120 20059 39765 40087 53033 70186 84800 333 60017 81833 83656 90710 91137 93100 555 60005=
07299,2008-03-12 16:00:00,10.1,1010.5,4.3,73,5.5,15000,22.224,61.116,,270,,,,,,,,,,25,og-post,,,,AAXX 12164 07299 21665 72712 10101 20055 39781 40105 53043 72586 87800 333 69905 81833 83840 86650 90710 91133 93100=
07299,2008-03-12 17:00:00,8.8,1012.9,5.5,65,2.6,15000,38.892,68.524,61.116,290,,,0.2,,,,,,,25,og-post,,,,AAXX 12174 07299 21565 72921 10088 20026 39802 40129 53055 72586 87800 333 69925 81830 87650 91033 90710 91137 93100=
07299,2008-03-12 18:00:00,8,1014.7,5.5,62,1.2,20000,14.816,61.116,,280,8,14,0,0.2,,14,,,,1,og-post,,,,AAXX 12184 07299 01670 52808 10080 20012 39819 40147 52055 60142 70186 83870 333 10140 20080 69927 81840 83650 85358 90710 91133 93100 555 60005=
07299,2008-03-12 19:00:00,7.6,1015.7,4.7,67,1.9,20000,14.816,29.632,,280,,,0,,,,,,,,og-post,,,,AAXX 12194 07299 22670 72808 10076 20019 39828 40157 51047 85570 333 60005 81646 85650 86358 90710 91116 93100=
07299,2008-03-12 20:00:00,7.3,1016.5,3.3,67,1.6,20000,11.112,22.224,,280,,,0,,,,,,,,og-post,,,,AAXX 12204 07299 22670 72806 10073 20016 39835 40165 51033 8557/ 333 60005 81646 85656 87358 90710 91112 93100=
07299,2008-03-12 21:00:00,7.9,1017.6,2.7,58,0.2,20000,25.928,42.596,,250,,,0,0,,,,,,,og-post,,,,AAXX 12214 07299 22770 72514 10079 20002 39846 40176 53027 8357/ 333 60007 83650 87358 90710 91123 93100 555 60005=
07299,2008-03-12 22:00:00,7.6,1018,2.2,55,-0.8,20000,25.928,42.596,,260,,,0,,,,,,,,og-post,,,,AAXX 12224 07299 22770 52614 10076 21008 39850 40180 51022 83570 333 60005 83650 85358 90710 91123 93100=
07299,2008-03-12 23:00:00,6.5,1019.2,2.5,61,-0.5,20000,11.112,35.188,,260,,,0,,,,,,,,og-post,,,,AAXX 12234 07299 22770 32606 10065 21005 39860 40192 51025 81570 333 60005 81650 83357 90710 91119 93100=
07299,2008-03-13 00:00:00,6.8,1019.4,1.7,63,0.3,20000,11.112,22.224,,240,,,0,0,,,,,,,og-post,,,,AAXX 13004 07299 02670 72406 10068 20003 39863 40194 51017 60001 875// 333 60007 83646 85656 90710 91112 93100 555 60005=
07299,2008-03-13 01:00:00,6.2,1019.8,1.6,62,-0.5,20000,18.52,31.484,,240,,,0,,,,,,,,og-post,,,,AAXX 13014 07299 26/70 /2410 10062 21005 39866 40198 51016 333 60005 90710 91117=
07299,2008-03-13 02:00:00,5.7,1019.9,0.5,65,-0.4,20000,14.816,25.928,,230,,,0,,,,,,,,og-post,,,,AAXX 13024 07299 26/70 /2308 10057 21004 39866 40199 50005 333 60005 90710 91114=
07299,2008-03-13 03:00:00,5.8,1019.5,-0.1,65,-0.3,20000,14.816,31.484,,220,,,0,0,,,,,,,og-post,,,,AAXX 13034 07299 22770 52208 10058 21003 39862 40195 58001 81531 333 60007 81650 83357 90710 91117 93100 555 60005=
07299,2008-03-13 04:00:00,5.8,1019.8,-0.1,65,-0.3,20000,11.112,25.928,,220,,,0,,,,,,,,og-post,,,,AAXX 13044 07299 22770 72206 10058 21003 39865 40198 55001 8253/ 333 60005 82650 85356 90710 91114 93100=
07299,2008-03-13 05:00:00,6,1020.1,0.3,66,0.1,20000,7.408,31.484,,210,,,0,,,,,,,,og-post,,,,AAXX 13054 07299 22670 72104 10060 20001 39868 40201 53003 875// 333 60005 87648 90710 91117 93100=
07299,2008-03-13 06:00:00,6.2,1020.3,0.9,66,0.3,20000,7.408,11.112,,170,5.6,8.2,0,0,,,14,2.5,4,,og-post,,,,AAXX 13064 07299 02670 71704 10062 20003 39871 40203 52009 60002 878// 333 10082 20056 30004 55025 60007 70140 81839 87646 90710 91106 93100 555 60005=
07299,2008-03-13 07:00:00,6,1020.9,1,76,2.1,20000,14.816,29.632,,220,,,,,,,,,,25,og-post,,,,AAXX 13074 07299 21570 72208 10060 20021 39876 40209 52010 72586 878// 333 69905 81829 85643 85650 90710 91116 93100=
07299,2008-03-13 08:00:00,6.9,1021.2,1.2,73,2.4,30000,7.408,29.632,,240,,,0,,,,,,,,og-post,,,,AAXX 13084 07299 22580 72404 10069 20024 39880 40212 52012 878// 333 60005 81827 87647 90710 91116 93100=
07299,2008-03-13 09:00:00,7.9,1021.3,0.9,71,3,23000,11.112,25.928,,260,,,0,,,,,,,3,og-post,,,,AAXX 13094 07299 21573 72606 10079 20030 39882 40213 51009 70386 878// 333 69907 83828 87647 90710 91114 93100 555 60005=
07299,2008-03-13 10:00:00,8.5,1021.1,0.4,68,2.9,25000,11.112,29.632,,260,,,0,,,,,,,,og-post,,,,AAXX 13104 07299 22575 72606 10085 20029 39881 40211 50004 878// 333 60005 83827 87647 90710 91116 93100=
07299,2008-03-13 11:00:00,8.9,1020.9,0.1,67,3.1,23000,14.816,29.632,,260,,,0,,,,,,,,og-post,,,,AAXX 13114 07299 22573 72608 10089 20031 39880 40209 51001 878// 333 60005 83831 87656 90710 91116 93100=
07299,2008-03-13 12:00:00,9.4,1020.6,-0.5,61,2.3,28000,18.52,31.484,,250,,,0,0,,,,,,1,og-post,,,,AAXX 13124 07299 01678 72510 10094 20023 39877 40206 58005 69901 70186 878// 333 60007 82836 87656 90710 91117 93100 555 60005=
07299,2008-03-13 13:00:00,9.7,1019.8,-1,59,2.1,35000,14.816,31.484,,250,,,0,,,,,,,,og-post,,,,AAXX 13134 07299 22681 72508 10097 20021 39870 40198 58010 878// 333 60005 82841 87650 90710 91117 93100=
07299,2008-03-13 14:00:00,10.1,1019.4,-1.5,53,1,35000,18.52,35.188,,260,,,0,,,,,,,,og-post,,,,AAXX 13144 07299 22681 72610 10101 20010 39866 40194 58015 878// 333 60005 82848 87656 90710 91119 93100=
07299,2008-03-13 15:00:00,9.7,1019.3,-1.1,55,1.1,35000,14.816,31.484,,250,,,0,0,,,,,,,og-post,,,,AAXX 13154 07299 22681 72508 10097 20011 39865 40193 56011 878// 333 60007 81848 87650 90710 91117 93100 555 60005=
07299,2008-03-13 16:00:00,9.3,1019.3,-0.5,63,2.6,35000,7.408,25.928,,250,,,0,,,,,,,,og-post,,,,AAXX 13164 07299 22681 72504 10093 20026 39865 40193 56005 878// 333 60005 81848 87650 90710 91114 93100=
07299,2008-03-13 17:00:00,9.3,1019.3,-0,59,1.7,30000,11.112,18.52,,240,,,0,,,,,,,,og-post,,,,AAXX 13174 07299 22680 72406 10093 20017 39865 40193 54000 878// 333 60005 81848 87650 90710 91110 93100=
07299,2008-03-13 18:00:00,8.5,1019.5,0.1,62,1.6,30000,3.704,22.224,,240,6,10.2,0,0,,,,,,,og-post,,,,AAXX 13184 07299 02680 72402 10085 20016 39866 40195 53001 69902 8287/ 333 10102 20060 60007 81848 87360 90710 91112 93100 555 60005=
07299,2008-03-13 19:00:00,8,1019.5,0,66,2,28000,7.408,18.52,,160,,,0,,,,,,,,og-post,,,,AAXX 13194 07299 22678 71604 10080 20020 39865 40195 50000 8187/ 333 60005 81848 87359 90710 91110 93100=
07299,2008-03-13 20:00:00,7.7,1019.4,-0.1,67,2,25000,7.408,11.112,,180,,,0,,,,,,,,og-post,,,,AAXX 13204 07299 22775 71804 10077 20020 39864 40194 58001 8157/ 333 60005 81650 87359 90710 91106 93100=
07299,2008-03-13 21:00:00,7.5,1019.3,-0.4,70,2.4,25000,7.408,11.112,,220,,,0,0,,,,,,,og-post,,,,AAXX 13214 07299 22775 72204 10075 20024 39863 40193 56004 8157/ 333 60007 81650 87357 90710 91106 93100 555 60005=
07299,2008-03-13 22:00:00,7.9,1019,-0.5,66,2,25000,7.408,14.816,,210,,,0,,,,,,,,og-post,,,,AAXX 13224 07299 22775 72104 10079 20020 39860 40190 58005 8157/ 333 60005 81650 87358 90710 91108 93100=
07299,2008-03-13 23:00:00,7.9,1018.5,-0.9,66,2,25000,7.408,14.816,,200,,,0,,,,,,,,og-post,,,,AAXX 13234 07299 22775 72004 10079 20020 39855 40185 58009 8657/ 333 60005 81650 86656 87359 90710 91108 93100=
07299,2008-03-14 00:00:00,8.5,1017.7,-1.5,64,2.1,25000,3.704,14.816,,210,,,0,0,,,,,,,og-post,,,,AAXX 14004 07299 02775 72102 10085 20021 39848 40177 58015 60001 875// 333 60007 87650 90710 91108 93100 555 60005=
07299,2008-03-14 01:00:00,8,1016.9,-2,69,2.7,20000,7.408,11.112,,150,,,0,,,,,,,,og-post,,,,AAXX 14014 07299 26/70 /1504 10080 20027 39840 40169 58020 333 60005 90710 91106=
07299,2008-03-14 02:00:00,8.3,1015.9,-2.3,67,2.5,20000,3.704,11.112,,60,,,0,,,,,,,,og-post,,,,AAXX 14024 07299 26/70 /0602 10083 20025 39831 40159 58023 333 60005 90710 91106=
07299,2008-03-14 03:00:00,8.4,1015.4,-2.3,81,5.3,20000,,14.816,,,,,0.2,0.2,,,,,,,og-post,,,,AAXX 14034 07299 22570 70000 10084 20053 39826 40154 56023 875// 333 69927 87627 90710 91108 93100 555 69925=
07299,2008-03-14 04:00:00,7.8,1015.5,-1.4,85,5.4,20000,3.704,7.408,,150,,,0,,,,,,,,og-post,,,,AAXX 14044 07299 22570 71502 10078 20054 39826 40155 56014 875// 333 60005 86629 87640 90710 91104 93100=
07299,2008-03-14 05:00:00,9.7,1015,-0.7,83,7,20000,11.112,29.632,,220,,,,,,,,,,60,og-post,,,,AAXX 14054 07299 21670 72206 10097 20070 39824 40150 56007 76062 8657/ 333 69905 82633 83643 86656 90710 91116 93100=
07299,2008-03-14 06:00:00,10.1,1015.3,0.1,83,7.3,12000,14.816,35.188,,240,7.4,10.2,,,,0.2,0.2,0,6,60,og-post,,,,AAXX 14064 07299 01662 82408 10101 20073 39827 40153 53001 69922 76062 875// 333 10102 20074 31006 55000 69907 70002 84635 87646 90710 91119 93100 555 69905=
07299,2008-03-14 07:00:00,10.6,1015.7,0.7,82,7.7,18000,11.112,31.484,,270,,,,,,,,,,21,og-post,,,,AAXX 14074 07299 21568 82706 10106 20077 39832 40157 53007 72162 875// 333 69905 86632 87656 90710 91117 93100=
07299,2008-03-14 08:00:00,11.1,1015.6,0.7,80,7.8,20000,25.928,42.596,,260,,,0,,,,,,,,og-post,,,,AAXX 14084 07299 22570 72614 10111 20078 39831 40156 50007 8757/ 333 60005 83632 87357 90710 91123 93100=
07299,2008-03-14 09:00:00,12.2,1015.7,0.7,76,8.1,20000,22.224,46.3,,260,,,0,,,,,,,1,og-post,,,,AAXX 14094 07299 21670 72612 10122 20081 39834 40157 51007 70162 8257/ 333 69907 82633 87359 90710 91125 93100 555 60005=
07299,2008-03-14 10:00:00,13.2,1015.6,0.2,72,8.3,20000,25.928,46.3,,260,,,0,,,,,,,,og-post,,,,AAXX 14104 07299 22570 72614 10132 20083 39834 40156 51002 8217/ 333 60005 83830 87358 90710 91125 93100=
07299,2008-03-14 11:00:00,14.9,1015.2,0,67,8.8,25000,25.928,42.596,,260,,,0,,,,,,,,og-post,,,,AAXX 14114 07299 22675 62614 10149 20088 39832 40152 50000 83132 333 60005 83833 85358 90710 91123 93100=
07299,2008-03-14 12:00:00,15.2,1015.1,-0.3,64,8.4,30000,25.928,42.596,,240,,,0,0,,,,,,3,og-post,,,,AAXX 14124 07299 01680 62414 10152 20084 39831 40151 58003 69901 70362 85830 333 60007 83833 83640 85358 90710 91123 93100 555 60005=
07299,2008-03-14 13:00:00,15.4,1014.7,-0.7,61,7.9,30000,29.632,42.596,,260,,,0,,,,,,,,og-post,,,,AAXX 14134 07299 22680 62616 10154 20079 39827 40147 58007 85830 333 60005 82833 85640 86358 90710 91123 93100=
07299,2008-03-14 14:00:00,15.5,1014.8,-0.4,58,7.3,30000,25.928,46.3,,260,,,0,,,,,,,,og-post,,,,AAXX 14144 07299 22680 72614 10155 20073 39828 40148 55004 878// 333 60005 82833 84640 85650 90710 91125 93100=
07299,2008-03-14 15:00:00,15.3,1014.7,-0.4,59,7.3,30000,22.224,42.596,,260,,,0,0,,,,,,,og-post,,,,AAXX 14154 07299 22680 62612 10153 20073 39827 40147 56004 86800 333 60007 82833 84840 85656 90710 91123 93100 555 60005=
07299,2008-03-14 16:00:00,15,1014.8,0.1,60,7.3,25000,14.816,31.484,,250,,,0,,,,,,,,og-post,,,,AAXX 14164 07299 22675 62508 10150 20073 39828 40148 52001 86800 333 60005 81833 83840 86650 90710 91117 93100=
07299,2008-03-14 17:00:00,14.3,1014.9,-0,59,6.4,20000,11.112,25.928,,240,,,0,,,,,,,,og-post,,,,AAXX 14174 07299 22670 72406 10143 20064 39828 40149 55000 84832 333 60005 81833 84650 90710 91114 93100=
07299,2008-03-14 18:00:00,12.9,1015.5,0.5,66,6.7,20000,11.112,22.224,,240,10.1,15.7,0,0,,,,,,,og-post,,,,AAXX 14184 07299 02670 72406 10129 20067 39832 40155 53005 69902 85832 333 10157 20101 60007 81833 84650 90710 91112 93100 555 60005=
07299,2008-03-14 19:00:00,12.1,1016,0.8,70,6.8,25000,3.704,18.52,,220,,,0,,,,,,,,og-post,,,,AAXX 14194 07299 22675 72202 10121 20068 39836 40160 53008 878// 333 60005 81840 87656 90710 91110 93100=
07299,2008-03-14 20:00:00,11.9,1016.2,1,67,6,25000,11.112,25.928,,150,,,0,,,,,,,,og-post,,,,AAXX 14204 07299 22675 71506 10119 20060 39838 40162 51010 878// 333 60005 81847 87656 90710 91114 93100=
07299,2008-03-14 21:00:00,8.9,1016.8,0.8,76,4.9,25000,7.408,14.816,,150,,,0,0,,,,,,,og-post,,,,AAXX 14214 07299 22675 31504 10089 20049 39840 40168 51008 83800 333 60007 81847 83657 90710 91108 93100 555 60005=
07299,2008-03-14 22:00:00,8.3,1016.9,0.4,80,5.1,25000,3.704,11.112,,170,,,0,,,,,,,,og-post,,,,AAXX 14224 07299 22675 11702 10083 20051 39840 40169 51004 81800 333 60005 81847 90710 91106 93100=
07299,2008-03-14 23:00:00,7.5,1016.8,0.2,85,5.1,25000,7.408,11.112,,150,,,0,,,,,,,,og-post,,,,AAXX 14234 07299 22875 11504 10075 20051 39839 40168 50002 81500 333 60005 81657 90710 91106 93100=
07299,2008-03-15 00:00:00,6,1016.9,-0.2,87,4,25000,11.112,11.112,,180,,,0,0,,,,,,,og-post,,,,AAXX 15004 07299 02875 11806 10060 20040 39838 40169 58002 60001 81500 333 60007 81657 90710 91106 93100 555 60005=
07299,2008-03-15 01:00:00,5.7,1016.9,-0.3,89,4,20000,7.408,11.112,,180,,,0,,,,,,,,og-post,,,,AAXX 15014 07299 26/70 /1804 10057 20040 39837 40169 57003 333 60005 90710 91106=
07299,2008-03-15 02:00:00,4.6,1016.4,-0.8,89,2.9,20000,7.408,14.816,,170,,,0,,,,,,,,og-post,,,,AAXX 15024 07299 26/70 /1704 10046 20029 39831 40164 58008 333 60005 90710 91108=
07299,2008-03-15 03:00:00,4.4,1015.8,-1.3,90,2.9,23000,11.112,14.816,,190,,,0,0,,,,,,,og-post,,,,AAXX 15034 07299 22873 11906 10044 20029 39825 40158 58013 81500 333 60007 81657 90710 91108 93100 555 60005=
07299,2008-03-15 04:00:00,4.4,1015.6,-1.3,90,2.9,20000,11.112,14.816,,180,,,0,,,,,,,,og-post,,,,AAXX 15044 07299 22970 01806 10044 20029 39823 40156 56013 333 60005 90710 91108 93100=
07299,2008-03-15 05:00:00,4.2,1015.2,-1.2,91,2.9,22000,11.112,18.52,,170,,,0,,,,,,,,og-post,,,,AAXX 15054 07299 22/72 11706 10042 20029 39819 40152 56012 80002 333 60005 81073 90710 91110 93100=
07299,2008-03-15 06:00:00,3.9,1014.9,-0.9,92,2.7,30000,11.112,14.816,,170,3.8,13,0,0,,,0,0.4,1,,og-post,,,,AAXX 15064 07299 02/80 31706 10039 20027 39816 40149 58009 60002 80004 333 10130 20038 30001 55004 60007 79999 83073 90710 91108 93100 555 60005=
07299,2008-03-15 07:00:00,5.3,1014.4,-1,91,4,35000,7.408,14.816,,180,,,0,,,,,,,,og-post,,,,AAXX 15074 07299 22/81 61804 10053 20040 39813 40144 56010 80004 333 60005 86073 90710 91108 93100=
07299,2008-03-15 08:00:00,8.1,1013.9,-0.8,84,5.6,35000,7.408,11.112,,180,,,0,,,,,,,,og-post,,,,AAXX 15084 07299 22/81 71804 10081 20056 39811 40139 57008 80004 333 60005 87073 90710 91106 93100=
07299,2008-03-15 09:00:00,10.4,1013.1,-1,78,6.7,35000,3.704,11.112,,190,,,0,0,,,,,,,og-post,,,,AAXX 15094 07299 22/81 71902 10104 20067 39806 40131 58010 80004 333 60007 87073 90710 91106 93100 555 60005=
07299,2008-03-15 10:00:00,14.2,1011.9,-1.5,62,7,35000,11.112,18.52,,130,,,0,,,,,,,,og-post,,,,AAXX 15104 07299 22/81 71306 10142 20070 39799 40119 58015 80004 333 60005 87073 90710 91110 93100=
07299,2008-03-15 11:00:00,16.2,1010.4,-2.5,53,6.6,35000,11.112,22.224,,80,,,0,,,,,,,,og-post,,,,AAXX 15114 07299 22/81 70806 10162 20066 39786 40104 58025 80004 333 60005 87073 90710 91112 93100=
07299,2008-03-15 12:00:00,17.8,1009,-3.2,48,6.7,35000,14.816,22.224,,100,,,0,0,,,,,,,og-post,,,,AAXX 15124 07299 02981 71008 10178 20067 39775 40090 58032 60001 81034 333 60007 81363 87073 90710 91112 93100 555 60005=
07299,2008-03-15 13:00:00,18.3,1007.6,-3.7,46,6.5,35000,11.112,22.224,,90,,,0,,,,,,,,og-post,,,,AAXX 15134 07299 22981 70906 10183 20065 39762 40076 56037 81037 333 60005 81363 87271 90710 91112 93100=
07299,2008-03-15 14:00:00,18.3,1006.6,-3.4,47,6.8,35000,18.52,22.224,,100,,,0,,,,,,,,og-post,,,,AAXX 15144 07299 22981 71010 10183 20068 39752 40066 56034 81037 333 60005 81363 87271 90710 91112 93100=
07299,2008-03-15 15:00:00,18.4,1005.6,-3.2,46,6.6,40000,18.52,29.632,,100,,,0,0,,,,,,,og-post,,,,AAXX 15154 07299 22982 71010 10184 20066 39742 40056 56032 82034 333 60007 82363 87073 90710 91116 93100 555 60005=
07299,2008-03-15 16:00:00,18.2,1004.6,-3,43,5.4,40000,14.816,25.928,,90,,,0,,,,,,,,og-post,,,,AAXX 15164 07299 22982 70908 10182 20054 39732 40046 57030 82034 333 60005 82365 87073 90710 91114 93100=
07299,2008-03-15 17:00:00,16.6,1003.7,-3,45,4.6,40000,11.112,22.224,,80,,,0,,,,,,,,og-post,,,,AAXX 15174 07299 22982 70806 10166 20046 39722 40037 56030 84054 333 60005 81363 84465 87071 90710 91112 93100=
07299,2008-03-15 18:00:00,12.7,1003.4,-2.7,62,5.6,40000,3.704,11.112,,310,3.8,18.7,0,0,,,,,,,og-post,,,,AAXX 15184 07299 02982 73102 10127 20056 39715 40034 56027 60002 81034 333 10187 20038 60007 81363 87073 90710 91106 93100 555 60005=
07299,2008-03-15 19:00:00,11.5,1003.2,-1.9,70,6.2,30000,,7.408,,,,,0,,,,,,,,og-post,,,,AAXX 15194 07299 22980 70000 10115 20062 39712 40032 56019 85054 333 60005 81363 85365 87073 90710 91104 93100=
07299,2008-03-15 20:00:00,10.9,1003.3,-1,76,6.8,30000,3.704,7.408,,190,,,0,,,,,,,,og-post,,,,AAXX 15204 07299 22980 71902 10109 20068 39712 40033 56010 85032 333 60005 85365 87073 90710 91104 93100=
07299,2008-03-15 21:00:00,10.2,1004.4,0.6,81,7.1,17000,7.408,11.112,,230,,,0,0,,,,,,,og-post,,,,AAXX 15214 07299 22767 72304 10102 20071 39722 40044 53006 8157/ 333 60007 81656 86358 87362 90710 91106 93100 555 60005=
07299,2008-03-15 22:00:00,14.8,1005.6,2.7,61,7.4,16000,22.224,42.596,,260,,,0,,,,,,,,og-post,,,,AAXX 15224 07299 22766 72612 10148 20074 39739 40056 53027 8557/ 333 60005 85650 87358 90710 91123 93100=
07299,2008-03-15 23:00:00,11.9,1008.3,4.9,72,7,16000,35.188,68.524,61.116,250,,,,,,,,,,61,og-post,,,,AAXX 15234 07299 21666 72519 10119 20070 39761 40083 53049 76162 875// 333 69905 84636 87650 91033 90710 91137 93100=
07299,2008-03-16 00:00:00,10.9,1008.6,4.1,74,6.5,16000,18.52,57.412,,210,,,0.2,0.2,0.2,,,,,61,og-post,,,,AAXX 16004 07299 01666 72110 10109 20065 39763 40086 51041 69921 76162 875// 333 69927 84636 87650 90710 91131 93100 555 69925=
07299,2008-03-16 01:00:00,10.8,1008.6,2.4,71,5.8,20000,14.816,35.188,,230,,,,,,,,,,,og-post,,,,AAXX 16014 07299 26/70 /2308 10108 20058 39763 40086 50024 333 69905 90710 91119=
07299,2008-03-16 02:00:00,10.2,1008.1,-0.4,70,5,20000,3.704,25.928,,230,,,,,,,,,,,og-post,,,,AAXX 16024 07299 26/70 /2302 10102 20050 39757 40081 58004 333 69905 90710 91114=
07299,2008-03-16 03:00:00,9.8,1007.2,-1.6,69,4.4,25000,3.704,18.52,,140,,,,,,,,,,0,og-post,,,,AAXX 16034 07299 21775 71402 10098 20044 39748 40072 58016 70062 8153/ 333 69907 81650 87359 90710 91110 93100 555 69905=
07299,2008-03-16 04:00:00,9.4,1006.7,-2,69,4,25000,7.408,14.816,,250,,,0,,,,,,,,og-post,,,,AAXX 16044 07299 22775 72504 10094 20040 39743 40067 56020 81532 333 60005 81650 84359 87073 90710 91108 93100=
07299,2008-03-16 05:00:00,10.6,1006.8,-1,59,2.9,25000,18.52,35.188,,230,,,0,,,,,,,,og-post,,,,AAXX 16054 07299 22775 72310 10106 20029 39745 40068 55010 83532 333 60005 83650 84359 87073 90710 91119 93100=
07299,2008-03-16 06:00:00,10.4,1006.4,-0.6,57,2.3,25000,22.224,53.708,,230,9,15.2,0,0,,0.2,0.2,7.7,5,3,og-post,,,,AAXX 16064 07299 01775 72312 10104 20023 39741 40064 56006 69922 70362 83530 333 10152 20090 30005 55077 60007 70002 83650 84359 90710 91129 93100 555 60005=
07299,2008-03-16 07:00:00,10.5,1006.4,-0.2,57,2.4,25000,18.52,46.3,,220,,,0,,,,,,,,og-post,,,,AAXX 16074 07299 22675 72210 10105 20024 39741 40064 58002 86530 333 60005 81840 83650 85359 90710 91125 93100=
07299,2008-03-16 08:00:00,11,1006.5,-0.3,56,2.6,12000,18.52,38.892,,240,,,,,,,,,,25,og-post,,,,AAXX 16084 07299 21662 72410 10110 20026 39743 40065 55003 72586 878// 333 69905 82833 87648 90710 91121 93100=
07299,2008-03-16 09:00:00,12.7,1005.9,-0.2,54,3.6,12000,35.188,57.412,57.412,230,,,,,,,,,,25,og-post,,,,AAXX 16094 07299 21562 72319 10127 20036 39739 40059 58002 72586 878// 333 69907 81930 83833 86647 91031 90710 91131 93100 555 69905=
07299,2008-03-16 10:00:00,11.7,1006.1,-0,57,3.5,12000,29.632,61.116,,240,,,,,,,,,,25,og-post,,,,AAXX 16104 07299 21562 72416 10117 20035 39740 40061 54000 72586 879// 333 69905 81930 83833 85649 90710 91133 93100=
07299,2008-03-16 11:00:00,12.7,1005.9,-0.5,57,4.4,12000,22.224,53.708,,250,,,,,,,,,,80,og-post,,,,AAXX 16114 07299 21562 72512 10127 20044 39739 40059 56005 78086 879// 333 69905 81930 87650 90710 91129 93100=
07299,2008-03-16 12:00:00,13,1006,0.1,57,4.7,12000,38.892,61.116,61.116,260,,,,,,,,,,25,og-post,,,,AAXX 16124 07299 01562 72621 10130 20047 39740 40060 53001 69901 72586 879// 333 69907 81930 83833 86648 91033 90710 91133 93100 555 69905=
07299,2008-03-16 13:00:00,12.8,1006.3,0.4,61,5.5,15000,29.632,68.524,,260,,,0,,,,,,,,og-post,,,,AAXX 16134 07299 22665 72616 10128 20055 39743 40063 53004 8596/ 333 60005 81933 84847 85358 90710 91137 93100=
07299,2008-03-16 14:00:00,11.8,1006.2,0.3,63,5,15000,29.632,57.412,,240,,,,,,,,,,25,og-post,,,,AAXX 16144 07299 21665 72416 10118 20050 39741 40062 50003 72586 8596/ 333 69905 81933 83837 85357 90710 91131 93100=
07299,2008-03-16 15:00:00,12.5,1005.5,-0.5,56,4,30000,29.632,46.3,,240,,,0,,,,,,,1,og-post,,,,AAXX 16154 07299 21680 72416 10125 20040 39735 40055 58005 70186 8596/ 333 69907 81933 85841 85357 90710 91125 93100 555 60005=
07299,2008-03-16 16:00:00,12.1,1005.4,-1.1,55,3.3,30000,25.928,50.004,,230,,,0,,,,,,,,og-post,,,,AAXX 16164 07299 22680 72314 10121 20033 39733 40054 57011 879// 333 60005 81936 87848 90710 91127 93100=
07299,2008-03-16 17:00:00,9.9,1005.9,-0.6,71,4.9,15000,25.928,53.708,,240,,,,,,,,,,25,og-post,,,,AAXX 16174 07299 21665 72414 10099 20049 39736 40059 55006 72586 879// 333 69905 81936 87840 90710 91129 93100=
07299,2008-03-16 18:00:00,9.9,1006,0.2,69,4.5,20000,18.52,35.188,,230,9.7,13.8,0,,,,,,,,og-post,,,,AAXX 16184 07299 06/70 /2310 10099 20045 39737 40060 53002 69902 333 10138 20097 69907 90710 91119 555 60005=
07299,2008-03-16 19:00:00,8.5,1006.3,0.5,80,5.3,11000,25.928,42.596,,230,,,0.2,,,,,,,80,og-post,,,,AAXX 16194 07299 21561 72314 10085 20053 39738 40063 51005 78086 879// 333 69925 83832 82936 87646 90710 91123 93100=
07299,2008-03-16 20:00:00,8.6,1006.4,0.4,84,6.1,15000,18.52,35.188,,220,,,,,,,,,,25,og-post,,,,AAXX 16204 07299 21565 72210 10086 20061 39739 40064 52004 72586 8585/ 333 69905 81830 85642 87358 90710 91119 93100=
07299,2008-03-16 21:00:00,9,1006.6,0.5,80,5.7,20000,11.112,22.224,,230,,,,0.2,,,,,,25,og-post,,,,AAXX 16214 07299 21570 72306 10090 20057 39742 40066 52005 72586 8585/ 333 69927 81830 85643 85356 90710 91112 93100 555 69905=
07299,2008-03-16 22:00:00,9.2,1006.9,0.6,77,5.4,20000,18.52,42.596,,230,,,0,,,,,,,,og-post,,,,AAXX 16224 07299 22570 72310 10092 20054 39745 40069 53006 878// 333 60005 81830 87643 90710 91123 93100=
07299,2008-03-16 23:00:00,8.4,1007.1,0.6,81,5.3,12000,22.224,42.596,,230,,,0.2,,,,,,,80,og-post,,,,AAXX 16234 07299 21562 72312 10084 20053 39746 40071 51006 78086 8595/ 333 69925 81830 81933 85650 85358 90710 91123 93100=
07299,2008-03-17 00:00:00,7.7,1007.1,0.3,84,5.2,20000,11.112,29.632,,220,,,0.2,0.4,0.6,,,,,25,og-post,,,,AAXX 17004 07299 01570 72206 10077 20052 39745 40071 51003 69961 72586 8585/ 333 69947 84827 83645 85358 90710 91116 93100 555 69925=
07299,2008-03-17 01:00:00,7.8,1007.2,0.1,83,5.1,20000,7.408,22.224,,270,,,0,,,,,,,,og-post,,,,AAXX 17014 07299 26/70 /2704 10078 20051 39746 40072 53001 333 60005 90710 91112=
07299,2008-03-17 02:00:00,7.9,1007,-0.2,82,5,20000,7.408,22.224,,260,,,0,,,,,,,,og-post,,,,AAXX 17024 07299 26/70 /2604 10079 20050 39744 40070 58002 333 60005 90710 91112=
07299,2008-03-17 03:00:00,8.3,1006.9,-0.1,79,4.9,20000,11.112,14.816,,250,,,0,0,,,,,,,og-post,,,,AAXX 17034 07299 22570 72506 10083 20049 39744 40069 57001 878// 333 60007 83631 87640 90710 91108 93100 555 60005=
07299,2008-03-17 04:00:00,8.4,1007.3,0.2,79,5,20000,11.112,38.892,,240,,,0,,,,,,,,og-post,,,,AAXX 17044 07299 22570 72406 10084 20050 39748 40073 53002 875// 333 60005 84623 87630 90710 91121 93100=
07299,2008-03-17 05:00:00,7.6,1007.8,0.9,83,4.9,20000,14.816,35.188,,240,,,0,,,,,,,,og-post,,,,AAXX 17054 07299 22570 72408 10076 20049 39752 40078 53009 8585/ 333 60005 82820 85638 85356 90710 91119 93100=
07299,2008-03-17 06:00:00,7.7,1008.2,1.2,83,5,20000,18.52,29.632,,250,7.6,9.9,0,0,,0.6,0.6,2.2,6,,og-post,,,,AAXX 17064 07299 02470 72510 10077 20050 39756 40082 52012 69962 878// 333 10099 20076 31006 55022 60007 70006 82816 87633 90710 91116 93100 555 60005=
07299,2008-03-17 07:00:00,8.1,1008.7,1.3,83,5.4,30000,22.224,29.632,,240,,,0,,,,,,,,og-post,,,,AAXX 17074 07299 22480 82412 10081 20054 39761 40087 53013 878// 333 60005 81815 85628 87656 90710 91116 93100=
07299,2008-03-17 08:00:00,8.3,1009,1.2,83,5.6,20000,18.52,31.484,,250,,,0,,,,,,,,og-post,,,,AAXX 17084 07299 22470 82510 10083 20056 39764 40090 51012 878// 333 60005 81817 85630 87650 90710 91117 93100=
07299,2008-03-17 09:00:00,8.3,1009.5,1.3,86,6.1,10000,22.224,31.484,,260,,,0.4,0.4,,,,,,61,og-post,,,,AAXX 17094 07299 21560 82612 10083 20061 39769 40095 52013 76162 878// 333 69947 83820 85630 87646 90710 91117 93100 555 69945=
07299,2008-03-17 10:00:00,8.3,1010,1.3,88,6.4,10000,22.224,31.484,,260,,,0.6,,,,,,,61,og-post,,,,AAXX 17104 07299 21460 82612 10083 20064 39774 40100 53013 76166 878// 333 69965 81815 87640 90710 91117 93100=
07299,2008-03-17 11:00:00,6.2,1011.1,1.9,93,5.2,10000,22.224,35.188,,350,,,2,,,,,,,61,og-post,,,,AAXX 17114 07299 21360 83512 10062 20052 39782 40111 53019 76166 878// 333 60025 83807 87611 90710 91119 93100=
07299,2008-03-17 12:00:00,6,1011.6,1.8,90,4.5,10000,22.224,31.484,,350,,,0.6,3,3,,,,,61,og-post,,,,AAXX 17124 07299 01360 83512 10060 20045 39787 40116 51018 60031 76162 878// 333 60037 85807 87613 90710 91117 93100 555 69965=
07299,2008-03-17 13:00:00,5.7,1012,1.5,92,4.5,10000,14.816,31.484,,350,,,0.4,,,,,,,61,og-post,,,,AAXX 17134 07299 21360 83508 10057 20045 39790 40120 51015 76166 878// 333 69945 83807 87613 90710 91117 93100=
07299,2008-03-17 14:00:00,5.9,1011.9,0.6,89,4.2,10000,11.112,22.224,,330,,,0.2,,,,,,,61,og-post,,,,AAXX 17144 07299 21360 83306 10059 20042 39789 40119 50006 76166 878// 333 69925 83808 87614 90710 91112 93100=
07299,2008-03-17 15:00:00,6,1012.1,0.4,90,4.5,10000,11.112,14.816,,320,,,0.2,0.8,,,,,,61,og-post,,,,AAXX 17154 07299 21460 83206 10060 20045 39791 40121 51004 76166 878// 333 69987 82813 87620 90710 91108 93100 555 69925=
07299,2008-03-17 16:00:00,5.9,1012.1,0.1,91,4.5,8000,7.408,11.112,,300,,,,,,,,,,21,og-post,,,,AAXX 17164 07299 21458 83004 10059 20045 39791 40121 53001 72162 878// 333 69905 82810 87615 90710 91106 93100=
07299,2008-03-17 17:00:00,5.5,1012.2,0.3,91,4.2,8000,14.816,22.224,,310,,,0.2,,,,,,,,og-post,,,,AAXX 17174 07299 22458 83108 10055 20042 39792 40122 51003 878// 333 69925 82810 87621 90710 91112 93100=
07299,2008-03-17 18:00:00,5.2,1012.5,0.3,91,3.9,8000,7.408,22.224,,300,5.2,8.4,0,0.2,,4,,,,2,og-post,,,,AAXX 17184 07299 01458 73004 10052 20039 39794 40125 53003 60042 70262 878// 333 10084 20052 69927 82815 87640 90710 91112 93100 555 60005=
07299,2008-03-17 19:00:00,5.1,1012.8,0.6,89,3.4,8000,7.408,11.112,,310,,,0,,,,,,,,og-post,,,,AAXX 17194 07299 22458 73104 10051 20034 39797 40128 53006 878// 333 60005 82815 87630 90710 91106 93100=
07299,2008-03-17 20:00:00,4.9,1012.8,0.5,86,2.8,9000,7.408,11.112,,310,,,0,,,,,,,,og-post,,,,AAXX 17204 07299 22459 73104 10049 20028 39797 40128 51005 878// 333 60005 82815 87636 90710 91106 93100=
07299,2008-03-17 21:00:00,4.6,1013,0.4,78,1.1,11000,11.112,25.928,,350,,,0,0,,,,,,,og-post,,,,AAXX 17214 07299 22461 73506 10046 20011 39798 40130 51004 878// 333 60007 82816 87643 90710 91114 93100 555 60005=
07299,2008-03-17 22:00:00,4.2,1012.9,0,80,1.1,11000,11.112,22.224,,360,,,0,,,,,,,,og-post,,,,AAXX 17224 07299 22461 73606 10042 20011 39797 40129 50000 878// 333 60005 82816 87646 90710 91112 93100=
07299,2008-03-17 23:00:00,3.9,1012.9,-0.1,80,0.8,11000,11.112,18.52,,340,,,0,,,,,,,,og-post,,,,AAXX 17234 07299 22561 73406 10039 20008 39796 40129 58001 878// 333 60005 82820 87650 90710 91110 93100=
07299,2008-03-18 00:00:00,3.7,1012.9,-0.2,74,-0.5,11000,11.112,18.52,,360,,,0,0,,,,,,,og-post,,,,AAXX 18004 07299 02561 73606 10037 21005 39796 40129 56002 60001 878// 333 60007 82820 87650 90710 91110 93100 555 60005=
07299,2008-03-18 01:00:00,3.1,1012.9,-0.2,81,0.2,20000,11.112,18.52,,330,,,0,,,,,,,,og-post,,,,AAXX 18014 07299 26/70 /3306 10031 20002 39795 40129 57002 333 60005 90710 91110=
07299,2008-03-18 02:00:00,3,1012.9,-0.2,81,0.1,20000,7.408,18.52,,320,,,0,,,,,,,,og-post,,,,AAXX 18024 07299 26/70 /3204 10030 20001 39795 40129 58002 333 60005 90710 91110=
07299,2008-03-18 03:00:00,2.8,1012.6,-0.4,84,0.4,12000,7.408,11.112,,310,,,0,0,,,,,,,og-post,,,,AAXX 18034 07299 22562 73104 10028 20004 39792 40126 58004 878// 333 60007 82820 87650 90710 91106 93100 555 60005=
07299,2008-03-18 04:00:00,2.7,1012.8,-0.2,81,-0.2,12000,7.408,18.52,,330,,,0,,,,,,,,og-post,,,,AAXX 18044 07299 22562 73304 10027 21002 39794 40128 55002 878// 333 60005 82820 87650 90710 91110 93100=
07299,2008-03-18 05:00:00,3.1,1012.7,-0.1,71,-1.6,12000,11.112,25.928,,10,,,0,,,,,,,,og-post,,,,AAXX 18054 07299 22562 70106 10031 21016 39793 40127 56001 878// 333 60005 81820 87656 90710 91114 93100=
07299,2008-03-18 06:00:00,2.8,1013.1,0.5,77,-0.8,20000,18.52,29.632,,360,2.6,5.2,0,0,,,4.4,0,2,,og-post,,,,AAXX 18064 07299 02570 73610 10028 21008 39797 40131 53005 60002 878// 333 10052 20026 31002 55000 60007 70044 81820 87656 90710 91116 93100 555 60005=
07299,2008-03-18 07:00:00,2.7,1013.4,0.7,79,-0.6,20000,18.52,29.632,,350,,,0,,,,,,,,og-post,,,,AAXX 18074 07299 22570 73510 10027 21006 39800 40134 53007 878// 333 60005 81820 87656 90710 91116 93100=
07299,2008-03-18 08:00:00,3.7,1013.9,1.2,76,-0.1,20000,18.52,25.928,,350,,,0,,,,,,,,og-post,,,,AAXX 18084 07299 26/70 /3510 10037 21001 39806 40139 53012 333 60005 90710 91114=
07299,2008-03-18 09:00:00,4.9,1014.3,1.5,72,0.3,13000,22.224,31.484,,360,,,0,0,,,,,,,og-post,,,,AAXX 18094 07299 22463 43612 10049 20003 39811 40143 52015 83801 333 60007 82818 83656 90710 91117 93100 555 60005=
07299,2008-03-18 10:00:00,4.8,1014.7,1.3,66,-1,15000,22.224,38.892,,360,,,0,,,,,,,,og-post,,,,AAXX 18104 07299 22565 73612 10048 21010 39815 40147 51013 878// 333 60005 81823 86656 90710 91121 93100=
07299,2008-03-18 11:00:00,5.4,1014.8,1.2,54,-3.1,18000,22.224,31.484,,360,,,0,,,,,,,,og-post,,,,AAXX 18114 07299 22568 43612 10054 21031 39816 40148 51012 84800 333 60005 82830 83656 90710 91117 93100=
07299,2008-03-18 12:00:00,7.5,1014.5,0.5,46,-3.4,18000,14.816,31.484,,10,,,0,0,,,,,,,og-post,,,,AAXX 18124 07299 02668 50108 10075 21034 39816 40145 50005 60001 85800 333 60007 82846 84656 90710 91117 93100 555 60005=
07299,2008-03-18 13:00:00,6.1,1014.3,-0.3,44,-5.2,20000,14.816,35.188,,350,,,0,,,,,,,,og-post,,,,AAXX 18134 07299 26/70 /3508 10061 21052 39812 40143 58003 333 60005 90710 91119=
07299,2008-03-18 14:00:00,7.5,1014,-0.6,44,-3.9,50000,18.52,31.484,,350,,,0,,,,,,,,og-post,,,,AAXX 18144 07299 22684 33510 10075 21039 39811 40140 56006 83800 333 60005 81846 90710 91117 93100=
07299,2008-03-18 15:00:00,7.7,1013.8,-0.7,42,-4.4,50000,14.816,31.484,,340,,,0,0,,,,,,,og-post,,,,AAXX 18154 07299 22684 23408 10077 21044 39809 40138 56007 82800 333 60007 81846 90710 91117 93100 555 60005=
07299,2008-03-18 16:00:00,7,1013.8,-0.2,43,-4.7,50000,14.816,25.928,,360,,,0,,,,,,,,og-post,,,,AAXX 18164 07299 22684 13608 10070 21047 39808 40138 57002 81800 333 60005 81846 90710 91114 93100=
07299,2008-03-18 17:00:00,6.1,1014.3,0.1,46,-4.6,50000,14.816,25.928,,350,,,0,,,,,,,,og-post,,,,AAXX 18174 07299 22684 13508 10061 21046 39812 40143 53001 81400 333 60005 81846 90710 91114 93100=
07299,2008-03-18 18:00:00,2.8,1015,0.6,57,-4.9,50000,11.112,22.224,,340,2.6,8,0,0,,,,,,,og-post,,,,AAXX 18184 07299 02784 13406 10028 21049 39815 40150 53006 60002 81400 333 10080 20026 60007 81650 90710 91112 93100 555 60005=
07299,2008-03-18 19:00:00,1.7,1015.5,0.9,65,-4.2,25000,7.408,11.112,,310,,,0,,,,,,,,og-post,,,,AAXX 18194 07299 22775 13104 10017 21042 39819 40155 53009 81500 333 60005 81650 90710 91106 93100=
07299,2008-03-18 20:00:00,0.2,1016.2,1.2,72,-4.2,25000,7.408,14.816,,310,,,0,,,,,,,,og-post,,,,AAXX 18204 07299 22775 13104 10002 21042 39824 40162 53012 81500 333 60005 81650 90710 91108 93100=
07299,2008-03-18 21:00:00,-1.1,1016.4,0.9,84,-3.4,20000,3.704,11.112,,290,,,0,0,,,,,,,og-post,,,,AAXX 18214 07299 22770 12902 11011 21034 39824 40164 51009 81500 333 60007 81656 90710 91106 93100 555 60005=
07299,2008-03-18 22:00:00,-1.8,1016.7,0.6,84,-4.1,20000,11.112,11.112,,300,,,0,,,,,,,,og-post,,,,AAXX 18224 07299 22770 13006 11018 21041 39826 40167 51006 81500 333 60005 81656 90710 91106 93100=
07299,2008-03-18 23:00:00,-1,1016.6,0.2,74,-5,20000,11.112,14.816,,310,,,0,,,,,,,,og-post,,,,AAXX 18234 07299 22770 13106 11010 21050 39826 40166 52002 81500 333 60005 81656 90710 91108 93100=
07299,2008-03-19 00:00:00,-1.2,1016.6,0.2,76,-4.9,20000,7.408,14.816,,310,,,0,0,,,,,,,og-post,,,,AAXX 19004 07299 02770 13104 11012 21049 39826 40166 51002 60001 81500 333 60007 81656 90710 91108 93100 555 60005=
07299,2008-03-19 01:00:00,-2.2,1016.5,-0.2,84,-4.5,20000,,7.408,,,,,0,,,,,,,,og-post,,,,AAXX 19014 07299 26/70 /0000 11022 21045 39824 40165 58002 333 60005 90710 91104=
07299,2008-03-19 02:00:00,-3,1016,-0.8,88,-4.7,20000,,3.704,,,,,0,,,,,,,,og-post,,,,AAXX 19024 07299 26/70 /0000 11030 21047 39818 40160 58008 333 60005 90710 91102=
07299,2008-03-19 03:00:00,-3.5,1015.8,-1.1,92,-4.6,20000,,3.704,,,,,0,0,,,,,,,og-post,,,,AAXX 19034 07299 22970 00000 11035 21046 39815 40158 58011 333 60007 90710 91102 93100 555 60005=
07299,2008-03-19 04:00:00,-3.9,1015.7,-1,92,-5,20000,,3.704,,,,,0,,,,,,,,og-post,,,,AAXX 19044 07299 22970 00000 11039 21050 39814 40157 56010 333 60005 90710 91102 93100=
07299,2008-03-19 05:00:00,-3.8,1015.7,-0.4,93,-4.8,20000,,3.704,,,,,0,,,,,,,,og-post,,,,AAXX 19054 07299 22770 20000 11038 21048 39814 40157 56004 82500 333 60005 82650 90710 91102 93100=
07299,2008-03-19 06:00:00,-3.7,1015.9,0.1,93,-4.7,20000,,,,,-4,2.8,0,0,,,0,7.7,-8,,og-post,,,,AAXX 19064 07299 02770 50000 11037 21047 39816 40159 53001 60002 82502 333 10028 21040 34108 55077 60007 70000 82650 84073 90710 91100 93100 555 60005=
07299,2008-03-19 07:00:00,-2.4,1015.8,0.3,94,-3.2,20000,3.704,3.704,,190,,,0,,,,,,,,og-post,,,,AAXX 19074 07299 22770 71902 11024 21032 39817 40158 53003 82502 333 60005 82650 86073 90710 91102 93100=
07299,2008-03-19 08:00:00,1,1015.6,0.5,81,-1.9,20000,3.704,3.704,,70,,,0,,,,,,,,og-post,,,,AAXX 19084 07299 22770 70702 10010 21019 39819 40156 52005 81502 333 60005 81650 87073 90710 91102 93100=
07299,2008-03-19 09:00:00,2.7,1015.6,0.5,73,-1.6,20000,7.408,11.112,,350,,,0,0,,,,,,,og-post,,,,AAXX 19094 07299 22570 73504 10027 21016 39821 40156 53005 81802 333 60007 81823 87073 90710 91106 93100 555 60005=
07299,2008-03-19 11:00:00,5.8,1015.4,0.4,52,-3.3,20000,7.408,22.224,,290,,,0,,,,,,,,og-post,,,,AAXX 19114 07299 22570 72904 10058 21033 39823 40154 51004 82832 333 60005 81820 83357 87073 90710 91112 93100=
07299,2008-03-19 12:00:00,6.1,1015.2,0,51,-3.3,20000,7.408,18.52,,300,,,0,0,,,,,,,og-post,,,,AAXX 19124 07299 02570 73004 10061 21033 39821 40152 50000 60001 83832 333 60007 83826 87073 90710 91110 93100 555 60005=
07299,2008-03-19 13:00:00,5.7,1015.4,-0.1,51,-3.6,15000,3.704,18.52,,340,,,0,,,,,,,,og-post,,,,AAXX 19134 07299 22565 73402 10057 21036 39822 40154 55001 84832 333 60005 82826 84643 85357 90710 91110 93100=
07299,2008-03-19 14:00:00,6.6,1015.2,-0.1,49,-3.3,15000,7.408,25.928,,320,,,0,,,,,,,15,og-post,,,,AAXX 19144 07299 21565 73204 10066 21033 39822 40152 56001 71522 85232 333 60005 85830 83358 85073 90710 91114 93100=
07299,2008-03-19 15:00:00,6.2,1015.2,0,52,-2.9,15000,3.704,18.52,,60,,,,,,,,,,26,og-post,,,,AAXX 19154 07299 21565 50602 10062 21029 39821 40152 50000 72687 85930 333 69907 85830 81943 90710 91110 93100 555 69905=
07299,2008-03-19 16:00:00,5.6,1015.2,-0.1,54,-3,15000,3.704,14.816,,20,,,0,,,,,,,,og-post,,,,AAXX 19164 07299 22565 70202 10056 21030 39820 40152 57001 8593/ 333 60005 85830 81943 90710 91108 93100=
07299,2008-03-19 17:00:00,4.5,1015.8,0.3,61,-2.4,15000,7.408,14.816,,350,,,0,,,,,,,,og-post,,,,AAXX 19174 07299 22665 63504 10045 21024 39825 40158 53003 84431 333 60005 83833 90710 91108 93100=
07299,2008-03-19 18:00:00,3.8,1017,1.4,72,-0.8,15000,11.112,29.632,,20,-3.8,7.7,0,0,,,,,,15,og-post,,,,AAXX 19184 07299 01665 70206 10038 21008 39836 40170 53014 69902 71587 85431 333 10077 21038 60007 83833 84358 90710 91116 93100 555 60005=
07299,2008-03-19 21:00:00,-0.6,1019.1,1.6,88,-2.3,15000,3.704,7.408,,240,,,0,0,,,,,,,og-post,,,,AAXX 19214 07299 22665 22402 11006 21023 39851 40191 51016 81530 333 60007 81640 90710 91104 93100 555 60005=
07299,2008-03-19 22:00:00,-0.8,1019.6,1.4,92,-1.9,15000,7.408,14.816,,240,,,0,,,,,,,,og-post,,,,AAXX 19224 07299 22565 62404 11008 21019 39855 40196 51014 86800 333 60005 81820 83840 85648 90710 91108 93100=
07299,2008-03-19 23:00:00,0.8,1019.7,1.2,88,-1,15000,,11.112,,,,,0,,,,,,,15,og-post,,,,AAXX 19234 07299 21565 70000 10008 21010 39858 40197 51012 71522 87800 333 60005 82830 84645 86656 90710 91106 93100=
07299,2008-03-20 00:00:00,0,1019.7,0.6,91,-1.3,15000,3.704,7.408,,230,,,0,0,,,,,,15,og-post,,,,AAXX 20004 07299 01565 72302 10000 21013 39857 40197 50006 60001 71511 878// 333 60007 81830 87650 90710 91104 93100 555 60005=
07299,2008-03-20 01:00:00,0.1,1019.9,0.4,91,-1.2,14000,,7.408,,,,,0,,,,,,,,og-post,,,,AAXX 20014 07299 26/64 /0000 10001 21012 39859 40199 51004 333 60005 90710 91104=
07299,2008-03-20 02:00:00,-0.5,1019.7,-0.1,89,-2.1,20000,3.704,7.408,,280,,,0,,,,,,,,og-post,,,,AAXX 20024 07299 26/70 /2802 11005 21021 39857 40197 58001 333 60005 90710 91104=
07299,2008-03-20 03:00:00,-0.4,1019.7,0,90,-1.8,13000,3.704,3.704,,50,,,0,0,,,,,,,og-post,,,,AAXX 20034 07299 22563 70502 11004 21018 39857 40197 50000 875// 333 60007 81630 87638 90710 91102 555 60005=
07299,2008-03-20 04:00:00,-0.7,1019.8,-0.2,91,-2,10000,3.704,3.704,,60,,,0,,,,,,,,og-post,,,,AAXX 20044 07299 22560 50602 11007 21020 39857 40198 56002 85500 333 60005 81630 84638 90710 91102=
07299,2008-03-20 05:00:00,-1.5,1020.2,0.3,93,-2.5,8000,,7.408,,,,,0,,,,,,,,og-post,,,,AAXX 20054 07299 22558 50000 11015 21025 39860 40202 53003 85500 333 60005 81630 85643 90710 91104=
07299,2008-03-20 06:00:00,-1.2,1020.1,0.3,93,-2.2,10000,,7.408,,,-1.6,3.8,0,0,,,0,4.5,-5,,og-post,,,,AAXX 20064 07299 02660 70000 11012 21022 39860 40201 52003 60002 8683/ 333 10038 21016 30105 55045 60007 79999 81833 86646 90710 91104 555 60005=
07299,2008-03-20 07:00:00,0.1,1020.7,1,94,-0.7,7000,3.704,11.112,,360,,,,,,,,,,70,og-post,,,,AAXX 20074 07299 21457 73602 10001 21007 39867 40207 53010 77072 878// 333 69905 81815 86633 86650 90710 91106=
07299,2008-03-20 08:00:00,1.7,1020.8,1,85,-0.5,15000,11.112,14.816,,220,,,,,,,,,,22,og-post,,,,AAXX 20084 07299 21465 72206 10017 21005 39870 40208 53010 72222 878// 333 69905 81815 87640 90710 91108 93100=
07299,2008-03-20 09:00:00,3.1,1020.6,1,77,-0.5,18000,11.112,22.224,,240,,,,,,,,,,22,og-post,,,,AAXX 20094 07299 21568 72406 10031 21005 39870 40206 51010 72272 878// 333 69907 81820 85640 86646 90710 91112 93100 555 69905=
07299,2008-03-20 10:00:00,5.1,1020.3,0.1,59,-2.2,18000,14.816,18.52,,220,,,0,,,,,,,,og-post,,,,AAXX 20104 07299 22568 72208 10051 21022 39869 40203 50001 878// 333 60005 81826 86656 90710 91110 93100=
07299,2008-03-20 11:00:00,5.1,1019.9,-0.5,60,-2,20000,18.52,29.632,,250,,,0,,,,,,,,og-post,,,,AAXX 20114 07299 22570 72510 10051 21020 39865 40199 58005 878// 333 60005 83831 84657 90710 91116 93100=
07299,2008-03-20 12:00:00,5.4,1019.4,-0.9,64,-0.8,18000,25.928,35.188,,290,,,,,,,,,,83,og-post,,,,AAXX 20124 07299 01568 72914 10054 21008 39861 40194 58009 69901 78387 878// 333 69907 83826 86645 90710 91119 93100 555 69905=
07299,2008-03-20 13:00:00,7,1018.1,-1.8,51,-2.4,18000,18.52,35.188,,260,,,,,,,,,,26,og-post,,,,AAXX 20134 07299 21668 72610 10070 21024 39850 40181 58018 72687 84831 333 69905 82833 83643 90710 91119 93100=
07299,2008-03-20 14:00:00,6.6,1017.1,-2.4,50,-3.1,18000,22.224,35.188,,280,,,0,,,,,,,,og-post,,,,AAXX 20144 07299 22668 72812 10066 21031 39840 40171 58024 878// 333 60005 82833 86639 90710 91119 93100=
07299,2008-03-20 15:00:00,5.4,1016.8,-2.5,62,-1.3,18000,29.632,42.596,,260,,,0,,,,,,,1,og-post,,,,AAXX 20154 07299 21668 72616 10054 21013 39836 40168 56025 70187 87831 333 69907 81833 83648 90710 91123 93100 555 60005=
07299,2008-03-20 16:00:00,5.9,1015.9,-2.2,61,-1,20000,22.224,42.596,,240,,,0,,,,,,,,og-post,,,,AAXX 20164 07299 22570 72412 10059 21010 39828 40159 56022 8383/ 333 60005 81830 83656 85357 90710 91123 93100=
07299,2008-03-20 17:00:00,4.2,1015.6,-1.7,62,-2.4,20000,22.224,38.892,,250,,,0,,,,,,,,og-post,,,,AAXX 20174 07299 22570 72512 10042 21024 39823 40156 58017 8383/ 333 60005 81830 83656 85358 90710 91121 93100=
07299,2008-03-20 18:00:00,4,1014.9,-2,63,-2.4,20000,22.224,35.188,,250,-1.2,7.4,0,0,,,,,,2,og-post,,,,AAXX 20184 07299 01570 72512 10040 21024 39816 40149 56020 69902 70287 8383/ 333 10074 21012 60007 81830 83656 87358 90710 91119 93100 555 60005=
07299,2008-03-20 19:00:00,4.1,1014.6,-1.5,63,-2.3,20000,18.52,29.632,,240,,,0,,,,,,,,og-post,,,,AAXX 20194 07299 22570 72410 10041 21023 39813 40146 56015 8187/ 333 60005 81830 87357 90710 91116 93100=
07299,2008-03-20 20:00:00,4.1,1013.9,-1.5,62,-2.5,20000,14.816,29.632,,230,,,0,,,,,,,,og-post,,,,AAXX 20204 07299 22570 72308 10041 21025 39806 40139 58015 8127/ 333 60005 81830 87357 90710 91116 93100=
07299,2008-03-20 21:00:00,4.1,1012.7,-2.3,62,-2.5,20000,18.52,38.892,,230,,,0,0,,,,,,,og-post,,,,AAXX 20214 07299 22670 72310 10041 21025 39795 40127 58023 8157/ 333 60007 81633 87358 90710 91121 93100 555 60005=
07299,2008-03-20 22:00:00,4.1,1011.2,-3.2,61,-2.7,20000,25.928,42.596,,240,,,0,,,,,,,,og-post,,,,AAXX 20224 07299 22670 72414 10041 21027 39780 40112 58032 8157/ 333 60005 81633 87360 90710 91123 93100=
07299,2008-03-20 23:00:00,3.9,1009.8,-4,64,-2.3,20000,25.928,46.3,,230,,,0,,,,,,,,og-post,,,,AAXX 20234 07299 22670 72314 10039 21023 39766 40098 58040 875// 333 60005 83647 87650 90710 91125 93100=
07299,2008-03-21 00:00:00,3.5,1007.9,-4.9,72,-1.1,20000,25.928,42.596,,230,,,,,,,,,,61,og-post,,,,AAXX 21004 07299 01570 72314 10035 21011 39747 40079 58049 69901 76162 875// 333 69907 85626 87650 90710 91123 93100 555 69905=
07299,2008-03-21 01:00:00,3,1005.9,-5.2,82,0.2,13000,31.484,53.708,,220,,,,,,,,,,,og-post,,,,AAXX 21014 07299 26/63 /2217 10030 20002 39728 40059 58052 333 69905 90710 91129=
07299,2008-03-21 02:00:00,2.7,1003.3,-6.4,86,0.6,17000,25.928,50.004,,210,,,0.6,,,,,,,,og-post,,,,AAXX 21024 07299 26/67 /2114 10027 20006 39702 40033 58064 333 69965 90710 91127=
07299,2008-03-21 03:00:00,3.8,1000.6,-7,78,0.3,15000,25.928,46.3,,220,,,,0.6,,,,,,60,og-post,,,,AAXX 21034 07299 21565 72214 10038 20003 39677 40006 58070 76062 875// 333 69967 83632 87643 90710 91125 93100 555 69905=
07299,2008-03-21 04:00:00,3.6,999,-6.6,83,1,12000,29.632,50.004,50.004,240,,,0.4,,,,,,,61,og-post,,,,AAXX 21044 07299 21562 72416 10036 20010 39662 49990 56066 76166 875// 333 69945 83620 87632 91027 90710 91127 93100=
07299,2008-03-21 05:00:00,3.7,997.2,-5.8,85,1.4,12000,29.632,50.004,,240,,,1,,,,,,,61,og-post,,,,AAXX 21054 07299 21462 72416 10037 20014 39644 49972 56058 76166 875// 333 60015 84616 87623 90710 91127 93100=
07299,2008-03-21 06:00:00,3.7,995.7,-4.8,85,1.4,10000,25.928,50.004,,240,2.6,4.2,0.6,2,,3,2.6,1.9,2,61,og-post,,,,AAXX 21064 07299 01560 72414 10037 20014 39630 49957 56048 60032 76162 875// 333 10042 20026 32002 55019 60027 70026 87620 90710 91127 93100 555 69965=
07299,2008-03-21 07:00:00,4.4,994.2,-4.4,84,1.9,10000,14.816,42.596,,250,,,0.6,,,,,,,61,og-post,,,,AAXX 21074 07299 21560 72508 10044 20019 39616 49942 56044 76166 875// 333 69965 87622 90710 91123 93100=
07299,2008-03-21 08:00:00,5,992.3,-4.4,83,2.4,18000,29.632,53.708,53.708,240,,,0.6,,,,,,,61,og-post,,,,AAXX 21084 07299 21468 72416 10050 20024 39599 49923 58044 76166 875// 333 69965 87619 91029 90710 91129 93100=
07299,2008-03-21 09:00:00,5.2,990.4,-5.1,84,2.7,18000,42.596,68.524,61.116,240,,,1,2,,,,,,61,og-post,,,,AAXX 21094 07299 21568 72423 10052 20027 39580 49904 58051 76166 875// 333 60027 87622 91033 90710 91137 93100 555 60015=
07299,2008-03-21 10:00:00,6,988.7,-5,84,3.5,20000,38.892,72.228,64.82,240,,,0.8,,,,,,,61,og-post,,,,AAXX 21104 07299 21570 72421 10060 20035 39565 49887 56050 76166 875// 333 69985 87624 91035 90710 91139 93100=
07299,2008-03-21 11:00:00,7.3,986.8,-5.7,79,3.9,20000,35.188,75.932,68.524,240,,,0.2,,,,,,,61,og-post,,,,AAXX 21114 07299 21570 72419 10073 20039 39548 49868 56057 76166 875// 333 69925 87624 91037 90710 91141 93100=
07299,2008-03-21 12:00:00,7.3,986.8,-2.9,79,3.9,17000,35.188,79.636,,270,,,,1,3,,,,,60,og-post,,,,AAXX 21124 07299 01567 72719 10073 20039 39548 49868 55029 60031 76066 875// 333 60017 87627 90710 91143 93100 555 69905=
07299,2008-03-21 13:00:00,4.1,988,-0.9,89,2.5,7000,29.632,57.412,,290,,,3,,,,,,,61,og-post,,,,AAXX 21134 07299 21457 72916 10041 20025 39556 49880 55009 76166 875// 333 60035 81714 87627 90710 91131 93100=
07299,2008-03-21 14:00:00,2.7,987.9,0.6,90,1.2,8000,25.928,50.004,,260,,,3,,,,,,,68,og-post,,,,AAXX 21144 07299 21458 72614 10027 20012 39553 49879 50006 76876 875// 333 60035 81714 87620 90710 91127 93100=
07299,2008-03-21 15:00:00,3.4,987.7,0.4,90,1.9,15000,22.224,38.892,,250,,,1,7,,,,,,60,og-post,,,,AAXX 21154 07299 21465 72512 10034 20019 39552 49877 50004 76076 875// 333 60077 81714 87632 90710 91121 93100 555 60015=
07299,2008-03-21 16:00:00,3.7,987.4,-0.4,88,1.9,25000,22.224,46.3,,250,,,0.6,,,,,,,21,og-post,,,,AAXX 21164 07299 21475 72512 10037 20019 39550 49874 57004 72162 8283/ 333 69965 81814 87360 90710 91125 93100=
07299,2008-03-21 17:00:00,3.9,987.6,-0.2,84,1.4,25000,25.928,46.3,,250,,,0,,,,,,,,og-post,,,,AAXX 21174 07299 22475 62514 10039 20014 39552 49876 55002 81832 333 60005 81814 83358 90710 91125 93100=
07299,2008-03-21 18:00:00,4.1,988.4,0.7,82,1.3,20000,29.632,53.708,53.708,270,2.3,9.1,0,0.6,,11,,,,25,og-post,,,,AAXX 21184 07299 01470 72716 10041 20013 39560 49884 53007 60112 72576 8683/ 333 10091 20023 69967 82817 86640 91029 90710 91129 93100 555 60005=
07299,2008-03-21 19:00:00,1.5,990.2,2.3,91,0.2,25000,,42.596,,,,,0,,,,,,,,og-post,,,,AAXX 21194 07299 22475 30000 10015 20002 39574 49902 53023 81830 333 60005 81813 90710 91123 93100=
07299,2008-03-21 20:00:00,2.4,990.8,2.8,85,0.1,20000,14.816,31.484,,250,,,0,,,,,,,,og-post,,,,AAXX 21204 07299 22470 22508 10024 20001 39581 49908 52028 81830 333 60005 81813 90710 91117 93100=
07299,2008-03-21 21:00:00,1.9,991.1,2.3,86,-0.2,20000,11.112,25.928,,200,,,0,0,,,,,,,og-post,,,,AAXX 21214 07299 22470 22006 10019 21002 39583 49911 51023 81830 333 60007 81815 90710 91114 93100 555 60005=
07299,2008-03-21 22:00:00,1.3,991.3,1,86,-0.8,20000,11.112,14.816,,210,,,0,,,,,,,,og-post,,,,AAXX 21224 07299 22670 32106 10013 21008 39584 49913 51010 83530 333 60005 83636 90710 91108 93100=
07299,2008-03-21 23:00:00,2.1,991,0.1,81,-0.8,20000,11.112,18.52,,220,,,0,,,,,,,,og-post,,,,AAXX 21234 07299 22670 62206 10021 21008 39582 49910 50001 83530 333 60005 83636 84357 90710 91110 93100=
07299,2008-03-22 00:00:00,3.4,990.9,-0.1,76,-0.4,20000,14.816,25.928,,240,,,0,0,,,,,,,og-post,,,,AAXX 22004 07299 02570 72408 10034 21004 39583 49909 55001 60001 878// 333 60007 81825 83636 87657 90710 91114 93100 555 60005=
07299,2008-03-22 01:00:00,2.5,990.8,-0.3,84,0.1,20000,14.816,31.484,,230,,,0,,,,,,,,og-post,,,,AAXX 22014 07299 26/70 /2308 10025 20001 39581 49908 57003 333 60005 90710 91117=
07299,2008-03-22 02:00:00,2.3,990.5,-0.4,84,-0.1,20000,7.408,18.52,,260,,,0,,,,,,,,og-post,,,,AAXX 22024 07299 26/70 /2604 10023 21001 39578 49905 58004 333 60005 90710 91110=
07299,2008-03-22 03:00:00,1.7,990.2,-1,86,-0.4,20000,7.408,14.816,,250,,,0,0,,,,,,,og-post,,,,AAXX 22034 07299 22570 72504 10017 21004 39574 49902 58010 878// 333 60007 81825 87656 90710 91108 93100 555 60005=
07299,2008-03-22 04:00:00,2,990,-0.9,82,-0.7,20000,14.816,22.224,,210,,,0,,,,,,,,og-post,,,,AAXX 22044 07299 22570 42108 10020 21007 39573 49900 56009 84800 333 60005 81825 83648 90710 91112 93100=
07299,2008-03-22 05:00:00,1.7,989.7,-0.9,80,-1.4,20000,14.816,22.224,,190,,,0,,,,,,,,og-post,,,,AAXX 22054 07299 22670 21908 10017 21014 39569 49897 56009 82500 333 60005 81648 90710 91112 93100=
07299,2008-03-22 06:00:00,1.7,989.7,-0.4,77,-1.9,20000,14.816,29.632,,170,1.1,4,0,0,,,10.6,0.9,-0,,og-post,,,,AAXX 22064 07299 02670 21708 10017 21019 39569 49897 56004 60002 81530 333 10040 20011 31100 55009 60007 70106 81648 90710 91116 93100 555 60005=
07299,2008-03-22 07:00:00,3.2,990,0.2,69,-1.9,40000,14.816,22.224,,160,,,0,,,,,,,,og-post,,,,AAXX 22074 07299 22682 41608 10032 21019 39574 49900 53002 82501 333 60005 81648 83075 90710 91112 93100=
07299,2008-03-22 08:00:00,4.7,990,0.7,66,-1.1,35000,14.816,29.632,,200,,,0,,,,,,,,og-post,,,,AAXX 22084 07299 22581 62008 10047 21011 39576 49900 53007 84801 333 60005 81820 83650 85075 90710 91116 93100=
07299,2008-03-22 09:00:00,6.2,990.1,0.9,58,-1.4,15000,22.224,35.188,,220,,,0,0,,,,,,15,og-post,,,,AAXX 22094 07299 21565 62212 10062 21014 39578 49901 51009 71511 84903 333 60007 81920 83656 85073 90710 91119 93100 555 60005=
07299,2008-03-22 10:00:00,5.4,990.3,0.5,55,-2.9,14000,22.224,35.188,,220,,,,,,,,,,83,og-post,,,,AAXX 22104 07299 21564 72212 10054 21029 39579 49903 51005 78387 86903 333 69905 81920 84838 85073 90710 91119 93100=
07299,2008-03-22 11:00:00,5.3,990.5,0.5,67,-0.3,15000,22.224,46.3,,250,,,,,,,,,,26,og-post,,,,AAXX 22114 07299 21565 72512 10053 21003 39581 49905 52005 72687 83913 333 69905 82820 81923 83458 86071 90710 91125 93100=
07299,2008-03-22 12:00:00,5.1,990.6,0.4,80,1.9,20000,25.928,35.188,,270,,,,,,,,,,80,og-post,,,,AAXX 22124 07299 01470 72714 10051 20019 39582 49906 52004 69901 78087 878// 333 69907 81815 85818 90710 91119 93100 555 69905=
07299,2008-03-22 13:00:00,4.6,990.8,0.5,81,1.6,9000,25.928,42.596,,290,,,,,,,,,,80,og-post,,,,AAXX 22134 07299 21459 72914 10046 20016 39584 49908 52005 78086 878// 333 69905 81815 84817 90710 91123 93100=
07299,2008-03-22 14:00:00,5.1,991.1,0.6,78,1.6,10000,25.928,38.892,,250,,,,,,,,,,25,og-post,,,,AAXX 22144 07299 21460 72514 10051 20016 39587 49911 53006 72586 8496/ 333 69905 82815 81916 84358 90710 91121 93100=
07299,2008-03-22 15:00:00,4.8,991.7,1,70,-0.2,15000,18.52,42.596,,270,,,0,,,,,,,15,og-post,,,,AAXX 22154 07299 21465 72710 10048 21002 39592 49917 53010 71586 83963 333 69907 81916 84359 90710 91123 93100 555 60005=
07299,2008-03-22 16:00:00,5.2,991.7,0.9,61,-1.7,40000,18.52,29.632,,250,,,0,,,,,,,14,og-post,,,,AAXX 22164 07299 21582 62510 10052 21017 39593 49917 51009 71422 82232 333 60005 81821 83361 90710 91116 93100=
07299,2008-03-22 17:00:00,4.8,992.3,1.1,60,-2.3,40000,14.816,25.928,,260,,,0,,,,,,,,og-post,,,,AAXX 22174 07299 22582 32608 10048 21023 39598 49923 52011 82231 333 60005 82826 90710 91114 93100=
07299,2008-03-22 18:00:00,2.5,993.4,1.4,75,-1.5,30000,11.112,22.224,,240,1.8,6.6,0,0,,,,,,1,og-post,,,,AAXX 22184 07299 01580 42406 10025 21015 39606 49934 53014 69902 70186 83801 333 10066 20018 60007 81830 90710 91112 93100 555 60005=
07299,2008-03-22 19:00:00,2.7,994.3,2.2,76,-1.1,25000,11.112,22.224,,280,,,0,,,,,,,,og-post,,,,AAXX 22194 07299 22575 52806 10027 21011 39615 49943 53022 85801 333 60005 81830 85656 90710 91112 93100=
07299,2008-03-22 20:00:00,2.3,995.1,2.4,83,-0.3,25000,3.704,18.52,,250,,,0,,,,,,,,og-post,,,,AAXX 22204 07299 22675 72502 10023 21003 39622 49951 51024 878// 333 60005 81835 87650 90710 91110 93100=
07299,2008-03-22 21:00:00,2.2,995.5,2,83,-0.4,23000,,7.408,,,,,0,0,,,,,,,og-post,,,,AAXX 22214 07299 22673 70000 10022 21004 39626 49955 51020 878// 333 60007 81834 87650 90710 91104 93100 555 60005=
07299,2008-03-22 22:00:00,2.3,995.9,1.5,82,-0.4,22000,,11.112,,,,,0,,,,,,,,og-post,,,,AAXX 22224 07299 22672 70000 10023 21004 39630 49959 51015 878// 333 60005 81837 87657 90710 91106 93100=
07299,2008-03-22 23:00:00,1.8,996.3,1.1,81,-1.1,20000,3.704,18.52,,170,,,0,,,,,,,,og-post,,,,AAXX 22234 07299 22670 71702 10018 21011 39633 49963 51011 84801 333 60005 81837 84657 90710 91110 93100=
07299,2008-03-23 00:00:00,0.6,996.5,0.7,88,-1.2,22000,3.704,7.408,,170,,,0,0,,,,,,,og-post,,,,AAXX 23004 07299 02572 71702 10006 21012 39634 49965 51007 60001 878// 333 60007 81823 87650 90710 91104 93100 555 60005=
07299,2008-03-23 01:00:00,0,996.6,0.4,89,-1.6,20000,3.704,7.408,,250,,,0,,,,,,,,og-post,,,,AAXX 23014 07299 26/70 /2502 10000 21016 39634 49966 51004 333 60005 90710 91104=
07299,2008-03-23 02:00:00,0.4,996.4,0,91,-0.9,20000,3.704,7.408,,180,,,0,,,,,,,,og-post,,,,AAXX 23024 07299 26/70 /1802 10004 21009 39633 49964 50000 333 60005 90710 91104=
07299,2008-03-23 03:00:00,1,996.6,0.1,87,-0.9,20000,7.408,14.816,,170,,,0,0,,,,,,,og-post,,,,AAXX 23034 07299 22470 71704 10010 21009 39635 49966 53001 878// 333 60007 81813 86630 87656 90710 91108 93100 555 60005=
07299,2008-03-23 04:00:00,1.3,996.6,0.2,86,-0.8,12000,7.408,11.112,,170,,,,,,,,,,70,og-post,,,,AAXX 23044 07299 21462 71704 10013 21008 39636 49966 53002 77072 878// 333 69905 81813 87631 90710 91106 93100=
07299,2008-03-23 05:00:00,1.3,997.2,0.8,87,-0.6,8000,3.704,11.112,,220,,,,,,,,,,71,og-post,,,,AAXX 23054 07299 21458 72202 10013 21006 39641 49972 53008 77177 878// 333 69905 81813 87631 90710 91106 93100=
07299,2008-03-23 06:00:00,0.7,997.7,1.1,92,-0.4,4500,,3.704,,,-0.4,2.7,0.8,0.8,,0.8,0.8,5.3,-3,70,og-post,,,,AAXX 23064 07299 01345 70000 10007 21004 39646 49977 53011 69982 77072 878// 333 10027 21004 32103 55053 69987 70008 81807 85610 87631 90710 91102 93100 555 69985=
07299,2008-03-23 07:00:00,0.6,998,1.2,94,-0.3,3000,14.816,22.224,,350,,,,,,,,,,71,og-post,,,,AAXX 23074 07299 21230 73508 10006 21003 39648 49980 51012 77177 875// 333 69905 87604 90710 91112 93100=
07299,2008-03-23 08:00:00,1.1,998,0.9,93,0.1,8000,18.52,29.632,,360,,,0.2,,,,,,,22,og-post,,,,AAXX 23084 07299 21258 73610 10011 20001 39649 49980 51009 72272 878// 333 69925 82806 87636 90710 91116 93100=
07299,2008-03-23 09:00:00,2,998.5,1,88,0.2,18000,18.52,31.484,,350,,,0,0.2,,,,,,1,og-post,,,,AAXX 23094 07299 21468 73510 10020 20002 39655 49985 53010 70172 878// 333 69927 82811 87650 90710 91117 93100 555 60005=
07299,2008-03-23 10:00:00,2.5,998.8,1,85,0.2,6000,18.52,29.632,,330,,,,,,,,,,70,og-post,,,,AAXX 23104 07299 21456 73310 10025 20002 39658 49988 53010 77072 878// 333 69905 82813 87650 90710 91116 93100=
07299,2008-03-23 11:00:00,2,998.9,1.1,85,-0.2,3500,22.224,29.632,,330,,,,,,,,,,70,og-post,,,,AAXX 23114 07299 21435 73312 10020 21002 39659 49989 51011 77077 878// 333 69905 81813 83821 87650 90710 91116 93100=
07299,2008-03-23 12:00:00,2.4,999.2,0.6,81,-0.5,6000,18.52,29.632,,350,,,,,0.2,,,,,22,og-post,,,,AAXX 23124 07299 01556 73510 10024 21005 39662 49992 52006 69921 72272 878// 333 69907 84821 87636 90710 91116 93100 555 69905=
07299,2008-03-23 13:00:00,2.2,999.2,0.3,81,-0.7,15000,18.52,29.632,,350,,,0,,,,,,,22,og-post,,,,AAXX 23134 07299 21465 73510 10022 21007 39662 49992 50003 72222 878// 333 60005 85816 85643 90710 91116 93100=
07299,2008-03-23 14:00:00,1.4,999.3,0.1,85,-0.8,4000,22.224,31.484,,350,,,,,,,,,,71,og-post,,,,AAXX 23144 07299 21440 73512 10014 21008 39662 49993 51001 77172 875// 333 69905 87616 90710 91117 93100=
07299,2008-03-23 15:00:00,0.7,999.7,0.3,87,-1.2,2500,14.816,29.632,,360,,,,,,,,,,71,og-post,,,,AAXX 23154 07299 21425 73608 10007 21012 39665 49997 53003 77172 878// 333 69907 84812 87631 90710 91116 93100 555 69905=
07299,2008-03-23 16:00:00,0.7,999.9,0.6,85,-1.5,9000,11.112,25.928,,350,,,,,,,,,,70,og-post,,,,AAXX 23164 07299 21459 83506 10007 21015 39667 49999 53006 77077 878// 333 69905 83814 87634 90710 91114 93100=
07299,2008-03-23 17:00:00,0.5,1000.3,1,83,-2,9000,11.112,22.224,,10,,,,,,,,,,70,og-post,,,,AAXX 23174 07299 21459 80106 10005 21020 39670 40003 52010 77077 878// 333 69905 84817 87632 90710 91112 93100=
07299,2008-03-23 18:00:00,0,1000.8,1,88,-1.7,5000,7.408,18.52,,290,0,2.9,,,,0.2,,,,70,og-post,,,,AAXX 23184 07299 01450 82904 10000 21017 39675 40008 53010 69922 77072 878// 333 10029 20000 69907 87617 90710 91110 93100 555 69905=
07299,2008-03-23 19:00:00,-0.3,1001.2,1.1,88,-2,6000,3.704,11.112,,350,,,0.2,,,,,,,70,og-post,,,,AAXX 23194 07299 21456 83502 11003 21020 39678 40012 51011 77077 875// 333 69925 84617 87628 90710 91106 93100=
07299,2008-03-23 20:00:00,-0.2,1001.4,0.9,87,-2.1,8000,,7.408,,,,,,,,,,,,70,og-post,,,,AAXX 23204 07299 21558 70000 11002 21021 39680 40014 51009 77072 875// 333 69905 84620 86630 90710 91104 93100=
07299,2008-03-23 21:00:00,-0.4,1001.4,0.5,88,-2.1,9000,3.704,7.408,,210,,,0.2,0.4,,,,,,22,og-post,,,,AAXX 23214 07299 21459 62102 11004 21021 39680 40014 51005 72272 86500 333 69947 81716 83625 85650 90710 91104 93100 555 69925=
07299,2008-03-23 22:00:00,-1.3,1001.2,-0.1,83,-3.8,15000,7.408,14.816,,240,,,0,,,,,,,,og-post,,,,AAXX 23224 07299 22565 42404 11013 21038 39677 40012 58001 84500 333 60005 81625 84650 90710 91108 93100=
07299,2008-03-23 23:00:00,-2.4,1000.9,-0.7,85,-4.6,15000,7.408,11.112,,240,,,0,,,,,,,,og-post,,,,AAXX 23234 07299 22765 12404 11024 21046 39673 40009 58007 81500 333 60005 81650 90710 91106 93100=
07299,2008-03-24 00:00:00,-3.3,1000.2,-1.5,86,-5.3,14000,3.704,14.816,,120,,,0,0,0.4,,,,,1,og-post,,,,AAXX 24004 07299 01964 01202 11033 21053 39665 40002 58015 69941 70171 333 60007 90710 91108 93100 555 60005=
07299,2008-03-24 01:00:00,-3.3,999.8,-1.7,85,-5.5,19000,7.408,14.816,,120,,,0,,,,,,,,og-post,,,,AAXX 24014 07299 26/69 /1204 11033 21055 39661 49998 58017 333 60005 90710 91108=
07299,2008-03-24 02:00:00,-4.2,999.2,-1.9,86,-6.2,20000,7.408,11.112,,130,,,0,,,,,,,,og-post,,,,AAXX 24024 07299 26/70 /1304 11042 21062 39654 49992 56019 333 60005 90710 91106=
07299,2008-03-24 03:00:00,-4.3,998.8,-1.5,85,-6.4,15000,7.408,11.112,,130,,,0,0,,,,,,,og-post,,,,AAXX 24034 07299 22965 01304 11043 21064 39650 49988 57015 333 60007 90710 91106 555 60005=
07299,2008-03-24 04:00:00,-4.4,998.6,-1.3,88,-6.1,15000,3.704,11.112,,160,,,0,,,,,,,,og-post,,,,AAXX 24044 07299 22/65 11602 11044 21061 39648 49986 56013 80001 333 60005 81073 90710 91106=
07299,2008-03-24 05:00:00,-4.8,998.4,-0.9,88,-6.5,18000,7.408,11.112,,160,,,0,,,,,,,,og-post,,,,AAXX 24054 07299 22968 31604 11048 21065 39645 49984 56009 81031 333 60005 81361 83073 90710 91106=
07299,2008-03-24 06:00:00,-4.5,998.4,-0.4,86,-6.5,20000,7.408,14.816,,160,-5.3,0,0,0,,0.4,0.6,0.1,-8,,og-post,,,,AAXX 24064 07299 02970 51604 11045 21065 39646 49984 55004 69942 82052 333 10000 21053 34108 55001 60007 70006 82360 85071 90710 91108 555 60005=
07299,2008-03-24 07:00:00,-1.8,998.3,-0,83,-4.3,22000,7.408,11.112,,160,,,0,,,,,,,,og-post,,,,AAXX 24074 07299 22772 61604 11018 21043 39648 49983 55000 81552 333 60005 81650 84361 85071 90710 91106=
07299,2008-03-24 08:00:00,-0.9,998.7,0.8,74,-4.9,25000,7.408,18.52,,180,,,0,,,,,,,,og-post,,,,AAXX 24084 07299 22775 71804 11009 21049 39653 49987 53008 81532 333 60005 81650 85361 86071 90710 91110=
07299,2008-03-24 09:00:00,0.5,999.1,1.4,64,-5.5,25000,7.408,11.112,,230,,,0,0,,,,,,,og-post,,,,AAXX 24094 07299 22775 72304 10005 21055 39659 49991 53014 8157/ 333 60007 81650 87357 90710 91106 555 60005=
07299,2008-03-24 10:00:00,0.8,999.5,1.5,72,-3.7,18000,14.816,35.188,,250,,,0,,,,,,,,og-post,,,,AAXX 24104 07299 22568 72508 10008 21037 39663 49995 51015 878// 333 60005 81826 83650 87650 90710 91119=
07299,2008-03-24 11:00:00,1.4,999.2,0.8,67,-4,18000,22.224,35.188,,230,,,0,,,,,,,,og-post,,,,AAXX 24114 07299 22568 72312 10014 21040 39661 49992 50008 878// 333 60005 81825 84628 87646 90710 91119=
07299,2008-03-24 12:00:00,0.9,999.4,0.2,83,-1.7,4300,14.816,35.188,,220,,,,,,,,,,,og-post,,,,AAXX 24124 07299 06/43 /2208 10009 21017 39662 49994 51002 69901 333 69907 90710 91119 555 69905=
07299,2008-03-24 13:00:00,2.2,998.9,-0.4,76,-1.6,14000,25.928,38.892,,240,,,,,,,,,,22,og-post,,,,AAXX 24134 07299 21564 72414 10022 21016 39659 49989 58004 72272 878// 333 69905 81823 84640 87358 90710 91121 93100=
07299,2008-03-24 14:00:00,2.4,998.8,-0.2,75,-1.6,16000,25.928,42.596,,250,,,0,,,,,,,,og-post,,,,AAXX 24144 07299 22466 72514 10024 21016 39658 49988 58002 878// 333 60005 81816 85618 87650 90710 91123 93100=
07299,2008-03-24 15:00:00,3.3,999.1,-0,70,-1.6,18000,29.632,46.3,,250,,,0,,,,,,,1,og-post,,,,AAXX 24154 07299 21468 72516 10033 21016 39662 49991 55000 70172 8683/ 333 69907 81816 83823 85646 90710 91125 93100 555 60005=
07299,2008-03-24 16:00:00,1.8,999.9,0.9,84,-0.6,3500,22.224,42.596,,250,,,,,,,,,,85,og-post,,,,AAXX 24164 07299 21435 72512 10018 21006 39668 49999 53009 78587 878// 333 69905 81815 85820 87636 90710 91123 93100=
07299,2008-03-24 17:00:00,1.5,1000.2,1.2,81,-1.4,18000,14.816,31.484,,240,,,,,,,,,,26,og-post,,,,AAXX 24174 07299 21468 72408 10015 21014 39671 40002 51012 72687 878// 333 69905 83814 86818 87635 90710 91117 93100=
07299,2008-03-24 18:00:00,1.1,1000.5,1.1,77,-2.5,16000,18.52,31.484,,260,-4.4,3.7,0,,,,,,,1,og-post,,,,AAXX 24184 07299 01466 72610 10011 21025 39673 40005 51011 69902 70187 8587/ 333 10037 21044 69907 81815 83820 85646 90710 91117 93100 555 60005=
07299,2008-03-24 19:00:00,0.9,1001,0.9,81,-2,18000,14.816,31.484,,250,,,0,,,,,,,,og-post,,,,AAXX 24194 07299 22468 72508 10009 21020 39678 40010 53009 8587/ 333 60005 81816 83646 87358 90710 91117 93100=
07299,2008-03-24 20:00:00,0.5,1001,0.6,84,-1.9,8000,7.408,25.928,,220,,,,,,,,,,70,og-post,,,,AAXX 24204 07299 21458 82204 10005 21019 39677 40010 50006 77072 878// 333 69905 81816 84634 87656 90710 91114 93100=
07299,2008-03-24 21:00:00,0.5,1000.6,-0.1,87,-1.4,15000,7.408,11.112,,270,,,0.2,0.2,,,,,,22,og-post,,,,AAXX 24214 07299 21465 82704 10005 21014 39673 40006 58001 72272 878// 333 69927 81815 85620 87656 90710 91106 93100 555 69925=
07299,2008-03-24 22:00:00,1,1000.1,-0.9,87,-0.9,3000,14.816,25.928,,250,,,,,,,,,,71,og-post,,,,AAXX 24224 07299 21430 82508 10010 21009 39669 40001 58009 77172 878// 333 69905 81815 83621 87636 90710 91114 93100=
07299,2008-03-24 23:00:00,0.3,1000,-1.1,93,-0.7,1100,7.408,22.224,,320,,,0.4,,,,,,,73,og-post,,,,AAXX 24234 07299 21211 83204 10003 21007 39667 40000 56011 77377 878// 333 69945 83806 87613 90710 91112 93101=
07299,2008-03-25 00:00:00,0,999.6,-0.9,94,-0.8,2500,7.408,18.52,,260,,,1,2,2,,,,,73,og-post,,2,,AAXX 25004 07299 01225 82604 10000 21008 39663 49996 57009 60021 77372 878// 333 42002 60027 81806 84615 87625 90710 91110 93102 555 60015=
07299,2008-03-25 01:00:00,-0.3,999.6,-0.5,93,-1.3,16000,3.704,18.52,,280,,,0.2,,,,,,,,og-post,,,,AAXX 25014 07299 26/66 /2802 11003 21013 39663 49996 55005 333 69925 90710 91110=
07299,2008-03-25 02:00:00,-0.1,1000.6,0.7,92,-1.2,20000,22.224,31.484,,280,,,,,,,,,,,og-post,,,,AAXX 25024 07299 26/70 /2812 11001 21012 39673 40006 53007 333 69905 90710 91117=
07299,2008-03-25 03:00:00,-0.4,1002,2.4,91,-1.7,18000,14.816,29.632,,260,,,,0.2,,,,,,0,og-post,,0,,AAXX 25034 07299 21468 82608 11004 21017 39686 40020 53024 70072 878// 333 42000 69927 81815 87633 90710 91116 93100 555 69905=
07299,2008-03-25 04:00:00,-1.2,1003.5,3.5,85,-3.4,20000,18.52,29.632,,260,,,0,,,,,,,,og-post,,,,AAXX 25044 07299 22470 72610 11012 21034 39699 40035 53035 8585/ 333 60005 81815 85636 85359 90710 91116 93100=
07299,2008-03-25 05:00:00,-0.9,1004.5,3.6,85,-3.1,20000,22.224,31.484,,250,,,0,,,,,,,,og-post,,,,AAXX 25054 07299 22470 52512 11009 21031 39709 40045 51036 8385/ 333 60005 81816 83636 90710 91117 93100=
07299,2008-03-25 06:00:00,-1.1,1005.6,3.3,86,-3.1,20000,14.816,31.484,,270,-1.3,1.1,0,0,,2,2,2.6,-3,2,og-post,,2,,AAXX 25064 07299 01470 62708 11011 21031 39720 40056 51033 60022 70272 83850 333 10011 21013 3/103 42002 55026 60007 70020 81819 83636 90710 91117 93100 555 60005=
07299,2008-03-25 07:00:00,0,1006.1,2.7,84,-2.4,7000,29.632,38.892,,260,,,,,,,,,,22,og-post,,,,AAXX 25074 07299 21457 62616 10000 21024 39726 40061 51027 72272 82830 333 69905 81816 84359 90710 91121 93100=
07299,2008-03-25 08:00:00,0.6,1006.9,2.5,81,-2.3,10000,31.484,46.3,,260,,,0,,,,,,,22,og-post,,,,AAXX 25084 07299 21460 62617 10006 21023 39734 40069 51025 72222 83930 333 60005 81816 82923 84361 90710 91125 93100=
07299,2008-03-25 09:00:00,2,1007.8,2.4,77,-1.6,12000,31.484,53.708,53.708,270,,,0,,,,,,,16,og-post,,2,,AAXX 25094 07299 21562 62717 10020 21016 39745 40078 53024 71672 83930 333 42002 69907 81820 81923 83361 91029 90710 91129 93100 555 60005=
07299,2008-03-25 10:00:00,2.6,1008.4,2.6,73,-1.7,12000,35.188,57.412,53.708,260,,,0,,,,,,,16,og-post,,,,AAXX 25104 07299 21562 62619 10026 21017 39751 40084 53026 71622 83963 333 60005 82824 81926 83358 91029 90710 91131 93100=
07299,2008-03-25 11:00:00,3.3,1009.1,2.3,65,-2.6,12000,29.632,50.004,50.004,260,,,0,,,,,,,16,og-post,,,,AAXX 25114 07299 21562 62616 10033 21026 39759 40091 51023 71622 84963 333 60005 83826 82930 83360 91027 90710 91127 93100=
07299,2008-03-25 12:00:00,4.1,1009.2,1.6,68,-1.3,11000,25.928,50.004,,260,,,,,,,,,,26,og-post,,,,AAXX 25124 07299 01561 62614 10041 21013 39761 40092 51016 69901 72687 84963 333 69907 83830 81933 84360 90710 91127 93100 555 69905=
07299,2008-03-25 13:00:00,3.8,1009.4,0.9,69,-1.4,10000,29.632,50.004,,270,,,,,,,,,,26,og-post,,,,AAXX 25134 07299 21560 62716 10038 21014 39762 40094 51009 72687 8496/ 333 69905 83825 81933 83646 90710 91127 93100=
07299,2008-03-25 14:00:00,2.7,1009.8,0.7,69,-2.4,6000,29.632,46.3,,280,,,,,,,,,,85,og-post,,,,AAXX 25144 07299 21556 72816 10027 21024 39765 40098 53007 78587 8596/ 333 69905 83830 82935 83644 85358 90710 91125 93100=
07299,2008-03-25 15:00:00,2.3,1010.2,0.7,77,-1.3,8000,22.224,42.596,,260,,,,,,,,,,85,og-post,,,,AAXX 25154 07299 21658 72612 10023 21013 39768 40102 53007 78587 8596/ 333 69907 83833 81936 85650 87358 90710 91123 93100 555 69905=
07299,2008-03-25 16:00:00,1.5,1010.5,0.9,80,-1.6,8000,14.816,31.484,,230,,,,,,,,,,26,og-post,,,,AAXX 25164 07299 21558 72308 10015 21016 39770 40105 51009 72687 879// 333 69905 82821 83833 81936 85650 90710 91117 93100=
07299,2008-03-25 17:00:00,2.6,1010.2,0.4,69,-2.5,12000,18.52,29.632,,240,,,0,,,,,,,,og-post,,,,AAXX 25174 07299 22562 72410 10026 21025 39769 40102 50004 8496/ 333 60005 81821 81936 85358 90710 91116 93100=
07299,2008-03-25 18:00:00,1.9,1010.5,0.3,69,-3.2,15000,11.112,29.632,,240,-0.9,4.3,0,,,,,,,1,og-post,,,,AAXX 25184 07299 01565 72406 10019 21032 39771 40105 52003 69902 70187 8325/ 333 10043 21009 69907 81821 85357 85360 90710 91116 93100 555 60005=
07299,2008-03-25 19:00:00,1.7,1010.6,0.1,75,-2.2,15000,14.816,22.224,,260,,,0,,,,,,,,og-post,,,,AAXX 25194 07299 22665 72608 10017 21022 39771 40106 53001 8223/ 333 60005 82833 86359 90710 91112 93100=
07299,2008-03-25 20:00:00,1.9,1010.6,0.3,83,-0.7,12000,18.52,35.188,,250,,,,,,,,,,71,og-post,,,,AAXX 25204 07299 21562 72510 10019 21007 39772 40106 51003 77172 878// 333 69905 82831 87640 90710 91119 93100=
07299,2008-03-25 21:00:00,1.6,1010.8,0.2,90,0.1,4500,14.816,35.188,,280,,,0.2,0.2,,,,,,71,og-post,,,,AAXX 25214 07299 21545 72808 10016 20001 39773 40108 53002 77172 878// 333 69927 84823 87635 90710 91119 93100 555 69925=
07299,2008-03-25 22:00:00,1.7,1010.5,0,91,0.4,10000,11.112,29.632,,260,,,0.2,,,,,,,71,og-post,,,,AAXX 25224 07299 21460 72606 10017 20004 39771 40105 50000 77177 878// 333 69925 82810 83620 87640 90710 91116 93100=
07299,2008-03-25 23:00:00,1.8,1010.4,-0.2,91,0.5,10000,7.408,29.632,,270,,,0.2,,,,,,,22,og-post,,,,AAXX 25234 07299 21460 72704 10018 20005 39770 40104 58002 72272 878// 333 69925 84810 86623 90710 91116 93100=
07299,2008-03-26 00:00:00,1.7,1010.1,-0.6,91,0.4,10000,7.408,25.928,,250,,,0.2,0.6,0.8,,,,,1,og-post,,,,AAXX 26004 07299 01460 72504 10017 20004 39767 40101 58006 69981 70172 878// 333 69967 81810 84623 87633 90710 91114 93100 555 69925=
07299,2008-03-26 01:00:00,2.4,1009.6,-0.8,88,0.6,20000,11.112,18.52,,250,,,0,,,,,,,,og-post,,,,AAXX 26014 07299 26/70 /2506 10024 20006 39763 40096 58008 333 60005 90710 91110=
07299,2008-03-26 02:00:00,2.8,1009.3,-0.9,86,0.7,20000,18.52,29.632,,260,,,0,,,,,,,,og-post,,,,AAXX 26024 07299 26/70 /2610 10028 20007 39760 40093 56009 333 60005 90710 91116=
07299,2008-03-26 03:00:00,2.4,1009.2,-0.8,89,0.8,12000,7.408,29.632,,300,,,,,,,,,,61,og-post,,,,AAXX 26034 07299 21562 73004 10024 20008 39759 40092 56008 76162 878// 333 69907 85823 87633 90710 91116 93100 555 69905=
07299,2008-03-26 04:00:00,1.8,1009.2,-0.6,92,0.6,12000,7.408,14.816,,330,,,0.2,,,,,,,61,og-post,,,,AAXX 26044 07299 21562 73304 10018 20006 39758 40092 57006 76166 878// 333 69925 83825 87646 90710 91108 93100=
07299,2008-03-26 05:00:00,1.7,1008.6,-0.9,94,0.8,10000,7.408,14.816,,80,,,,,,,,,,61,og-post,,,,AAXX 26054 07299 21360 70804 10017 20008 39752 40086 58009 76166 878// 333 69905 83809 87636 90710 91108 93100=
07299,2008-03-26 06:00:00,2,1008.1,-1,94,1.1,9000,11.112,14.816,,90,1.1,2.9,,0.2,,1,1,5.3,1,21,og-post,,,,AAXX 26064 07299 01459 70906 10020 20011 39748 40081 58010 60012 72162 878// 333 10029 20011 32001 55053 69927 70010 81810 87629 90710 91108 93100 555 69905=
07299,2008-03-26 07:00:00,2.7,1007.7,-1.2,92,1.5,8000,3.704,11.112,,90,,,0,,,,,,,,og-post,,,,AAXX 26074 07299 22458 70902 10027 20015 39745 40077 56012 878// 333 60005 81813 87632 90710 91106 93100=
07299,2008-03-26 08:00:00,3.5,1007.3,-1,90,2,10000,7.408,11.112,,100,,,0,,,,,,,,og-post,,,,AAXX 26084 07299 22560 71004 10035 20020 39742 40073 56010 878// 333 60005 81828 87640 90710 91106 93100=
07299,2008-03-26 09:00:00,4,1006.7,-1.1,88,2.2,10000,11.112,14.816,,130,,,0.2,0.2,,,,,,,og-post,,,,AAXX 26094 07299 22460 71306 10040 20022 39737 40067 58011 878// 333 69927 81815 87636 90710 91108 93100 555 69925=
07299,2008-03-26 10:00:00,3.9,1006.3,-1.3,90,2.4,10000,7.408,14.816,,120,,,0.4,,,,,,,21,og-post,,,,AAXX 26104 07299 21560 71204 10039 20024 39733 40063 58013 72162 878// 333 69945 82820 87635 90710 91108 93100=
07299,2008-03-26 11:00:00,4.1,1005.9,-1.3,88,2.3,10000,7.408,14.816,,110,,,0.2,,,,,,,60,og-post,,,,AAXX 26114 07299 21460 71104 10041 20023 39729 40059 56013 76062 878// 333 69925 81812 87636 90710 91108 93100=
07299,2008-03-26 12:00:00,5.9,1004.7,-1.7,82,3.1,10000,7.408,14.816,,120,,,,0.6,0.8,,,,,21,og-post,,,,AAXX 26124 07299 01460 71204 10059 20031 39720 40047 58017 69981 72162 8587/ 333 69967 81815 85636 87359 90710 91108 93100 555 69905=
07299,2008-03-26 13:00:00,8.3,1003.5,-2.1,72,3.6,12000,3.704,14.816,,90,,,0,,,,,,,,og-post,,,,AAXX 26134 07299 22562 70902 10083 20036 39711 40035 58021 8487/ 333 60005 81826 84650 87360 90710 91108 93100=
07299,2008-03-26 14:00:00,8.6,1002.9,-2.4,70,3.4,15000,3.704,11.112,,100,,,0,,,,,,,,og-post,,,,AAXX 26144 07299 22565 71002 10086 20034 39705 40029 56024 8487/ 333 60005 83825 87360 90710 91106 93100=
07299,2008-03-26 15:00:00,9.3,1002.2,-2.2,64,2.9,20000,3.704,11.112,,110,,,0,0,,,,,,,og-post,,,,AAXX 26154 07299 22570 71102 10093 20029 39699 40022 56022 8383/ 333 60007 82830 87360 90710 91106 93100 555 60005=
07299,2008-03-26 16:00:00,9.2,1001.7,-1.7,64,2.8,20000,7.408,14.816,,100,,,0,,,,,,,,og-post,,,,AAXX 26164 07299 22570 71004 10092 20028 39694 40017 56017 8383/ 333 60005 81830 83640 87360 90710 91108 93100=
07299,2008-03-26 17:00:00,8.7,1001.5,-1.3,67,2.9,20000,7.408,11.112,,120,,,0,,,,,,,,og-post,,,,AAXX 26174 07299 22570 71204 10087 20029 39692 40015 56013 8383/ 333 60005 81830 83645 87360 90710 91106 93100=
07299,2008-03-26 18:00:00,7.5,1001.6,-0.7,73,3,20000,7.408,14.816,,130,2.1,9.7,0,0,,0.8,,,,,og-post,,,,AAXX 26184 07299 02670 71304 10075 20030 39691 40016 56007 69982 8257/ 333 10097 20021 60007 82645 87360 90710 91108 93100 555 60005=
07299,2008-03-26 19:00:00,6.6,1001.6,-0.4,79,3.2,15000,3.704,11.112,,130,,,0,,,,,,,,og-post,,,,AAXX 26194 07299 22665 71302 10066 20032 39690 40016 56004 8257/ 333 60005 82645 87358 90710 91106 93100=
07299,2008-03-26 20:00:00,5.9,1001.4,-0.4,81,2.9,15000,7.408,11.112,,140,,,0,,,,,,,,og-post,,,,AAXX 26204 07299 22665 71404 10059 20029 39688 40014 58004 8257/ 333 60005 82645 87359 90710 91106 93100=
07299,2008-03-26 21:00:00,6.2,1001,-0.7,78,2.7,15000,7.408,18.52,,120,,,0,0,,,,,,,og-post,,,,AAXX 26214 07299 22665 71204 10062 20027 39684 40010 58007 8257/ 333 60007 82645 87358 90710 91110 93100 555 60005=
07299,2008-03-26 22:00:00,5.5,1001,-0.7,81,2.5,15000,3.704,14.816,,100,,,0,,,,,,,,og-post,,,,AAXX 26224 07299 22665 71002 10055 20025 39683 40010 56007 8257/ 333 60005 82645 87358 90710 91108 93100=
07299,2008-03-26 23:00:00,4.3,1000.8,-0.8,84,1.8,15000,7.408,14.816,,140,,,0,,,,,,,,og-post,,,,AAXX 26234 07299 22665 71404 10043 20018 39680 40008 56008 82532 333 60005 81640 84358 87073 90710 91108 93100=
07299,2008-03-27 00:00:00,4,1000.7,-0.5,87,2,12000,11.112,14.816,,170,,,0,0,,,,,,,og-post,,,,AAXX 27004 07299 02562 71706 10040 20020 39679 40007 57005 60001 8583/ 333 60007 81830 85650 87358 90710 91108 93100 555 60005=
07299,2008-03-27 01:00:00,3.7,1000.8,-0.4,88,1.9,10000,11.112,11.112,,150,,,0,,,,,,,,og-post,,,,AAXX 27014 07299 26/60 /1506 10037 20019 39679 40008 56004 333 60005 90710 91106=
07299,2008-03-27 02:00:00,3.9,1000.3,-0.5,88,2.1,10000,7.408,14.816,,170,,,0,,,,,,,,og-post,,,,AAXX 27024 07299 26/60 /1704 10039 20021 39675 40003 58005 333 60005 90710 91108=
07299,2008-03-27 03:00:00,4.1,1000.3,-0.4,88,2.3,10000,11.112,14.816,,170,,,,,,,,,,60,og-post,,,,AAXX 27034 07299 21560 71706 10041 20023 39675 40003 57004 76062 878// 333 69907 82830 87643 90710 91108 93100 555 69905=
07299,2008-03-27 04:00:00,3.8,1001.2,0.4,92,2.6,6000,3.704,14.816,,130,,,0.8,,,,,,,61,og-post,,,,AAXX 27044 07299 21556 71302 10038 20026 39683 40012 53004 76166 878// 333 69985 82820 87628 90710 91108 93100=
07299,2008-03-27 05:00:00,4.5,1001.2,0.9,86,2.4,12000,7.408,22.224,,250,,,0.2,,,,,,,21,og-post,,,,AAXX 27054 07299 21562 72504 10045 20024 39684 40012 53009 72162 878// 333 69925 82825 85644 87656 90710 91112 93100=
07299,2008-03-27 06:00:00,4.1,1001.7,1.3,92,2.9,8000,3.704,11.112,,120,3.7,7.3,0,1,,1,1.8,0.6,2,3,og-post,,,,AAXX 27064 07299 01558 81202 10041 20029 39688 40017 51013 60012 70362 878// 333 10073 20037 32002 55006 60017 70018 81825 84836 87648 90710 91106 93100 555 60005=
07299,2008-03-27 07:00:00,4.7,1001.8,0.7,92,3.5,8000,3.704,11.112,,110,,,0,,,,,,,,og-post,,,,AAXX 27074 07299 22558 81102 10047 20035 39690 40018 53007 878// 333 60005 81825 84832 87650 90710 91106 93100=
07299,2008-03-27 08:00:00,5.4,1002,0.8,80,2.2,12000,25.928,38.892,,240,,,0.2,,,,,,,80,og-post,,,,AAXX 27084 07299 21562 82414 10054 20022 39693 40020 51008 78086 878// 333 69925 86830 86633 87656 90710 91121 93100=
07299,2008-03-27 09:00:00,6.6,1002,0.6,75,2.5,25000,14.816,29.632,,230,,,,0.2,,,,,,25,og-post,,,,AAXX 27094 07299 21575 82308 10066 20025 39694 40020 51006 72586 878// 333 69927 83825 86833 87650 90710 91116 93100 555 69905=
07299,2008-03-27 10:00:00,7,1002.1,0.6,67,1.3,25000,22.224,38.892,,240,,,0,,,,,,,,og-post,,,,AAXX 27104 07299 22575 82412 10070 20013 39696 40021 51006 878// 333 60005 82825 86836 87646 90710 91121 93100=
07299,2008-03-27 11:00:00,8.6,1001.6,-0.1,64,2.2,25000,25.928,42.596,,250,,,0,,,,,,,,og-post,,,,AAXX 27114 07299 22575 82514 10086 20022 39693 40016 58001 878// 333 60005 82830 85836 87650 90710 91123 93100=
07299,2008-03-27 12:00:00,9.5,1001.8,0.1,56,1.2,35000,25.928,42.596,,230,,,0,0,0.2,,,,,3,og-post,,,,AAXX 27124 07299 01681 72314 10095 20012 39695 40018 53001 69921 70386 86801 333 60007 83833 85640 90710 91123 93100 555 60005=
07299,2008-03-27 13:00:00,9.6,1001.7,-0,50,-0.3,35000,29.632,42.596,,240,,,0,,,,,,,,og-post,,,,AAXX 27134 07299 22681 72416 10096 21003 39695 40017 55000 878// 333 60005 83833 87648 90710 91123 93100=
07299,2008-03-27 14:00:00,8.7,1002.6,1,57,0.7,20000,29.632,46.3,,260,,,0,,,,,,,,og-post,,,,AAXX 27144 07299 22670 72616 10087 20007 39702 40026 53010 878// 333 60005 83833 85650 87656 90710 91125 93100=
07299,2008-03-27 15:00:00,7.4,1003.5,1.5,69,2.1,20000,22.224,42.596,,280,,,0,0,,,,,,,og-post,,,,AAXX 27154 07299 22670 72812 10074 20021 39710 40035 53015 878// 333 60007 83833 84640 87650 90710 91123 93100 555 60005=
07299,2008-03-27 16:00:00,7.6,1004.2,2.1,70,2.5,20000,18.52,38.892,,290,,,0,,,,,,,,og-post,,,,AAXX 27164 07299 22670 72910 10076 20025 39717 40042 52021 8483/ 333 60005 82843 83650 86359 90710 91121 93100=
07299,2008-03-27 17:00:00,5.9,1005.1,2.1,72,1.2,40000,11.112,35.188,,270,,,0,,,,,,,,og-post,,,,AAXX 27174 07299 22682 52706 10059 20012 39723 40051 51021 83830 333 60005 81843 83657 90710 91119 93100=
07299,2008-03-27 18:00:00,4.4,1006,1.9,75,0.4,40000,,14.816,,,4.1,10.2,0,0,,0.2,,,,,og-post,,,,AAXX 27184 07299 02782 30000 10044 20004 39730 40060 53019 69922 81531 333 10102 20041 60007 81650 90710 91108 93100 555 60005=
07299,2008-03-27 19:00:00,2.7,1006.9,2,86,0.6,40000,3.704,3.704,,150,,,0,,,,,,,,og-post,,,,AAXX 27194 07299 22782 51502 10027 20006 39737 40069 52020 81530 333 60005 85650 90710 91102 93100=
07299,2008-03-27 20:00:00,2,1007.7,2.1,88,0.2,20000,3.704,3.704,,150,,,0,,,,,,,,og-post,,,,AAXX 27204 07299 22770 31502 10020 20002 39744 40077 51021 83500 333 60005 83650 90710 91102 93100=
07299,2008-03-27 21:00:00,-0.1,1008.7,2,91,-1.4,15000,,7.408,,,,,0,0,,,,,,,og-post,,,,AAXX 27214 07299 22765 30000 11001 21014 39751 40087 53020 83500 333 60007 83650 90710 91104 93100 555 60005=
07299,2008-03-27 22:00:00,0.2,1009.4,2.1,93,-0.8,15000,3.704,11.112,,140,,,0,,,,,,,,og-post,,,,AAXX 27224 07299 22765 11402 10002 21008 39758 40094 52021 81500 333 60005 81650 90710 91106 93100=
07299,2008-03-27 23:00:00,-0.5,1010.2,2.1,93,-1.5,12000,7.408,11.112,,220,,,0,,,,,,,,og-post,,,,AAXX 27234 07299 22762 12204 11005 21015 39765 40102 52021 81500 333 60005 81650 90710 91106 93100=
07299,2008-03-28 00:00:00,-1.1,1011,2.1,92,-2.2,12000,7.408,11.112,,160,,,0,0,,,,,,,og-post,,,,AAXX 28004 07299 02762 11604 11011 21022 39772 40110 52021 60001 81500 333 60007 81650 90710 91106 93100 555 60005=
07299,2008-03-28 01:00:00,-1.2,1011.6,2,93,-2.2,11000,3.704,7.408,,160,,,0,,,,,,,,og-post,,,,AAXX 28014 07299 26/61 /1602 11012 21022 39778 40116 51020 333 60005 90710 91104=
07299,2008-03-28 02:00:00,-1.5,1012.1,1.7,93,-2.5,,7.408,11.112,,180,,,0,,,,,,,,og-post,,,,AAXX 28024 07299 22/// /1804 11015 21025 39782 40121 51017 333 60005 90710 91106=
07299,2008-03-28 03:00:00,-0.9,1012.4,1.4,94,-1.7,10000,11.112,11.112,,180,,,0,0,,,,,,,og-post,,,,AAXX 28034 07299 22960 01806 11009 21017 39786 40124 51014 333 60007 90710 91106 93100 555 60005=
07299,2008-03-28 04:00:00,-1.2,1013.1,1.4,93,-2.2,10000,7.408,11.112,,170,,,0,,,,,,,,og-post,,,,AAXX 28044 07299 22960 01704 11012 21022 39792 40131 53014 333 60005 90710 91106 93100=
07299,2008-03-28 05:00:00,-1.3,1013.6,1.5,93,-2.3,12000,7.408,14.816,,170,,,0,,,,,,,,og-post,,,,AAXX 28054 07299 22962 01704 11013 21023 39797 40136 52015 333 60005 90710 91108 93100=
07299,2008-03-28 06:00:00,-0.4,1014.2,1.8,93,-1.4,20000,11.112,14.816,,170,-2,4.3,0,0,,,0.2,3.6,-6,,og-post,,,,AAXX 28064 07299 02970 01706 11004 21014 39804 40142 52018 60002 333 10043 21020 30106 55036 60007 70002 90710 91108 93100 555 60005=
07299,2008-03-28 07:00:00,2,1014.2,1.4,88,0.2,30000,11.112,18.52,,170,,,0,,,,,,,,og-post,,,,AAXX 28074 07299 22980 01706 10020 20002 39807 40142 51014 333 60005 90710 91110 93100=
07299,2008-03-28 08:00:00,4.7,1014.1,1.2,75,0.7,30000,11.112,18.52,,130,,,0,,,,,,,,og-post,,,,AAXX 28084 07299 22480 21306 10047 20007 39809 40141 51012 81102 333 60005 81816 90710 91110 93100=
07299,2008-03-28 09:00:00,7.3,1014.1,0.8,61,0.3,40000,7.408,14.816,,160,,,0,0,,,,,,,og-post,,,,AAXX 28094 07299 22582 31604 10073 20003 39812 40141 52008 81102 333 60007 81825 83073 90710 91108 93100 555 60005=
07299,2008-03-28 10:00:00,9.7,1013.8,0.5,55,1.1,45000,3.704,11.112,,260,,,0,,,,,,,,og-post,,,,AAXX 28104 07299 22683 32602 10097 20011 39812 40138 51005 81102 333 60005 81836 83073 90710 91106 93100=
07299,2008-03-28 11:00:00,11,1013.3,-0.1,50,1,45000,3.704,11.112,,110,,,0,,,,,,,,og-post,,,,AAXX 28114 07299 22683 51102 10110 20010 39808 40133 58001 81104 333 60005 81843 85073 90710 91106 93100=
07299,2008-03-28 12:00:00,11.9,1012.5,-1,43,-0.3,45000,3.704,11.112,,170,,,0,0,,,,,,,og-post,,,,AAXX 28124 07299 02683 71702 10119 21003 39802 40125 58010 60001 81104 333 60007 81846 87073 90710 91106 93100 555 60005=
07299,2008-03-28 13:00:00,12.4,1011.6,-1.9,41,-0.5,45000,18.52,29.632,,160,,,0,,,,,,,,og-post,,,,AAXX 28134 07299 22783 41610 10124 21005 39793 40116 58019 81102 333 60005 81850 84073 90710 91116 93100=
07299,2008-03-28 14:00:00,13.6,1010.8,-2.1,38,-0.4,45000,11.112,25.928,,170,,,0,,,,,,,,og-post,,,,AAXX 28144 07299 22783 41706 10136 21004 39787 40108 57021 81102 333 60005 81850 84073 90710 91114 93100=
07299,2008-03-28 15:00:00,12.8,1010.4,-1.9,37,-1.5,45000,14.816,25.928,,200,,,0,0,,,,,,,og-post,,,,AAXX 28154 07299 22783 72008 10128 21015 39782 40104 56019 81152 333 60007 81856 85362 90710 91114 93100 555 60005=
07299,2008-03-28 16:00:00,12.4,1010.4,-1.1,31,-4.2,45000,18.52,29.632,,220,,,0,,,,,,,,og-post,,,,AAXX 28164 07299 22983 72210 10124 21042 39782 40104 56011 8707/ 333 60005 81361 87363 90710 91116 93100=
07299,2008-03-28 17:00:00,11.6,1011,-0,40,-1.5,45000,11.112,29.632,,200,,,0,,,,,,,,og-post,,,,AAXX 28174 07299 22883 72006 10116 21015 39787 40110 55000 8707/ 333 60005 86356 87463 90710 91116 93100=
07299,2008-03-28 18:00:00,11.1,1011.3,0.5,40,-2,45000,11.112,25.928,,180,-0.2,13.9,0,0,,,,,,,og-post,,,,AAXX 28184 07299 02783 71806 10111 21020 39789 40113 53005 60002 875// 333 10139 21002 60007 87656 90710 91114 93100 555 60005=
07299,2008-03-28 19:00:00,10.2,1011.4,0.7,47,-0.6,40000,7.408,14.816,,210,,,0,,,,,,,,og-post,,,,AAXX 28194 07299 22782 72104 10102 21006 39789 40114 51007 875// 333 60005 87650 90710 91108 93100=
07299,2008-03-28 20:00:00,9.5,1011.6,0.2,43,-2.4,20000,7.408,14.816,,160,,,0,,,,,,,,og-post,,,,AAXX 28204 07299 26/70 /1604 10095 21024 39790 40116 51002 333 60005 90710 91108=
07299,2008-03-28 21:00:00,9.6,1011.6,0.2,58,1.8,20000,11.112,18.52,,170,,,0,0,,,,,,,og-post,,,,AAXX 28214 07299 26/70 /1706 10096 20018 39790 40116 52002 333 60007 90710 91110 555 60005=
07299,2008-03-28 22:00:00,10.7,1012.5,1.2,69,5.3,20000,11.112,31.484,,250,,,0.2,,,,,,,,og-post,,,,AAXX 28224 07299 26/70 /2506 10107 20053 39801 40125 53012 333 69925 90710 91117=
07299,2008-03-28 23:00:00,10.4,1013.5,2.2,70,5.2,20000,18.52,42.596,,240,,,0,,,,,,,,og-post,,,,AAXX 28234 07299 26/70 /2410 10104 20052 39810 40135 53022 333 60005 90710 91123=
07299,2008-03-29 00:00:00,9.5,1015.8,4.3,74,5.1,20000,31.484,68.524,68.524,260,,,0,0.2,0.2,,,,,,og-post,,,,AAXX 29004 07299 06/70 /2617 10095 20051 39831 40158 53043 69921 333 69927 91037 90710 91137 555 60005=
07299,2008-03-29 01:00:00,7.7,1018,4.8,78,4.1,20000,11.112,68.524,,260,,,0.4,,,,,,,,og-post,,,,AAXX 29014 07299 26/70 /2606 10077 20041 39850 40180 53048 333 69945 90710 91137=
07299,2008-03-29 02:00:00,7.7,1019.3,5.2,74,3.4,20000,11.112,31.484,,260,,,0,,,,,,,,og-post,,,,AAXX 29024 07299 26/70 /2606 10077 20034 39863 40193 51052 333 60005 90710 91117=
07299,2008-03-29 03:00:00,7.5,1019.7,3.3,81,4.5,20000,11.112,22.224,,260,,,0,0.4,,,,,,,og-post,,,,AAXX 29034 07299 26/70 /2606 10075 20045 39867 40197 51033 333 69947 90710 91112 555 60005=
07299,2008-03-29 04:00:00,7.1,1020.5,2.4,83,4.4,20000,11.112,29.632,,230,,,0,,,,,,,,og-post,,,,AAXX 29044 07299 26/70 /2306 10071 20044 39874 40205 51024 333 60005 90710 91116=
07299,2008-03-29 05:00:00,6.3,1021.4,2,83,3.6,20000,7.408,14.816,,220,,,0,,,,,,,,og-post,,,,AAXX 29054 07299 26/70 /2204 10063 20036 39882 40214 53020 333 60005 90710 91108=
07299,2008-03-29 06:00:00,7.1,1022.4,2.4,80,3.9,20000,14.816,29.632,,240,6.2,11.1,0,0,,0.6,0.6,9,4,,og-post,,,,AAXX 29064 07299 06/70 /2408 10071 20039 39892 40224 53024 69962 333 10111 20062 3/004 55090 60007 70006 90710 91116 555 60005=
07299,2008-03-29 07:00:00,7.2,1022.9,2.2,77,3.4,20000,14.816,22.224,,220,,,0,,,,,,,,og-post,,,,AAXX 29074 07299 22470 52208 10072 20034 39897 40229 51022 83830 333 60005 81815 83624 90710 91112 93100=
07299,2008-03-29 08:00:00,8.8,1023.3,2.1,69,3.4,20000,14.816,25.928,,240,,,0,,,,,,,,og-post,,,,AAXX 29084 07299 22470 62408 10088 20034 39903 40233 51021 85830 333 60005 81815 85630 90710 91114 93100=
07299,2008-03-29 09:00:00,9.8,1023.5,1.4,65,3.5,20000,22.224,31.484,,240,,,0,0,,,,,,,og-post,,,,AAXX 29094 07299 22570 52412 10098 20035 39906 40235 51014 84830 333 60007 83826 90710 91117 93100 555 60005=
07299,2008-03-29 10:00:00,10.1,1023.5,0.8,57,2,20000,22.224,35.188,,250,,,0,,,,,,,,og-post,,,,AAXX 29104 07299 22570 42512 10101 20020 39906 40235 50008 83830 333 60005 83826 90710 91119 93100=
07299,2008-03-29 11:00:00,11.8,1023.1,0,49,1.4,20000,22.224,35.188,,240,,,0,,,,,,,,og-post,,,,AAXX 29114 07299 22670 32412 10118 20014 39904 40231 50000 83101 333 60005 82836 90710 91119 93100=
07299,2008-03-29 12:00:00,12.7,1022.6,-0.6,47,1.7,50000,18.52,31.484,,250,,,0,0,,,,,,,og-post,,,,AAXX 29124 07299 02684 22510 10127 20017 39900 40226 58006 60001 81101 333 60007 81840 90710 91117 93100 555 60005=
07299,2008-03-29 13:00:00,13.5,1021.3,-1.5,44,1.5,50000,14.816,29.632,,260,,,0,,,,,,,,og-post,,,,AAXX 29134 07299 22684 12608 10135 20015 39889 40213 58015 81101 333 60005 81843 90710 91116 93100=
07299,2008-03-29 14:00:00,14.4,1020.2,-2.5,38,0.3,50000,11.112,25.928,,250,,,0,,,,,,,,og-post,,,,AAXX 29144 07299 22784 12506 10144 20003 39879 40202 58025 81101 333 60005 81850 90710 91114 93100=
07299,2008-03-29 15:00:00,14.5,1019.6,-2.6,37,0,50000,7.408,22.224,,120,,,0,0,,,,,,,og-post,,,,AAXX 29154 07299 22/84 21204 10145 20000 39873 40196 56026 80001 333 60007 82075 90710 91112 93100 555 60005=
07299,2008-03-29 16:00:00,14.6,1018.6,-2.5,39,0.8,50000,7.408,18.52,,320,,,0,,,,,,,,og-post,,,,AAXX 29164 07299 22984 63204 10146 20008 39864 40186 56025 81031 333 60005 81365 86075 90710 91110 93100=
07299,2008-03-29 17:00:00,12.9,1018.5,-1.8,39,-0.7,50000,3.704,14.816,,10,,,0,,,,,,,,og-post,,,,AAXX 29174 07299 22/84 70102 10129 21007 39861 40185 56018 80001 333 60005 87075 90710 91108 93100=
07299,2008-03-29 18:00:00,11.3,1018.4,-1.5,50,1.3,50000,,11.112,,,7,15.2,0,0,,,,,,,og-post,,,,AAXX 29184 07299 02984 70000 10113 20013 39858 40184 56015 60002 81031 333 10152 20070 60007 81365 87075 90710 91106 93100 555 60005=
07299,2008-03-29 19:00:00,8.5,1018.6,-0.7,65,2.3,30000,7.408,7.408,,210,,,0,,,,,,,,og-post,,,,AAXX 29194 07299 22/80 32104 10085 20023 39857 40186 56007 80001 333 60005 83075 90710 91104 93100=
07299,2008-03-29 20:00:00,5.8,1018.8,-0.5,77,2.1,20000,7.408,11.112,,160,,,0,,,,,,,,og-post,,,,AAXX 29204 07299 22/70 21604 10058 20021 39856 40188 56005 80001 333 60005 82073 90710 91106 93100=
07299,2008-03-29 21:00:00,6.5,1018.4,-0.5,66,0.6,25000,11.112,14.816,,160,,,0,0,,,,,,,og-post,,,,AAXX 29214 07299 22/75 11606 10065 20006 39853 40184 58005 80001 333 60007 81073 90710 91108 93100 555 60005=
07299,2008-03-29 22:00:00,5.8,1018.3,-0.6,71,1,22000,11.112,14.816,,160,,,0,,,,,,,,og-post,,,,AAXX 29224 07299 22/72 11606 10058 20010 39851 40183 58006 80001 333 60005 81073 90710 91108 93100=
07299,2008-03-29 23:00:00,5.4,1017.6,-1.2,73,1,22000,11.112,18.52,,170,,,0,,,,,,,,og-post,,,,AAXX 29234 07299 22/72 11706 10054 20010 39844 40176 58012 80001 333 60005 81073 90710 91110 93100=
07299,2008-03-30 00:00:00,4.7,1017.3,-1.3,75,0.7,22000,7.408,14.816,,180,,,0,0,,,,,,,og-post,,,,AAXX 30004 07299 02/72 21804 10047 20007 39840 40173 58013 60001 80001 333 60007 82073 90710 91108 93100 555 60005=
07299,2008-03-30 01:00:00,4.5,1016.5,-1.9,76,0.6,20000,11.112,14.816,,170,,,0,,,,,,,,og-post,,,,AAXX 30014 07299 26/70 /1706 10045 20006 39832 40165 57019 333 60005 90710 91108=
07299,2008-03-30 02:00:00,5.2,1015.5,-2.1,73,0.8,20000,11.112,18.52,,170,,,0,,,,,,,,og-post,,,,AAXX 30024 07299 26/70 /1706 10052 20008 39823 40155 58021 333 60005 90710 91110=
07299,2008-03-30 03:00:00,5.9,1014.9,-2.2,69,0.7,20000,11.112,22.224,,160,,,0,0,,,,,,,og-post,,,,AAXX 30034 07299 22/70 71606 10059 20007 39818 40149 56022 80001 333 60007 87073 90710 91112 93100 555 60005=
07299,2008-03-30 04:00:00,5.6,1014.1,-2.2,71,0.8,22000,7.408,25.928,,170,,,0,,,,,,,,og-post,,,,AAXX 30044 07299 22/72 71704 10056 20008 39810 40141 56022 80001 333 60005 87073 90710 91114 93100=
07299,2008-03-30 05:00:00,5.5,1013.5,-1.8,69,0.3,30000,11.112,22.224,,150,,,0,,,,,,,,og-post,,,,AAXX 30054 07299 22/80 71506 10055 20003 39804 40135 56018 80001 333 60005 87073 90710 91112 93100=
07299,2008-03-30 06:00:00,5.5,1013.8,-1.1,72,0.9,40000,11.112,18.52,,160,3.8,10.7,0,0,,,0,8.2,1,,og-post,,,,AAXX 30064 07299 02/82 71606 10055 20009 39807 40138 55011 60002 80001 333 10107 20038 30001 55082 60007 70000 87073 90710 91110 93100 555 60005=
07299,2008-03-30 07:00:00,7.9,1012.9,-0.8,66,2,40000,7.408,29.632,,180,,,0,,,,,,,,og-post,,,,AAXX 30074 07299 22982 71804 10079 20020 39801 40129 56008 81031 333 60005 81364 87073 90710 91116 93100=
07299,2008-03-30 08:00:00,11.8,1011.9,-0.9,46,0.6,40000,11.112,29.632,,130,,,0,,,,,,,,og-post,,,,AAXX 30084 07299 22982 61306 10118 20006 39796 40119 58009 81032 333 60005 81364 86073 90710 91116 93100=
07299,2008-03-30 09:00:00,14.7,1011.4,-1.2,35,-0.6,40000,18.52,29.632,,110,,,0,0,,,,,,,og-post,,,,AAXX 30094 07299 22/82 41110 10147 21006 39794 40114 56012 80001 333 60007 84073 90710 91116 93100 555 60005=
07299,2008-03-30 10:00:00,16.3,1011,-1,33,0,40000,7.408,25.928,,90,,,0,,,,,,,,og-post,,,,AAXX 30104 07299 22/82 50904 10163 20000 39792 40110 56010 80001 333 60005 85073 90710 91114 93100=
07299,2008-03-30 11:00:00,17,1010.8,-0.5,32,0.2,40000,7.408,14.816,,150,,,0,,,,,,,,og-post,,,,AAXX 30114 07299 22/82 61504 10170 20002 39791 40108 56005 80001 333 60005 86073 90710 91108 93100=
07299,2008-03-30 12:00:00,18.2,1010,-1,27,-1.1,40000,7.408,18.52,,100,,,0,0,,,,,,,og-post,,,,AAXX 30124 07299 02982 71004 10182 21011 39784 40100 58010 60001 81032 333 60007 81360 87073 90710 91110 93100 555 60005=
07299,2008-03-30 13:00:00,19.5,1009,-1.6,27,0,40000,3.704,14.816,,190,,,0,,,,,,,,og-post,,,,AAXX 30134 07299 22982 71902 10195 20000 39776 40090 58016 81032 333 60005 81358 87073 90710 91108 93100=
07299,2008-03-30 14:00:00,20.1,1008,-2.4,25,-0.5,40000,7.408,18.52,,100,,,0,,,,,,,,og-post,,,,AAXX 30144 07299 22982 71004 10201 21005 39767 40080 58024 81032 333 60005 81363 87073 90710 91110 93100=
07299,2008-03-30 15:00:00,20.1,1007.4,-2.4,22,-2.3,40000,14.816,22.224,,140,,,0,0,,,,,,,og-post,,,,AAXX 30154 07299 22982 71408 10201 21023 39761 40074 57024 83032 333 60007 83363 87073 90710 91112 93100 555 60005=
07299,2008-03-30 16:00:00,20.2,1006.9,-2,23,-1.6,40000,11.112,22.224,,180,,,0,,,,,,,,og-post,,,,AAXX 30164 07299 22982 71806 10202 21016 39756 40069 56020 85032 333 60005 85361 87073 90710 91112 93100=
07299,2008-03-30 17:00:00,18.3,1007.2,-1.1,27,-1,30000,18.52,31.484,,200,,,0,,,,,,,,og-post,,,,AAXX 30174 07299 22980 72010 10183 21010 39757 40072 55011 86032 333 60005 86361 87073 90710 91117 93100=
07299,2008-03-30 18:00:00,16.2,1008.1,0.4,36,1.1,30000,11.112,22.224,,160,6,21.1,0,0,,,,,,,og-post,,,,AAXX 30184 07299 02980 71606 10162 20011 39764 40081 53004 60002 8707/ 333 10211 20060 60007 87361 90710 91112 93100 555 60005=
07299,2008-03-30 19:00:00,14.1,1009.1,1.5,48,3.3,30000,7.408,14.816,,170,,,0,,,,,,,,og-post,,,,AAXX 30194 07299 22780 71704 10141 20033 39771 40091 53015 8153/ 333 60005 81656 86361 90710 91108 93100=
07299,2008-03-30 20:00:00,12.2,1010.1,2.2,57,3.9,20000,7.408,14.816,,260,,,0,,,,,,,,og-post,,,,AAXX 30204 07299 22770 72604 10122 20039 39779 40101 53022 8153/ 333 60005 81656 87360 90710 91108 93100=
07299,2008-03-30 21:00:00,14.3,1010.6,2.2,50,4,20000,22.224,38.892,,260,,,0,0,,,,,,,og-post,,,,AAXX 30214 07299 22970 72612 10143 20040 39786 40106 52022 8703/ 333 60007 86360 90710 91121 93100 555 60005=
07299,2008-03-30 22:00:00,12.8,1012,2.8,64,6.2,20000,29.632,53.708,,250,,,0,,,,,,,,og-post,,,,AAXX 30224 07299 22670 72516 10128 20062 39798 40120 53028 8153/ 333 60005 81640 86360 90710 91129 93100=
07299,2008-03-30 23:00:00,10.3,1013.9,3.5,75,6.1,20000,25.928,50.004,,260,,,0,,,,,,,,og-post,,,,AAXX 30234 07299 22570 72614 10103 20061 39814 40139 53035 8283/ 333 60005 81824 87361 90710 91127 93100=
07299,2008-03-31 00:00:00,9.4,1015.1,3.8,79,5.9,20000,11.112,42.596,,260,,,0,0,,,,,,,og-post,,,,AAXX 31004 07299 02570 72606 10094 20059 39824 40151 51038 60001 878// 333 60007 82820 87626 90710 91123 93100 555 60005=
07299,2008-03-31 01:00:00,8.3,1015.4,3,79,4.9,20000,14.816,35.188,,290,,,0,,,,,,,,og-post,,,,AAXX 31014 07299 26/70 /2908 10083 20049 39826 40154 51030 333 60005 90710 91119=
07299,2008-03-31 02:00:00,7.6,1015.8,1.5,80,4.4,20000,14.816,25.928,,260,,,0,,,,,,,,og-post,,,,AAXX 31024 07299 26/70 /2608 10076 20044 39829 40158 51015 333 60005 90710 91114=
07299,2008-03-31 03:00:00,7.1,1016.2,0.8,83,4.4,20000,11.112,25.928,,250,,,0,0,,,,,,25,og-post,,,,AAXX 31034 07299 21570 72506 10071 20044 39832 40162 52008 72522 878// 333 60007 82821 87642 90710 91114 93100 555 60005=
07299,2008-03-31 04:00:00,6.6,1016.3,0.6,86,4.4,20000,7.408,14.816,,250,,,0.2,,,,,,,61,og-post,,,,AAXX 31044 07299 21570 72504 10066 20044 39833 40163 51006 76162 8487/ 333 69925 81821 84644 87357 90710 91108 93100=
07299,2008-03-31 05:00:00,6.3,1016.8,0.8,90,4.8,20000,3.704,11.112,,220,,,0.2,,,,,,,61,og-post,,,,AAXX 31054 07299 21570 72202 10063 20048 39837 40168 53008 76166 8387/ 333 69925 81820 83650 87358 90710 91106 93100=
07299,2008-03-31 06:00:00,6.2,1017.1,0.9,92,5,30000,3.704,3.704,,150,6.1,16.2,,0.4,,0.4,0.4,8.3,5,21,og-post,,,,AAXX 31064 07299 01480 71502 10062 20050 39840 40171 53009 69942 72186 8287/ 333 10162 20061 32005 55083 69947 70004 81815 87359 90710 91102 93100 555 69905=
07299,2008-03-31 07:00:00,7,1017.7,1.4,86,4.8,30000,,11.112,,,,,0.2,,,,,,,60,og-post,,,,AAXX 31074 07299 21480 70000 10070 20048 39847 40177 53014 76062 8587/ 333 69925 82815 83645 85650 90710 91106 93100=
07299,2008-03-31 08:00:00,7.9,1018,1.4,81,4.8,11000,3.704,11.112,,230,,,0.2,,,,,,,60,og-post,,,,AAXX 31084 07299 21461 72302 10079 20048 39851 40180 52014 76066 8587/ 333 69925 82815 83645 85650 90710 91106 93100=
07299,2008-03-31 09:00:00,8.9,1018.2,1.3,78,5.3,11000,7.408,18.52,,260,,,,0.4,,,,,,21,og-post,,,,AAXX 31094 07299 21561 72604 10089 20053 39854 40182 51013 72162 858// 333 69947 83821 85628 87650 90710 91110 93100 555 69905=
07299,2008-03-31 10:00:00,9.9,1018.2,0.9,72,5.1,15000,7.408,14.816,,260,,,0,,,,,,,,og-post,,,,AAXX 31104 07299 22565 72604 10099 20051 39855 40182 51009 8583/ 333 60005 81820 85833 87358 90710 91108 93100=
07299,2008-03-31 11:00:00,10.3,1018.5,0.7,71,5.3,15000,7.408,14.816,,300,,,0,,,,,,,,og-post,,,,AAXX 31114 07299 22565 73004 10103 20053 39858 40185 51007 858// 333 60005 82824 83829 87640 90710 91108 93100=
07299,2008-03-31 12:00:00,11.7,1018.3,0.3,62,4.7,20000,3.704,22.224,,340,,,0,0,0.4,,,,,1,og-post,,,,AAXX 31124 07299 01570 73402 10117 20047 39858 40183 51003 69941 70162 85232 333 60007 82830 85843 85360 90710 91112 93100 555 60005=
07299,2008-03-31 13:00:00,12.2,1018.5,0.3,59,4.4,20000,7.408,18.52,,250,,,0,,,,,,,,og-post,,,,AAXX 31134 07299 22670 72504 10122 20044 39860 40185 51003 84232 333 60005 84836 85359 87073 90710 91110 93100=
07299,2008-03-31 14:00:00,13.4,1018.3,0.2,52,3.8,30000,3.704,14.816,,50,,,0,,,,,,,,og-post,,,,AAXX 31144 07299 22680 70502 10134 20038 39860 40183 52002 84232 333 60005 84840 83359 87073 90710 91108 93100=
07299,2008-03-31 15:00:00,12.8,1018.4,0.2,51,2.9,30000,7.408,14.816,,310,,,0,0,,,,,,,og-post,,,,AAXX 31154 07299 22680 73104 10128 20029 39860 40184 51002 83232 333 60007 83840 83361 87073 90710 91108 93100 555 60005=
07299,2008-03-31 16:00:00,12.6,1018.9,0.5,54,3.5,30000,3.704,11.112,,260,,,0,,,,,,,,og-post,,,,AAXX 31164 07299 22680 72602 10126 20035 39865 40189 53005 84232 333 60005 82840 83650 87073 90710 91106 93100=
07299,2008-03-31 17:00:00,12,1019.4,0.9,56,3.5,30000,3.704,14.816,,290,,,0,,,,,,,,og-post,,,,AAXX 31174 07299 22680 72902 10120 20035 39869 40194 53009 85832 333 60005 83842 84650 85360 90710 91108 93100=
07299,2008-03-31 18:00:00,10.8,1020.4,1.7,68,5.1,30000,3.704,11.112,,360,6.2,13.9,0,0,,0.4,,,,,og-post,,,,AAXX 31184 07299 02680 73602 10108 20051 39877 40204 53017 69942 83432 333 10139 20062 60007 81836 83641 87073 90710 91106 93100 555 60005=
07299,2008-03-31 19:00:00,10.5,1021,1.8,64,4,30000,3.704,7.408,,30,,,0,,,,,,,,og-post,,,,AAXX 31194 07299 22680 70302 10105 20040 39883 40210 53018 874// 333 60005 81640 86650 90710 91104 93100=
07299,2008-03-31 20:00:00,10.2,1021.6,1.8,70,5,20000,3.704,11.112,,70,,,0,,,,,,,,og-post,,,,AAXX 31204 07299 22770 70702 10102 20050 39888 40216 51018 8353/ 333 60005 83656 85361 90710 91106 93100=
07299,2008-03-31 21:00:00,9.1,1022,1.4,74,4.7,20000,3.704,14.816,,90,,,0,0,,,,,,,og-post,,,,AAXX 31214 07299 22770 60902 10091 20047 39891 40220 51014 81531 333 60007 81656 83361 85075 90710 91108 93100 555 60005=
07299,2008-03-31 22:00:00,8.2,1022.8,1.3,80,5,20000,3.704,11.112,,140,,,0,,,,,,,,og-post,,,,AAXX 31224 07299 22770 71402 10082 20050 39897 40228 53013 8453/ 333 60005 81650 84657 90710 91106 93100=
07299,2008-03-31 23:00:00,7.6,1023,1.1,86,5.4,20000,3.704,3.704,,220,,,0,,,,,,,,og-post,,,,AAXX 31234 07299 22870 72202 10076 20054 39899 40230 51011 875// 333 60005 87657 90710 91102 93100=
07299,2008-04-01 00:00:00,7.3,1023.2,0.9,87,5.3,20000,3.704,7.408,,220,,,0,0,,,,,,,og-post,,,,AAXX 01004 07299 02870 72202 10073 20053 39900 40232 51009 60001 875// 333 60007 87657 90710 91104 93100 555 60005=
07299,2008-04-01 01:00:00,5.9,1023.4,0.4,90,4.4,20000,3.704,7.408,,310,,,0,,,,,,,,og-post,,,,AAXX 01014 07299 26/70 /3102 10059 20044 39901 40234 51004 333 60005 90710 91104=
07299,2008-04-01 02:00:00,5.5,1023.7,0.4,92,4.3,20000,3.704,7.408,,270,,,0,,,,,,,,og-post,,,,AAXX 01024 07299 26/70 /2702 10055 20043 39903 40237 53004 333 60005 90710 91104=
07299,2008-04-01 03:00:00,4.6,1023.9,0.4,93,3.6,14000,3.704,3.704,,250,,,0,0,,,,,,,og-post,,,,AAXX 01034 07299 22864 32502 10046 20036 39904 40239 52004 83800 333 60007 83657 90710 91102 93100 555 60005=
07299,2008-04-01 04:00:00,4,1024.4,0.7,94,3.1,14000,,3.704,,,,,0,,,,,,,,og-post,,,,AAXX 01044 07299 22864 70000 10040 20031 39908 40244 53007 875// 333 60005 87657 90710 91102 93100=
07299,2008-04-01 05:00:00,4.2,1024.8,1,95,3.5,14000,,3.704,,,,,0,,,,,,,,og-post,,,,AAXX 01054 07299 22864 70000 10042 20035 39912 40248 53010 8253/ 333 60005 82657 86358 90710 91102 93100=
07299,2008-04-01 06:00:00,4.1,1025.4,1.3,95,3.4,14000,,7.408,,,3.8,10.7,0,0,,,0.4,2,2,,og-post,,,,AAXX 01064 07299 02864 70000 10041 20034 39918 40254 53013 60002 8353/ 333 10107 20038 30002 55020 60007 70004 83657 86358 90710 91104 93100 555 60005=
07299,2008-04-01 07:00:00,6.4,1025.7,1.5,92,5.2,15000,3.704,7.408,,140,,,0,,,,,,,,og-post,,,,AAXX 01074 07299 22865 71402 10064 20052 39923 40257 52015 8153/ 333 60005 81656 86358 90710 91104 93100=
07299,2008-04-01 08:00:00,8.9,1025.4,1,78,5.3,25000,3.704,11.112,,190,,,0,,,,,,,,og-post,,,,AAXX 01084 07299 22575 61902 10089 20053 39923 40254 51010 81130 333 60005 81823 86358 90710 91106 93100=
07299,2008-04-01 09:00:00,10.3,1025.4,0.7,72,5.5,30000,3.704,11.112,,300,,,0,0,,,,,,,og-post,,,,AAXX 01094 07299 22580 63002 10103 20055 39925 40254 51007 82830 333 60007 81826 86358 90710 91106 93100 555 60005=
07299,2008-04-01 10:00:00,11.1,1025.3,0.3,69,5.6,30000,11.112,18.52,,310,,,0,,,,,,,,og-post,,,,AAXX 01104 07299 22580 63106 10111 20056 39925 40253 51003 82830 333 60005 81828 86358 90710 91110 93100=
07299,2008-04-01 11:00:00,13.9,1024.9,0.1,56,5.3,30000,3.704,14.816,,270,,,0,,,,,,,,og-post,,,,AAXX 01114 07299 22580 52702 10139 20053 39924 40249 50001 81831 333 60005 81830 83358 90710 91108 93100=
07299,2008-04-01 12:00:00,15.4,1024.3,-0.5,52,5.6,35000,7.408,18.52,,200,,,0,0,,,,,,,og-post,,,,AAXX 01124 07299 02681 42004 10154 20056 39920 40243 58005 60001 82831 333 60007 81840 90710 91110 93100 555 60005=
07299,2008-04-01 13:00:00,16.5,1023.9,-0.8,50,6.1,35000,7.408,22.224,,290,,,0,,,,,,,,og-post,,,,AAXX 01134 07299 22681 42904 10165 20061 39917 40239 58008 82831 333 60005 81840 90710 91112 93100=
07299,2008-04-01 14:00:00,16.3,1023.4,-1.1,45,4.4,35000,7.408,22.224,,300,,,0,,,,,,,,og-post,,,,AAXX 01144 07299 22681 63004 10163 20044 39912 40234 58011 83201 333 60005 83846 84075 90710 91112 93100=
07299,2008-04-01 15:00:00,16.2,1022.9,-1.3,45,4.3,35000,18.52,29.632,,230,,,0,0,,,,,,,og-post,,,,AAXX 01154 07299 22681 72310 10162 20043 39907 40229 58013 84202 333 60007 84846 87075 90710 91116 93100 555 60005=
07299,2008-04-01 16:00:00,15.3,1022.9,-1.1,48,4.4,35000,14.816,25.928,,260,,,0,,,,,,,,og-post,,,,AAXX 01164 07299 22781 72608 10153 20044 39906 40229 56011 82202 333 60005 82850 87075 90710 91114 93100=
07299,2008-04-01 17:00:00,14.4,1023.2,-0.4,50,4.1,35000,18.52,25.928,,260,,,0,,,,,,,,og-post,,,,AAXX 01174 07299 22781 72610 10144 20041 39908 40232 55004 81282 333 60005 81850 87073 90710 91114 93100=
07299,2008-04-01 18:00:00,12.4,1023.8,0.5,56,3.9,30000,11.112,22.224,,280,4.2,17.2,0,0,,,,,,,og-post,,,,AAXX 01184 07299 02980 72806 10124 20039 39912 40238 53005 60002 82032 333 10172 20042 60007 82360 87073 90710 91112 93100 555 60005=
07299,2008-04-01 19:00:00,11.9,1024.6,1.3,57,3.7,30000,14.816,22.224,,260,,,0,,,,,,,,og-post,,,,AAXX 01194 07299 22980 72608 10119 20037 39919 40246 53013 84032 333 60005 84359 87073 90710 91112 93100=
07299,2008-04-01 20:00:00,11.8,1025,1.5,58,3.8,30000,11.112,25.928,,240,,,0,,,,,,,,og-post,,,,AAXX 01204 07299 22880 72406 10118 20038 39923 40250 51015 8703/ 333 60005 87358 90710 91114 93100=
07299,2008-04-01 21:00:00,11.3,1025.3,1.3,62,4.3,30000,11.112,18.52,,230,,,0,0,,,,,,,og-post,,,,AAXX 01214 07299 22780 72306 10113 20043 39925 40253 51013 8553/ 333 60007 85650 87357 90710 91110 93100 555 60005=
07299,2008-04-01 22:00:00,11.4,1024.8,0,59,3.7,30000,22.224,35.188,,250,,,0,,,,,,,,og-post,,,,AAXX 01224 07299 22780 72512 10114 20037 39920 40248 50000 83532 333 60005 83656 85360 87073 90710 91119 93100=
07299,2008-04-01 23:00:00,10.1,1025.4,0.3,69,4.7,20000,14.816,31.484,,270,,,0,,,,,,,,og-post,,,,AAXX 01234 07299 22770 72708 10101 20047 39925 40254 53003 875// 333 60005 87650 90710 91117 93100=
07299,2008-04-02 00:00:00,10.5,1025.5,0.1,67,4.6,20000,18.52,25.928,,270,,,0,0,,,,,,,og-post,,,,AAXX 02004 07299 02670 72710 10105 20046 39926 40255 53001 60001 875// 333 60007 82646 87656 90710 91114 93100 555 60005=
07299,2008-04-02 01:00:00,10.5,1025.5,0.6,68,4.9,20000,14.816,29.632,,260,,,0,,,,,,,,og-post,,,,AAXX 02014 07299 26/70 /2608 10105 20049 39926 40255 50006 333 60005 90710 91116=
07299,2008-04-02 02:00:00,10.3,1025.1,-0.3,71,5.3,20000,14.816,31.484,,250,,,0,,,,,,,,og-post,,,,AAXX 02024 07299 26/70 /2508 10103 20053 39922 40251 58003 333 60005 90710 91117=
07299,2008-04-02 03:00:00,10.1,1024.3,-1.3,73,5.5,20000,14.816,29.632,,230,,,0,0,,,,,,,og-post,,,,AAXX 02034 07299 22670 72308 10101 20055 39914 40243 58013 875// 333 60007 83646 87650 90710 91116 93100 555 60005=
07299,2008-04-02 04:00:00,9.9,1024.3,-1.1,76,5.9,20000,18.52,29.632,,240,,,0,,,,,,,,og-post,,,,AAXX 02044 07299 22770 72410 10099 20059 39914 40243 56011 8353/ 333 60005 83650 87360 90710 91116 93100=
07299,2008-04-02 05:00:00,10,1024,-1.1,78,6.3,20000,18.52,35.188,,250,,,0,,,,,,,,og-post,,,,AAXX 02054 07299 22570 72510 10100 20063 39911 40240 56011 8587/ 333 60005 82822 85650 87360 90710 91119 93100=
07299,2008-04-02 06:00:00,9.9,1024.4,0.2,79,6.4,20000,14.816,35.188,,280,9.8,12.3,0,0,,,0,5.7,8,,og-post,,,,AAXX 02064 07299 02570 72808 10099 20064 39915 40244 53002 60002 8587/ 333 10123 20098 31008 55057 60007 70000 83820 85640 87360 90710 91119 93100 555 60005=
07299,2008-04-02 07:00:00,10,1024.7,0.5,75,5.8,22000,22.224,46.3,,270,,,0,,,,,,,,og-post,,,,AAXX 02074 07299 22572 72712 10100 20058 39918 40247 53005 878// 333 60005 82823 85638 87650 90710 91125 93100=
07299,2008-04-02 08:00:00,9.9,1024.3,0.4,74,5.5,23000,25.928,35.188,,250,,,0,,,,,,,,og-post,,,,AAXX 02084 07299 22573 82514 10099 20055 39914 40243 50004 8287/ 333 60005 81823 88459 90710 91119 93100=
07299,2008-04-02 09:00:00,10.2,1024,-0.5,70,5,22000,14.816,42.596,,260,,,0,0,,,,,,,og-post,,,,AAXX 02094 07299 22572 82608 10102 20050 39911 40240 58005 8187/ 333 60007 81823 88461 90710 91123 93100 555 60005=
07299,2008-04-02 10:00:00,10.2,1025.1,0.3,68,4.6,22000,25.928,38.892,,280,,,0,,,,,,,,og-post,,,,AAXX 02104 07299 22572 82814 10102 20046 39922 40251 53003 878// 333 60005 81826 87633 90710 91121 93100=
07299,2008-04-02 11:00:00,11.7,1024.3,0.1,66,5.6,22000,29.632,42.596,,270,,,0,,,,,,,,og-post,,,,AAXX 02114 07299 22672 82716 10117 20056 39916 40243 50001 8187/ 333 60005 81833 88466 90710 91123 93100=
07299,2008-04-02 12:00:00,12.6,1023.8,0,58,4.6,22000,29.632,50.004,,270,,,0,0,,,,,,,og-post,,,,AAXX 02124 07299 02572 82716 10126 20046 39912 40238 50000 60001 8187/ 333 60007 81831 88466 90710 91127 93100 555 60005=
07299,2008-04-02 13:00:00,12.7,1023.5,-1.2,58,4.7,25000,29.632,46.3,,260,,,0,,,,,,,,og-post,,,,AAXX 02134 07299 22675 82616 10127 20047 39909 40235 56012 81177 333 60005 81836 85366 88273 90710 91125 93100=
07299,2008-04-02 14:00:00,12.2,1023.2,-1,56,3.7,22000,25.928,50.004,,270,,,0,,,,,,,,og-post,,,,AAXX 02144 07299 22672 82714 10122 20037 39906 40232 56010 84838 333 60005 82843 83657 87073 90710 91127 93100=
07299,2008-04-02 15:00:00,11.7,1023.3,-0.6,54,2.7,25000,22.224,38.892,,280,,,0,0,,,,,,,og-post,,,,AAXX 02154 07299 22675 72812 10117 20027 39906 40233 56006 86801 333 60007 81841 86656 87073 90710 91121 93100 555 60005=
07299,2008-04-02 16:00:00,11.7,1023.1,-0.6,55,3,25000,22.224,38.892,,280,,,0,,,,,,,,og-post,,,,AAXX 02164 07299 22675 72812 10117 20030 39904 40231 56006 84831 333 60005 81841 84657 86073 90710 91121 93100=
07299,2008-04-02 17:00:00,11.1,1023.2,-0.2,56,2.7,23000,22.224,35.188,,280,,,0,,,,,,,,og-post,,,,AAXX 02174 07299 22673 72812 10111 20027 39904 40232 55002 878// 333 60005 81841 87658 90710 91119 93100=
07299,2008-04-02 18:00:00,10.7,1023.3,-0.1,55,2,20000,25.928,35.188,,280,9.8,13.2,0,0,,,,,,,og-post,,,,AAXX 02184 07299 02670 72814 10107 20020 39905 40233 56001 60002 878// 333 10132 20098 60007 81840 87658 90710 91119 93100 555 60005=
07299,2008-04-02 19:00:00,10.2,1023.6,0.4,60,2.8,18000,18.52,31.484,,270,,,0,,,,,,,,og-post,,,,AAXX 02194 07299 22668 72710 10102 20028 39907 40236 53004 878// 333 60005 81840 87656 90710 91117 93100=
07299,2008-04-02 20:00:00,9.4,1024,0.6,65,3.2,25000,18.52,29.632,,260,,,0,,,,,,,,og-post,,,,AAXX 02204 07299 22675 72610 10094 20032 39910 40240 53006 8583/ 333 60005 81840 84650 86359 90710 91116 93100=
07299,2008-04-02 21:00:00,9.3,1024.2,0.8,67,3.5,25000,18.52,29.632,,260,,,0,0,,,,,,,og-post,,,,AAXX 02214 07299 22675 72610 10093 20035 39912 40242 51008 8583/ 333 60007 81840 84650 87357 90710 91116 93100 555 60005=
07299,2008-04-02 22:00:00,9.1,1023.8,0.1,68,3.5,18000,22.224,31.484,,260,,,0,,,,,,,,og-post,,,,AAXX 02224 07299 22668 72612 10091 20035 39908 40238 50001 8583/ 333 60005 81843 84650 87358 90710 91117 93100=
07299,2008-04-02 23:00:00,8.6,1023.8,-0.3,74,4.2,18000,18.52,31.484,,260,,,0,,,,,,,,og-post,,,,AAXX 02234 07299 22668 72610 10086 20042 39908 40238 58003 8583/ 333 60005 81843 84650 87358 90710 91117 93100=
07299,2008-04-03 00:00:00,8.2,1023.5,-0.8,78,4.6,18000,18.52,31.484,,260,,,0,0,,,,,,,og-post,,,,AAXX 03004 07299 02668 72610 10082 20046 39904 40235 56008 60001 8583/ 333 60007 81843 84650 87358 90710 91117 93100 555 60005=
07299,2008-04-03 01:00:00,8.1,1023.3,-0.6,80,4.9,20000,18.52,31.484,,260,,,0,,,,,,,,og-post,,,,AAXX 03014 07299 26/70 /2610 10081 20049 39902 40233 58006 333 60005 90710 91117=
07299,2008-04-03 02:00:00,7.7,1023.1,-0.7,82,4.8,20000,18.52,29.632,,270,,,0,,,,,,,,og-post,,,,AAXX 03024 07299 26/70 /2710 10077 20048 39900 40231 56007 333 60005 90710 91116=
07299,2008-04-03 03:00:00,7.5,1023.3,-0.3,83,4.8,18000,18.52,29.632,,280,,,0,0,,,,,,,og-post,,,,AAXX 03034 07299 22568 72810 10075 20048 39901 40233 55003 878// 333 60007 83832 87646 90710 91116 93100 555 60005=
07299,2008-04-03 04:00:00,7.1,1023.1,-0.3,83,4.4,18000,14.816,29.632,,260,,,0,,,,,,,,og-post,,,,AAXX 03044 07299 22668 72608 10071 20044 39899 40231 56003 878// 333 60005 81833 87656 90710 91116 93100=
07299,2008-04-03 05:00:00,6.8,1023.7,0.3,82,3.9,18000,14.816,22.224,,270,,,,,,,,,,21,og-post,,,,AAXX 03054 07299 21668 62708 10068 20039 39904 40237 53003 72162 85830 333 69905 81833 85650 90710 91112 93100=
07299,2008-04-03 06:00:00,6.3,1023.4,0.1,86,4.1,18000,18.52,29.632,,250,6.1,10.7,0,,,,0,1.5,5,3,og-post,,,,AAXX 03064 07299 01668 72510 10063 20041 39901 40234 50001 69902 70362 8583/ 333 10107 20061 31005 55015 69907 79999 81833 85650 86357 90710 91116 93100 555 60005=
07299,2008-04-03 07:00:00,7.1,1023.9,0.8,84,4.6,18000,18.52,25.928,,260,,,0,,,,,,,15,og-post,,,,AAXX 03074 07299 21468 72610 10071 20046 39907 40239 53008 71522 878// 333 60005 81815 83840 87650 90710 91114 93100=
07299,2008-04-03 08:00:00,7.4,1024.3,0.8,84,4.9,14000,11.112,22.224,,300,,,,,,,,,,80,og-post,,,,AAXX 03084 07299 21464 83006 10074 20049 39911 40243 53008 78086 878// 333 69905 81810 83833 87640 90710 91112 93100=
07299,2008-04-03 09:00:00,8.6,1024.1,1,82,5.7,12000,11.112,29.632,,270,,,0.2,0.2,,,,,,25,og-post,,,,AAXX 03094 07299 21462 72706 10086 20057 39911 40241 51010 72586 878// 333 69927 81813 83640 86650 90710 91116 93100 555 69925=
07299,2008-04-03 10:00:00,8.6,1024.2,0.3,72,3.8,12000,18.52,25.928,,300,,,0,,,,,,,15,og-post,,,,AAXX 03104 07299 21462 73010 10086 20038 39911 40242 50003 71522 873// 333 60005 81815 82926 83840 85650 90710 91114 93100=
07299,2008-04-03 11:00:00,10,1024.4,0.4,57,1.9,15000,11.112,31.484,,360,,,,,,,,,,25,og-post,,,,AAXX 03114 07299 21465 33606 10100 20019 39915 40244 53004 72586 83800 333 69905 81816 90710 91117 93100=
07299,2008-04-03 12:00:00,10.7,1024.1,0.2,52,1.3,50000,14.816,31.484,,30,,,0,,0.2,,,,,3,og-post,,,,AAXX 03124 07299 01584 60308 10107 20013 39913 40241 50002 69921 70386 86300 333 69907 81820 81935 83840 90710 91117 93100 555 60005=
07299,2008-04-03 13:00:00,10.1,1024.2,0.2,54,1.2,50000,18.52,25.928,,20,,,0,,,,,,,,og-post,,,,AAXX 03134 07299 22584 70210 10101 20012 39913 40242 50002 87400 333 60005 81825 87650 90710 91114 93100=
07299,2008-04-03 14:00:00,9.9,1024.2,-0.1,57,1.8,50000,7.408,22.224,,340,,,0,,,,,,,,og-post,,,,AAXX 03144 07299 22584 73404 10099 20018 39913 40242 57001 874// 333 60005 81830 87648 90710 91112 93100=
07299,2008-04-03 15:00:00,10.2,1024.4,-0,53,1.1,45000,14.816,22.224,,30,,,0,0,,,,,,15,og-post,,,,AAXX 03154 07299 21583 70308 10102 20011 39915 40244 55000 71522 874// 333 60007 81830 84645 87650 90710 91112 93100 555 60005=
07299,2008-04-03 16:00:00,9.6,1024.6,0.3,59,2,35000,11.112,29.632,,20,,,,,,,,,,25,og-post,,,,AAXX 03164 07299 21581 70206 10096 20020 39916 40246 53003 72586 874// 333 69905 81830 83645 87650 90710 91116 93100=
07299,2008-04-03 17:00:00,9.4,1024.9,0.6,59,1.8,40000,11.112,22.224,,340,,,0,,,,,,,,og-post,,,,AAXX 03174 07299 22582 73406 10094 20018 39919 40249 53006 8548/ 333 60005 81830 84646 87359 90710 91112 93100=
07299,2008-04-03 18:00:00,7.7,1026,1.5,77,3.9,15000,18.52,31.484,,10,6.4,11.3,,,,0.2,,,,80,og-post,,,,AAXX 03184 07299 01565 70110 10077 20039 39928 40260 53015 69922 78086 874// 333 10113 20064 69907 81825 87640 90710 91117 93100 555 69905=
07299,2008-04-03 19:00:00,6.5,1026.8,1.8,85,4.2,16000,3.704,22.224,,270,,,0.2,,,,,,,80,og-post,,,,AAXX 03194 07299 21566 72702 10065 20042 39934 40268 53018 78086 878// 333 69925 81831 87650 90710 91112 93100=
07299,2008-04-03 20:00:00,6,1027.3,1.8,90,4.5,15000,3.704,3.704,,270,,,0.2,,,,,,,60,og-post,,,,AAXX 03204 07299 21665 72702 10060 20045 39938 40273 51018 76086 878// 333 69925 81836 87650 90710 91102 93100=
07299,2008-04-03 21:00:00,5.7,1027.5,1.2,88,3.9,20000,3.704,11.112,,270,,,,0.2,,,,,,21,og-post,,,,AAXX 03214 07299 21670 72702 10057 20039 39940 40275 51012 72186 8283/ 333 69927 81836 86358 90710 91106 93100 555 69905=
07299,2008-04-03 22:00:00,5.8,1027.9,1,86,3.6,20000,7.408,11.112,,310,,,0,,,,,,,,og-post,,,,AAXX 03224 07299 22570 73104 10058 20036 39944 40279 52010 8583/ 333 60005 81832 85645 87359 90710 91106 93100=
07299,2008-04-03 23:00:00,6.1,1028,0.8,85,3.8,20000,11.112,18.52,,310,,,0,,,,,,,,og-post,,,,AAXX 03234 07299 22570 73106 10061 20038 39945 40280 51008 878// 333 60005 81832 87645 90710 91110 93100=
07299,2008-04-04 00:00:00,5.5,1028.3,0.6,85,3.2,16000,14.816,22.224,,340,,,0,0,0.2,,,,,2,og-post,,,,AAXX 04004 07299 01566 73408 10055 20032 39947 40283 51006 69921 70286 878// 333 60007 81832 87647 90710 91112 93100 555 60005=
07299,2008-04-04 01:00:00,4.5,1028.3,0.2,88,2.7,15000,14.816,22.224,,340,,,0,,,,,,,,og-post,,,,AAXX 04014 07299 26/65 /3408 10045 20027 39946 40283 51002 333 60005 90710 91112=
07299,2008-04-04 02:00:00,2.7,1028.7,0.3,91,1.4,9000,7.408,18.52,,320,,,0,,,,,,,,og-post,,,,AAXX 04024 07299 26/59 /3204 10027 20014 39948 40287 53003 333 60005 90710 91110=
07299,2008-04-04 03:00:00,2.5,1028.6,0.1,93,1.5,12000,3.704,14.816,,280,,,0,0,,,,,,,og-post,,,,AAXX 04034 07299 22662 22802 10025 20015 39947 40286 50001 82800 333 60007 81837 90710 91108 93100 555 60005=
07299,2008-04-04 04:00:00,0.8,1029.1,0.3,93,-0.2,7000,3.704,11.112,,240,,,0,,,,,,,,og-post,,,,AAXX 04044 07299 22657 12402 10008 21002 39949 40291 52003 81800 333 60005 81837 90710 91106 93100=
07299,2008-04-04 05:00:00,0.2,1029.3,0.2,95,-0.5,4000,,3.704,,,,,0,,,,,,,10,og-post,,,,AAXX 04054 07299 21640 10000 10002 21005 39950 40293 53002 71000 81800 333 60005 81837 90710 91102 93100=
07299,2008-04-04 06:00:00,1,1029.5,0.6,96,0.4,4000,,3.704,,,0.1,7.5,0,0,,0.2,0.6,1.3,-4,10,og-post,,,,AAXX 04064 07299 01640 40000 10010 20004 39953 40295 53006 69922 71011 84800 333 10075 20001 30104 55013 60007 70006 81837 84656 90710 91102 93100 555 60005=
07299,2008-04-04 07:00:00,4.2,1029.3,0.7,95,3.5,8000,,3.704,,,,,0,,,,,,,,og-post,,,,AAXX 04074 07299 22658 70000 10042 20035 39956 40293 53007 8483/ 333 60005 81840 84656 85360 90710 91102 93100=
07299,2008-04-04 08:00:00,6,1029.3,0.8,87,4,9000,3.704,7.408,,340,,,0,,,,,,,,og-post,,,,AAXX 04084 07299 22459 73402 10060 20040 39958 40293 51008 878// 333 60005 81710 83827 87656 90710 91104 93100=
07299,2008-04-04 09:00:00,8,1029.1,0.5,80,4.8,12000,7.408,14.816,,310,,,0,0,,,,,,,og-post,,,,AAXX 04094 07299 22562 73104 10080 20048 39958 40291 51005 878// 333 60007 82830 87656 90710 91108 93100 555 60005=
07299,2008-04-04 10:00:00,9.4,1028.5,-0.3,71,4.4,12000,7.408,14.816,,310,,,0,,,,,,,,og-post,,,,AAXX 04104 07299 22562 73104 10094 20044 39954 40285 58003 878// 333 60005 83825 87656 90710 91108 93100=
07299,2008-04-04 11:00:00,9.4,1028,-0.9,62,2.5,15000,7.408,18.52,,360,,,0,,,,,,,,og-post,,,,AAXX 04114 07299 22665 73604 10094 20025 39949 40280 58009 878// 333 60005 83833 87650 90710 91110 93100=
07299,2008-04-04 12:00:00,10.6,1027.1,-1.5,54,1.7,20000,3.704,18.52,,250,,,0,0,,,,,,,og-post,,,,AAXX 04124 07299 02670 72502 10106 20017 39942 40271 58015 60001 878// 333 60007 83834 87650 90710 91110 93100 555 60005=
07299,2008-04-04 13:00:00,11.1,1026.5,-1.8,51,1.4,20000,7.408,14.816,,340,,,0,,,,,,,,og-post,,,,AAXX 04134 07299 22670 73404 10111 20014 39936 40265 58018 878// 333 60005 82834 87656 90710 91108 93100=
07299,2008-04-04 14:00:00,11.2,1025.7,-2,49,0.9,20000,7.408,14.816,,20,,,0,,,,,,,,og-post,,,,AAXX 04144 07299 26/70 /0204 10112 20009 39929 40257 58020 333 60005 90710 91108=
07299,2008-04-04 15:00:00,11.9,1025,-2,43,-0.3,25000,7.408,18.52,,10,,,0,0,,,,,,,og-post,,,,AAXX 04154 07299 22675 70104 10119 21003 39923 40250 56020 878// 333 60007 81845 87656 90710 91110 93100 555 60005=
07299,2008-04-04 16:00:00,11.5,1024.4,-2,43,-0.6,25000,11.112,18.52,,360,,,0,,,,,,,,og-post,,,,AAXX 04164 07299 22775 73606 10115 21006 39916 40244 56020 878// 333 60005 81850 87656 90710 91110 93100=
07299,2008-04-04 17:00:00,10.8,1023.9,-1.8,46,-0.3,25000,11.112,18.52,,320,,,0,,,,,,,,og-post,,,,AAXX 04174 07299 22775 73206 10108 21003 39911 40239 56018 8753/ 333 60005 81650 87362 90710 91110 93100=
07299,2008-04-04 18:00:00,9.4,1023.9,-1.3,54,0.6,25000,3.704,11.112,,320,1.2,12.2,0,0,,,,,,,og-post,,,,AAXX 04184 07299 02775 73202 10094 20006 39909 40239 56013 60002 8753/ 333 10122 20012 60007 81650 87362 90710 91106 93100 555 60005=
07299,2008-04-04 19:00:00,7.9,1023.9,-0.8,66,2,20000,,3.704,,,,,0,,,,,,,,og-post,,,,AAXX 04194 07299 22770 70000 10079 20020 39908 40239 56008 8153/ 333 60005 81650 87362 90710 91102 93100=
07299,2008-04-04 20:00:00,6.8,1023.8,-0.6,75,2.7,18000,3.704,3.704,,260,,,0,,,,,,,,og-post,,,,AAXX 04204 07299 22768 72602 10068 20027 39905 40238 58006 8153/ 333 60005 81650 87362 90710 91102 93100=
07299,2008-04-04 21:00:00,6.3,1023.3,-0.9,81,3.3,18000,,3.704,,,,,0,0,,,,,,,og-post,,,,AAXX 04214 07299 22768 70000 10063 20033 39900 40233 58009 875// 333 60007 81650 87656 90710 91102 93100 555 60005=
07299,2008-04-04 22:00:00,5.5,1022.9,-1.3,85,3.2,18000,3.704,3.704,,200,,,0,,,,,,,,og-post,,,,AAXX 04224 07299 22768 72002 10055 20032 39895 40229 58013 8553/ 333 60005 81650 85656 87362 90710 91102 93100=
07299,2008-04-04 23:00:00,5.3,1022.1,-1.8,84,2.8,18000,3.704,3.704,,180,,,0,,,,,,,,og-post,,,,AAXX 04234 07299 22768 71802 10053 20028 39887 40221 58018 8353/ 333 60005 81650 83656 87361 90710 91102 93100=
07299,2008-04-05 00:00:00,4.6,1021.8,-1.7,87,2.6,18000,,3.704,,,,,0,0,,,,,,,og-post,,,,AAXX 05004 07299 02768 70000 10046 20026 39883 40218 56017 60001 8353/ 333 60007 81650 83656 87361 90710 91102 93100 555 60005=
07299,2008-04-05 01:00:00,4.8,1020.9,-1.9,83,2.2,20000,7.408,11.112,,160,,,0,,,,,,,,og-post,,,,AAXX 05014 07299 26/70 /1604 10048 20022 39875 40209 58019 333 60005 90710 91106=
07299,2008-04-05 02:00:00,4.3,1020.2,-1.9,84,1.8,20000,,11.112,,,,,0,,,,,,,,og-post,,,,AAXX 05024 07299 26/70 /0000 10043 20018 39868 40202 58019 333 60005 90710 91106=
07299,2008-04-05 03:00:00,4.8,1019.8,-1.9,83,2.2,18000,3.704,7.408,,180,,,0,0,,,,,,,og-post,,,,AAXX 05034 07299 22768 71802 10048 20022 39864 40198 56019 875// 333 60007 81650 87650 90710 91104 555 60005=
07299,2008-04-05 04:00:00,4.8,1019.1,-1.7,81,1.8,18000,7.408,11.112,,170,,,0,,,,,,,,og-post,,,,AAXX 05044 07299 22668 71704 10048 20018 39857 40191 58017 8653/ 333 60005 81645 86650 90710 91106=
07299,2008-04-05 05:00:00,4.6,1018.8,-1.4,83,2,16000,7.408,11.112,,160,,,0,,,,,,,,og-post,,,,AAXX 05054 07299 22766 71604 10046 20020 39854 40188 56014 875// 333 60005 87650 90710 91106=
07299,2008-04-05 06:00:00,5.2,1018.3,-1.5,81,2.2,20000,11.112,14.816,,180,3.9,9.4,0,0,,,0,2.8,2,,og-post,,,,AAXX 05064 07299 02770 81806 10052 20022 39850 40183 56015 60002 885// 333 10094 20039 30002 55028 60007 70000 87650 90710 91108 555 60005=
07299,2008-04-05 07:00:00,6.4,1017.5,-1.3,75,2.3,20000,11.112,22.224,,150,,,0,,,,,,,,og-post,,,,AAXX 05074 07299 22770 71506 10064 20023 39844 40175 58013 8653/ 333 60005 86650 86360 90710 91112=
07299,2008-04-05 08:00:00,8.1,1016.6,-1.7,65,1.9,20000,7.408,11.112,,170,,,0,,,,,,,,og-post,,,,AAXX 05084 07299 22770 71704 10081 20019 39837 40166 58017 8653/ 333 60005 86650 85360 90710 91106 93100=
07299,2008-04-05 09:00:00,10.6,1015.6,-1.9,54,1.7,23000,14.816,22.224,,240,,,0,0,,,,,,,og-post,,,,AAXX 05094 07299 22573 72408 10106 20017 39830 40156 58019 878// 333 60007 81830 85648 85656 90710 91112 93100 555 60005=
07299,2008-04-05 10:00:00,12.3,1014.2,-2.5,49,1.9,27000,14.816,22.224,,260,,,0,,,,,,,,og-post,,,,AAXX 05104 07299 22577 62608 10123 20019 39819 40142 58025 86800 333 60005 81831 85656 90710 91112 93100=
07299,2008-04-05 11:00:00,13.2,1013.1,-2.8,52,3.6,30000,14.816,31.484,,290,,,0,,,,,,,,og-post,,,,AAXX 05114 07299 22680 52908 10132 20036 39809 40131 58028 85800 333 60005 81833 85656 90710 91117 93100=
07299,2008-04-05 12:00:00,13.9,1011.9,-3.2,49,3.4,30000,18.52,35.188,,270,,,0,0,,,,,,,og-post,,,,AAXX 05124 07299 02680 72710 10139 20034 39798 40119 56032 60001 86802 333 60007 81838 86656 90710 91119 93100 555 60005=
07299,2008-04-05 13:00:00,14.3,1011,-3,49,3.7,30000,18.52,31.484,,240,,,0,,,,,,,,og-post,,,,AAXX 05134 07299 22680 72410 10143 20037 39790 40110 56030 85801 333 60005 81840 84656 90710 91117 93100=
07299,2008-04-05 14:00:00,13.1,1010.1,-2.8,48,2.4,35000,18.52,31.484,,250,,,0,,,,,,,,og-post,,,,AAXX 05144 07299 22681 72510 10131 20024 39780 40101 56028 86801 333 60005 81840 83848 85656 90710 91117 93100=
07299,2008-04-05 15:00:00,14,1008.8,-3,46,2.6,30000,18.52,31.484,,240,,,0,0,,,,,,,og-post,,,,AAXX 05154 07299 22680 72410 10140 20026 39768 40088 58030 8488/ 333 60007 82843 85364 90710 91117 93100 555 60005=
07299,2008-04-05 16:00:00,12.2,1007.9,-3.1,61,4.9,26000,11.112,31.484,,310,,,0,,,,,,,14,og-post,,,,AAXX 05164 07299 21676 73106 10122 20049 39758 40079 58031 71422 8588/ 333 60005 81845 85656 85363 90710 91117 93100=
07299,2008-04-05 17:00:00,12.2,1007.2,-2.9,60,4.7,20000,11.112,22.224,,270,,,0,,,,,,,15,og-post,,,,AAXX 05174 07299 21670 72706 10122 20047 39751 40072 56029 71522 8688/ 333 60005 81841 85656 85360 90710 91112 93100=
07299,2008-04-05 18:00:00,9.2,1007.2,-2,75,5,16000,14.816,42.596,,300,5.2,15.2,,,,,,,,25,og-post,,,,AAXX 05184 07299 01666 73008 10092 20050 39748 40072 56020 69902 72586 878// 333 10152 20052 69907 81840 86650 90710 91123 93100 555 69905=
07299,2008-04-05 19:00:00,8,1007.7,-0.6,87,6,10000,22.224,35.188,,290,,,0.2,,,,,,,60,og-post,,,,AAXX 05194 07299 21460 72912 10080 20060 39751 40077 55006 76086 878// 333 69925 81819 85645 87656 90710 91119 93100=
07299,2008-04-05 20:00:00,7.3,1007,-0.7,88,5.4,10000,18.52,31.484,,220,,,2,,,,,,,60,og-post,,,,AAXX 05204 07299 21560 72210 10073 20054 39744 40070 58007 76086 878// 333 60025 81820 87640 90710 91117 93100=
07299,2008-04-05 21:00:00,7,1006.8,-0.7,88,5.2,10000,7.408,25.928,,250,,,0.2,2,,,,,,60,og-post,,,,AAXX 05214 07299 21460 72504 10070 20052 39741 40068 58007 76086 878// 333 60027 81817 85625 87640 90710 91114 93100 555 69925=
07299,2008-04-05 22:00:00,7.2,1005.9,-1.8,89,5.5,10000,14.816,25.928,,250,,,0.2,,,,,,,60,og-post,,,,AAXX 05224 07299 21460 72508 10072 20055 39733 40059 58018 76066 878// 333 69925 81817 83625 87636 90710 91114 93100=
07299,2008-04-05 23:00:00,6.9,1005.7,-1.3,90,5.4,10000,14.816,29.632,,260,,,1,,,,,,,60,og-post,,,,AAXX 05234 07299 21560 72608 10069 20054 39731 40057 56013 76066 878// 333 60015 81820 87634 90710 91116 93100=
07299,2008-04-06 00:00:00,6.2,1005.6,-1.3,84,3.7,10000,14.816,25.928,,260,,,0.2,1,3,,,,,60,og-post,,,,AAXX 06004 07299 01560 72608 10062 20037 39729 40056 56013 60031 76086 878// 333 60017 81820 87645 90710 91114 93100 555 69925=
07299,2008-04-06 01:00:00,5.3,1005.6,-0.5,85,3,20000,18.52,29.632,,270,,,,,,,,,,,og-post,,,,AAXX 06014 07299 26/70 /2710 10053 20030 39728 40056 56005 333 69905 90710 91116=
07299,2008-04-06 02:00:00,4.5,1005.4,-0.6,87,2.5,20000,14.816,22.224,,260,,,0.2,,,,,,,,og-post,,,,AAXX 06024 07299 26/70 /2608 10045 20025 39725 40054 57006 333 69925 90710 91112=
07299,2008-04-06 03:00:00,3.6,1005.2,-0.6,89,2,10000,18.52,29.632,,240,,,0.4,0.6,,,,,,60,og-post,,,,AAXX 06034 07299 21460 72410 10036 20020 39722 40052 58006 76062 878// 333 69967 81812 87626 90710 91116 93100 555 69945=
07299,2008-04-06 04:00:00,3.4,1005,-0.9,90,1.9,10000,14.816,29.632,,250,,,0.2,,,,,,,21,og-post,,,,AAXX 06044 07299 21560 72508 10034 20019 39719 40050 57009 72162 878// 333 69925 81820 87650 90710 91116 93100=
07299,2008-04-06 05:00:00,3.4,1004.4,-1.1,89,1.8,12000,22.224,31.484,,260,,,0,,,,,,,,og-post,,,,AAXX 06054 07299 22662 72612 10034 20018 39714 40044 58011 8587/ 333 60005 81840 85650 87360 90710 91117 93100=
07299,2008-04-06 06:00:00,3.7,1004.7,-0.5,87,1.7,12000,22.224,31.484,,250,3.3,9.1,0,0.2,,4,4.2,3.1,3,2,og-post,,,,AAXX 06064 07299 01662 72512 10037 20017 39717 40047 55005 60042 70262 8587/ 333 10091 20033 31003 55031 69927 70042 81840 85650 87360 90710 91117 93100 555 60005=
07299,2008-04-06 07:00:00,4.1,1005.1,0.2,85,1.8,12000,22.224,31.484,,250,,,0,,,,,,,,og-post,,,,AAXX 06074 07299 22462 72512 10041 20018 39721 40051 53002 8585/ 333 60005 81815 85656 85360 90710 91117 93100=
07299,2008-04-06 08:00:00,5.5,1004.9,0.7,77,1.8,18000,18.52,35.188,,260,,,0,,,,,,,,og-post,,,,AAXX 06084 07299 22568 32610 10055 20018 39721 40049 51007 83800 333 60005 81820 83650 90710 91119 93100=
07299,2008-04-06 09:00:00,5.6,1005.1,0.5,75,1.5,18000,22.224,29.632,,250,,,0,0,,,,,,,og-post,,,,AAXX 06094 07299 22568 72512 10056 20015 39723 40051 51005 87800 333 60007 81820 86650 90710 91116 93100 555 60005=
07299,2008-04-06 10:00:00,6.5,1004.7,-0.2,69,1.2,20000,14.816,25.928,,240,,,0,,,,,,,,og-post,,,,AAXX 06104 07299 22570 72408 10065 20012 39720 40047 58002 87800 333 60005 82823 87650 90710 91114 93100=
07299,2008-04-06 11:00:00,8.1,1003.7,-0.9,63,1.5,20000,14.816,31.484,,240,,,0,,,,,,,,og-post,,,,AAXX 06114 07299 22570 42408 10081 20015 39712 40037 58009 84800 333 60005 83830 90710 91117 93100=
07299,2008-04-06 12:00:00,8.6,1003,-1.8,54,-0.2,25000,18.52,29.632,,250,,,0,0,,,,,,,og-post,,,,AAXX 06124 07299 02675 52510 10086 21002 39706 40030 58018 60001 85800 333 60007 84840 90710 91116 93100 555 60005=
07299,2008-04-06 13:00:00,8.9,1001.9,-2.3,52,-0.4,25000,14.816,29.632,,230,,,0,,,,,,,14,og-post,,,,AAXX 06134 07299 21675 52308 10089 21004 39696 40019 58023 71411 85800 333 60005 83843 83656 90710 91116 93100=
07299,2008-04-06 14:00:00,8,1001.7,-1.9,52,-1.2,18000,14.816,29.632,,240,,,0,,,,,,,16,og-post,,,,AAXX 06144 07299 21668 72408 10080 21012 39693 40017 56019 71622 8485/ 333 60005 83843 86356 90710 91116 93100=
07299,2008-04-06 15:00:00,7.9,1001.4,-1.5,57,-0.1,15000,18.52,29.632,,210,,,0,0,,,,,,16,og-post,,,,AAXX 06154 07299 21665 72110 10079 21001 39690 40014 56015 71611 878// 333 60007 83843 87650 90710 91116 93100 555 60005=
07299,2008-04-06 16:00:00,7,1001.1,-1,75,2.9,9000,11.112,25.928,,200,,,,,,,,,,80,og-post,,,,AAXX 06164 07299 21559 62006 10070 20029 39686 40011 58010 78086 83830 333 69905 81826 84360 90710 91114 93100=
07299,2008-04-06 17:00:00,6.4,1000.4,-1.5,73,1.9,25000,11.112,25.928,,150,,,,,,,,,,25,og-post,,,,AAXX 06174 07299 21675 71506 10064 20019 39678 40004 58015 72586 85830 333 69905 84843 83656 90710 91114 93100=
07299,2008-04-06 18:00:00,5.7,1000.1,-1.5,73,1.2,20000,11.112,22.224,,130,3.7,10,0,,,,,,,3,og-post,,,,AAXX 06184 07299 01670 41306 10057 20012 39675 40001 57015 69902 70386 82903 333 10100 20037 69907 81843 81946 83071 90710 91112 93100 555 60005=
07299,2008-04-06 19:00:00,5.3,999.9,-1.4,78,1.8,20000,14.816,22.224,,110,,,0,,,,,,,,og-post,,,,AAXX 06194 07299 22670 71108 10053 20018 39672 49999 56014 82963 333 60005 81840 81943 84360 85071 90710 91112 93100=
07299,2008-04-06 20:00:00,5.3,999.9,-0.7,79,2,20000,7.408,18.52,,130,,,0,,,,,,,,og-post,,,,AAXX 06204 07299 22670 71304 10053 20020 39672 49999 56007 82872 333 60005 81840 85359 86071 90710 91110 93100=
07299,2008-04-06 21:00:00,3.7,1000.6,0.3,87,1.7,10000,18.52,35.188,,260,,,0.6,0.6,,,,,,80,og-post,,,,AAXX 06214 07299 21560 82610 10037 20017 39677 40006 53003 78086 878// 333 69967 83821 86636 90710 91119 93100 555 69965=
07299,2008-04-06 22:00:00,3.4,1000,0,89,1.8,15000,7.408,22.224,,240,,,0.4,,,,,,,25,og-post,,,,AAXX 06224 07299 21465 72404 10034 20018 39671 40000 50000 72586 8587/ 333 69945 81713 85641 86358 90710 91112 93100=
07299,2008-04-06 23:00:00,3.2,1000.3,0.2,90,1.7,15000,7.408,14.816,,170,,,0,,,,,,,16,og-post,,,,AAXX 06234 07299 21465 81704 10032 20017 39674 40003 51002 71622 8687/ 333 60005 81713 83820 86358 90710 91108 93100=
07299,2008-04-07 00:00:00,2.9,1000.4,-0.4,89,1.3,18000,18.52,29.632,,240,,,,0.4,1,,,,,25,og-post,,,,AAXX 07004 07299 01468 62410 10029 20013 39674 40004 56004 60011 72586 8587/ 333 69947 81714 85640 85358 90710 91116 93100 555 69905=
07299,2008-04-07 01:00:00,1.6,1001.3,0.9,90,0.1,6000,29.632,50.004,50.004,260,,,1,,,,,,,,og-post,,,,AAXX 07014 07299 26/56 /2616 10016 20001 39681 40013 53009 333 60015 91027 90710 91127=
07299,2008-04-07 02:00:00,1.3,1002.2,1.6,88,-0.5,20000,29.632,53.708,,250,,,1,,,,,,,,og-post,,,,AAXX 07024 07299 26/70 /2516 10013 21005 39690 40022 53016 333 60015 90710 91129=
07299,2008-04-07 03:00:00,1.4,1003.5,2.8,81,-1.5,10000,25.928,50.004,,250,,,,2,,,,,,85,og-post,,,,AAXX 07034 07299 21560 72514 10014 21015 39702 40035 53028 78587 8687/ 333 60027 83820 85643 85357 90710 91127 93100 555 69905=
07299,2008-04-07 04:00:00,0.3,1005.2,3.6,70,-4.5,20000,29.632,57.412,,260,,,,,,,,,,26,og-post,,,,AAXX 07044 07299 21570 52616 10003 21045 39717 40052 53036 72687 85800 333 69905 83825 84636 90710 91131 93100=
07299,2008-04-07 05:00:00,-0.5,1006.3,3.9,70,-5.3,25000,18.52,46.3,,240,,,0,,,,,,,,og-post,,,,AAXX 07054 07299 22575 32410 11005 21053 39727 40063 51039 83800 333 60005 81826 83643 90710 91125 93100=
07299,2008-04-07 06:00:00,-0.1,1006.7,2.9,65,-5.9,30000,14.816,31.484,,220,-0.5,5.8,0,,,3,3.4,2.8,-1,1,og-post,,,,AAXX 07064 07299 01580 32208 11001 21059 39731 40067 51029 60032 70187 83800 333 10058 21005 32101 55028 69907 70034 81826 83648 90710 91117 93100 555 60005=
07299,2008-04-07 07:00:00,1.1,1006.9,1.8,62,-5.3,20000,22.224,42.596,,230,,,0,,,,,,,,og-post,,,,AAXX 07074 07299 22570 22312 10011 21053 39735 40069 51018 81801 333 60005 81826 90710 91123 93100=
07299,2008-04-07 08:00:00,2.5,1006.5,0.7,56,-5.4,20000,31.484,57.412,57.412,230,,,0,,,,,,,,og-post,,,,AAXX 07084 07299 22570 42317 10025 21054 39733 40065 50007 81131 333 60005 81826 83075 91031 90710 91131 93100=
07299,2008-04-07 09:00:00,3.7,1006.9,0.7,53,-5,20000,38.892,64.82,64.82,240,,,0,0,,,,,,,og-post,,,,AAXX 07094 07299 22670 22421 10037 21050 39738 40069 53007 81141 333 60007 81836 91035 90710 91135 93100 555 60005=
07299,2008-04-07 10:00:00,4.1,1007.7,1.1,55,-4.1,18000,35.188,68.524,64.82,240,,,0,,,,,,,,og-post,,,,AAXX 07104 07299 22668 62419 10041 21041 39746 40077 53011 84141 333 60005 84838 83075 91035 90710 91137 93100=
07299,2008-04-07 12:00:00,5.3,1008.6,1.8,52,-3.7,18000,29.632,57.412,,260,,,0,0,,,,,,,og-post,,,,AAXX 07124 07299 02668 72616 10053 21037 39756 40086 52018 60001 878// 333 60007 86843 83650 90710 91131 93100 555 60005=
07299,2008-04-07 13:00:00,5.5,1009,1.5,51,-3.8,18000,25.928,46.3,,250,,,0,,,,,,,,og-post,,,,AAXX 07134 07299 22668 72514 10055 21038 39760 40090 52015 878// 333 60005 86846 83650 90710 91125 93100=
07299,2008-04-07 14:00:00,5.6,1009.3,1.4,53,-3.2,14000,22.224,38.892,,250,,,0,,,,,,,15,og-post,,,,AAXX 07144 07299 21664 72512 10056 21032 39763 40093 51014 71522 878// 333 60005 81840 87650 90710 91121 93100=
07299,2008-04-07 15:00:00,5,1009.3,0.6,59,-2.3,14000,18.52,35.188,,300,,,0,0,,,,,,15,og-post,,,,AAXX 07154 07299 21664 73010 10050 21023 39763 40093 50006 71522 878// 333 60007 81843 87650 90710 91119 93100 555 60005=
07299,2008-04-07 16:00:00,5,1009.2,0.2,62,-1.7,30000,11.112,25.928,,310,,,0,,,,,,,,og-post,,,,AAXX 07164 07299 22680 73106 10050 21017 39762 40092 51002 878// 333 60005 81843 87650 90710 91114 93100=
07299,2008-04-07 17:00:00,4.1,1009.1,-0.4,62,-2.5,30000,11.112,14.816,,330,,,0,,,,,,,,og-post,,,,AAXX 07174 07299 22680 53306 10041 21025 39760 40091 57004 85800 333 60005 81843 85650 90710 91108 93100=
07299,2008-04-07 18:00:00,3.3,1009.3,-0.1,64,-2.8,20000,7.408,14.816,,10,-0.1,6.8,0,0,,,,,,,og-post,,,,AAXX 07184 07299 02670 60104 10033 21028 39761 40093 55001 60002 86800 333 10068 21001 60007 81843 86656 90710 91108 93100 555 60005=
07299,2008-04-07 19:00:00,0.7,1008.8,-0.9,79,-2.5,20000,7.408,14.816,,320,,,0,,,,,,,,og-post,,,,AAXX 07194 07299 22770 13204 10007 21025 39753 40088 58009 81501 333 60005 81656 90710 91108 93100=
07299,2008-04-07 20:00:00,-0.7,1009.6,-0.1,86,-2.7,18000,3.704,7.408,,200,,,0,,,,,,,,og-post,,,,AAXX 07204 07299 22968 22002 11007 21027 39759 40096 55001 80001 333 60005 82073 90710 91104 93100=
07299,2008-04-07 21:00:00,-1.7,1009.3,-0.6,89,-3.3,18000,,7.408,,,,,0,0,,,,,,,og-post,,,,AAXX 07214 07299 22968 50000 11017 21033 39755 40093 56006 80001 333 60007 85073 90710 91104 93100 555 60005=
07299,2008-04-07 22:00:00,-2.1,1009.1,-0.1,91,-3.4,12000,3.704,11.112,,240,,,0,,,,,,,,og-post,,,,AAXX 07224 07299 22962 72402 11021 21034 39752 40091 58001 80001 333 60005 87073 90710 91106 93100=
07299,2008-04-07 23:00:00,-1.7,1008.6,-1.1,89,-3.3,12000,3.704,7.408,,230,,,0,,,,,,,,og-post,,,,AAXX 07234 07299 22962 72302 11017 21033 39748 40086 58011 80001 333 60005 87073 90710 91104 93100=
07299,2008-04-08 00:00:00,-2.9,1008.9,-0.7,92,-4,12000,3.704,11.112,,310,,,0,0,,,,,,,og-post,,,,AAXX 08004 07299 02962 73102 11029 21040 39749 40089 56007 60001 80002 333 60007 87073 90710 91106 93100 555 60005=
07299,2008-04-08 01:00:00,-2.4,1008.1,-1.1,93,-3.4,11000,,3.704,,,,,0,,,,,,,,og-post,,,,AAXX 08014 07299 26/61 /0000 11024 21034 39742 40081 58011 333 60005 90710 91102=
07299,2008-04-08 02:00:00,-2.7,1007.6,-1.1,93,-3.7,11000,3.704,7.408,,240,,,0,,,,,,,,og-post,,,,AAXX 08024 07299 26/61 /2402 11027 21037 39737 40076 58011 333 60005 90710 91104=
07299,2008-04-08 03:00:00,-3.3,1007.2,-1.6,93,-4.3,12000,,3.704,,,,,0,0,,,,,,,og-post,,,,AAXX 08034 07299 22962 70000 11033 21043 39732 40072 56016 80002 333 60007 87073 90710 91102 93100 555 60005=
07299,2008-04-08 04:00:00,-4.1,1006.7,-1.4,94,-4.9,12000,3.704,7.408,,320,,,0,,,,,,,,og-post,,,,AAXX 08044 07299 22962 73202 11041 21049 39727 40067 58014 80002 333 60005 87073 90710 91104 93100=
07299,2008-04-08 05:00:00,-4.2,1006.6,-1.2,94,-5,18000,7.408,7.408,,320,,,0,,,,,,,,og-post,,,,AAXX 08054 07299 22968 73204 11042 21050 39725 40066 56012 82032 333 60005 82364 87073 90710 91104 93100=
07299,2008-04-08 06:00:00,-2.9,1006.4,-0.7,94,-3.7,18000,3.704,7.408,,300,-4.6,3.5,0,0,,,0,4,-8,,og-post,,,,AAXX 08064 07299 02968 73002 11029 21037 39725 40064 56007 60002 84052 333 10035 21046 34108 55040 60007 70000 81360 84362 87073 90710 91104 93100 555 60005=
07299,2008-04-08 07:00:00,-0.7,1005.8,-0.5,94,-1.5,18000,3.704,7.408,,320,,,0,,,,,,,,og-post,,,,AAXX 08074 07299 22868 83202 11007 21015 39722 40058 58005 8707/ 333 60005 83358 87460 90710 91104 93100=
07299,2008-04-08 08:00:00,0.2,1005.9,-0.2,91,-1.1,16000,11.112,14.816,,340,,,0,,,,,,,,og-post,,,,AAXX 08084 07299 22866 83406 10002 21011 39724 40059 55002 8707/ 333 60005 83357 87459 90710 91108 93100=
07299,2008-04-08 09:00:00,1.9,1005.8,-0,84,-0.5,16000,7.408,14.816,,320,,,0,0,,,,,,,og-post,,,,AAXX 08094 07299 22866 83204 10019 21005 39725 40058 55000 8257/ 333 60007 82657 87458 90710 91108 93100 555 60005=
07299,2008-04-08 10:00:00,2.9,1005.4,0,70,-2,18000,7.408,11.112,,350,,,0,,,,,,,,og-post,,,,AAXX 08104 07299 22868 83504 10029 21020 39723 40054 50000 8657/ 333 60005 86656 87457 90710 91106 93100=
07299,2008-04-08 11:00:00,3.8,1004.7,-0.7,68,-1.5,20000,3.704,11.112,,60,,,,,,,,,,22,og-post,,,,AAXX 08114 07299 21770 80602 10038 21015 39717 40047 58007 72272 875// 333 69905 87656 90710 91106 93100=
07299,2008-04-08 12:00:00,5,1004.6,-0.8,55,-3.3,20000,3.704,11.112,,70,,,0,,,,,,,3,og-post,,,,AAXX 08124 07299 01770 80702 10050 21033 39717 40046 56008 69901 70372 875// 333 69907 87656 90710 91106 93100 555 60005=
07299,2008-04-08 13:00:00,5.5,1004.6,-0.4,63,-1,20000,7.408,14.816,,360,,,0,,,,,,,,og-post,,,,AAXX 08134 07299 22770 83604 10055 21010 39718 40046 55004 875// 333 60005 87650 90710 91108 93100=
07299,2008-04-08 14:00:00,6.1,1004.4,-0,58,-1.5,20000,3.704,11.112,,120,,,0,,,,,,,,og-post,,,,AAXX 08144 07299 22670 81202 10061 21015 39717 40044 54000 875// 333 60005 87645 90710 91106 93100=
07299,2008-04-08 15:00:00,6.7,1003.9,-0.3,60,-0.5,20000,11.112,18.52,,140,,,0,0,,,,,,,og-post,,,,AAXX 08154 07299 22670 81406 10067 21005 39713 40039 58003 875// 333 60007 87643 90710 91110 93100 555 60005=
07299,2008-04-08 16:00:00,6.5,1003.7,-0.7,62,-0.2,20000,11.112,18.52,,120,,,0,,,,,,,,og-post,,,,AAXX 08164 07299 22570 81206 10065 21002 39710 40037 58007 878// 333 60005 81826 87642 90710 91110 93100=
07299,2008-04-08 17:00:00,6,1003.3,-1.1,68,0.6,20000,14.816,22.224,,110,,,0,,,,,,,,og-post,,,,AAXX 08174 07299 22670 81108 10060 20006 39706 40033 57011 875// 333 60005 87641 90710 91112 93100=
07299,2008-04-08 18:00:00,5.9,1003.2,-0.9,70,0.9,20000,14.816,22.224,,110,-2.9,6.8,0,0,,,,,,,og-post,,,,AAXX 08184 07299 02570 81108 10059 20009 39705 40032 56009 69902 878// 333 10068 21029 60007 81823 87634 90710 91112 93100 555 60005=
07299,2008-04-08 19:00:00,5.7,1003.7,0.1,75,1.6,20000,11.112,22.224,,110,,,,,,,,,,60,og-post,,,,AAXX 08194 07299 21670 81106 10057 20016 39710 40037 53001 76062 875// 333 69905 87636 90710 91112 93100=
07299,2008-04-08 20:00:00,5.9,1003.7,0.4,75,1.8,20000,11.112,18.52,,120,,,,,,,,,,21,og-post,,,,AAXX 08204 07299 21670 81206 10059 20018 39710 40037 53004 72162 875// 333 69905 87640 90710 91110 93100=
07299,2008-04-08 21:00:00,5.7,1003.3,0.1,80,2.5,15000,11.112,18.52,,120,,,,,,,,,,60,og-post,,,,AAXX 08214 07299 21665 81206 10057 20025 39706 40033 50001 76062 875// 333 69907 87636 90710 91110 93100 555 69905=
07299,2008-04-08 22:00:00,5.8,1003.1,-0.7,80,2.6,15000,7.408,14.816,,120,,,,,,,,,,60,og-post,,,,AAXX 08224 07299 21665 81204 10058 20026 39704 40031 58007 76066 8357/ 333 69905 83636 86357 90710 91108 93100=
07299,2008-04-08 23:00:00,5.8,1002.5,-1.2,84,3.3,12000,11.112,18.52,,130,,,0.2,,,,,,,60,og-post,,,,AAXX 08234 07299 21662 81306 10058 20033 39698 40025 58012 76066 875// 333 69925 81636 87650 90710 91110 93100=
07299,2008-04-09 00:00:00,5.9,1002.2,-1.1,83,3.2,12000,11.112,14.816,,140,,,,0.2,0.2,,,,,60,og-post,,,,AAXX 09004 07299 01662 81406 10059 20032 39695 40022 58011 69921 76062 875// 333 69927 87643 90710 91108 93100 555 69905=
07299,2008-04-09 01:00:00,5.8,1001.8,-1.3,84,3.3,11000,7.408,11.112,,140,,,,,,,,,,,og-post,,,,AAXX 09014 07299 26/61 /1404 10058 20033 39691 40018 56013 333 69905 90710 91106=
07299,2008-04-09 02:00:00,5.2,1001.3,-1.2,87,3.2,9000,7.408,11.112,,170,,,,,,,,,,,og-post,,,,AAXX 09024 07299 26/59 /1704 10052 20032 39686 40013 58012 333 69905 90710 91106=
07299,2008-04-09 03:00:00,5.3,1000.5,-1.7,86,3.2,14000,7.408,11.112,,180,,,,,,,,,,1,og-post,,,,AAXX 09034 07299 21664 71804 10053 20032 39678 40005 58017 70162 8457/ 333 69907 82646 83656 85361 90710 91106 93100 555 69905=
07299,2008-04-09 04:00:00,5.5,999.9,-1.8,88,3.7,14000,,11.112,,,,,0,,,,,,,,og-post,,,,AAXX 09044 07299 22664 70000 10055 20037 39673 49999 57018 875// 333 60005 82643 87657 90710 91106 93100=
07299,2008-04-09 05:00:00,6.3,999,-2,83,3.6,14000,11.112,18.52,,130,,,,,,,,,,21,og-post,,,,AAXX 09054 07299 21664 71306 10063 20036 39665 49990 56020 72162 875// 333 69905 82643 87656 90710 91110 93100=
07299,2008-04-09 06:00:00,5.8,999.2,-1.2,88,4,14000,7.408,11.112,,320,5.1,6.3,0,,,0.2,0.2,0,4,2,og-post,,,,AAXX 09064 07299 01664 73204 10058 20040 39666 49992 56012 69922 70262 875// 333 10063 20051 31004 55000 69907 70002 82643 87656 90710 91106 93100 555 60005=
07299,2008-04-09 07:00:00,6.1,998.6,-1.3,84,3.6,5000,7.408,7.408,,320,,,0,,,,,,,,og-post,,,,AAXX 09074 07299 22650 73204 10061 20036 39661 49986 56013 8453/ 333 60005 81643 83656 85357 90710 91104 93100=
07299,2008-04-09 08:00:00,8.9,997.8,-1,76,4.9,12000,3.704,11.112,,350,,,0,,,,,,,,og-post,,,,AAXX 09084 07299 22662 73502 10089 20049 39656 49978 58010 8385/ 333 60005 81645 83656 86357 90710 91106 93100=
07299,2008-04-09 09:00:00,10.3,996.9,-1.6,69,4.9,12000,7.408,14.816,,100,,,0,0,,,,,,,og-post,,,,AAXX 09094 07299 22662 81004 10103 20049 39649 49969 57016 83887 333 60007 81833 83650 88270 90710 91108 93100 555 60005=
07299,2008-04-09 10:00:00,7.9,997.1,-1.2,82,5,7000,14.816,22.224,,340,,,0.2,,,,,,,61,og-post,,,,AAXX 09104 07299 21657 83408 10079 20050 39648 49971 56012 76162 8657/ 333 69925 81633 86650 87457 90710 91112 93100=
07299,2008-04-09 11:00:00,7.2,996.9,-1,88,5.3,4500,14.816,22.224,,340,,,0.8,,,,,,,61,og-post,,,,AAXX 09114 07299 21645 83408 10072 20053 39646 49969 56010 76166 8657/ 333 69985 81633 86650 87457 90710 91112 93100=
07299,2008-04-09 12:00:00,6.9,997.4,-0,93,5.8,2800,7.408,14.816,,350,,,3,4,4,,,,,61,og-post,,,,AAXX 09124 07299 01628 83504 10069 20058 39650 49974 55000 60041 76162 875// 333 60047 83633 87646 90710 91108 93100 555 60035=
07299,2008-04-09 13:00:00,6.9,996.6,-0.5,94,6,1500,,11.112,,,,,3,,,,,,,63,og-post,,,,AAXX 09134 07299 21115 80000 10069 20060 39643 49966 58005 76366 888// 333 60035 87802 90710 91106 93100=
07299,2008-04-09 14:00:00,7.8,995.4,-1.4,95,7,2200,3.704,14.816,,350,,,0.4,,,,,,,60,og-post,,,,AAXX 09144 07299 21222 73502 10078 20070 39632 49954 58014 76066 875// 333 69945 83704 87650 90710 91108 93100=
07299,2008-04-09 15:00:00,8.9,993.7,-3.3,95,8.1,3700,3.704,11.112,,10,,,0.2,4,,,,,,21,og-post,,,,AAXX 09154 07299 21437 70102 10089 20081 39617 49937 58033 72162 878// 333 60047 82816 87650 90710 91106 93100 555 69925=
07299,2008-04-09 16:00:00,7.6,994.4,-2.1,96,7,2100,7.408,29.632,,300,,,1,,,,,,,60,og-post,,,,AAXX 09164 07299 21121 83004 10076 20070 39622 49944 55021 76062 889// 333 60015 85802 82930 87645 90710 91116 93100=
07299,2008-04-09 17:00:00,7,995.4,-0.1,96,6.4,2200,7.408,35.188,,290,,,2,,,,,,,61,og-post,,,,AAXX 09174 07299 21122 82904 10070 20064 39631 49954 55001 76162 889// 333 60025 85802 83926 87636 90710 91119 93100=
07299,2008-04-09 18:00:00,7.3,994.9,1.1,96,6.7,2200,,7.408,,,5.8,10.3,3,6,,13,,,,61,og-post,,,,AAXX 09184 07299 01122 80000 10073 20067 39627 49949 50011 60132 76162 889// 333 10103 20058 60067 82802 82926 87630 90710 91104 93100 555 60035=
07299,2008-04-09 19:00:00,8.4,996,1.8,97,8,2300,11.112,22.224,,160,,,3,,,,,,,63,og-post,,,,AAXX 09194 07299 21123 81606 10084 20080 39639 49960 52018 76366 889// 333 60035 81802 81926 87628 90710 91112 93100=
07299,2008-04-09 20:00:00,8.9,996.5,1.3,97,8.4,2500,7.408,14.816,,100,,,3,,,,,,,61,og-post,,,,AAXX 09204 07299 21425 81004 10089 20084 39644 49965 53013 76166 889// 333 60035 81811 81926 83628 87644 90710 91108 93100=
07299,2008-04-09 21:00:00,9.1,997,2,97,8.6,2500,3.704,11.112,,140,,,,5,,,,,,61,og-post,,,,AAXX 09214 07299 21425 81402 10091 20086 39649 49970 51020 76166 889// 333 60057 81811 81925 87640 90710 91106 93100 555 69905=
07299,2008-04-09 22:00:00,9.2,997.3,1.2,97,8.7,4500,7.408,14.816,,170,,,0.2,,,,,,,61,og-post,,,,AAXX 09224 07299 21445 81704 10092 20087 39652 49973 51012 76166 888// 333 69925 81811 87630 90710 91108 93100=
07299,2008-04-09 23:00:00,9.3,997.5,1,97,8.8,4500,3.704,14.816,,280,,,0.2,,,,,,,61,og-post,,,,AAXX 09234 07299 21445 82802 10093 20088 39654 49975 51010 76166 888// 333 69925 81811 87625 90710 91108 93100=
07299,2008-04-10 00:00:00,9,997.6,0.5,97,8.5,4000,7.408,11.112,,160,,,1,2,7,,,,,61,og-post,,,,AAXX 10004 07299 01440 81604 10090 20085 39655 49976 51005 60071 76166 888// 333 60027 81811 87625 90710 91106 93100 555 60015=
07299,2008-04-10 01:00:00,8.4,997.3,0,97,8,2700,3.704,7.408,,230,,,,,,,,,,,og-post,,,,AAXX 10014 07299 26/27 /2302 10084 20080 39651 49973 50000 333 69905 90710 91104=
07299,2008-04-10 02:00:00,6.9,997,-0.9,97,6.5,100,3.704,11.112,,280,,,,,,,,,,,og-post,,,,AAXX 10024 07299 26/01 /2802 10069 20065 39646 49970 58009 333 69905 90710 91106=
07299,2008-04-10 03:00:00,6.7,996.8,-1.1,97,6.3,2500,7.408,11.112,,250,,,,,,,,,,61,og-post,,,,AAXX 10034 07299 21425 82504 10067 20063 39644 49968 56011 76162 888// 333 69907 81811 83645 87658 90710 91106 93100 555 69905=
07299,2008-04-10 04:00:00,7.2,996.4,-1,97,6.8,3000,7.408,11.112,,200,,,,,,,,,,60,og-post,,,,AAXX 10044 07299 21430 82004 10072 20068 39641 49964 56010 76066 888// 333 69905 84818 87643 90710 91106 93100=
07299,2008-04-10 05:00:00,7.8,996.7,-0.1,97,7.4,800,11.112,18.52,,340,,,0.6,,,,,,,61,og-post,,,,AAXX 10054 07299 21108 83406 10078 20074 39645 49967 55001 76166 885// 333 69965 81701 84705 87618 90710 91110 93100=
07299,2008-04-10 06:00:00,7.2,997.4,0.8,97,6.8,2500,7.408,22.224,,330,6.3,9.4,1,2,,9,22.4,0.7,4,61,og-post,,,,AAXX 10064 07299 01125 83304 10072 20068 39651 49974 53008 60092 76164 887// 333 10094 20063 32004 55007 60027 70224 87702 90710 91112 93100 555 60015=
07299,2008-04-10 07:00:00,7.3,997.6,1.2,97,6.9,3500,7.408,14.816,,320,,,0.8,,,,,,,61,og-post,,,,AAXX 10074 07299 21135 83204 10073 20069 39653 49976 51012 76166 887// 333 69985 87702 90710 91108 93100=
07299,2008-04-10 08:00:00,7.3,997.6,0.9,97,6.9,4500,11.112,14.816,,340,,,0.2,,,,,,,60,og-post,,,,AAXX 10084 07299 21145 83406 10073 20069 39653 49976 51009 76066 887// 333 69925 87702 90710 91108 93100=
07299,2008-04-10 09:00:00,7.3,997.9,0.5,97,6.9,4500,14.816,18.52,,340,,,,1,,,,,,60,og-post,,,,AAXX 10094 07299 21145 83408 10073 20069 39656 49979 52005 76066 877// 333 60017 87703 90710 91110 93100 555 69905=
07299,2008-04-10 10:00:00,7.6,998.2,0.6,96,7,4500,11.112,18.52,,340,,,0.2,,,,,,,60,og-post,,,,AAXX 10104 07299 21245 83406 10076 20070 39659 49982 53006 76066 877// 333 69925 87704 90710 91110 93100=
07299,2008-04-10 11:00:00,7.9,998.2,0.5,96,7.3,4500,14.816,18.52,,340,,,0.2,,,,,,,60,og-post,,,,AAXX 10114 07299 21245 83408 10079 20073 39659 49982 50005 76066 877// 333 69925 87704 90710 91110 93100=
07299,2008-04-10 12:00:00,7.9,998.3,0.4,95,7.1,5000,11.112,14.816,,340,,,,0.4,1,,,,,60,og-post,,,,AAXX 10124 07299 01250 83406 10079 20071 39660 49983 51004 60011 76066 877// 333 69947 87704 90710 91108 93100 555 69905=
07299,2008-04-10 13:00:00,8,998.2,-0.1,95,7.2,5000,7.408,14.816,,10,,,0.4,,,,,,,61,og-post,,,,AAXX 10134 07299 21250 80104 10080 20072 39659 49982 57001 76166 877// 333 69945 87705 90710 91108 93100=
07299,2008-04-10 14:00:00,8.3,998,-0.1,95,7.5,7000,11.112,14.816,,340,,,0.8,,,,,,,61,og-post,,,,AAXX 10144 07299 21257 83406 10083 20075 39658 49980 58001 76166 877// 333 69985 87705 90710 91108 93100=
07299,2008-04-10 15:00:00,8.6,997.2,-1,95,7.8,7000,11.112,14.816,,360,,,0.6,2,,,,,,61,og-post,,,,AAXX 10154 07299 21257 83606 10086 20078 39650 49972 58010 76166 877// 333 60027 87705 90710 91108 93100 555 69965=
07299,2008-04-10 16:00:00,8.9,996.3,-1.7,94,8,7000,11.112,18.52,,360,,,,,,,,,,21,og-post,,,,AAXX 10164 07299 21257 83606 10089 20080 39642 49963 58017 72162 877// 333 69905 87705 90710 91110 93100=
07299,2008-04-10 17:00:00,8.4,996.4,-1.6,95,7.6,7000,11.112,18.52,,360,,,0,,,,,,,,og-post,,,,AAXX 10174 07299 22257 83606 10084 20076 39642 49964 56016 877// 333 60005 87705 90710 91110 93100=
07299,2008-04-10 18:00:00,8.2,996.3,-0.9,95,7.4,7000,14.816,22.224,,350,7.1,9.5,0,,,3,,,,2,og-post,,,,AAXX 10184 07299 01257 83508 10082 20074 39641 49963 56009 60032 70262 877// 333 10095 20071 69907 87705 90710 91112 93100 555 60005=
07299,2008-04-10 19:00:00,7.9,997.3,0.9,96,7.3,4500,14.816,22.224,,320,,,,,,,,,,61,og-post,,,,AAXX 10194 07299 21245 83208 10079 20073 39651 49973 53009 76162 889// 333 69905 88704 82915 90710 91112 93100=
07299,2008-04-10 20:00:00,7.9,998.9,2.5,96,7.3,3500,11.112,22.224,,250,,,3,,,,,,,95,og-post,,,,AAXX 10204 07299 21235 82506 10079 20073 39666 49989 53025 79596 889// 333 60035 87805 85915 90710 91112 93100=
07299,2008-04-10 21:00:00,8,998.4,1.9,96,7.4,3500,14.816,22.224,,120,,,4,7,,,,,,92,og-post,,,,AAXX 10214 07299 21235 81208 10080 20074 39661 49984 50019 79296 889// 333 60077 81805 83916 87650 90710 91112 93100 555 60045=
07299,2008-04-10 22:00:00,7.8,997.3,-0.2,97,7.4,10000,,25.928,,,,,3,,,,,,,60,og-post,,,,AAXX 10224 07299 21060 80000 10078 20074 39650 49973 58002 76066 8597/ 333 60035 81701 81920 85650 88357 90710 91114 93100=
07299,2008-04-10 23:00:00,7.4,997.4,-1.7,97,7,2500,11.112,14.816,,340,,,2,,,,,,,21,og-post,,,,AAXX 10234 07299 21225 83406 10074 20070 39651 49974 55017 72162 879// 333 60025 84705 81920 85650 90710 91108 93100=
07299,2008-04-11 00:00:00,7.2,997.6,-0.7,97,6.8,800,7.408,14.816,,360,,,0.4,6,12,,,,,61,og-post,,,,AAXX 11004 07299 01108 83604 10072 20068 39653 49976 55007 60121 76196 877// 333 60067 87701 90710 91108 93100 555 69945=
07299,2008-04-11 01:00:00,7.1,997.8,0.4,97,6.7,2600,7.408,7.408,,160,,,0.6,,,,,,,,og-post,,,,AAXX 11014 07299 26/26 /1604 10071 20067 39654 49978 52004 333 69965 90710 91104=
07299,2008-04-11 02:00:00,7.6,997.4,-0.1,97,7.2,2400,7.408,11.112,,100,,,1,,,,,,,,og-post,,,,AAXX 11024 07299 26/24 /1004 10076 20072 39651 49974 58001 333 60015 90710 91106=
07299,2008-04-11 03:00:00,7.2,997,-0.6,97,6.8,4500,3.704,7.408,,250,,,0.2,2,,,,,,21,og-post,,,,AAXX 11034 07299 21045 72502 10072 20068 39647 49970 58006 72164 875// 333 60027 81701 87650 90710 91104 555 69925=
07299,2008-04-11 04:00:00,8,996.9,-0.7,98,7.7,8000,7.408,14.816,,160,,,0,,,,,,,,og-post,,,,AAXX 11044 07299 22058 71604 10080 20077 39647 49969 56007 84530 333 60005 81701 84650 85360 90710 91108=
07299,2008-04-11 05:00:00,8.5,996.9,-0.3,97,8.1,7000,7.408,11.112,,170,,,0,,,,,,,,og-post,,,,AAXX 11054 07299 22257 71704 10085 20081 39647 49969 56003 8583/ 333 60005 81805 85643 87358 90710 91106=
07299,2008-04-11 06:00:00,8.9,997.1,0.3,97,8.4,7000,11.112,18.52,,170,6.9,8.9,0,0,,14,17.6,0,6,3,og-post,,,,AAXX 11064 07299 01257 71706 10089 20084 39650 49971 53003 60142 70361 8583/ 333 10089 20069 32006 55000 60007 70176 81805 85641 87357 90710 91110 555 60005=
07299,2008-04-11 07:00:00,9.7,996.8,0.1,96,9.1,8000,7.408,14.816,,180,,,,,,,,,,60,og-post,,,,AAXX 11074 07299 21358 71804 10097 20091 39648 49968 50001 76062 8387/ 333 69905 81806 83641 87357 90710 91108=
07299,2008-04-11 08:00:00,11.8,996.7,0.2,94,10.9,10000,7.408,14.816,,180,,,0.2,,,,,,,21,og-post,,,,AAXX 11084 07299 21460 71804 10118 20109 39649 49967 51002 72162 8387/ 333 69925 81810 83636 87357 90710 91108 93100=
07299,2008-04-11 09:00:00,14.6,996.1,-0.3,79,11,18000,7.408,14.816,,120,,,0,0.2,,,,,,1,og-post,,,,AAXX 11094 07299 21468 71204 10146 20110 39647 49961 57003 70162 82872 333 69927 81813 85358 85073 90710 91108 93100 555 60005=
07299,2008-04-11 10:00:00,14.5,996.2,-0.1,76,10.3,20000,3.704,14.816,,170,,,0,,,,,,,,og-post,,,,AAXX 11104 07299 22470 71702 10145 20103 39647 49962 58001 8587/ 333 60005 82816 84625 86358 90710 91108 93100=
07299,2008-04-11 11:00:00,14.7,995.7,-0.6,77,10.7,20000,11.112,18.52,,300,,,0,,,,,,,,og-post,,,,AAXX 11114 07299 22470 73006 10147 20107 39643 49957 58006 8687/ 333 60005 82818 85630 86357 90710 91110 93100=
07299,2008-04-11 12:00:00,13,996.5,0.2,83,10.2,17000,18.52,25.928,,280,,,0,0,0.2,,,,,15,og-post,,,,AAXX 11124 07299 01467 72810 10130 20102 39649 49965 53002 69921 71562 878// 333 60007 83818 85635 86650 90710 91114 93100 555 60005=
07299,2008-04-11 13:00:00,10.5,998.3,1.6,91,9.1,8000,22.224,38.892,,270,,,1,,,,,,,61,og-post,,,,AAXX 11134 07299 21458 82712 10105 20091 39663 49983 53016 76186 878// 333 60015 82818 87635 90710 91121 93100=
07299,2008-04-11 14:00:00,9.3,999.5,3,91,7.9,12000,25.928,38.892,,260,,,2,,,,,,,61,og-post,,,,AAXX 11144 07299 21462 82614 10093 20079 39673 49995 53030 76166 8782/ 333 60025 81818 83640 87550 90710 91121 93100=
07299,2008-04-11 15:00:00,7.8,1001.6,4.3,89,6.1,9000,29.632,46.3,,260,,,1,4,,,,,,61,og-post,,,,AAXX 11154 07299 21459 82616 10078 20061 39692 40016 53043 76186 8882/ 333 60047 82713 83625 88550 90710 91125 93100 555 60015=
07299,2008-04-11 16:00:00,7,1003.4,4.5,90,5.5,9000,29.632,42.596,,260,,,1,,,,,,,61,og-post,,,,AAXX 11164 07299 21459 82616 10070 20055 39708 40034 53045 76166 8852/ 333 60015 82713 83628 88546 90710 91123 93100=
07299,2008-04-11 17:00:00,6.6,1005,4.9,91,5.2,9000,22.224,42.596,,270,,,1,,,,,,,61,og-post,,,,AAXX 11174 07299 21459 82712 10066 20052 39723 40050 51049 76166 8652/ 333 60015 81713 85630 88543 90710 91123 93100=
07299,2008-04-11 18:00:00,6.5,1006.5,4.6,89,4.8,9000,18.52,35.188,,250,6.5,15.2,0.6,3,,7,,,,21,og-post,,,,AAXX 11184 07299 01459 82510 10065 20048 39738 40065 51046 60072 72186 8552/ 333 10152 20065 60037 81713 85630 88457 90710 91119 93100 555 69965=
07299,2008-04-11 19:00:00,6.5,1007.8,4.3,87,4.5,8000,18.52,31.484,,240,,,0,,,,,,,,og-post,,,,AAXX 11194 07299 22758 82410 10065 20045 39750 40078 51043 8557/ 333 60005 85650 87359 90710 91117 93100=
07299,2008-04-11 20:00:00,6.6,1008.9,3.8,86,4.4,7000,11.112,29.632,,240,,,0,,,,,,,,og-post,,,,AAXX 11204 07299 22657 82406 10066 20044 39761 40089 51038 875// 333 60005 85633 87656 90710 91116 93100=
07299,2008-04-11 21:00:00,6.5,1009.5,2.9,85,4.2,6000,14.816,22.224,,250,,,0,0,,,,,,,og-post,,,,AAXX 11214 07299 22756 82508 10065 20042 39767 40095 51029 875// 333 60007 83650 87657 90710 91112 93100 555 60005=
07299,2008-04-11 22:00:00,5.5,1010.5,2.4,88,3.7,6000,3.704,25.928,,90,,,0,,,,,,,,og-post,,,,AAXX 11224 07299 22756 70902 10055 20037 39775 40105 51024 875// 333 60005 82650 87657 90710 91114 93100=
07299,2008-04-11 23:00:00,5.5,1011,1.8,88,3.7,6000,3.704,18.52,,30,,,0,,,,,,,,og-post,,,,AAXX 11234 07299 22756 70302 10055 20037 39780 40110 51018 875// 333 60005 82650 87657 90710 91110 93100=
07299,2008-04-12 00:00:00,4.2,1011.4,1.4,92,3,6000,,3.704,,,,,0,0,,,,,,,og-post,,,,AAXX 12004 07299 02756 70000 10042 20030 39782 40114 51014 60001 875// 333 60007 82650 87657 90710 91102 93100 555 60005=
07299,2008-04-12 01:00:00,4,1011.4,0.7,94,3.1,2500,3.704,3.704,,230,,,0,,,,,,,,og-post,,,,AAXX 12014 07299 26/25 /2302 10040 20031 39782 40114 51007 333 60005 90710 91102=
07299,2008-04-12 02:00:00,3.7,1011.7,0.5,95,3,2100,3.704,7.408,,240,,,0,,,,,,,,og-post,,,,AAXX 12024 07299 26/21 /2402 10037 20030 39785 40117 53005 333 60005 90710 91104=
07299,2008-04-12 03:00:00,3.5,1012.1,0.6,96,2.9,4000,3.704,7.408,,210,,,0,0,,,,,,,og-post,,,,AAXX 12034 07299 23740 72102 10035 20029 39788 40121 53006 8157/ 333 60007 81650 87357 90710 91104 93100 555 60005=
07299,2008-04-12 04:00:00,2.9,1012.2,0.7,96,2.3,3000,,11.112,,,,,0,,,,,,,10,og-post,,,,AAXX 12044 07299 21730 50000 10029 20023 39789 40122 51007 71022 81570 333 60005 81650 84357 90710 91106 93100=
07299,2008-04-12 05:00:00,2.8,1012.5,0.6,96,2.2,2500,3.704,7.408,,200,,,0,,,,,,,10,og-post,,,,AAXX 12054 07299 21725 72002 10028 20022 39791 40125 51006 71022 81532 333 60005 81650 84358 87075 90710 91104 93100=
07299,2008-04-12 06:00:00,4.5,1012.6,0.6,97,4.1,2500,7.408,11.112,,190,2.6,6.7,0,0,,,7.4,1.4,1,10,og-post,,,,AAXX 12064 07299 01825 71904 10045 20041 39794 40126 53006 60002 71022 84032 333 10067 20026 31001 55014 60007 70074 84358 87075 90710 91106 93100 555 60005=
07299,2008-04-12 07:00:00,6.9,1012.8,1,87,4.9,3000,11.112,14.816,,160,,,0,,,,,,,10,og-post,,,,AAXX 12074 07299 21930 71606 10069 20049 39799 40128 53010 71022 87030 333 60005 87358 90710 91108 93100=
07299,2008-04-12 08:00:00,9.2,1012.6,0.9,75,5,6000,7.408,14.816,,150,,,0,,,,,,,,og-post,,,,AAXX 12084 07299 22556 71504 10092 20050 39800 40126 51009 8113/ 333 60005 81821 85358 86360 90710 91108 93100=
07299,2008-04-12 09:00:00,9.9,1012.6,0.7,74,5.5,9000,14.816,22.224,,260,,,0,0,,,,,,,og-post,,,,AAXX 12094 07299 22559 72608 10099 20055 39801 40126 51007 84132 333 60007 84826 85358 85070 90710 91112 93100 555 60005=
07299,2008-04-12 10:00:00,10.6,1012.6,0.3,73,6,15000,18.52,25.928,,280,,,0,,,,,,,,og-post,,,,AAXX 12104 07299 22565 72810 10106 20060 39802 40126 52003 82132 333 60005 82828 83358 87070 90710 91114 93100=
07299,2008-04-12 11:00:00,11.4,1012.3,0,70,6.1,18000,18.52,29.632,,280,,,0,,,,,,,,og-post,,,,AAXX 12114 07299 26/68 /2810 10114 20061 39800 40123 50000 333 60005 90710 91116=
07299,2008-04-12 12:00:00,12.1,1012.1,-0.3,62,5,15000,18.52,31.484,,290,,,0,0,,,,,,,og-post,,,,AAXX 12124 07299 02565 72910 10121 20050 39798 40121 58003 60001 85830 333 60007 83830 83644 86358 90710 91117 93100 555 60005=
07299,2008-04-12 13:00:00,12.5,1011.9,-0.5,57,4.2,18000,18.52,29.632,,270,,,0,,,,,,,,og-post,,,,AAXX 12134 07299 22568 72710 10125 20042 39797 40119 56005 84230 333 60005 82830 84833 85357 90710 91116 93100=
07299,2008-04-12 14:00:00,13.6,1011.7,-0.3,52,3.9,25000,18.52,35.188,,280,,,0,,,,,,,,og-post,,,,AAXX 12144 07299 22675 62810 10136 20039 39796 40117 57003 84800 333 60005 82840 83846 90710 91119 93100=
07299,2008-04-12 15:00:00,13.3,1011.8,-0.1,53,3.9,25000,22.224,35.188,,290,,,0,0,,,,,,,og-post,,,,AAXX 12154 07299 22675 62912 10133 20039 39797 40118 55001 86800 333 60007 82840 83843 90710 91119 93100 555 60005=
07299,2008-04-12 16:00:00,13.1,1012.1,0.2,54,4,25000,18.52,35.188,,290,,,0,,,,,,,,og-post,,,,AAXX 12164 07299 22675 62910 10131 20040 39799 40121 53002 84231 333 60005 81840 83358 90710 91119 93100=
07299,2008-04-12 17:00:00,12.5,1012.3,0.5,53,3.2,25000,14.816,29.632,,280,,,0,,,,,,,,og-post,,,,AAXX 12174 07299 22775 52808 10125 20032 39801 40123 52005 83231 333 60005 81850 83358 90710 91116 93100=
07299,2008-04-12 18:00:00,10.3,1013,0.7,57,2.2,30000,11.112,18.52,,300,4.7,13.8,0,0,,,,,,,og-post,,,,AAXX 12184 07299 02780 43006 10103 20022 39805 40130 53007 60002 81131 333 10138 20047 60007 81850 90710 91110 93100 555 60005=
07299,2008-04-12 19:00:00,8,1014,1.3,71,3.1,30000,3.704,11.112,,250,,,0,,,,,,,,og-post,,,,AAXX 12194 07299 22880 32502 10080 20031 39812 40140 53013 82031 333 60005 82358 90710 91106 93100=
07299,2008-04-12 20:00:00,5.9,1014.9,1.7,82,3.1,25000,11.112,11.112,,240,,,0,,,,,,,,og-post,,,,AAXX 12204 07299 22875 22406 10059 20031 39818 40149 53017 81031 333 60005 81357 90710 91106 93100=
07299,2008-04-12 21:00:00,5,1015.4,1.7,83,2.4,25000,3.704,11.112,,160,,,0,0,,,,,,,og-post,,,,AAXX 12214 07299 22875 21602 10050 20024 39822 40154 51017 81031 333 60007 81357 90710 91106 93100 555 60005=
07299,2008-04-12 22:00:00,4.5,1015.8,1.3,84,2,25000,7.408,11.112,,180,,,0,,,,,,,,og-post,,,,AAXX 12224 07299 22/75 11804 10045 20020 39825 40158 51013 80001 333 60005 81075 90710 91106 93100=
07299,2008-04-12 23:00:00,3.8,1016.1,0.9,87,1.8,25000,3.704,7.408,,140,,,0,,,,,,,,og-post,,,,AAXX 12234 07299 22/75 21402 10038 20018 39827 40161 51009 80001 333 60005 82075 90710 91104 93100=
07299,2008-04-13 00:00:00,2.7,1016.2,0.5,87,0.8,25000,7.408,11.112,,160,,,0,0,,,,,,,og-post,,,,AAXX 13004 07299 02875 31604 10027 20008 39827 40162 51005 60001 82031 333 60007 82357 90710 91106 93100 555 60005=
07299,2008-04-13 01:00:00,2.9,1016,0,91,1.6,20000,7.408,11.112,,150,,,0,,,,,,,,og-post,,,,AAXX 13014 07299 26/70 /1504 10029 20016 39825 40160 50000 333 60005 90710 91106=
07299,2008-04-13 02:00:00,4.5,1015.9,-0.1,88,2.7,20000,11.112,14.816,,160,,,0,,,,,,,,og-post,,,,AAXX 13024 07299 26/70 /1606 10045 20027 39826 40159 55001 333 60005 90710 91108=
07299,2008-04-13 03:00:00,4.9,1015.9,-0,87,2.9,25000,11.112,14.816,,160,,,0,0,,,,,,,og-post,,,,AAXX 13034 07299 22675 71606 10049 20029 39827 40159 55000 8553/ 333 60007 81643 85650 86357 90710 91108 93100 555 60005=
07299,2008-04-13 04:00:00,4.5,1016.3,0.5,86,2.4,25000,11.112,18.52,,170,,,0,,,,,,,,og-post,,,,AAXX 13044 07299 22675 71706 10045 20024 39830 40163 53005 8553/ 333 60005 82646 84650 85359 90710 91110 93100=
07299,2008-04-13 05:00:00,4.9,1016.3,0.5,85,2.6,30000,14.816,18.52,,160,,,0,,,,,,,,og-post,,,,AAXX 13054 07299 22680 71608 10049 20026 39831 40163 53005 878// 333 60005 81836 86656 90710 91110 93100=
07299,2008-04-13 06:00:00,5.3,1016.6,0.7,86,3.2,30000,11.112,18.52,,150,2.5,10.1,0,0,,,0,10,-1,,og-post,,,,AAXX 13064 07299 02580 71506 10053 20032 39834 40166 53007 60002 878// 333 10101 20025 30101 55100 60007 70000 81826 83631 85656 90710 91110 93100 555 60005=
07299,2008-04-13 07:00:00,6.4,1016.6,0.6,83,3.7,30000,11.112,18.52,,160,,,0,,,,,,,,og-post,,,,AAXX 13074 07299 22580 71606 10064 20037 39835 40166 51006 878// 333 60005 81826 87635 90710 91110 93100=
07299,2008-04-13 08:00:00,9.3,1016.3,0.5,69,3.9,30000,11.112,14.816,,130,,,0,,,,,,,,og-post,,,,AAXX 13084 07299 22680 41306 10093 20039 39836 40163 51005 82830 333 60005 81843 90710 91108 93100=
07299,2008-04-13 09:00:00,11.9,1015.8,0,58,3.9,30000,7.408,18.52,,120,,,0,0,,,,,,,og-post,,,,AAXX 13094 07299 22680 41204 10119 20039 39834 40158 50000 83830 333 60007 82843 90710 91110 93100 555 60005=
07299,2008-04-13 10:00:00,14,1015.4,-0.4,54,4.8,30000,7.408,18.52,,140,,,0,,,,,,,,og-post,,,,AAXX 13104 07299 22680 41404 10140 20048 39832 40154 58004 83201 333 60005 83840 90710 91110 93100=
07299,2008-04-13 11:00:00,14.1,1014.8,-0.9,54,4.9,30000,7.408,25.928,,90,,,0,,,,,,,15,og-post,,,,AAXX 13114 07299 21680 50904 10141 20049 39827 40148 58009 71511 83201 333 60005 83843 83075 90710 91114 93100=
07299,2008-04-13 12:00:00,14.2,1014.2,-1.3,50,3.9,30000,3.704,22.224,,160,,,0,0,,,,,,15,og-post,,,,AAXX 13124 07299 01680 61602 10142 20039 39821 40142 58013 60001 71511 85801 333 60007 83846 83650 90710 91112 93100 555 60005=
07299,2008-04-13 13:00:00,13.9,1014,-1.1,52,4.2,30000,3.704,18.52,,140,,,,,,,,,,25,og-post,,,,AAXX 13134 07299 21680 71402 10139 20042 39819 40140 56011 72586 8586/ 333 69905 83846 84650 90710 91110 93100=
07299,2008-04-13 14:00:00,14.2,1013.3,-1.5,53,4.8,30000,11.112,14.816,,120,,,,,,,,,,25,og-post,,,,AAXX 13144 07299 21680 61206 10142 20048 39812 40133 58015 72586 82261 333 69905 82843 83359 90710 91108 93100=
07299,2008-04-13 15:00:00,15.3,1012.3,-1.7,49,4.7,40000,3.704,18.52,,160,,,0,,,,,,,1,og-post,,,,AAXX 13154 07299 21782 61602 10153 20047 39804 40123 58017 70186 81261 333 69907 81850 83360 90710 91110 93100 555 60005=
07299,2008-04-13 16:00:00,14.7,1011.8,-2.2,51,4.7,40000,7.408,18.52,,160,,,0,,,,,,,,og-post,,,,AAXX 13164 07299 22782 61604 10147 20047 39798 40118 56022 82261 333 60005 82850 83360 90710 91110 93100=
07299,2008-04-13 17:00:00,14.4,1011.6,-1.6,51,4.4,30000,3.704,11.112,,130,,,0,,,,,,,,og-post,,,,AAXX 13174 07299 22780 71302 10144 20044 39796 40116 56016 81262 333 60005 81850 84075 90710 91106 93100=
07299,2008-04-13 18:00:00,13.5,1011.5,-1.1,53,4.1,30000,3.704,11.112,,110,5.3,16,0,0,,,,,,1,og-post,,,,AAXX 13184 07299 01780 71102 10135 20041 39794 40115 56011 69902 70186 81162 333 10160 20053 60007 81850 87075 90710 91106 93100 555 60005=
07299,2008-04-13 19:00:00,10.4,1012,-0.2,79,6.9,30000,3.704,11.112,,260,,,0,,,,,,,,og-post,,,,AAXX 13194 07299 22780 72602 10104 20069 39796 40120 55002 82562 333 60005 82650 87075 90710 91106 93100=
07299,2008-04-13 20:00:00,8.1,1012.4,0.1,85,5.7,30000,3.704,14.816,,180,,,0,,,,,,,,og-post,,,,AAXX 13204 07299 22780 71802 10081 20057 39797 40124 53001 82532 333 60005 82650 83360 87075 90710 91108 93100=
07299,2008-04-13 21:00:00,7.6,1012.2,0.1,83,4.9,30000,11.112,14.816,,170,,,0,0,,,,,,,og-post,,,,AAXX 13214 07299 22980 41706 10076 20049 39794 40122 50001 82031 333 60007 82360 83075 90710 91108 93100 555 60005=
07299,2008-04-13 22:00:00,8,1012,-0.4,80,4.8,20000,11.112,14.816,,170,,,0,,,,,,,,og-post,,,,AAXX 13224 07299 26/70 /1706 10080 20048 39793 40120 58004 333 60005 90710 91108=
07299,2008-04-13 23:00:00,9.7,1012.8,0.5,69,4.3,30000,18.52,38.892,,240,,,0,,,,,,,,og-post,,,,AAXX 13234 07299 22780 72410 10097 20043 39802 40128 53005 85131 333 60005 81650 85360 87075 90710 91121 93100=
07299,2008-04-14 00:00:00,8.6,1013.1,1,82,5.7,20000,18.52,35.188,,250,,,0,0,,,,,,,og-post,,,,AAXX 14004 07299 02770 72510 10086 20057 39804 40131 53010 60001 85131 333 60007 81650 85360 87075 90710 91119 93100 555 60005=
07299,2008-04-14 01:00:00,7.8,1013.3,1.2,85,5.4,20000,7.408,35.188,,230,,,0,,,,,,,,og-post,,,,AAXX 14014 07299 26/70 /2304 10078 20054 39805 40133 51012 333 60005 90710 91119=
07299,2008-04-14 02:00:00,7.4,1013.2,0.2,86,5.2,20000,3.704,14.816,,220,,,0,,,,,,,,og-post,,,,AAXX 14024 07299 26/70 /2202 10074 20052 39804 40132 50002 333 60005 90710 91108=
07299,2008-04-14 03:00:00,8.5,1013.5,0.4,77,4.7,20000,25.928,42.596,,250,,,0,0,,,,,,,og-post,,,,AAXX 14034 07299 22570 82514 10085 20047 39808 40135 53004 878// 333 60007 82826 87657 90710 91123 93100 555 60005=
07299,2008-04-14 04:00:00,7.6,1013.9,0.6,82,4.7,20000,11.112,42.596,,230,,,0.2,,,,,,,60,og-post,,,,AAXX 14044 07299 21570 82306 10076 20047 39811 40139 53006 76066 8687/ 333 69925 82826 86657 87358 90710 91123 93100=
07299,2008-04-14 05:00:00,7.6,1014.4,1.1,78,4,20000,7.408,22.224,,240,,,,,,,,,,21,og-post,,,,AAXX 14054 07299 21570 82404 10076 20040 39815 40144 51011 72162 8387/ 333 69905 82830 83657 87358 90710 91112 93100=
07299,2008-04-14 06:00:00,7.6,1015,1.2,75,3.5,20000,14.816,29.632,,230,7.3,13.3,0,0.2,,0.2,0.2,4,3,3,og-post,,,,AAXX 14064 07299 01570 82308 10076 20035 39821 40150 53012 69922 70362 8687/ 333 10133 20073 31003 55040 69927 70002 82825 86632 87359 90710 91116 93100 555 60005=
07299,2008-04-14 07:00:00,8.2,1015.1,1.2,74,3.8,20000,14.816,29.632,,230,,,0,,,,,,,,og-post,,,,AAXX 14074 07299 22570 82308 10082 20038 39823 40151 51012 8687/ 333 60005 82825 86635 87360 90710 91116 93100=
07299,2008-04-14 08:00:00,8.2,1015.4,1.1,75,4,20000,22.224,31.484,,250,,,0,,,,,,,15,og-post,,,,AAXX 14084 07299 21570 82512 10082 20040 39826 40154 51011 71522 878// 333 60005 83825 87635 90710 91117 93100=
07299,2008-04-14 09:00:00,7.8,1016,1,80,4.6,15000,18.52,35.188,,260,,,0,0,,,,,,15,og-post,,,,AAXX 14094 07299 21465 82610 10078 20046 39831 40160 53010 71522 878// 333 60007 81815 85625 87636 90710 91119 93100 555 60005=
07299,2008-04-14 10:00:00,8.8,1016.2,1,75,4.6,15000,18.52,35.188,,270,,,0.2,,,,,,,25,og-post,,,,AAXX 14104 07299 21565 82710 10088 20046 39834 40162 51010 72586 8682/ 333 69925 82821 85636 88458 90710 91119 93100=
07299,2008-04-14 11:00:00,9,1016.1,0.8,78,5.4,20000,18.52,38.892,,240,,,,,,,,,,25,og-post,,,,AAXX 14114 07299 21570 82410 10090 20054 39834 40161 51008 72586 8382/ 333 69905 82823 88458 90710 91121 93100=
07299,2008-04-14 12:00:00,8.2,1016.5,0.6,79,4.8,15000,22.224,42.596,,270,,,,0.2,0.2,,,,,25,og-post,,,,AAXX 14124 07299 01565 72712 10082 20048 39836 40165 53006 69921 72586 8485/ 333 69927 84823 83358 85363 90710 91123 93100 555 69905=
07299,2008-04-14 13:00:00,8.7,1016.4,0.3,76,4.7,15000,22.224,35.188,,240,,,,,,,,,,80,og-post,,,,AAXX 14134 07299 21565 72412 10087 20047 39836 40164 50003 78086 8485/ 333 69905 83826 83358 85361 90710 91119 93100=
07299,2008-04-14 14:00:00,8.9,1016.4,0.3,72,4.1,15000,25.928,38.892,,280,,,,,,,,,,25,og-post,,,,AAXX 14144 07299 21565 72814 10089 20041 39836 40164 51003 72586 8485/ 333 69905 82828 83656 85361 90710 91121 93100=
07299,2008-04-14 15:00:00,8.9,1016.7,0.2,74,4.5,25000,14.816,35.188,,240,,,0,,,,,,,3,og-post,,,,AAXX 14154 07299 21575 72408 10089 20045 39839 40167 53002 70386 8381/ 333 69907 82826 87462 90710 91119 93100 555 60005=
07299,2008-04-14 16:00:00,7,1017,0.4,87,5,20000,14.816,38.892,,230,,,0.6,,,,,,,25,og-post,,,,AAXX 14164 07299 21570 72308 10070 20050 39840 40170 52004 72586 8381/ 333 69965 81820 87463 90710 91121 93100=
07299,2008-04-14 17:00:00,7.8,1017,0.4,80,4.6,20000,18.52,22.224,,230,,,0,,,,,,,15,og-post,,,,AAXX 14174 07299 21570 72310 10078 20046 39841 40170 51004 71522 8391/ 333 60005 81926 83650 87463 90710 91112 93100=
07299,2008-04-14 18:00:00,6,1018.2,1.1,89,4.3,10000,11.112,38.892,,280,5.9,10.3,1,2,,2,,,,80,og-post,,,,AAXX 14184 07299 01560 72806 10060 20043 39850 40182 53011 60022 78086 879// 333 10103 20059 60027 82921 83828 87650 90710 91121 93100 555 60015=
07299,2008-04-14 19:00:00,6.1,1018.7,1.4,89,4.4,20000,7.408,14.816,,250,,,,,,,,,,25,og-post,,,,AAXX 14194 07299 21570 72504 10061 20044 39855 40187 53014 72586 878// 333 69905 81830 87646 90710 91108 93100=
07299,2008-04-14 20:00:00,6.1,1018.9,1.6,87,4.1,20000,14.816,18.52,,260,,,0,,,,,,,,og-post,,,,AAXX 14204 07299 22570 72608 10061 20041 39857 40189 51016 878// 333 60005 81830 87640 90710 91110 93100=
07299,2008-04-14 21:00:00,5.9,1019,0.9,86,3.7,20000,14.816,22.224,,240,,,0,,,,,,,1,og-post,,,,AAXX 14214 07299 21570 72408 10059 20037 39858 40190 51009 70186 878// 333 69907 81830 87650 90710 91112 93100 555 60005=
07299,2008-04-14 22:00:00,5.8,1019,0.3,85,3.5,20000,14.816,22.224,,250,,,0,,,,,,,,og-post,,,,AAXX 14224 07299 22670 72508 10058 20035 39858 40190 51003 878// 333 60005 81836 87650 90710 91112 93100=
07299,2008-04-14 23:00:00,5.8,1018.9,0,85,3.5,20000,18.52,25.928,,250,,,0,,,,,,,,og-post,,,,AAXX 14234 07299 22670 72510 10058 20035 39857 40189 50000 878// 333 60005 81836 87650 90710 91114 93100=
07299,2008-04-15 00:00:00,5.1,1019,-0.1,86,3,20000,18.52,25.928,,250,,,0,0,,,,,,1,og-post,,,,AAXX 15004 07299 01670 62510 10051 20030 39857 40190 57001 69901 70186 83830 333 60007 81836 83656 90710 91114 93100 555 60005=
07299,2008-04-15 01:00:00,5.2,1018.8,-0.3,87,3.2,20000,18.52,29.632,,250,,,0,,,,,,,,og-post,,,,AAXX 15014 07299 26/70 /2510 10052 20032 39855 40188 58003 333 60005 90710 91116=
07299,2008-04-15 02:00:00,5.4,1018.8,-0.3,87,3.4,20000,18.52,31.484,,260,,,0,,,,,,,,og-post,,,,AAXX 15024 07299 26/70 /2610 10054 20034 39855 40188 58003 333 60005 90710 91117=
07299,2008-04-15 03:00:00,5.3,1018.7,-0.3,88,3.5,15000,14.816,25.928,,260,,,0,0,,,,,,,og-post,,,,AAXX 15034 07299 22465 72608 10053 20035 39854 40187 56003 878// 333 60007 81814 86650 90710 91114 93100 555 60005=
07299,2008-04-15 04:00:00,5.2,1018.8,-0,88,3.4,15000,14.816,25.928,,250,,,0,,,,,,,,og-post,,,,AAXX 15044 07299 22465 72508 10052 20034 39855 40188 55000 878// 333 60005 81814 86650 90710 91114 93100=
07299,2008-04-15 05:00:00,5.4,1018.9,0.2,88,3.6,12000,18.52,29.632,,260,,,,,,,,,,60,og-post,,,,AAXX 15054 07299 21462 82610 10054 20036 39856 40189 53002 76062 878// 333 69905 81810 87635 90710 91116 93100=
07299,2008-04-15 06:00:00,5.4,1019.4,0.7,90,3.9,9000,14.816,29.632,,260,5,6.1,0.2,0.2,,0.2,2,0.5,4,60,og-post,,,,AAXX 15064 07299 01459 72608 10054 20039 39861 40194 53007 69922 76062 878// 333 10061 20050 32004 55005 69927 70020 81810 87636 90710 91116 93100 555 69925=
07299,2008-04-15 07:00:00,6,1019.6,0.9,86,3.8,15000,22.224,31.484,,260,,,,,,,,,,21,og-post,,,,AAXX 15074 07299 21465 72612 10060 20038 39864 40196 53009 72162 878// 333 69905 81813 83644 87650 90710 91117 93100=
07299,2008-04-15 08:00:00,6.6,1020,1.1,85,4.3,15000,22.224,31.484,,260,,,0,,,,,,,,og-post,,,,AAXX 15084 07299 22465 72612 10066 20043 39868 40200 53011 878// 333 60005 81813 84645 87650 90710 91117 93100=
07299,2008-04-15 09:00:00,7.5,1020.3,1.3,79,4.1,15000,18.52,29.632,,280,,,0,,,,,,,15,og-post,,,,AAXX 15094 07299 21465 72810 10075 20041 39872 40203 53013 71562 878// 333 69907 81816 85630 87640 90710 91116 93100 555 60005=
07299,2008-04-15 10:00:00,7.9,1020.6,1.2,78,4.3,15000,22.224,31.484,,270,,,,,,,,,,25,og-post,,,,AAXX 15104 07299 21465 72712 10079 20043 39876 40206 51012 72586 878// 333 69905 81816 86626 87636 90710 91117 93100=
07299,2008-04-15 11:00:00,5.5,1021.6,1.5,88,3.7,7000,14.816,35.188,,290,,,1,,,,,,,80,og-post,,,,AAXX 15114 07299 21457 72908 10055 20037 39883 40216 53015 78086 878// 333 60015 83816 87624 90710 91119 93100=
07299,2008-04-15 12:00:00,6.2,1021.8,1.2,86,4,7000,11.112,22.224,,270,,,,1,1,,,,,80,og-post,,,,AAXX 15124 07299 01457 72706 10062 20040 39885 40218 51012 60011 78086 878// 333 60017 82812 87621 90710 91112 93100 555 69905=
07299,2008-04-15 13:00:00,5.1,1022.3,1.2,91,3.8,9000,7.408,25.928,,330,,,2,,,,,,,61,og-post,,,,AAXX 15134 07299 21459 73304 10051 20038 39889 40223 51012 76166 878// 333 60025 82812 87625 90710 91114 93100=
07299,2008-04-15 14:00:00,6.6,1021.8,0.3,83,3.9,13000,3.704,11.112,,180,,,1,,,,,,,21,og-post,,,,AAXX 15144 07299 21463 71802 10066 20039 39886 40218 50003 72162 878// 333 60015 81815 84646 87656 90710 91106 93100=
07299,2008-04-15 15:00:00,9.5,1021.1,-0.3,65,3.3,13000,3.704,7.408,,160,,,0,3,,,,,,1,og-post,,,,AAXX 15154 07299 21463 31602 10095 20033 39882 40211 58003 70161 82830 333 60037 81815 90710 91104 93100 555 60005=
07299,2008-04-15 16:00:00,9.4,1021,-0.8,69,4,13000,11.112,14.816,,180,,,0,,,,,,,15,og-post,,,,AAXX 15164 07299 21463 41806 10094 20040 39881 40210 56008 71500 83830 333 60005 81816 90710 91108 93100=
07299,2008-04-15 17:00:00,7,1021.5,-0.3,78,3.4,13000,11.112,29.632,,230,,,0,,,,,,,15,og-post,,,,AAXX 15174 07299 21463 62306 10070 20034 39883 40215 55003 71511 85830 333 60005 81816 83646 90710 91116 93100=
07299,2008-04-15 18:00:00,6.6,1021.8,0.4,77,2.9,13000,7.408,18.52,,260,5,10.1,0,0,,5,,,,15,og-post,,,,AAXX 15184 07299 01463 72604 10066 20029 39886 40218 53004 60052 71561 8593/ 333 10101 20050 60007 81816 82923 84656 90710 91110 93100 555 60005=
07299,2008-04-15 19:00:00,6.3,1022.5,1.1,83,3.6,15000,3.704,14.816,,10,,,,,,,,,,25,og-post,,,,AAXX 15194 07299 21565 70102 10063 20036 39892 40225 53011 72586 878// 333 69905 82826 87636 90710 91108 93100=
07299,2008-04-15 20:00:00,5.1,1023,1.3,86,3,12000,,14.816,,,,,,,,,,,,60,og-post,,,,AAXX 15204 07299 21562 70000 10051 20030 39896 40230 53013 76086 878// 333 69905 81830 87656 90710 91108 93100=
07299,2008-04-15 21:00:00,4.6,1023.4,1.3,92,3.4,12000,7.408,11.112,,300,,,0.2,0.2,,,,,,21,og-post,,,,AAXX 15214 07299 21562 73004 10046 20034 39899 40234 51013 72186 878// 333 69927 81823 83640 87650 90710 91106 93100 555 69925=
07299,2008-04-15 22:00:00,4.9,1023.4,0.8,92,3.7,7000,11.112,14.816,,300,,,0.2,,,,,,,63,og-post,,,,AAXX 15224 07299 21457 73006 10049 20037 39899 40234 51008 76362 878// 333 69925 83811 87616 90710 91108 93100=
07299,2008-04-15 23:00:00,4.2,1023.5,0.2,93,3.2,8000,3.704,11.112,,320,,,0.8,,,,,,,61,og-post,,,,AAXX 15234 07299 21458 73202 10042 20032 39899 40235 50002 76166 878// 333 69985 81810 87636 90710 91106 93100=
07299,2008-04-16 00:00:00,4.1,1023.2,-0.3,94,3.2,8000,3.704,7.408,,190,,,0.6,2,2,,,,,21,og-post,,,,AAXX 16004 07299 01558 71902 10041 20032 39896 40232 58003 60021 72186 8785/ 333 60027 83820 84636 87358 90710 91104 93100 555 69965=
07299,2008-04-16 01:00:00,3.9,1022.6,-1,95,3.2,10000,,3.704,,,,,0,,,,,,,,og-post,,,,AAXX 16014 07299 26/60 /0000 10039 20032 39890 40226 58010 333 60005 90710 91102=
07299,2008-04-16 02:00:00,4,1021.8,-1.5,96,3.4,3900,3.704,7.408,,100,,,0,,,,,,,,og-post,,,,AAXX 16024 07299 26/39 /1002 10040 20034 39883 40218 58015 333 60005 90710 91104=
07299,2008-04-16 03:00:00,3.6,1021.6,-1.6,96,3,4000,3.704,3.704,,210,,,0,0,,,,,,10,og-post,,,,AAXX 16034 07299 21440 72102 10036 20030 39880 40216 56016 71022 878// 333 60007 81813 87633 90710 91102 93100 555 60005=
07299,2008-04-16 04:00:00,3.8,1021.3,-1.2,96,3.2,3500,,7.408,,,,,0,,,,,,,10,og-post,,,,AAXX 16044 07299 21435 70000 10038 20032 39878 40213 56012 71022 878// 333 60005 81813 85622 87633 90710 91104 93100=
07299,2008-04-16 05:00:00,3.8,1021.3,-0.4,96,3.2,3500,3.704,11.112,,350,,,0.4,,,,,,,61,og-post,,,,AAXX 16054 07299 21335 83502 10038 20032 39878 40213 55004 76162 878// 333 69945 83809 87630 90710 91106 93100=
07299,2008-04-16 06:00:00,3.9,1021.3,-0.2,96,3.3,4000,3.704,11.112,,10,3.5,6.6,0.2,0.6,,2,7,1.6,3,21,og-post,,,,AAXX 16064 07299 01240 80102 10039 20033 39878 40213 56002 60022 72162 878// 333 10066 20035 32003 55016 69967 70070 81806 83819 87643 90710 91106 93100 555 69925=
07299,2008-04-16 07:00:00,4.4,1021.3,0,93,3.4,8000,3.704,7.408,,300,,,0,,,,,,,21,og-post,,,,AAXX 16074 07299 21358 63002 10044 20034 39878 40213 50000 72122 83830 333 60005 83808 83643 90710 91104 93100=
07299,2008-04-16 08:00:00,5.3,1021,-0.2,88,3.5,11000,7.408,14.816,,300,,,0,,,,,,,,og-post,,,,AAXX 16084 07299 22461 73004 10053 20035 39877 40210 57002 86230 333 60005 86813 83360 90710 91108 93100=
07299,2008-04-16 09:00:00,6.2,1020.5,-0.5,82,3.4,12000,7.408,14.816,,300,,,0,0,,,,,,,og-post,,,,AAXX 16094 07299 22462 73004 10062 20034 39873 40205 58005 86230 333 60007 85815 83360 90710 91108 93100 555 60005=
07299,2008-04-16 10:00:00,6.7,1019.8,-1.1,80,3.5,12000,14.816,22.224,,350,,,,,,,,,,25,og-post,,,,AAXX 16104 07299 21462 73508 10067 20035 39867 40198 58011 72586 86830 333 69905 85819 83646 90710 91112 93100=
07299,2008-04-16 11:00:00,8.3,1018.8,-1.8,62,1.5,12000,11.112,25.928,,10,,,0,,,,,,,,og-post,,,,AAXX 16114 07299 22562 60106 10083 20015 39859 40188 58018 85830 333 60005 85829 90710 91114 93100=
07299,2008-04-16 12:00:00,9.8,1017.8,-2.3,54,0.9,20000,11.112,22.224,,320,,,0,,,,,,,3,og-post,,,,AAXX 16124 07299 01570 53206 10098 20009 39851 40178 58023 69901 70386 84830 333 69907 84830 90710 91112 93100 555 60005=
07299,2008-04-16 13:00:00,8.1,1017.4,-2.2,65,1.9,20000,25.928,35.188,,350,,,0,,,,,,,,og-post,,,,AAXX 16134 07299 22670 63514 10081 20019 39845 40174 56022 85930 333 60005 82836 81940 83843 90710 91119 93100=
07299,2008-04-16 14:00:00,7.6,1017.3,-1.6,69,2.3,12000,14.816,31.484,,360,,,0,,,,,,,15,og-post,,,,AAXX 16144 07299 21562 73608 10076 20023 39843 40173 56016 71522 86960 333 60005 83828 82936 83650 90710 91117 93100=
07299,2008-04-16 15:00:00,6.8,1016.9,-1.2,70,1.7,12000,3.704,31.484,,260,,,0.8,0.8,,,,,,25,og-post,,,,AAXX 16154 07299 21562 72602 10068 20017 39839 40169 56012 72586 8696/ 333 69987 82821 82930 85633 90710 91117 93100 555 69985=
07299,2008-04-16 16:00:00,9.2,1015.8,-1.3,64,2.8,12000,11.112,25.928,,340,,,0,,,,,,,,og-post,,,,AAXX 16164 07299 22562 63406 10092 20028 39831 40158 58013 83963 333 60005 81930 83833 90710 91114 93100=
07299,2008-04-16 17:00:00,8.1,1015.7,-1.5,59,0.6,15000,14.816,25.928,,20,,,0,,,,,,,,og-post,,,,AAXX 16174 07299 22565 60208 10081 20006 39828 40157 56015 83963 333 60005 81930 83833 90710 91114 93100=
07299,2008-04-16 18:00:00,6.7,1015.3,-1.5,67,1,20000,18.52,25.928,,350,3.9,10.8,0,0,,0.8,,,,1,og-post,,,,AAXX 16184 07299 01570 33510 10067 20010 39823 40153 56015 69982 70186 83263 333 10108 20039 60007 81830 90710 91114 93100 555 60005=
07299,2008-04-16 19:00:00,5.1,1015.6,-0.7,82,2.3,20000,18.52,31.484,,350,,,0,,,,,,,,og-post,,,,AAXX 16194 07299 22570 23510 10051 20023 39824 40156 55007 81131 333 60005 81820 90710 91117 93100=
07299,2008-04-16 20:00:00,3,1016,-0.3,89,1.4,20000,14.816,29.632,,340,,,0,,,,,,,,og-post,,,,AAXX 16204 07299 22970 13408 10030 20014 39825 40160 56003 81030 333 60005 81360 90710 91116 93100=
07299,2008-04-16 21:00:00,2,1015.7,-0.2,93,1,13000,11.112,22.224,,300,,,0,0,,,,,,,og-post,,,,AAXX 16214 07299 22963 13006 10020 20010 39821 40157 58002 81030 333 60007 81360 90710 91112 93100 555 60005=
07299,2008-04-16 22:00:00,0.8,1015.3,-0.9,94,-0.1,13000,7.408,11.112,,310,,,0,,,,,,,,og-post,,,,AAXX 16224 07299 22963 13104 10008 21001 39816 40153 58009 81030 333 60005 81360 90710 91106 93100=
07299,2008-04-16 23:00:00,1,1015,-1.2,95,0.3,8000,11.112,11.112,,300,,,0,,,,,,,,og-post,,,,AAXX 16234 07299 22358 73006 10010 20003 39813 40150 56012 876// 333 60005 87606 90710 91106 93100=
07299,2008-04-17 00:00:00,2.3,1014.1,-1.5,95,1.6,5000,7.408,11.112,,320,,,0,0,,,,,,,og-post,,,,AAXX 17004 07299 02250 73204 10023 20016 39806 40141 58015 60001 876// 333 60007 87606 90710 91106 93100 555 60005=
07299,2008-04-17 01:00:00,2.3,1013.4,-1.7,94,1.4,5000,3.704,11.112,,30,,,0,,,,,,,,og-post,,,,AAXX 17014 07299 26/50 /0302 10023 20014 39799 40134 58017 333 60005 90710 91106=
07299,2008-04-17 02:00:00,2.4,1012.6,-2.1,94,1.5,5000,7.408,7.408,,340,,,0,,,,,,,,og-post,,,,AAXX 17024 07299 26/50 /3404 10024 20015 39792 40126 57021 333 60005 90710 91104=
07299,2008-04-17 03:00:00,2.1,1011.9,-2.1,94,1.2,3400,11.112,11.112,,340,,,0,0,,,,,,,og-post,,,,AAXX 17034 07299 26/34 /3406 10021 20012 39785 40119 57021 333 60007 90710 91106 555 60005=
07299,2008-04-17 04:00:00,2.5,1011.2,-2.1,94,1.6,5000,7.408,14.816,,360,,,0,,,,,,,,og-post,,,,AAXX 17044 07299 26/50 /3604 10025 20016 39778 40112 57021 333 60005 90710 91108=
07299,2008-04-17 05:00:00,2.5,1010.5,-2,92,1.3,8000,7.408,18.52,,10,,,0,,,,,,,,og-post,,,,AAXX 17054 07299 23258 70104 10025 20013 39772 40105 56020 875// 333 60005 82706 87618 90710 91110 93100=
07299,2008-04-17 06:00:00,2.5,1010.2,-1.6,89,0.9,7000,11.112,14.816,,360,0.5,6.5,0,0,,,0.8,4.9,-2,,og-post,,,,AAXX 17064 07299 02257 73606 10025 20009 39769 40102 56016 60002 875// 333 10065 20005 31102 55049 60007 70008 82706 87613 90710 91108 93100 555 60005=
07299,2008-04-17 07:00:00,3.3,1009.3,-1.7,87,1.3,12000,7.408,14.816,,350,,,0,,,,,,,,og-post,,,,AAXX 17074 07299 22362 73504 10033 20013 39761 40093 58017 8653/ 333 60005 81706 86611 90710 91108 93100=
07299,2008-04-17 08:00:00,3.7,1008.5,-1.8,85,1.4,14000,11.112,18.52,,350,,,0,,,,,,,,og-post,,,,AAXX 17084 07299 22464 63506 10037 20014 39754 40085 58018 84131 333 60005 84813 84358 90710 91110 93100=
07299,2008-04-17 09:00:00,5.2,1007.6,-2.2,79,1.9,15000,14.816,22.224,,360,,,0,0,,,,,,,og-post,,,,AAXX 17094 07299 22465 63608 10052 20019 39747 40076 56022 82131 333 60007 82815 85075 90710 91112 93100 555 60005=
07299,2008-04-17 10:00:00,6.4,1006.7,-2.2,73,1.9,20000,14.816,25.928,,360,,,0,,,,,,,,og-post,,,,AAXX 17104 07299 22570 63608 10064 20019 39739 40067 58022 81131 333 60005 81820 85359 85075 90710 91114 93100=
07299,2008-04-17 11:00:00,7.8,1005.3,-2.7,68,2.3,20000,14.816,25.928,,350,,,0,,,,,,,,og-post,,,,AAXX 17114 07299 22570 63508 10078 20023 39727 40053 58027 81131 333 60005 81823 83359 86076 90710 91114 93100=
07299,2008-04-17 12:00:00,9.5,1003.8,-3.2,62,2.6,20000,14.816,29.632,,360,,,0,0,,,,,,,og-post,,,,AAXX 17124 07299 02570 63608 10095 20026 39715 40038 58032 60001 81131 333 60007 81825 83359 86076 90710 91116 93100 555 60005=
07299,2008-04-17 13:00:00,10.9,1002.3,-3.7,62,3.9,25000,18.52,31.484,,350,,,0,,,,,,,,og-post,,,,AAXX 17134 07299 22575 73510 10109 20039 39702 40023 58037 81181 333 60005 81830 83358 86076 90710 91117 93100=
07299,2008-04-17 14:00:00,10.6,1002.1,-2.7,60,3.2,25000,14.816,29.632,,340,,,0,,,,,,,,og-post,,,,AAXX 17144 07299 22675 73408 10106 20032 39700 40021 56027 81172 333 60005 81833 86358 87076 90710 91116 93100=
07299,2008-04-17 15:00:00,10.3,1002,-1.7,60,2.9,25000,14.816,25.928,,360,,,0,0,,,,,,,og-post,,,,AAXX 17154 07299 22675 73608 10103 20029 39698 40020 56017 8117/ 333 60007 81836 84357 86459 90710 91114 93100 555 60005=
07299,2008-04-17 16:00:00,10,1001.5,-0.9,61,2.8,20000,18.52,29.632,,360,,,0,,,,,,,15,og-post,,,,AAXX 17164 07299 21770 73610 10100 20028 39693 40015 58009 71522 8551/ 333 60005 81650 85656 87458 90710 91116 93100=
07299,2008-04-17 17:00:00,8.6,1001.2,-1.1,72,3.8,15000,18.52,25.928,,350,,,,,,,,,,61,og-post,,,,AAXX 17174 07299 21665 83510 10086 20038 39689 40012 58011 76162 8552/ 333 69905 81638 85650 87457 90710 91114 93100=
07299,2008-04-17 18:00:00,7,1001.4,-0.9,84,4.5,15000,18.52,29.632,,340,2.5,11.2,0.4,0.4,,0.4,,,,60,og-post,,,,AAXX 17184 07299 01765 73410 10070 20045 39689 40014 56009 69942 76062 8652/ 333 10112 20025 69947 83650 85656 87457 90710 91116 93100 555 69945=
07299,2008-04-17 19:00:00,6.3,1001.9,-0,87,4.3,10000,14.816,22.224,,320,,,,,,,,,,60,og-post,,,,AAXX 17194 07299 21660 73208 10063 20043 39693 40019 55000 76066 8657/ 333 69905 82633 84650 87360 90710 91112 93100=
07299,2008-04-17 20:00:00,6.1,1002.3,0.8,88,4.3,12000,14.816,18.52,,320,,,,,,,,,,21,og-post,,,,AAXX 17204 07299 21662 73208 10061 20043 39697 40023 53008 72162 875// 333 69905 82633 87650 90710 91110 93100=
07299,2008-04-17 21:00:00,5.8,1002.4,0.8,89,4.1,11000,11.112,18.52,,310,,,,,,,,,,61,og-post,,,,AAXX 17214 07299 21661 83106 10058 20041 39697 40024 51008 76162 8757/ 333 69907 82633 85650 87358 90710 91110 93100 555 69905=
07299,2008-04-17 22:00:00,5.7,1002.3,0.3,90,4.2,11000,7.408,18.52,,310,,,,,,,,,,61,og-post,,,,AAXX 17224 07299 21661 83104 10057 20042 39696 40023 50003 76166 8657/ 333 69905 82633 85650 87357 90710 91110 93100=
07299,2008-04-17 23:00:00,5.6,1002.2,-0.2,92,4.4,7000,7.408,11.112,,290,,,0.2,,,,,,,61,og-post,,,,AAXX 17234 07299 21657 82904 10056 20044 39695 40022 58002 76166 8657/ 333 69925 82633 85656 87357 90710 91106 93100=
07299,2008-04-18 00:00:00,5.2,1001.8,-0.6,94,4.3,6000,3.704,7.408,,250,,,0.2,0.4,0.4,,,,,61,og-post,,,,AAXX 18004 07299 01356 82502 10052 20043 39691 40018 58006 69941 76162 878// 333 69947 82808 85613 87656 90710 91104 93100 555 69925=
07299,2008-04-18 01:00:00,5.2,1001.4,-0.9,94,4.3,4600,3.704,11.112,,260,,,,,,,,,,,og-post,,,,AAXX 18014 07299 26/46 /2602 10052 20043 39687 40014 58009 333 69905 90710 91106=
07299,2008-04-18 02:00:00,5.3,1001.3,-0.9,94,4.4,5000,,7.408,,,,,,,,,,,,,og-post,,,,AAXX 18024 07299 26/50 /0000 10053 20044 39686 40013 56009 333 69905 90710 91104=
07299,2008-04-18 03:00:00,5.3,1000.7,-1.1,93,4.3,5000,,3.704,,,,,,,,,,,,2,og-post,,,,AAXX 18034 07299 21250 80000 10053 20043 39680 40007 58011 70262 876// 333 69907 87705 90710 91102 93100 555 69905=
07299,2008-04-18 04:00:00,5.3,999.9,-1.4,94,4.4,4000,,3.704,,,,,0,,,,,,,10,og-post,,,,AAXX 18044 07299 21340 80000 10053 20044 39673 49999 58014 71022 876// 333 60005 87707 90710 91102 93100=
07299,2008-04-18 05:00:00,4.9,1000.4,-0.8,95,4.2,3000,7.408,11.112,,330,,,0,,,,,,,10,og-post,,,,AAXX 18054 07299 21330 83304 10049 20042 39677 40004 55008 71022 8753/ 333 60005 82707 85633 87360 90710 91106 93100=
07299,2008-04-18 06:00:00,5.2,1000.6,-0.1,96,4.6,3000,,11.112,,,4.7,7,0,0,,0.4,0.8,4.4,4,10,og-post,,,,AAXX 18064 07299 01330 80000 10052 20046 39679 40006 55001 69942 71062 8753/ 333 10070 20047 32004 55044 60007 70008 83707 85631 87360 90710 91106 93100 555 60005=
07299,2008-04-18 07:00:00,6.2,1000.1,0.3,95,5.5,3000,3.704,11.112,,30,,,0,,,,,,,10,og-post,,,,AAXX 18074 07299 21330 80302 10062 20055 39676 40001 50003 71022 876// 333 60005 87707 90710 91106 93100=
07299,2008-04-18 08:00:00,7.7,999.5,-0.7,86,5.5,5000,7.408,14.816,,360,,,0,,,,,,,,og-post,,,,AAXX 18084 07299 22350 53604 10077 20055 39671 49995 58007 85600 333 60005 85709 90710 91108 93100=
07299,2008-04-18 09:00:00,10.2,998.5,-1.4,77,6.4,8000,7.408,14.816,,60,,,0,0,,,,,,,og-post,,,,AAXX 18094 07299 22458 40604 10102 20064 39665 49985 58014 83101 333 60007 83814 90710 91108 93100 555 60005=
07299,2008-04-18 10:00:00,11.6,997.4,-2,70,6.3,10000,7.408,14.816,,300,,,0,,,,,,,,og-post,,,,AAXX 18104 07299 22560 33004 10116 20063 39656 49974 58020 82101 333 60005 82820 90710 91108 93100=
07299,2008-04-18 11:00:00,13.3,995.9,-2.8,66,7.1,10000,11.112,14.816,,20,,,0,,,,,,,,og-post,,,,AAXX 18114 07299 22/60 10206 10133 20071 39643 49959 58028 80001 333 60005 81075 90710 91108 93100=
07299,2008-04-18 12:00:00,14.6,994.8,-3.1,63,7.6,10000,14.816,22.224,,350,,,0,0,,,,,,,og-post,,,,AAXX 18124 07299 02/60 13508 10146 20076 39634 49948 57031 60001 80001 333 60007 81075 90710 91112 93100 555 60005=
07299,2008-04-18 13:00:00,15.3,994,-2.9,62,8.1,10000,14.816,25.928,,360,,,0,,,,,,,,og-post,,,,AAXX 18134 07299 22/60 53608 10153 20081 39627 49940 56029 80004 333 60005 85075 90710 91114 93100=
07299,2008-04-18 14:00:00,16,993.4,-2.1,61,8.5,10000,18.52,22.224,,360,,,0,,,,,,,,og-post,,,,AAXX 18144 07299 22960 73610 10160 20085 39622 49934 56021 81032 333 60005 81363 87073 90710 91112 93100=
07299,2008-04-18 15:00:00,15.4,993.1,-1.5,62,8.2,10000,18.52,25.928,,360,,,0,0,,,,,,,og-post,,,,AAXX 18154 07299 22960 73610 10154 20082 39618 49931 56015 82032 333 60007 82363 87073 90710 91114 93100 555 60005=
07299,2008-04-18 16:00:00,14.5,992.3,-1.9,69,8.9,10000,14.816,25.928,,360,,,0,,,,,,,,og-post,,,,AAXX 18164 07299 22960 73608 10145 20089 39610 49923 58019 83032 333 60005 83364 87073 90710 91114 93100=
07299,2008-04-18 17:00:00,14.4,991.9,-1.6,68,8.6,10000,14.816,22.224,,360,,,0,,,,,,,,og-post,,,,AAXX 18174 07299 22960 73608 10144 20086 39606 49919 56016 85072 333 60005 85362 87073 90710 91112 93100=
07299,2008-04-18 18:00:00,14,991.9,-1.2,69,8.4,10000,7.408,42.596,,360,5.2,16.1,0,0,,,,,,,og-post,,,,AAXX 18184 07299 02960 83604 10140 20084 39605 49919 56012 60002 86072 333 10161 20052 60007 86360 87073 90710 91123 93100 555 60005=
07299,2008-04-18 19:00:00,13.3,991.3,-1.1,74,8.8,12000,11.112,14.816,,350,,,0,,,,,,,,og-post,,,,AAXX 18194 07299 22962 83506 10133 20088 39599 49913 58011 8707/ 333 60005 84358 87460 90710 91108 93100=
07299,2008-04-18 20:00:00,12.6,991.2,-0.9,73,7.9,13000,11.112,18.52,,350,,,0,,,,,,,14,og-post,,,,AAXX 18204 07299 21963 83506 10126 20079 39597 49912 58009 71422 8707/ 333 60005 83358 87461 90710 91110 93100=
07299,2008-04-18 21:00:00,11.9,990.9,-1.2,79,8.4,12000,7.408,18.52,,320,,,0,0,,,,,,,og-post,,,,AAXX 18214 07299 22962 83204 10119 20084 39593 49909 56012 8707/ 333 60007 84359 87461 90710 91110 93100 555 60005=
07299,2008-04-18 22:00:00,11.1,991.4,-0.2,81,8,12000,7.408,11.112,,270,,,0,,,,,,,,og-post,,,,AAXX 18224 07299 22962 82704 10111 20080 39597 49914 55002 8707/ 333 60005 84358 87460 90710 91106 93100=
07299,2008-04-18 23:00:00,11.1,991.6,0.2,79,7.6,12000,14.816,18.52,,300,,,,,,,,,,21,og-post,,,,AAXX 18234 07299 21862 83008 10111 20076 39599 49916 53002 72162 8157/ 333 69905 81656 85358 87460 90710 91110 93100=
07299,2008-04-19 00:00:00,10.4,991.5,0.4,80,7.1,12000,7.408,22.224,,360,,,0,,,,,,,1,og-post,,,,AAXX 19004 07299 01862 83604 10104 20071 39597 49915 50004 69901 70162 8707/ 333 69907 82358 84359 87463 90710 91112 93100 555 60005=
07299,2008-04-19 01:00:00,9.3,992,0.4,86,7.1,10000,7.408,11.112,,290,,,0,,,,,,,,og-post,,,,AAXX 19014 07299 26/60 /2904 10093 20071 39601 49920 53004 333 60005 90710 91106=
07299,2008-04-19 02:00:00,9.3,992.8,1.1,85,6.9,12000,7.408,14.816,,260,,,0,,,,,,,,og-post,,,,AAXX 19024 07299 26/62 /2604 10093 20069 39609 49928 53011 333 60005 90710 91108=
07299,2008-04-19 03:00:00,9.6,993.9,2.2,83,6.9,10000,,11.112,,,,,,,,,,,,95,og-post,,,,AAXX 19034 07299 21560 80000 10096 20069 39620 49939 53022 79598 879// 333 69907 81923 87641 90710 91106 93100 555 69905=
07299,2008-04-19 04:00:00,9.1,995.3,3.3,91,7.7,8000,3.704,22.224,,70,,,2,,,,,,,29,og-post,,,,AAXX 19044 07299 21558 70702 10091 20077 39633 49953 53033 72998 8696/ 333 60025 81923 83650 85656 90710 91112 93100=
07299,2008-04-19 05:00:00,9,996.9,3.8,91,7.6,11000,3.704,14.816,,230,,,0,,,,,,,,og-post,,,,AAXX 19054 07299 22561 72302 10090 20076 39648 49969 53038 8687/ 333 60005 81823 84641 85650 90710 91108 93100=
07299,2008-04-19 06:00:00,9.1,998.3,4.2,84,6.5,17000,11.112,38.892,,250,8.9,13.9,,2,,2,1.6,6.3,8,60,og-post,,,,AAXX 19064 07299 01567 82506 10091 20065 39662 49983 52042 60022 76098 8687/ 333 10139 20089 32008 55063 60027 70016 81821 86645 86357 90710 91121 93100 555 69905=
07299,2008-04-19 07:00:00,9.5,999.3,3.9,81,6.4,15000,18.52,29.632,,240,,,0.2,,,,,,,60,og-post,,,,AAXX 19074 07299 21565 82410 10095 20064 39672 49993 51039 76066 878// 333 69925 81821 83636 87650 90710 91116 93100=
07299,2008-04-19 08:00:00,10.9,1000.2,3.4,73,6.3,15000,22.224,46.3,,240,,,,,,,,,,21,og-post,,,,AAXX 19084 07299 21565 82412 10109 20063 39682 40002 51034 72162 8583/ 333 69905 81821 85636 85358 90710 91125 93100=
07299,2008-04-19 09:00:00,11.7,1000.6,2.5,71,6.6,20000,25.928,42.596,,230,,,0,0.2,,,,,,3,og-post,,,,AAXX 19094 07299 21570 72314 10117 20066 39687 40006 51025 70362 878// 333 69927 81821 87632 90710 91123 93100 555 60005=
07299,2008-04-19 10:00:00,13.1,1001,2,64,6.5,30000,25.928,50.004,,240,,,0,,,,,,,,og-post,,,,AAXX 19104 07299 22580 72414 10131 20065 39692 40010 51020 878// 333 60005 83830 85646 90710 91127 93100=
07299,2008-04-19 11:00:00,14.6,1001.4,1.7,63,7.6,30000,31.484,53.708,,240,,,0,,,,,,,,og-post,,,,AAXX 19114 07299 22580 72417 10146 20076 39698 40014 52017 878// 333 60005 82830 83840 87650 90710 91129 93100=
07299,2008-04-19 12:00:00,14.6,1001.9,1.4,55,5.7,30000,22.224,46.3,,240,,,0,0,0.2,,,,,1,og-post,,,,AAXX 19124 07299 01680 72412 10146 20057 39702 40019 51014 69921 70162 85802 333 60007 82840 84656 90710 91125 93100 555 60005=
07299,2008-04-19 13:00:00,15.4,1002,1.1,56,6.7,40000,18.52,38.892,,260,,,0,,,,,,,,og-post,,,,AAXX 19134 07299 22682 52610 10154 20067 39704 40020 51011 84262 333 60005 81843 83357 90710 91121 93100=
07299,2008-04-19 14:00:00,16.4,1001.6,0.2,49,5.7,40000,18.52,35.188,,280,,,0,,,,,,,,og-post,,,,AAXX 19144 07299 22682 22810 10164 20057 39701 40016 50002 81202 333 60005 81846 90710 91119 93100=
07299,2008-04-19 15:00:00,16.8,1001,-0.6,47,5.4,40000,18.52,31.484,,290,,,0,0,,,,,,,og-post,,,,AAXX 19154 07299 22682 12910 10168 20054 39696 40010 58006 81202 333 60007 81846 90710 91117 93100 555 60005=
07299,2008-04-19 16:00:00,16.8,1001,-0.7,49,6,40000,14.816,31.484,,320,,,0,,,,,,,,og-post,,,,AAXX 19164 07299 22682 23208 10168 20060 39696 40010 56007 81261 333 60005 81846 90710 91117 93100=
07299,2008-04-19 17:00:00,15.7,1001.4,-0.2,47,4.4,40000,11.112,25.928,,350,,,0,,,,,,,14,og-post,,,,AAXX 19174 07299 21682 33506 10157 20044 39699 40014 55002 71400 81261 333 60005 82846 90710 91114 93100=
07299,2008-04-19 18:00:00,14.4,1001.8,0.5,54,5.2,40000,7.408,14.816,,350,9.1,17,0,0,,0.2,,,,14,og-post,,,,AAXX 19184 07299 01682 23504 10144 20052 39701 40018 53005 69922 71411 81261 333 10170 20091 60007 81846 90710 91108 93100 555 60005=
07299,2008-04-19 19:00:00,11.8,1002.7,1.1,67,5.9,40000,,11.112,,,,,0,,,,,,,,og-post,,,,AAXX 19194 07299 22/82 10000 10118 20059 39707 40027 53011 80001 333 60005 81075 90710 91106 93100=
07299,2008-04-19 20:00:00,8.6,1003.5,1.2,82,5.7,30000,7.408,11.112,,160,,,0,,,,,,,,og-post,,,,AAXX 19204 07299 22/80 11604 10086 20057 39711 40035 53012 80001 333 60005 81075 90710 91106 93100=
07299,2008-04-19 21:00:00,7.1,1004,1.3,88,5.3,30000,,7.408,,,,,0,0,,,,,,,og-post,,,,AAXX 19214 07299 22980 00000 10071 20053 39714 40040 51013 333 60007 90710 91104 93100 555 60005=
07299,2008-04-19 22:00:00,6.5,1004.1,0.8,86,4.3,30000,7.408,7.408,,170,,,0,,,,,,,,og-post,,,,AAXX 19224 07299 22980 01704 10065 20043 39715 40041 51008 333 60005 90710 91104 93100=
07299,2008-04-19 23:00:00,6.7,1004.3,0.6,89,5,30000,7.408,11.112,,180,,,0,,,,,,,,og-post,,,,AAXX 19234 07299 22980 01804 10067 20050 39717 40043 51006 333 60005 90710 91106 93100=
07299,2008-04-20 00:00:00,4.8,1004.6,0.2,89,3.1,30000,,11.112,,,,,0,0,,,,,,,og-post,,,,AAXX 20004 07299 02980 00000 10048 20031 39717 40046 52002 60001 333 60007 90710 91106 93100 555 60005=
07299,2008-04-20 01:00:00,3.6,1004.6,0.1,93,2.6,20000,3.704,7.408,,250,,,0,,,,,,,,og-post,,,,AAXX 20014 07299 26/70 /2502 10036 20026 39716 40046 50001 333 60005 90710 91104=
07299,2008-04-20 02:00:00,3.8,1004.7,-0,94,2.9,20000,3.704,7.408,,260,,,0,,,,,,,,og-post,,,,AAXX 20024 07299 26/70 /2602 10038 20029 39717 40047 55000 333 60005 90710 91104=
07299,2008-04-20 03:00:00,3.3,1004.5,-0.2,94,2.4,20000,,3.704,,,,,0,0,,,,,,,og-post,,,,AAXX 20034 07299 22970 50000 10033 20024 39715 40045 58002 81031 333 60007 81364 85075 90710 91102 93100 555 60005=
07299,2008-04-20 04:00:00,3.2,1004.6,-0.1,95,2.5,20000,3.704,3.704,,200,,,0,,,,,,,,og-post,,,,AAXX 20044 07299 22970 52002 10032 20025 39715 40046 58001 81031 333 60005 81361 85075 90710 91102 93100=
07299,2008-04-20 05:00:00,4.1,1004,-0.5,96,3.5,30000,3.704,7.408,,110,,,0,,,,,,,,og-post,,,,AAXX 20054 07299 22980 61102 10041 20035 39711 40040 58005 84031 333 60005 84361 85075 90710 91104 93100=
07299,2008-04-20 06:00:00,5.4,1003.9,-0.4,96,4.8,30000,3.704,7.408,,300,2.4,14.2,0,0,,,0.2,5.9,-1,,og-post,,,,AAXX 20064 07299 02980 73002 10054 20048 39711 40039 58004 60002 85031 333 10142 20024 30101 55059 60007 70002 85361 85075 90710 91104 93100 555 60005=
07299,2008-04-20 07:00:00,6.9,1004.3,0.2,92,5.7,30000,7.408,11.112,,330,,,0,,,,,,,,og-post,,,,AAXX 20074 07299 22980 73304 10069 20057 39717 40043 53002 8703/ 333 60005 87360 90710 91106 93100=
07299,2008-04-20 08:00:00,8,1004.6,0.8,89,6.3,30000,7.408,14.816,,300,,,0,,,,,,,,og-post,,,,AAXX 20084 07299 22980 73004 10080 20063 39721 40046 53008 8703/ 333 60005 87360 90710 91108 93100=
07299,2008-04-20 09:00:00,10.1,1004.4,1.1,83,7.3,30000,7.408,14.816,,340,,,0,0,,,,,,,og-post,,,,AAXX 20094 07299 22980 73404 10101 20073 39722 40044 51011 8703/ 333 60007 83360 87362 90710 91108 93100 555 60005=
07299,2008-04-20 10:00:00,11.2,1004.2,0.4,73,6.5,30000,11.112,14.816,,310,,,0,,,,,,,,og-post,,,,AAXX 20104 07299 22880 73106 10112 20065 39721 40042 50004 8703/ 333 60005 82357 87360 90710 91108 93100=
07299,2008-04-20 11:00:00,13.4,1003.5,-0.4,64,6.7,30000,11.112,22.224,,310,,,0,,,,,,,,og-post,,,,AAXX 20114 07299 22980 73106 10134 20067 39717 40035 58004 8703/ 333 60005 82358 87362 90710 91112 93100=
07299,2008-04-20 12:00:00,14.7,1003.2,-0.7,62,7.5,30000,11.112,18.52,,310,,,0,0,,,,,,,og-post,,,,AAXX 20124 07299 02880 73106 10147 20075 39715 40032 58007 60001 8753/ 333 60007 82656 87360 90710 91110 93100 555 60005=
07299,2008-04-20 13:00:00,14.6,1003.1,-0.6,62,7.4,30000,14.816,22.224,,10,,,0,,,,,,,,og-post,,,,AAXX 20134 07299 22880 70108 10146 20074 39714 40031 56006 8253/ 333 60005 82656 83358 87360 90710 91112 93100=
07299,2008-04-20 14:00:00,14.9,1002.4,-1,55,5.9,30000,14.816,22.224,,360,,,0,,,,,,,,og-post,,,,AAXX 20144 07299 22880 73608 10149 20059 39708 40024 58010 8253/ 333 60005 82656 83360 87362 90710 91112 93100=
07299,2008-04-20 15:00:00,15.4,1001.1,-1.9,64,8.6,30000,18.52,29.632,,350,,,0,0,,,,,,,og-post,,,,AAXX 20154 07299 22980 63510 10154 20086 39696 40011 58019 83031 333 60007 83362 85075 90710 91116 93100 555 60005=
07299,2008-04-20 16:00:00,14.8,1001,-2.1,66,8.5,30000,14.816,29.632,,320,,,0,,,,,,,,og-post,,,,AAXX 20164 07299 22980 73208 10148 20085 39694 40010 56021 8703/ 333 60005 87362 90710 91116 93100=
07299,2008-04-20 17:00:00,13.8,1000.4,-2.1,74,9.3,20000,18.52,29.632,,330,,,0,,,,,,,,og-post,,,,AAXX 20174 07299 22970 73310 10138 20093 39687 40004 56021 8703/ 333 60005 87360 90710 91116 93100=
07299,2008-04-20 18:00:00,13.2,1000,-1.2,78,9.5,20000,11.112,25.928,,330,5.6,16,0,0,,,,,,,og-post,,,,AAXX 20184 07299 02970 73306 10132 20095 39683 40000 58012 60002 8703/ 333 10160 20056 60007 87362 90710 91114 93100 555 60005=
07299,2008-04-20 19:00:00,12.8,1000.1,-1.1,80,9.4,15000,14.816,22.224,,340,,,0,,,,,,,,og-post,,,,AAXX 20194 07299 22965 83408 10128 20094 39683 40001 56011 8707/ 333 60005 87363 90710 91112 93100=
07299,2008-04-20 20:00:00,12.7,1000,-0.4,81,9.5,15000,11.112,14.816,,10,,,0,,,,,,,,og-post,,,,AAXX 20204 07299 22965 80106 10127 20095 39682 40000 56004 8707/ 333 60005 87364 90710 91108 93100=
07299,2008-04-20 21:00:00,10.1,1000.2,-0.2,89,8.4,15000,3.704,11.112,,330,,,0,0,,,,,,,og-post,,,,AAXX 20214 07299 22965 73302 10101 20084 39681 40002 58002 82031 333 60007 82364 87075 90710 91106 93100 555 60005=
07299,2008-04-20 22:00:00,9.5,1000,-0.5,92,8.3,12000,7.408,11.112,,290,,,0,,,,,,,,og-post,,,,AAXX 20224 07299 22962 72904 10095 20083 39679 40000 57005 82031 333 60005 82363 87075 90710 91106 93100=
07299,2008-04-20 23:00:00,9.6,999.6,-0.7,94,8.7,7000,7.408,7.408,,310,,,0,,,,,,,,og-post,,,,AAXX 20234 07299 22957 73104 10096 20087 39675 49996 58007 8703/ 333 60005 87364 90710 91104 93100=
07299,2008-04-21 00:00:00,9,998.9,-1.4,93,7.9,8000,7.408,14.816,,330,,,0,0,,,,,,,og-post,,,,AAXX 21004 07299 02958 73304 10090 20079 39667 49989 58014 60001 81031 333 60007 81363 87075 90710 91108 93100 555 60005=
07299,2008-04-21 01:00:00,8,999.4,-0.8,94,7.1,17000,7.408,11.112,,250,,,0,,,,,,,,og-post,,,,AAXX 21014 07299 26/67 /2504 10080 20071 39671 49994 55008 333 60005 90710 91106=
07299,2008-04-21 02:00:00,7.5,999.8,-0.1,95,6.8,15000,7.408,11.112,,240,,,0,,,,,,,,og-post,,,,AAXX 21024 07299 26/65 /2404 10075 20068 39674 49998 55001 333 60005 90710 91106=
07299,2008-04-21 03:00:00,7.8,999.4,0.4,94,6.9,15000,7.408,11.112,,290,,,0,0,,,,,,,og-post,,,,AAXX 21034 07299 22965 72904 10078 20069 39671 49994 50004 82031 333 60007 82364 87075 90710 91106 93100 555 60005=
07299,2008-04-21 04:00:00,7.3,998.9,-0.5,94,6.4,15000,7.408,14.816,,300,,,0,,,,,,,,og-post,,,,AAXX 21044 07299 22965 73004 10073 20064 39665 49989 58005 8703/ 333 60005 87361 90710 91108 93100=
07299,2008-04-21 05:00:00,8.1,999,-0.7,93,7,15000,11.112,18.52,,310,,,0,,,,,,,,og-post,,,,AAXX 21054 07299 22965 73106 10081 20070 39667 49990 55007 8703/ 333 60005 87361 90710 91110 93100=
07299,2008-04-21 06:00:00,8.6,999.5,0.2,92,7.4,15000,11.112,18.52,,300,7.1,13.2,0,0,,,0,1.7,4,,og-post,,,,AAXX 21064 07299 02965 83006 10086 20074 39673 49995 53002 60002 8707/ 333 10132 20071 30004 55017 60007 70000 87362 90710 91110 93100 555 60005=
07299,2008-04-21 07:00:00,9.6,999.3,0.6,90,8,15000,11.112,18.52,,330,,,0,,,,,,,,og-post,,,,AAXX 21074 07299 22465 83306 10096 20080 39672 49993 50006 8387/ 333 60005 81813 83650 87358 90710 91110 93100=
07299,2008-04-21 08:00:00,10.5,999.7,1,85,8.1,15000,,14.816,,,,,0,,,,,,,,og-post,,,,AAXX 21084 07299 22465 70000 10105 20081 39677 49997 51010 8487/ 333 60005 83810 87360 90710 91108 93100=
07299,2008-04-21 09:00:00,11.6,999.4,0.1,83,8.8,10000,7.408,11.112,,260,,,0,0,,,,,,,og-post,,,,AAXX 21094 07299 22460 72604 10116 20088 39675 49994 52001 878// 333 60007 81811 85620 87643 90710 91106 93100 555 60005=
07299,2008-04-21 10:00:00,10.8,999.9,0.7,88,8.9,5000,7.408,11.112,,260,,,0.4,,,,,,,61,og-post,,,,AAXX 21104 07299 21450 72604 10108 20089 39679 49999 51007 76162 878// 333 69945 81811 87621 90710 91106 93100=
07299,2008-04-21 11:00:00,10.3,1000,0.3,93,9.2,4500,7.408,11.112,,240,,,4,,,,,,,63,og-post,,,,AAXX 21114 07299 21445 72404 10103 20092 39680 40000 53003 76366 878// 333 60045 81811 85618 87633 90710 91106 93100=
07299,2008-04-21 12:00:00,10.3,1000.3,0.7,94,9.4,3500,3.704,11.112,,330,,,3,7,7,,,,,63,og-post,,,,AAXX 21124 07299 01335 73302 10103 20094 39682 40003 51007 60071 76362 878// 333 60077 81806 85813 87623 90710 91106 93100 555 60035=
07299,2008-04-21 13:00:00,10.6,1000.2,0.2,90,9,10000,3.704,22.224,,270,,,2,,,,,,,61,og-post,,,,AAXX 21134 07299 21360 72702 10106 20090 39682 40002 50002 76166 878// 333 60025 82807 85815 87631 90710 91112 93100=
07299,2008-04-21 14:00:00,10.4,1000.5,0.4,89,8.7,12000,14.816,29.632,,270,,,0.4,,,,,,,61,og-post,,,,AAXX 21144 07299 21462 72708 10104 20087 39684 40005 52004 76166 878// 333 69945 81810 83615 87640 90710 91116 93100=
07299,2008-04-21 15:00:00,10.6,1000.5,0.3,90,9,12000,11.112,18.52,,260,,,1,3,,,,,,61,og-post,,,,AAXX 21154 07299 21462 72606 10106 20090 39685 40005 53003 76166 878// 333 60037 81810 83616 87641 90710 91110 93100 555 60015=
07299,2008-04-21 16:00:00,10.4,1000.9,0.6,91,9,13000,14.816,29.632,,250,,,1,,,,,,,61,og-post,,,,AAXX 21164 07299 21463 72508 10104 20090 39688 40009 53006 76166 878// 333 60015 81813 83620 87649 90710 91116 93100=
07299,2008-04-21 17:00:00,10.4,1001.3,0.9,93,9.3,13000,7.408,22.224,,250,,,1,,,,,,,61,og-post,,,,AAXX 21174 07299 21463 72504 10104 20093 39692 40013 53009 76166 878// 333 60015 81813 83620 87650 90710 91112 93100=
07299,2008-04-21 18:00:00,10.1,1001.9,1.3,93,9,10000,7.408,18.52,,250,8.6,11.8,0.8,3,,13,,,,61,og-post,,,,AAXX 21184 07299 01460 72504 10101 20090 39698 40019 53013 60132 76166 878// 333 10118 20086 60037 81813 83620 87645 90710 91110 93100 555 69985=
07299,2008-04-21 19:00:00,9.8,1002.3,1.3,93,8.7,9000,11.112,18.52,,240,,,0.4,,,,,,,61,og-post,,,,AAXX 21194 07299 21559 72406 10098 20087 39701 40023 51013 76166 875// 333 69945 83625 87650 87656 90710 91110 93100=
07299,2008-04-21 20:00:00,9.7,1002.6,1.2,92,8.5,9000,14.816,22.224,,250,,,0.4,,,,,,,61,og-post,,,,AAXX 21204 07299 21559 72508 10097 20085 39704 40026 51012 76166 875// 333 69945 82625 87650 90710 91112 93100=
07299,2008-04-21 21:00:00,9.7,1002.7,0.7,93,8.6,9000,14.816,22.224,,240,,,,0.8,,,,,,61,og-post,,,,AAXX 21214 07299 21559 72408 10097 20086 39705 40027 51007 76166 875// 333 69987 82625 84633 87643 90710 91112 93100 555 69905=
07299,2008-04-21 22:00:00,9.7,1002.7,0.4,93,8.6,9000,14.816,25.928,,250,,,0.4,,,,,,,61,og-post,,,,AAXX 21224 07299 21659 72508 10097 20086 39705 40027 51004 76166 875// 333 69945 82633 87643 90710 91114 93100=
07299,2008-04-21 23:00:00,9.5,1002.7,0.1,92,8.3,9000,18.52,31.484,,250,,,0.4,,,,,,,61,og-post,,,,AAXX 21234 07299 21659 72510 10095 20083 39705 40027 51001 76166 875// 333 69945 85643 87650 90710 91117 93100=
07299,2008-04-22 00:00:00,9.5,1002.9,0.2,92,8.3,9000,18.52,31.484,,260,,,0.8,2,2,,,,,61,og-post,,,,AAXX 22004 07299 01659 72610 10095 20083 39707 40029 53002 60021 76166 875// 333 60027 85643 87650 90710 91117 93100 555 69985=
07299,2008-04-22 01:00:00,9.5,1003.1,0.4,92,8.3,14000,18.52,29.632,,250,,,0.8,,,,,,,,og-post,,,,AAXX 22014 07299 26/64 /2510 10095 20083 39709 40031 53004 333 69985 90710 91116=
07299,2008-04-22 02:00:00,9.4,1003.2,0.4,94,8.5,15000,14.816,31.484,,260,,,2,,,,,,,,og-post,,,,AAXX 22024 07299 26/65 /2608 10094 20085 39709 40032 51004 333 60025 90710 91117=
07299,2008-04-22 03:00:00,9.5,1002.8,-0.1,93,8.4,9000,22.224,31.484,,260,,,1,3,,,,,,61,og-post,,,,AAXX 22034 07299 21659 72612 10095 20084 39706 40028 58001 76162 875// 333 60037 87643 90710 91117 93100 555 60015=
07299,2008-04-22 04:00:00,9.6,1002.7,-0.4,92,8.4,9000,25.928,38.892,,260,,,0.8,,,,,,,61,og-post,,,,AAXX 22044 07299 21659 72614 10096 20084 39705 40027 58004 76166 875// 333 69985 87643 90710 91121 93100=
07299,2008-04-22 05:00:00,9.6,1003.2,-0,92,8.4,9000,25.928,42.596,,260,,,0.6,,,,,,,61,og-post,,,,AAXX 22054 07299 21659 72614 10096 20084 39710 40032 55000 76166 875// 333 69965 87646 87650 90710 91123 93100=
07299,2008-04-22 06:00:00,9.6,1003.6,0.9,92,8.4,9000,25.928,42.596,,260,9.4,10.1,2,3,,9,22,0,9,61,og-post,,,,AAXX 22064 07299 01559 72614 10096 20084 39714 40036 53009 60092 76162 875// 333 10101 20094 32009 55000 60037 70220 82630 87643 90710 91123 93100 555 60025=
07299,2008-04-22 07:00:00,9.7,1004.4,1.6,92,8.5,8000,25.928,42.596,,260,,,2,,,,,,,61,og-post,,,,AAXX 22074 07299 21458 82614 10097 20085 39721 40044 53016 76166 878// 333 60025 81810 87640 90710 91123 93100=
07299,2008-04-22 08:00:00,9.9,1004.9,1.8,92,8.7,8000,29.632,46.3,,260,,,1,,,,,,,61,og-post,,,,AAXX 22084 07299 21458 82616 10099 20087 39726 40049 52018 76166 878// 333 60015 81811 85640 87650 90710 91125 93100=
07299,2008-04-22 09:00:00,10.2,1005.6,1.9,91,8.8,10000,25.928,50.004,,260,,,0.6,4,,,,,,61,og-post,,,,AAXX 22094 07299 21460 82614 10102 20088 39734 40056 53019 76166 878// 333 60047 81810 85638 87650 90710 91127 93100 555 69965=
07299,2008-04-22 10:00:00,10.4,1006.1,1.9,92,9.2,9000,22.224,42.596,,270,,,0.4,,,,,,,61,og-post,,,,AAXX 22104 07299 21459 82712 10104 20092 39739 40061 51019 76166 878// 333 69945 81810 87635 90710 91123 93100=
07299,2008-04-22 11:00:00,10.6,1006.6,1.6,91,9.2,15000,29.632,42.596,,260,,,0.6,,,,,,,21,og-post,,,,AAXX 22114 07299 21465 82616 10106 20092 39744 40066 51016 72162 878// 333 69965 81815 87636 90710 91123 93100=
07299,2008-04-22 12:00:00,10.8,1007.1,1.4,88,8.9,20000,29.632,42.596,,260,,,0,1,5,,,,,3,og-post,,,,AAXX 22124 07299 01470 82616 10108 20089 39749 40071 52014 60051 70362 878// 333 60017 81815 87634 90710 91123 93100 555 60005=
07299,2008-04-22 13:00:00,10.7,1008.2,2,88,8.8,20000,25.928,42.596,,260,,,0,,,,,,,,og-post,,,,AAXX 22134 07299 22470 82614 10107 20088 39759 40082 53020 878// 333 60005 81811 87630 90710 91123 93100=
07299,2008-04-22 14:00:00,10.5,1008.9,2.2,90,8.9,18000,22.224,38.892,,260,,,0,,,,,,,,og-post,,,,AAXX 22144 07299 22468 82612 10105 20089 39766 40089 52022 878// 333 60005 81811 87628 90710 91121 93100=
07299,2008-04-22 15:00:00,10.4,1009.5,2.2,91,9,9000,22.224,35.188,,260,,,0.2,0.2,,,,,,60,og-post,,,,AAXX 22154 07299 21459 82612 10104 20090 39772 40095 51022 76062 878// 333 69927 81811 87627 90710 91119 93100 555 69925=
07299,2008-04-22 16:00:00,10.3,1009.9,1.6,93,9.2,7000,18.52,35.188,,250,,,0.6,,,,,,,61,og-post,,,,AAXX 22164 07299 21457 82510 10103 20092 39775 40099 51016 76166 878// 333 69965 81811 87629 90710 91119 93100=
07299,2008-04-22 17:00:00,10.3,1010.4,1.4,92,9.1,8000,18.52,29.632,,250,,,1,,,,,,,61,og-post,,,,AAXX 22174 07299 21458 82510 10103 20091 39780 40104 51014 76166 878// 333 60015 81811 87631 90710 91116 93100=
07299,2008-04-22 18:00:00,10.3,1011,1.4,92,9.1,7000,14.816,29.632,,250,9.6,10.9,2,3,,8,,,,61,og-post,,,,AAXX 22184 07299 01457 82508 10103 20091 39786 40110 53014 60082 76162 878// 333 10109 20096 60037 81811 87629 90710 91116 93100 555 60025=
07299,2008-04-22 19:00:00,10.3,1012,2,92,9.1,7000,3.704,25.928,,70,,,0.6,,,,,,,61,og-post,,,,AAXX 22194 07299 21457 80702 10103 20091 39796 40120 53020 76166 878// 333 69965 81811 87631 90710 91114 93100=
07299,2008-04-22 20:00:00,10.1,1012.9,2.4,94,9.2,6000,3.704,7.408,,90,,,1,,,,,,,61,og-post,,,,AAXX 22204 07299 21456 80902 10101 20092 39804 40129 53024 76166 878// 333 60015 81811 87631 90710 91104 93100=
07299,2008-04-22 21:00:00,10,1013.4,2.3,96,9.4,2500,3.704,11.112,,80,,,0.6,2,,,,,,58,og-post,,,,AAXX 22214 07299 21425 80802 10100 20094 39809 40134 51023 75866 875// 333 60027 83710 87627 90710 91106 93100 555 69965=
07299,2008-04-22 22:00:00,9.9,1013.8,1.7,97,9.4,2000,3.704,7.408,,170,,,0.2,,,,,,,58,og-post,,,,AAXX 22224 07299 21420 81702 10099 20094 39813 40138 51017 75866 875// 333 69925 83712 87625 90710 91104 93100=
07299,2008-04-22 23:00:00,9.9,1014.2,1.3,97,9.4,2500,3.704,7.408,,180,,,0.8,,,,,,,58,og-post,,,,AAXX 22234 07299 21425 81802 10099 20094 39817 40142 51013 75866 875// 333 69985 83712 87623 90710 91104 93100=
07299,2008-04-23 00:00:00,9.9,1014.5,1,97,9.4,5000,3.704,7.408,,210,,,0.6,2,4,,,,,58,og-post,,,,AAXX 23004 07299 01450 82102 10099 20094 39819 40145 51010 60041 75866 875// 333 60027 82712 85625 87650 90710 91104 93100 555 69965=
07299,2008-04-23 01:00:00,9.9,1014.6,0.7,97,9.4,4400,3.704,7.408,,200,,,1,,,,,,,,og-post,,,,AAXX 23014 07299 26/44 /2002 10099 20094 39820 40146 51007 333 60015 90710 91104=
07299,2008-04-23 02:00:00,9.9,1014.9,0.6,97,9.4,2700,3.704,11.112,,110,,,2,,,,,,,,og-post,,,,AAXX 23024 07299 26/27 /1102 10099 20094 39823 40149 53006 333 60025 90710 91106=
07299,2008-04-23 03:00:00,9.8,1015.2,0.7,97,9.3,2500,3.704,7.408,,90,,,0.2,4,,,,,,61,og-post,,,,AAXX 23034 07299 21525 80902 10098 20093 39826 40152 53007 76162 875// 333 60047 87620 90710 91104 93100 555 69925=
07299,2008-04-23 04:00:00,9.8,1015.5,0.9,97,9.3,7000,3.704,7.408,,90,,,,,,,,,,60,og-post,,,,AAXX 23044 07299 21557 80902 10098 20093 39829 40155 52009 76066 875// 333 69905 85620 87646 90710 91104 93100=
07299,2008-04-23 05:00:00,9.6,1015.9,1,97,9.1,8000,7.408,7.408,,170,,,,,,,,,,21,og-post,,,,AAXX 23054 07299 21458 81704 10096 20091 39833 40159 53010 72162 878// 333 69905 81810 83620 87650 90710 91104 93100=
07299,2008-04-23 06:00:00,10.2,1016.7,1.5,97,9.7,9000,3.704,11.112,,60,9.4,10.3,0,,,7,15.4,0,9,3,og-post,,,,AAXX 23064 07299 01459 80602 10102 20097 39841 40167 53015 60072 70362 876// 333 10103 20094 32009 55000 69907 70154 87712 90710 91106 93100 555 60005=
07299,2008-04-23 07:00:00,10.5,1017.3,1.8,97,10,9000,,3.704,,,,,0,,,,,,,,og-post,,,,AAXX 23074 07299 22459 80000 10105 20100 39847 40173 53018 875// 333 60005 85710 87626 90710 91102 93100=
07299,2008-04-23 08:00:00,11.4,1017.7,1.9,95,10.6,12000,3.704,14.816,,310,,,0,,,,,,,,og-post,,,,AAXX 23084 07299 22362 83102 10114 20106 39852 40177 51019 875// 333 60005 86709 87626 90710 91108 93100=
07299,2008-04-23 09:00:00,12.3,1018.1,1.6,90,10.7,12000,11.112,22.224,,280,,,0,0,,,,,,,og-post,,,,AAXX 23094 07299 22462 82806 10123 20107 39857 40181 51016 875// 333 60007 84710 85614 86620 90710 91112 93100 555 60005=
07299,2008-04-23 10:00:00,12.5,1018.5,1.4,88,10.6,12000,7.408,14.816,,310,,,0,,,,,,,,og-post,,,,AAXX 23104 07299 22262 83104 10125 20106 39861 40185 51014 875// 333 60005 81706 85713 87618 90710 91108 93100=
07299,2008-04-23 11:00:00,14.7,1018.1,0.9,81,11.5,15000,3.704,14.816,,280,,,0,,,,,,,,og-post,,,,AAXX 23114 07299 22465 72802 10147 20115 39860 40181 51009 878// 333 60005 81818 83820 86640 90710 91108 93100=
07299,2008-04-23 12:00:00,13.5,1018.6,0.6,85,11,15000,14.816,22.224,,310,,,,,,,,,,25,og-post,,,,AAXX 23124 07299 01465 83108 10135 20110 39863 40186 51006 69901 72586 878// 333 69907 81815 84820 87635 90710 91112 93100 555 69905=
07299,2008-04-23 13:00:00,12.4,1019.2,0.7,92,11.1,15000,7.408,29.632,,290,,,0.4,,,,,,,80,og-post,,,,AAXX 23134 07299 21365 82904 10124 20111 39868 40192 53007 78086 878// 333 69945 81808 84820 81926 87640 90710 91116 93100=
07299,2008-04-23 14:00:00,13.1,1019.3,1,86,10.8,16000,3.704,18.52,,210,,,0.4,,,,,,,25,og-post,,,,AAXX 23144 07299 21466 82102 10131 20108 39870 40193 51010 72586 878// 333 69945 83812 85636 87656 90710 91110 93100=
07299,2008-04-23 15:00:00,13.7,1019.5,0.9,83,10.9,16000,,18.52,,,,,0,0.8,,,,,,25,og-post,,,,AAXX 23154 07299 21466 80000 10137 20109 39872 40195 51009 72586 878// 333 69987 81813 83820 87650 90710 91110 93100 555 60005=
07299,2008-04-23 16:00:00,14.3,1019.5,0.5,80,10.9,17000,3.704,7.408,,30,,,0,,,,,,,,og-post,,,,AAXX 23164 07299 22467 80302 10143 20109 39873 40195 51005 8687/ 333 60005 85818 85628 87357 90710 91104 93100=
07299,2008-04-23 17:00:00,13.4,1019.8,0.5,85,10.9,17000,3.704,14.816,,90,,,0,,,,,,,,og-post,,,,AAXX 23174 07299 22467 80902 10134 20109 39875 40198 52005 8687/ 333 60005 83818 85630 87357 90710 91108 93100=
07299,2008-04-23 18:00:00,12.7,1020.3,0.7,89,10.9,17000,3.704,11.112,,50,10.2,14.8,0.2,0.2,,1,,,,80,og-post,,,,AAXX 23184 07299 01467 80502 10127 20109 39879 40203 53007 60012 78086 8687/ 333 10148 20102 69927 83818 85630 87357 90710 91106 93100 555 69925=
07299,2008-04-23 19:00:00,12,1021,1.2,92,10.7,10000,3.704,7.408,,110,,,0.2,,,,,,,25,og-post,,,,AAXX 23194 07299 21560 71102 10120 20107 39885 40210 53012 72586 8285/ 333 69925 81826 84357 85360 90710 91104 93100=
07299,2008-04-23 20:00:00,11.5,1021.4,1.4,95,10.7,9000,3.704,7.408,,180,,,0,,,,,,,,og-post,,,,AAXX 23204 07299 22559 71802 10115 20107 39888 40214 52014 8585/ 333 60005 81826 84656 85357 90710 91104 93100=
07299,2008-04-23 21:00:00,11.1,1021.9,1.4,95,10.3,7000,,7.408,,,,,0,0.2,,,,,,3,og-post,,,,AAXX 23214 07299 21557 70000 10111 20103 39893 40219 51014 70386 8385/ 333 69927 81826 83636 87357 90710 91104 93100 555 60005=
07299,2008-04-23 22:00:00,11,1022.1,0.9,96,10.4,7000,7.408,7.408,,180,,,0,,,,,,,15,og-post,,,,AAXX 23224 07299 21557 71804 10110 20104 39894 40221 51009 71522 8585/ 333 60005 82823 85631 87357 90710 91104 93100=
07299,2008-04-23 23:00:00,11.3,1022.4,0.9,94,10.4,7000,7.408,11.112,,180,,,0,,,,,,,16,og-post,,,,AAXX 23234 07299 21557 81804 10113 20104 39898 40224 52009 71622 875// 333 60005 87630 90710 91106 93100=
07299,2008-04-24 00:00:00,11.1,1022.6,0.6,93,10,7000,3.704,11.112,,160,,,,,0.2,,,,,60,og-post,,,,AAXX 24004 07299 01657 81602 10111 20100 39899 40226 52006 69921 76086 875// 333 69907 84640 87656 90710 91106 93100 555 69905=
07299,2008-04-24 01:00:00,11,1022.6,0.5,91,9.6,9000,3.704,7.408,,160,,,,,,,,,,,og-post,,,,AAXX 24014 07299 26/59 /1602 10110 20096 39899 40226 51005 333 69905 90710 91104=
07299,2008-04-24 02:00:00,10.6,1022.7,0.2,95,9.8,6000,,7.408,,,,,,,,,,,,,og-post,,,,AAXX 24024 07299 26/56 /0000 10106 20098 39900 40227 52002 333 69905 90710 91104=
07299,2008-04-24 03:00:00,10,1023,0.3,95,9.2,7000,3.704,7.408,,170,,,,,,,,,,0,og-post,,,,AAXX 24034 07299 21657 71702 10100 20092 39902 40230 53003 70062 8355/ 333 69907 83640 87357 90710 91104 93100 555 69905=
07299,2008-04-24 04:00:00,8.7,1023.5,0.6,96,8.1,4500,,3.704,,,,,0,,,,,,,10,og-post,,,,AAXX 24044 07299 21445 40000 10087 20081 39905 40235 53006 71011 81850 333 60005 81816 83359 90710 91102 93100=
07299,2008-04-24 05:00:00,7.6,1024.2,1,96,7,8000,3.704,7.408,,180,,,0,,,,,,,11,og-post,,,,AAXX 24054 07299 21458 31802 10076 20070 39910 40242 53010 71100 83800 333 60005 81815 83648 90710 91104 93100=
07299,2008-04-24 06:00:00,9,1024.5,1.3,97,8.5,8000,3.704,7.408,,170,7.6,12.7,0,0,,0.2,1.2,0.2,5,3,og-post,,,,AAXX 24064 07299 01658 71702 10090 20085 39915 40245 53013 69922 70361 875// 333 10127 20076 31005 55002 60007 70012 87644 90710 91104 93100 555 60005=
07299,2008-04-24 07:00:00,11.3,1024.7,1.5,91,9.9,10000,,3.704,,,,,0,,,,,,,,og-post,,,,AAXX 24074 07299 22660 70000 10113 20099 39920 40247 51015 875// 333 60005 84642 87656 90710 91102 93100=
07299,2008-04-24 08:00:00,13.2,1024.8,1.3,83,10.4,10000,3.704,7.408,,320,,,0,,,,,,,,og-post,,,,AAXX 24084 07299 22660 73202 10132 20104 39923 40248 51013 875// 333 60005 85645 87657 90710 91104 93100=
07299,2008-04-24 09:00:00,15.1,1024.9,1.1,75,10.7,11000,3.704,14.816,,350,,,0.2,0.2,,,,,,,og-post,,,,AAXX 24094 07299 22561 73502 10151 20107 39926 40249 51011 878// 333 69927 84822 85656 90710 91108 93100 555 69925=
07299,2008-04-24 10:00:00,15.1,1024.8,0.5,71,9.9,16000,3.704,11.112,,310,,,0,,,,,,,,og-post,,,,AAXX 24104 07299 26/66 /3102 10151 20099 39925 40248 50005 333 60005 90710 91106=
07299,2008-04-24 11:00:00,17.7,1024.1,-0.2,62,10.3,12000,7.408,18.52,,220,,,0,,,,,,,,og-post,,,,AAXX 24114 07299 22562 72204 10177 20103 39921 40241 58002 878// 333 60005 85826 85656 90710 91110 93100=
07299,2008-04-24 12:00:00,15.4,1024.2,-0.8,71,10.2,12000,7.408,25.928,,40,,,0,0,0.2,,,,,,og-post,,,,AAXX 24124 07299 02562 70404 10154 20102 39920 40242 57008 69921 878// 333 60007 83830 83656 85657 90710 91114 93100 555 60005=
07299,2008-04-24 13:00:00,17.3,1023.6,-1,63,10.2,12000,3.704,11.112,,320,,,0,,,,,,,,og-post,,,,AAXX 24134 07299 22662 63202 10173 20102 39916 40236 56010 86800 333 60005 84833 83650 90710 91106 93100=
07299,2008-04-24 14:00:00,18.5,1023.1,-0.8,55,9.3,25000,14.816,29.632,,300,,,0,,,,,,,,og-post,,,,AAXX 24144 07299 22675 53008 10185 20093 39912 40231 58008 83230 333 60005 83840 83359 90710 91116 93100=
07299,2008-04-24 15:00:00,18.5,1023.2,-0.7,58,10.1,25000,18.52,29.632,,270,,,0,0,,,,,,,og-post,,,,AAXX 24154 07299 22675 42710 10185 20101 39913 40232 55007 83230 333 60007 83843 90710 91116 93100 555 60005=
07299,2008-04-24 16:00:00,17.1,1023.7,-0,52,7.2,25000,22.224,31.484,,280,,,0,,,,,,,,og-post,,,,AAXX 24164 07299 22675 62812 10171 20072 39916 40237 55000 82230 333 60005 82843 85359 90710 91117 93100=
07299,2008-04-24 17:00:00,17.1,1023.9,0.6,57,8.5,25000,18.52,31.484,,280,,,0,,,,,,,,og-post,,,,AAXX 24174 07299 22675 62810 10171 20085 39918 40239 53006 82230 333 60005 82843 85359 90710 91117 93100=
07299,2008-04-24 18:00:00,16.3,1024.5,1,59,8.3,25000,14.816,31.484,,280,9,19.2,0,0,,0.2,,,,,og-post,,,,AAXX 24184 07299 02675 62808 10163 20083 39923 40245 53010 69922 82232 333 10192 20090 60007 82843 83359 90710 91117 93100 555 60005=
07299,2008-04-24 19:00:00,13.4,1025.8,1.6,62,6.3,25000,14.816,22.224,,260,,,0,,,,,,,,og-post,,,,AAXX 24194 07299 22675 42608 10134 20063 39932 40258 53016 81230 333 60005 81846 84359 90710 91112 93100=
07299,2008-04-24 20:00:00,11.3,1026.5,1.9,74,6.8,25000,11.112,14.816,,230,,,0,,,,,,,,og-post,,,,AAXX 24204 07299 22675 42306 10113 20068 39937 40265 51019 81230 333 60005 81846 84359 90710 91108 93100=
07299,2008-04-24 21:00:00,9.9,1026.7,1.4,82,7,25000,11.112,11.112,,250,,,0,0,,,,,,,og-post,,,,AAXX 24214 07299 22675 52506 10099 20070 39937 40267 51014 82230 333 60007 82646 85359 90710 91106 93100 555 60005=
07299,2008-04-24 22:00:00,11.2,1027.2,1.2,76,7.1,25000,14.816,14.816,,220,,,0,,,,,,,,og-post,,,,AAXX 24224 07299 22675 52208 10112 20071 39944 40272 53012 82230 333 60005 82646 85359 90710 91108 93100=
07299,2008-04-24 23:00:00,11.5,1027,0.5,76,7.4,25000,11.112,14.816,,240,,,0,,,,,,,,og-post,,,,AAXX 24234 07299 22675 52406 10115 20074 39942 40270 50005 82230 333 60005 82646 85359 90710 91108 93100=
07299,2008-04-25 00:00:00,12,1027.2,0.6,68,6.3,25000,14.816,22.224,,250,,,0,0,,,,,,,og-post,,,,AAXX 25004 07299 02675 62508 10120 20063 39944 40272 51006 60001 82230 333 60007 82646 86359 90710 91112 93100 555 60005=
07299,2008-04-25 01:00:00,11.9,1027.3,0.1,70,6.6,20000,14.816,22.224,,240,,,0,,,,,,,,og-post,,,,AAXX 25014 07299 26/70 /2408 10119 20066 39945 40273 53001 333 60005 90710 91112=
07299,2008-04-25 02:00:00,12.2,1027.3,0.4,68,6.5,20000,18.52,29.632,,260,,,0,,,,,,,,og-post,,,,AAXX 25024 07299 26/70 /2610 10122 20065 39946 40273 51004 333 60005 90710 91116=
07299,2008-04-25 03:00:00,11.3,1028,0.7,73,6.6,15000,11.112,29.632,,220,,,0,0,,,,,,,og-post,,,,AAXX 25034 07299 22665 72206 10113 20066 39951 40280 53007 8357/ 333 60007 83646 87359 90710 91116 93100 555 60005=
07299,2008-04-25 04:00:00,11,1028.5,1.1,76,6.9,15000,7.408,18.52,,240,,,0,,,,,,,,og-post,,,,AAXX 25044 07299 22765 72404 10110 20069 39956 40285 53011 8557/ 333 60005 85650 87359 90710 91110 93100=
07299,2008-04-25 05:00:00,11.2,1029,1.5,75,6.9,20000,11.112,18.52,,330,,,0,,,,,,,,og-post,,,,AAXX 25054 07299 22670 73306 10112 20069 39961 40290 52015 875// 333 60005 84643 87650 90710 91110 93100=
07299,2008-04-25 06:00:00,11.2,1029.5,1.5,81,8.1,23000,7.408,11.112,,280,9.8,16.2,0,0,,,0.2,4.3,7,,og-post,,,,AAXX 25064 07299 02573 72804 10112 20081 39966 40295 52015 60002 8687/ 333 10162 20098 30007 55043 60007 70002 81832 83645 86650 90710 91106 93100 555 60005=
07299,2008-04-25 07:00:00,11.8,1029.7,1.3,81,8.6,30000,11.112,18.52,,260,,,0,,,,,,,,og-post,,,,AAXX 25074 07299 22580 72606 10118 20086 39969 40297 51013 8483/ 333 60005 81831 84650 87357 90710 91110 93100=
07299,2008-04-25 08:00:00,13.1,1029.7,0.9,77,9.2,28000,14.816,29.632,,250,,,0,,,,,,,,og-post,,,,AAXX 25084 07299 22478 72508 10131 20092 39970 40297 51009 83832 333 60005 81816 83643 85357 90710 91116 93100=
07299,2008-04-25 09:00:00,14.8,1029.7,0.6,71,9.6,30000,11.112,25.928,,270,,,0,0,,,,,,,og-post,,,,AAXX 25094 07299 22580 72706 10148 20096 39972 40297 52006 83832 333 60007 82820 83357 87073 90710 91114 93100 555 60005=
07299,2008-04-25 10:00:00,15.4,1029.3,0.1,66,9.1,30000,14.816,29.632,,280,,,0,,,,,,,,og-post,,,,AAXX 25104 07299 22580 72808 10154 20091 39969 40293 50001 82231 333 60005 81830 85357 87073 90710 91116 93100=
07299,2008-04-25 11:00:00,15,1029.2,-0.3,61,7.5,35000,14.816,25.928,,280,,,0,,,,,,,,og-post,,,,AAXX 25114 07299 22681 72808 10150 20075 39967 40292 58003 8323/ 333 60005 81833 85356 90710 91114 93100=
07299,2008-04-25 12:00:00,14.8,1028.9,-0.8,54,5.6,40000,11.112,25.928,,280,,,0,0,,,,,,,og-post,,,,AAXX 25124 07299 02682 72806 10148 20056 39964 40289 57008 60001 858// 333 60007 82838 85640 87357 90710 91114 93100 555 60005=
07299,2008-04-25 13:00:00,15.5,1028.8,-0.5,59,7.5,40000,14.816,25.928,,280,,,0,,,,,,,,og-post,,,,AAXX 25134 07299 22682 72808 10155 20075 39964 40288 56005 85801 333 60005 81840 85656 87073 90710 91114 93100=
07299,2008-04-25 14:00:00,17.1,1027.9,-1,49,6.3,45000,18.52,29.632,,300,,,0,,,,,,,,og-post,,,,AAXX 25144 07299 22683 73010 10171 20063 39957 40279 58010 82802 333 60005 81841 87073 90710 91116 93100=
07299,2008-04-25 15:00:00,17.5,1027.7,-0.8,55,8.4,40000,11.112,25.928,,310,,,0,0,,,,,,,og-post,,,,AAXX 25154 07299 22682 73106 10175 20084 39956 40277 57008 82802 333 60007 81841 87073 90710 91114 93100 555 60005=
07299,2008-04-25 16:00:00,17.6,1027.4,-1,46,5.9,40000,11.112,25.928,,290,,,0,,,,,,,,og-post,,,,AAXX 25164 07299 22682 72906 10176 20059 39953 40274 56010 81102 333 60005 81841 87073 90710 91114 93100=
07299,2008-04-25 17:00:00,17,1027.4,-0.5,49,6.2,40000,7.408,25.928,,330,,,0,,,,,,,,og-post,,,,AAXX 25174 07299 22782 73304 10170 20062 39952 40274 56005 81802 333 60005 81850 87073 90710 91114 93100=
07299,2008-04-25 18:00:00,15.3,1027.7,-0.2,52,5.5,45000,11.112,14.816,,20,11.2,17.6,0,0,,,,,,,og-post,,,,AAXX 25184 07299 02783 70206 10153 20055 39953 40277 55002 60002 81802 333 10176 20112 60007 81850 87073 90710 91108 93100 555 60005=
07299,2008-04-25 19:00:00,11.6,1028.5,0.5,71,6.5,30000,3.704,11.112,,360,,,0,,,,,,,,og-post,,,,AAXX 25194 07299 22780 73602 10116 20065 39957 40285 53005 81802 333 60005 81850 87073 90710 91106 93100=
07299,2008-04-25 20:00:00,9,1029.4,1,86,6.8,20000,3.704,7.408,,300,,,0,,,,,,,,og-post,,,,AAXX 25204 07299 22870 73002 10090 20068 39962 40294 53010 82502 333 60005 82656 87073 90710 91104 93100=
07299,2008-04-25 21:00:00,8.9,1029.6,1,86,6.7,20000,7.408,11.112,,300,,,0,0,,,,,,,og-post,,,,AAXX 25214 07299 22870 73004 10089 20067 39964 40296 51010 82532 333 60007 82656 83363 87073 90710 91106 93100 555 60005=
07299,2008-04-25 22:00:00,7.9,1029.5,0.4,86,5.7,15000,11.112,14.816,,320,,,0,,,,,,,,og-post,,,,AAXX 25224 07299 22865 73206 10079 20057 39962 40295 50004 82532 333 60005 82656 83363 87073 90710 91108 93100=
07299,2008-04-25 23:00:00,8.2,1029.5,0,83,5.5,15000,3.704,11.112,,30,,,0,,,,,,,,og-post,,,,AAXX 25234 07299 22865 70302 10082 20055 39962 40295 50000 82532 333 60005 82656 83363 87073 90710 91106 93100=
07299,2008-04-26 00:00:00,6.2,1029.7,-0.2,88,4.4,15000,3.704,7.408,,250,,,0,0,,,,,,,og-post,,,,AAXX 26004 07299 02865 72502 10062 20044 39962 40297 56002 60001 81532 333 60007 81656 83363 87073 90710 91104 93100 555 60005=
07299,2008-04-26 01:00:00,4.7,1029.8,0,91,3.4,19000,,3.704,,,,,0,,,,,,,,og-post,,,,AAXX 26014 07299 26/69 /0000 10047 20034 39961 40298 50000 333 60005 90710 91102=
07299,2008-04-26 02:00:00,4.8,1029.7,-0.2,94,3.9,20000,3.704,3.704,,160,,,0,,,,,,,,og-post,,,,AAXX 26024 07299 26/70 /1602 10048 20039 39960 40297 58002 333 60005 90710 91102=
07299,2008-04-26 03:00:00,3.7,1029.9,-0.1,95,3,20000,3.704,7.408,,260,,,0,0,,,,,,,og-post,,,,AAXX 26034 07299 26/70 /2602 10037 20030 39961 40299 55001 333 60007 90710 91104 555 60005=
07299,2008-04-26 04:00:00,3.7,1029.6,-0.4,95,3,18000,,3.704,,,,,0,,,,,,,,og-post,,,,AAXX 26044 07299 26/68 /0000 10037 20030 39958 40296 58004 333 60005 90710 91102=
07299,2008-04-26 05:00:00,3.5,1029.7,-0.1,96,2.9,11000,3.704,3.704,,200,,,0,,,,,,,11,og-post,,,,AAXX 26054 07299 21961 72002 10035 20029 39959 40297 57001 71122 81032 333 60005 81363 87073 90710 91102 93100=
07299,2008-04-26 06:00:00,6.7,1029.4,-0.1,96,6.1,11000,3.704,7.408,,160,2.9,15.2,0,0,,,0,4.7,-0,11,og-post,,,,AAXX 26064 07299 01961 71602 10067 20061 39960 40294 55001 60002 71122 81032 333 10152 20029 30100 55047 60007 70000 81363 87073 90710 91104 93100 555 60005=
07299,2008-04-26 07:00:00,9.6,1029.1,0.2,80,6.3,16000,3.704,7.408,,110,,,0,,,,,,,,og-post,,,,AAXX 26074 07299 22966 71102 10096 20063 39960 40291 51002 80002 333 60005 87073 90710 91104 93100=
07299,2008-04-26 08:00:00,11.6,1028.5,-0.2,72,6.7,30000,3.704,7.408,,240,,,0,,,,,,,,og-post,,,,AAXX 26084 07299 22580 72402 10116 20067 39957 40285 58002 81108 333 60005 81820 87273 90710 91104 93100=
07299,2008-04-26 09:00:00,13.8,1028.2,-0.4,59,5.9,30000,3.704,11.112,,360,,,0,0,,,,,,,og-post,,,,AAXX 26094 07299 22580 73602 10138 20059 39956 40282 58004 81102 333 60007 81830 87073 90710 91106 93100 555 60005=
07299,2008-04-26 10:00:00,15.2,1027.6,-0.8,58,7,30000,11.112,18.52,,360,,,0,,,,,,,,og-post,,,,AAXX 26104 07299 22680 23606 10152 20070 39952 40276 58008 81202 333 60005 81835 90710 91110 93100=
07299,2008-04-26 11:00:00,17,1026.9,-1,52,7.1,40000,7.408,22.224,,20,,,0,,,,,,,,og-post,,,,AAXX 26114 07299 22682 20204 10170 20071 39947 40269 58010 81802 333 60005 81840 90710 91112 93100=
07299,2008-04-26 12:00:00,17.7,1026.3,-1.4,50,7.2,40000,11.112,22.224,,350,,,0,0,,,,,,,og-post,,,,AAXX 26124 07299 02682 23506 10177 20072 39942 40263 57014 60001 81802 333 60007 81843 90710 91112 93100 555 60005=
07299,2008-04-26 13:00:00,18.6,1025.8,-1.5,41,5.1,40000,11.112,25.928,,340,,,0,,,,,,,,og-post,,,,AAXX 26134 07299 22782 33406 10186 20051 39938 40258 56015 81801 333 60005 81850 83073 90710 91114 93100=
07299,2008-04-26 14:00:00,19.5,1025.2,-1.3,43,6.6,40000,7.408,22.224,,360,,,0,,,,,,,,og-post,,,,AAXX 26144 07299 22782 43604 10195 20066 39933 40252 57013 81801 333 60005 81850 84073 90710 91112 93100=
07299,2008-04-26 15:00:00,19.8,1024.5,-1.5,40,5.8,40000,3.704,22.224,,40,,,0,0,,,,,,,og-post,,,,AAXX 26154 07299 22782 40402 10198 20058 39927 40245 58015 81801 333 60007 81850 84073 90710 91112 93100 555 60005=
07299,2008-04-26 16:00:00,19.6,1024.2,-1.4,39,5.3,40000,7.408,22.224,,150,,,0,,,,,,,,og-post,,,,AAXX 26164 07299 22782 31504 10196 20053 39924 40242 57014 81401 333 60005 81856 83073 90710 91112 93100=
07299,2008-04-26 17:00:00,19.3,1024.1,-1.1,33,2.6,35000,11.112,22.224,,110,,,0,,,,,,,,og-post,,,,AAXX 26174 07299 22781 51106 10193 20026 39922 40241 56011 81405 333 60005 81856 85073 90710 91112 93100=
07299,2008-04-26 18:00:00,17.8,1024.2,-0.5,39,3.7,50000,11.112,22.224,,100,6.8,20,0,0,,,,,,,og-post,,,,AAXX 26184 07299 02884 71006 10178 20037 39922 40242 56005 60002 81405 333 10200 20068 60007 81656 87073 90710 91112 93100 555 60005=
07299,2008-04-26 19:00:00,15.5,1024.7,0.1,46,3.9,45000,7.408,18.52,,110,,,0,,,,,,,,og-post,,,,AAXX 26194 07299 22783 61104 10155 20039 39924 40247 53001 82501 333 60005 82656 85073 90710 91110 93100=
07299,2008-04-26 20:00:00,14.2,1025.1,0.4,49,3.7,45000,3.704,14.816,,90,,,0,,,,,,,,og-post,,,,AAXX 26204 07299 22783 50902 10142 20037 39926 40251 53004 81501 333 60005 81656 85073 90710 91108 93100=
07299,2008-04-26 21:00:00,9.4,1025.4,0.1,81,6.3,40000,,7.408,,,,,0,0,,,,,,,og-post,,,,AAXX 26214 07299 22/82 50000 10094 20063 39924 40254 50001 80001 333 60007 85073 90710 91104 93100 555 60005=
07299,2008-04-26 22:00:00,8.5,1025.3,-0.2,85,6.1,40000,7.408,7.408,,180,,,0,,,,,,,,og-post,,,,AAXX 26224 07299 22/82 41804 10085 20061 39922 40253 58002 80001 333 60005 84073 90710 91104 93100=
07299,2008-04-26 23:00:00,7.6,1025.3,-0.6,84,5.1,40000,7.408,7.408,,200,,,0,,,,,,,,og-post,,,,AAXX 26234 07299 22/82 32004 10076 20051 39921 40253 57006 80001 333 60005 83073 90710 91104 93100=
07299,2008-04-27 00:00:00,6.6,1025,-0.7,87,4.6,35000,3.704,7.408,,210,,,0,0,,,,,,,og-post,,,,AAXX 27004 07299 02/81 32102 10066 20046 39917 40250 58007 60001 80001 333 60007 83073 90710 91104 93100 555 60005=
07299,2008-04-27 01:00:00,5.7,1024.8,-0.8,87,3.7,20000,7.408,7.408,,250,,,0,,,,,,,,og-post,,,,AAXX 27014 07299 26/70 /2504 10057 20037 39914 40248 58008 333 60005 90710 91104=
07299,2008-04-27 02:00:00,4.8,1024.8,-0.8,92,3.6,20000,,7.408,,,,,0,,,,,,,,og-post,,,,AAXX 27024 07299 26/70 /0000 10048 20036 39913 40248 56008 333 60005 90710 91104=
07299,2008-04-27 03:00:00,4.1,1024.6,-0.7,92,2.9,35000,3.704,3.704,,220,,,0,0,,,,,,,og-post,,,,AAXX 27034 07299 22/81 12202 10041 20029 39910 40246 56007 80001 333 60007 81073 90710 91102 93100 555 60005=
07299,2008-04-27 04:00:00,4.6,1024.1,-0.8,92,3.4,35000,3.704,7.408,,200,,,0,,,,,,,,og-post,,,,AAXX 27044 07299 22/81 12002 10046 20034 39906 40241 58008 80001 333 60005 81073 90710 91104 93100=
07299,2008-04-27 05:00:00,3.9,1024.1,-0.7,94,3,40000,3.704,7.408,,210,,,0,,,,,,,,og-post,,,,AAXX 27054 07299 22/82 22102 10039 20030 39905 40241 56007 80002 333 60005 82073 90710 91104 93100=
07299,2008-04-27 06:00:00,7.8,1023.7,-0.4,84,5.3,45000,3.704,3.704,,180,3.5,17.7,0,0,,,0,12.5,-1,,og-post,,,,AAXX 27064 07299 02/83 31802 10078 20053 39906 40237 55004 60002 80002 333 10177 20035 30101 55125 60007 70000 83073 90710 91102 93100 555 60005=
07299,2008-04-27 07:00:00,11.6,1023,-0.4,65,5.3,45000,7.408,11.112,,120,,,0,,,,,,,,og-post,,,,AAXX 27074 07299 22/83 41204 10116 20053 39903 40230 58004 80002 333 60005 84073 90710 91106 93100=
07299,2008-04-27 08:00:00,14.3,1022.3,-0.5,55,5.4,45000,7.408,11.112,,120,,,0,,,,,,,,og-post,,,,AAXX 27084 07299 22/83 51204 10143 20054 39900 40223 58005 80002 333 60005 85073 90710 91106 93100=
07299,2008-04-27 09:00:00,16.5,1021.7,-1,49,5.8,50000,7.408,18.52,,110,,,0,0,,,,,,,og-post,,,,AAXX 27094 07299 22/84 71104 10165 20058 39896 40217 58010 80002 333 60007 87073 90710 91110 93100 555 60005=
07299,2008-04-27 10:00:00,18.3,1020.9,-1.3,47,6.8,50000,3.704,18.52,,260,,,0,,,,,,,,og-post,,,,AAXX 27104 07299 22/84 72602 10183 20068 39890 40209 58013 80002 333 60005 87073 90710 91110 93100=
07299,2008-04-27 11:00:00,19.6,1019.8,-1.9,44,7,50000,7.408,14.816,,240,,,0,,,,,,,,og-post,,,,AAXX 27114 07299 22/84 72404 10196 20070 39881 40198 58019 80002 333 60005 87073 90710 91108 93100=
07299,2008-04-27 12:00:00,20.2,1018.6,-2.7,42,6.9,50000,11.112,22.224,,340,,,0,0,,,,,,,og-post,,,,AAXX 27124 07299 02784 73406 10202 20069 39870 40186 58027 60001 81102 333 60007 81850 87073 90710 91112 93100 555 60005=
07299,2008-04-27 13:00:00,21,1017.8,-2.6,43,8,35000,7.408,14.816,,310,,,0,,,,,,,,og-post,,,,AAXX 27134 07299 22781 73104 10210 20080 39863 40178 56026 81402 333 60005 81656 87073 90710 91108 93100=
07299,2008-04-27 14:00:00,21.6,1017.1,-2.3,42,8.1,35000,3.704,11.112,,340,,,0,,,,,,,,og-post,,,,AAXX 27144 07299 22981 73402 10216 20081 39857 40171 56023 81032 333 60005 81362 87073 90710 91106 93100=
07299,2008-04-27 15:00:00,22.6,1016.2,-1.9,41,8.7,30000,3.704,14.816,,200,,,0,0,,,,,,,og-post,,,,AAXX 27154 07299 22980 72002 10226 20087 39850 40162 57019 81032 333 60007 81362 87073 90710 91108 93100 555 60005=
07299,2008-04-27 16:00:00,21.8,1015.9,-1.7,43,8.7,30000,3.704,11.112,,70,,,0,,,,,,,,og-post,,,,AAXX 27164 07299 22980 70702 10218 20087 39846 40159 56017 81032 333 60005 81362 87073 90710 91106 93100=
07299,2008-04-27 17:00:00,21.4,1015,-2,40,7.3,30000,7.408,11.112,,80,,,0,,,,,,,,og-post,,,,AAXX 27174 07299 22/80 70804 10214 20073 39837 40150 58020 80002 333 60005 87073 90710 91106 93100=
07299,2008-04-27 18:00:00,20.1,1014.7,-1.8,47,8.4,30000,7.408,11.112,,100,8.1,22.8,0,0,,,,,,,og-post,,,,AAXX 27184 07299 02980 71004 10201 20084 39832 40147 57018 60002 81032 333 10228 20081 60007 81364 87073 90710 91106 93100 555 60005=
07299,2008-04-27 19:00:00,17.2,1014.9,-1.5,56,8.4,50000,7.408,14.816,,130,,,0,,,,,,,,og-post,,,,AAXX 27194 07299 22984 51304 10172 20084 39831 40149 56015 81082 333 60005 81360 83066 85073 90710 91108 93100=
07299,2008-04-27 20:00:00,14.9,1015.3,-0.3,72,9.9,30000,7.408,7.408,,200,,,0,,,,,,,,og-post,,,,AAXX 27204 07299 22980 62004 10149 20099 39833 40153 55003 81082 333 60005 81360 83066 85073 90710 91104 93100=
07299,2008-04-27 21:00:00,13.1,1015.3,-0.1,81,9.9,20000,7.408,11.112,,170,,,0,0,,,,,,,og-post,,,,AAXX 27214 07299 22970 51704 10131 20099 39831 40153 58001 82082 333 60007 82360 85073 90710 91106 93100 555 60005=
07299,2008-04-27 22:00:00,13.1,1015.5,0.2,78,9.4,20000,3.704,22.224,,350,,,0,,,,,,,,og-post,,,,AAXX 27224 07299 22970 63502 10131 20094 39833 40155 52002 82082 333 60005 82359 86073 90710 91112 93100=
07299,2008-04-27 23:00:00,13.4,1015.1,-0.4,79,9.8,20000,11.112,11.112,,120,,,0,,,,,,,,og-post,,,,AAXX 27234 07299 22970 71206 10134 20098 39829 40151 58004 84082 333 60005 84359 86073 90710 91106 93100=
07299,2008-04-28 00:00:00,12.9,1014.7,-0.6,83,10.1,20000,3.704,11.112,,170,,,0,0,,,,,,,og-post,,,,AAXX 28004 07299 02970 81702 10129 20101 39825 40147 58006 60001 8703/ 333 60007 82359 87361 90710 91106 93100 555 60005=
07299,2008-04-28 01:00:00,13.5,1013.6,-1.7,81,10.3,20000,3.704,18.52,,170,,,0,,,,,,,,og-post,,,,AAXX 28014 07299 26/70 /1702 10135 20103 39815 40136 58017 333 60005 90710 91110=
07299,2008-04-28 02:00:00,12,1013.5,-1.7,87,9.9,20000,3.704,7.408,,200,,,0,,,,,,,,og-post,,,,AAXX 28024 07299 26/70 /2002 10120 20099 39812 40135 57017 333 60005 90710 91104=
07299,2008-04-28 03:00:00,10.1,1013.3,-1.7,91,8.7,20000,7.408,11.112,,110,,,0,,,,,,,0,og-post,,,,AAXX 28034 07299 21970 51104 10101 20087 39808 40133 56017 70062 83031 333 69907 83360 84073 90710 91106 555 60005=
07299,2008-04-28 06:00:00,13.2,1012.5,-0.4,81,10,30000,7.408,11.112,,160,8.2,20,0,0,,,0,12.4,5,3,og-post,,,,AAXX 28064 07299 01980 71604 10132 20100 39804 40125 56004 69902 70362 86092 333 10200 20082 30005 55124 60007 79999 82358 85361 87073 90710 91106 555 60005=
07299,2008-04-28 09:00:00,17.8,1010.6,-1.4,50,7.2,30000,11.112,25.928,,250,,,0,0,,,,,,,og-post,,,,AAXX 28094 07299 22680 72506 10178 20072 39790 40106 58014 81182 333 60007 81843 87073 90710 91114 93100 555 60005=
07299,2008-04-28 10:00:00,18,1010,-2.1,52,8,25000,14.816,25.928,,270,,,0,,,,,,,,og-post,,,,AAXX 28104 07299 22675 72708 10180 20080 39785 40100 56021 8118/ 333 60005 81843 87359 90710 91114 93100=
07299,2008-04-28 11:00:00,15.7,1010.7,-0.8,63,8.7,20000,11.112,31.484,,260,,,,,,,,,,60,og-post,,,,AAXX 28114 07299 21670 82606 10157 20087 39789 40107 55008 76062 8288/ 333 69905 81840 87356 90710 91117 93100=
07299,2008-04-28 12:00:00,15.3,1010.4,-0.3,68,9.4,20000,7.408,18.52,,290,,,0.2,0.2,0.2,,,,,60,og-post,,,,AAXX 28124 07299 01670 82904 10153 20094 39786 40104 56003 69921 76062 838// 333 69927 81835 87656 90710 91110 93100 555 69925=
07299,2008-04-28 13:00:00,14.9,1009.9,-0.4,76,10.7,15000,3.704,7.408,,50,,,0.4,,,,,,,60,og-post,,,,AAXX 28134 07299 21665 80502 10149 20107 39781 40099 58004 76066 878// 333 69945 82633 87656 90710 91104 93100=
07299,2008-04-28 14:00:00,14,1009.9,-0.8,82,11,15000,3.704,11.112,,350,,,0.4,,,,,,,60,og-post,,,,AAXX 28144 07299 21665 83502 10140 20110 39780 40099 56008 76066 878// 333 69945 81833 87640 90710 91106 93100=
07299,2008-04-28 15:00:00,13.1,1010,-0.6,92,11.8,15000,7.408,11.112,,360,,,0.6,1,,,,,,21,og-post,,,,AAXX 28154 07299 21465 83604 10131 20118 39780 40100 56006 72162 878// 333 60017 81815 83640 87650 90710 91106 93100 555 69965=
07299,2008-04-28 16:00:00,12.3,1009.9,-0.3,92,11,15000,7.408,18.52,,330,,,0.2,,,,,,,21,og-post,,,,AAXX 28164 07299 21465 83304 10123 20110 39778 40099 57003 72162 878// 333 69925 81812 83620 87640 90710 91110 93100=
07299,2008-04-28 17:00:00,12.7,1009.4,-0.8,88,10.8,20000,3.704,14.816,,290,,,0,,,,,,,,og-post,,,,AAXX 28174 07299 22570 82902 10127 20108 39773 40094 58008 8482/ 333 60005 81820 83630 87460 90710 91108 93100=
07299,2008-04-28 18:00:00,12.7,1009,-1,88,10.8,20000,3.704,7.408,,210,12.3,18.7,0,0.2,,2,,,,3,og-post,,,,AAXX 28184 07299 01570 82102 10127 20108 39769 40090 58010 60022 70362 878// 333 10187 20123 69927 81820 83630 85646 90710 91104 93100 555 60005=
07299,2008-04-28 19:00:00,12.3,1009.3,-0.6,89,10.5,15000,3.704,7.408,,150,,,0,,,,,,,,og-post,,,,AAXX 28194 07299 22565 81502 10123 20105 39772 40093 55006 878// 333 60005 81820 87645 90710 91104 93100=
07299,2008-04-28 20:00:00,11.6,1009.6,0.2,84,9,15000,14.816,25.928,,260,,,0.2,,,,,,,60,og-post,,,,AAXX 28204 07299 21565 82608 10116 20090 39774 40096 53002 76062 878// 333 69925 81820 87636 90710 91114 93100=
07299,2008-04-28 21:00:00,11.1,1009.9,0.7,84,8.5,15000,14.816,25.928,,260,,,,0.2,,,,,,60,og-post,,,,AAXX 28214 07299 21565 82608 10111 20085 39776 40099 51007 76062 878// 333 69927 81820 87634 90710 91114 93100 555 69905=
07299,2008-04-28 22:00:00,10.4,1009.6,0,85,8,15000,11.112,35.188,,240,,,0.2,,,,,,,60,og-post,,,,AAXX 28224 07299 21565 72406 10104 20080 39772 40096 50000 76066 878// 333 69925 81825 87640 90710 91119 93100=
07299,2008-04-28 23:00:00,9.9,1009.9,0.1,86,7.7,15000,14.816,25.928,,270,,,,,,,,,,21,og-post,,,,AAXX 28234 07299 21565 72708 10099 20077 39775 40099 53001 72162 8587/ 333 69905 81830 85650 87358 90710 91114 93100=
07299,2008-04-29 00:00:00,9.5,1009.9,-0.2,84,6.9,15000,11.112,29.632,,280,,,0,0.2,0.4,,,,,2,og-post,,,,AAXX 29004 07299 01565 72806 10095 20069 39774 40099 56002 69941 70262 8487/ 333 69927 81830 84643 87358 90710 91116 93100 555 60005=
07299,2008-04-29 01:00:00,8.9,1009.6,-0.1,83,6.2,20000,3.704,18.52,,260,,,0,,,,,,,,og-post,,,,AAXX 29014 07299 26/70 /2602 10089 20062 39771 40096 58001 333 60005 90710 91110=
07299,2008-04-29 02:00:00,8.8,1009.8,-0.4,86,6.6,20000,3.704,7.408,,70,,,0,,,,,,,,og-post,,,,AAXX 29024 07299 26/70 /0702 10088 20066 39772 40098 56004 333 60005 90710 91104=
07299,2008-04-29 03:00:00,8.8,1009.4,-0.5,82,5.9,15000,3.704,7.408,,240,,,0,0,,,,,,,og-post,,,,AAXX 29034 07299 22565 72402 10088 20059 39769 40094 56005 8557/ 333 60007 85630 87358 90710 91104 93100 555 60005=
07299,2008-04-29 04:00:00,8.9,1009.3,-0.3,80,5.6,20000,,11.112,,,,,0,,,,,,,,og-post,,,,AAXX 29044 07299 22670 70000 10089 20056 39768 40093 58003 8553/ 333 60005 85635 87360 90710 91106 93100=
07299,2008-04-29 05:00:00,8.8,1009.5,-0,84,6.2,20000,3.704,7.408,,170,,,0,,,,,,,,og-post,,,,AAXX 29054 07299 22670 71702 10088 20062 39770 40095 55000 8553/ 333 60005 85640 84360 90710 91104 93100=
07299,2008-04-29 06:00:00,9.1,1009.4,0,84,6.5,30000,3.704,7.408,,170,8.6,12.7,0,0,,0.4,2.2,2.1,7,,og-post,,,,AAXX 29064 07299 02580 71702 10091 20065 39769 40094 50000 69942 878// 333 10127 20086 30007 55021 60007 70022 83824 85640 90710 91104 93100 555 60005=
07299,2008-04-29 07:00:00,9.9,1009.1,-0.1,81,6.8,30000,3.704,11.112,,300,,,0,,,,,,,15,og-post,,,,AAXX 29074 07299 21580 73002 10099 20068 39767 40091 58001 71522 878// 333 60005 81820 87622 90710 91106 93100=
07299,2008-04-29 08:00:00,10.5,1008.7,-0.7,78,6.8,30000,7.408,14.816,,300,,,0,,,,,,,,og-post,,,,AAXX 29084 07299 22580 73004 10105 20068 39764 40087 58007 878// 333 60005 81820 83821 85636 90710 91108 93100=
07299,2008-04-29 09:00:00,12.4,1008.4,-0.7,72,7.5,30000,3.704,14.816,,160,,,0,0,,,,,,,og-post,,,,AAXX 29094 07299 22580 61602 10124 20075 39763 40084 57007 86800 333 60007 82825 84650 90710 91108 93100 555 60005=
07299,2008-04-29 10:00:00,13.7,1007.7,-1,56,5.1,30000,7.408,18.52,,220,,,0,,,,,,,,og-post,,,,AAXX 29104 07299 22580 62204 10137 20051 39757 40077 58010 86800 333 60005 81830 83836 90710 91110 93100=
07299,2008-04-29 11:00:00,14.9,1006.9,-1.4,45,3.1,30000,11.112,31.484,,240,,,0,,,,,,,,og-post,,,,AAXX 29114 07299 22680 32406 10149 20031 39751 40069 58014 83200 333 60005 83846 90710 91117 93100=
07299,2008-04-29 12:00:00,15,1006.4,-1.7,50,4.7,30000,11.112,25.928,,290,,,0,0,,,,,,,og-post,,,,AAXX 29124 07299 02780 32906 10150 20047 39746 40064 56017 60001 83200 333 60007 83850 90710 91114 93100 555 60005=
07299,2008-04-29 13:00:00,16.2,1005.8,-1.5,44,3.9,30000,11.112,29.632,,300,,,0,,,,,,,,og-post,,,,AAXX 29134 07299 22780 43006 10162 20039 39742 40058 56015 82101 333 60005 82856 83075 90710 91116 93100=
07299,2008-04-29 14:00:00,16.7,1005.1,-1.5,37,2,40000,11.112,22.224,,240,,,0,,,,,,,,og-post,,,,AAXX 29144 07299 22782 22406 10167 20020 39735 40051 58015 81101 333 60005 81856 90710 91112 93100=
07299,2008-04-29 15:00:00,17.1,1004.3,-1.8,36,1.9,40000,3.704,18.52,,120,,,0,0,,,,,,,og-post,,,,AAXX 29154 07299 22782 21202 10171 20019 39728 40043 58018 81101 333 60007 81856 90710 91110 93100 555 60005=
07299,2008-04-29 16:00:00,16.9,1003.9,-1.8,41,3.6,40000,7.408,14.816,,200,,,0,,,,,,,,og-post,,,,AAXX 29164 07299 22782 32004 10169 20036 39724 40039 56018 81101 333 60005 81856 83075 90710 91108 93100=
07299,2008-04-29 17:00:00,15.6,1003.5,-1.6,59,7.6,40000,3.704,14.816,,300,,,0,,,,,,,,og-post,,,,AAXX 29174 07299 22782 73002 10156 20076 39719 40035 56016 81102 333 60005 81856 87075 90710 91108 93100=
07299,2008-04-29 18:00:00,15.5,1003.5,-0.9,54,6.2,30000,3.704,7.408,,310,9.2,17.7,0,0,,,,,,,og-post,,,,AAXX 29184 07299 02880 53102 10155 20062 39719 40035 56009 60002 81401 333 10177 20092 60007 81657 85075 90710 91104 93100 555 60005=
07299,2008-04-29 19:00:00,11.5,1003.9,-0.6,68,5.8,20000,3.704,3.704,,340,,,0,,,,,,,,og-post,,,,AAXX 29194 07299 22/70 13402 10115 20058 39718 40039 56006 80001 333 60005 81075 90710 91102 93100=
07299,2008-04-29 20:00:00,8.5,1004.2,-0.1,83,5.8,20000,3.704,7.408,,220,,,0,,,,,,,,og-post,,,,AAXX 29204 07299 22/70 12202 10085 20058 39718 40042 57001 80001 333 60005 81075 90710 91104 93100=
07299,2008-04-29 21:00:00,7.8,1004,-0.4,86,5.6,20000,,3.704,,,,,0,0,,,,,,,og-post,,,,AAXX 29214 07299 22/70 10000 10078 20056 39715 40040 58004 80001 333 60007 81075 90710 91102 93100 555 60005=
07299,2008-04-29 22:00:00,6.8,1003.9,-0.5,86,4.6,20000,3.704,7.408,,170,,,0,,,,,,,,og-post,,,,AAXX 29224 07299 22970 01702 10068 20046 39713 40039 58005 333 60005 90710 91104 93100=
07299,2008-04-29 23:00:00,7.3,1003.7,-0.7,83,4.6,20000,7.408,11.112,,180,,,0,,,,,,,,og-post,,,,AAXX 29234 07299 22970 11804 10073 20046 39712 40037 56007 81030 333 60005 81363 90710 91106 93100=
07299,2008-04-30 00:00:00,6.7,1003.5,-0.6,83,4,20000,7.408,11.112,,170,,,0,0,,,,,,,og-post,,,,AAXX 30004 07299 02970 11704 10067 20040 39709 40035 58006 60001 81031 333 60007 81363 90710 91106 93100 555 60005=
07299,2008-04-30 01:00:00,5.8,1003.2,-0.8,88,4,20000,3.704,11.112,,190,,,0,,,,,,,,og-post,,,,AAXX 30014 07299 26/70 /1902 10058 20040 39705 40032 58008 333 60005 90710 91106=
07299,2008-04-30 02:00:00,6.6,1002.8,-1,86,4.4,20000,7.408,14.816,,170,,,0,,,,,,,,og-post,,,,AAXX 30024 07299 26/70 /1704 10066 20044 39702 40028 57010 333 60005 90710 91108=
07299,2008-04-30 03:00:00,6.9,1002.3,-1.1,86,4.7,20000,11.112,11.112,,160,,,0,0,,,,,,,og-post,,,,AAXX 30034 07299 22970 11606 10069 20047 39698 40023 57011 81030 333 60007 81363 90710 91106 93100 555 60005=
07299,2008-04-30 04:00:00,7.1,1001.9,-1.1,88,5.3,20000,11.112,14.816,,160,,,0,,,,,,,,og-post,,,,AAXX 30044 07299 22970 11606 10071 20053 39694 40019 58011 81030 333 60005 81363 90710 91108 93100=
07299,2008-04-30 05:00:00,7.1,1001.6,-1.1,86,4.9,20000,7.408,14.816,,150,,,0,,,,,,,,og-post,,,,AAXX 30054 07299 22970 21504 10071 20049 39691 40016 56011 82030 333 60005 82360 90710 91108 93100=
07299,2008-04-30 06:00:00,10.7,1000.7,-1.1,75,6.5,20000,11.112,18.52,,140,5.6,15.4,0,0,,,0,7.4,2,,og-post,,,,AAXX 30064 07299 02970 21406 10107 20065 39687 40007 57011 60002 82030 333 10154 20056 30002 55074 60007 70000 82360 90710 91110 93100 555 60005=
07299,2008-04-30 07:00:00,12.5,1000.5,-0.7,68,6.8,20000,11.112,29.632,,90,,,0,,,,,,,,og-post,,,,AAXX 30074 07299 22670 70906 10125 20068 39687 40005 55007 8285/ 333 60005 81833 87363 90710 91116 93100=
07299,2008-04-30 08:00:00,13.1,1001.7,0.8,70,7.8,20000,11.112,14.816,,160,,,0,,,,,,,,og-post,,,,AAXX 30084 07299 22570 71606 10131 20078 39699 40017 53008 8287/ 333 60005 81820 83357 87360 90710 91108 93100=
07299,2008-04-30 09:00:00,13.8,1002.1,1.8,67,7.8,20000,3.704,14.816,,200,,,0,0,,,,,,,og-post,,,,AAXX 30094 07299 22570 72002 10138 20078 39704 40021 53018 8287/ 333 60007 81820 83357 87359 90710 91108 93100 555 60005=
07299,2008-04-30 10:00:00,13.4,1002.7,2.1,64,6.7,20000,7.408,22.224,,310,,,0,,,,,,,,og-post,,,,AAXX 30104 07299 22570 73104 10134 20067 39709 40027 51021 8287/ 333 60005 81820 83357 87359 90710 91112 93100=
07299,2008-04-30 11:00:00,13,1003.2,1.4,69,7.5,20000,25.928,46.3,,280,,,,,,,,,,60,og-post,,,,AAXX 30114 07299 21570 72814 10130 20075 39713 40032 51014 76062 8587/ 333 69905 81820 83634 85656 90710 91125 93100=
07299,2008-04-30 12:00:00,9.8,1004.7,2,84,7.2,12000,25.928,53.708,,270,,,0.2,0.2,0.2,,,,,61,og-post,,,,AAXX 30124 07299 01562 72714 10098 20072 39724 40047 53020 69921 76161 8687/ 333 69927 81820 83634 86648 90710 91129 93100 555 69925=
07299,2008-04-30 13:00:00,9.1,1006.5,3.3,85,6.7,10000,25.928,50.004,,250,,,0.8,,,,,,,61,og-post,,,,AAXX 30134 07299 21560 72514 10091 20067 39741 40065 53033 76166 878// 333 69985 82820 83636 87650 90710 91127 93100=
07299,2008-04-30 14:00:00,9.5,1006.6,2.9,81,6.4,12000,11.112,29.632,,180,,,0.2,,,,,,,60,og-post,,,,AAXX 30144 07299 21562 71806 10095 20064 39742 40066 51029 76066 878// 333 69925 82820 83632 87650 90710 91116 93100=
07299,2008-04-30 15:00:00,10,1006.7,1.9,81,6.9,20000,11.112,22.224,,150,,,,1,,,,,,21,og-post,,,,AAXX 30154 07299 21570 71506 10100 20069 39744 40067 51019 72162 8487/ 333 60017 81826 83650 87358 90710 91112 93100 555 69905=
07299,2008-04-30 16:00:00,10.3,1007.4,1,76,6.3,25000,11.112,18.52,,180,,,0,,,,,,,,og-post,,,,AAXX 30164 07299 22575 71806 10103 20063 39751 40074 53010 8387/ 333 60005 81826 87361 90710 91110 93100=
07299,2008-04-30 17:00:00,11.4,1007.7,1.4,74,6.9,25000,14.816,22.224,,130,,,0,,,,,,,,og-post,,,,AAXX 30174 07299 22575 61308 10114 20069 39755 40077 53014 84830 333 60005 83830 85361 90710 91112 93100=
07299,2008-04-30 18:00:00,10.9,1007.9,1.2,75,6.6,20000,11.112,18.52,,120,8.6,14.1,0,0,,1,,,,15,og-post,,,,AAXX 30184 07299 01670 71206 10109 20066 39756 40079 51012 60012 71562 8683/ 333 10141 20086 60007 82833 83650 85657 90710 91110 93100 555 60005=
07299,2008-04-30 19:00:00,8.7,1008.8,1.2,80,5.4,25000,11.112,14.816,,140,,,0,,,,,,,15,og-post,,,,AAXX 30194 07299 21575 51406 10087 20054 39763 40088 53012 71511 84833 333 60005 81830 84650 90710 91108 93100=
07299,2008-04-30 20:00:00,9.1,1009.7,1.6,75,4.9,25000,7.408,18.52,,190,,,0,,,,,,,,og-post,,,,AAXX 30204 07299 22675 31904 10091 20049 39772 40097 53016 83803 333 60005 81833 83650 90710 91110 93100=
07299,2008-04-30 21:00:00,6.7,1010.3,1.9,84,4.2,20000,,14.816,,,,,0,0,,,,,,,og-post,,,,AAXX 30214 07299 22670 30000 10067 20042 39775 40103 51019 82801 333 60007 81840 90710 91108 93100 555 60005=
07299,2008-04-30 22:00:00,5.4,1010.9,1.6,91,4.1,20000,3.704,7.408,,190,,,0,,,,,,,,og-post,,,,AAXX 30224 07299 22670 31902 10054 20041 39779 40109 51016 82831 333 60005 81840 90710 91104 93100=
07299,2008-04-30 23:00:00,4.7,1011.4,1.1,94,3.8,20000,7.408,7.408,,220,,,0,,,,,,,,og-post,,,,AAXX 30234 07299 22670 22204 10047 20038 39783 40114 53011 81831 333 60005 81840 90710 91104 93100=
07299,2008-05-01 00:00:00,4.9,1011.9,1.3,95,4.2,20000,3.704,11.112,,170,,,0,0,,,,,,,og-post,,,,AAXX 01004 07299 02670 71702 10049 20042 39788 40119 53013 60001 81830 333 60007 81840 86357 90710 91106 93100 555 60005=
07299,2008-05-01 01:00:00,6.7,1011.8,1,94,5.8,20000,7.408,14.816,,160,,,0,,,,,,,,og-post,,,,AAXX 01014 07299 26/70 /1604 10067 20058 39789 40118 51010 333 60005 90710 91108=
07299,2008-05-01 02:00:00,6.1,1012.3,1.1,93,5.1,20000,11.112,14.816,,160,,,0,,,,,,,,og-post,,,,AAXX 01024 07299 26/70 /1606 10061 20051 39793 40123 53011 333 60005 90710 91108=
07299,2008-05-01 03:00:00,6.4,1012.8,1.2,94,5.5,15000,3.704,11.112,,190,,,0,0,,,,,,16,og-post,,,,AAXX 01034 07299 21565 71902 10064 20055 39799 40128 53012 71622 878// 333 60007 82830 85643 87650 90710 91106 93100 555 60005=
07299,2008-05-01 04:00:00,6.8,1013.3,1.5,93,5.7,9000,7.408,11.112,,170,,,0,,,,,,,16,og-post,,,,AAXX 01044 07299 21559 71704 10068 20057 39804 40133 52015 71622 878// 333 60005 82826 84636 87656 90710 91106 93100=
07299,2008-05-01 05:00:00,7.4,1013.9,1.8,93,6.3,18000,3.704,11.112,,110,,,,,,,,,,25,og-post,,,,AAXX 01054 07299 21568 71102 10074 20063 39811 40139 53018 72586 878// 333 69905 81820 84633 87650 90710 91106 93100=
07299,2008-05-01 06:00:00,7.8,1014.7,2,93,6.7,15000,7.408,14.816,,110,4.4,10.9,1,1,,1,2.2,2.1,1,25,og-post,,,,AAXX 01064 07299 01565 71104 10078 20067 39819 40147 53020 60012 72586 878// 333 10109 20044 32001 55021 60017 70022 81823 84633 87646 90710 91108 93100 555 60015=
07299,2008-05-01 07:00:00,8.6,1015.5,2.3,88,6.7,20000,3.704,11.112,,190,,,0,,,,,,,16,og-post,,,,AAXX 01074 07299 21570 71902 10086 20067 39827 40155 52023 71622 878// 333 60005 81821 85630 85643 90710 91106 93100=
07299,2008-05-01 08:00:00,11.7,1015.1,1.5,76,7.6,25000,7.408,22.224,,240,,,0,,,,,,,,og-post,,,,AAXX 01084 07299 22575 62404 10117 20076 39827 40151 51015 83831 333 60005 82820 84357 90710 91112 93100=
07299,2008-05-01 09:00:00,12.9,1015.1,0.9,64,6.3,35000,14.816,25.928,,240,,,0,0,,,,,,,og-post,,,,AAXX 01094 07299 22581 52408 10129 20063 39828 40151 51009 82201 333 60007 82826 84076 90710 91114 93100 555 60005=
07299,2008-05-01 10:00:00,14.1,1015,0.2,59,6.2,40000,18.52,31.484,,230,,,0,,,,,,,,og-post,,,,AAXX 01104 07299 22682 62310 10141 20062 39829 40150 53002 84801 333 60005 83833 83656 90710 91117 93100=
07299,2008-05-01 11:00:00,15.7,1014.7,0.1,56,7,40000,11.112,22.224,,270,,,0,,,,,,,,og-post,,,,AAXX 01114 07299 22682 42706 10157 20070 39828 40147 50001 83201 333 60005 82838 90710 91112 93100=
07299,2008-05-01 12:00:00,16.2,1014.4,-0.3,44,3.9,30000,14.816,25.928,,270,,,0,0,,,,,,15,og-post,,,,AAXX 01124 07299 01680 52708 10162 20039 39825 40144 58003 60001 71511 83201 333 60007 82843 83076 90710 91114 93100 555 60005=
07299,2008-05-01 13:00:00,15.9,1014.6,-0.1,46,4.3,40000,18.52,29.632,,260,,,0,,,,,,,15,og-post,,,,AAXX 01134 07299 21682 72610 10159 20043 39827 40146 55001 71522 83901 333 60005 81945 83850 86076 90710 91116 93100=
07299,2008-05-01 14:00:00,16.8,1014.4,-0.2,41,3.5,40000,11.112,35.188,,200,,,0,,,,,,,15,og-post,,,,AAXX 01144 07299 21682 72006 10168 20035 39826 40144 56002 71522 84308 333 60005 81946 83650 87276 90710 91119 93100=
07299,2008-05-01 15:00:00,16.7,1014.3,0,43,4.1,50000,7.408,22.224,,150,,,0,0,,,,,,,og-post,,,,AAXX 01154 07299 22684 61504 10167 20041 39825 40143 50000 83301 333 60007 81946 85076 90710 91112 93100 555 60005=
07299,2008-05-01 16:00:00,17.5,1014.5,-0.1,42,4.5,40000,3.704,14.816,,200,,,0,,,,,,,15,og-post,,,,AAXX 01164 07299 21682 62002 10175 20045 39827 40145 55001 71522 83901 333 60005 81943 84076 90710 91108 93100=
07299,2008-05-01 17:00:00,12.8,1015.9,1.1,66,6.6,15000,14.816,38.892,,160,,,,,,,,,,25,og-post,,,,AAXX 01174 07299 21665 71608 10128 20066 39836 40159 53011 72586 86901 333 69905 82833 82940 84650 85076 90710 91121 93100=
07299,2008-05-01 18:00:00,13,1016.6,1.9,72,8.1,20000,3.704,11.112,,160,7.8,17.6,0,,,,,,,15,og-post,,,,AAXX 01184 07299 01670 71602 10130 20081 39843 40166 53019 69902 71586 82963 333 10176 20078 69907 81836 82943 85358 86073 90710 91106 93100 555 60005=
07299,2008-05-01 19:00:00,11.2,1017.5,2.3,79,7.7,12000,11.112,35.188,,200,,,0.2,,,,,,,25,og-post,,,,AAXX 01194 07299 21662 72006 10112 20077 39850 40175 51023 72586 82963 333 69925 81836 85358 86073 90710 91119 93100=
07299,2008-05-01 20:00:00,10,1018.2,2,88,8.1,15000,3.704,11.112,,140,,,0,,,,,,,,og-post,,,,AAXX 01204 07299 22665 71402 10100 20081 39855 40182 51020 82232 333 60005 82836 84358 86073 90710 91106 93100=
07299,2008-05-01 21:00:00,7.9,1019,1.6,90,6.4,15000,7.408,11.112,,160,,,0,0.2,,,,,,1,og-post,,,,AAXX 01214 07299 21965 71604 10079 20064 39860 40190 51016 70186 83032 333 69927 83360 86073 90710 91106 93100 555 60005=
07299,2008-05-01 22:00:00,7.7,1019.6,1.6,93,6.6,20000,3.704,11.112,,170,,,0,,,,,,,0,og-post,,,,AAXX 01224 07299 24970 71702 10077 20066 39866 40196 53016 700// 333 60005 90710 91106=
07299,2008-05-01 23:00:00,8.4,1019.9,1.5,91,7,15000,7.408,14.816,,190,,,0,,,,,,,,og-post,,,,AAXX 01234 07299 22965 71904 10084 20070 39870 40199 51015 85032 333 60005 85359 87073 90710 91108 93100=
07299,2008-05-02 00:00:00,7.6,1020.2,1.2,89,5.9,15000,7.408,14.816,,230,,,0,0,0.2,,,,,1,og-post,,,,AAXX 02004 07299 01965 72304 10076 20059 39872 40202 51012 69921 70186 85032 333 60007 85362 87073 90710 91108 93100 555 60005=
07299,2008-05-02 01:00:00,7.2,1020.5,0.8,90,5.7,20000,7.408,11.112,,190,,,0,,,,,,,,og-post,,,,AAXX 02014 07299 26/70 /1904 10072 20057 39874 40205 51008 333 60005 90710 91106=
07299,2008-05-02 02:00:00,5.9,1021.2,0.9,91,4.5,20000,7.408,11.112,,160,,,0,,,,,,,,og-post,,,,AAXX 02024 07299 26/70 /1604 10059 20045 39879 40212 53009 333 60005 90710 91106=
07299,2008-05-02 03:00:00,4,1022.2,1.4,94,3.1,15000,7.408,11.112,,250,,,0,0,,,,,,,og-post,,,,AAXX 02034 07299 22965 72504 10040 20031 39887 40222 53014 83032 333 60007 83358 87073 90710 91106 93100 555 60005=
07299,2008-05-02 04:00:00,5.3,1022.4,1.5,96,4.7,15000,7.408,11.112,,150,,,0,,,,,,,,og-post,,,,AAXX 02044 07299 22665 71504 10053 20047 39890 40224 51015 83232 333 60005 81833 83357 85360 90710 91106 93100=
07299,2008-05-02 05:00:00,5.5,1023.1,1.9,95,4.8,15000,,11.112,,,,,0,,,,,,,,og-post,,,,AAXX 02054 07299 22865 50000 10055 20048 39897 40231 52019 83032 333 60005 82358 84073 90710 91106 93100=
07299,2008-05-02 06:00:00,8.5,1023.3,1.5,88,6.6,15000,3.704,11.112,,180,3.9,12.9,0,0,,0.2,0.2,6.3,1,,og-post,,,,AAXX 02064 07299 02865 31802 10085 20066 39903 40233 53015 69922 82032 333 10129 20039 31001 55063 60007 70002 81358 83073 90710 91106 93100 555 60005=
07299,2008-05-02 07:00:00,11.6,1023.2,1.6,77,7.7,20000,7.408,14.816,,160,,,0,,,,,,,,og-post,,,,AAXX 02074 07299 22570 21604 10116 20077 39905 40232 51016 81132 333 60005 81820 90710 91108 93100=
07299,2008-05-02 08:00:00,13.6,1022.8,0.6,65,7.2,20000,7.408,14.816,,120,,,0,,,,,,,,og-post,,,,AAXX 02084 07299 22570 11204 10136 20072 39904 40228 50006 81832 333 60005 81820 90710 91108 93100=
07299,2008-05-02 09:00:00,16.4,1022.4,0,55,7.3,20000,3.704,18.52,,100,,,0,0,,,,,,,og-post,,,,AAXX 02094 07299 22570 31002 10164 20073 39903 40224 50000 81832 333 60007 81825 90710 91110 93100 555 60005=
07299,2008-05-02 10:00:00,18,1021.9,-0.4,43,5.2,20000,7.408,11.112,,10,,,0,,,,,,,,og-post,,,,AAXX 02104 07299 22670 60104 10180 20052 39900 40219 58004 81832 333 60005 81836 86073 90710 91106 93100=
07299,2008-05-02 11:00:00,19.1,1021.6,-0.6,42,5.9,50000,7.408,11.112,,350,,,0,,,,,,,,og-post,,,,AAXX 02114 07299 22684 53504 10191 20059 39898 40216 58006 81132 333 60005 81840 85073 90710 91106 93100=
07299,2008-05-02 12:00:00,18.9,1021.4,-0.7,41,5.4,50000,7.408,25.928,,320,,,0,0,,,,,,,og-post,,,,AAXX 02124 07299 02684 63204 10189 20054 39896 40214 56007 60001 83232 333 60007 83845 85073 90710 91114 93100 555 60005=
07299,2008-05-02 13:00:00,20.4,1021.2,-0.6,37,5.2,50000,3.704,14.816,,360,,,0,,,,,,,,og-post,,,,AAXX 02134 07299 22684 63602 10204 20052 39895 40212 57006 83832 333 60005 83846 85073 90710 91108 93100=
07299,2008-05-02 14:00:00,20.5,1020.9,-0.5,49,9.4,50000,22.224,35.188,,270,,,0,,,,,,,,og-post,,,,AAXX 02144 07299 22784 62712 10205 20094 39893 40209 56005 83832 333 60005 83850 85073 90710 91119 93100=
07299,2008-05-02 15:00:00,20.8,1020.9,-0.3,36,5.2,50000,18.52,35.188,,290,,,0,0,,,,,,,og-post,,,,AAXX 02154 07299 22784 42910 10208 20052 39893 40209 56003 82831 333 60007 82850 83073 90710 91119 93100 555 60005=
07299,2008-05-02 16:00:00,19.7,1021.1,-0,42,6.4,50000,11.112,38.892,,270,,,0,,,,,,,,og-post,,,,AAXX 02164 07299 22784 42706 10197 20064 39894 40211 55000 82131 333 60005 82850 83073 90710 91121 93100=
07299,2008-05-02 17:00:00,19.8,1021,0,43,6.9,50000,7.408,31.484,,300,,,0,,,,,,,,og-post,,,,AAXX 02174 07299 22784 43004 10198 20069 39893 40210 50000 81801 333 60005 81850 84073 90710 91117 93100=
07299,2008-05-02 18:00:00,17.2,1021.6,0.3,51,7,50000,11.112,25.928,,300,8.5,21.1,0,0,,,,,,,og-post,,,,AAXX 02184 07299 02784 73006 10172 20070 39896 40216 53003 60002 81801 333 10211 20085 60007 81850 87073 90710 91114 93100 555 60005=
07299,2008-05-02 19:00:00,15,1022.4,0.8,56,6.3,40000,11.112,25.928,,320,,,0,,,,,,,,og-post,,,,AAXX 02194 07299 22782 73206 10150 20063 39901 40224 53008 81431 333 60005 81656 87075 90710 91114 93100=
07299,2008-05-02 20:00:00,11.6,1023.6,1.5,72,6.7,35000,11.112,18.52,,300,,,0,,,,,,,,og-post,,,,AAXX 02204 07299 22981 73006 10116 20067 39909 40236 53015 81031 333 60005 81359 87075 90710 91110 93100=
07299,2008-05-02 21:00:00,11.2,1023.8,1.5,75,6.9,30000,14.816,18.52,,310,,,0,0,,,,,,,og-post,,,,AAXX 02214 07299 22980 73108 10112 20069 39911 40238 51015 81031 333 60007 81359 87075 90710 91110 93100 555 60005=
07299,2008-05-02 22:00:00,10.8,1024.1,1.1,75,6.6,30000,11.112,18.52,,330,,,0,,,,,,,,og-post,,,,AAXX 02224 07299 22/80 73306 10108 20066 39913 40241 51011 80001 333 60005 87075 90710 91110 93100=
07299,2008-05-02 23:00:00,10.9,1024.3,0.6,74,6.5,30000,3.704,14.816,,340,,,0,,,,,,,,og-post,,,,AAXX 02234 07299 22/80 63402 10109 20065 39915 40243 52006 80001 333 60005 86075 90710 91108 93100=
07299,2008-05-03 00:00:00,8.2,1024.8,0.6,85,5.8,25000,3.704,14.816,,330,,,0,0,,,,,,,og-post,,,,AAXX 03004 07299 02/75 53302 10082 20058 39917 40248 52006 60001 80001 333 60007 85075 90710 91108 93100 555 60005=
07299,2008-05-03 01:00:00,6.3,1025.1,0.4,90,4.8,20000,3.704,7.408,,290,,,0,,,,,,,,og-post,,,,AAXX 03014 07299 26/70 /2902 10063 20048 39917 40251 51004 333 60005 90710 91104=
07299,2008-05-03 02:00:00,5.4,1025.3,0.3,93,4.4,20000,,3.704,,,,,0,,,,,,,,og-post,,,,AAXX 03024 07299 26/70 /0000 10054 20044 39918 40253 51003 333 60005 90710 91102=
07299,2008-05-03 03:00:00,4.9,1025.3,0.1,94,4,20000,3.704,7.408,,250,,,0,0,,,,,,,og-post,,,,AAXX 03034 07299 22/70 32502 10049 20040 39918 40253 52001 80001 333 60007 83075 90710 91104 93100 555 60005=
07299,2008-05-03 04:00:00,4.3,1025.6,0.3,95,3.6,20000,3.704,3.704,,250,,,0,,,,,,,,og-post,,,,AAXX 03044 07299 22/70 32502 10043 20036 39920 40256 53003 80001 333 60005 83075 90710 91102 93100=
07299,2008-05-03 05:00:00,4.5,1026,0.6,95,3.8,20000,3.704,3.704,,210,,,0,,,,,,,,og-post,,,,AAXX 03054 07299 22970 52102 10045 20038 39924 40260 53006 81031 333 60005 81361 85075 90710 91102 93100=
07299,2008-05-03 06:00:00,9.3,1025.8,1,86,7.1,25000,3.704,3.704,,110,4.3,17,0,0,,,0,11.9,1,,og-post,,,,AAXX 03064 07299 02975 51102 10093 20071 39928 40258 53010 60002 81032 333 10170 20043 30001 55119 60007 70000 81361 85075 90710 91102 93100 555 60005=
07299,2008-05-03 07:00:00,11.7,1025.6,0.9,79,8.2,30000,,3.704,,,,,0,,,,,,,,og-post,,,,AAXX 03074 07299 22980 50000 10117 20082 39929 40256 51009 81032 333 60005 81362 85075 90710 91102 93100=
07299,2008-05-03 08:00:00,14.4,1025.2,0.4,65,7.9,30000,3.704,7.408,,290,,,0,,,,,,,,og-post,,,,AAXX 03084 07299 22980 52902 10144 20079 39928 40252 50004 81032 333 60005 81362 85075 90710 91104 93100=
07299,2008-05-03 09:00:00,16.6,1024.6,-0.4,54,7.3,30000,3.704,11.112,,230,,,0,0,,,,,,,og-post,,,,AAXX 03094 07299 22780 62302 10166 20073 39924 40246 58004 81132 333 60007 81850 85075 90710 91106 93100 555 60005=
07299,2008-05-03 10:00:00,18.2,1024.1,-0.8,52,8.2,30000,3.704,11.112,,270,,,0,,,,,,,,og-post,,,,AAXX 03104 07299 22780 72702 10182 20082 39921 40241 58008 81132 333 60005 81850 83363 85075 90710 91106 93100=
07299,2008-05-03 11:00:00,19.6,1023.5,-1.1,52,9.5,30000,7.408,14.816,,50,,,0,,,,,,,,og-post,,,,AAXX 03114 07299 22780 70504 10196 20095 39917 40235 57011 81132 333 60005 81850 85363 85075 90710 91108 93100=
07299,2008-05-03 12:00:00,20.1,1023,-1.1,44,7.5,40000,7.408,14.816,,40,,,0,0,,,,,,,og-post,,,,AAXX 03124 07299 02782 70404 10201 20075 39913 40230 58011 60001 8113/ 333 60007 81856 87363 90710 91108 93100 555 60005=
07299,2008-05-03 13:00:00,21.1,1022.5,-1.2,40,7,40000,7.408,14.816,,80,,,0,,,,,,,,og-post,,,,AAXX 03134 07299 22782 70804 10211 20070 39909 40225 57012 81132 333 60005 81856 84360 85075 90710 91108 93100=
07299,2008-05-03 14:00:00,22.7,1021.7,-1.4,32,5.2,40000,3.704,11.112,,250,,,0,,,,,,,,og-post,,,,AAXX 03144 07299 22782 72502 10227 20052 39903 40217 58014 81132 333 60005 81856 86075 90710 91106 93100=
07299,2008-05-03 15:00:00,22.7,1021.3,-1.4,33,5.6,40000,7.408,14.816,,250,,,0,0,,,,,,,og-post,,,,AAXX 03154 07299 22882 62504 10227 20056 39899 40213 57014 81132 333 60007 81856 85075 90710 91108 93100 555 60005=
07299,2008-05-03 16:00:00,22.8,1021,-1.3,31,4.8,40000,7.408,14.816,,40,,,0,,,,,,,,og-post,,,,AAXX 03164 07299 22882 70404 10228 20048 39896 40210 56013 81142 333 60005 81856 85075 90710 91108 93100=
07299,2008-05-03 17:00:00,21.3,1021.1,-0.8,35,5.2,40000,11.112,18.52,,10,,,0,,,,,,,,og-post,,,,AAXX 03174 07299 22882 50106 10213 20052 39895 40211 56008 81142 333 60005 81856 84075 90710 91110 93100=
07299,2008-05-03 18:00:00,18.4,1021.5,-0.3,47,6.9,40000,3.704,14.816,,350,9.5,23.1,0,0,,,,,,,og-post,,,,AAXX 03184 07299 02882 43502 10184 20069 39896 40215 55003 60002 81142 333 10231 20095 60007 81856 90710 91108 93100 555 60005=
07299,2008-05-03 19:00:00,14.4,1022.1,0.2,65,7.9,40000,3.704,11.112,,280,,,0,,,,,,,,og-post,,,,AAXX 03194 07299 22782 42802 10144 20079 39898 40221 53002 81132 333 60005 81856 83075 90710 91106 93100=
07299,2008-05-03 20:00:00,11.2,1022.7,0.5,83,8.4,40000,7.408,11.112,,290,,,0,,,,,,,,og-post,,,,AAXX 03204 07299 22882 42904 10112 20084 39900 40227 53005 81531 333 60005 81656 83075 90710 91106 93100=
07299,2008-05-03 21:00:00,12.5,1022.4,0.3,74,8,30000,7.408,11.112,,310,,,0,0,,,,,,,og-post,,,,AAXX 03214 07299 22980 33104 10125 20080 39899 40224 50003 82031 333 60007 82361 90710 91106 93100 555 60005=
07299,2008-05-03 22:00:00,11.6,1022.3,-0.1,77,7.7,30000,11.112,18.52,,320,,,0,,,,,,,,og-post,,,,AAXX 03224 07299 22980 03206 10116 20077 39897 40223 58001 333 60005 90710 91110 93100=
07299,2008-05-03 23:00:00,11.1,1022.5,-0.2,80,7.8,20000,3.704,14.816,,30,,,0,,,,,,,,og-post,,,,AAXX 03234 07299 22970 00302 10111 20078 39898 40225 55002 333 60005 90710 91108 93100=
07299,2008-05-04 00:00:00,8.9,1022.4,-0.4,88,7,20000,,7.408,,,,,0,0,,,,,,,og-post,,,,AAXX 04004 07299 02970 00000 10089 20070 39895 40224 58004 60001 333 60007 90710 91104 93100 555 60005=
07299,2008-05-04 01:00:00,7.4,1022.6,-0.2,93,6.3,20000,,7.408,,,,,0,,,,,,,,og-post,,,,AAXX 04014 07299 26/70 /0000 10074 20063 39895 40226 58002 333 60005 90710 91104=
07299,2008-05-04 02:00:00,7,1022.7,-0.3,94,6.1,20000,,3.704,,,,,0,,,,,,,,og-post,,,,AAXX 04024 07299 26/70 /0000 10070 20061 39895 40227 56003 333 60005 90710 91102=
07299,2008-05-04 03:00:00,6,1022.7,-0.1,93,5,30000,3.704,3.704,,190,,,0,0,,,,,,,og-post,,,,AAXX 04034 07299 22980 11902 10060 20050 39894 40227 58001 81030 333 60007 81360 90710 91102 93100 555 60005=
07299,2008-05-04 04:00:00,6,1022.6,-0.2,95,5.3,30000,,3.704,,,,,0,,,,,,,,og-post,,,,AAXX 04044 07299 22980 10000 10060 20053 39893 40226 58002 81030 333 60005 81360 90710 91102 93100=
07299,2008-05-04 05:00:00,5.8,1022.9,0.1,96,5.2,30000,,3.704,,,,,0,,,,,,,,og-post,,,,AAXX 04054 07299 22980 30000 10058 20052 39896 40229 53001 81031 333 60005 81360 83075 90710 91102 93100=
07299,2008-05-04 06:00:00,10.1,1022.6,0.4,86,7.9,30000,3.704,7.408,,190,5,18.4,0,0,,,0,10.4,2,,og-post,,,,AAXX 04064 07299 02980 51902 10101 20079 39898 40226 53004 60002 80001 333 10184 20050 30002 55104 60007 70000 85075 90710 91104 93100 555 60005=
07299,2008-05-04 07:00:00,13.4,1022.1,0.3,72,8.5,30000,3.704,7.408,,170,,,0,,,,,,,,og-post,,,,AAXX 04074 07299 22/80 41702 10134 20085 39897 40221 50003 80002 333 60005 84073 90710 91104 93100=
07299,2008-05-04 08:00:00,15.1,1021.6,-0.2,65,8.6,30000,3.704,7.408,,300,,,0,,,,,,,,og-post,,,,AAXX 04084 07299 22/80 53002 10151 20086 39894 40216 58002 80002 333 60005 85073 90710 91104 93100=
07299,2008-05-04 09:00:00,17.2,1021.2,-0.6,57,8.6,35000,7.408,14.816,,20,,,0,0,,,,,,,og-post,,,,AAXX 04094 07299 22681 60204 10172 20086 39892 40212 58006 81102 333 60007 81835 86073 90710 91108 93100 555 60005=
07299,2008-05-04 12:00:00,21.1,1019.2,-1.5,48,9.7,35000,11.112,22.224,,360,,,0,0,,,,,,,og-post,,,,AAXX 04124 07299 02681 73606 10211 20097 39877 40192 58015 60001 81102 333 60007 81846 87073 90710 91112 93100 555 60005=
07299,2008-05-04 15:00:00,22.6,1017.8,-1.1,37,7.2,35000,11.112,22.224,,10,,,0,0,,,,,,,og-post,,,,AAXX 04154 07299 22781 70106 10226 20072 39865 40178 57011 81102 333 60007 81856 87073 90710 91112 93100 555 60005=
07299,2008-05-04 16:00:00,22.8,1017.6,-1.1,39,8.1,35000,11.112,18.52,,360,,,0,,,,,,,,og-post,,,,AAXX 04164 07299 22781 73606 10228 20081 39863 40176 56011 81102 333 60005 81856 87073 90710 91110 93100=
07299,2008-05-04 17:00:00,22.2,1017.7,-0.5,40,8,35000,14.816,25.928,,360,,,0,,,,,,,,og-post,,,,AAXX 04174 07299 22781 63608 10222 20080 39864 40177 55005 81102 333 60005 81856 86073 90710 91114 93100=
07299,2008-05-04 18:00:00,20.3,1018.3,0.2,45,8,35000,14.816,25.928,,10,10.4,24,0,0,,,,,,,og-post,,,,AAXX 04184 07299 02781 40108 10203 20080 39867 40183 53002 60002 81102 333 10240 20104 60007 81856 84073 90710 91114 93100 555 60005=
07299,2008-05-04 19:00:00,17.5,1019.3,1.1,54,8.1,35000,14.816,22.224,,350,,,0,,,,,,,,og-post,,,,AAXX 04194 07299 22881 43508 10175 20081 39874 40193 53011 82402 333 60005 82656 83073 90710 91112 93100=
07299,2008-05-04 20:00:00,16.3,1019.9,1.5,59,8.3,30000,11.112,22.224,,340,,,0,,,,,,,,og-post,,,,AAXX 04204 07299 22880 43406 10163 20083 39879 40199 53015 82031 333 60005 82358 83073 90710 91112 93100=
07299,2008-05-04 21:00:00,13.7,1020.5,1.5,65,7.2,30000,11.112,18.52,,320,,,0,0,,,,,,,og-post,,,,AAXX 04214 07299 22880 33206 10137 20072 39882 40205 51015 81031 333 60007 81358 90710 91110 93100 555 60005=
07299,2008-05-04 22:00:00,12.5,1020.9,1.1,67,6.5,30000,7.408,14.816,,280,,,0,,,,,,,,og-post,,,,AAXX 04224 07299 22880 32804 10125 20065 39884 40209 51011 81031 333 60005 81358 90710 91108 93100=
07299,2008-05-04 23:00:00,10.8,1021.4,0.8,76,6.7,30000,3.704,11.112,,300,,,0,,,,,,,,og-post,,,,AAXX 04234 07299 22/80 23002 10108 20067 39887 40214 51008 80001 333 60005 82073 90710 91106 93100=
07299,2008-05-05 00:00:00,8.8,1021.6,0.5,83,6.1,30000,3.704,7.408,,300,,,0,0,,,,,,,og-post,,,,AAXX 05004 07299 02/80 23002 10088 20061 39887 40216 51005 60001 80001 333 60007 82073 90710 91104 93100 555 60005=
07299,2008-05-05 01:00:00,9.1,1021.5,0.1,78,5.5,20000,3.704,7.408,,270,,,0,,,,,,,,og-post,,,,AAXX 05014 07299 26/70 /2702 10091 20055 39886 40215 50001 333 60005 90710 91104=
07299,2008-05-05 02:00:00,7.5,1021.9,0.1,86,5.3,20000,3.704,7.408,,270,,,0,,,,,,,,og-post,,,,AAXX 05024 07299 26/70 /2702 10075 20053 39888 40219 53001 333 60005 90710 91104=
07299,2008-05-05 03:00:00,6.6,1022.3,0.4,87,4.6,20000,3.704,7.408,,270,,,0,0,,,,,,,og-post,,,,AAXX 05034 07299 22/70 12702 10066 20046 39891 40223 53004 80001 333 60007 81075 90710 91104 93100 555 60005=
07299,2008-05-05 04:00:00,6.7,1022.5,0.7,86,4.5,20000,3.704,11.112,,280,,,0,,,,,,,,og-post,,,,AAXX 05044 07299 22870 22802 10067 20045 39893 40225 52007 81011 333 60005 81358 90710 91106 93100=
07299,2008-05-05 05:00:00,6.7,1023,1,85,4.4,30000,7.408,11.112,,320,,,0,,,,,,,,og-post,,,,AAXX 05054 07299 22880 13204 10067 20044 39898 40230 53010 81031 333 60005 81358 90710 91106 93100=
07299,2008-05-05 06:00:00,10.1,1022.8,0.9,77,6.3,30000,7.408,11.112,,330,6.1,20.2,0,0,,,0,12.9,2,,og-post,,,,AAXX 05064 07299 02/80 13304 10101 20063 39900 40228 52009 60002 80001 333 10202 20061 30002 55129 60007 70000 81075 90710 91106 93100 555 60005=
07299,2008-05-05 07:00:00,12.1,1023,1.1,69,6.6,30000,11.112,14.816,,330,,,0,,,,,,,,og-post,,,,AAXX 05074 07299 22/80 13306 10121 20066 39904 40230 51011 80001 333 60005 81075 90710 91108 93100=
07299,2008-05-05 08:00:00,14.5,1022.6,0.5,56,5.8,30000,7.408,14.816,,340,,,0,,,,,,,,og-post,,,,AAXX 05084 07299 22/80 13404 10145 20058 39903 40226 50005 80001 333 60005 81075 90710 91108 93100=
07299,2008-05-05 09:00:00,16.6,1022.4,0.3,54,7.3,30000,7.408,18.52,,360,,,0,0,,,,,,,og-post,,,,AAXX 05094 07299 22/80 13604 10166 20073 39903 40224 51003 80001 333 60007 81075 90710 91110 93100 555 60005=
07299,2008-05-05 10:00:00,18.9,1021.8,-0.4,47,7.4,30000,7.408,18.52,,60,,,0,,,,,,,,og-post,,,,AAXX 05104 07299 22/80 10604 10189 20074 39900 40218 58004 80001 333 60005 81075 90710 91110 93100=
07299,2008-05-05 11:00:00,20.4,1021.1,-1,30,2.3,30000,11.112,29.632,,70,,,0,,,,,,,,og-post,,,,AAXX 05114 07299 22/80 10706 10204 20023 39894 40211 58010 80001 333 60005 81075 90710 91116 93100=
07299,2008-05-05 12:00:00,21.1,1020.6,-1.3,27,1.4,40000,25.928,42.596,,120,,,0,0,,,,,,,og-post,,,,AAXX 05124 07299 02/82 11214 10211 20014 39890 40206 57013 60001 80001 333 60007 81075 90710 91123 93100 555 60005=
07299,2008-05-05 13:00:00,21.4,1020.4,-1.2,23,-0.6,50000,22.224,38.892,,120,,,0,,,,,,,,og-post,,,,AAXX 05134 07299 22/84 11212 10214 21006 39888 40204 56012 80001 333 60005 81075 90710 91121 93100=
07299,2008-05-05 14:00:00,22.2,1019.7,-0.9,25,1.3,50000,22.224,38.892,,100,,,0,,,,,,,,og-post,,,,AAXX 05144 07299 22/84 11012 10222 20013 39883 40197 58009 80001 333 60005 81075 90710 91121 93100=
07299,2008-05-05 15:00:00,21.8,1019.7,-0.9,23,-0.2,50000,18.52,38.892,,90,,,0,0,,,,,,,og-post,,,,AAXX 05154 07299 22/84 10910 10218 21002 39882 40197 58009 80001 333 60007 81075 90710 91121 93100 555 60005=
07299,2008-05-05 16:00:00,21.5,1019.5,-1,23,-0.5,50000,25.928,38.892,,110,,,0,,,,,,,,og-post,,,,AAXX 05164 07299 22/84 11114 10215 21005 39880 40195 56010 80001 333 60005 81075 90710 91121 93100=
07299,2008-05-05 17:00:00,20.6,1019.6,-0.3,24,-0.7,50000,22.224,38.892,,100,,,0,,,,,,,,og-post,,,,AAXX 05174 07299 22/84 11012 10206 21007 39880 40196 56003 80001 333 60005 81075 90710 91121 93100=
07299,2008-05-05 18:00:00,19.1,1020.1,0.2,30,1.1,50000,22.224,35.188,,110,10.2,22.2,0,0,,,,,,,og-post,,,,AAXX 05184 07299 02/84 11112 10191 20011 39883 40201 53002 60002 80001 333 10222 20102 60007 81075 90710 91119 93100 555 60005=
07299,2008-05-05 19:00:00,17.7,1020.7,0.8,37,2.8,50000,18.52,38.892,,90,,,0,,,,,,,,og-post,,,,AAXX 05194 07299 22/84 10910 10177 20028 39888 40207 53008 80001 333 60005 81073 90710 91121 93100=
07299,2008-05-05 20:00:00,16.4,1021.4,1.3,42,3.5,45000,11.112,25.928,,80,,,0,,,,,,,,og-post,,,,AAXX 05204 07299 22/83 10806 10164 20035 39893 40214 53013 80001 333 60005 81073 90710 91114 93100=
07299,2008-05-05 21:00:00,15.5,1021.6,1.1,44,3.3,40000,14.816,31.484,,80,,,0,0,,,,,,,og-post,,,,AAXX 05214 07299 22/82 10808 10155 20033 39894 40216 51011 80001 333 60007 81073 90710 91117 93100 555 60005=
07299,2008-05-05 22:00:00,14.5,1021.7,0.6,47,3.3,40000,7.408,29.632,,60,,,0,,,,,,,,og-post,,,,AAXX 05224 07299 22/82 10604 10145 20033 39894 40217 51006 80001 333 60005 81073 90710 91116 93100=
07299,2008-05-05 23:00:00,13.5,1021.9,0.2,50,3.3,40000,7.408,18.52,,80,,,0,,,,,,,,og-post,,,,AAXX 05234 07299 22/82 10804 10135 20033 39895 40219 52002 80001 333 60005 81073 90710 91110 93100=
07299,2008-05-06 00:00:00,10.5,1022.1,-0.2,62,3.5,40000,,11.112,,,,,0,0,,,,,,,og-post,,,,AAXX 06004 07299 02982 00000 10105 20035 39893 40221 58002 60001 333 60007 90710 91106 93100 555 60005=
07299,2008-05-06 01:00:00,6.1,1022.2,-0.5,85,3.8,20000,3.704,7.408,,280,,,0,,,,,,,,og-post,,,,AAXX 06014 07299 26/70 /2802 10061 20038 39889 40222 58005 333 60005 90710 91104=
07299,2008-05-06 02:00:00,4.9,1022.2,-0.6,87,2.9,20000,3.704,11.112,,290,,,0,,,,,,,,og-post,,,,AAXX 06024 07299 26/70 /2902 10049 20029 39888 40222 56006 333 60005 90710 91106=
07299,2008-05-06 03:00:00,4.9,1022.4,-0.2,89,3.2,40000,7.408,11.112,,250,,,0,0,,,,,,,og-post,,,,AAXX 06034 07299 22982 02504 10049 20032 39890 40224 55002 333 60007 90710 91106 93100 555 60005=
07299,2008-05-06 04:00:00,5,1022.3,-0,90,3.5,40000,7.408,11.112,,270,,,0,,,,,,,,og-post,,,,AAXX 06044 07299 22982 02704 10050 20035 39889 40223 54000 333 60005 90710 91106 93100=
07299,2008-05-06 05:00:00,6.3,1022.5,0.4,90,4.8,40000,,11.112,,,,,0,,,,,,,,og-post,,,,AAXX 06054 07299 22982 00000 10063 20048 39892 40225 53004 333 60005 90710 91106 93100=
07299,2008-05-06 06:00:00,10.3,1022.2,0.4,78,6.6,35000,,7.408,,,4.2,19.1,0,0,,,0,13.4,1,,og-post,,,,AAXX 06064 07299 02981 00000 10103 20066 39894 40222 53004 60002 333 10191 20042 30001 55134 60007 70000 90710 91104 93100 555 60005=
07299,2008-05-06 07:00:00,12.9,1022.2,0.8,73,8.2,35000,7.408,11.112,,340,,,0,,,,,,,,og-post,,,,AAXX 06074 07299 22981 03404 10129 20082 39897 40222 51008 333 60005 90710 91106 93100=
07299,2008-05-06 08:00:00,15.3,1022,0.6,59,7.3,30000,3.704,14.816,,310,,,0,,,,,,,,og-post,,,,AAXX 06084 07299 22980 03102 10153 20073 39898 40220 51006 333 60005 90710 91108 93100=
07299,2008-05-06 09:00:00,17.2,1021.8,0.3,54,7.8,20000,7.408,22.224,,310,,,0,0,,,,,,,og-post,,,,AAXX 06094 07299 26/70 /3104 10172 20078 39898 40218 51003 333 60007 90710 91112 555 60005=
07299,2008-05-06 10:00:00,19,1021.4,0,50,8.4,30000,7.408,18.52,,60,,,0,,,,,,,,og-post,,,,AAXX 06104 07299 22980 00604 10190 20084 39896 40214 50000 333 60005 90710 91110 93100=
07299,2008-05-06 11:00:00,20.2,1020.8,-0.6,44,7.6,20000,3.704,25.928,,300,,,0,,,,,,,,og-post,,,,AAXX 06114 07299 26/70 /3002 10202 20076 39892 40208 58006 333 60005 90710 91114=
07299,2008-05-06 12:00:00,21.3,1020.1,-1.2,40,7.2,30000,11.112,22.224,,360,,,0,0,,,,,,,og-post,,,,AAXX 06124 07299 02680 13606 10213 20072 39886 40201 58012 60001 81101 333 60007 81848 90710 91112 93100 555 60005=
07299,2008-05-06 13:00:00,22.7,1019.6,-1.4,36,6.9,30000,3.704,22.224,,80,,,0,,,,,,,,og-post,,,,AAXX 06134 07299 22780 10802 10227 20069 39882 40196 57014 81100 333 60005 81850 90710 91112 93100=
07299,2008-05-06 14:00:00,23.1,1018.9,-1.6,39,8.4,30000,7.408,18.52,,350,,,0,,,,,,,,og-post,,,,AAXX 06144 07299 22780 13504 10231 20084 39876 40189 57016 81100 333 60005 81850 90710 91110 93100=
07299,2008-05-06 15:00:00,22.9,1018.4,-1.5,40,8.6,30000,7.408,18.52,,350,,,0,0,,,,,,,og-post,,,,AAXX 06154 07299 22780 13504 10229 20086 39871 40184 58015 81100 333 60007 81850 90710 91110 93100 555 60005=
07299,2008-05-06 16:00:00,23.3,1018.1,-1.3,32,5.7,30000,14.816,22.224,,100,,,0,,,,,,,,og-post,,,,AAXX 06164 07299 22780 11008 10233 20057 39868 40181 56013 81130 333 60005 81850 90710 91112 93100=
07299,2008-05-06 17:00:00,22.7,1018.1,-0.8,29,3.8,30000,18.52,29.632,,110,,,0,,,,,,,,og-post,,,,AAXX 06174 07299 22780 11110 10227 20038 39868 40181 56008 81130 333 60005 81850 90710 91116 93100=
07299,2008-05-06 18:00:00,21.2,1018.5,-0.3,31,3.4,30000,14.816,31.484,,110,10.4,23.6,0,0,,,,,,,og-post,,,,AAXX 06184 07299 02780 11108 10212 20034 39870 40185 55003 60002 81530 333 10236 20104 60007 81650 90710 91117 93100 555 60005=
07299,2008-05-06 19:00:00,19.6,1019,0.5,34,3.3,40000,11.112,31.484,,100,,,0,,,,,,,,og-post,,,,AAXX 06194 07299 22782 11006 10196 20033 39873 40190 53005 81530 333 60005 81650 90710 91117 93100=
07299,2008-05-06 20:00:00,18.8,1019.6,1,38,4.2,25000,14.816,29.632,,80,,,0,,,,,,,,og-post,,,,AAXX 06204 07299 22975 00808 10188 20042 39878 40196 53010 333 60005 90710 91116 93100=
07299,2008-05-06 21:00:00,17.7,1020,1.1,41,4.3,25000,11.112,29.632,,90,,,0,0,,,,,,,og-post,,,,AAXX 06214 07299 22975 00906 10177 20043 39881 40200 52011 333 60007 90710 91116 93100 555 60005=
07299,2008-05-06 22:00:00,15.1,1020.3,0.8,50,4.8,20000,7.408,14.816,,90,,,0,,,,,,,,og-post,,,,AAXX 06224 07299 26/70 /0904 10151 20048 39881 40203 51008 333 60005 90710 91108=
07299,2008-05-06 23:00:00,9.2,1021.1,0.4,80,5.9,25000,7.408,11.112,,260,,,0,,,,,,,,og-post,,,,AAXX 06234 07299 22975 02604 10092 20059 39882 40211 51004 333 60005 90710 91106 93100=
07299,2008-05-07 00:00:00,9.4,1020.8,-0.1,78,5.8,25000,3.704,11.112,,240,,,0,0,,,,,,,og-post,,,,AAXX 07004 07299 02975 02402 10094 20058 39880 40208 58001 60001 333 60007 90710 91106 93100 555 60005=
07299,2008-05-07 01:00:00,6.9,1020.8,-0.3,86,4.7,20000,3.704,11.112,,250,,,0,,,,,,,,og-post,,,,AAXX 07014 07299 26/70 /2502 10069 20047 39877 40208 58003 333 60005 90710 91106=
07299,2008-05-07 02:00:00,6.4,1021.2,-0.2,91,5,20000,7.408,7.408,,340,,,0,,,,,,,,og-post,,,,AAXX 07024 07299 26/70 /3404 10064 20050 39880 40212 55002 333 60005 90710 91104=
07299,2008-05-07 03:00:00,6.3,1021.3,0.1,90,4.8,25000,,7.408,,,,,0,0,,,,,,,og-post,,,,AAXX 07034 07299 22975 00000 10063 20048 39881 40213 53001 333 60007 90710 91104 93100 555 60005=
07299,2008-05-07 04:00:00,6.1,1021.5,0.5,92,4.9,25000,3.704,7.408,,190,,,0,,,,,,,,og-post,,,,AAXX 07044 07299 22975 01902 10061 20049 39882 40215 51005 333 60005 90710 91104 93100=
07299,2008-05-07 05:00:00,6.5,1021.7,0.5,92,5.3,15000,,3.704,,,,,0,,,,,,,,og-post,,,,AAXX 07054 07299 22965 00000 10065 20053 39885 40217 53005 333 60005 90710 91102 93100=
07299,2008-05-07 06:00:00,11.6,1021.3,0.6,82,8.6,15000,7.408,7.408,,340,5.6,21.3,0,0,,,0,13.5,2,,og-post,,,,AAXX 07064 07299 02965 03404 10116 20086 39887 40213 53006 60002 333 10213 20056 30002 55135 60007 70000 90710 91104 93100 555 60005=
07299,2008-05-07 07:00:00,14.1,1020.9,0.4,71,8.9,15000,3.704,7.408,,330,,,0,,,,,,,,og-post,,,,AAXX 07074 07299 22965 03302 10141 20089 39886 40209 50004 333 60005 90710 91104 93100=
07299,2008-05-07 08:00:00,16.6,1020.4,-0.1,58,8.3,25000,3.704,11.112,,30,,,0,,,,,,,,og-post,,,,AAXX 07084 07299 22975 00302 10166 20083 39884 40204 58001 333 60005 90710 91106 93100=
07299,2008-05-07 09:00:00,17.1,1019.9,-0.8,56,8.3,25000,7.408,11.112,,320,,,0,0,,,,,,,og-post,,,,AAXX 07094 07299 22975 03204 10171 20083 39880 40199 58008 333 60007 90710 91106 93100 555 60005=
07299,2008-05-07 10:00:00,19.3,1019.4,-0.8,49,8.3,25000,7.408,14.816,,20,,,0,,,,,,,,og-post,,,,AAXX 07104 07299 22675 10204 10193 20083 39877 40194 57008 81100 333 60005 81843 90710 91108 93100=
07299,2008-05-07 11:00:00,20.9,1018.9,-1,47,9.2,25000,3.704,18.52,,10,,,0,,,,,,,,og-post,,,,AAXX 07114 07299 22675 10102 10209 20092 39874 40189 57010 81100 333 60005 81846 90710 91110 93100=
07299,2008-05-07 12:00:00,21.9,1018.1,-1.3,44,9.1,25000,7.408,18.52,,330,,,0,0,,,,,,,og-post,,,,AAXX 07124 07299 02775 13304 10219 20091 39867 40181 58013 60001 81100 333 60007 81850 90710 91110 93100 555 60005=
07299,2008-05-07 13:00:00,22.9,1017.4,-1.6,42,9.3,25000,3.704,22.224,,250,,,0,,,,,,,,og-post,,,,AAXX 07134 07299 22775 12502 10229 20093 39862 40174 58016 81200 333 60005 81850 90710 91112 93100=
07299,2008-05-07 14:00:00,23.8,1016.5,-2,38,8.6,30000,3.704,22.224,,70,,,0,,,,,,,,og-post,,,,AAXX 07144 07299 22780 10702 10238 20086 39854 40165 58020 81200 333 60005 81850 90710 91112 93100=
07299,2008-05-07 15:00:00,23.1,1016,-1.9,39,8.4,30000,11.112,29.632,,70,,,0,0,,,,,,,og-post,,,,AAXX 07154 07299 22780 20706 10231 20084 39848 40160 58019 82201 333 60007 82856 90710 91116 93100 555 60005=
07299,2008-05-07 16:00:00,23.3,1015.8,-1.6,39,8.6,30000,7.408,14.816,,310,,,0,,,,,,,,og-post,,,,AAXX 07164 07299 22880 13104 10233 20086 39846 40158 56016 81101 333 60005 81856 90710 91108 93100=
07299,2008-05-07 17:00:00,22.9,1015.6,-1,36,7,30000,11.112,18.52,,70,,,0,,,,,,,,og-post,,,,AAXX 07174 07299 22880 20706 10229 20070 39844 40156 56010 81402 333 60005 81657 90710 91110 93100=
07299,2008-05-07 18:00:00,21.6,1015.7,-0.4,39,7.1,40000,7.408,14.816,,90,11.6,24.3,0,0,,,,,,,og-post,,,,AAXX 07184 07299 02882 40904 10216 20071 39844 40157 56004 60002 81402 333 10243 20116 60007 81657 83073 90710 91108 93100 555 60005=
07299,2008-05-07 19:00:00,19.6,1016.3,0.1,40,5.6,30000,3.704,11.112,,40,,,0,,,,,,,,og-post,,,,AAXX 07194 07299 22880 40402 10196 20056 39847 40163 53001 81402 333 60005 81657 83073 90710 91106 93100=
07299,2008-05-07 20:00:00,13.8,1017.4,0.8,72,8.8,25000,3.704,11.112,,260,,,0,,,,,,,,og-post,,,,AAXX 07204 07299 22975 32602 10138 20088 39852 40174 53008 80001 333 60005 83073 90710 91106 93100=
07299,2008-05-07 21:00:00,11.3,1017.8,0.9,81,8.2,25000,,7.408,,,,,0,0,,,,,,,og-post,,,,AAXX 07214 07299 22975 20000 10113 20082 39853 40178 51009 80001 333 60007 82073 90710 91104 93100 555 60005=
07299,2008-05-07 22:00:00,10.9,1018,0.7,74,6.5,25000,3.704,11.112,,270,,,0,,,,,,,,og-post,,,,AAXX 07224 07299 22975 22702 10109 20065 39854 40180 51007 80001 333 60005 82073 90710 91106 93100=
07299,2008-05-07 23:00:00,10,1018.4,0.5,81,6.9,25000,,7.408,,,,,0,,,,,,,,og-post,,,,AAXX 07234 07299 22975 20000 10100 20069 39857 40184 53005 80001 333 60005 82073 90710 91104 93100=
07299,2008-05-08 00:00:00,8.6,1018.6,0.4,86,6.4,25000,3.704,11.112,,330,,,0,0,,,,,,,og-post,,,,AAXX 08004 07299 02975 23302 10086 20064 39857 40186 51004 60001 80001 333 60007 82073 90710 91106 93100 555 60005=
07299,2008-05-08 01:00:00,7.5,1018.7,0.3,87,5.5,20000,3.704,7.408,,260,,,0,,,,,,,,og-post,,,,AAXX 08014 07299 26/70 /2602 10075 20055 39857 40187 51003 333 60005 90710 91104=
07299,2008-05-08 02:00:00,6.4,1018.7,-0,88,4.6,20000,,3.704,,,,,0,,,,,,,,og-post,,,,AAXX 08024 07299 26/70 /0000 10064 20046 39856 40187 54000 333 60005 90710 91102=
07299,2008-05-08 03:00:00,6,1018.9,-0,91,4.6,25000,3.704,7.408,,250,,,0,0,,,,,,,og-post,,,,AAXX 08034 07299 22975 02502 10060 20046 39857 40189 54000 333 60007 90710 91104 93100 555 60005=
07299,2008-05-08 04:00:00,5.6,1018.8,-0,94,4.7,25000,,3.704,,,,,0,,,,,,,,og-post,,,,AAXX 08044 07299 22975 00000 10056 20047 39856 40188 54000 333 60005 90710 91102 93100=
07299,2008-05-08 05:00:00,6.4,1019,0.2,93,5.4,25000,3.704,3.704,,220,,,0,,,,,,,,og-post,,,,AAXX 08054 07299 22/75 12202 10064 20054 39859 40190 53002 80002 333 60005 81073 90710 91102 93100=
07299,2008-05-08 06:00:00,11.6,1018.5,0.3,77,7.7,25000,,3.704,,,5.2,21.5,0,0,,,0,12.2,1,,og-post,,,,AAXX 08064 07299 02975 10000 10116 20077 39860 40185 53003 60002 81080 333 10215 20052 30001 55122 60007 70000 81358 90710 91102 93100 555 60005=
07299,2008-05-08 07:00:00,14.1,1018.3,0.4,69,8.5,25000,3.704,7.408,,320,,,0,,,,,,,,og-post,,,,AAXX 08074 07299 22975 03202 10141 20085 39861 40183 51004 333 60005 90710 91104 93100=
07299,2008-05-08 08:00:00,17.6,1017.7,0,51,7.4,25000,3.704,11.112,,130,,,0,,,,,,,,og-post,,,,AAXX 08084 07299 22975 01302 10176 20074 39859 40177 50000 333 60005 90710 91106 93100=
07299,2008-05-08 09:00:00,19.2,1017.2,-0.4,44,6.7,25000,11.112,14.816,,70,,,0,0,,,,,,,og-post,,,,AAXX 08094 07299 22975 00706 10192 20067 39856 40172 58004 333 60007 90710 91108 93100 555 60005=
07299,2008-05-08 10:00:00,20.4,1016.5,-1.1,41,6.7,25000,7.408,18.52,,70,,,0,,,,,,,,og-post,,,,AAXX 08104 07299 22775 10704 10204 20067 39850 40165 58011 81100 333 60005 81850 90710 91110 93100=
07299,2008-05-08 11:00:00,22.1,1015.8,-1.4,37,6.7,25000,7.408,18.52,,80,,,0,,,,,,,,og-post,,,,AAXX 08114 07299 22775 10804 10221 20067 39845 40158 58014 81100 333 60005 81850 90710 91110 93100=
07299,2008-05-08 12:00:00,23.2,1015.1,-1.7,37,7.7,25000,3.704,14.816,,140,,,0,0,,,,,,,og-post,,,,AAXX 08124 07299 02775 11402 10232 20077 39839 40151 57017 60001 81100 333 60007 81850 90710 91108 93100 555 60005=
07299,2008-05-08 13:00:00,23.5,1014.6,-1.5,36,7.6,25000,7.408,29.632,,290,,,0,,,,,,,,og-post,,,,AAXX 08134 07299 22775 12904 10235 20076 39835 40146 56015 81100 333 60005 81850 90710 91116 93100=
07299,2008-05-08 14:00:00,23.8,1013.9,-1.6,38,8.6,25000,7.408,22.224,,330,,,0,,,,,,,,og-post,,,,AAXX 08144 07299 22775 13304 10238 20086 39829 40139 56016 81100 333 60005 81850 90710 91112 93100=
07299,2008-05-08 15:00:00,24.8,1013.3,-1.5,35,8.3,25000,3.704,14.816,,300,,,0,0,,,,,,,og-post,,,,AAXX 08154 07299 22775 13002 10248 20083 39824 40133 57015 81100 333 60007 81850 90710 91108 93100 555 60005=
07299,2008-05-08 16:00:00,24.3,1013.2,-1.2,34,7.4,25000,7.408,14.816,,320,,,0,,,,,,,,og-post,,,,AAXX 08164 07299 22775 13204 10243 20074 39822 40132 56012 81100 333 60005 81856 90710 91108 93100=
07299,2008-05-08 17:00:00,23.8,1012.9,-1,39,9,25000,7.408,14.816,,50,,,0,,,,,,,,og-post,,,,AAXX 08174 07299 22875 10504 10238 20090 39819 40129 56010 81400 333 60005 81656 90710 91108 93100=
07299,2008-05-08 18:00:00,22.6,1013.1,-0.5,37,7.2,25000,7.408,18.52,,80,11.6,25,0,0,,,,,,,og-post,,,,AAXX 08184 07299 02875 10804 10226 20072 39819 40131 56005 60002 81400 333 10250 20116 60007 81657 90710 91110 93100 555 60005=
07299,2008-05-08 19:00:00,20.2,1013.4,-0.2,39,5.8,40000,3.704,14.816,,100,,,0,,,,,,,,og-post,,,,AAXX 08194 07299 22/82 11002 10202 20058 39820 40134 55002 80001 333 60005 81073 90710 91108 93100=
07299,2008-05-08 20:00:00,14.5,1014.6,0.6,67,8.5,30000,,7.408,,,,,0,,,,,,,,og-post,,,,AAXX 08204 07299 22/80 10000 10145 20085 39825 40146 53006 80001 333 60005 81073 90710 91104 93100=
07299,2008-05-08 21:00:00,12.1,1015,0.8,78,8.4,30000,3.704,7.408,,200,,,0,0,,,,,,,og-post,,,,AAXX 08214 07299 22/80 12002 10121 20084 39827 40150 53008 80001 333 60007 81073 90710 91104 93100 555 60005=
07299,2008-05-08 22:00:00,11.4,1015.3,0.9,79,7.9,30000,3.704,11.112,,210,,,0,,,,,,,,og-post,,,,AAXX 08224 07299 22/80 12102 10114 20079 39829 40153 51009 80001 333 60005 81073 90710 91106 93100=
07299,2008-05-08 23:00:00,10.4,1015.6,0.5,80,7.1,25000,7.408,11.112,,210,,,0,,,,,,,,og-post,,,,AAXX 08234 07299 22/75 12104 10104 20071 39830 40156 51005 80001 333 60005 81073 90710 91106 93100=
07299,2008-05-09 00:00:00,9.9,1015.6,0.3,81,6.8,25000,3.704,11.112,,240,,,0,0,,,,,,,og-post,,,,AAXX 09004 07299 02/75 12402 10099 20068 39830 40156 51003 60001 80001 333 60007 81073 90710 91106 93100 555 60005=
07299,2008-05-09 01:00:00,8.6,1015.7,0,88,6.7,20000,3.704,7.408,,310,,,0,,,,,,,,og-post,,,,AAXX 09014 07299 26/70 /3102 10086 20067 39829 40157 50000 333 60005 90710 91104=
07299,2008-05-09 02:00:00,7.5,1015.6,-0.3,87,5.5,20000,3.704,3.704,,230,,,0,,,,,,,,og-post,,,,AAXX 09024 07299 26/70 /2302 10075 20055 39827 40156 58003 333 60005 90710 91102=
07299,2008-05-09 03:00:00,6.8,1015.7,-0.3,89,5.1,25000,3.704,7.408,,190,,,0,0,,,,,,,og-post,,,,AAXX 09034 07299 22/75 11902 10068 20051 39827 40157 56003 80001 333 60007 81073 90710 91104 93100 555 60005=
07299,2008-05-09 04:00:00,6.5,1015.7,-0.2,90,5,25000,3.704,7.408,,210,,,0,,,,,,,,og-post,,,,AAXX 09044 07299 22975 02102 10065 20050 39827 40157 56002 333 60005 90710 91104 93100=
07299,2008-05-09 05:00:00,7.2,1016.2,0.5,89,5.5,35000,,3.704,,,,,0,,,,,,,,og-post,,,,AAXX 09054 07299 22/81 10000 10072 20055 39832 40162 53005 80001 333 60005 81073 90710 91102 93100=
07299,2008-05-09 06:00:00,12.2,1015.5,0.5,75,7.9,35000,3.704,7.408,,180,6.3,22.5,0,0,,,0,14,2,,og-post,,,,AAXX 09064 07299 02/81 11802 10122 20079 39832 40155 52005 60002 80001 333 10225 20063 30002 55140 60007 70000 81073 90710 91104 93100 555 60005=
07299,2008-05-09 07:00:00,15.8,1015.2,0.6,57,7.3,40000,3.704,7.408,,100,,,0,,,,,,,,og-post,,,,AAXX 09074 07299 22/82 11002 10158 20073 39833 40152 51006 80001 333 60005 81073 90710 91104 93100=
07299,2008-05-09 08:00:00,18.2,1014.7,-0.2,50,7.6,40000,3.704,11.112,,60,,,0,,,,,,,,og-post,,,,AAXX 09084 07299 22/82 10602 10182 20076 39830 40147 58002 80001 333 60005 81073 90710 91106 93100=
07299,2008-05-09 09:00:00,19.8,1014,-0.7,43,6.9,40000,3.704,14.816,,30,,,0,0,,,,,,,og-post,,,,AAXX 09094 07299 22/82 10302 10198 20069 39825 40140 58007 80001 333 60007 81073 90710 91108 93100 555 60005=
07299,2008-05-09 10:00:00,20.8,1013.6,-1.1,42,7.4,40000,7.408,11.112,,280,,,0,,,,,,,,og-post,,,,AAXX 09104 07299 22/82 42804 10208 20074 39822 40136 56011 80002 333 60005 84073 90710 91106 93100=
07299,2008-05-09 11:00:00,22.3,1012.9,-1.2,41,8.4,40000,7.408,14.816,,340,,,0,,,,,,,,og-post,,,,AAXX 09114 07299 22782 63404 10223 20084 39817 40129 58012 81102 333 60005 81850 86073 90710 91108 93100=
07299,2008-05-09 12:00:00,23.6,1012.3,-1.2,34,6.8,40000,11.112,18.52,,360,,,0,0,,,,,,,og-post,,,,AAXX 09124 07299 02782 73606 10236 20068 39813 40123 58012 60001 81102 333 60007 81850 87073 90710 91110 93100 555 60005=
07299,2008-05-09 13:00:00,24.3,1011.7,-1.4,34,7.4,40000,7.408,18.52,,30,,,0,,,,,,,,og-post,,,,AAXX 09134 07299 22782 70304 10243 20074 39808 40117 57014 81102 333 60005 81856 87073 90710 91110 93100=
07299,2008-05-09 14:00:00,24.9,1011.3,-1.4,34,8,40000,3.704,18.52,,40,,,0,,,,,,,,og-post,,,,AAXX 09144 07299 22882 70402 10249 20080 39804 40113 58014 81102 333 60005 81856 87073 90710 91110 93100=
07299,2008-05-09 15:00:00,24.7,1010.7,-1.5,35,8.2,40000,11.112,22.224,,360,,,0,0,,,,,,,og-post,,,,AAXX 09154 07299 22882 73606 10247 20082 39798 40107 57015 81102 333 60007 81856 87073 90710 91112 93100 555 60005=
07299,2008-05-09 16:00:00,23.5,1010.7,-1.1,41,9.5,40000,11.112,18.52,,360,,,0,,,,,,,,og-post,,,,AAXX 09164 07299 22882 73606 10235 20095 39797 40107 56011 81102 333 60005 81856 87073 90710 91110 93100=
07299,2008-05-09 17:00:00,23.9,1010.4,-0.8,38,8.7,40000,11.112,14.816,,350,,,0,,,,,,,,og-post,,,,AAXX 09174 07299 22882 73506 10239 20087 39795 40104 56008 81402 333 60005 81657 87073 90710 91108 93100=
07299,2008-05-09 18:00:00,21.6,1010.8,-0.2,55,12.2,30000,3.704,14.816,,340,12.4,25.1,0,0,,,,,,,og-post,,,,AAXX 09184 07299 02980 73402 10216 20122 39797 40108 55002 60002 81032 333 10251 20124 60007 81359 87073 90710 91108 93100 555 60005=
07299,2008-05-09 19:00:00,18.5,1011.4,0.1,59,10.3,25000,,7.408,,,,,0,,,,,,,,og-post,,,,AAXX 09194 07299 22/75 70000 10185 20103 39799 40114 53001 80002 333 60005 87073 90710 91104 93100=
07299,2008-05-09 20:00:00,15.4,1012.3,0.9,73,10.6,25000,3.704,11.112,,150,,,0,,,,,,,,og-post,,,,AAXX 09204 07299 22/75 31502 10154 20106 39804 40123 53009 80002 333 60005 83073 90710 91106 93100=
07299,2008-05-09 21:00:00,12.7,1012.8,0.9,81,9.5,25000,3.704,7.408,,240,,,0,0,,,,,,,og-post,,,,AAXX 09214 07299 22/75 12402 10127 20095 39806 40128 52009 80001 333 60007 81073 90710 91104 93100 555 60005=
07299,2008-05-09 22:00:00,12.6,1013,0.9,81,9.4,25000,3.704,11.112,,230,,,0,,,,,,,,og-post,,,,AAXX 09224 07299 22/75 12302 10126 20094 39808 40130 51009 80001 333 60005 81073 90710 91106 93100=
07299,2008-05-09 23:00:00,10.6,1013.7,0.8,84,8,25000,3.704,7.408,,260,,,0,,,,,,,,og-post,,,,AAXX 09234 07299 22/75 12602 10106 20080 39812 40137 53008 80001 333 60005 81073 90710 91104 93100=
07299,2008-05-10 00:00:00,9.7,1014,0.8,89,8,25000,11.112,11.112,,330,,,0,0,,,,,,,og-post,,,,AAXX 10004 07299 02/75 13306 10097 20080 39814 40140 52008 60001 80001 333 60007 81073 90710 91106 93100 555 60005=
07299,2008-05-10 01:00:00,9.4,1014,0.5,87,7.3,20000,3.704,11.112,,280,,,0,,,,,,,,og-post,,,,AAXX 10014 07299 26/70 /2802 10094 20073 39814 40140 50005 333 60005 90710 91106=
07299,2008-05-10 02:00:00,10,1014.1,0.3,80,6.7,20000,7.408,11.112,,220,,,0,,,,,,,,og-post,,,,AAXX 10024 07299 26/70 /2204 10100 20067 39815 40141 52003 333 60005 90710 91106=
07299,2008-05-10 03:00:00,8.4,1014.5,0.3,86,6.2,25000,,11.112,,,,,0,0,,,,,,,og-post,,,,AAXX 10034 07299 22/75 10000 10084 20062 39817 40145 53003 80001 333 60007 81075 90710 91106 93100 555 60005=
07299,2008-05-10 04:00:00,7.4,1014.7,0.5,88,5.5,25000,3.704,7.408,,230,,,0,,,,,,,,og-post,,,,AAXX 10044 07299 22/75 52302 10074 20055 39818 40147 51005 80001 333 60005 85075 90710 91104 93100=
07299,2008-05-10 05:00:00,9.2,1014.8,0.6,89,7.5,25000,3.704,7.408,,190,,,0,,,,,,,,og-post,,,,AAXX 10054 07299 22/75 71902 10092 20075 39821 40148 53006 80002 333 60005 87075 90710 91104 93100=
07299,2008-05-10 06:00:00,13.4,1014.4,0.5,76,9.3,25000,,3.704,,,7.4,21.4,0,0,,,0,11.4,4,,og-post,,,,AAXX 10064 07299 02/75 70000 10134 20093 39822 40144 52005 60002 80002 333 10214 20074 30004 55114 60007 70000 87075 90710 91102 93100 555 60005=
07299,2008-05-10 07:00:00,15.8,1014.2,0.5,62,8.5,30000,7.408,11.112,,340,,,0,,,,,,,,og-post,,,,AAXX 10074 07299 22980 63404 10158 20085 39823 40142 51005 80002 333 60005 86073 90710 91106 93100=
07299,2008-05-10 08:00:00,18,1014,0.2,56,9.1,35000,3.704,11.112,,350,,,0,,,,,,,,og-post,,,,AAXX 10084 07299 22/81 63502 10180 20091 39823 40140 51002 80002 333 60005 86073 90710 91106 93100=
07299,2008-05-10 09:00:00,20,1013.7,0.1,50,9.3,35000,7.408,14.816,,340,,,0,0,,,,,,,og-post,,,,AAXX 10094 07299 22/81 53404 10200 20093 39823 40137 51001 80002 333 60007 85073 90710 91108 93100 555 60005=
07299,2008-05-10 10:00:00,21.3,1013.4,-0.2,48,9.9,35000,11.112,18.52,,360,,,0,,,,,,,,og-post,,,,AAXX 10104 07299 22781 53606 10213 20099 39821 40134 58002 81102 333 60005 81850 85073 90710 91110 93100=
07299,2008-05-10 11:00:00,22.7,1012.9,-0.4,46,10.5,35000,11.112,25.928,,340,,,0,,,,,,,,og-post,,,,AAXX 10114 07299 22781 53406 10227 20105 39818 40129 58004 81102 333 60005 81850 85073 90710 91114 93100=
07299,2008-05-10 12:00:00,24,1012.5,-0.8,37,8.4,35000,7.408,22.224,,350,,,0,0,,,,,,,og-post,,,,AAXX 10124 07299 02781 43504 10240 20084 39815 40125 58008 60001 81102 333 60007 81850 84073 90710 91112 93100 555 60005=
07299,2008-05-10 13:00:00,25.2,1011.9,-1.1,41,11,35000,11.112,25.928,,360,,,0,,,,,,,,og-post,,,,AAXX 10134 07299 22781 43606 10252 20110 39811 40119 58011 81202 333 60005 81856 84073 90710 91114 93100=
07299,2008-05-10 14:00:00,25.8,1011,-1.6,36,9.6,35000,11.112,22.224,,340,,,0,,,,,,,,og-post,,,,AAXX 10144 07299 22781 43406 10258 20096 39803 40110 58016 81201 333 60005 81856 84073 90710 91112 93100=
07299,2008-05-10 15:00:00,27.1,1010.4,-1.6,27,6.5,40000,14.816,29.632,,100,,,0,0,,,,,,,og-post,,,,AAXX 10154 07299 22882 41008 10271 20065 39798 40104 58016 81201 333 60007 81856 83073 90710 91116 93100 555 60005=
07299,2008-05-10 16:00:00,26.6,1010.3,-1.4,24,4.4,45000,22.224,38.892,,120,,,0,,,,,,,,og-post,,,,AAXX 10164 07299 22883 31212 10266 20044 39796 40103 56014 81201 333 60005 81857 90710 91121 93100=
07299,2008-05-10 17:00:00,26.1,1010.5,-0.6,22,2.7,50000,18.52,31.484,,100,,,0,,,,,,,,og-post,,,,AAXX 10174 07299 22884 21010 10261 20027 39797 40105 55006 81201 333 60005 81857 90710 91117 93100=
07299,2008-05-10 18:00:00,24.5,1010.9,0.2,29,5.3,55000,18.52,35.188,,120,13.7,27.2,0,0,,,,,,,og-post,,,,AAXX 10184 07299 02885 11210 10245 20053 39800 40109 53002 60002 81401 333 10272 20137 60007 81657 90710 91119 93100 555 60005=
07299,2008-05-10 19:00:00,22.8,1011.8,1.1,34,6.1,50000,14.816,29.632,,110,,,0,,,,,,,,og-post,,,,AAXX 10194 07299 22/84 11108 10228 20061 39807 40118 53011 80001 333 60005 81075 90710 91116 93100=
07299,2008-05-10 20:00:00,21.6,1012.9,1.9,33,4.7,40000,14.816,29.632,,100,,,0,,,,,,,,og-post,,,,AAXX 10204 07299 22/82 11008 10216 20047 39816 40129 53019 80001 333 60005 81075 90710 91116 93100=
07299,2008-05-10 21:00:00,19.7,1013.4,1.9,36,4.2,30000,3.704,22.224,,120,,,0,0,,,,,,,og-post,,,,AAXX 10214 07299 22980 01202 10197 20042 39819 40134 51019 333 60007 90710 91112 93100 555 60005=
07299,2008-05-10 22:00:00,18.7,1013.9,1.6,37,3.7,30000,7.408,22.224,,80,,,0,,,,,,,,og-post,,,,AAXX 10224 07299 22980 00804 10187 20037 39823 40139 51016 333 60005 90710 91112 93100=
07299,2008-05-10 23:00:00,18.9,1014.1,0.9,37,3.9,20000,14.816,31.484,,100,,,0,,,,,,,,og-post,,,,AAXX 10234 07299 26/70 /1008 10189 20039 39825 40141 51009 333 60005 90710 91117=
07299,2008-05-11 00:00:00,13.9,1014.8,0.7,57,5.5,30000,3.704,25.928,,240,,,0,0,,,,,,,og-post,,,,AAXX 11004 07299 02980 02402 10139 20055 39826 40148 51007 60001 333 60007 90710 91114 93100 555 60005=
07299,2008-05-11 01:00:00,10.4,1015.5,0.5,75,6.2,20000,3.704,7.408,,300,,,0,,,,,,,,og-post,,,,AAXX 11014 07299 26/70 /3002 10104 20062 39829 40155 52005 333 60005 90710 91104=
07299,2008-05-11 02:00:00,7.8,1015.9,0.5,85,5.4,20000,3.704,7.408,,270,,,0,,,,,,,,og-post,,,,AAXX 11024 07299 26/70 /2702 10078 20054 39830 40159 53005 333 60005 90710 91104=
07299,2008-05-11 03:00:00,8.3,1016,0.6,82,5.4,30000,3.704,11.112,,320,,,0,0,,,,,,,og-post,,,,AAXX 11034 07299 22980 03202 10083 20054 39832 40160 52006 333 60007 90710 91106 93100 555 60005=
07299,2008-05-11 04:00:00,7.6,1016,0.3,84,5.1,30000,3.704,7.408,,320,,,0,,,,,,,,og-post,,,,AAXX 11044 07299 22980 03202 10076 20051 39831 40160 50003 333 60005 90710 91104 93100=
07299,2008-05-11 05:00:00,8.4,1016.1,0.3,87,6.4,40000,3.704,7.408,,290,,,0,,,,,,,,og-post,,,,AAXX 11054 07299 22882 12902 10084 20064 39833 40161 52003 81080 333 60005 81358 90710 91104 93100=
07299,2008-05-11 06:00:00,12.6,1015.8,0.3,69,7.1,40000,11.112,14.816,,320,7.3,24.4,0,0,,,0,13.8,4,,og-post,,,,AAXX 11064 07299 02882 13206 10126 20071 39835 40158 53003 60002 81080 333 10244 20073 30004 55138 60007 70000 81358 90710 91108 93100 555 60005=
07299,2008-05-11 07:00:00,14.7,1015.8,0.6,66,8.4,40000,7.408,14.816,,340,,,0,,,,,,,,og-post,,,,AAXX 11074 07299 22782 13404 10147 20084 39837 40158 52006 81201 333 60005 81850 90710 91108 93100=
07299,2008-05-11 08:00:00,17.1,1015.4,0.3,53,7.5,40000,3.704,14.816,,300,,,0,,,,,,,,og-post,,,,AAXX 11084 07299 22782 13002 10171 20075 39836 40154 50003 81200 333 60005 81850 90710 91108 93100=
07299,2008-05-11 09:00:00,18.7,1015.2,0,50,8.1,40000,3.704,11.112,,20,,,0,0,,,,,,,og-post,,,,AAXX 11094 07299 22782 10202 10187 20081 39836 40152 50000 81200 333 60007 81850 90710 91106 93100 555 60005=
07299,2008-05-11 10:00:00,19.7,1014.9,-0.3,48,8.4,40000,3.704,14.816,,240,,,0,,,,,,,,og-post,,,,AAXX 11104 07299 22782 12402 10197 20084 39834 40149 57003 81282 333 60005 81850 90710 91108 93100=
07299,2008-05-11 11:00:00,21.1,1014.5,-0.5,41,7.3,40000,7.408,18.52,,10,,,0,,,,,,,,og-post,,,,AAXX 11114 07299 22782 10104 10211 20073 39831 40145 58005 81380 333 60005 81950 90710 91110 93100=
07299,2008-05-11 12:00:00,22.2,1013.7,-1.1,43,9,40000,11.112,22.224,,20,,,0,0,,,,,,,og-post,,,,AAXX 11124 07299 02782 10206 10222 20090 39825 40137 58011 60001 81980 333 60007 81950 90710 91112 93100 555 60005=
07299,2008-05-11 13:00:00,23,1012.8,-1.7,43,9.8,40000,7.408,22.224,,350,,,0,,,,,,,,og-post,,,,AAXX 11134 07299 22782 13504 10230 20098 39817 40128 58017 81903 333 60005 81950 90710 91112 93100=
07299,2008-05-11 14:00:00,23.8,1012,-2.1,40,9.4,40000,11.112,25.928,,340,,,0,,,,,,,,og-post,,,,AAXX 11144 07299 22782 23406 10238 20094 39810 40120 57021 82903 333 60005 81850 82950 90710 91114 93100=
07299,2008-05-11 15:00:00,23.6,1011.9,-1.6,34,6.8,23000,22.224,35.188,,30,,,0,0,,,,,,,og-post,,,,AAXX 11154 07299 22773 70312 10236 20068 39809 40119 56016 8599/ 333 60007 81850 83950 85360 90710 91119 93100 555 60005=
07299,2008-05-11 16:00:00,22.5,1012.3,-0.5,35,6.3,18000,14.816,29.632,,60,,,0,,,,,,,29,og-post,,,,AAXX 11164 07299 21668 70608 10225 20063 39811 40123 55005 72992 85993 333 60005 81846 84950 85073 90710 91116 93100=
07299,2008-05-11 17:00:00,21.1,1012.6,0.3,32,3.8,10000,29.632,42.596,,20,,,0,,,,,,,15,og-post,,,,AAXX 11174 07299 21660 70216 10211 20038 39813 40126 53003 71522 8599/ 333 60005 81845 85950 85359 90710 91123 93100=
07299,2008-05-11 18:00:00,19.3,1015,2.4,42,6.1,8000,18.52,42.596,,100,12.7,25,,,,,,,,95,og-post,,,,AAXX 11184 07299 01758 71010 10193 20061 39834 40150 53024 69902 79598 879// 333 10250 20127 69907 85950 86656 90710 91123 93100 555 69905=
07299,2008-05-11 19:00:00,14.8,1015.9,2.8,85,12.3,13000,7.408,35.188,,220,,,2,,,,,,,91,og-post,,,,AAXX 11194 07299 21663 72204 10148 20123 39839 40159 53028 79198 8496/ 333 60025 83948 83650 85360 90710 91119 93100=
07299,2008-05-11 20:00:00,13,1015.7,2.2,91,11.6,25000,3.704,11.112,,250,,,,,,,,,,25,og-post,,,,AAXX 11204 07299 21675 72502 10130 20116 39835 40157 50022 72586 82963 333 69905 81843 81950 83361 86075 90710 91106 93100=
07299,2008-05-11 21:00:00,12.6,1015.7,0,94,11.7,25000,7.408,7.408,,180,,,0,2,,,,,,1,og-post,,,,AAXX 11214 07299 21775 61804 10126 20117 39834 40157 50000 70198 81172 333 60027 81850 85075 90710 91104 93100 555 60005=
07299,2008-05-11 22:00:00,11.6,1015.9,-0.4,94,10.7,18000,,11.112,,,,,0.2,,,,,,,,og-post,,,,AAXX 11224 07299 22968 50000 10116 20107 39835 40159 55004 83031 333 69925 83363 84075 90710 91106 93100=
07299,2008-05-11 23:00:00,11,1016,-0,95,10.2,12000,3.704,7.408,,130,,,0,,,,,,,,og-post,,,,AAXX 11234 07299 22962 41302 10110 20102 39835 40160 55000 82031 333 60005 82363 83075 90710 91104 93100=
07299,2008-05-12 00:00:00,10.3,1016.2,0.2,96,9.7,10000,3.704,7.408,,160,,,0,0,2,,,,,1,og-post,,,,AAXX 12004 07299 01960 21602 10103 20097 39836 40162 52002 60021 70198 81031 333 60007 81363 90710 91104 93100 555 60005=
07299,2008-05-12 01:00:00,9.8,1016.2,0.1,96,9.2,5000,3.704,11.112,,170,,,0,,,,,,,,og-post,,,,AAXX 12014 07299 26/50 /1702 10098 20092 39836 40162 52001 333 60005 90710 91106=
07299,2008-05-12 02:00:00,9,1016.4,0.2,96,8.4,1600,,3.704,,,,,0,,,,,,,,og-post,,,,AAXX 12024 07299 26/16 /0000 10090 20084 39837 40164 52002 333 60005 90710 91102=
07299,2008-05-12 03:00:00,7.8,1016.7,0.2,97,7.4,9000,3.704,7.408,,180,,,0,0,,,,,,11,og-post,,,,AAXX 12034 07299 21959 11802 10078 20074 39838 40167 53002 71100 81031 333 60007 81361 90710 91104 93100 555 60005=
07299,2008-05-12 04:00:00,7.6,1016.9,0.4,97,7.2,3500,,7.408,,,,,0,,,,,,,40,og-post,,,,AAXX 12044 07299 21935 10000 10076 20072 39840 40169 53004 74000 81031 333 60005 81361 90710 91104 93100=
07299,2008-05-12 05:00:00,9.3,1017,0.6,98,9,5000,3.704,7.408,,160,,,0,,,,,,,11,og-post,,,,AAXX 12054 07299 21150 21602 10093 20090 39843 40170 53006 71100 82630 333 60005 82702 90710 91104 93100=
07299,2008-05-12 06:00:00,11.6,1016.8,0.6,97,11.1,15000,7.408,11.112,,160,7.2,19.3,0.2,0.2,,2,2.2,11.2,4,,og-post,,,,AAXX 12064 07299 02365 21604 10116 20111 39844 40168 51006 60022 81131 333 10193 20072 32004 55112 69927 70022 81806 90710 91106 93100 555 69925=
07299,2008-05-12 07:00:00,13.9,1016.7,0.5,83,11.1,13000,3.704,11.112,,110,,,0,,,,,,,,og-post,,,,AAXX 12074 07299 22463 11102 10139 20111 39845 40167 51005 81100 333 60005 81813 90710 91106 93100=
07299,2008-05-12 08:00:00,15.8,1016.4,0.2,75,11.4,13000,3.704,11.112,,200,,,0,,,,,,,,og-post,,,,AAXX 12084 07299 22463 12002 10158 20114 39845 40164 51002 81130 333 60005 81816 90710 91106 93100=
07299,2008-05-12 09:00:00,17.7,1015.9,-0.2,70,12.2,13000,3.704,11.112,,290,,,0,0,,,,,,,og-post,,,,AAXX 12094 07299 22563 12902 10177 20122 39842 40159 58002 81130 333 60007 81823 90710 91106 93100 555 60005=
07299,2008-05-12 10:00:00,18.8,1015.4,-0.7,61,11.1,13000,7.408,11.112,,270,,,0,,,,,,,,og-post,,,,AAXX 12104 07299 22563 12704 10188 20111 39838 40154 58007 81230 333 60005 81826 90710 91106 93100=
07299,2008-05-12 11:00:00,20.3,1014.8,-1.1,51,9.8,20000,3.704,14.816,,320,,,0,,,,,,,,og-post,,,,AAXX 12114 07299 22670 23202 10203 20098 39834 40148 58011 82200 333 60005 82836 90710 91108 93100=
07299,2008-05-12 12:00:00,21.5,1014.3,-1.3,51,10.9,20000,11.112,18.52,,360,,,0,0,,,,,,,og-post,,,,AAXX 12124 07299 02670 23606 10215 20109 39830 40143 58013 60001 82900 333 60007 81836 81940 90710 91110 93100 555 60005=
07299,2008-05-12 13:00:00,22.1,1013.6,-1.4,49,10.9,20000,7.408,22.224,,330,,,0,,,,,,,,og-post,,,,AAXX 12134 07299 22670 23304 10221 20109 39824 40136 58014 82930 333 60005 81840 82943 90710 91112 93100=
07299,2008-05-12 14:00:00,22.9,1012.7,-1.8,49,11.6,20000,11.112,25.928,,340,,,0,,,,,,,,og-post,,,,AAXX 12144 07299 22670 23406 10229 20116 39816 40127 58018 82930 333 60005 81840 82943 90710 91114 93100=
07299,2008-05-12 15:00:00,23.3,1012.2,-1.7,47,11.4,20000,14.816,25.928,,360,,,0,0,,,,,,,og-post,,,,AAXX 12154 07299 22670 33608 10233 20114 39812 40122 56017 83930 333 60007 81846 83950 90710 91114 93100 555 60005=
07299,2008-05-12 16:00:00,23.1,1012.1,-1.4,41,9.1,20000,18.52,35.188,,30,,,0,,,,,,,,og-post,,,,AAXX 12164 07299 22770 30310 10231 20091 39810 40121 56014 83930 333 60005 81850 82950 90710 91119 93100=
07299,2008-05-12 17:00:00,22.6,1011.9,-0.8,40,8.3,20000,14.816,31.484,,20,,,0,,,,,,,,og-post,,,,AAXX 12174 07299 22770 30208 10226 20083 39808 40119 56008 82930 333 60005 81850 81950 90710 91117 93100=
07299,2008-05-12 18:00:00,21.2,1012.1,-0.4,49,10.1,30000,14.816,25.928,,360,11.5,23.6,0,0,,,,,,,og-post,,,,AAXX 12184 07299 02780 33608 10212 20101 39809 40121 56004 60002 82330 333 10236 20115 60007 81850 81950 90710 91114 93100 555 60005=
07299,2008-05-12 19:00:00,18.2,1012.4,-0.2,61,10.6,50000,11.112,22.224,,350,,,0,,,,,,,,og-post,,,,AAXX 12194 07299 22784 43506 10182 20106 39808 40124 56002 82932 333 60005 81850 81950 83073 90710 91112 93100=
07299,2008-05-12 20:00:00,16.8,1012.9,0.4,64,10,50000,7.408,18.52,,310,,,0,,,,,,,,og-post,,,,AAXX 12204 07299 22784 23104 10168 20100 39812 40129 53004 81431 333 60005 81650 90710 91110 93100=
07299,2008-05-12 21:00:00,13,1013.6,0.5,83,10.2,25000,3.704,11.112,,330,,,0,0,,,,,,,og-post,,,,AAXX 12214 07299 22975 13302 10130 20102 39814 40136 53005 81031 333 60007 81360 90710 91106 93100 555 60005=
07299,2008-05-12 22:00:00,11.8,1013.8,0.7,84,9.2,25000,,7.408,,,,,0,,,,,,,,og-post,,,,AAXX 12224 07299 22975 10000 10118 20092 39815 40138 51007 81031 333 60005 81360 90710 91104 93100=
07299,2008-05-12 23:00:00,10.4,1014.1,0.4,89,8.7,25000,3.704,3.704,,240,,,0,,,,,,,,og-post,,,,AAXX 12234 07299 22975 22402 10104 20087 39816 40141 51004 81032 333 60005 81360 90710 91102 93100=
07299,2008-05-13 00:00:00,8.7,1014.4,0.3,91,7.3,25000,,7.408,,,,,0,0,,,,,,,og-post,,,,AAXX 13004 07299 02975 20000 10087 20073 39817 40144 52003 60001 81032 333 60007 81360 90710 91104 93100 555 60005=
07299,2008-05-13 01:00:00,8.5,1014.4,0.2,92,7.3,20000,3.704,3.704,,240,,,0,,,,,,,,og-post,,,,AAXX 13014 07299 26/70 /2402 10085 20073 39817 40144 51002 333 60005 90710 91102=
07299,2008-05-13 02:00:00,7.9,1014.6,0.2,93,6.8,20000,,7.408,,,,,0,,,,,,,,og-post,,,,AAXX 13024 07299 26/70 /0000 10079 20068 39818 40146 52002 333 60005 90710 91104=
07299,2008-05-13 03:00:00,7.1,1014.6,0,93,6,25000,3.704,3.704,,220,,,0,0,,,,,,,og-post,,,,AAXX 13034 07299 22875 12202 10071 20060 39817 40146 50000 81030 333 60007 81356 90710 91102 93100 555 60005=
07299,2008-05-13 04:00:00,7.4,1014.8,0.2,95,6.7,50000,3.704,3.704,,160,,,0,,,,,,,,og-post,,,,AAXX 13044 07299 22884 11602 10074 20067 39819 40148 53002 81031 333 60005 81356 90710 91102 93100=
07299,2008-05-13 05:00:00,9.1,1014.9,0.4,94,8.2,50000,3.704,7.408,,150,,,0,,,,,,,,og-post,,,,AAXX 13054 07299 22784 11502 10091 20082 39822 40149 53004 81281 333 60005 81850 90710 91104 93100=
07299,2008-05-13 06:00:00,13.2,1014.4,0.4,83,10.4,50000,7.408,7.408,,160,6.7,21.1,0,0,,,0,13.5,3,,og-post,,,,AAXX 13064 07299 02784 11604 10132 20104 39822 40144 50004 60002 81281 333 10211 20067 30003 55135 60007 70000 81850 90710 91104 93100 555 60005=
07299,2008-05-13 07:00:00,16.5,1013.9,0.2,65,9.9,40000,3.704,7.408,,140,,,0,,,,,,,,og-post,,,,AAXX 13074 07299 22782 11402 10165 20099 39821 40139 50002 81101 333 60005 81850 90710 91104 93100=
07299,2008-05-13 08:00:00,18.7,1013.7,-0.1,51,8.4,45000,3.704,11.112,,70,,,0,,,,,,,,og-post,,,,AAXX 13084 07299 22783 10702 10187 20084 39821 40137 57001 81101 333 60005 81850 90710 91106 93100=
07299,2008-05-13 09:00:00,20,1013.2,-0.4,45,7.7,45000,3.704,14.816,,360,,,0,0,,,,,,,og-post,,,,AAXX 13094 07299 22783 13602 10200 20077 39818 40132 58004 81101 333 60007 81850 90710 91108 93100 555 60005=
07299,2008-05-13 10:00:00,21.3,1012.8,-0.7,42,7.9,45000,3.704,11.112,,330,,,0,,,,,,,,og-post,,,,AAXX 13104 07299 22783 13302 10213 20079 39815 40128 58007 81201 333 60005 81850 90710 91106 93100=
07299,2008-05-13 11:00:00,22.8,1012.1,-1.1,38,7.8,45000,3.704,14.816,,290,,,0,,,,,,,,og-post,,,,AAXX 13114 07299 22883 12902 10228 20078 39810 40121 58011 81201 333 60005 81856 90710 91108 93100=
07299,2008-05-13 12:00:00,23.9,1011.5,-1.3,33,6.7,45000,11.112,18.52,,360,,,0,0,,,,,,,og-post,,,,AAXX 13124 07299 02883 13606 10239 20067 39805 40115 58013 60001 81201 333 60007 81856 90710 91110 93100 555 60005=
07299,2008-05-13 13:00:00,24.9,1010.9,-1.5,28,5.2,50000,7.408,22.224,,30,,,0,,,,,,,,og-post,,,,AAXX 13134 07299 22884 10304 10249 20052 39800 40109 56015 81231 333 60005 81858 90710 91112 93100=
07299,2008-05-13 14:00:00,24.7,1010.4,-1.6,32,6.9,55000,18.52,31.484,,360,,,0,,,,,,,,og-post,,,,AAXX 13144 07299 22885 23610 10247 20069 39795 40104 56016 81231 333 60005 81857 90710 91117 93100=
07299,2008-05-13 15:00:00,24.9,1009.8,-1.4,33,7.5,55000,14.816,29.632,,360,,,0,0,,,,,,,og-post,,,,AAXX 13154 07299 22885 13608 10249 20075 39790 40098 57014 81931 333 60007 81857 81958 90710 91116 93100 555 60005=
07299,2008-05-13 16:00:00,23.7,1009.9,-0.8,37,8.2,55000,22.224,35.188,,40,,,0,,,,,,,,og-post,,,,AAXX 13164 07299 22885 10412 10237 20082 39790 40099 55008 81931 333 60005 81857 81958 90710 91119 93100=
07299,2008-05-13 17:00:00,23.1,1009.7,-0.7,37,7.6,60000,14.816,31.484,,360,,,0,,,,,,,,og-post,,,,AAXX 13174 07299 22886 23608 10231 20076 39787 40097 56007 81931 333 60005 81857 81958 90710 91117 93100=
07299,2008-05-13 18:00:00,21.7,1010.3,0.1,38,6.8,60000,11.112,25.928,,10,13.3,25.3,0,0,,,,,,,og-post,,,,AAXX 13184 07299 02886 10106 10217 20068 39791 40103 53001 60002 81231 333 10253 20133 60007 81857 90710 91114 93100 555 60005=
07299,2008-05-13 19:00:00,16.8,1011.1,0.6,62,9.5,50000,7.408,14.816,,300,,,0,,,,,,,,og-post,,,,AAXX 13194 07299 22784 23004 10168 20095 39794 40111 53006 81431 333 60005 81656 90710 91108 93100=
07299,2008-05-13 20:00:00,14.3,1011.8,1.1,71,9.1,30000,3.704,11.112,,230,,,0,,,,,,,,og-post,,,,AAXX 13204 07299 22780 22302 10143 20091 39798 40118 53011 81431 333 60005 81656 90710 91106 93100=
07299,2008-05-13 21:00:00,12.5,1012.4,1.1,81,9.3,30000,3.704,7.408,,240,,,0,0,,,,,,,og-post,,,,AAXX 13214 07299 22780 22402 10125 20093 39802 40124 51011 81530 333 60007 81656 90710 91104 93100 555 60005=
07299,2008-05-13 22:00:00,11.7,1012.8,1,83,8.9,30000,3.704,7.408,,170,,,0,,,,,,,,og-post,,,,AAXX 13224 07299 22780 21702 10117 20089 39805 40128 51010 81530 333 60005 81656 90710 91104 93100=
07299,2008-05-13 23:00:00,9.9,1013.3,0.9,86,7.7,30000,3.704,7.408,,310,,,0,,,,,,,,og-post,,,,AAXX 13234 07299 22980 03102 10099 20077 39808 40133 51009 333 60005 90710 91104 93100=
07299,2008-05-14 00:00:00,9.6,1013.4,0.5,89,7.9,30000,3.704,7.408,,220,,,0,0,,,,,,,og-post,,,,AAXX 14004 07299 02980 02202 10096 20079 39808 40134 51005 60001 333 60007 90710 91104 93100 555 60005=
07299,2008-05-14 01:00:00,9.1,1013.7,0.6,88,7.2,20000,3.704,7.408,,220,,,0,,,,,,,,og-post,,,,AAXX 14014 07299 26/70 /2202 10091 20072 39811 40137 52006 333 60005 90710 91104=
07299,2008-05-14 02:00:00,8.3,1013.9,0.4,90,6.8,20000,,7.408,,,,,0,,,,,,,,og-post,,,,AAXX 14024 07299 26/70 /0000 10083 20068 39812 40139 53004 333 60005 90710 91104=
07299,2008-05-14 03:00:00,8.4,1013.9,0.4,93,7.3,20000,,3.704,,,,,0,0,,,,,,,og-post,,,,AAXX 14034 07299 22970 10000 10084 20073 39812 40139 50004 81030 333 60007 81361 90710 91102 93100 555 60005=
07299,2008-05-14 04:00:00,7.6,1014.2,0.3,92,6.4,20000,3.704,3.704,,210,,,0,,,,,,,,og-post,,,,AAXX 14044 07299 22970 12102 10076 20064 39814 40142 52003 81030 333 60005 81361 90710 91102 93100=
07299,2008-05-14 05:00:00,9.3,1014.3,0.4,92,8.1,20000,7.408,11.112,,180,,,0,,,,,,,,og-post,,,,AAXX 14054 07299 22570 11804 10093 20081 39817 40143 53004 81430 333 60005 81826 90710 91106 93100=
07299,2008-05-14 06:00:00,14.1,1014,0.7,78,10.3,20000,,7.408,,,7.4,21.6,0,0,,,0,14.1,3,,og-post,,,,AAXX 14064 07299 02870 10000 10141 20103 39819 40140 52007 60002 81080 333 10216 20074 30003 55141 60007 70000 81357 90710 91104 93100 555 60005=
07299,2008-05-14 07:00:00,16.3,1013.9,0.7,63,9.2,20000,7.408,14.816,,170,,,0,,,,,,,,og-post,,,,AAXX 14074 07299 22870 11704 10163 20092 39821 40139 51007 81080 333 60005 81357 90710 91108 93100=
07299,2008-05-14 08:00:00,18.6,1013.7,0.4,55,9.4,25000,3.704,11.112,,180,,,0,,,,,,,,og-post,,,,AAXX 14084 07299 22875 31802 10186 20094 39821 40137 51004 81081 333 60005 81357 83073 90710 91106 93100=
07299,2008-05-14 09:00:00,20.7,1013.2,0,49,9.6,25000,3.704,11.112,,250,,,0,0,,,,,,,og-post,,,,AAXX 14094 07299 22675 32502 10207 20096 39819 40132 50000 81131 333 60007 81836 83073 90710 91106 93100 555 60005=
07299,2008-05-14 10:00:00,22.6,1012.6,-0.6,45,10.1,25000,3.704,11.112,,210,,,0,,,,,,,,og-post,,,,AAXX 14104 07299 22675 32102 10226 20101 39815 40126 58006 81181 333 60005 81843 83073 90710 91106 93100=
07299,2008-05-14 11:00:00,23.6,1011.9,-1.2,39,8.8,25000,7.408,14.816,,290,,,0,,,,,,,,og-post,,,,AAXX 14114 07299 22675 32904 10236 20088 39809 40119 58012 81181 333 60005 81843 83073 90710 91108 93100=
07299,2008-05-14 12:00:00,25,1011,-1.7,32,7.2,25000,7.408,18.52,,40,,,0,0,,,,,,,og-post,,,,AAXX 14124 07299 02775 30404 10250 20072 39802 40110 58017 60001 82981 333 60007 81950 83073 90710 91110 93100 555 60005=
07299,2008-05-14 13:00:00,25.9,1010.3,-1.9,34,8.8,25000,3.704,18.52,,290,,,0,,,,,,,,og-post,,,,AAXX 14134 07299 22775 52902 10259 20088 39796 40103 57019 83983 333 60005 82956 83073 90710 91110 93100=
07299,2008-05-14 14:00:00,26.5,1009.7,-1.9,26,5.4,25000,7.408,18.52,,20,,,0,,,,,,,,og-post,,,,AAXX 14144 07299 22775 70204 10265 20054 39790 40097 56019 84963 333 60005 81956 83856 90710 91110 93100=
07299,2008-05-14 15:00:00,24.1,1009.7,-1.4,34,7.3,20000,11.112,25.928,,20,,,0,0,,,,,,16,og-post,,,,AAXX 14154 07299 21770 70206 10241 20073 39788 40097 56014 71611 84963 333 60007 81956 83857 90710 91114 93100 555 60005=
07299,2008-05-14 16:00:00,22.3,1009.9,-0.8,48,10.8,20000,11.112,22.224,,290,,,0,,,,,,,,og-post,,,,AAXX 14164 07299 22670 72906 10223 20108 39788 40099 56008 8496/ 333 60005 81833 81956 83857 85358 90710 91112 93100=
07299,2008-05-14 17:00:00,20.9,1010.1,-0.1,49,9.8,20000,22.224,31.484,,270,,,0,,,,,,,,og-post,,,,AAXX 14174 07299 22770 72712 10209 20098 39789 40101 55001 84263 333 60005 82856 85358 87073 90710 91117 93100=
07299,2008-05-14 18:00:00,20,1010.3,0.2,49,9,20000,14.816,29.632,,250,14.1,26.6,0,0,,,,,,,og-post,,,,AAXX 14184 07299 02770 72508 10200 20090 39790 40103 53002 60002 82263 333 10266 20141 60007 81856 83358 86073 90710 91116 93100 555 60005=
07299,2008-05-14 19:00:00,18,1011.1,0.7,59,9.9,20000,7.408,25.928,,260,,,0,,,,,,,,og-post,,,,AAXX 14194 07299 26/70 /2604 10180 20099 39795 40111 53007 333 60005 90710 91114=
07299,2008-05-14 20:00:00,16.5,1011.6,1,62,9.2,20000,11.112,18.52,,220,,,0,,,,,,,,og-post,,,,AAXX 14204 07299 26/70 /2206 10165 20092 39799 40116 53010 333 60005 90710 91110=
07299,2008-05-14 21:00:00,16.1,1012,1.1,63,9.1,20000,7.408,14.816,,180,,,0,0,,,,,,,og-post,,,,AAXX 14214 07299 26/70 /1804 10161 20091 39802 40120 51011 333 60007 90710 91108 555 60005=
07299,2008-05-14 22:00:00,15.3,1012,0.6,67,9.2,20000,7.408,11.112,,160,,,0,,,,,,,,og-post,,,,AAXX 14224 07299 26/70 /1604 10153 20092 39801 40120 50006 333 60005 90710 91106=
07299,2008-05-14 23:00:00,14.2,1012.2,0.3,75,9.8,20000,3.704,7.408,,40,,,0,,,,,,,,og-post,,,,AAXX 14234 07299 26/70 /0402 10142 20098 39802 40122 51003 333 60005 90710 91104=
07299,2008-05-15 00:00:00,14.4,1011.9,-0.3,78,10.6,20000,3.704,7.408,,180,,,0,0,,,,,,,og-post,,,,AAXX 15004 07299 06/70 /1802 10144 20106 39799 40119 58003 60001 333 60007 90710 91104 555 60005=
07299,2008-05-15 01:00:00,12.6,1011.9,-0.3,84,10,20000,3.704,7.408,,300,,,0,,,,,,,,og-post,,,,AAXX 15014 07299 26/70 /3002 10126 20100 39797 40119 58003 333 60005 90710 91104=
07299,2008-05-15 02:00:00,13,1011.8,-0.5,85,10.5,20000,7.408,11.112,,220,,,0,,,,,,,,og-post,,,,AAXX 15024 07299 26/70 /2204 10130 20105 39797 40118 56005 333 60005 90710 91106=
07299,2008-05-15 03:00:00,13.1,1011.4,-0.6,84,10.5,20000,3.704,7.408,,200,,,0,0,,,,,,,og-post,,,,AAXX 15034 07299 26/70 /2002 10131 20105 39793 40114 58006 333 60007 90710 91104 555 60005=
07299,2008-05-15 04:00:00,13.3,1011.5,-0.4,82,10.3,20000,3.704,3.704,,180,,,0,,,,,,,,og-post,,,,AAXX 15044 07299 26/70 /1802 10133 20103 39794 40115 55004 333 60005 90710 91102=
07299,2008-05-15 05:00:00,13.5,1011.7,-0.1,85,11,20000,3.704,7.408,,170,,,0,,,,,,,,og-post,,,,AAXX 15054 07299 26/70 /1702 10135 20110 39797 40117 55001 333 60005 90710 91104=
07299,2008-05-15 06:00:00,14.4,1011.6,0.5,83,11.6,20000,7.408,14.816,,100,12.3,19.9,0.2,0.2,,0.2,0.2,10.3,11,,og-post,,,,AAXX 15064 07299 06/70 /1004 10144 20116 39797 40116 52005 69922 333 10199 20123 3/011 55103 69927 70002 90710 91108 555 69925=
07299,2008-05-15 07:00:00,15.5,1011.7,0.5,81,12.3,20000,3.704,7.408,,200,,,0,,,,,,,,og-post,,,,AAXX 15074 07299 26/70 /2002 10155 20123 39799 40117 51005 333 60005 90710 91104=
07299,2008-05-15 08:00:00,19.5,1011.4,0.3,60,11.5,20000,3.704,7.408,,160,,,0,,,,,,,,og-post,,,,AAXX 15084 07299 26/70 /1602 10195 20115 39800 40114 52003 333 60005 90710 91104=
07299,2008-05-15 09:00:00,19.5,1011.3,0.1,61,11.8,20000,18.52,25.928,,270,,,0,0,,,,,,,og-post,,,,AAXX 15094 07299 26/70 /2710 10195 20118 39799 40113 50001 333 60007 90710 91114 555 60005=
07299,2008-05-15 10:00:00,19,1011.3,0,64,12,20000,22.224,38.892,,260,,,0,,,,,,,,og-post,,,,AAXX 15104 07299 26/70 /2612 10190 20120 39799 40113 50000 333 60005 90710 91121=
07299,2008-05-15 11:00:00,19.2,1010.9,-0.5,64,12.2,20000,25.928,35.188,,280,,,0,,,,,,,,og-post,,,,AAXX 15114 07299 26/70 /2814 10192 20122 39795 40109 58005 333 60005 90710 91119=
07299,2008-05-15 12:00:00,19.5,1010.5,-0.7,65,12.7,20000,14.816,31.484,,280,,,0,0,,,,,,,og-post,,,,AAXX 15124 07299 06/70 /2808 10195 20127 39792 40105 58007 60001 333 60007 90710 91117 555 60005=
07299,2008-05-15 13:00:00,19.3,1010.2,-1.1,62,11.8,20000,18.52,29.632,,270,,,0,,,,,,,,og-post,,,,AAXX 15134 07299 26/70 /2710 10193 20118 39788 40102 57011 333 60005 90710 91116=
07299,2008-05-15 14:00:00,18.4,1010.4,-0.6,67,12.2,20000,22.224,38.892,,260,,,0,,,,,,,,og-post,,,,AAXX 15144 07299 26/70 /2612 10184 20122 39789 40104 55006 333 60005 90710 91121=
07299,2008-05-15 15:00:00,14,1011.9,0.7,91,12.6,9000,25.928,50.004,,250,,,0.8,0.8,,,,,,,og-post,,,,AAXX 15154 07299 26/59 /2514 10140 20126 39799 40119 53007 333 69987 90710 91127 555 69985=
07299,2008-05-15 16:00:00,15.5,1010.9,0.3,87,13.3,20000,,29.632,,,,,0.2,,,,,,,,og-post,,,,AAXX 15164 07299 26/70 /0000 10155 20133 39791 40109 50003 333 69925 90710 91116=
07299,2008-05-15 17:00:00,16,1010.3,-0.4,84,13.3,20000,7.408,14.816,,150,,,0,,,,,,,,og-post,,,,AAXX 15174 07299 26/70 /1504 10160 20133 39786 40103 58004 333 60005 90710 91108=
07299,2008-05-15 18:00:00,15.7,1010,-1.6,84,13,20000,11.112,14.816,,130,13.8,20,0,0.2,,1,,,,,og-post,,,,AAXX 15184 07299 06/70 /1306 10157 20130 39783 40100 56016 60012 333 10200 20138 69927 90710 91108 555 60005=
07299,2008-05-15 19:00:00,14.8,1010.3,-0.7,87,12.7,20000,7.408,14.816,,130,,,0,,,,,,,,og-post,,,,AAXX 15194 07299 26/70 /1304 10148 20127 39785 40103 55007 333 60005 90710 91108=
07299,2008-05-15 20:00:00,14.4,1011,0.6,92,13.1,5000,11.112,25.928,,160,,,1,,,,,,,,og-post,,,,AAXX 15204 07299 26/50 /1606 10144 20131 39791 40110 53006 333 60015 90710 91114=
07299,2008-05-15 21:00:00,14.4,1011.3,1.1,95,13.6,8000,14.816,18.52,,130,,,0.8,2,,,,,,,og-post,,,,AAXX 15214 07299 26/58 /1308 10144 20136 39794 40113 53011 333 60027 90710 91110 555 69985=
07299,2008-05-15 22:00:00,14.2,1011.2,0.8,94,13.2,19000,11.112,22.224,,130,,,1,,,,,,,,og-post,,,,AAXX 15224 07299 26/69 /1306 10142 20132 39793 40112 50008 333 60015 90710 91112=
07299,2008-05-15 23:00:00,14.1,1011.6,0.5,94,13.1,8000,11.112,18.52,,150,,,0.2,,,,,,,,og-post,,,,AAXX 15234 07299 26/58 /1506 10141 20131 39796 40116 51005 333 69925 90710 91110=
07299,2008-05-16 00:00:00,13.7,1011,-0.5,95,12.9,11000,7.408,22.224,,110,,,1,3,5,,,,,,og-post,,,,AAXX 16004 07299 06/61 /1104 10137 20129 39790 40110 58005 60051 333 60037 90710 91112 555 60015=
07299,2008-05-16 01:00:00,13.4,1010.8,-0.5,94,12.5,13000,3.704,14.816,,130,,,0,,,,,,,,og-post,,,,AAXX 16014 07299 26/63 /1302 10134 20125 39788 40108 58005 333 60005 90710 91108=
07299,2008-05-16 02:00:00,12.7,1010.7,-1,94,11.8,4200,3.704,14.816,,160,,,0,,,,,,,,og-post,,,,AAXX 16024 07299 26/42 /1602 10127 20118 39786 40107 56010 333 60005 90710 91108=
07299,2008-05-16 03:00:00,11.9,1010.8,-0.4,96,11.3,3500,7.408,11.112,,170,,,0,0,,,,,,,og-post,,,,AAXX 16034 07299 26/35 /1704 10119 20113 39786 40108 56004 333 60007 90710 91106 555 60005=
07299,2008-05-16 04:00:00,12.2,1010.8,-0.2,97,11.7,4300,7.408,14.816,,180,,,0,,,,,,,,og-post,,,,AAXX 16044 07299 26/43 /1804 10122 20117 39786 40108 56002 333 60005 90710 91108=
07299,2008-05-16 05:00:00,12.5,1010.8,0.1,97,12,7000,3.704,11.112,,180,,,0,,,,,,,,og-post,,,,AAXX 16054 07299 26/57 /1802 10125 20120 39787 40108 53001 333 60005 90710 91106=
07299,2008-05-16 06:00:00,14.8,1010.5,0,92,13.5,10000,7.408,14.816,,110,11.3,15.7,0,0,,5,5.8,3.4,9,,og-post,,,,AAXX 16064 07299 02260 51104 10148 20135 39787 40105 50000 60052 81830 333 10157 20113 32009 55034 60007 70058 81806 84358 90710 91108 93100 555 60005=
07299,2008-05-16 07:00:00,16.9,1010.3,0.1,79,13.2,25000,3.704,11.112,,120,,,0,,,,,,,,og-post,,,,AAXX 16074 07299 22475 31202 10169 20132 39787 40103 51001 81131 333 60005 81810 83073 90710 91106 93100=
07299,2008-05-16 08:00:00,18.2,1010.2,-0.1,68,12.2,25000,3.704,11.112,,240,,,0,,,,,,,,og-post,,,,AAXX 16084 07299 22575 62402 10182 20122 39787 40102 56001 81202 333 60005 81820 86073 90710 91106 93100=
07299,2008-05-16 09:00:00,19.6,1009.6,-0.4,62,12.1,25000,3.704,11.112,,160,,,0,0,,,,,,,og-post,,,,AAXX 16094 07299 22575 71602 10196 20121 39783 40096 58004 81202 333 60007 81828 87073 90710 91106 93100 555 60005=
07299,2008-05-16 10:00:00,20.6,1009.1,-0.8,60,12.6,30000,7.408,18.52,,30,,,0,,,,,,,,og-post,,,,AAXX 16104 07299 22680 60304 10206 20126 39779 40091 58008 81202 333 60005 81836 86073 90710 91110 93100=
07299,2008-05-16 11:00:00,21.5,1008.4,-1.4,55,12.1,30000,7.408,14.816,,50,,,0,,,,,,,,og-post,,,,AAXX 16114 07299 22680 60504 10215 20121 39773 40084 57014 81202 333 60005 81840 86073 90710 91108 93100=
07299,2008-05-16 12:00:00,21.9,1007.8,-1.4,52,11.6,25000,3.704,14.816,,330,,,0,0,,,,,,,og-post,,,,AAXX 16124 07299 02675 73302 10219 20116 39768 40078 58014 60001 83232 333 60007 82836 86073 90710 91108 93100 555 60005=
07299,2008-05-16 13:00:00,22.5,1006.9,-1.8,57,13.6,25000,3.704,18.52,,330,,,0,,,,,,,15,og-post,,,,AAXX 16134 07299 21675 73302 10225 20136 39760 40069 58018 71522 83332 333 60005 81933 83840 86073 90710 91110 93100=
07299,2008-05-16 14:00:00,19.4,1006.9,-1.8,62,11.9,15000,11.112,29.632,,280,,,0.4,,,,,,,25,og-post,,,,AAXX 16144 07299 21565 72806 10194 20119 39756 40069 57018 72586 84902 333 69945 81930 83650 87073 90710 91116 93100=
07299,2008-05-16 15:00:00,22.2,1006.2,-1.5,52,11.9,25000,7.408,14.816,,180,,,0,0.4,,,,,,29,og-post,,,,AAXX 16154 07299 21675 71804 10222 20119 39753 40062 56015 72998 81232 333 69947 81840 87073 90710 91108 93100 555 60005=
07299,2008-05-16 16:00:00,21.3,1005.7,-1.3,56,12.2,25000,7.408,14.816,,160,,,0,,,,,,,,og-post,,,,AAXX 16164 07299 22675 81604 10213 20122 39747 40057 58013 81237 333 60005 81840 88273 90710 91108 93100=
07299,2008-05-16 17:00:00,21,1005.5,-1,59,12.7,25000,3.704,7.408,,350,,,0,,,,,,,,og-post,,,,AAXX 16174 07299 22675 83502 10210 20127 39745 40055 57010 81237 333 60005 81840 83358 88271 90710 91104 93100=
07299,2008-05-16 18:00:00,20.1,1005.4,-1,62,12.6,30000,,14.816,,,14.8,23.4,,,,0.4,,,,25,og-post,,,,AAXX 16184 07299 01680 80000 10201 20126 39743 40054 56010 69942 72598 81237 333 10234 20148 69907 81843 83361 88270 90710 91108 93100 555 69905=
07299,2008-05-16 19:00:00,17.6,1006,-0.1,85,15,25000,3.704,7.408,,250,,,0,,,,,,,,og-post,,,,AAXX 16194 07299 22675 82502 10176 20150 39746 40060 55001 82387 333 60005 81843 81950 83361 87270 90710 91104 93100=
07299,2008-05-16 20:00:00,16.8,1007.6,1.7,85,14.3,12000,22.224,42.596,,240,,,0.4,,,,,,,80,og-post,,,,AAXX 16204 07299 21662 82412 10168 20143 39761 40076 53017 78086 8638/ 333 69945 81843 81946 86650 87360 90710 91123 93100=
07299,2008-05-16 21:00:00,14.6,1008.3,2.2,92,13.3,14000,18.52,38.892,,260,,,4,5,,,,,,80,og-post,,,,AAXX 16214 07299 21664 82610 10146 20133 39765 40083 53022 78086 8638/ 333 60057 82840 81943 85650 87357 90710 91121 93100 555 60045=
07299,2008-05-16 22:00:00,14.5,1008.8,2.4,93,13.4,14000,3.704,22.224,,80,,,0.2,,,,,,,61,og-post,,,,AAXX 16224 07299 21664 80802 10145 20134 39770 40088 51024 76186 8538/ 333 69925 81840 81946 83650 87358 90710 91112 93100=
07299,2008-05-16 23:00:00,14.2,1008.5,0.6,94,13.2,14000,3.704,14.816,,290,,,0.6,,,,,,,60,og-post,,,,AAXX 16234 07299 21664 82902 10142 20132 39767 40085 50006 76066 8538/ 333 69965 81840 81946 83650 87358 90710 91108 93100=
07299,2008-05-17 00:00:00,13.9,1008.1,-0.3,96,13.3,14000,3.704,7.408,,90,,,0.8,2,6,,,,,61,og-post,,,,AAXX 17004 07299 01664 80902 10139 20133 39762 40081 58003 60061 76186 8538/ 333 60027 81840 81946 83650 87358 90710 91104 93100 555 69985=
07299,2008-05-17 01:00:00,13.9,1007.9,-1,96,13.3,14000,3.704,7.408,,200,,,,,,,,,,,og-post,,,,AAXX 17014 07299 26/64 /2002 10139 20133 39760 40079 56010 333 69905 90710 91104=
07299,2008-05-17 02:00:00,13.8,1007.8,-0.8,97,13.3,10000,3.704,11.112,,180,,,,,,,,,,,og-post,,,,AAXX 17024 07299 26/60 /1802 10138 20133 39759 40078 56008 333 69905 90710 91106=
07299,2008-05-17 03:00:00,13.7,1007.5,-0.6,97,13.2,20000,7.408,11.112,,160,,,0.2,0.2,,,,,,0,og-post,,,,AAXX 17034 07299 21570 71604 10137 20132 39756 40075 57006 70062 8383/ 333 69927 82828 83643 87358 90710 91106 93100 555 69925=
07299,2008-05-17 04:00:00,13.6,1007.6,-0.3,97,13.1,14000,3.704,11.112,,160,,,0,,,,,,,,og-post,,,,AAXX 17044 07299 22564 71602 10136 20131 39757 40076 55003 8483/ 333 60005 81820 84650 87358 90710 91106 93100=
07299,2008-05-17 05:00:00,13.7,1008.1,0.4,97,13.2,17000,7.408,11.112,,200,,,0,,,,,,,,og-post,,,,AAXX 17054 07299 22567 72004 10137 20132 39762 40081 53004 8583/ 333 60005 82820 85643 87358 90710 91106 93100=
07299,2008-05-17 06:00:00,14.2,1008.1,0.7,92,12.9,17000,3.704,11.112,,250,13.4,20,0,0,,7,7,8.6,13,3,og-post,,,,AAXX 17064 07299 01567 72502 10142 20129 39763 40081 52007 60072 70362 8683/ 333 10200 20134 32013 55086 60007 70070 81823 86646 87358 90710 91106 93100 555 60005=
07299,2008-05-17 07:00:00,15.2,1008,0.6,89,13.4,15000,3.704,7.408,,290,,,0,,,,,,,,og-post,,,,AAXX 17074 07299 22265 72902 10152 20134 39763 40080 51006 8683/ 333 60005 81705 84650 87358 90710 91104 93100=
07299,2008-05-17 08:00:00,16.7,1007.6,-0.1,80,13.2,20000,3.704,11.112,,160,,,0,,,,,,,,og-post,,,,AAXX 17084 07299 22470 71602 10167 20132 39761 40076 58001 8483/ 333 60005 82810 83650 86357 90710 91106 93100=
07299,2008-05-17 09:00:00,15.6,1008.2,0.2,85,13.1,23000,14.816,25.928,,270,,,0,0,,,,,,,og-post,,,,AAXX 17094 07299 22473 72708 10156 20131 39765 40082 53002 8687/ 333 60007 81710 83820 85640 90710 91114 93100 555 60005=
07299,2008-05-17 10:00:00,17.1,1007.7,-0.1,78,13.2,25000,11.112,25.928,,270,,,0,,,,,,,,og-post,,,,AAXX 17104 07299 22575 72706 10171 20132 39762 40077 58001 8687/ 333 60005 82820 85648 86357 90710 91114 93100=
07299,2008-05-17 11:00:00,17.1,1007.6,0,75,12.6,30000,11.112,22.224,,280,,,0,,,,,,,,og-post,,,,AAXX 17114 07299 22580 72806 10171 20126 39761 40076 50000 8587/ 333 60005 82823 86357 90710 91112 93100=
07299,2008-05-17 12:00:00,17.2,1007.5,-0.5,82,14.1,15000,7.408,14.816,,250,,,,,,,,,,80,og-post,,,,AAXX 17124 07299 01565 72504 10172 20141 39760 40075 56005 69901 78086 8487/ 333 69907 81820 86357 90710 91108 93100 555 69905=
07299,2008-05-17 13:00:00,17.1,1007.4,-0.3,78,13.2,20000,14.816,25.928,,260,,,,,,,,,,25,og-post,,,,AAXX 17134 07299 21570 72608 10171 20132 39759 40074 57003 72586 8327/ 333 69905 81820 83824 86357 90710 91114 93100=
07299,2008-05-17 14:00:00,15.7,1007.7,-0.1,86,13.4,20000,7.408,22.224,,260,,,0.8,,,,,,,25,og-post,,,,AAXX 17144 07299 21270 72604 10157 20134 39760 40077 55001 72586 8387/ 333 69985 81706 83650 86357 90710 91112 93100=
07299,2008-05-17 15:00:00,15.8,1007.5,-0.1,89,14,14000,7.408,11.112,,240,,,0.6,1,,,,,,61,og-post,,,,AAXX 17154 07299 21464 82404 10158 20140 39759 40075 57001 76186 8487/ 333 60017 82710 83640 87357 90710 91106 93100 555 69965=
07299,2008-05-17 16:00:00,14.9,1007.6,0,90,13.3,15000,3.704,11.112,,110,,,2,,,,,,,61,og-post,,,,AAXX 17164 07299 21265 71102 10149 20133 39759 40076 50000 76166 8487/ 333 60025 81705 83645 87358 90710 91106 93100=
07299,2008-05-17 17:00:00,15.1,1007.4,-0.3,90,13.5,15000,3.704,11.112,,120,,,,,,,,,,21,og-post,,,,AAXX 17174 07299 21365 71202 10151 20135 39757 40074 58003 72162 8227/ 333 69905 81706 84358 87462 90710 91106 93100=
07299,2008-05-17 18:00:00,14.8,1007.5,-0.2,91,13.3,25000,7.408,14.816,,120,14.2,18.1,0,2,,3,,,,1,og-post,,,,AAXX 17184 07299 01375 71204 10148 20133 39758 40075 55002 60032 70186 8387/ 333 10181 20142 60027 81708 83656 87463 90710 91108 93100 555 60005=
07299,2008-05-17 19:00:00,14.4,1007.9,0.2,92,13.1,25000,7.408,14.816,,110,,,0,,,,,,,,og-post,,,,AAXX 17194 07299 22375 81104 10144 20131 39761 40079 53002 8587/ 333 60005 81708 85656 88463 90710 91108 93100=
07299,2008-05-17 20:00:00,13.9,1008.3,0.7,93,12.8,8000,14.816,18.52,,130,,,0.8,,,,,,,80,og-post,,,,AAXX 17204 07299 21358 71308 10139 20128 39764 40083 53007 78086 878// 333 69985 81708 83830 86656 90710 91110 93100=
07299,2008-05-17 21:00:00,13.7,1008.5,0.8,92,12.4,20000,11.112,18.52,,140,,,,0.8,,,,,,25,og-post,,,,AAXX 17214 07299 21570 71406 10137 20124 39766 40085 51008 72586 8782/ 333 69987 81820 83643 87465 90710 91110 93100 555 69905=
07299,2008-05-17 22:00:00,12.9,1008.7,0.6,94,12,20000,,14.816,,,,,0,,,,,,,,og-post,,,,AAXX 17224 07299 22570 70000 10129 20120 39767 40087 51006 81832 333 60005 81820 83363 87073 90710 91108 93100=
07299,2008-05-17 23:00:00,12.3,1009,0.5,96,11.7,9000,11.112,14.816,,250,,,0,,,,,,,16,og-post,,,,AAXX 17234 07299 21359 72506 10123 20117 39769 40090 51005 71622 879// 333 60005 81806 83819 81923 85630 90710 91108 93100=
07299,2008-05-18 00:00:00,12.8,1008.4,-0.3,96,12.2,9000,11.112,18.52,,170,,,1,1,2,,,,,25,og-post,,,,AAXX 18004 07299 01359 71706 10128 20122 39764 40084 58003 60021 72586 878// 333 60017 81808 86656 90710 91110 93100 555 60015=
07299,2008-05-18 01:00:00,12.7,1008.2,-0.5,97,12.2,10000,7.408,11.112,,100,,,0,,,,,,,,og-post,,,,AAXX 18014 07299 26/60 /1004 10127 20122 39762 40082 58005 333 60005 90710 91106=
07299,2008-05-18 02:00:00,12.5,1008.1,-0.8,97,12,12000,,11.112,,,,,0,,,,,,,,og-post,,,,AAXX 18024 07299 26/62 /0000 10125 20120 39761 40081 56008 333 60005 90710 91106=
07299,2008-05-18 03:00:00,12.2,1008,-0.5,97,11.7,15000,11.112,14.816,,160,,,0,0,,,,,,,og-post,,,,AAXX 18034 07299 22165 71606 10122 20117 39759 40080 56005 878// 333 60007 81702 87643 90710 91108 93100 555 60005=
07299,2008-05-18 04:00:00,12.2,1007.8,-0.5,97,11.7,20000,7.408,11.112,,120,,,0,,,,,,,,og-post,,,,AAXX 18044 07299 22470 71204 10122 20117 39757 40078 57005 84832 333 60005 81815 84638 85073 90710 91106 93100=
07299,2008-05-18 05:00:00,11.8,1008,-0.1,96,11.2,20000,3.704,11.112,,170,,,0,,,,,,,,og-post,,,,AAXX 18054 07299 22470 61702 10118 20112 39759 40080 55001 84832 333 60005 81815 84650 90710 91106 93100=
07299,2008-05-18 06:00:00,13.1,1007.9,-0,97,12.6,12000,7.408,11.112,,150,11.6,14.8,0,0,,2,5.4,0.1,10,,og-post,,,,AAXX 18064 07299 02362 31504 10131 20126 39759 40079 55000 60022 82832 333 10148 20116 32010 55001 60007 70054 81808 90710 91106 93100 555 60005=
07299,2008-05-18 07:00:00,14.7,1007.7,0.2,86,12.4,20000,7.408,14.816,,150,,,0,,,,,,,,og-post,,,,AAXX 18074 07299 22370 41504 10147 20124 39759 40077 51002 81231 333 60005 81809 83073 90710 91108 93100=
07299,2008-05-18 08:00:00,16.8,1007.4,-0,74,12.1,20000,7.408,14.816,,90,,,0,,,,,,,,og-post,,,,AAXX 18084 07299 22470 60904 10168 20121 39759 40074 54000 82231 333 60005 82818 85073 90710 91108 93100=
07299,2008-05-18 09:00:00,17.8,1007,-0.2,69,12,20000,3.704,14.816,,170,,,0,0,,,,,,,og-post,,,,AAXX 18094 07299 22570 71702 10178 20120 39756 40070 58002 82282 333 60007 82820 83364 85073 90710 91108 93100 555 60005=
07299,2008-05-18 10:00:00,19.2,1006.4,-0.8,61,11.5,20000,3.704,11.112,,310,,,0,,,,,,,,og-post,,,,AAXX 18104 07299 22570 73102 10192 20115 39751 40064 58008 83982 333 60005 82823 81924 85073 90710 91106 93100=
07299,2008-05-18 11:00:00,16.5,1006.6,-0.9,73,11.6,10000,22.224,31.484,,320,,,0,,,,,,,17,og-post,,,,AAXX 18114 07299 21560 73212 10165 20116 39750 40066 56009 71792 84902 333 60005 84930 85073 90710 91117 93100=
07299,2008-05-18 12:00:00,14.4,1007.1,-0.4,82,11.4,10000,22.224,31.484,,250,,,0,0,,,,,,29,og-post,,,,AAXX 18124 07299 01660 72512 10144 20114 39753 40071 55004 60001 72991 83972 333 60007 83945 83359 85073 90710 91117 93100 555 60005=
07299,2008-05-18 13:00:00,15.7,1007.3,0.5,81,12.4,20000,11.112,31.484,,280,,,0,,,,,,,,og-post,,,,AAXX 18134 07299 22670 72806 10157 20124 39756 40073 53005 82972 333 60005 81840 81950 85359 85073 90710 91117 93100=
07299,2008-05-18 14:00:00,16.1,1007.1,0.4,79,12.5,20000,7.408,14.816,,240,,,0,,,,,,,,og-post,,,,AAXX 18144 07299 22670 72404 10161 20125 39755 40071 50004 8287/ 333 60005 81845 83657 87359 90710 91108 93100=
07299,2008-05-18 15:00:00,16.5,1007.1,0.2,79,12.8,20000,7.408,11.112,,330,,,0,0,,,,,,,og-post,,,,AAXX 18154 07299 22570 73304 10165 20128 39755 40071 51002 8387/ 333 60007 81820 83657 87359 90710 91106 93100 555 60005=
07299,2008-05-18 16:00:00,16.2,1007.2,-0,76,12,10000,7.408,14.816,,300,,,0,,,,,,,15,og-post,,,,AAXX 18164 07299 21560 73004 10162 20120 39756 40072 55000 71522 8397/ 333 60005 82823 81924 87358 90710 91108 93100=
07299,2008-05-18 17:00:00,15.9,1007.7,0.5,73,11.1,10000,11.112,18.52,,350,,,0,,,,,,,16,og-post,,,,AAXX 18174 07299 21560 73506 10159 20111 39760 40077 53005 71622 8397/ 333 60005 82825 81930 87358 90710 91110 93100=
07299,2008-05-18 18:00:00,14.2,1008.4,1,85,11.7,15000,7.408,14.816,,160,13.1,20.2,0,0,,,,,,,og-post,,,,AAXX 18184 07299 02565 71604 10142 20117 39765 40084 53010 60002 8397/ 333 10202 20131 60007 82823 81930 87358 90710 91108 93100 555 60005=
07299,2008-05-18 19:00:00,13.1,1009.1,1.4,88,11.2,6000,14.816,31.484,,40,,,0.2,,,,,,,80,og-post,,,,AAXX 18194 07299 21456 70408 10131 20112 39771 40091 53014 78086 879// 333 69925 81710 83820 81925 86646 90710 91117 93100=
07299,2008-05-18 20:00:00,12.5,1009.5,1.5,93,11.4,10000,3.704,11.112,,250,,,,,,,,,,25,og-post,,,,AAXX 18204 07299 21460 72502 10125 20114 39774 40095 51015 72586 8497/ 333 69905 81710 81925 83646 87357 90710 91106 93100=
07299,2008-05-18 21:00:00,11.8,1009.9,1.2,95,11,13000,7.408,11.112,,320,,,0,0.4,,,,,,15,og-post,,,,AAXX 18214 07299 21463 83204 10118 20110 39777 40099 51012 71586 8557/ 333 69947 81710 85656 87360 90710 91106 93100 555 60005=
07299,2008-05-18 22:00:00,11.6,1009.6,0.3,95,10.8,9000,11.112,14.816,,340,,,,,,,,,,60,og-post,,,,AAXX 18224 07299 21159 83406 10116 20108 39774 40096 50003 76062 877// 333 69905 81703 85710 85656 90710 91108 93100=
07299,2008-05-18 23:00:00,11.7,1009.4,-0.3,96,11.1,5000,11.112,18.52,,330,,,,,,,,,,21,og-post,,,,AAXX 18234 07299 21150 73306 10117 20111 39772 40094 58003 72162 877// 333 69905 81702 85714 85656 90710 91110 93100=
07299,2008-05-19 00:00:00,11.6,1009.2,-0.7,97,11.1,4500,7.408,14.816,,330,,,0,,0.4,,,,,10,og-post,,,,AAXX 19004 07299 01145 73304 10116 20111 39770 40092 56007 69941 71086 877// 333 69907 82702 85712 85650 90710 91108 93100 555 60005=
07299,2008-05-19 01:00:00,11.3,1009.1,-0.5,97,10.8,3700,11.112,11.112,,310,,,0,,,,,,,,og-post,,,,AAXX 19014 07299 26/37 /3106 10113 20108 39769 40091 56005 333 60005 90710 91106=
07299,2008-05-19 02:00:00,11.1,1009.2,-0.2,97,10.6,3300,7.408,11.112,,310,,,0,,,,,,,,og-post,,,,AAXX 19024 07299 26/33 /3104 10111 20106 39770 40092 55002 333 60005 90710 91106=
07299,2008-05-19 03:00:00,11.1,1009.1,-0.1,97,10.6,4000,11.112,14.816,,310,,,0,0,,,,,,10,og-post,,,,AAXX 19034 07299 21140 73106 10111 20106 39769 40091 57001 71022 876// 333 60007 82701 85703 85630 90710 91108 93100 555 60005=
07299,2008-05-19 04:00:00,10.9,1009.1,-0.1,97,10.4,2700,11.112,14.816,,330,,,0,,,,,,,10,og-post,,,,AAXX 19044 07299 21127 73306 10109 20104 39768 40091 58001 71022 876// 333 60005 82701 86703 90710 91108 93100=
07299,2008-05-19 05:00:00,11.2,1009.2,-0,97,10.7,4100,7.408,18.52,,330,,,0,,,,,,,10,og-post,,,,AAXX 19054 07299 21141 73304 10112 20107 39770 40092 55000 71022 876// 333 60005 82702 86703 90710 91110 93100=
07299,2008-05-19 06:00:00,11.9,1009.2,0.2,95,11.1,6000,11.112,14.816,,340,10.8,14.2,0,0,,0.4,0.4,4.7,11,,og-post,,,,AAXX 19064 07299 02256 73406 10119 20111 39771 40092 53002 69942 876// 333 10142 20108 32011 55047 60007 70004 81704 85706 86614 90710 91108 93100 555 60005=
07299,2008-05-19 07:00:00,12.2,1009.2,0.4,93,11.1,7000,11.112,22.224,,360,,,0,,,,,,,,og-post,,,,AAXX 19074 07299 22257 83606 10122 20111 39771 40092 51004 882// 333 60005 81704 87805 90710 91112 93100=
07299,2008-05-19 08:00:00,12.8,1009.3,0.3,92,11.5,4500,14.816,22.224,,350,,,,,,,,,,25,og-post,,,,AAXX 19084 07299 21345 83508 10128 20115 39773 40093 52003 72586 888// 333 69905 87806 90710 91112 93100=
07299,2008-05-19 09:00:00,13.7,1009.2,0.2,90,12.1,8000,14.816,25.928,,350,,,0,,,,,,,1,og-post,,,,AAXX 19094 07299 21358 73508 10137 20121 39773 40092 51002 70186 878// 333 69907 85809 84620 87646 90710 91114 93100 555 60005=
07299,2008-05-19 10:00:00,13.9,1009.4,0.4,85,11.4,8000,18.52,31.484,,10,,,0,,,,,,,,og-post,,,,AAXX 19104 07299 22358 80110 10139 20114 39775 40094 53004 888// 333 60005 85809 86620 87646 90710 91117 93100=
07299,2008-05-19 11:00:00,14.8,1009.3,0.1,84,12.1,10000,18.52,29.632,,360,,,0,,,,,,,,og-post,,,,AAXX 19114 07299 22460 73610 10148 20121 39775 40093 50001 878// 333 60005 86811 85620 87635 90710 91116 93100=
07299,2008-05-19 12:00:00,15,1009.2,0,86,12.7,8000,18.52,29.632,,360,,,,,,,,,,80,og-post,,,,AAXX 19124 07299 01458 83610 10150 20127 39774 40092 50000 69901 78086 888// 333 69907 81810 84811 85616 90710 91116 93100 555 69905=
07299,2008-05-19 13:00:00,14.1,1009.2,-0.3,89,12.3,7000,14.816,29.632,,10,,,,,,,,,,80,og-post,,,,AAXX 19134 07299 21357 80108 10141 20123 39773 40092 57003 78086 888// 333 69905 81808 83811 85636 90710 91116 93100=
07299,2008-05-19 14:00:00,15.5,1008.5,-0.6,86,13.2,10000,18.52,29.632,,340,,,,,,,,,,25,og-post,,,,AAXX 19144 07299 21460 73410 10155 20132 39768 40085 58006 72586 878// 333 69905 81810 84633 87648 90710 91116 93100=
07299,2008-05-19 15:00:00,16.1,1008.1,-1,79,12.5,10000,22.224,35.188,,340,,,0,,,,,,,1,og-post,,,,AAXX 19154 07299 21460 73412 10161 20125 39765 40081 58010 70186 878// 333 69907 81813 85645 87656 90710 91119 93100 555 60005=
07299,2008-05-19 16:00:00,14.8,1008.1,-1,83,11.9,11000,22.224,35.188,,340,,,,,,,,,,21,og-post,,,,AAXX 19164 07299 21461 73412 10148 20119 39763 40081 56010 72162 878// 333 69905 81815 85640 87650 90710 91119 93100=
07299,2008-05-19 17:00:00,14.7,1008.1,-0.5,82,11.7,11000,22.224,31.484,,340,,,0,,,,,,,21,og-post,,,,AAXX 19174 07299 21461 83412 10147 20117 39763 40081 56005 72122 888// 333 60005 81815 87645 90710 91117 93100=
07299,2008-05-19 18:00:00,14.4,1008.5,0.2,81,11.2,12000,22.224,35.188,,350,11.8,16.1,0,,,,,,,3,og-post,,,,AAXX 19184 07299 01462 83512 10144 20112 39767 40085 53002 69902 70386 888// 333 10161 20118 69907 81815 83640 87650 90710 91119 93100 555 60005=
07299,2008-05-19 19:00:00,13.9,1009.1,0.9,82,10.9,12000,22.224,38.892,,350,,,0,,,,,,,,og-post,,,,AAXX 19194 07299 22562 83512 10139 20109 39772 40091 53009 878// 333 60005 81830 87650 90710 91121 93100=
07299,2008-05-19 20:00:00,13.6,1009.6,1.3,81,10.4,12000,22.224,31.484,,350,,,0,,,,,,,,og-post,,,,AAXX 19204 07299 22562 73512 10136 20104 39776 40096 52013 878// 333 60005 81830 87650 90710 91117 93100=
07299,2008-05-19 21:00:00,13.4,1009.7,1,80,10,12000,18.52,29.632,,350,,,0,0,,,,,,,og-post,,,,AAXX 19214 07299 22562 73510 10134 20100 39777 40097 51010 878// 333 60007 81830 87646 90710 91116 93100 555 60005=
07299,2008-05-19 22:00:00,12.9,1009.7,0.4,81,9.7,20000,18.52,31.484,,350,,,0,,,,,,,,og-post,,,,AAXX 19224 07299 26/70 /3510 10129 20097 39776 40097 50004 333 60005 90710 91117=
07299,2008-05-19 23:00:00,12.8,1009.5,-0.2,81,9.6,12000,18.52,29.632,,350,,,0,,,,,,,,og-post,,,,AAXX 19234 07299 22562 73510 10128 20096 39774 40095 58002 878// 333 60005 81830 87646 90710 91116 93100=
07299,2008-05-20 00:00:00,12.3,1009.4,-0.6,83,9.5,12000,18.52,29.632,,350,,,0,0,,,,,,,og-post,,,,AAXX 20004 07299 02562 73510 10123 20095 39773 40094 58006 60001 878// 333 60007 81830 87646 90710 91116 93100 555 60005=
07299,2008-05-20 01:00:00,12,1008.8,-0.9,85,9.6,18000,14.816,25.928,,350,,,0,,,,,,,,og-post,,,,AAXX 20014 07299 26/68 /3508 10120 20096 39767 40088 58009 333 60005 90710 91114=
07299,2008-05-20 02:00:00,11.4,1008.6,-1,85,9,19000,14.816,25.928,,340,,,0,,,,,,,,og-post,,,,AAXX 20024 07299 26/69 /3408 10114 20090 39764 40086 56010 333 60005 90710 91114=
07299,2008-05-20 03:00:00,11.1,1008.6,-0.8,87,9,15000,11.112,22.224,,340,,,0,0,,,,,,,og-post,,,,AAXX 20034 07299 22565 73406 10111 20090 39764 40086 56008 878// 333 60007 81830 87650 90710 91112 93100 555 60005=
07299,2008-05-20 04:00:00,10.7,1008.8,-0.2,88,8.8,15000,11.112,25.928,,340,,,0,,,,,,,,og-post,,,,AAXX 20044 07299 22765 73406 10107 20088 39765 40088 55002 8453/ 333 60005 85650 84359 90710 91114 93100=
07299,2008-05-20 05:00:00,10.9,1009,0.2,88,9,15000,14.816,22.224,,340,,,0,,,,,,,,og-post,,,,AAXX 20054 07299 22665 73408 10109 20090 39767 40090 53002 82531 333 60005 82645 84359 85075 90710 91112 93100=
07299,2008-05-20 06:00:00,12.2,1009,0.5,84,9.6,15000,22.224,35.188,,350,10.7,14.4,0,0,,,0,0,10,,og-post,,,,AAXX 20064 07299 02665 53512 10122 20096 39769 40090 52005 60002 81131 333 10144 20107 30010 55000 60007 79999 81840 84075 90710 91119 93100 555 60005=
07299,2008-05-20 07:00:00,13.6,1008.9,0.6,81,10.4,15000,25.928,38.892,,350,,,0,,,,,,,,og-post,,,,AAXX 20074 07299 22665 33514 10136 20104 39769 40089 51006 81131 333 60005 81833 90710 91121 93100=
07299,2008-05-20 08:00:00,14.8,1009.1,0.5,75,10.4,15000,29.632,38.892,,360,,,0,,,,,,,,og-post,,,,AAXX 20084 07299 22665 43616 10148 20104 39773 40091 53005 81131 333 60005 81843 83075 90710 91121 93100=
07299,2008-05-20 09:00:00,16,1009.1,0.6,69,10.3,15000,25.928,38.892,,360,,,0,0,,,,,,,og-post,,,,AAXX 20094 07299 22665 53614 10160 20103 39774 40091 53006 81132 333 60007 81846 83360 85073 90710 91121 93100 555 60005=
07299,2008-05-20 10:00:00,16.7,1009,0.6,68,10.8,15000,22.224,38.892,,360,,,0,,,,,,,,og-post,,,,AAXX 20104 07299 22665 73612 10167 20108 39774 40090 52006 85232 333 60005 85849 83358 90710 91121 93100=
07299,2008-05-20 11:00:00,16.2,1009.2,0.5,57,7.7,15000,22.224,35.188,,360,,,0,,,,,,,,og-post,,,,AAXX 20114 07299 22665 73612 10162 20077 39775 40092 52005 85232 333 60005 81840 85849 90710 91119 93100=
07299,2008-05-20 12:00:00,15.7,1009.4,0.2,60,8,15000,25.928,38.892,,360,,,0,0,,,,,,,og-post,,,,AAXX 20124 07299 02665 73614 10157 20080 39776 40094 50002 60001 878// 333 60007 81840 87650 90710 91121 93100 555 60005=
07299,2008-05-20 13:00:00,15.8,1009.4,0.2,59,7.8,15000,22.224,31.484,,10,,,0,,,,,,,,og-post,,,,AAXX 20134 07299 22665 70112 10158 20078 39776 40094 51002 878// 333 60005 81840 87650 90710 91117 93100=
07299,2008-05-20 14:00:00,15.9,1009.8,0.3,59,7.9,15000,14.816,31.484,,20,,,0,,,,,,,,og-post,,,,AAXX 20144 07299 22665 70208 10159 20079 39780 40098 53003 878// 333 60005 81840 87648 90710 91117 93100=
07299,2008-05-20 15:00:00,15.7,1010.1,0.6,58,7.5,20000,11.112,25.928,,20,,,0,0,,,,,,,og-post,,,,AAXX 20154 07299 22670 70206 10157 20075 39783 40101 53006 878// 333 60007 81840 87650 90710 91114 93100 555 60005=
07299,2008-05-20 16:00:00,15.5,1010.5,1,57,7,20000,11.112,22.224,,60,,,0,,,,,,,,og-post,,,,AAXX 20164 07299 22670 70606 10155 20070 39787 40105 53010 878// 333 60005 81840 87650 90710 91112 93100=
07299,2008-05-20 17:00:00,15.2,1010.8,0.9,58,7,20000,7.408,14.816,,60,,,0,,,,,,,,og-post,,,,AAXX 20174 07299 22670 70604 10152 20070 39789 40108 51009 878// 333 60005 81840 87656 90710 91108 93100=
07299,2008-05-20 18:00:00,14.9,1011.3,1.1,58,6.7,20000,7.408,18.52,,80,12.2,17,0,0,,,,,,,og-post,,,,AAXX 20184 07299 02670 70804 10149 20067 39794 40113 52011 60002 878// 333 10170 20122 60007 81840 87650 90710 91110 93100 555 60005=
07299,2008-05-20 19:00:00,14.7,1011.7,1,55,5.8,20000,3.704,18.52,,70,,,0,,,,,,,,og-post,,,,AAXX 20194 07299 22670 80702 10147 20058 39797 40117 52010 878// 333 60005 81840 87650 90710 91110 93100=
07299,2008-05-20 20:00:00,14.2,1012.2,1.2,59,6.3,20000,7.408,11.112,,80,,,0,,,,,,,,og-post,,,,AAXX 20204 07299 22770 80804 10142 20063 39802 40122 53012 875// 333 60005 87650 90710 91106 93100=
07299,2008-05-20 21:00:00,13.7,1012.7,1.2,65,7.2,20000,14.816,29.632,,120,,,0,0,,,,,,,og-post,,,,AAXX 20214 07299 22770 81208 10137 20072 39806 40127 53012 875// 333 60007 87650 90710 91116 93100 555 60005=
07299,2008-05-20 22:00:00,12.9,1012.8,0.9,69,7.4,20000,14.816,25.928,,120,,,0,,,,,,,,og-post,,,,AAXX 20224 07299 22770 71208 10129 20074 39806 40128 51009 875// 333 60005 82650 86656 90710 91114 93100=
07299,2008-05-20 23:00:00,11.6,1012.7,0.2,68,5.9,20000,14.816,22.224,,120,,,0,,,,,,,,og-post,,,,AAXX 20234 07299 22770 31208 10116 20059 39804 40127 50002 8153/ 333 60005 81650 83357 90710 91112 93100=
07299,2008-05-21 00:00:00,10.7,1012.8,-0.2,71,5.7,18000,7.408,18.52,,110,,,0,0,,,,,,,og-post,,,,AAXX 21004 07299 02768 51104 10107 20057 39804 40128 57002 60001 82532 333 60007 82650 83357 90710 91110 93100 555 60005=
07299,2008-05-21 01:00:00,10.3,1012.8,-0.4,71,5.3,20000,3.704,22.224,,110,,,0,,,,,,,,og-post,,,,AAXX 21014 07299 26/70 /1102 10103 20053 39803 40128 57004 333 60005 90710 91112=
07299,2008-05-21 02:00:00,7,1013.1,-0.2,88,5.2,20000,3.704,3.704,,240,,,0,,,,,,,,og-post,,,,AAXX 21024 07299 26/70 /2402 10070 20052 39802 40131 57002 333 60005 90710 91102=
07299,2008-05-21 03:00:00,5.8,1013.1,-0.3,92,4.6,18000,3.704,7.408,,330,,,0,0,,,,,,,og-post,,,,AAXX 21034 07299 22568 33302 10058 20046 39801 40131 56003 82830 333 60007 81830 90710 91104 555 60005=
07299,2008-05-21 04:00:00,6.8,1013.1,-0,92,5.6,17000,7.408,11.112,,20,,,0,,,,,,,,og-post,,,,AAXX 21044 07299 22567 60204 10068 20056 39802 40131 55000 85531 333 60005 82630 85646 90710 91106=
07299,2008-05-21 05:00:00,8.4,1013.1,0.2,87,6.4,17000,14.816,18.52,,330,,,0,,,,,,,,og-post,,,,AAXX 21054 07299 22567 73308 10084 20064 39804 40131 53002 86531 333 60005 81630 86640 90710 91110=
07299,2008-05-21 06:00:00,8.9,1013.5,0.7,84,6.3,18000,7.408,18.52,,330,5.5,14.9,0,0,,,0,4,3,,og-post,,,,AAXX 21064 07299 02568 73304 10089 20063 39808 40135 53007 60002 878// 333 10149 20055 30003 55040 60007 70000 81830 87638 90710 91110 555 60005=
07299,2008-05-21 07:00:00,10.6,1013.5,0.8,79,7.1,18000,7.408,14.816,,300,,,0,,,,,,,,og-post,,,,AAXX 21074 07299 22668 73004 10106 20071 39810 40135 52008 875// 333 60005 87639 90710 91108 93100=
07299,2008-05-21 08:00:00,12.7,1013.4,0.8,68,7,18000,7.408,14.816,,360,,,0,,,,,,,,og-post,,,,AAXX 21084 07299 22668 73604 10127 20070 39812 40134 51008 875// 333 60005 87639 90710 91108 93100=
07299,2008-05-21 09:00:00,13.1,1013.4,0.4,65,6.7,18000,7.408,18.52,,20,,,0,0,,,,,,,og-post,,,,AAXX 21094 07299 22668 80204 10131 20067 39812 40134 51004 885// 333 60007 87640 90710 91110 93100 555 60005=
07299,2008-05-21 10:00:00,13.3,1013.5,0.3,67,7.3,22000,7.408,14.816,,120,,,0,,,,,,,,og-post,,,,AAXX 21104 07299 22572 71204 10133 20073 39813 40135 51003 878// 333 60005 81826 87635 90710 91108 93100=
07299,2008-05-21 11:00:00,14.6,1013.4,0.2,63,7.6,22000,3.704,14.816,,70,,,0,,,,,,,,og-post,,,,AAXX 21114 07299 22572 70702 10146 20076 39814 40134 53002 878// 333 60005 81830 87643 90710 91108 93100=
07299,2008-05-21 12:00:00,14.6,1013.3,0.1,62,7.4,22000,7.408,14.816,,90,,,0,0,,,,,,,og-post,,,,AAXX 21124 07299 02572 70904 10146 20074 39813 40133 50001 60001 878// 333 60007 81830 87636 90710 91108 93100 555 60005=
07299,2008-05-21 13:00:00,14.1,1013.6,0.2,61,6.7,22000,3.704,11.112,,90,,,0,,,,,,,,og-post,,,,AAXX 21134 07299 22572 70902 10141 20067 39815 40136 53002 878// 333 60005 81830 87636 90710 91106 93100=
07299,2008-05-21 14:00:00,14.6,1013.4,-0,63,7.6,22000,7.408,14.816,,20,,,0,,,,,,,,og-post,,,,AAXX 21144 07299 22572 70204 10146 20076 39814 40134 54000 878// 333 60005 81830 87640 90710 91108 93100=
07299,2008-05-21 15:00:00,14.5,1013.4,0.1,61,7.1,22000,3.704,11.112,,10,,,0,0,,,,,,,og-post,,,,AAXX 21154 07299 22672 70102 10145 20071 39814 40134 51001 878// 333 60007 83840 87646 90710 91106 93100 555 60005=
07299,2008-05-21 16:00:00,14.2,1013.4,-0.2,64,7.5,22000,7.408,14.816,,80,,,0,,,,,,,,og-post,,,,AAXX 21164 07299 22572 70804 10142 20075 39813 40134 57002 878// 333 60005 81833 87644 90710 91108 93100=
07299,2008-05-21 17:00:00,14,1013.6,0.1,65,7.5,22000,,11.112,,,,,0,,,,,,,,og-post,,,,AAXX 21174 07299 22572 80000 10140 20075 39815 40136 53001 888// 333 60005 83830 87643 90710 91106 93100=
07299,2008-05-21 18:00:00,13.1,1013.9,0.3,77,9.2,22000,3.704,11.112,,340,9,14.9,0,0,,,,,,,og-post,,,,AAXX 21184 07299 02572 83402 10131 20092 39817 40139 53003 60002 888// 333 10149 20090 60007 81830 87645 90710 91106 93100 555 60005=
07299,2008-05-21 19:00:00,12.8,1014,0.5,75,8.5,22000,3.704,7.408,,140,,,0,,,,,,,,og-post,,,,AAXX 21194 07299 22572 81402 10128 20085 39818 40140 51005 888// 333 60005 81830 87640 90710 91104 93100=
07299,2008-05-21 20:00:00,13,1014.4,0.7,71,7.9,22000,7.408,14.816,,120,,,0,,,,,,,,og-post,,,,AAXX 21204 07299 22572 81204 10130 20079 39822 40144 53007 888// 333 60005 81826 87640 90710 91108 93100=
07299,2008-05-21 21:00:00,12.5,1014.5,0.5,76,8.4,22000,7.408,11.112,,120,,,0,0,,,,,,,og-post,,,,AAXX 21214 07299 22672 81204 10125 20084 39822 40145 51005 885// 333 60007 82633 87646 90710 91106 93100 555 60005=
07299,2008-05-21 22:00:00,11.9,1014.3,0.2,81,8.7,22000,11.112,14.816,,160,,,0,,,,,,,,og-post,,,,AAXX 21224 07299 22672 81606 10119 20087 39820 40143 50002 885// 333 60005 82633 87650 90710 91108 93100=
07299,2008-05-21 23:00:00,11.5,1014.2,-0.4,83,8.7,18000,3.704,11.112,,160,,,0,,,,,,,,og-post,,,,AAXX 21234 07299 22668 81602 10115 20087 39818 40142 58004 885// 333 60005 83633 87650 90710 91106 93100=
07299,2008-05-22 00:00:00,11.1,1014.1,-0.5,88,9.2,15000,7.408,7.408,,330,,,0,0,,,,,,,og-post,,,,AAXX 22004 07299 02565 83304 10111 20092 39817 40141 56005 60001 885// 333 60007 87632 90710 91104 93100 555 60005=
07299,2008-05-22 01:00:00,10.9,1013.7,-0.7,89,9.2,12000,3.704,7.408,,320,,,0,,,,,,,,og-post,,,,AAXX 22014 07299 26/62 /3202 10109 20092 39813 40137 58007 333 60005 90710 91104=
07299,2008-05-22 02:00:00,10.7,1013.7,-0.5,89,9,10000,7.408,11.112,,310,,,0,,,,,,,,og-post,,,,AAXX 22024 07299 26/60 /3104 10107 20090 39813 40137 56005 333 60005 90710 91106=
07299,2008-05-22 03:00:00,10.7,1013.6,-0.5,88,8.8,10000,3.704,7.408,,290,,,0,0,,,,,,,og-post,,,,AAXX 22034 07299 22560 72902 10107 20088 39812 40136 56005 875// 333 60007 87629 90710 91104 93100 555 60005=
07299,2008-05-22 04:00:00,10.6,1013.9,0.1,88,8.7,6000,3.704,11.112,,320,,,0,,,,,,,,og-post,,,,AAXX 22044 07299 22556 73202 10106 20087 39814 40139 53001 875// 333 60005 87629 90710 91106 93100=
07299,2008-05-22 05:00:00,10.6,1014.2,0.4,90,9,5000,7.408,7.408,,250,,,0,,,,,,,,og-post,,,,AAXX 22054 07299 22550 72504 10106 20090 39817 40142 53004 875// 333 60005 82630 85636 87650 90710 91104 93100=
07299,2008-05-22 06:00:00,10.9,1014.2,0.6,90,9.3,5000,3.704,7.408,,260,10.6,13.1,0,0,,,0,0,10,,og-post,,,,AAXX 22064 07299 02550 72602 10109 20093 39818 40142 51006 60002 875// 333 10131 20106 30010 55000 60007 70000 87630 90710 91104 93100 555 60005=
07299,2008-05-22 07:00:00,11.4,1014.5,0.7,87,9.3,5000,3.704,7.408,,320,,,0,,,,,,,,og-post,,,,AAXX 22074 07299 22550 83202 10114 20093 39821 40145 52007 875// 333 60005 87627 90710 91104 93100=
07299,2008-05-22 08:00:00,12.4,1014.4,0.4,85,10,5000,7.408,7.408,,330,,,0,,,,,,,,og-post,,,,AAXX 22084 07299 22550 83304 10124 20100 39821 40144 51004 875// 333 60005 86627 87650 90710 91104 93100=
07299,2008-05-22 09:00:00,13.3,1014.3,0.3,79,9.7,6000,3.704,11.112,,330,,,0,0,,,,,,,og-post,,,,AAXX 22094 07299 22456 83302 10133 20097 39821 40143 51003 878// 333 60007 81814 83627 87650 90710 91106 93100 555 60005=
07299,2008-05-22 10:00:00,14.2,1014.3,0.1,76,10,8000,3.704,14.816,,350,,,0,,,,,,,,og-post,,,,AAXX 22104 07299 22458 83502 10142 20100 39822 40143 53001 878// 333 60005 81816 87650 90710 91108 93100=
07299,2008-05-22 11:00:00,15.3,1014.1,0.1,72,10.3,9000,3.704,14.816,,40,,,0,,,,,,,,og-post,,,,AAXX 22114 07299 22559 80402 10153 20103 39822 40141 52001 878// 333 60005 81820 87656 90710 91108 93100=
07299,2008-05-22 12:00:00,15.5,1014,0.1,71,10.3,9000,7.408,18.52,,340,,,0,0,,,,,,,og-post,,,,AAXX 22124 07299 02559 83404 10155 20103 39821 40140 51001 60001 878// 333 60007 81820 87656 90710 91110 93100 555 60005=
07299,2008-05-22 13:00:00,15.5,1013.9,-0.2,71,10.3,11000,7.408,11.112,,340,,,0,,,,,,,,og-post,,,,AAXX 22134 07299 22561 83404 10155 20103 39820 40139 58002 878// 333 60005 81820 87650 90710 91106 93100=
07299,2008-05-22 14:00:00,16.3,1013.9,-0.1,67,10.2,15000,3.704,14.816,,20,,,0,,,,,,,,og-post,,,,AAXX 22144 07299 22565 80202 10163 20102 39821 40139 55001 878// 333 60005 81826 87656 90710 91108 93100=
07299,2008-05-22 15:00:00,17,1013.8,-0,65,10.4,16000,7.408,14.816,,340,,,0,0,,,,,,,og-post,,,,AAXX 22154 07299 22566 83404 10170 20104 39821 40138 55000 878// 333 60007 81826 87656 90710 91108 93100 555 60005=
07299,2008-05-22 16:00:00,16.6,1013.8,-0.1,62,9.3,16000,11.112,14.816,,10,,,0,,,,,,,,og-post,,,,AAXX 22164 07299 22566 80106 10166 20093 39820 40138 58001 878// 333 60005 81826 83656 87657 90710 91108 93100=
07299,2008-05-22 17:00:00,16,1013.8,-0.2,68,10.1,15000,11.112,18.52,,350,,,0,,,,,,,,og-post,,,,AAXX 22174 07299 22565 73506 10160 20101 39819 40138 58002 878// 333 60005 81826 87656 90710 91110 93100=
07299,2008-05-22 18:00:00,15.3,1014,-0,72,10.3,15000,7.408,18.52,,350,10.9,17.1,0,0,,,,,,,og-post,,,,AAXX 22184 07299 02765 73504 10153 20103 39821 40140 55000 60002 8153/ 333 10171 20109 60007 81656 87358 90710 91110 93100 555 60005=
07299,2008-05-22 19:00:00,14.1,1014.5,0.4,78,10.3,15000,7.408,14.816,,340,,,0,,,,,,,,og-post,,,,AAXX 22194 07299 22765 73404 10141 20103 39824 40145 53004 8153/ 333 60005 81656 87359 90710 91108 93100=
07299,2008-05-22 20:00:00,11.9,1015.1,0.9,87,9.8,12000,11.112,11.112,,310,,,0,,,,,,,,og-post,,,,AAXX 22204 07299 22962 73106 10119 20098 39828 40151 53009 8703/ 333 60005 87359 90710 91106 93100=
07299,2008-05-22 21:00:00,10.9,1015.3,0.7,89,9.2,12000,3.704,11.112,,290,,,0,0,,,,,,,og-post,,,,AAXX 22214 07299 22962 22902 10109 20092 39828 40153 51007 82030 333 60007 82359 90710 91106 93100 555 60005=
07299,2008-05-22 22:00:00,9.4,1015.2,0.2,93,8.3,10000,7.408,7.408,,240,,,0,,,,,,,,og-post,,,,AAXX 22224 07299 22660 32404 10094 20083 39826 40152 50002 82530 333 60005 82649 90710 91104 93100=
07299,2008-05-22 23:00:00,8.1,1015.2,-0.4,95,7.3,4000,3.704,11.112,,270,,,0,,,,,,,10,og-post,,,,AAXX 22234 07299 21740 72702 10081 20073 39824 40152 58004 71011 8153/ 333 60005 81650 87358 90710 91106 93100=
07299,2008-05-23 00:00:00,8.6,1014.9,-0.5,96,8,4000,3.704,3.704,,210,,,0,0,,,,,,10,og-post,,,,AAXX 23004 07299 01740 72102 10086 20080 39822 40149 58005 60001 71011 8153/ 333 60007 81650 87358 90710 91102 93100 555 60005=
07299,2008-05-23 01:00:00,8.6,1014.6,-0.7,96,8,6000,,3.704,,,,,0,,,,,,,,og-post,,,,AAXX 23014 07299 26/56 /0000 10086 20080 39819 40146 58007 333 60005 90710 91102=
07299,2008-05-23 02:00:00,8.9,1014.6,-0.5,96,8.3,3300,3.704,7.408,,330,,,0,,,,,,,,og-post,,,,AAXX 23024 07299 26/33 /3302 10089 20083 39819 40146 56005 333 60005 90710 91104=
07299,2008-05-23 03:00:00,9,1014.4,-0.5,97,8.5,4000,,3.704,,,,,0,0,,,,,,10,og-post,,,,AAXX 23034 07299 21940 70000 10090 20085 39817 40144 56005 71022 8703/ 333 60007 87358 90710 91102 93100 555 60005=
07299,2008-05-23 04:00:00,9,1014.4,-0.2,97,8.5,4000,,3.704,,,,,0,,,,,,,10,og-post,,,,AAXX 23044 07299 21940 70000 10090 20085 39817 40144 57002 71022 8703/ 333 60005 87358 90710 91102 93100=
07299,2008-05-23 05:00:00,8.5,1014.3,-0.3,97,8.1,4000,3.704,7.408,,240,,,0,,,,,,,10,og-post,,,,AAXX 23054 07299 21940 62402 10085 20081 39816 40143 56003 71022 86030 333 60005 86358 90710 91104 93100=
07299,2008-05-23 06:00:00,10.8,1014,-0.1,97,10.3,6000,,3.704,,,8.1,15.2,0,0,,,0,0.1,6,,og-post,,,,AAXX 23064 07299 02556 10000 10108 20103 39816 40140 57001 60002 81530 333 10152 20081 30006 55001 60007 70000 81620 90710 91102 93100 555 60005=
07299,2008-05-23 07:00:00,14.2,1013.4,-0.3,81,11,10000,7.408,11.112,,60,,,0,,,,,,,,og-post,,,,AAXX 23074 07299 22460 10604 10142 20110 39814 40134 58003 81801 333 60005 81813 90710 91106 93100=
07299,2008-05-23 08:00:00,16.3,1013.1,-0.3,74,11.7,10000,7.408,11.112,,80,,,0,,,,,,,,og-post,,,,AAXX 23084 07299 22460 20804 10163 20117 39813 40131 58003 81101 333 60005 81816 90710 91106 93100=
07299,2008-05-23 09:00:00,17.9,1012.6,-0.6,66,11.5,13000,7.408,14.816,,70,,,0,0,,,,,,,og-post,,,,AAXX 23094 07299 22563 30704 10179 20115 39810 40126 58006 81801 333 60007 81823 83075 90710 91108 93100 555 60005=
07299,2008-05-23 10:00:00,19.1,1012,-0.8,63,11.9,15000,7.408,14.816,,110,,,0,,,,,,,,og-post,,,,AAXX 23104 07299 22565 31104 10191 20119 39806 40120 58008 81801 333 60005 81830 83075 90710 91108 93100=
07299,2008-05-23 11:00:00,20.2,1011.6,-1,59,11.9,15000,7.408,22.224,,20,,,0,,,,,,,,og-post,,,,AAXX 23114 07299 22665 30204 10202 20119 39803 40116 57010 82801 333 60005 82833 83075 90710 91112 93100=
07299,2008-05-23 12:00:00,20.8,1011,-1.2,47,9.1,15000,7.408,22.224,,60,,,0,0,,,,,,,og-post,,,,AAXX 23124 07299 02665 40604 10208 20091 39797 40110 58012 60001 82231 333 60007 82840 83075 90710 91112 93100 555 60005=
07299,2008-05-23 13:00:00,21.8,1010.4,-1.3,47,10,15000,11.112,22.224,,350,,,0,,,,,,,,og-post,,,,AAXX 23134 07299 22665 53506 10218 20100 39793 40104 58013 83231 333 60005 83843 83075 90710 91112 93100=
07299,2008-05-23 14:00:00,21.7,1009.6,-1.8,42,8.2,15000,7.408,18.52,,80,,,0,,,,,,,,og-post,,,,AAXX 23144 07299 22765 40804 10217 20082 39785 40096 58018 82231 333 60005 82850 83075 90710 91110 93100=
07299,2008-05-23 15:00:00,22.4,1009,-1.8,40,8.1,15000,7.408,25.928,,340,,,0,0,,,,,,,og-post,,,,AAXX 23154 07299 22765 43404 10224 20081 39780 40090 57018 82231 333 60007 82856 83075 90710 91114 93100 555 60005=
07299,2008-05-23 16:00:00,22.3,1008.7,-1.6,41,8.4,15000,11.112,18.52,,350,,,0,,,,,,,,og-post,,,,AAXX 23164 07299 22765 33506 10223 20084 39777 40087 56016 81131 333 60005 81856 83075 90710 91110 93100=
07299,2008-05-23 17:00:00,21.8,1008.6,-1,42,8.3,15000,11.112,18.52,,350,,,0,,,,,,,,og-post,,,,AAXX 23174 07299 22765 33506 10218 20083 39775 40086 56010 81101 333 60005 81856 83075 90710 91110 93100=
07299,2008-05-23 18:00:00,19.7,1009.1,-0.1,49,8.7,20000,7.408,18.52,,360,11.1,22.8,0,0,,,,,,,og-post,,,,AAXX 23184 07299 02770 63604 10197 20087 39778 40091 55001 60002 81232 333 10228 20111 60007 81856 86075 90710 91110 93100 555 60005=
07299,2008-05-23 19:00:00,17.4,1009.5,0.2,56,8.5,28000,7.408,14.816,,360,,,0,,,,,,,,og-post,,,,AAXX 23194 07299 22778 73604 10174 20085 39779 40095 53002 81102 333 60005 81856 87073 90710 91108 93100=
07299,2008-05-23 20:00:00,14.4,1009.8,0.4,74,9.8,25000,7.408,14.816,,320,,,0,,,,,,,,og-post,,,,AAXX 23204 07299 22/75 73204 10144 20098 39779 40098 51004 80002 333 60005 87073 90710 91108 93100=
07299,2008-05-23 21:00:00,12.7,1010.1,0.2,80,9.3,25000,11.112,14.816,,310,,,0,0,,,,,,,og-post,,,,AAXX 23214 07299 22/75 53106 10127 20093 39780 40101 52002 80001 333 60007 85073 90710 91108 93100 555 60005=
07299,2008-05-23 22:00:00,12.5,1010.2,0.2,80,9.1,25000,11.112,18.52,,340,,,0,,,,,,,,og-post,,,,AAXX 23224 07299 22/75 63406 10125 20091 39781 40102 52002 80001 333 60005 86073 90710 91110 93100=
07299,2008-05-23 23:00:00,11.4,1010.6,0.4,85,9,20000,3.704,11.112,,340,,,0,,,,,,,,og-post,,,,AAXX 23234 07299 26/70 /3402 10114 20090 39783 40106 52004 333 60005 90710 91106=
07299,2008-05-24 00:00:00,12.1,1010.5,0.2,83,9.3,18000,3.704,7.408,,260,,,0,0,,,,,,,og-post,,,,AAXX 24004 07299 02868 72602 10121 20093 39783 40105 52002 60001 86031 333 60007 86358 86073 90710 91104 93100 555 60005=
07299,2008-05-24 01:00:00,12.9,1010.3,0.1,82,9.9,20000,3.704,7.408,,40,,,0,,,,,,,,og-post,,,,AAXX 24014 07299 26/70 /0402 10129 20099 39782 40103 50001 333 60005 90710 91104=
07299,2008-05-24 02:00:00,12.2,1010.2,-0.2,90,10.6,20000,,7.408,,,,,0,,,,,,,,og-post,,,,AAXX 24024 07299 26/70 /0000 10122 20106 39781 40102 58002 333 60005 90710 91104=
07299,2008-05-24 03:00:00,12.8,1009.8,-0.6,87,10.7,22000,3.704,3.704,,140,,,0,0,,,,,,,og-post,,,,AAXX 24034 07299 22972 71402 10128 20107 39777 40098 58006 8707/ 333 60007 87358 90710 91102 93100 555 60005=
07299,2008-05-24 04:00:00,11.9,1010,-0.4,92,10.6,23000,7.408,7.408,,320,,,0,,,,,,,,og-post,,,,AAXX 24044 07299 22873 73204 10119 20106 39778 40100 55004 8707/ 333 60005 87358 90710 91104 93100=
07299,2008-05-24 05:00:00,12.6,1010.1,-0.1,91,11.2,20000,3.704,7.408,,300,,,0,,,,,,,,og-post,,,,AAXX 24054 07299 22870 73002 10126 20112 39780 40101 55001 8707/ 333 60005 87357 90710 91104 93100=
07299,2008-05-24 06:00:00,13.8,1010,0.3,86,11.5,16000,3.704,11.112,,340,11.4,19.6,0,0,,,0,10.9,9,,og-post,,,,AAXX 24064 07299 02866 73402 10138 20115 39780 40100 51003 60002 81170 333 10196 20114 30009 55109 60007 70000 81856 87357 90710 91106 93100 555 60005=
07299,2008-05-24 07:00:00,14,1010,0.3,87,11.9,12000,3.704,11.112,,250,,,0.4,,,,,,,61,og-post,,,,AAXX 24074 07299 21562 82502 10140 20119 39781 40100 51003 76186 8289/ 333 69945 81830 87657 90710 91106 93100=
07299,2008-05-24 08:00:00,15.1,1009.9,0.1,85,12.6,15000,7.408,11.112,,120,,,0.4,,,,,,,21,og-post,,,,AAXX 24084 07299 21365 81204 10151 20126 39781 40099 52001 72162 8189/ 333 69945 81806 87358 90710 91106 93100=
07299,2008-05-24 09:00:00,16.6,1009.8,0.2,79,12.9,18000,7.408,18.52,,80,,,0,0.8,,,,,,15,og-post,,,,AAXX 24094 07299 21468 80804 10166 20129 39782 40098 52002 71586 8189/ 333 69987 81810 87357 90710 91110 93100 555 60005=
07299,2008-05-24 10:00:00,17.2,1009.5,-0.2,77,13.1,18000,7.408,14.816,,50,,,0,,,,,,,,og-post,,,,AAXX 24104 07299 22468 80504 10172 20131 39779 40095 58002 8119/ 333 60005 81815 87357 90710 91108 93100=
07299,2008-05-24 11:00:00,16.7,1009.6,-0.1,82,13.6,18000,7.408,11.112,,10,,,,,,,,,,25,og-post,,,,AAXX 24114 07299 21468 80104 10167 20136 39780 40096 57001 72586 8119/ 333 69905 81815 87357 90710 91106 93100=
07299,2008-05-24 12:00:00,16.5,1010,0.2,82,13.4,12000,7.408,11.112,,340,,,,,0.8,,,,,25,og-post,,,,AAXX 24124 07299 01562 83404 10165 20134 39784 40100 53002 69981 72586 8189/ 333 69907 81826 87357 90710 91106 93100 555 69905=
07299,2008-05-24 13:00:00,16.7,1009.6,0.1,83,13.8,10000,11.112,14.816,,10,,,,,,,,,,80,og-post,,,,AAXX 24134 07299 21560 80106 10167 20138 39780 40096 50001 78086 8189/ 333 69905 81826 87357 90710 91108 93100=
07299,2008-05-24 14:00:00,17,1009.4,-0.2,83,14.1,10000,7.408,14.816,,350,,,,,,,,,,25,og-post,,,,AAXX 24144 07299 21560 83504 10170 20141 39778 40094 58002 72586 8189/ 333 69905 81826 84357 87359 90710 91108 93100=
07299,2008-05-24 15:00:00,17.5,1008.7,-1.3,84,14.8,12000,11.112,18.52,,350,,,0,,,,,,,1,og-post,,,,AAXX 24154 07299 21762 73506 10175 20148 39772 40087 58013 70186 81872 333 69907 81650 85465 85073 90710 91110 93100 555 60005=
07299,2008-05-24 16:00:00,18.3,1008.2,-1.2,83,15.4,10000,11.112,18.52,,350,,,0,,,,,,,,og-post,,,,AAXX 24164 07299 22560 73506 10183 20154 39768 40082 58012 8119/ 333 60005 81823 87364 90710 91110 93100=
07299,2008-05-24 17:00:00,17.8,1007.9,-1.3,84,15.1,10000,14.816,18.52,,360,,,0,,,,,,,,og-post,,,,AAXX 24174 07299 22660 73608 10178 20151 39765 40079 56013 81192 333 60005 81833 85362 87071 90710 91110 93100=
07299,2008-05-24 18:00:00,16.9,1008.2,-0.4,87,14.7,9000,11.112,22.224,,30,13.9,18.7,,,,0.8,,,,80,og-post,,,,AAXX 24184 07299 01459 70306 10169 20147 39767 40082 55004 69982 78086 8239/ 333 10187 20139 69907 81811 81930 87359 90710 91112 93100 555 69905=
07299,2008-05-24 19:00:00,15.2,1008.7,0.3,91,13.7,7000,11.112,18.52,,350,,,0.2,,,,,,,25,og-post,,,,AAXX 24194 07299 21457 73506 10152 20137 39770 40087 53003 72586 8113/ 333 69925 81817 83650 87360 90710 91110 93100=
07299,2008-05-24 20:00:00,15,1009.9,1.6,94,14,7000,14.816,18.52,,250,,,0,,,,,,,,og-post,,,,AAXX 24204 07299 22457 72508 10150 20140 39781 40099 53016 8183/ 333 60005 81817 83650 87360 90710 91110 93100=
07299,2008-05-24 21:00:00,14.9,1009.4,0.9,95,14.1,3000,3.704,22.224,,140,,,1,1,,,,,,25,og-post,,,,AAXX 24214 07299 21630 71402 10149 20141 39776 40094 50009 72586 8353/ 333 60017 83646 87360 90710 91112 93100 555 60015=
07299,2008-05-24 22:00:00,14.3,1009.6,0.7,96,13.7,3000,7.408,11.112,,290,,,0,,,,,,,10,og-post,,,,AAXX 24224 07299 21330 72904 10143 20137 39777 40096 51007 71022 8573/ 333 60005 85709 87360 90710 91106 93100=
07299,2008-05-24 23:00:00,14.2,1010.5,0.5,97,13.7,2500,3.704,11.112,,240,,,0,,,,,,,10,og-post,,,,AAXX 24234 07299 21325 72402 10142 20137 39786 40105 53005 71022 8263/ 333 60005 82709 87360 90710 91106 93100=
07299,2008-05-25 00:00:00,14.5,1011.7,2.3,97,14,3500,7.408,14.816,,300,,,0.6,0.6,2,,,,,95,og-post,,,,AAXX 25004 07299 01435 73004 10145 20140 39798 40117 53023 60021 79598 8297/ 333 69967 81816 81926 83646 87360 90710 91108 93100 555 69965=
07299,2008-05-25 01:00:00,14.5,1011.7,1.9,97,14,2200,11.112,22.224,,70,,,3,,,,,,,,og-post,,,,AAXX 25014 07299 26/22 /0706 10145 20140 39798 40117 50019 333 60035 90710 91112=
07299,2008-05-25 02:00:00,14.5,1011.5,1,97,14,2400,7.408,18.52,,180,,,2,,,,,,,,og-post,,,,AAXX 25024 07299 26/24 /1804 10145 20140 39796 40115 50010 333 60025 90710 91110=
07299,2008-05-25 03:00:00,14,1011.5,-0.4,97,13.5,6000,7.408,11.112,,130,,,,5,,,,,,,og-post,,,,AAXX 25034 07299 26/56 /1304 10140 20135 39795 40115 56004 333 60057 90710 91106 555 69905=
07299,2008-05-25 04:00:00,12.7,1011.7,-0.1,97,12.2,1500,3.704,3.704,,110,,,,,,,,,,40,og-post,,,,AAXX 25044 07299 21715 61102 10127 20122 39796 40117 55001 74022 83531 333 69905 82650 85362 85075 90710 91102 93100=
07299,2008-05-25 05:00:00,12,1012.3,0.5,98,11.7,1100,,7.408,,,,,0,,,,,,,,og-post,,,,AAXX 25054 07299 26/11 /0000 10120 20117 39801 40123 53005 333 60005 90710 91104=
07299,2008-05-25 06:00:00,15.2,1013,1.6,97,14.7,6000,3.704,7.408,,110,11.2,16.8,,,,7,7.4,0.6,10,60,og-post,,,,AAXX 25064 07299 01456 61102 10152 20147 39811 40130 53016 60072 76096 81831 333 10168 20112 32010 55006 69907 70074 81810 85359 90710 91104 93100 555 69905=
07299,2008-05-25 07:00:00,15.1,1013.2,1.5,93,14,11000,14.816,22.224,,100,,,0.4,,,,,,,60,og-post,,,,AAXX 25074 07299 21461 61008 10151 20140 39813 40132 51015 76062 81881 333 69945 81815 83640 90710 91112 93100=
07299,2008-05-25 08:00:00,16.5,1013.1,1.2,90,14.9,17000,14.816,25.928,,110,,,,,,,,,,21,og-post,,,,AAXX 25084 07299 21467 71108 10165 20149 39814 40131 51012 72162 81831 333 69905 81816 83359 86075 90710 91114 93100=
07299,2008-05-25 09:00:00,18.8,1012.7,0,82,15.7,18000,18.52,29.632,,130,,,0,0.4,,,,,,3,og-post,,,,AAXX 25094 07299 21468 71310 10188 20157 39812 40127 50000 70362 81232 333 69947 81816 87075 90710 91116 93100 555 60005=
07299,2008-05-25 10:00:00,19.9,1012.6,0,70,14.3,30000,11.112,25.928,,100,,,0,,,,,,,,og-post,,,,AAXX 25104 07299 22580 71006 10199 20143 39812 40126 50000 81232 333 60005 81830 83361 87075 90710 91114 93100=
07299,2008-05-25 11:00:00,20.8,1011.9,-0.7,67,14.4,30000,14.816,29.632,,120,,,0,,,,,,,,og-post,,,,AAXX 25114 07299 22580 71208 10208 20144 39807 40119 58007 81232 333 60005 81830 83361 87075 90710 91116 93100=
07299,2008-05-25 12:00:00,22.3,1011.8,-0.5,58,13.6,30000,11.112,25.928,,120,,,0,0,0.4,,,,,2,og-post,,,,AAXX 25124 07299 01580 71206 10223 20136 39807 40118 57005 69941 70262 81232 333 60007 81830 83361 87075 90710 91114 93100 555 60005=
07299,2008-05-25 13:00:00,24.2,1010.8,-1.4,53,14,30000,14.816,25.928,,100,,,0,,,,,,,,og-post,,,,AAXX 25134 07299 22580 71008 10242 20140 39799 40108 58014 81232 333 60005 81830 87075 90710 91114 93100=
07299,2008-05-25 14:00:00,24,1010.3,-1.3,49,12.6,30000,11.112,31.484,,100,,,0,,,,,,,,og-post,,,,AAXX 25144 07299 22680 71006 10240 20126 39794 40103 58013 81232 333 60005 81840 87075 90710 91117 93100=
07299,2008-05-25 15:00:00,24.5,1009.7,-1.8,46,12.1,20000,14.816,35.188,,90,,,0,0,,,,,,,og-post,,,,AAXX 25154 07299 26/70 /0908 10245 20121 39789 40097 56018 333 60007 90710 91119 555 60005=
07299,2008-05-25 16:00:00,22.3,1009.8,-1,61,14.4,30000,11.112,25.928,,360,,,0,,,,,,,,og-post,,,,AAXX 25164 07299 22680 73606 10223 20144 39788 40098 56010 81232 333 60005 81843 87071 90710 91114 93100=
07299,2008-05-25 17:00:00,21.9,1009.4,-1,63,14.5,30000,11.112,29.632,,360,,,0,,,,,,,,og-post,,,,AAXX 25174 07299 22780 73606 10219 20145 39784 40094 56010 81532 333 60005 81650 87071 90710 91116 93100=
07299,2008-05-25 18:00:00,20.7,1009.9,-0.3,65,13.9,25000,7.408,18.52,,360,15.1,24.7,0,0,,0.4,,,,,og-post,,,,AAXX 25184 07299 02775 73604 10207 20139 39787 40099 55003 69942 8157/ 333 10247 20151 60007 81650 83358 87460 90710 91110 93100 555 60005=
07299,2008-05-25 19:00:00,19.2,1009.9,-0.2,77,15.1,25000,7.408,18.52,,350,,,0,,,,,,,,og-post,,,,AAXX 25194 07299 22875 83504 10192 20151 39786 40099 56002 8707/ 333 60005 83358 87460 90710 91110 93100=
07299,2008-05-25 20:00:00,19,1010.1,0.3,77,14.9,25000,7.408,18.52,,360,,,0,,,,,,,,og-post,,,,AAXX 25204 07299 22875 83604 10190 20149 39787 40101 51003 8707/ 333 60005 81358 85360 87464 90710 91110 93100=
07299,2008-05-25 21:00:00,17.4,1009.9,-0.2,85,14.9,25000,3.704,7.408,,320,,,0,0,,,,,,,og-post,,,,AAXX 25214 07299 22875 83202 10174 20149 39784 40099 58002 8707/ 333 60007 81358 85360 87464 90710 91104 93100 555 60005=
07299,2008-05-25 22:00:00,16.5,1009.8,-0.4,90,14.9,25000,3.704,7.408,,250,,,0,,,,,,,,og-post,,,,AAXX 25224 07299 22875 82502 10165 20149 39782 40098 58004 8707/ 333 60005 81358 84360 87463 90710 91104 93100=
07299,2008-05-25 23:00:00,15.9,1010.3,-0,92,14.6,18000,3.704,11.112,,300,,,0,,,,,,,15,og-post,,,,AAXX 25234 07299 21768 83002 10159 20146 39786 40103 55000 71522 8157/ 333 60005 81650 87360 90710 91106 93100=
07299,2008-05-26 00:00:00,16.8,1011.1,1.1,89,15,18000,7.408,14.816,,300,,,,,,,,,,80,og-post,,,,AAXX 26004 07299 01768 83004 10168 20150 39795 40111 53011 69901 78086 8159/ 333 69907 81650 87360 90710 91108 93100 555 69905=
07299,2008-05-26 01:00:00,16.8,1009.6,-0.2,93,15.7,16000,18.52,29.632,,110,,,0.4,,,,,,,,og-post,,,,AAXX 26014 07299 26/66 /1110 10168 20157 39780 40096 58002 333 69945 90710 91116=
07299,2008-05-26 02:00:00,16.2,1009,-1.3,91,14.7,20000,3.704,22.224,,200,,,,,,,,,,,og-post,,,,AAXX 26024 07299 26/70 /2002 10162 20147 39774 40090 58013 333 69905 90710 91112=
07299,2008-05-26 03:00:00,15.9,1009.9,-1.3,92,14.6,20000,11.112,25.928,,320,,,,0.4,,,,,,0,og-post,,,,AAXX 26034 07299 21770 83206 10159 20146 39782 40099 55013 70086 8159/ 333 69947 81650 83360 87465 90710 91114 93100 555 69905=
07299,2008-05-26 04:00:00,15.1,1009.8,-0.1,95,14.3,20000,7.408,14.816,,330,,,0,,,,,,,,og-post,,,,AAXX 26044 07299 22770 83304 10151 20143 39780 40098 56001 8159/ 333 60005 81650 83360 87465 90710 91108 93100=
07299,2008-05-26 05:00:00,15.2,1009.6,0.4,95,14.4,20000,3.704,18.52,,240,,,0,,,,,,,,og-post,,,,AAXX 26054 07299 22770 82402 10152 20144 39778 40096 50004 8159/ 333 60005 81656 87465 90710 91110 93100=
07299,2008-05-26 06:00:00,15.7,1010.4,0.6,95,14.9,20000,,11.112,,,14.9,20.7,0,0,,0.4,0.8,5.2,14,3,og-post,,,,AAXX 26064 07299 01770 80000 10157 20149 39787 40104 53006 69942 70386 8159/ 333 10207 20149 32014 55052 60007 70008 81656 83360 87465 90710 91106 93100 555 60005=
07299,2008-05-26 07:00:00,16.7,1011.4,1.7,93,15.6,20000,3.704,11.112,,150,,,0,,,,,,,,og-post,,,,AAXX 26074 07299 22770 81502 10167 20156 39798 40114 53017 8159/ 333 60005 81656 85360 87465 90710 91106 93100=
07299,2008-05-26 08:00:00,17.6,1011.6,2.2,88,15.6,20000,3.704,14.816,,10,,,0,,,,,,,,og-post,,,,AAXX 26084 07299 22670 80102 10176 20156 39801 40116 51022 8157/ 333 60005 81833 85360 87463 90710 91108 93100=
07299,2008-05-26 09:00:00,17.7,1013.3,3,92,16.4,9000,3.704,11.112,,210,,,0.4,0.4,,,,,,61,og-post,,,,AAXX 26094 07299 21659 82102 10177 20164 39817 40133 53030 76162 8557/ 333 69947 83633 85650 87359 90710 91106 93100 555 69945=
07299,2008-05-26 10:00:00,18.3,1012.1,0.7,90,16.6,11000,18.52,29.632,,120,,,0.6,,,,,,,21,og-post,,,,AAXX 26104 07299 21461 81210 10183 20166 39806 40121 50007 72162 8687/ 333 69965 81816 83636 85650 90710 91116 93100=
07299,2008-05-26 11:00:00,20.8,1010,-1.3,72,15.6,11000,14.816,35.188,,90,,,0,,,,,,,21,og-post,,,,AAXX 26114 07299 21561 70908 10208 20156 39788 40100 58013 72122 83832 333 60005 81820 83650 87073 90710 91119 93100=
07299,2008-05-26 12:00:00,22.7,,,66,16,20000,14.816,29.632,,110,,,0,0.6,1,,,,,1,og-post,,,,AAXX 26124 07299 01570 71108 10227 20160 3//// 4//// 60011 70162 83832 333 69967 82830 83650 85361 90710 91116 93100 555 60005=
07299,2008-05-26 13:00:00,23.8,1009.7,-1.7,64,16.6,20000,7.408,,,90,,,0,,,,,,,,og-post,,,,AAXX 26134 07299 22570 70904 10238 20166 39789 40097 54017 8487/ 333 6///5 82830 83650 85361 93100=
07299,2008-05-26 14:00:00,22.8,1009.6,-0.2,68,16.6,11000,11.112,14.816,,110,,,0.2,,,,,,,25,og-post,,,,AAXX 26144 07299 21561 71106 10228 20166 39787 40096 54002 72586 8486/ 333 69925 82830 82936 83650 87359 90710 91108 93100=
07299,2008-05-26 15:00:00,23,1007.9,,68,16.8,11000,11.112,18.52,,110,,,,0,,,,,,25,og-post,,,,AAXX 26154 07299 21561 71106 10230 20168 39770 40079 72586 8486/ 333 6///7 81830 81936 83650 87362 90710 91110 93100 555 69905=
07299,2008-05-26 16:00:00,23.8,1008.1,-1.6,62,16.1,15000,7.408,18.52,,120,,,0,,,,,,,,og-post,,,,AAXX 26164 07299 22665 71204 10238 20161 39773 40081 55016 83963 333 60005 82940 83650 85363 90710 91110 93100=
07299,2008-05-26 17:00:00,22.5,1008.1,-1.4,79,18.7,15000,14.816,25.928,,330,,,0,,,,,,,,og-post,,,,AAXX 26174 07299 22665 73308 10225 20187 39772 40081 56014 84963 333 60005 83940 83650 86362 90710 91114 93100=
07299,2008-05-26 18:00:00,20.7,1008.7,0.6,83,17.7,12000,14.816,29.632,,290,15.7,24.3,0,0,,0,,,,15,og-post,,,,AAXX 26184 07299 01662 72908 10207 20177 39776 40087 53006 6///2 71586 8496/ 333 10243 20157 60007 84940 87362 90710 91116 93100 555 60005=
07299,2008-05-26 19:00:00,19.2,1008.5,-0.2,89,17.3,12000,11.112,22.224,,350,,,,,,,,,,29,og-post,,,,AAXX 26194 07299 21662 73506 10192 20173 39772 40085 58002 72998 82332 333 69905 81940 84361 87071 90710 91112 93100=
07299,2008-05-26 20:00:00,17.8,1008.9,0.3,93,16.7,12000,7.408,14.816,,200,,,0,,,,,,,13,og-post,,,,AAXX 26204 07299 21662 72004 10178 20167 39775 40089 52003 71322 82332 333 60005 81940 85361 87071 90710 91108 93100=
07299,2008-05-26 21:00:00,18.1,1009.5,0.5,92,16.8,9000,14.816,25.928,,330,,,0.2,0.2,,,,,,80,og-post,,,,AAXX 26214 07299 21659 73308 10181 20168 39781 40095 53005 78098 83332 333 69927 81940 83650 86361 90710 91114 93100 555 69925=
07299,2008-05-26 22:00:00,17,1009.1,0.6,95,16.2,9000,11.112,18.52,,260,,,,,,,,,,25,og-post,,,,AAXX 26224 07299 21759 52606 10170 20162 39776 40091 50006 72586 81532 333 69905 81650 83361 90710 91110 93100=
07299,2008-05-26 23:00:00,16,1009.4,0,96,15.4,2500,3.704,11.112,,340,,,0,,,,,,,,og-post,,,,AAXX 26234 07299 26/25 /3402 10160 20154 39777 40094 50000 333 60005 90710 91106=
07299,2008-05-27 00:00:00,15.2,1009.6,-0.4,97,14.7,1800,3.704,7.408,,270,,,0,,0.2,,,,,,og-post,,,,AAXX 27004 07299 06/18 /2702 10152 20147 39778 40096 55004 69921 333 69907 90710 91104 555 60005=
07299,2008-05-27 01:00:00,15.4,1010.2,0.9,97,14.9,7000,3.704,7.408,,150,,,0,,,,,,,,og-post,,,,AAXX 27014 07299 26/57 /1502 10154 20149 39785 40102 53009 333 60005 90710 91104=
07299,2008-05-27 02:00:00,15.8,1011,1.7,97,15.3,7000,3.704,14.816,,210,,,0,,,,,,,,og-post,,,,AAXX 27024 07299 26/57 /2102 10158 20153 39793 40110 53017 333 60005 90710 91108=
07299,2008-05-27 03:00:00,15.7,1011.5,2,97,15.2,6000,3.704,7.408,,20,,,0,0,,,,,,,og-post,,,,AAXX 27034 07299 22756 70202 10157 20152 39797 40115 51020 8153/ 333 60007 81650 87361 90710 91104 93100 555 60005=
07299,2008-05-27 04:00:00,15.5,1011.4,1,97,15,6000,7.408,14.816,,90,,,0,,,,,,,11,og-post,,,,AAXX 27044 07299 21756 70904 10155 20150 39796 40114 50010 71122 81532 333 60005 81650 85361 86073 90710 91108 93100=
07299,2008-05-27 05:00:00,15.1,1010.9,-0.1,97,14.6,8000,7.408,11.112,,270,,,0,,,,,,,,og-post,,,,AAXX 27054 07299 22958 72704 10151 20146 39791 40109 58001 83032 333 60005 83361 86073 90710 91106 93100=
07299,2008-05-27 06:00:00,17.3,1010.2,-1,97,16.8,8000,3.704,7.408,,280,14.5,20.7,0,0,,0.2,,,12,,og-post,,,,AAXX 27064 07299 02958 72802 10173 20168 39787 40102 58010 69922 83032 333 10207 20145 31012 55/// 60007 7//// 83363 86071 90710 91104 93100 555 60005=
07299,2008-05-27 07:00:00,18.6,1010.1,-0.9,89,16.7,9000,7.408,11.112,,320,,,0,,,,,,,,og-post,,,,AAXX 27074 07299 22959 73204 10186 20167 39787 40101 56009 84032 333 60005 84363 86071 90710 91106 93100=
07299,2008-05-27 08:00:00,21.1,1009,-1.3,78,17.1,10000,3.704,11.112,,50,,,0,,,,,,,,og-post,,,,AAXX 27084 07299 22460 70502 10211 20171 39779 40090 58013 83132 333 60005 81815 83363 86071 90710 91106 93100=
07299,2008-05-27 09:00:00,20.9,1009.1,-0.7,80,17.3,12000,14.816,18.52,,340,,,0,0,,,,,,,og-post,,,,AAXX 27094 07299 22562 73408 10209 20173 39780 40091 55007 84172 333 60007 81820 84363 86073 90710 91110 93100 555 60005=
07299,2008-05-27 10:00:00,20.1,1009,-0.9,82,16.9,15000,11.112,22.224,,350,,,0,,,,,,,,og-post,,,,AAXX 27104 07299 22565 73506 10201 20169 39778 40090 56009 84172 333 60005 81824 84360 86073 90710 91112 93100=
07299,2008-05-27 11:00:00,20.3,1008.6,-0.5,82,17.1,15000,11.112,18.52,,350,,,0,,,,,,,,og-post,,,,AAXX 27114 07299 22565 73506 10203 20171 39775 40086 58005 84172 333 60005 81830 84360 86073 90710 91110 93100=
07299,2008-05-27 12:00:00,20.9,1007.5,-1.6,82,17.7,12000,11.112,18.52,,360,,,0,0,,,,,,,og-post,,,,AAXX 27124 07299 02562 73606 10209 20177 39765 40075 58016 60001 83172 333 60007 81830 83360 86073 90710 91110 93100 555 60005=
07299,2008-05-27 13:00:00,21.7,1006.7,-2,83,18.7,12000,11.112,18.52,,340,,,0,,,,,,,,og-post,,,,AAXX 27134 07299 22762 73406 10217 20187 39758 40067 58020 83172 333 60005 81850 83360 86073 90710 91110 93100=
07299,2008-05-27 14:00:00,23.6,1006.1,-1.9,81,20.1,12000,14.816,25.928,,340,,,0,,,,,,,,og-post,,,,AAXX 27144 07299 22762 53408 10236 20201 39754 40061 56019 81132 333 60005 81850 85073 90710 91114 93100=
07299,2008-05-27 15:00:00,25,1004.8,-2.1,73,19.8,15000,14.816,25.928,,350,,,0,0,,,,,,,og-post,,,,AAXX 27154 07299 22765 43508 10250 20198 39743 40048 58021 81182 333 60007 81850 84073 90710 91114 93100 555 60005=
07299,2008-05-27 16:00:00,25.9,1004.2,-2.1,72,20.5,15000,14.816,29.632,,340,,,0,,,,,,,,og-post,,,,AAXX 27164 07299 22865 33408 10259 20205 39738 40042 57021 81082 333 60005 81358 83073 90710 91116 93100=
07299,2008-05-27 17:00:00,24.2,1003.8,-2.1,80,20.5,12000,14.816,22.224,,340,,,0,,,,,,,,og-post,,,,AAXX 27174 07299 22862 63408 10242 20205 39733 40038 56021 81082 333 60005 81358 86073 90710 91112 93100=
07299,2008-05-27 18:00:00,23.6,1003.5,-1.4,80,19.9,12000,11.112,25.928,,330,17.4,25.9,0,0,,,,,,,og-post,,,,AAXX 27184 07299 02962 63306 10236 20199 39729 40035 56014 60002 81082 333 10259 20174 60007 81364 86073 90710 91114 93100 555 60005=
07299,2008-05-27 19:00:00,22.5,1002.9,-1.6,82,19.3,10000,7.408,18.52,,330,,,0,,,,,,,,og-post,,,,AAXX 27194 07299 22960 63304 10225 20193 39722 40029 58016 83082 333 60005 83364 86073 90710 91110 93100=
07299,2008-05-27 20:00:00,21.2,1003.6,-0.5,70,15.5,11000,3.704,11.112,,120,,,0,,,,,,,,og-post,,,,AAXX 27204 07299 22961 61202 10212 20155 39727 40036 55005 83082 333 60005 83364 86073 90710 91106 93100=
07299,2008-05-27 21:00:00,24.3,1002.9,-0.6,42,10.6,12000,11.112,22.224,,100,,,0,0,,,,,,,og-post,,,,AAXX 27214 07299 22962 71006 10243 20106 39723 40029 56006 83082 333 60007 84364 86073 90710 91112 93100 555 60005=
07299,2008-05-27 22:00:00,24.5,1003.4,0.4,40,10,12000,11.112,22.224,,90,,,0,,,,,,,,og-post,,,,AAXX 27224 07299 22962 70906 10245 20100 39728 40034 52004 82082 333 60005 82364 86073 90710 91112 93100=
07299,2008-05-27 23:00:00,23.5,1003.3,-0.2,43,10.2,12000,14.816,31.484,,110,,,0,,,,,,,,og-post,,,,AAXX 27234 07299 22962 71108 10235 20102 39726 40033 56002 82082 333 60005 82364 86073 90710 91117 93100=
07299,2008-05-28 00:00:00,21.3,1003.6,0.5,51,10.8,12000,11.112,25.928,,180,,,0,0,,,,,,,og-post,,,,AAXX 28004 07299 02962 71806 10213 20108 39726 40036 51005 60001 82082 333 60007 82364 86073 90710 91114 93100 555 60005=
07299,2008-05-28 01:00:00,16.3,1004.5,0.3,79,12.7,20000,3.704,14.816,,160,,,0,,,,,,,,og-post,,,,AAXX 28014 07299 26/70 /1602 10163 20127 39730 40045 53003 333 60005 90710 91108=
07299,2008-05-28 02:00:00,15.2,1005,0.8,81,12,20000,3.704,14.816,,220,,,0,,,,,,,,og-post,,,,AAXX 28024 07299 26/70 /2202 10152 20120 39734 40050 53008 333 60005 90710 91108=
07299,2008-05-28 03:00:00,20.4,1006.1,2.3,67,14.1,20000,31.484,53.708,53.708,270,,,0,0,,,,,,,og-post,,,,AAXX 28034 07299 22970 72717 10204 20141 39750 40061 53023 82032 333 60007 82365 86073 91029 90710 91129 93100 555 60005=
07299,2008-05-28 04:00:00,18.8,1007.6,3.4,77,14.7,15000,14.816,42.596,,270,,,0,,,,,,,,og-post,,,,AAXX 28044 07299 22965 72708 10188 20147 39763 40076 53034 82032 333 60005 82365 87073 90710 91123 93100=
07299,2008-05-28 05:00:00,18.5,1008.8,4.1,81,15.2,12000,18.52,35.188,,230,,,0,,,,,,,,og-post,,,,AAXX 28054 07299 22962 62310 10185 20152 39774 40088 51041 83082 333 60005 83363 85073 90710 91119 93100=
07299,2008-05-28 06:00:00,19.2,1009.4,3,81,15.9,12000,14.816,31.484,,230,14.9,25.1,0,0,,,0,3.2,12,,og-post,,,,AAXX 28064 07299 02962 62308 10192 20159 39781 40094 51030 60002 83082 333 10251 20149 30012 55032 60007 70000 83363 85073 90710 91117 93100 555 60005=
07299,2008-05-28 07:00:00,20,1010.3,2.6,74,15.2,16000,22.224,38.892,,270,,,0,,,,,,,,og-post,,,,AAXX 28074 07299 22466 62712 10200 20152 39790 40103 51026 83881 333 60005 81818 83641 85076 90710 91121 93100=
07299,2008-05-28 08:00:00,20.5,1010.6,1.8,70,14.8,20000,22.224,46.3,,280,,,0,,,,,,,,og-post,,,,AAXX 28084 07299 22570 62812 10205 20148 39794 40106 51018 83831 333 60005 81823 83643 90710 91125 93100=
07299,2008-05-28 09:00:00,20.2,1010.9,1.4,69,14.3,20000,29.632,46.3,,280,,,0,0,,,,,,,og-post,,,,AAXX 28094 07299 22570 62816 10202 20143 39796 40109 51014 85831 333 60007 81826 85643 85076 90710 91125 93100 555 60005=
07299,2008-05-28 10:00:00,22.2,1011.2,1.1,63,14.8,25000,25.928,46.3,,280,,,0,,,,,,,,og-post,,,,AAXX 28104 07299 22575 62814 10222 20148 39801 40112 53011 84831 333 60005 81830 84641 85076 90710 91125 93100=
07299,2008-05-28 11:00:00,22.9,1011.5,1.2,64,15.7,25000,22.224,35.188,,270,,,0,,,,,,,,og-post,,,,AAXX 28114 07299 22575 62712 10229 20157 39805 40115 53012 83841 333 60005 81831 83641 85078 90710 91119 93100=
07299,2008-05-28 12:00:00,22.9,1011.9,1.2,65,16,30000,22.224,42.596,,280,,,0,0,,,,,,,og-post,,,,AAXX 28124 07299 02580 72812 10229 20160 39809 40119 51012 60001 85841 333 60007 81832 85641 85078 90710 91123 93100 555 60005=
07299,2008-05-28 13:00:00,23.3,1012,0.9,60,15.1,35000,22.224,35.188,,260,,,0,,,,,,,,og-post,,,,AAXX 28134 07299 22681 72612 10233 20151 39810 40120 51009 86801 333 60005 81835 86643 85078 90710 91119 93100=
07299,2008-05-28 14:00:00,23.1,1012.1,0.5,58,14.4,35000,18.52,35.188,,260,,,0,,,,,,,,og-post,,,,AAXX 28144 07299 22681 72610 10231 20144 39811 40121 51005 86801 333 60005 81836 86645 90710 91119 93100=
07299,2008-05-28 15:00:00,23.6,1011.8,0.1,60,15.4,35000,11.112,29.632,,260,,,0,0,,,,,,,og-post,,,,AAXX 28154 07299 22681 52606 10236 20154 39809 40118 50001 82831 333 60007 81840 84362 90710 91116 93100 555 60005=
07299,2008-05-28 16:00:00,23.8,1011.3,-0.6,61,15.8,30000,14.816,22.224,,280,,,0,,,,,,,,og-post,,,,AAXX 28164 07299 22680 52808 10238 20158 39804 40113 58006 81181 333 60005 81846 85078 90710 91112 93100=
07299,2008-05-28 17:00:00,22.7,1011.7,-0.3,69,16.7,30000,11.112,22.224,,260,,,0,,,,,,,,og-post,,,,AAXX 28174 07299 22680 62606 10227 20167 39807 40117 55003 81181 333 60005 81848 86078 90710 91112 93100=
07299,2008-05-28 18:00:00,21.5,1011.5,-0.5,76,17.1,25000,7.408,22.224,,280,19.3,24.7,0,0,,,,,,,og-post,,,,AAXX 28184 07299 02775 72804 10215 20171 39804 40115 56005 60002 81131 333 10247 20193 60007 81850 87076 90710 91112 93100 555 60005=
07299,2008-05-28 19:00:00,19.8,1011.7,0,80,16.2,25000,7.408,11.112,,280,,,0,,,,,,,,og-post,,,,AAXX 28194 07299 22975 52804 10198 20162 39804 40117 50000 81031 333 60005 81362 85075 90710 91106 93100=
07299,2008-05-28 20:00:00,19.8,1011.4,-0.6,76,15.4,20000,14.816,18.52,,340,,,0,,,,,,,,og-post,,,,AAXX 28204 07299 22770 73408 10198 20154 39801 40114 57006 82531 333 60005 82650 86075 90710 91110 93100=
07299,2008-05-28 21:00:00,20.3,1011.2,-0.5,72,15.1,20000,14.816,22.224,,350,,,0,0,,,,,,,og-post,,,,AAXX 28214 07299 22770 73508 10203 20151 39799 40112 58005 83501 333 60007 83650 87075 90710 91112 93100 555 60005=
07299,2008-05-28 22:00:00,19.2,1011.1,-0.6,77,15.1,20000,11.112,25.928,,350,,,0,,,,,,,,og-post,,,,AAXX 28224 07299 26/70 /3506 10192 20151 39797 40111 56006 333 60005 90710 91114=
07299,2008-05-28 23:00:00,17.4,1011.1,-0.6,85,14.9,20000,7.408,14.816,,290,,,0,,,,,,,,og-post,,,,AAXX 28234 07299 22670 72904 10174 20149 39795 40111 58006 82501 333 60005 82646 87075 90710 91108 93100=
07299,2008-05-29 00:00:00,17,1010.1,-1.4,86,14.6,20000,7.408,18.52,,340,,,0,0,,,,,,,og-post,,,,AAXX 29004 07299 02670 73404 10170 20146 39785 40101 58014 60001 82501 333 60007 82646 87075 90710 91110 93100 555 60005=
07299,2008-05-29 01:00:00,16.1,1009.7,-1.7,89,14.3,20000,7.408,11.112,,310,,,0,,,,,,,,og-post,,,,AAXX 29014 07299 26/70 /3104 10161 20143 39780 40097 57017 333 60005 90710 91106=
07299,2008-05-29 02:00:00,16.1,1009.6,-1.5,91,14.6,20000,3.704,11.112,,250,,,0,,,,,,,,og-post,,,,AAXX 29024 07299 26/70 /2502 10161 20146 39779 40096 56015 333 60005 90710 91106=
07299,2008-05-29 03:00:00,16.3,1008.9,-1.2,91,14.8,15000,3.704,14.816,,280,,,0,0,,,,,,,og-post,,,,AAXX 29034 07299 22765 72802 10163 20148 39773 40089 58012 8157/ 333 60007 81650 87361 90710 91108 93100 555 60005=
07299,2008-05-29 04:00:00,16.1,1008.8,-0.9,92,14.8,15000,7.408,11.112,,250,,,0,,,,,,,,og-post,,,,AAXX 29044 07299 22765 72504 10161 20148 39772 40088 56009 8157/ 333 60005 81650 87362 90710 91106 93100=
07299,2008-05-29 05:00:00,17.2,1009.2,-0,88,15.2,15000,11.112,22.224,,250,,,0,,,,,,,,og-post,,,,AAXX 29054 07299 22765 72506 10172 20152 39777 40092 55000 8157/ 333 60005 81650 87363 90710 91112 93100=
07299,2008-05-29 06:00:00,17.6,1009.8,1.1,86,15.2,20000,11.112,29.632,,250,15.6,21.5,0,0,,,0,6,14,,og-post,,,,AAXX 29064 07299 02770 72506 10176 20152 39783 40098 53011 60002 8157/ 333 10215 20156 30014 55060 60007 70000 81650 87363 90710 91116 93100 555 60005=
07299,2008-05-29 07:00:00,19.1,1009.7,1.1,83,16.1,20000,14.816,25.928,,240,,,0,,,,,,,,og-post,,,,AAXX 29074 07299 26/70 /2408 10191 20161 39784 40097 51011 333 60005 90710 91114=
07299,2008-05-29 08:00:00,20.7,1009.7,0.7,76,16.3,15000,11.112,18.52,,200,,,0,,,,,,,,og-post,,,,AAXX 29084 07299 22465 72006 10207 20163 39785 40097 51007 8383/ 333 60005 81813 83641 86363 90710 91110 93100=
07299,2008-05-29 09:00:00,22,1009.3,0,76,17.6,15000,14.816,22.224,,250,,,0,0,,,,,,,og-post,,,,AAXX 29094 07299 22665 72508 10220 20176 39783 40093 50000 82531 333 60007 82641 84362 85075 90710 91112 93100 555 60005=
07299,2008-05-29 10:00:00,23.1,1008.7,-0.4,73,18,15000,14.816,29.632,,250,,,0,,,,,,,,og-post,,,,AAXX 29104 07299 22565 72508 10231 20180 39779 40087 58004 82831 333 60005 81823 86075 90710 91116 93100=
07299,2008-05-29 11:00:00,24.2,1008.7,-0.5,70,18.4,18000,18.52,31.484,,240,,,0,,,,,,,,og-post,,,,AAXX 29114 07299 22668 72410 10242 20184 39780 40087 55005 81132 333 60005 81833 87075 90710 91117 93100=
07299,2008-05-29 12:00:00,24.7,1008.2,-0.9,65,17.7,18000,11.112,25.928,,250,,,0,0,,,,,,,og-post,,,,AAXX 29124 07299 02668 72506 10247 20177 39775 40082 58009 60001 81232 333 60007 81836 83365 87075 90710 91114 93100 555 60005=
07299,2008-05-29 13:00:00,24.2,1007.8,-0.8,67,17.7,18000,11.112,22.224,,270,,,0,,,,,,,,og-post,,,,AAXX 29134 07299 22668 72706 10242 20177 39771 40078 58008 81232 333 60005 81836 83365 87075 90710 91112 93100=
07299,2008-05-29 14:00:00,23.7,1007.4,-1.3,71,18.1,15000,3.704,14.816,,280,,,0,,,,,,,,og-post,,,,AAXX 29144 07299 22665 72802 10237 20181 39767 40074 56013 8123/ 333 60005 81840 87362 90710 91108 93100=
07299,2008-05-29 15:00:00,24.4,1007.5,-0.6,67,17.9,15000,3.704,11.112,,290,,,0,0,,,,,,,og-post,,,,AAXX 29154 07299 22665 72902 10244 20179 39768 40075 55006 81231 333 60007 81843 85363 87075 90710 91106 93100 555 60005=
07299,2008-05-29 16:00:00,24.2,1007.1,-0.7,71,18.6,15000,7.408,11.112,,280,,,0,,,,,,,,og-post,,,,AAXX 29164 07299 22665 72804 10242 20186 39764 40071 57007 8123/ 333 60005 81843 87363 90710 91106 93100=
07299,2008-05-29 17:00:00,22.3,1007,-0.6,78,18.3,15000,11.112,22.224,,270,,,0,,,,,,,,og-post,,,,AAXX 29174 07299 22665 72706 10223 20183 39761 40070 58006 8123/ 333 60005 81846 87363 90710 91112 93100=
07299,2008-05-29 18:00:00,21.6,1006.9,-0.9,76,17.2,15000,22.224,31.484,,270,17.6,24.9,0,0,,,,,,15,og-post,,,,AAXX 29184 07299 01765 72712 10216 20172 39759 40069 56009 60002 71522 8123/ 333 10249 20176 60007 81850 83357 87360 90710 91117 93100 555 60005=
07299,2008-05-29 19:00:00,19.8,1008.7,1.1,87,17.6,6000,18.52,35.188,,220,,,1,,,,,,,95,og-post,,,,AAXX 29194 07299 21656 82210 10198 20176 39775 40087 53011 79598 8296/ 333 60015 84835 83946 87361 90710 91119 93100=
07299,2008-05-29 20:00:00,18.6,1008.4,0.9,93,17.4,13000,7.408,31.484,,220,,,1,,,,,,,17,og-post,,,,AAXX 29204 07299 21463 72204 10186 20174 39771 40084 50009 71799 8296/ 333 60015 81810 82946 83357 86363 90710 91117 93100=
07299,2008-05-29 21:00:00,18.9,1008.7,1.5,93,17.7,12000,3.704,18.52,,330,,,0.2,3,,,,,,95,og-post,,,,AAXX 29214 07299 21462 73302 10189 20177 39774 40087 51015 79598 8596/ 333 60037 81811 85625 81946 87361 90710 91110 93100 555 69925=
07299,2008-05-29 22:00:00,18.1,1008.1,-0.8,93,16.9,15000,14.816,25.928,,250,,,,,,,,,,29,og-post,,,,AAXX 29224 07299 21465 72508 10181 20169 39767 40081 58008 72998 83863 333 69905 81811 83625 85363 90710 91114 93100=
07299,2008-05-29 23:00:00,18.3,1008.3,-0.1,91,16.8,18000,14.816,25.928,,250,,,0,,,,,,,,og-post,,,,AAXX 29234 07299 22468 72508 10183 20168 39769 40083 58001 86802 333 60005 81810 85621 85632 90710 91114 93100=
07299,2008-05-30 00:00:00,18.3,1008.4,-0.4,89,16.5,17000,14.816,29.632,,260,,,0,,3,,,,,1,og-post,,,,AAXX 30004 07299 01467 72608 10183 20165 39770 40084 55004 60031 70198 878// 333 69907 81810 87624 90710 91116 93100 555 60005=
07299,2008-05-30 01:00:00,18.2,1008.8,0.7,88,16.2,20000,3.704,22.224,,200,,,0,,,,,,,,og-post,,,,AAXX 30014 07299 26/70 /2002 10182 20162 39774 40088 53007 333 60005 90710 91112=
07299,2008-05-30 02:00:00,17.7,1009,0.6,87,15.5,20000,7.408,14.816,,250,,,0,,,,,,,,og-post,,,,AAXX 30024 07299 26/70 /2504 10177 20155 39775 40090 52006 333 60005 90710 91108=
07299,2008-05-30 03:00:00,17.6,1009.3,0.9,86,15.2,20000,7.408,18.52,,250,,,0,0,,,,,,,og-post,,,,AAXX 30034 07299 22470 72504 10176 20152 39778 40093 52009 875// 333 60007 85616 86645 90710 91110 93100 555 60005=
07299,2008-05-30 04:00:00,17.4,1009.9,1,88,15.4,23000,7.408,22.224,,180,,,0,,,,,,,,og-post,,,,AAXX 30044 07299 22473 71804 10174 20154 39784 40099 53010 875// 333 60005 81710 86645 90710 91112 93100=
07299,2008-05-30 05:00:00,17.5,1010.5,1.5,87,15.3,8000,7.408,18.52,,170,,,0,,,,,,,16,og-post,,,,AAXX 30054 07299 21458 71704 10175 20153 39790 40105 53015 71622 875// 333 60005 81713 86645 90710 91110 93100=
07299,2008-05-30 06:00:00,17.7,1010.4,1,89,15.9,15000,11.112,18.52,,200,17.4,21.5,,,,3,2.6,4,16,25,og-post,,,,AAXX 30064 07299 01465 72006 10177 20159 39789 40104 50010 60032 72586 8387/ 333 10215 20174 32016 55040 69907 70026 81815 83645 86357 90710 91110 93100 555 69905=
07299,2008-05-30 07:00:00,19.4,1009.8,0.1,82,16.2,20000,18.52,29.632,,240,,,0,,,,,,,,og-post,,,,AAXX 30074 07299 22470 52410 10194 20162 39785 40098 50001 81831 333 60005 81811 83357 90710 91116 93100=
07299,2008-05-30 08:00:00,19.5,1009.9,-0.4,80,16,20000,11.112,29.632,,240,,,0,,,,,,,,og-post,,,,AAXX 30084 07299 22470 72406 10195 20160 39786 40099 55004 878// 333 60005 83818 85625 90710 91116 93100=
07299,2008-05-30 09:00:00,20.8,1009.6,-0.3,76,16.4,20000,3.704,14.816,,360,,,0,0,,,,,,,og-post,,,,AAXX 30094 07299 22570 73602 10208 20164 39785 40096 55003 878// 333 60007 83821 87628 90710 91108 93100 555 60005=
07299,2008-05-30 10:00:00,22,1009.5,0,71,16.5,20000,3.704,14.816,,290,,,0,,,,,,,,og-post,,,,AAXX 30104 07299 22570 72902 10220 20165 39785 40095 50000 878// 333 60005 83821 85628 90710 91108 93100=
07299,2008-05-30 11:00:00,22.9,1009.1,-0.3,69,16.9,20000,11.112,18.52,,330,,,0,,,,,,,,og-post,,,,AAXX 30114 07299 22570 53306 10229 20169 39782 40091 58003 83831 333 60005 82828 83361 90710 91110 93100=
07299,2008-05-30 12:00:00,23.8,1008.7,-0.7,64,16.6,20000,7.408,18.52,,330,,,0,0,,,,,,,og-post,,,,AAXX 30124 07299 02670 63304 10238 20166 39779 40087 58007 60001 83232 333 60007 83836 83363 90710 91110 93100 555 60005=
07299,2008-05-30 13:00:00,23.8,1008.4,-0.9,62,16.1,20000,7.408,18.52,,300,,,0,,,,,,,,og-post,,,,AAXX 30134 07299 22670 73004 10238 20161 39776 40084 57009 82235 333 60005 81836 87270 90710 91110 93100=
07299,2008-05-30 14:00:00,24.8,1007.7,-1.2,59,16.2,20000,7.408,18.52,,350,,,0,,,,,,,,og-post,,,,AAXX 30144 07299 22670 73504 10248 20162 39770 40077 58012 82232 333 60005 82836 87070 90710 91110 93100=
07299,2008-05-30 15:00:00,25.3,1007.5,-0.9,63,17.7,20000,11.112,18.52,,330,,,0,0,,,,,,,og-post,,,,AAXX 30154 07299 22670 53306 10253 20177 39769 40075 56009 81232 333 60007 81840 85070 90710 91110 93100 555 60005=
07299,2008-05-30 16:00:00,25.1,1007.4,-0.8,62,17.3,20000,14.816,22.224,,360,,,0,,,,,,,,og-post,,,,AAXX 30164 07299 22670 63608 10251 20173 39768 40074 56008 81232 333 60005 81836 86071 90710 91112 93100=
07299,2008-05-30 17:00:00,24.1,1006.9,-1,65,17.1,10000,14.816,25.928,,10,,,0,,,,,,,15,og-post,,,,AAXX 30174 07299 21560 40108 10241 20171 39762 40069 58010 71511 82903 333 60005 81823 81930 90710 91114 93100=
07299,2008-05-30 18:00:00,17.5,1010.9,2.3,78,13.6,7000,29.632,57.412,50.004,290,17.4,25.3,0,0,,,,,,17,og-post,,,,AAXX 30184 07299 01457 72916 10175 20136 39793 40109 53023 60002 71791 879// 333 10253 20174 60007 81810 85933 87646 91027 90710 91131 93100 555 60005=
07299,2008-05-30 19:00:00,15.8,1011.9,3.3,94,14.8,8000,11.112,42.596,,260,,,3,,,,,,,95,og-post,,,,AAXX 30194 07299 21458 82606 10158 20148 39801 40119 53033 79599 8697/ 333 60035 81810 84933 87357 90710 91123 93100=
07299,2008-05-30 20:00:00,15.9,1012.5,4.6,91,14.4,15000,7.408,22.224,,170,,,2,,,,,,,95,og-post,,,,AAXX 30204 07299 21465 71704 10159 20144 39807 40125 51046 79599 8697/ 333 60025 81816 82933 83640 87362 90710 91112 93100=
07299,2008-05-30 21:00:00,16.2,1013.4,2.2,91,14.7,15000,11.112,14.816,,160,,,0,5,,,,,,1,og-post,,,,AAXX 30214 07299 21465 71606 10162 20147 39816 40134 53022 70198 8187/ 333 60057 81816 83359 87362 90710 91108 93100 555 60005=
07299,2008-05-30 22:00:00,16.3,1013.2,1.5,94,15.3,15000,7.408,11.112,,140,,,0,,,,,,,,og-post,,,,AAXX 30224 07299 22565 71404 10163 20153 39815 40132 50015 875// 333 60005 85627 87633 90710 91106 93100=
07299,2008-05-30 23:00:00,15.7,1013.3,0.8,94,14.7,15000,7.408,14.816,,160,,,0,,,,,,,,og-post,,,,AAXX 30234 07299 22665 51604 10157 20147 39815 40133 51008 85500 333 60005 85633 90710 91108 93100=
07299,2008-05-31 00:00:00,14.8,1013.3,-0.2,95,14,15000,3.704,11.112,,250,,,0,0,5,,,,,3,og-post,,,,AAXX 31004 07299 01665 72502 10148 20140 39814 40133 57002 60051 70398 8353/ 333 60007 83633 87363 90710 91106 93100 555 60005=
07299,2008-05-31 01:00:00,14.5,1013.7,0.2,97,14,19000,3.704,11.112,,190,,,0,,,,,,,,og-post,,,,AAXX 31014 07299 26/69 /1902 10145 20140 39817 40137 53002 333 60005 90710 91106=
07299,2008-05-31 02:00:00,14.1,1013.8,0.3,96,13.5,10000,3.704,11.112,,270,,,0,,,,,,,,og-post,,,,AAXX 31024 07299 26/60 /2702 10141 20135 39818 40138 53003 333 60005 90710 91106=
07299,2008-05-31 03:00:00,14.3,1014.1,0.7,97,13.8,15000,3.704,11.112,,200,,,0,0,,,,,,,og-post,,,,AAXX 31034 07299 22465 72002 10143 20138 39821 40141 52007 8583/ 333 60007 81816 85650 87361 90710 91106 93100 555 60005=
07299,2008-05-31 04:00:00,14.4,1014.3,0.6,97,13.9,15000,,7.408,,,,,0,,,,,,,,og-post,,,,AAXX 31044 07299 22465 70000 10144 20139 39823 40143 53006 8583/ 333 60005 81816 85650 87361 90710 91104 93100=
07299,2008-05-31 05:00:00,14.8,1014.6,0.8,97,14.3,15000,3.704,7.408,,170,,,0,,,,,,,,og-post,,,,AAXX 31054 07299 22465 71702 10148 20143 39826 40146 52008 8583/ 333 60005 81816 85650 87361 90710 91104 93100=
07299,2008-05-31 06:00:00,15.6,1014.9,0.9,96,15,15000,3.704,14.816,,160,13.8,17.4,0,0,,5,5.2,5.5,13,,og-post,,,,AAXX 31064 07299 02465 71602 10156 20150 39830 40149 53009 60052 8383/ 333 10174 20138 32013 55055 60007 70052 81816 83650 87361 90710 91108 93100 555 60005=
07299,2008-05-31 07:00:00,16.3,1015.1,1,94,15.3,20000,7.408,11.112,,180,,,0.2,,,,,,,,og-post,,,,AAXX 31074 07299 26/70 /1804 10163 20153 39833 40151 52010 333 69925 90710 91106=
07299,2008-05-31 08:00:00,17,1015.1,0.8,90,15.3,15000,7.408,14.816,,140,,,,,,,,,,60,og-post,,,,AAXX 31084 07299 21565 71404 10170 20153 39834 40151 51008 76066 8381/ 333 69905 81820 83650 87459 90710 91108 93100=
07299,2008-05-31 09:00:00,18.4,1015,0.4,84,15.6,15000,7.408,11.112,,160,,,0.2,0.4,,,,,,60,og-post,,,,AAXX 31094 07299 21465 81604 10184 20156 39834 40150 51004 76062 83817 333 69947 81812 83650 88271 90710 91106 93100 555 69925=
07299,2008-05-31 10:00:00,19.8,1014.6,-0.1,75,15.2,15000,3.704,11.112,,130,,,,,,,,,,21,og-post,,,,AAXX 31104 07299 21565 71302 10198 20152 39832 40146 58001 72162 82231 333 69905 82820 83362 87073 90710 91106 93100=
07299,2008-05-31 11:00:00,21.1,1014,-0.6,76,16.7,30000,7.408,14.816,,30,,,0,,,,,,,,og-post,,,,AAXX 31114 07299 22580 60304 10211 20167 39828 40140 58006 83231 333 60005 83825 83363 85073 90710 91108 93100=
07299,2008-05-31 12:00:00,17.4,1014.3,-0.8,85,14.9,12000,7.408,31.484,,30,,,7,7,8,,,,,95,og-post,,,,AAXX 31124 07299 01562 70304 10174 20149 39826 40143 57008 60081 79598 879// 333 60077 83932 85840 87650 90710 91117 93100 555 60075=
07299,2008-05-31 13:00:00,17.3,1014.8,-0.1,86,14.9,6000,18.52,61.116,,290,,,5,,,,,,,95,og-post,,,,AAXX 31134 07299 21556 72910 10173 20149 39831 40148 55001 79599 879// 333 60055 83932 83840 87656 90710 91133 93100=
07299,2008-05-31 14:00:00,16.2,1015.4,0.7,96,15.6,4000,3.704,25.928,,260,,,2,,,,,,,92,og-post,,,,AAXX 31144 07299 21540 72602 10162 20156 39836 40154 53007 79298 879// 333 60025 83825 82930 85646 87656 90710 91114 93100=
07299,2008-05-31 15:00:00,18.6,1014.8,0.8,94,17.6,25000,,11.112,,,,,0.6,7,,,,,,25,og-post,,,,AAXX 31154 07299 21575 70000 10186 20176 39833 40148 50008 72598 8497/ 333 60077 81930 83650 86359 90710 91106 93100 555 69965=
07299,2008-05-31 16:00:00,21.4,1014.3,0.3,72,16.1,30000,11.112,22.224,,240,,,0,,,,,,,,og-post,,,,AAXX 31164 07299 22580 62406 10214 20161 39831 40143 50003 83930 333 60005 81930 85361 90710 91112 93100=
07299,2008-05-31 17:00:00,19.7,1014.6,-0.3,80,16.2,40000,11.112,18.52,,300,,,0,,,,,,,,og-post,,,,AAXX 31174 07299 22582 73006 10197 20162 39832 40146 55003 83930 333 60005 81930 86358 86360 90710 91110 93100=
07299,2008-05-31 18:00:00,20,1014.5,-0.2,75,15.4,40000,7.408,18.52,,270,15,22,0,0,,15,,,,1,og-post,,,,AAXX 31184 07299 01582 42704 10200 20154 39831 40145 56002 60152 70198 82930 333 10220 20150 60007 81930 83364 90710 91110 93100 555 60005=
07299,2008-05-31 19:00:00,19,1015,0.4,81,15.7,35000,3.704,7.408,,310,,,0,,,,,,,,og-post,,,,AAXX 31194 07299 22581 33102 10190 20157 39835 40150 53004 81231 333 60005 81826 83073 90710 91104 93100=
07299,2008-05-31 20:00:00,15.6,1015.8,0.7,93,14.5,35000,,7.408,,,,,0,,,,,,,,og-post,,,,AAXX 31204 07299 22581 40000 10156 20145 39839 40158 53007 81231 333 60005 81826 84073 90710 91104 93100=
07299,2008-05-31 21:00:00,14.9,1016,0.9,96,14.3,30000,3.704,3.704,,130,,,0,0,,,,,,,og-post,,,,AAXX 31214 07299 22580 31302 10149 20143 39840 40160 51009 81101 333 60007 81830 83073 90710 91102 93100 555 60005=
07299,2008-05-31 22:00:00,13.8,1016.1,0.5,97,13.3,20000,3.704,7.408,,230,,,0,,,,,,,,og-post,,,,AAXX 31224 07299 22670 22302 10138 20133 39840 40161 51005 81401 333 60005 81633 90710 91104 93100=
07299,2008-05-31 23:00:00,13,1016.1,-0.1,97,12.5,18000,3.704,3.704,,200,,,0,,,,,,,,og-post,,,,AAXX 31234 07299 22668 22002 10130 20125 39839 40161 58001 81401 333 60005 81633 90710 91102 93100=
07299,2008-06-01 00:00:00,11.9,1016,-0.4,97,11.4,12000,,7.408,,,,,0,0,,,,,,11,og-post,,,,AAXX 01004 07299 01162 20000 10119 20114 39836 40160 58004 60001 71100 81601 333 60007 81703 90710 91104 93100 555 60005=
07299,2008-06-01 01:00:00,12.4,1016.1,-0.2,98,12.1,5000,3.704,11.112,,190,,,0,,,,,,,,og-post,,,,AAXX 01014 07299 26/50 /1902 10124 20121 39838 40161 55002 333 60005 90710 91106=
07299,2008-06-01 02:00:00,13.7,1015.7,-0.2,98,13.4,14000,7.408,11.112,,180,,,0,,,,,,,,og-post,,,,AAXX 01024 07299 26/64 /1804 10137 20134 39836 40157 57002 333 60005 90710 91106=
07299,2008-06-01 03:00:00,14,1015.8,0.1,98,13.7,20000,11.112,14.816,,200,,,0.2,0.2,,,,,,25,og-post,,,,AAXX 01034 07299 21570 72006 10140 20137 39837 40158 51001 72511 8117/ 333 69927 81820 87360 90710 91108 93100 555 69925=
07299,2008-06-01 04:00:00,14.4,1015.7,-0.1,97,13.9,20000,7.408,14.816,,170,,,0,,,,,,,,og-post,,,,AAXX 01044 07299 22570 71704 10144 20139 39837 40157 56001 8117/ 333 60005 81820 87360 90710 91108 93100=
07299,2008-06-01 05:00:00,15,1015.5,0,96,14.4,25000,7.408,11.112,,180,,,0,,,,,,,,og-post,,,,AAXX 01054 07299 22975 71804 10150 20144 39835 40155 50000 8708/ 333 60005 87361 90710 91106 93100=
07299,2008-06-01 06:00:00,16.5,1015.9,0.4,92,15.2,25000,11.112,14.816,,140,11.8,20,0,0,,0.2,15.4,3.8,9,,og-post,,,,AAXX 01064 07299 02975 71406 10165 20152 39841 40159 53004 69922 83081 333 10200 20118 31009 55038 60007 70154 83360 87073 90710 91108 93100 555 60005=
07299,2008-06-01 07:00:00,18.7,1015.9,0.6,80,15.2,25000,7.408,14.816,,100,,,0,,,,,,,,og-post,,,,AAXX 01074 07299 22975 71004 10187 20152 39843 40159 53006 83081 333 60005 83360 87075 90710 91108 93100=
07299,2008-06-01 08:00:00,19.9,1015.5,0.5,73,14.9,25000,7.408,14.816,,130,,,0,,,,,,,,og-post,,,,AAXX 01084 07299 22575 61304 10199 20149 39841 40155 50005 81181 333 60005 81820 86075 90710 91108 93100=
07299,2008-06-01 09:00:00,21.7,1015.1,-0.2,63,14.4,25000,3.704,14.816,,70,,,0,0,,,,,,,og-post,,,,AAXX 01094 07299 22575 70702 10217 20144 39839 40151 58002 81282 333 60007 81826 87073 90710 91108 93100 555 60005=
07299,2008-06-01 10:00:00,22.5,1015,-0.4,62,14.9,25000,7.408,11.112,,310,,,0,,,,,,,,og-post,,,,AAXX 01104 07299 22675 73104 10225 20149 39839 40150 56004 81282 333 60005 81833 87073 90710 91106 93100=
07299,2008-06-01 11:00:00,23.2,1014.5,-0.5,63,15.8,25000,7.408,14.816,,360,,,0,,,,,,,,og-post,,,,AAXX 01114 07299 22675 73604 10232 20158 39835 40145 58005 81282 333 60005 81836 84363 87073 90710 91108 93100=
07299,2008-06-01 12:00:00,22.9,1013.9,-1.1,70,17.1,25000,11.112,14.816,,360,,,0,0,,,,,,,og-post,,,,AAXX 01124 07299 02675 73606 10229 20171 39829 40139 58011 60001 81232 333 60007 81840 86361 87073 90710 91108 93100 555 60005=
07299,2008-06-01 13:00:00,23.2,1013.6,-1.3,64,16,25000,11.112,18.52,,360,,,0,,,,,,,,og-post,,,,AAXX 01134 07299 22675 83606 10232 20160 39826 40136 56013 81237 333 60005 81840 85361 88273 90710 91110 93100=
07299,2008-06-01 14:00:00,23.5,1013.3,-1.2,70,17.7,20000,11.112,18.52,,340,,,0,,,,,,,,og-post,,,,AAXX 01144 07299 22670 83406 10235 20177 39823 40133 56012 81237 333 60005 81840 83363 88273 90710 91110 93100=
07299,2008-06-01 15:00:00,23.5,1012.3,-1.5,69,17.5,20000,14.816,25.928,,360,,,0,0,,,,,,,og-post,,,,AAXX 01154 07299 22670 73608 10235 20175 39814 40123 58015 81232 333 60007 81840 87073 90710 91114 93100 555 60005=
07299,2008-06-01 16:00:00,23.2,1011.8,-1.7,72,17.9,20000,18.52,25.928,,350,,,0,,,,,,,,og-post,,,,AAXX 01164 07299 22670 73510 10232 20179 39809 40118 58017 81432 333 60005 81640 87073 90710 91114 93100=
07299,2008-06-01 17:00:00,22.3,1011.4,-2,72,17,20000,14.816,25.928,,350,,,0,,,,,,,,og-post,,,,AAXX 01174 07299 22970 73508 10223 20170 39804 40114 56020 81032 333 60005 81363 87073 90710 91114 93100=
07299,2008-06-01 18:00:00,21.5,1011.2,-1.3,76,17.1,20000,11.112,22.224,,320,16.7,23.8,0,0,,,,,,,og-post,,,,AAXX 01184 07299 02970 73206 10215 20171 39801 40112 56013 60002 83032 333 10238 20167 60007 83362 87073 90710 91112 93100 555 60005=
07299,2008-06-01 19:00:00,19.4,1011.5,-0.6,83,16.4,15000,7.408,18.52,,330,,,0,,,,,,,,og-post,,,,AAXX 01194 07299 22965 73304 10194 20164 39802 40115 55006 82032 333 60005 82363 87073 90710 91110 93100=
07299,2008-06-01 20:00:00,17.9,1012,0.2,90,16.2,12000,3.704,14.816,,310,,,0,,,,,,,,og-post,,,,AAXX 01204 07299 22962 73102 10179 20162 39805 40120 53002 82032 333 60005 82363 87073 90710 91108 93100=
07299,2008-06-01 21:00:00,17.7,1011.9,0.3,89,15.9,12000,7.408,7.408,,320,,,0,0,,,,,,,og-post,,,,AAXX 01214 07299 22962 73204 10177 20159 39804 40119 50003 82032 333 60007 82363 87073 90710 91104 93100 555 60005=
07299,2008-06-01 22:00:00,17,1011.8,0,91,15.5,12000,7.408,11.112,,310,,,0,,,,,,,,og-post,,,,AAXX 01224 07299 22962 73104 10170 20155 39802 40118 50000 82032 333 60005 82363 87073 90710 91106 93100=
07299,2008-06-01 23:00:00,16.5,1011.4,-0.8,91,15,12000,7.408,7.408,,310,,,0,,,,,,,,og-post,,,,AAXX 01234 07299 22962 73104 10165 20150 39797 40114 58008 82032 333 60005 82363 87073 90710 91104 93100=
07299,2008-06-02 00:00:00,16.1,1010.8,-1.3,95,15.3,12000,7.408,7.408,,300,,,0,0,,,,,,,og-post,,,,AAXX 02004 07299 02962 73004 10161 20153 39791 40108 58013 60001 85032 333 60007 85363 87073 90710 91104 93100 555 60005=
07299,2008-06-02 01:00:00,16,1010.5,-1.4,94,15,9000,11.112,14.816,,290,,,0,,,,,,,,og-post,,,,AAXX 02014 07299 26/59 /2906 10160 20150 39788 40105 56014 333 60005 90710 91108=
07299,2008-06-02 02:00:00,15.4,1010.3,-1.1,94,14.4,7000,3.704,11.112,,220,,,0,,,,,,,,og-post,,,,AAXX 02024 07299 26/57 /2202 10154 20144 39785 40103 56011 333 60005 90710 91106=
07299,2008-06-02 03:00:00,13.8,1010.5,-0.6,95,13,1600,3.704,3.704,,280,,,0,0,,,,,,,og-post,,,,AAXX 02034 07299 26/16 /2802 10138 20130 39785 40105 56006 333 60007 90710 91102 555 60005=
07299,2008-06-02 04:00:00,14,1010.8,0.1,97,13.5,6000,3.704,7.408,,210,,,0,,,,,,,11,og-post,,,,AAXX 02044 07299 21956 52102 10140 20135 39789 40108 53001 71122 83032 333 60005 83365 84073 90710 91104 93100=
07299,2008-06-02 05:00:00,15.4,1010.8,0.5,98,15.1,5000,,7.408,,,,,0,,,,,,,,og-post,,,,AAXX 02054 07299 26/50 /0000 10154 20151 39790 40108 53005 333 60005 90710 91104=
07299,2008-06-02 06:00:00,18.2,1010.8,0.9,90,16.5,6000,,3.704,,,13.3,21.3,0,0,,,0,4.4,11,,og-post,,,,AAXX 02064 07299 02956 60000 10182 20165 39794 40108 52009 60002 82031 333 10213 20133 30011 55044 60007 70000 82365 86075 90710 91102 93100 555 60005=
07299,2008-06-02 07:00:00,19.8,1011.2,1,85,17.2,8000,14.816,25.928,,260,,,0,,,,,,,,og-post,,,,AAXX 02074 07299 22458 62608 10198 20172 39799 40112 53010 82831 333 60005 82816 86075 90710 91114 93100=
07299,2008-06-02 08:00:00,21.5,1010.7,0.6,84,18.7,20000,14.816,29.632,,250,,,0,,,,,,,,og-post,,,,AAXX 02084 07299 26/70 /2508 10215 20187 39796 40107 50006 333 60005 90710 91116=
07299,2008-06-02 09:00:00,21,1011.3,0.7,78,17,10000,22.224,35.188,,260,,,0,0,,,,,,,og-post,,,,AAXX 02094 07299 22560 62612 10210 20170 39801 40113 52007 85831 333 60007 83820 83640 86075 90710 91119 93100 555 60005=
07299,2008-06-02 10:00:00,20.5,1011.6,0.5,71,15.1,10000,25.928,53.708,,270,,,0,,,,,,,15,og-post,,,,AAXX 02104 07299 21560 72714 10205 20151 39804 40116 53005 71522 878// 333 60005 82826 87646 90710 91129 93100=
07299,2008-06-02 11:00:00,22.2,1011.5,0.9,71,16.7,15000,18.52,38.892,,280,,,0,,,,,,,,og-post,,,,AAXX 02114 07299 22565 72810 10222 20167 39805 40115 51009 878// 333 60005 81826 85649 90710 91121 93100=
07299,2008-06-02 12:00:00,22.6,1011.4,0.3,70,16.8,20000,25.928,42.596,,270,,,0,0,,,,,,,og-post,,,,AAXX 02124 07299 02570 72714 10226 20168 39804 40114 50003 60001 82831 333 60007 82830 83364 87073 90710 91123 93100 555 60005=
07299,2008-06-02 13:00:00,21.9,1011.4,-0.1,67,15.5,25000,25.928,42.596,,270,,,0,,,,,,,,og-post,,,,AAXX 02134 07299 22675 72714 10219 20155 39803 40114 58001 85831 333 60005 81833 85650 86073 90710 91123 93100=
07299,2008-06-02 14:00:00,21.5,1010.8,-0.9,59,13.2,25000,29.632,42.596,,260,,,0,,,,,,,,og-post,,,,AAXX 02144 07299 22675 72616 10215 20132 39797 40108 58009 83832 333 60005 81840 85365 87073 90710 91123 93100=
07299,2008-06-02 15:00:00,19.7,1011.7,-0.2,65,12.9,25000,29.632,50.004,,260,,,0,0,,,,,,,og-post,,,,AAXX 02154 07299 22675 72616 10197 20129 39803 40117 55002 85832 333 60007 81840 85650 85365 90710 91127 93100 555 60005=
07299,2008-06-02 16:00:00,18.1,1013.1,1.3,61,10.5,25000,25.928,61.116,,240,,,0,,,,,,,,og-post,,,,AAXX 02164 07299 22575 72414 10181 20105 39815 40131 53013 8693/ 333 60005 82826 81940 85650 87362 90710 91133 93100=
07299,2008-06-02 17:00:00,16.9,1013.5,2.1,73,12,25000,11.112,35.188,,230,,,0.2,,,,,,,80,og-post,,,,AAXX 02174 07299 21575 72306 10169 20120 39818 40135 51021 78086 879// 333 69925 81826 81940 87656 90710 91119 93100=
07299,2008-06-02 18:00:00,15.9,1013.2,1.3,78,12.1,25000,7.408,18.52,,300,15.9,22.8,,0.2,,0.2,,,,25,og-post,,,,AAXX 02184 07299 01575 73004 10159 20121 39814 40132 50013 69922 72586 879// 333 10228 20159 69927 81826 81940 87656 90710 91110 93100 555 69905=
07299,2008-06-02 19:00:00,15.6,1014.1,0.7,81,12.4,25000,7.408,11.112,,190,,,0,,,,,,,15,og-post,,,,AAXX 02194 07299 21575 71904 10156 20124 39822 40141 53007 71522 8387/ 333 60005 81830 83656 87359 90710 91106 93100=
07299,2008-06-02 20:00:00,15.3,1014.3,0.6,82,12.2,25000,7.408,11.112,,190,,,0,,,,,,,,og-post,,,,AAXX 02204 07299 22575 71904 10153 20122 39824 40143 53006 8387/ 333 60005 81830 83656 87361 90710 91106 93100=
07299,2008-06-02 21:00:00,14.7,1014.2,0.7,81,11.5,20000,3.704,18.52,,140,,,0,0,,,,,,,og-post,,,,AAXX 02214 07299 22770 31402 10147 20115 39822 40142 50007 81530 333 60007 81656 83361 90710 91110 93100 555 60005=
07299,2008-06-02 22:00:00,13.2,1014.4,0,88,11.3,20000,3.704,11.112,,270,,,0,,,,,,,,og-post,,,,AAXX 02224 07299 22770 42702 10132 20113 39822 40144 50000 81530 333 60005 81656 84359 90710 91106 93100=
07299,2008-06-02 23:00:00,13.1,1014.4,-0.2,92,11.8,20000,7.408,11.112,,240,,,0,,,,,,,,og-post,,,,AAXX 02234 07299 22570 72404 10131 20118 39822 40144 56002 8183/ 333 60005 81830 87359 90710 91106 93100=
07299,2008-06-03 00:00:00,13.5,1014.4,0.1,92,12.2,20000,3.704,7.408,,200,,,0,0,,,,,,,og-post,,,,AAXX 03004 07299 02570 72002 10135 20122 39823 40144 53001 60001 8283/ 333 60007 82828 87359 90710 91104 93100 555 60005=
07299,2008-06-03 01:00:00,13.4,1014,-0.3,92,12.1,20000,7.408,11.112,,230,,,0,,,,,,,,og-post,,,,AAXX 03014 07299 26/70 /2304 10134 20121 39819 40140 58003 333 60005 90710 91106=
07299,2008-06-03 02:00:00,12.9,1013.9,-0.5,92,11.6,20000,7.408,7.408,,180,,,0,,,,,,,,og-post,,,,AAXX 03024 07299 26/70 /1804 10129 20116 39817 40139 58005 333 60005 90710 91104=
07299,2008-06-03 03:00:00,12.7,1014.1,-0.5,93,11.6,20000,3.704,7.408,,120,,,0,0,,,,,,,og-post,,,,AAXX 03034 07299 22470 71202 10127 20116 39819 40141 55005 8383/ 333 60007 81819 83630 86361 90710 91104 93100 555 60005=
07299,2008-06-03 04:00:00,12.9,1014.4,0.3,93,11.8,20000,3.704,11.112,,180,,,0,,,,,,,,og-post,,,,AAXX 03044 07299 22570 71802 10129 20118 39822 40144 53003 8113/ 333 60005 81822 87361 90710 91106 93100=
07299,2008-06-03 05:00:00,13.6,1014.7,0.9,94,12.7,30000,,7.408,,,,,0,,,,,,,,og-post,,,,AAXX 03054 07299 22580 70000 10136 20127 39826 40147 53009 8118/ 333 60005 81822 87360 90710 91104 93100=
07299,2008-06-03 06:00:00,14.6,1014.9,1,91,13.1,30000,3.704,11.112,,230,12.6,16,0,0,,,0.2,5.7,10,,og-post,,,,AAXX 03064 07299 02580 72302 10146 20131 39829 40149 52010 60002 8113/ 333 10160 20126 30010 55057 60007 70002 81822 87360 90710 91106 93100 555 60005=
07299,2008-06-03 07:00:00,16.3,1014.8,0.9,82,13.2,40000,11.112,14.816,,240,,,0,,,,,,,,og-post,,,,AAXX 03074 07299 22482 72406 10163 20132 39830 40148 51009 8113/ 333 60005 81811 87361 90710 91108 93100=
07299,2008-06-03 08:00:00,17.7,1015.2,0.9,75,13.2,35000,11.112,22.224,,270,,,0,,,,,,,,og-post,,,,AAXX 03084 07299 22481 72706 10177 20132 39835 40152 52009 8113/ 333 60005 81816 87361 90710 91112 93100=
07299,2008-06-03 09:00:00,18.7,1015,0.4,72,13.6,30000,11.112,18.52,,260,,,0,0,,,,,,,og-post,,,,AAXX 03094 07299 22580 72606 10187 20136 39834 40150 50004 8183/ 333 60007 81820 87361 90710 91110 93100 555 60005=
07299,2008-06-03 10:00:00,20.2,1014.6,0.1,66,13.6,35000,3.704,18.52,,310,,,0,,,,,,,,og-post,,,,AAXX 03104 07299 22581 73102 10202 20136 39832 40146 50001 81232 333 60005 81823 85361 90710 91110 93100=
07299,2008-06-03 11:00:00,19.9,1014.5,-0.4,64,12.9,35000,7.408,14.816,,250,,,0,,,,,,,,og-post,,,,AAXX 03114 07299 22581 72504 10199 20129 39831 40145 58004 82232 333 60005 81827 85361 90710 91108 93100=
07299,2008-06-03 12:00:00,21.2,1014,-0.7,61,13.4,40000,3.704,11.112,,340,,,0,0,,,,,,,og-post,,,,AAXX 03124 07299 02582 73402 10212 20134 39827 40140 58007 60001 81932 333 60007 81831 81933 85358 90710 91106 93100 555 60005=
07299,2008-06-03 13:00:00,19.7,1014,-0.7,73,14.7,40000,14.816,25.928,,250,,,0,,,,,,,,og-post,,,,AAXX 03134 07299 22682 72508 10197 20147 39826 40140 57007 81232 333 60005 81833 86357 90710 91114 93100=
07299,2008-06-03 14:00:00,22.4,1013.2,-1,58,13.7,40000,3.704,25.928,,310,,,0,,,,,,,,og-post,,,,AAXX 03144 07299 22682 73102 10224 20137 39821 40132 58010 81232 333 60005 81833 86361 90710 91114 93100=
07299,2008-06-03 15:00:00,22.7,1012.8,-1.1,60,14.5,45000,7.408,22.224,,280,,,0,0,,,,,,,og-post,,,,AAXX 03154 07299 22683 62804 10227 20145 39817 40128 58011 81232 333 60007 81835 84358 90710 91112 93100 555 60005=
07299,2008-06-03 16:00:00,22.2,1012.6,-1,55,12.7,40000,7.408,22.224,,270,,,0,,,,,,,,og-post,,,,AAXX 03164 07299 22682 72704 10222 20127 39815 40126 56010 81232 333 60005 81835 84358 85073 90710 91112 93100=
07299,2008-06-03 17:00:00,21.2,1012.6,-0.7,58,12.6,40000,11.112,22.224,,250,,,0,,,,,,,,og-post,,,,AAXX 03174 07299 22682 72506 10212 20126 39814 40126 56007 8123/ 333 60005 81835 87358 90710 91112 93100=
07299,2008-06-03 18:00:00,19.8,1013,-0,67,13.5,35000,14.816,22.224,,250,14.7,23.3,0,0,,,,,,,og-post,,,,AAXX 03184 07299 02681 72508 10198 20135 39816 40130 55000 60002 8123/ 333 10233 20147 60007 81835 87359 90710 91112 93100 555 60005=
07299,2008-06-03 19:00:00,18.5,1013.6,0.6,71,13.1,20000,14.816,25.928,,250,,,0,,,,,,,,og-post,,,,AAXX 03194 07299 22670 72508 10185 20131 39821 40136 53006 8583/ 333 60005 81835 85650 87360 90710 91114 93100=
07299,2008-06-03 20:00:00,16.7,1014.6,1.4,82,13.6,20000,11.112,22.224,,260,,,0,,,,,,,,og-post,,,,AAXX 03204 07299 22670 72606 10167 20136 39828 40146 53014 8486/ 333 60005 82833 83650 85358 90710 91112 93100=
07299,2008-06-03 21:00:00,16.9,1014.8,1.4,81,13.6,20000,11.112,18.52,,250,,,0,0,,,,,,,og-post,,,,AAXX 03214 07299 22670 72506 10169 20136 39831 40148 51014 8588/ 333 60007 82833 84643 87358 90710 91110 93100 555 60005=
07299,2008-06-03 22:00:00,16.5,1015.5,1.6,82,13.4,20000,14.816,29.632,,250,,,0,,,,,,,,og-post,,,,AAXX 03224 07299 22670 72508 10165 20134 39837 40155 51016 858// 333 60005 82833 85644 85360 90710 91116 93100=
07299,2008-06-03 23:00:00,15.4,1016,1.2,86,13.1,8000,7.408,22.224,,240,,,5,,,,,,,63,og-post,,,,AAXX 03234 07299 21658 72404 10154 20131 39840 40160 53012 76362 878// 333 60055 86633 90710 91112 93100=
07299,2008-06-04 00:00:00,14.5,1016.3,1.1,92,13.2,8000,7.408,18.52,,270,,,13,18,18,,,,,63,og-post,,,,AAXX 04004 07299 01658 72704 10145 20132 39842 40163 51011 60181 76362 8797/ 333 60187 84633 82936 85646 87357 90710 91110 93100 555 60135=
07299,2008-06-04 01:00:00,14.5,1016.2,0.5,91,13,20000,7.408,18.52,,230,,,3,,,,,,,,og-post,,,,AAXX 04014 07299 26/70 /2304 10145 20130 39841 40162 50005 333 60035 90710 91110=
07299,2008-06-04 02:00:00,14.3,1016,-0.1,89,12.5,,7.408,22.224,,260,,,,,,,,,,,og-post,,,,AAXX 04024 07299 26/// /2604 10143 20125 39839 40160 58001 333 69905 90710 91112=
07299,2008-06-04 03:00:00,14.3,1015.9,-0.5,89,12.5,10000,3.704,11.112,,260,,,0.4,3,,,,,,61,og-post,,,,AAXX 04034 07299 21560 82602 10143 20125 39838 40159 57005 76162 885// 333 60037 87632 90710 91106 93100 555 69945=
07299,2008-06-04 04:00:00,14,1015.8,-0.3,89,12.2,10000,11.112,14.816,,250,,,0.2,,,,,,,60,og-post,,,,AAXX 04044 07299 21460 82506 10140 20122 39837 40158 56003 76066 888// 333 69925 81816 87631 90710 91108 93100=
07299,2008-06-04 05:00:00,14.3,1016.1,0.1,89,12.5,10000,7.408,18.52,,250,,,,,,,,,,61,og-post,,,,AAXX 04054 07299 21460 82504 10143 20125 39840 40161 53001 76166 888// 333 69905 82816 87640 90710 91110 93100=
07299,2008-06-04 06:00:00,14.3,1016.2,0.4,88,12.3,10000,14.816,25.928,,260,14,19.6,0.2,0.4,,21,20.8,2.5,13,60,og-post,,,,AAXX 04064 07299 01460 82608 10143 20123 39841 40162 53004 60212 76062 888// 333 10196 20140 32013 55025 69947 70208 82813 85632 87642 90710 91114 93100 555 69925=
07299,2008-06-04 07:00:00,14.4,1016.5,0.8,86,12.1,15000,14.816,29.632,,260,,,,,,,,,,21,og-post,,,,AAXX 04074 07299 21465 82608 10144 20121 39844 40165 53008 72162 878// 333 69905 82813 87630 90710 91116 93100=
07299,2008-06-04 08:00:00,14.5,1016.7,0.6,84,11.8,15000,14.816,31.484,,260,,,0,,,,,,,,og-post,,,,AAXX 04084 07299 22465 82608 10145 20118 39846 40167 52006 878// 333 60005 81813 87633 90710 91117 93100=
07299,2008-06-04 09:00:00,14.9,1016.6,0.6,82,11.9,15000,14.816,25.928,,270,,,0,,,,,,,1,og-post,,,,AAXX 04094 07299 21465 82708 10149 20119 39846 40166 51006 70162 878// 333 69907 81813 87630 90710 91114 93100 555 60005=
07299,2008-06-04 10:00:00,15.4,1016.6,0.1,79,11.8,11000,11.112,22.224,,260,,,0,,,,,,,15,og-post,,,,AAXX 04104 07299 21461 82606 10154 20118 39846 40166 50001 71522 878// 333 60005 81813 87625 90710 91112 93100=
07299,2008-06-04 11:00:00,15.6,1016.6,0,76,11.4,11000,11.112,25.928,,270,,,0,,,,,,,15,og-post,,,,AAXX 04114 07299 21461 82706 10156 20114 39846 40166 50000 71522 878// 333 60005 81810 87625 90710 91114 93100=
07299,2008-06-04 12:00:00,15.8,1016.4,-0.2,76,11.6,13000,11.112,18.52,,250,,,0,0,,,,,,15,og-post,,,,AAXX 04124 07299 01463 82506 10158 20116 39845 40164 57002 69901 71562 888// 333 60007 81813 88624 90710 91110 93100 555 60005=
07299,2008-06-04 13:00:00,16,1016.1,-0.4,73,11.2,11000,11.112,18.52,,250,,,,,,,,,,21,og-post,,,,AAXX 04134 07299 21461 82506 10160 20112 39842 40161 58004 72162 888// 333 69905 81810 88624 90710 91110 93100=
07299,2008-06-04 14:00:00,16.2,1016,-0.5,78,12.4,8000,7.408,14.816,,240,,,,,,,,,,21,og-post,,,,AAXX 04144 07299 21458 82404 10162 20124 39841 40160 57005 72162 888// 333 69905 81810 88626 90710 91108 93100=
07299,2008-06-04 15:00:00,16.2,1015.6,-0.8,75,11.8,13000,7.408,14.816,,240,,,0,,,,,,,3,og-post,,,,AAXX 04154 07299 21363 82404 10162 20118 39837 40156 58008 70362 888// 333 69907 81806 88626 90710 91108 93100 555 60005=
07299,2008-06-04 16:00:00,16.3,1015.2,-0.8,78,12.5,15000,11.112,14.816,,240,,,0,,,,,,,,og-post,,,,AAXX 04164 07299 22365 82406 10163 20125 39834 40152 58008 878// 333 60005 81806 87628 90710 91108 93100=
07299,2008-06-04 17:00:00,16.3,1015.3,-0.6,79,12.7,11000,3.704,11.112,,60,,,,,,,,,,60,og-post,,,,AAXX 04174 07299 21361 80602 10163 20127 39835 40153 55006 76062 878// 333 69905 81808 87630 90710 91106 93100=
07299,2008-06-04 18:00:00,15.3,1015.3,-0.3,86,13,13000,7.408,11.112,,160,14.2,16.5,,,,,,,,60,og-post,,,,AAXX 04184 07299 01463 81604 10153 20130 39834 40153 56003 69902 76062 878// 333 10165 20142 69907 81810 87630 90710 91106 93100 555 69905=
07299,2008-06-04 19:00:00,14.9,1015.2,-0.2,88,12.9,,3.704,11.112,,150,,,,,,,,,,,og-post,,,,AAXX 04194 07299 26/// /1502 10149 20129 39832 40152 58002 333 69905 90710 91106=
07299,2008-06-04 20:00:00,15.1,1015.5,-0,84,12.4,,3.704,7.408,,250,,,,,,,,,,,og-post,,,,AAXX 04204 07299 26/// /2502 10151 20124 39835 40155 55000 333 69905 90710 91104=
07299,2008-06-04 21:00:00,15.1,1015.7,0.3,84,12.4,,3.704,7.408,,70,,,,,,,,,,,og-post,,,,AAXX 04214 07299 26/// /0702 10151 20124 39837 40157 53003 333 69907 90710 91104 555 69905=
07299,2008-06-04 22:00:00,14.6,1015.3,0,86,12.3,,3.704,7.408,,50,,,,,,,,,,,og-post,,,,AAXX 04224 07299 26/// /0502 10146 20123 39833 40153 50000 333 69905 90710 91104=
07299,2008-06-04 23:00:00,14.3,1015,-0.6,87,12.2,,,3.704,,,,,,,,,,,,,og-post,,,,AAXX 04234 07299 26/// /0000 10143 20122 39829 40150 58006 333 69905 90710 91102=
07299,2008-06-05 00:00:00,13.9,1014.6,-1.2,88,11.9,,14.816,22.224,,260,,,,,,,,,,,og-post,,,,AAXX 05004 07299 06/// /2608 10139 20119 39825 40146 57012 69901 333 69907 90710 91112 555 69905=
07299,2008-06-05 01:00:00,13.6,1014.2,-1.2,89,11.8,,11.112,22.224,,250,,,,,,,,,,,og-post,,,,AAXX 05014 07299 26/// /2506 10136 20118 39821 40142 57012 333 69905 90710 91112=
07299,2008-06-05 02:00:00,13.9,1013.8,-1.2,88,11.9,,11.112,18.52,,250,,,,,,,,,,,og-post,,,,AAXX 05024 07299 26/// /2506 10139 20119 39817 40138 56012 333 69905 90710 91110=
07299,2008-06-05 03:00:00,13.8,1013.5,-1.1,87,11.7,,14.816,22.224,,250,,,,,,,,,,,og-post,,,,AAXX 05034 07299 26/// /2508 10138 20117 39814 40135 56011 333 69907 90710 91112 555 69905=
07299,2008-06-05 04:00:00,13.8,1013.2,-0.9,86,11.5,,14.816,22.224,,260,,,,,,,,,,,og-post,,,,AAXX 05044 07299 26/// /2608 10138 20115 39811 40132 57009 333 69905 90710 91112=
07299,2008-06-05 05:00:00,13.9,1013,-0.7,86,11.6,,11.112,22.224,,250,,,,,,,,,,,og-post,,,,AAXX 05054 07299 26/// /2506 10139 20116 39810 40130 56007 333 69905 90710 91112=
07299,2008-06-05 06:00:00,13.8,1012.8,-0.6,88,11.8,,3.704,18.52,,330,13.5,15.2,0.2,0.2,,0.2,0.2,0,13,,og-post,,,,AAXX 05064 07299 06/// /3302 10138 20118 39808 40128 56006 69922 333 10152 20135 3/013 55000 69927 70002 90710 91110 555 69925=
07299,2008-06-05 07:00:00,14.1,1012.8,-0.3,88,12.1,,3.704,11.112,,240,,,0.4,,,,,,,,og-post,,,,AAXX 05074 07299 26/// /2402 10141 20121 39808 40128 56003 333 69945 90710 91106=
07299,2008-06-05 08:00:00,14.2,1012.6,-0.4,89,12.4,,7.408,14.816,,260,,,0.2,,,,,,,,og-post,,,,AAXX 05084 07299 26/// /2604 10142 20124 39806 40126 57004 333 69925 90710 91108=
07299,2008-06-05 09:00:00,14.4,1012.3,-0.5,87,12.3,,11.112,18.52,,260,,,0,0.6,,,,,,,og-post,,,,AAXX 05094 07299 26/// /2606 10144 20123 39803 40123 58005 333 69967 90710 91110 555 60005=
07299,2008-06-05 10:00:00,14.7,1012,-0.7,88,12.7,,11.112,18.52,,250,,,0,,,,,,,,og-post,,,,AAXX 05104 07299 26/// /2506 10147 20127 39801 40120 57007 333 60005 90710 91110=
07299,2008-06-05 11:00:00,14.6,1011.9,-0.6,90,13,,11.112,22.224,,250,,,0,,,,,,,,og-post,,,,AAXX 05114 07299 26/// /2506 10146 20130 39800 40119 56006 333 60005 90710 91112=
07299,2008-06-05 12:00:00,14.8,1011.7,-0.5,90,13.2,,11.112,22.224,,250,,,0.4,0.4,1,,,,,,og-post,,,,AAXX 05124 07299 06/// /2506 10148 20132 39798 40117 57005 60011 333 69947 90710 91112 555 69945=
07299,2008-06-05 13:00:00,15.4,1011.4,-0.5,91,13.9,,11.112,18.52,,250,,,0.4,,,,,,,,og-post,,,,AAXX 05134 07299 26/// /2506 10154 20139 39796 40114 58005 333 69945 90710 91110=
07299,2008-06-05 14:00:00,16.5,1010.9,-0.8,87,14.3,,14.816,22.224,,260,,,0,,,,,,,,og-post,,,,AAXX 05144 07299 26/// /2608 10165 20143 39792 40109 58008 333 60005 90710 91112=
07299,2008-06-05 15:00:00,16.9,1010.6,-0.8,84,14.2,,11.112,22.224,,270,,,0,0.4,,,,,,,og-post,,,,AAXX 05154 07299 26/// /2706 10169 20142 39790 40106 57008 333 69947 90710 91112 555 60005=
07299,2008-06-05 16:00:00,16.8,1010.5,-0.7,84,14.1,,7.408,11.112,,260,,,0,,,,,,,,og-post,,,,AAXX 05164 07299 26/// /2604 10168 20141 39789 40105 56007 333 60005 90710 91106=
07299,2008-06-05 17:00:00,16.8,1010.7,-0.1,85,14.3,,3.704,11.112,,260,,,0,,,,,,,,og-post,,,,AAXX 05174 07299 26/// /2602 10168 20143 39791 40107 55001 333 60005 90710 91106=
07299,2008-06-05 18:00:00,16.8,1010.7,0.1,85,14.3,,3.704,7.408,,250,13.8,17,0,0,,1,,,,,og-post,,,,AAXX 05184 07299 06/// /2502 10168 20143 39791 40107 53001 60012 333 10170 20138 60007 90710 91104 555 60005=
07299,2008-06-05 19:00:00,16.4,1011,0.4,88,14.4,,,7.408,,,,,0,,,,,,,,og-post,,,,AAXX 05194 07299 26/// /0000 10164 20144 39793 40110 52004 333 60005 90710 91104=
07299,2008-06-05 20:00:00,16.1,1011.3,0.5,91,14.6,,,3.704,,,,,0,,,,,,,,og-post,,,,AAXX 05204 07299 26/// /0000 10161 20146 39796 40113 53005 333 60005 90710 91102=
07299,2008-06-05 21:00:00,15.8,1011.3,0.5,92,14.5,,,3.704,,,,,0,0,,,,,,,og-post,,,,AAXX 05214 07299 26/// /0000 10158 20145 39796 40113 51005 333 60007 90710 91102 555 60005=
07299,2008-06-05 22:00:00,15.5,1011.4,0.3,93,14.4,,7.408,7.408,,260,,,0,,,,,,,,og-post,,,,AAXX 05224 07299 26/// /2604 10155 20144 39796 40114 51003 333 60005 90710 91104=
07299,2008-06-05 23:00:00,15,1011.4,-0,94,14,,11.112,14.816,,240,,,0,,,,,,,,og-post,,,,AAXX 05234 07299 26/// /2406 10150 20140 39796 40114 54000 333 60005 90710 91108=
07299,2008-06-06 00:00:00,14.7,1011.6,0.1,93,13.6,,7.408,14.816,,270,,,0,0,,,,,,,og-post,,,,AAXX 06004 07299 06/// /2704 10147 20136 39797 40116 53001 60001 333 60007 90710 91108 555 60005=
07299,2008-06-06 01:00:00,14.4,1011.6,0.1,93,13.3,,,11.112,,,,,0.2,,,,,,,,og-post,,,,AAXX 06014 07299 26/// /0000 10144 20133 39797 40116 52001 333 69925 90710 91106=
07299,2008-06-06 02:00:00,14.1,1011.7,0.1,92,12.8,,7.408,14.816,,270,,,0,,,,,,,,og-post,,,,AAXX 06024 07299 26/// /2704 10141 20128 39797 40117 51001 333 60005 90710 91108=
07299,2008-06-06 03:00:00,13.6,1011.6,-0.1,91,12.2,,11.112,22.224,,250,,,0,0.2,,,,,,,og-post,,,,AAXX 06034 07299 26/// /2506 10136 20122 39796 40116 57001 333 69927 90710 91112 555 60005=
07299,2008-06-06 04:00:00,13.4,1011.9,0.1,88,11.5,,3.704,22.224,,270,,,0,,,,,,,,og-post,,,,AAXX 06044 07299 26/// /2702 10134 20115 39798 40119 53001 333 60005 90710 91112=
07299,2008-06-06 05:00:00,13.3,1012.1,0.4,88,11.4,,7.408,18.52,,280,,,0,,,,,,,,og-post,,,,AAXX 06054 07299 26/// /2804 10133 20114 39800 40121 53004 333 60005 90710 91110=
07299,2008-06-06 06:00:00,13.3,1012.3,0.6,87,11.2,20000,7.408,18.52,,240,13.3,16.8,0.4,0.4,,0.6,2,0,13,60,og-post,,,,AAXX 06064 07299 01470 82404 10133 20112 39802 40123 52006 69962 76062 878// 333 10168 20133 31013 55000 69947 70020 84815 85622 87628 90710 91110 93100 555 69945=
07299,2008-06-06 07:00:00,13.3,1012.5,0.6,89,11.5,12000,7.408,18.52,,230,,,0.2,,,,,,,60,og-post,,,,AAXX 06074 07299 21462 82304 10133 20115 39804 40125 52006 76066 878// 333 69925 83811 86614 88630 90710 91110 93100=
07299,2008-06-06 08:00:00,13.5,1012.7,0.6,87,11.4,,11.112,18.52,,250,,,0.2,,,,,,,,og-post,,,,AAXX 06084 07299 26/// /2506 10135 20114 39806 40127 52006 333 69925 90710 91110=
07299,2008-06-06 09:00:00,14,1012.7,0.5,86,11.7,15000,11.112,18.52,,250,,,,0.4,,,,,,60,og-post,,,,AAXX 06094 07299 21465 82506 10140 20117 39807 40127 51005 76066 888// 333 69947 83810 86613 88631 90710 91110 93100 555 69905=
07299,2008-06-06 10:00:00,14.3,1012.9,0.5,86,12,15000,14.816,25.928,,240,,,,,,,,,,21,og-post,,,,AAXX 06104 07299 21465 82408 10143 20120 39809 40129 52005 72162 888// 333 69905 83810 87614 88630 90710 91114 93100=
07299,2008-06-06 11:00:00,13.9,1013.2,0.6,85,11.4,15000,14.816,22.224,,250,,,0,,,,,,,,og-post,,,,AAXX 06114 07299 22465 82508 10139 20114 39812 40132 53006 888// 333 60005 83810 87614 88627 90710 91112 93100=
07299,2008-06-06 12:00:00,13.9,1013.3,0.7,87,11.8,20000,11.112,25.928,,260,,,0,,0.4,,,,,,og-post,,,,AAXX 06124 07299 06/70 /2606 10139 20118 39813 40133 52007 69941 333 69907 90710 91114 555 60005=
07299,2008-06-06 13:00:00,13.5,1013.7,0.7,87,11.4,15000,11.112,22.224,,240,,,0,,,,,,,,og-post,,,,AAXX 06134 07299 22465 82406 10135 20114 39816 40137 51007 888// 333 60005 83810 86612 88617 90710 91112 93100=
07299,2008-06-06 14:00:00,13.2,1013.8,0.5,89,11.4,9000,14.816,25.928,,240,,,,,,,,,,60,og-post,,,,AAXX 06144 07299 21459 82408 10132 20114 39817 40138 51005 76062 888// 333 69905 83810 83612 85618 90710 91114 93100=
07299,2008-06-06 15:00:00,13.4,1013.9,0.4,85,10.9,18000,14.816,29.632,,240,,,,,,,,,,21,og-post,,,,AAXX 06154 07299 21468 82408 10134 20109 39818 40139 51004 72162 888// 333 69907 83810 85614 88632 90710 91116 93100 555 69905=
07299,2008-06-06 16:00:00,13.4,1014,0.3,85,10.9,20000,14.816,35.188,,240,,,0,,,,,,,,og-post,,,,AAXX 06164 07299 22470 82408 10134 20109 39819 40140 52003 888// 333 60005 83813 85616 88634 90710 91119 93100=
07299,2008-06-06 17:00:00,13.3,1014.4,0.4,85,10.8,20000,14.816,31.484,,240,,,0,,,,,,,,og-post,,,,AAXX 06174 07299 26/70 /2408 10133 20108 39822 40144 53004 333 60005 90710 91117=
07299,2008-06-06 18:00:00,13.2,1014.6,0.6,84,10.6,20000,14.816,31.484,,240,13.2,14.4,0,0,,0.4,,,,3,og-post,,,,AAXX 06184 07299 01470 82408 10132 20106 39824 40146 53006 69942 70362 888// 333 10144 20132 60007 81813 88614 90710 91117 93100 555 60005=
07299,2008-06-06 19:00:00,13,1014.8,0.7,85,10.5,20000,14.816,31.484,,240,,,0,,,,,,,,og-post,,,,AAXX 06194 07299 22470 82408 10130 20105 39826 40148 52007 888// 333 60005 81810 88614 90710 91117 93100=
07299,2008-06-06 20:00:00,12.7,1015.7,1.3,85,10.2,15000,14.816,29.632,,240,,,0,,,,,,,,og-post,,,,AAXX 06204 07299 22465 72408 10127 20102 39834 40157 53013 878// 333 60005 81810 87613 90710 91116 93100=
07299,2008-06-06 21:00:00,12.4,1015.8,1.2,87,10.3,15000,18.52,29.632,,240,,,,,,,,,,60,og-post,,,,AAXX 06214 07299 21465 72410 10124 20103 39835 40158 52012 76062 875// 333 69907 87612 90710 91116 93100 555 69905=
07299,2008-06-06 22:00:00,11.9,1016,1,90,10.3,15000,14.816,31.484,,240,,,0.4,,,,,,,61,og-post,,,,AAXX 06224 07299 21465 72408 10119 20103 39836 40160 51010 76166 875// 333 69945 87614 90710 91117 93100=
07299,2008-06-06 23:00:00,11.7,1015.9,0.1,90,10.1,12000,11.112,29.632,,240,,,0.6,,,,,,,61,og-post,,,,AAXX 06234 07299 21462 72406 10117 20101 39835 40159 50001 76166 875// 333 69965 83617 87630 90710 91116 93100=
07299,2008-06-07 00:00:00,11.6,1015.8,-0.2,91,10.2,12000,7.408,22.224,,220,,,0.2,1,1,,,,,61,og-post,,,,AAXX 07004 07299 01462 72204 10116 20102 39834 40158 58002 60011 76162 875// 333 60017 85610 87625 90710 91112 93100 555 69925=
07299,2008-06-07 01:00:00,11.6,1015.6,-0.4,91,10.2,20000,7.408,14.816,,230,,,0.2,,,,,,,,og-post,,,,AAXX 07014 07299 26/70 /2304 10116 20102 39832 40156 58004 333 69925 90710 91108=
07299,2008-06-07 02:00:00,11.7,1015.5,-0.4,90,10.1,20000,3.704,11.112,,160,,,0.2,,,,,,,,og-post,,,,AAXX 07024 07299 26/70 /1602 10117 20101 39831 40155 57004 333 69925 90710 91106=
07299,2008-06-07 03:00:00,11.9,1015.3,-0.4,90,10.3,12000,,11.112,,,,,,0.4,,,,,,0,og-post,,,,AAXX 07034 07299 21462 70000 10119 20103 39830 40153 56004 70062 875// 333 69947 87610 90710 91106 93100 555 69905=
07299,2008-06-07 04:00:00,11.8,1015.5,-0.1,92,10.5,12000,3.704,11.112,,170,,,0.2,,,,,,,,og-post,,,,AAXX 07044 07299 22462 71702 10118 20105 39831 40155 55001 875// 333 69925 87610 90710 91106 93100=
07299,2008-06-07 05:00:00,12,1015.5,0.1,92,10.7,12000,3.704,7.408,,170,,,0,,,,,,,,og-post,,,,AAXX 07054 07299 22362 71702 10120 20107 39832 40155 53001 875// 333 60005 87608 90710 91104 93100=
07299,2008-06-07 06:00:00,12.1,1015.9,0.6,91,10.7,20000,7.408,11.112,,220,11.6,13.2,0,0.2,,2,2.2,0,11,,og-post,,,,AAXX 07064 07299 06/70 /2204 10121 20107 39836 40159 53006 60022 333 10132 20116 3/011 55000 69927 70022 90710 91106 555 60005=
07299,2008-06-07 07:00:00,11.9,1016.4,0.9,93,10.8,6000,7.408,18.52,,240,,,,,,,,,,60,og-post,,,,AAXX 07074 07299 21356 82404 10119 20108 39840 40164 53009 76062 885// 333 69905 88607 90710 91110 93100=
07299,2008-06-07 08:00:00,12.2,1016.4,0.9,91,10.8,9000,11.112,22.224,,240,,,,,,,,,,21,og-post,,,,AAXX 07084 07299 21359 82406 10122 20108 39841 40164 51009 72162 885// 333 69905 85607 88615 90710 91112 93100=
07299,2008-06-07 09:00:00,12.6,1016.8,0.9,89,10.8,9000,11.112,25.928,,260,,,0,,,,,,,1,og-post,,,,AAXX 07094 07299 21359 82606 10126 20108 39845 40168 52009 70162 885// 333 69907 85609 88618 90710 91114 93100 555 60005=
07299,2008-06-07 10:00:00,12.4,1017,0.7,91,11,8000,7.408,22.224,,250,,,,,,,,,,60,og-post,,,,AAXX 07104 07299 21358 82504 10124 20110 39847 40170 53007 76062 885// 333 69905 85608 88618 90710 91112 93100=
07299,2008-06-07 11:00:00,12.8,1017.3,0.9,88,10.9,12000,14.816,25.928,,250,,,,,,,,,,21,og-post,,,,AAXX 07114 07299 21462 82508 10128 20109 39850 40173 51009 72162 885// 333 69905 85612 88620 90710 91114 93100=
07299,2008-06-07 12:00:00,12.6,1017.2,0.4,86,10.3,18000,18.52,29.632,,260,,,0,,,,,,,1,og-post,,,,AAXX 07124 07299 01468 82610 10126 20103 39849 40172 50004 69901 70162 885// 333 69907 85611 88620 90710 91116 93100 555 60005=
07299,2008-06-07 13:00:00,12.8,1017.2,0.2,87,10.7,18000,14.816,25.928,,250,,,0,,,,,,,,og-post,,,,AAXX 07134 07299 22468 82508 10128 20107 39849 40172 51002 888// 333 60005 82812 88619 90710 91114 93100=
07299,2008-06-07 14:00:00,12.9,1017.2,-0.2,86,10.6,18000,11.112,22.224,,250,,,0,,,,,,,,og-post,,,,AAXX 07144 07299 22468 82506 10129 20106 39849 40172 57002 888// 333 60005 84813 88621 90710 91112 93100=
07299,2008-06-07 15:00:00,12.9,1017,-0.2,86,10.6,14000,14.816,22.224,,250,,,0,0,,,,,,,og-post,,,,AAXX 07154 07299 22464 82508 10129 20106 39847 40170 58002 885// 333 60007 85612 88620 90710 91112 93100 555 60005=
07299,2008-06-07 16:00:00,13,1017,-0.2,86,10.7,18000,11.112,22.224,,240,,,0,,,,,,,,og-post,,,,AAXX 07164 07299 22468 82406 10130 20107 39847 40170 56002 888// 333 60005 83812 88619 90710 91112 93100=
07299,2008-06-07 17:00:00,13,1016.9,-0.2,86,10.7,18000,14.816,22.224,,250,,,0,,,,,,,,og-post,,,,AAXX 07174 07299 22468 72508 10130 20107 39846 40169 57002 878// 333 60005 81812 87618 90710 91112 93100=
07299,2008-06-07 18:00:00,13,1017.2,0.2,86,10.7,18000,7.408,22.224,,240,11.8,13.2,0,0,,,,,,,og-post,,,,AAXX 07184 07299 02468 82404 10130 20107 39849 40172 53002 69902 878// 333 10132 20118 60007 81810 87612 90710 91112 93100 555 60005=
07299,2008-06-07 19:00:00,12.9,1017.2,0.2,86,10.6,20000,3.704,14.816,,260,,,0,,,,,,,,og-post,,,,AAXX 07194 07299 26/70 /2602 10129 20106 39849 40172 53002 333 60005 90710 91108=
07299,2008-06-07 20:00:00,12.8,1017.7,0.8,87,10.7,15000,,7.408,,,,,0,,,,,,,,og-post,,,,AAXX 07204 07299 22465 80000 10128 20107 39854 40177 53008 888// 333 60005 81810 87612 88617 90710 91104 93100=
07299,2008-06-07 21:00:00,12.8,1017.8,0.6,88,10.9,12000,,3.704,,,,,0,0,,,,,,,og-post,,,,AAXX 07214 07299 22462 80000 10128 20109 39855 40178 53006 888// 333 60007 81810 88612 90710 91102 93100 555 60005=
07299,2008-06-07 22:00:00,12.4,1017.8,0.5,91,11,12000,,3.704,,,,,0,,,,,,,,og-post,,,,AAXX 07224 07299 22462 80000 10124 20110 39854 40178 50005 888// 333 60005 81611 88622 90710 91102 93100=
07299,2008-06-07 23:00:00,12.6,1017.5,-0.2,91,11.2,12000,3.704,7.408,,240,,,0,,,,,,,,og-post,,,,AAXX 07234 07299 22462 82402 10126 20112 39852 40175 58002 888// 333 60005 84611 88619 90710 91104 93100=
07299,2008-06-08 00:00:00,12.5,1017.2,-0.6,92,11.2,12000,3.704,3.704,,330,,,0,0,,,,,,,og-post,,,,AAXX 08004 07299 02462 83302 10125 20112 39849 40172 58006 60001 888// 333 60007 84613 88622 90710 91102 93100 555 60005=
07299,2008-06-08 01:00:00,12.5,1017.1,-0.6,92,11.2,20000,,3.704,,,,,0,,,,,,,,og-post,,,,AAXX 08014 07299 26/70 /0000 10125 20112 39848 40171 56006 333 60005 90710 91102=
07299,2008-06-08 02:00:00,12.5,1016.8,-0.7,93,11.4,20000,,3.704,,,,,0,,,,,,,,og-post,,,,AAXX 08024 07299 26/70 /0000 10125 20114 39845 40168 57007 333 60005 90710 91102=
07299,2008-06-08 03:00:00,12.6,1017,-0.2,93,11.5,10000,3.704,7.408,,70,,,0,0,,,,,,,og-post,,,,AAXX 08034 07299 22260 80702 10126 20115 39847 40170 55002 886// 333 60007 88706 90710 91104 93100 555 60005=
07299,2008-06-08 04:00:00,12.5,1017.3,0.2,93,11.4,8000,3.704,7.408,,340,,,0,,,,,,,,og-post,,,,AAXX 08044 07299 22258 83402 10125 20114 39850 40173 53002 886// 333 60005 88706 90710 91104 93100=
07299,2008-06-08 05:00:00,12.6,1017.5,0.7,94,11.7,5000,3.704,11.112,,300,,,0,,,,,,,,og-post,,,,AAXX 08054 07299 22150 83002 10126 20117 39852 40175 52007 886// 333 60005 88703 90710 91106 93100=
07299,2008-06-08 06:00:00,13.1,1017.7,0.7,93,12,6000,3.704,7.408,,340,12.4,13.1,0,0,,,0,0,12,,og-post,,,,AAXX 08064 07299 02256 83402 10131 20120 39854 40177 51007 60002 886// 333 10131 20124 30012 55000 60007 79999 88705 90710 91104 93100 555 60005=
07299,2008-06-08 07:00:00,13.8,1017.7,0.5,91,12.4,7000,,7.408,,,,,0,,,,,,,,og-post,,,,AAXX 08074 07299 22257 80000 10138 20124 39855 40177 51005 886// 333 60005 88705 90710 91104 93100=
07299,2008-06-08 08:00:00,14.7,1017.7,0.4,88,12.7,9000,3.704,14.816,,50,,,0,,,,,,,,og-post,,,,AAXX 08084 07299 22359 70502 10147 20127 39856 40177 51004 876// 333 60005 87708 90710 91108 93100=
07299,2008-06-08 09:00:00,16.3,1017.6,0.3,82,13.2,10000,11.112,18.52,,20,,,0,0,,,,,,,og-post,,,,AAXX 08094 07299 22460 70206 10163 20132 39857 40176 52003 876// 333 60007 87715 90710 91110 93100 555 60005=
07299,2008-06-08 10:00:00,18.1,1017.3,0.1,81,14.8,12000,14.816,22.224,,340,,,0,,,,,,,,og-post,,,,AAXX 08104 07299 22562 73408 10181 20148 39856 40173 50001 875// 333 60005 87623 90710 91112 93100=
07299,2008-06-08 11:00:00,19,1017.2,0,74,14.3,15000,14.816,25.928,,340,,,0,,,,,,,,og-post,,,,AAXX 08114 07299 22565 73408 10190 20143 39856 40172 50000 875// 333 60005 87621 90710 91114 93100=
07299,2008-06-08 12:00:00,19.6,1016.7,-0.5,76,15.3,15000,14.816,22.224,,350,,,0,0,,,,,,,og-post,,,,AAXX 08124 07299 02565 73508 10196 20153 39852 40167 58005 60001 878// 333 60007 84830 87645 90710 91112 93100 555 60005=
07299,2008-06-08 13:00:00,20.5,1016.1,-0.9,72,15.3,15000,11.112,22.224,,350,,,0,,,,,,,,og-post,,,,AAXX 08134 07299 22565 73506 10205 20153 39847 40161 58009 878// 333 60005 83827 85640 90710 91112 93100=
07299,2008-06-08 14:00:00,21.4,1015.6,-1.3,69,15.5,15000,11.112,25.928,,340,,,0,,,,,,,,og-post,,,,AAXX 08144 07299 22565 73406 10214 20155 39843 40156 56013 873// 333 60005 84830 81935 83640 90710 91114 93100=
07299,2008-06-08 15:00:00,19.2,1015.5,-1,78,15.3,8000,22.224,31.484,,360,,,0.6,0.6,,,,,,95,og-post,,,,AAXX 08154 07299 21558 73612 10192 20153 39840 40155 56010 79598 879// 333 69967 85832 83935 90710 91117 93100 555 69965=
07299,2008-06-08 16:00:00,16.3,1016.4,-0.1,84,13.6,10000,7.408,29.632,,350,,,0.8,,,,,,,95,og-post,,,,AAXX 08164 07299 21660 73504 10163 20136 39845 40164 55001 79599 8398/ 333 69985 83935 86358 90710 91116 93100=
07299,2008-06-08 17:00:00,15.1,1017.4,1.1,87,13,10000,11.112,22.224,,340,,,0.6,,,,,,,17,og-post,,,,AAXX 08174 07299 21660 73406 10151 20130 39854 40174 53011 71799 8398/ 333 69965 83940 86358 90710 91112 93100=
07299,2008-06-08 18:00:00,14.1,1018.2,1.7,89,12.3,15000,7.408,35.188,,310,13.1,22.4,,1,,2,,,,91,og-post,,,,AAXX 08184 07299 01665 73104 10141 20123 39860 40182 53017 60022 79198 8397/ 333 10224 20131 60017 82840 81945 87360 90710 91119 93100 555 69905=
07299,2008-06-08 19:00:00,14,1017.6,0.8,90,12.4,25000,3.704,11.112,,260,,,0.2,,,,,,,21,og-post,,,,AAXX 08194 07299 21675 72602 10140 20124 39854 40176 50008 72162 8197/ 333 69925 81840 81945 87359 90710 91106 93100=
07299,2008-06-08 20:00:00,12.9,1018.4,0.7,93,11.8,20000,7.408,7.408,,290,,,0,,,,,,,,og-post,,,,AAXX 08204 07299 22970 72904 10129 20118 39861 40184 53007 83072 333 60005 83359 87075 90710 91104 93100=
07299,2008-06-08 21:00:00,12.3,1019.3,0.9,94,11.4,20000,3.704,11.112,,230,,,0,0.2,,,,,,1,og-post,,,,AAXX 08214 07299 21970 72302 10123 20114 39869 40193 53009 70162 85072 333 69927 83360 86075 90710 91106 93100 555 60005=
07299,2008-06-08 22:00:00,12.2,1019.3,1.5,94,11.3,20000,,11.112,,,,,0,,,,,,,,og-post,,,,AAXX 08224 07299 22970 70000 10122 20113 39869 40193 51015 85072 333 60005 83360 86075 90710 91106 93100=
07299,2008-06-08 23:00:00,11.3,1019.8,1.1,94,10.4,8000,3.704,7.408,,250,,,0,,,,,,,,og-post,,,,AAXX 08234 07299 22958 52502 10113 20104 39872 40198 51011 82032 333 60005 82361 84075 90710 91104 93100=
07299,2008-06-09 00:00:00,10.9,1019.5,0.1,95,10.1,4000,,7.408,,,,,0.2,0.2,0.4,,,,,11,og-post,,,,AAXX 09004 07299 01140 40000 10109 20101 39869 40195 50001 69941 71161 81602 333 69927 81702 84075 90710 91104 93100 555 69925=
07299,2008-06-09 01:00:00,10.2,1019.4,-0.1,95,9.4,1900,3.704,7.408,,220,,,0,,,,,,,,og-post,,,,AAXX 09014 07299 26/19 /2202 10102 20094 39867 40194 58001 333 60005 90710 91104=
07299,2008-06-09 02:00:00,11.7,1019,-0.7,96,11.1,100,,3.704,,,,,0,,,,,,,,og-post,,,,AAXX 09024 07299 26/01 /0000 10117 20111 39865 40190 57007 333 60005 90710 91102=
07299,2008-06-09 03:00:00,11.8,1019,-0.4,96,11.2,900,,3.704,,,,,0,0,,,,,,41,og-post,,,,AAXX 09034 07299 21009 50000 10118 20112 39865 40190 56004 74141 85601 333 60007 85701 90710 91102 93100 555 60005=
07299,2008-06-09 04:00:00,11.2,1019.5,0.1,96,10.6,200,,3.704,,,,,0,,,,,,,46,og-post,,,,AAXX 09044 07299 21002 50000 10112 20106 39869 40195 53001 74644 85630 333 60005 85700 90710 91102 93100=
07299,2008-06-09 05:00:00,11.2,1020,0.9,96,10.6,400,,3.704,,,,,0,,,,,,,42,og-post,,,,AAXX 09054 07299 21004 50000 10112 20106 39874 40200 53009 74244 85630 333 60005 85700 90710 91102 93100=
07299,2008-06-09 06:00:00,12.4,1020.2,1.3,96,11.8,2000,,3.704,,,9.6,14.2,0,0,,0.4,2.4,1.5,9,28,og-post,,,,AAXX 09064 07299 01020 50000 10124 20118 39878 40202 52013 69942 72841 84130 333 10142 20096 31009 55015 60007 70024 84801 90710 91102 93100 555 60005=
07299,2008-06-09 07:00:00,13.6,1020.3,1.1,96,13,5000,3.704,7.408,,290,,,0,,,,,,,,og-post,,,,AAXX 09074 07299 22150 42902 10136 20130 39880 40203 51011 82601 333 60005 82803 83073 90710 91104 93100=
07299,2008-06-09 08:00:00,16.5,1019.7,0.4,84,13.8,12000,3.704,11.112,,340,,,0,,,,,,,,og-post,,,,AAXX 09084 07299 22462 33402 10165 20138 39878 40197 50004 81101 333 60005 81810 83073 90710 91106 93100=
07299,2008-06-09 09:00:00,17.9,1019.6,0,76,13.6,18000,7.408,11.112,,330,,,0,0,,,,,,,og-post,,,,AAXX 09094 07299 22568 23304 10179 20136 39878 40196 50000 81201 333 60007 81820 90710 91106 93100 555 60005=
07299,2008-06-09 10:00:00,20,1019.2,-0.3,73,15,18000,3.704,14.816,,280,,,0,,,,,,,,og-post,,,,AAXX 09104 07299 22568 12802 10200 20150 39877 40192 56003 81201 333 60005 81820 90710 91108 93100=
07299,2008-06-09 11:00:00,21.7,1019.1,-0.1,61,13.9,20000,7.408,14.816,,360,,,0,,,,,,,,og-post,,,,AAXX 09114 07299 22570 23604 10217 20139 39877 40191 57001 81201 333 60005 81825 90710 91108 93100=
07299,2008-06-09 12:00:00,23.1,1018.5,-0.5,63,15.7,20000,7.408,22.224,,20,,,0,0,,,,,,,og-post,,,,AAXX 09124 07299 02670 20204 10231 20157 39873 40185 58005 60001 82230 333 60007 82833 90710 91112 93100 555 60005=
07299,2008-06-09 13:00:00,23.6,1018.2,-0.6,59,15.1,20000,14.816,22.224,,10,,,0,,,,,,,,og-post,,,,AAXX 09134 07299 22670 40108 10236 20151 39871 40182 58006 84330 333 60005 83836 81940 90710 91112 93100=
07299,2008-06-09 14:00:00,24.8,1017.7,-1,54,14.9,20000,14.816,29.632,,350,,,0,,,,,,,,og-post,,,,AAXX 09144 07299 22670 43508 10248 20149 39867 40177 56010 84930 333 60005 83840 81943 90710 91116 93100=
07299,2008-06-09 15:00:00,25,1017.3,-1,53,14.8,20000,14.816,25.928,,350,,,0,0,,,,,,,og-post,,,,AAXX 09154 07299 22670 33508 10250 20148 39863 40173 58010 83930 333 60007 81843 82946 90710 91114 93100 555 60005=
07299,2008-06-09 16:00:00,23.6,1017.6,-0.4,59,15.1,15000,14.816,31.484,,360,,,0,,,,,,,17,og-post,,,,AAXX 09164 07299 21665 43608 10236 20151 39865 40176 55004 71790 83930 333 60005 83940 90710 91117 93100=
07299,2008-06-09 17:00:00,22.6,1018,0.1,65,15.7,18000,11.112,22.224,,30,,,,,,,,,,29,og-post,,,,AAXX 09174 07299 21668 60306 10226 20157 39868 40180 53001 72998 84933 333 69905 82940 83656 90710 91112 93100=
07299,2008-06-09 18:00:00,21,1018.3,0.6,66,14.4,18000,7.408,29.632,,50,12.3,25.1,0,,,,,,,29,og-post,,,,AAXX 09184 07299 01668 50504 10210 20144 39869 40183 51006 69902 72998 82983 333 10251 20123 69907 82943 83359 90710 91116 93100 555 60005=
07299,2008-06-09 19:00:00,17.9,1018.9,0.6,85,15.3,18000,7.408,11.112,,330,,,0,,,,,,,29,og-post,,,,AAXX 09194 07299 21668 63304 10179 20153 39872 40189 53006 72992 82972 333 60005 81945 83359 85073 90710 91106 93100=
07299,2008-06-09 20:00:00,17.9,1019.7,1.1,82,14.8,15000,3.704,11.112,,110,,,0,,,,,,,,og-post,,,,AAXX 09204 07299 22765 61102 10179 20148 39879 40197 53011 82872 333 60005 81850 83360 85073 90710 91106 93100=
07299,2008-06-09 21:00:00,15.8,1020,1,90,14.2,15000,,7.408,,,,,0,0,,,,,,2,og-post,,,,AAXX 09214 07299 21765 40000 10158 20142 39880 40200 51010 70291 81502 333 60007 81650 84073 90710 91104 93100 555 60005=
07299,2008-06-09 22:00:00,15.1,1020.3,1,92,13.8,15000,,3.704,,,,,0,,,,,,,,og-post,,,,AAXX 09224 07299 22/65 20000 10151 20138 39882 40203 51010 80001 333 60005 82073 90710 91102 93100=
07299,2008-06-09 23:00:00,14.3,1020.6,0.5,94,13.3,15000,7.408,7.408,,180,,,0,,,,,,,,og-post,,,,AAXX 09234 07299 22/65 21804 10143 20133 39884 40206 53005 80001 333 60005 82073 90710 91104 93100=
07299,2008-06-10 00:00:00,13.5,1020.8,0.6,94,12.6,15000,7.408,11.112,,170,,,0,0,,,,,,,og-post,,,,AAXX 10004 07299 03/65 21704 10135 20126 39885 40208 51006 60001 80001 333 60007 82073 90710 91106 93100 555 60005=
07299,2008-06-10 01:00:00,12.9,1020.8,0.2,94,12,11000,,7.408,,,,,0.2,,,,,,,,og-post,,,,AAXX 10014 07299 26/61 /0000 10129 20120 39884 40208 50002 333 69925 90710 91104=
07299,2008-06-10 02:00:00,11.8,1020.8,-0.3,95,11,9000,3.704,7.408,,220,,,0,,,,,,,,og-post,,,,AAXX 10024 07299 26/59 /2202 10118 20110 39883 40208 58003 333 60005 90710 91104=
07299,2008-06-10 03:00:00,11.6,1020.6,-0.4,95,10.8,8000,,3.704,,,,,0,0.2,,,,,,,og-post,,,,AAXX 10034 07299 22958 00000 10116 20108 39881 40206 57004 333 69927 90710 91102 93100 555 60005=
07299,2008-06-10 04:00:00,11.7,1021,0.1,95,10.9,8000,3.704,7.408,,140,,,0,,,,,,,,og-post,,,,AAXX 10044 07299 22958 01402 10117 20109 39885 40210 53001 333 60005 90710 91104 93100=
07299,2008-06-10 05:00:00,13.6,1020.7,0.2,96,13,8000,3.704,11.112,,160,,,0,,,,,,,,og-post,,,,AAXX 10054 07299 22958 11602 10136 20130 39884 40207 52002 81031 333 60005 81359 90710 91106 93100=
07299,2008-06-10 06:00:00,16,1020.6,0.5,91,14.5,10000,3.704,11.112,,130,10.9,20.9,0,0,,0.2,0.2,9.9,9,,og-post,,,,AAXX 10064 07299 02960 11302 10160 20145 39886 40206 51005 69922 81030 333 10209 20109 30009 55099 60007 70002 81360 90710 91106 93100 555 60005=
07299,2008-06-10 07:00:00,18.2,1020.5,0.2,80,14.7,12000,3.704,11.112,,170,,,0,,,,,,,,og-post,,,,AAXX 10074 07299 22962 11702 10182 20147 39887 40205 53002 81030 333 60005 81361 90710 91106 93100=
07299,2008-06-10 08:00:00,20.5,1020,0.1,72,15.3,14000,3.704,7.408,,160,,,0,,,,,,,,og-post,,,,AAXX 10084 07299 22564 11602 10205 20153 39885 40200 50001 81100 333 60005 81820 90710 91104 93100=
07299,2008-06-10 09:00:00,22.4,1019.9,-0,63,15,16000,3.704,11.112,,50,,,0,0,,,,,,,og-post,,,,AAXX 10094 07299 22566 10502 10224 20150 39886 40199 54000 81100 333 60007 81823 90710 91106 93100 555 60005=
07299,2008-06-10 10:00:00,23.6,1019.5,-0.4,64,16.4,17000,3.704,11.112,,290,,,0,,,,,,,,og-post,,,,AAXX 10104 07299 22567 22902 10236 20164 39883 40195 57004 82900 333 60005 82830 81943 90710 91106 93100=
07299,2008-06-10 11:00:00,24.6,1018.9,-0.7,54,14.7,17000,3.704,11.112,,340,,,0,,,,,,,,og-post,,,,AAXX 10114 07299 22567 43402 10246 20147 39878 40189 58007 84900 333 60005 82830 82943 90710 91106 93100=
07299,2008-06-10 12:00:00,25.8,1018.1,-1.3,54,15.8,17000,7.408,18.52,,90,,,0,0,,,,,,29,og-post,,,,AAXX 10124 07299 01567 50904 10258 20158 39872 40181 58013 60001 72991 84902 333 60007 82830 82943 83073 90710 91110 93100 555 60005=
07299,2008-06-10 13:00:00,25.6,1017.7,-1.5,50,14.4,17000,7.408,18.52,,30,,,0,,,,,,,,og-post,,,,AAXX 10134 07299 22667 70304 10256 20144 39868 40177 56015 84902 333 60005 83833 82946 84073 90710 91110 93100=
07299,2008-06-10 14:00:00,25.4,1017,-1.7,55,15.7,17000,14.816,25.928,,350,,,0,,,,,,,,og-post,,,,AAXX 10144 07299 22667 73508 10254 20157 39861 40170 58017 83902 333 60005 82833 82946 84073 90710 91114 93100=
07299,2008-06-10 15:00:00,24.7,1017.1,-1.1,52,14.2,17000,14.816,22.224,,350,,,0,0,,,,,,17,og-post,,,,AAXX 10154 07299 21667 73508 10247 20142 39861 40171 56011 71792 83902 333 60007 81833 82946 86073 90710 91112 93100 555 60005=
07299,2008-06-10 16:00:00,23.5,1017,-0.9,65,16.5,17000,7.408,18.52,,350,,,0,,,,,,,17,og-post,,,,AAXX 10164 07299 21667 73504 10235 20165 39859 40170 56009 71799 83932 333 60005 81833 82946 83360 86073 90710 91110 93100=
07299,2008-06-10 17:00:00,20.8,1016.6,-0.9,70,15.1,17000,3.704,29.632,,330,,,0,,,,,,,29,og-post,,,,AAXX 10174 07299 21667 73302 10208 20151 39852 40166 58009 72992 82932 333 60005 81836 81950 83360 87073 90710 91116 93100=
07299,2008-06-10 18:00:00,20.1,1017.3,-0.3,76,15.7,20000,7.408,14.816,,240,16.2,25.9,0,0,,,,,,1,og-post,,,,AAXX 10184 07299 01670 72404 10201 20157 39858 40173 55003 60002 70192 82932 333 10259 20162 60007 81836 81950 87073 90710 91108 93100 555 60005=
07299,2008-06-10 19:00:00,19.7,1017.8,0.4,77,15.6,20000,11.112,14.816,,150,,,0,,,,,,,,og-post,,,,AAXX 10194 07299 22670 71506 10197 20156 39863 40178 53004 81983 333 60005 81946 85360 87073 90710 91108 93100=
07299,2008-06-10 20:00:00,19,1018.1,1.3,81,15.7,20000,,11.112,,,,,0,,,,,,,,og-post,,,,AAXX 10204 07299 22770 70000 10190 20157 39865 40181 51013 81983 333 60005 81950 85361 87073 90710 91106 93100=
07299,2008-06-10 21:00:00,19,1018.3,1,81,15.7,20000,7.408,11.112,,130,,,0,0,,,,,,13,og-post,,,,AAXX 10214 07299 21770 61304 10190 20157 39867 40183 51010 71322 81983 333 60007 81950 84359 90710 91106 93100 555 60005=
07299,2008-06-10 22:00:00,17.5,1018.4,0.2,85,14.9,20000,7.408,14.816,,160,,,0,,,,,,,13,og-post,,,,AAXX 10224 07299 21770 41604 10175 20149 39866 40184 50002 71311 81983 333 60005 81950 84073 90710 91108 93100=
07299,2008-06-10 23:00:00,17,1018.4,-0,85,14.5,20000,7.408,11.112,,170,,,0,,,,,,,13,og-post,,,,AAXX 10234 07299 21670 41704 10170 20145 39866 40184 54000 71300 81983 333 60005 81845 81950 84073 90710 91106 93100=
07299,2008-06-11 00:00:00,16.7,1018.2,-0.4,87,14.5,20000,7.408,14.816,,160,,,0,0,,,,,,13,og-post,,,,AAXX 11004 07299 01670 61604 10167 20145 39863 40182 58004 60001 71311 81983 333 60007 81846 81950 84363 90710 91108 93100 555 60005=
07299,2008-06-11 01:00:00,17.5,1018.1,-0.2,84,14.8,20000,11.112,18.52,,140,,,0,,,,,,,,og-post,,,,AAXX 11014 07299 26/70 /1406 10175 20148 39863 40181 58002 333 60005 90710 91110=
07299,2008-06-11 02:00:00,17.4,1018,-0.4,81,14.1,20000,14.816,18.52,,130,,,0,,,,,,,,og-post,,,,AAXX 11024 07299 26/70 /1308 10174 20141 39862 40180 56004 333 60005 90710 91110=
07299,2008-06-11 03:00:00,16.2,1018.1,-0.1,90,14.6,15000,11.112,22.224,,150,,,2,2,,,,,,95,og-post,,,,AAXX 11034 07299 21665 71506 10162 20146 39862 40181 57001 79596 879// 333 60027 83943 87656 90710 91112 93100 555 60025=
07299,2008-06-11 04:00:00,15.7,1018.8,0.5,92,14.4,3000,7.408,18.52,,180,,,19,,,,,,,95,og-post,,,,AAXX 11044 07299 21430 71804 10157 20144 39868 40188 53005 79599 879// 333 60195 81810 85623 83940 90710 91110 93100=
07299,2008-06-11 05:00:00,15.7,1018.6,0.4,93,14.6,7000,11.112,25.928,,150,,,4,,,,,,,91,og-post,,,,AAXX 11054 07299 21457 71506 10157 20146 39866 40186 50004 79196 879// 333 60045 81810 82926 83636 87656 90710 91114 93100=
07299,2008-06-11 06:00:00,16.4,1018.2,0.1,93,15.3,12000,11.112,14.816,,180,15.3,20.2,0.2,23,,25,25.4,10.4,15,21,og-post,,,,AAXX 11064 07299 01362 71806 10164 20153 39863 40182 50001 60252 72198 8798/ 333 10202 20153 32015 55104 60237 70254 81806 81926 87359 90710 91108 93100 555 69925=
07299,2008-06-11 07:00:00,17.4,1018.7,0.1,89,15.6,12000,,11.112,,,,,,,,,,,,25,og-post,,,,AAXX 11074 07299 21362 70000 10174 20156 39869 40187 53001 72586 8598/ 333 69905 81806 83825 81926 87359 90710 91106 93100=
07299,2008-06-11 08:00:00,17.8,1018.8,0.4,83,14.9,12000,7.408,14.816,,240,,,0,,,,,,,,og-post,,,,AAXX 11084 07299 22462 72404 10178 20149 39870 40188 53004 8598/ 333 60005 81816 83820 81926 87359 90710 91108 93100=
07299,2008-06-11 09:00:00,17.6,1018.9,0.9,84,14.9,12000,3.704,14.816,,300,,,0,,,,,,,2,og-post,,,,AAXX 11094 07299 21462 73002 10176 20149 39871 40189 51009 70286 8498/ 333 69907 81816 81926 87357 90710 91108 93100 555 60005=
07299,2008-06-11 10:00:00,17.2,1018.9,0.2,88,15.2,8000,11.112,18.52,,280,,,1,,,,,,,81,og-post,,,,AAXX 11104 07299 21358 72806 10172 20152 39871 40189 50002 78186 8498/ 333 60015 82809 85820 81926 87359 90710 91110 93100=
07299,2008-06-11 11:00:00,18.3,1018.6,-0.1,87,16.1,12000,7.408,18.52,,270,,,0.2,,,,,,,25,og-post,,,,AAXX 11114 07299 21362 72704 10183 20161 39869 40186 58001 72586 8628/ 333 69925 81809 84823 86359 90710 91110 93100=
07299,2008-06-11 12:00:00,19.6,1017.8,-1,80,16.1,12000,11.112,18.52,,250,,,0,1,1,,,,,1,og-post,,,,AAXX 11124 07299 01462 72506 10196 20161 39863 40178 58010 60011 70186 8428/ 333 60017 81813 84823 86361 90710 91110 93100 555 60005=
07299,2008-06-11 13:00:00,20.8,1017,-1.5,73,15.8,15000,7.408,18.52,,240,,,0,,,,,,,,og-post,,,,AAXX 11134 07299 22565 72404 10208 20158 39856 40170 58015 8428/ 333 60005 83820 86362 90710 91110 93100=
07299,2008-06-11 14:00:00,21.2,1016,-2.1,74,16.4,15000,11.112,18.52,,240,,,0,,,,,,,,og-post,,,,AAXX 11144 07299 22565 72406 10212 20164 39847 40160 58021 8398/ 333 60005 83824 81930 86363 90710 91110 93100=
07299,2008-06-11 15:00:00,21.8,1015.2,-2.2,71,16.3,15000,7.408,18.52,,200,,,0,0,,,,,,,og-post,,,,AAXX 11154 07299 22565 72004 10218 20163 39840 40152 58022 84982 333 60007 83828 81930 85363 90710 91110 93100 555 60005=
07299,2008-06-11 16:00:00,22.2,1014.6,-2.1,72,16.9,8000,7.408,14.816,,310,,,,,,,,,,95,og-post,,,,AAXX 11164 07299 21558 73104 10222 20169 39835 40146 56021 79598 8698/ 333 69905 83828 83930 86360 90710 91108 93100=
07299,2008-06-11 17:00:00,18.1,1015.1,-1.2,84,15.4,11000,3.704,25.928,,350,,,2,,,,,,,29,og-post,,,,AAXX 11174 07299 21561 73502 10181 20154 39835 40151 56012 72998 8696/ 333 60025 83826 82930 86363 90710 91114 93100=
07299,2008-06-11 18:00:00,18.1,1015,-0.6,87,15.9,12000,3.704,18.52,,290,16.4,23.3,0,2,,3,,,,1,og-post,,,,AAXX 11184 07299 01562 72902 10181 20159 39834 40150 56006 60032 70198 8596/ 333 10233 20164 60027 82826 82930 85360 90710 91110 93100 555 60005=
07299,2008-06-11 19:00:00,16.6,1015.8,0.5,80,13.1,3500,11.112,35.188,,50,,,0,,,,,,,17,og-post,,,,AAXX 11194 07299 21435 70506 10166 20131 39840 40158 53005 71792 879// 333 60005 82815 82930 85645 85656 90710 91119 93100=
07299,2008-06-11 20:00:00,15.5,1016.3,0.9,88,13.5,14000,7.408,11.112,,220,,,0.2,,,,,,,29,og-post,,,,AAXX 11204 07299 21564 52204 10155 20135 39844 40163 53009 72998 83930 333 69925 81826 81930 83358 90710 91106 93100=
07299,2008-06-11 21:00:00,14.9,1016.7,1.3,90,13.3,14000,7.408,14.816,,290,,,0,0.2,,,,,,1,og-post,,,,AAXX 11214 07299 21564 52904 10149 20133 39847 40167 51013 70198 83830 333 69927 81826 83641 90710 91108 93100 555 60005=
07299,2008-06-11 22:00:00,14,1017.1,0.9,88,12,14000,7.408,14.816,,340,,,0,,,,,,,,og-post,,,,AAXX 11224 07299 22564 43404 10140 20120 39849 40171 51009 83830 333 60005 81825 83650 90710 91108 93100=
07299,2008-06-11 23:00:00,13.5,1017.3,0.6,90,11.9,14000,11.112,11.112,,300,,,0,,,,,,,,og-post,,,,AAXX 11234 07299 22564 43006 10135 20119 39851 40173 51006 83830 333 60005 81825 83650 90710 91106 93100=
07299,2008-06-12 00:00:00,13.5,1017,0.1,91,12.1,14000,7.408,11.112,,320,,,0,0,0.2,,,,,2,og-post,,,,AAXX 12004 07299 01564 43204 10135 20121 39848 40170 50001 69921 70298 83830 333 60007 81825 83650 90710 91106 93100 555 60005=
07299,2008-06-12 01:00:00,13.3,1016.7,-0.4,89,11.5,19000,7.408,11.112,,320,,,0,,,,,,,,og-post,,,,AAXX 12014 07299 26/69 /3204 10133 20115 39845 40167 58004 333 60005 90710 91106=
07299,2008-06-12 02:00:00,13.2,1016.3,-1,87,11.1,19000,7.408,14.816,,330,,,0,,,,,,,,og-post,,,,AAXX 12024 07299 26/69 /3304 10132 20111 39841 40163 58010 333 60005 90710 91108=
07299,2008-06-12 03:00:00,13.2,1016,-1,87,11.1,15000,11.112,14.816,,320,,,0,0,,,,,,,og-post,,,,AAXX 12034 07299 22565 73206 10132 20111 39838 40160 57010 878// 333 60007 81826 87645 90710 91108 93100 555 60005=
07299,2008-06-12 04:00:00,12.2,1016.2,-0.6,88,10.3,15000,7.408,18.52,,320,,,0,,,,,,,,og-post,,,,AAXX 12044 07299 22565 53204 10122 20103 39839 40162 55006 85800 333 60005 81826 85645 90710 91110 93100=
07299,2008-06-12 05:00:00,12.5,1016.2,-0.2,86,10.2,15000,7.408,18.52,,310,,,0,,,,,,,,og-post,,,,AAXX 12054 07299 22665 53104 10125 20102 39839 40162 56002 83532 333 60005 83645 83073 90710 91110 93100=
07299,2008-06-12 06:00:00,13.3,1016.1,0.1,83,10.5,16000,11.112,18.52,,320,12.1,18.2,0,0,,0.2,3.4,1.4,11,,og-post,,,,AAXX 12064 07299 02666 73206 10133 20105 39839 40161 51001 69922 85532 333 10182 20121 30011 55014 60007 70034 84645 83073 90710 91110 93100 555 60005=
07299,2008-06-12 07:00:00,14.9,1015.8,-0.2,76,10.7,17000,14.816,22.224,,320,,,0,,,,,,,,og-post,,,,AAXX 12074 07299 22467 63208 10149 20107 39838 40158 58002 83801 333 60005 81816 83645 90710 91112 93100=
07299,2008-06-12 08:00:00,16.4,1015.1,-0.6,69,10.7,20000,14.816,22.224,,330,,,0,,,,,,,,og-post,,,,AAXX 12084 07299 22570 53308 10164 20107 39833 40151 58006 81801 333 60005 81820 84075 90710 91112 93100=
07299,2008-06-12 09:00:00,17.6,1014.8,-0.8,65,10.9,20000,7.408,22.224,,330,,,0,0,,,,,,,og-post,,,,AAXX 12094 07299 22570 63304 10176 20109 39831 40148 58008 83801 333 60007 82823 83643 85075 90710 91112 93100 555 60005=
07299,2008-06-12 10:00:00,17.9,1014.5,-0.9,62,10.5,20000,11.112,18.52,,290,,,0,,,,,,,,og-post,,,,AAXX 12104 07299 22570 72906 10179 20105 39828 40145 57009 86801 333 60005 83830 84641 90710 91110 93100=
07299,2008-06-12 11:00:00,18.9,1013.7,-1.2,64,11.9,20000,11.112,22.224,,330,,,0,,,,,,,,og-post,,,,AAXX 12114 07299 22570 63306 10189 20119 39822 40137 58012 85801 333 60005 82832 83656 90710 91112 93100=
07299,2008-06-12 12:00:00,19.4,1012.7,-1.8,63,12.2,20000,11.112,25.928,,320,,,0,0,,,,,,,og-post,,,,AAXX 12124 07299 02570 73206 10194 20122 39813 40127 58018 60001 878// 333 60007 81830 86656 90710 91114 93100 555 60005=
07299,2008-06-12 13:00:00,20.7,1011.8,-2.3,61,12.9,23000,14.816,35.188,,260,,,0,,,,,,,,og-post,,,,AAXX 12134 07299 22573 62608 10207 20129 39805 40118 58023 83801 333 60005 81831 83656 90710 91119 93100=
07299,2008-06-12 14:00:00,20.7,1011.1,-2.4,55,11.3,30000,22.224,35.188,,280,,,0,,,,,,,,og-post,,,,AAXX 12144 07299 22680 52812 10207 20113 39798 40111 56024 82801 333 60005 81841 84076 90710 91119 93100=
07299,2008-06-12 15:00:00,20.3,1010.5,-2.1,53,10.4,35000,22.224,35.188,,270,,,0,0,,,,,,,og-post,,,,AAXX 12154 07299 22681 62712 10203 20104 39792 40105 56021 81249 333 60007 81845 83173 90710 91119 93100 555 60005=
07299,2008-06-12 16:00:00,19.7,1010.2,-1.6,54,10.1,40000,22.224,38.892,,280,,,0,,,,,,,,og-post,,,,AAXX 12164 07299 22682 62812 10197 20101 39789 40102 56016 82841 333 60005 81846 83359 90710 91121 93100=
07299,2008-06-12 17:00:00,20.4,1009.6,-1.5,51,9.9,40000,18.52,31.484,,270,,,0,,,,,,,,og-post,,,,AAXX 12174 07299 22682 52710 10204 20099 39783 40096 57015 82841 333 60005 81846 83363 90710 91117 93100=
07299,2008-06-12 18:00:00,18.5,1009.9,-0.8,57,9.8,20000,18.52,35.188,,260,13.3,20.9,0,0,,,,,,,og-post,,,,AAXX 12184 07299 02670 72610 10185 20098 39784 40099 55008 60002 86871 333 10209 20133 60007 81836 84650 85360 90710 91119 93100 555 60005=
07299,2008-06-12 19:00:00,13.8,1011.9,1,87,11.7,7000,18.52,64.82,,270,,,0.8,,,,,,,61,og-post,,,,AAXX 12194 07299 21557 72710 10138 20117 39799 40119 53010 76162 878// 333 69985 81830 87643 90710 91135 93100=
07299,2008-06-12 20:00:00,13,1012.8,2.4,91,11.6,20000,7.408,25.928,,240,,,2,,,,,,,61,og-post,,,,AAXX 12204 07299 24870 82404 10130 20116 39807 40128 53024 761// 333 60025 90710 91114=
07299,2008-06-12 21:00:00,12.9,1013.3,2.7,89,11.1,20000,22.224,35.188,,260,,,0.4,3,,,,,,21,og-post,,,,AAXX 12214 07299 21570 72612 10129 20111 39811 40133 51027 72162 8683/ 333 60037 82830 85656 86360 90710 91119 93100 555 69945=
07299,2008-06-12 22:00:00,12.4,1013.7,1.6,88,10.5,20000,18.52,31.484,,260,,,0,,,,,,,21,og-post,,,,AAXX 12224 07299 21570 72610 10124 20105 39815 40137 51016 72122 8683/ 333 60005 81830 83640 85656 90710 91117 93100=
07299,2008-06-12 23:00:00,11.8,1014.2,1.2,88,9.9,20000,18.52,31.484,,260,,,0,,,,,,,,og-post,,,,AAXX 12234 07299 22570 52610 10118 20099 39819 40142 52012 8583/ 333 60005 81830 83640 90710 91117 93100=
07299,2008-06-13 00:00:00,11.2,1014.5,1,88,9.3,20000,14.816,31.484,,260,,,0,0,3,,,,,3,og-post,,,,AAXX 13004 07299 01570 72608 10112 20093 39821 40145 51010 60031 70362 8583/ 333 60007 81830 84650 85359 90710 91117 93100 555 60005=
07299,2008-06-13 01:00:00,11.1,1015.1,1.2,88,9.2,20000,18.52,31.484,,240,,,0,,,,,,,,og-post,,,,AAXX 13014 07299 26/70 /2410 10111 20092 39827 40151 53012 333 60005 90710 91117=
07299,2008-06-13 02:00:00,11,1015.5,1.1,88,9.1,20000,14.816,29.632,,260,,,0,,,,,,,,og-post,,,,AAXX 13024 07299 26/70 /2608 10110 20091 39830 40155 52011 333 60005 90710 91116=
07299,2008-06-13 03:00:00,11,1015.8,1.1,90,9.4,10000,7.408,22.224,,340,,,0,0,,,,,,,og-post,,,,AAXX 13034 07299 22460 73404 10110 20094 39833 40158 51011 878// 333 60007 85811 86623 90710 91112 555 60005=
07299,2008-06-13 04:00:00,10.3,1016.4,1.1,89,8.6,6000,3.704,14.816,,90,,,,,,,,,,25,og-post,,,,AAXX 13044 07299 21456 70902 10103 20086 39838 40164 53011 72586 878// 333 69905 83810 85625 87650 90710 91108=
07299,2008-06-13 05:00:00,10.5,1016.6,1.1,88,8.6,12000,3.704,7.408,,300,,,0,,,,,,,,og-post,,,,AAXX 13054 07299 22462 73002 10105 20086 39840 40166 52011 878// 333 60005 83810 87639 90710 91104=
07299,2008-06-13 06:00:00,10.6,1016.9,1,87,8.5,12000,7.408,11.112,,270,10.3,18.4,0.2,0.2,,3,3.2,9.3,10,25,og-post,,,,AAXX 13064 07299 01462 72704 10106 20085 39843 40169 51010 60032 72586 878// 333 10184 20103 32010 55093 69927 70032 82811 87639 90710 91106 555 69925=
07299,2008-06-13 07:00:00,10.3,1017.2,0.8,90,8.7,12000,11.112,14.816,,230,,,1,,,,,,,80,og-post,,,,AAXX 13074 07299 21462 72306 10103 20087 39846 40172 52008 78088 878// 333 60015 81811 87648 90710 91108=
07299,2008-06-13 08:00:00,11.7,1017,0.5,85,9.3,14000,7.408,14.816,,240,,,0.4,,,,,,,25,og-post,,,,AAXX 13084 07299 21464 72404 10117 20093 39846 40170 51005 72586 878// 333 69945 81815 87643 90710 91108=
07299,2008-06-13 09:00:00,12.9,1017.1,0.5,78,9.2,15000,3.704,11.112,,340,,,0,1,,,,,,1,og-post,,,,AAXX 13094 07299 21565 73402 10129 20092 39848 40171 51005 70186 878// 333 60017 82820 83643 87656 90710 91106 555 60005=
07299,2008-06-13 10:00:00,14.1,1017,0.1,64,7.4,18000,3.704,7.408,,300,,,0,,,,,,,,og-post,,,,AAXX 13104 07299 22568 73002 10141 20074 39848 40170 50001 878// 333 60005 81821 87657 90710 91104=
07299,2008-06-13 11:00:00,14.7,1016.5,-0.2,62,7.5,22000,7.408,14.816,,230,,,0,,,,,,,,og-post,,,,AAXX 13114 07299 22572 72304 10147 20075 39844 40165 58002 8323/ 333 60005 83828 85358 90710 91108 93100=
07299,2008-06-13 12:00:00,15.9,1015.9,-0.9,54,6.6,22000,3.704,18.52,,280,,,0,0,1,,,,,1,og-post,,,,AAXX 13124 07299 01672 72802 10159 20066 39839 40159 58009 60011 70186 8323/ 333 60007 83835 85358 90710 91110 93100 555 60005=
07299,2008-06-13 13:00:00,15.4,1015.7,-1,61,7.9,20000,11.112,25.928,,10,,,,,,,,,,25,og-post,,,,AAXX 13134 07299 21670 70106 10154 20079 39837 40157 56010 72586 8723/ 333 69905 82835 85358 90710 91114 93100=
07299,2008-06-13 14:00:00,16.1,1015.4,-0.9,62,8.8,20000,7.408,22.224,,270,,,0,,,,,,,,og-post,,,,AAXX 13144 07299 22670 62704 10161 20088 39835 40154 56009 82230 333 60005 82840 84358 90710 91112 93100=
07299,2008-06-13 15:00:00,16.9,1015.1,-0.6,53,7.3,20000,11.112,18.52,,20,,,0,,,,,,,1,og-post,,,,AAXX 13154 07299 21670 50206 10169 20073 39833 40151 58006 70186 81230 333 69907 81840 84358 90710 91110 93100 555 60005=
07299,2008-06-13 16:00:00,15.6,1015.1,-0.7,57,7.1,25000,11.112,22.224,,350,,,0,,,,,,,,og-post,,,,AAXX 13164 07299 22675 53506 10156 20071 39831 40151 56007 81230 333 60005 81843 84358 90710 91112 93100=
07299,2008-06-13 17:00:00,17,1014.9,-0.4,53,7.4,25000,11.112,22.224,,360,,,0,,,,,,,,og-post,,,,AAXX 13174 07299 22675 53606 10170 20074 39831 40149 56004 81230 333 60005 81843 84358 90710 91112 93100=
07299,2008-06-13 18:00:00,15.6,1015.4,0.1,55,6.6,25000,11.112,22.224,,360,10,17.2,0,0,,1,,,,2,og-post,,,,AAXX 13184 07299 01675 53606 10156 20066 39834 40154 53001 60012 70286 81230 333 10172 20100 60007 81843 84358 90710 91112 93100 555 60005=
07299,2008-06-13 19:00:00,13.8,1015.8,0.5,69,8.2,30000,11.112,18.52,,330,,,0,,,,,,,,og-post,,,,AAXX 13194 07299 22680 53306 10138 20082 39836 40158 53005 81230 333 60005 81843 85358 90710 91110 93100=
07299,2008-06-13 20:00:00,12.1,1016.6,1,82,9.1,30000,3.704,14.816,,300,,,0,,,,,,,,og-post,,,,AAXX 13204 07299 22780 53002 10121 20091 39842 40166 53010 81430 333 60005 81650 85357 90710 91108 93100=
07299,2008-06-13 21:00:00,10.7,1016.7,0.8,85,8.3,30000,11.112,14.816,,320,,,0,0,,,,,,,og-post,,,,AAXX 13214 07299 22780 43206 10107 20083 39842 40167 51008 81530 333 60007 81650 84358 90710 91108 93100 555 60005=
07299,2008-06-13 22:00:00,10.5,1016.7,0.5,87,8.4,25000,11.112,14.816,,320,,,0,,,,,,,,og-post,,,,AAXX 13224 07299 22775 53206 10105 20084 39841 40167 50005 82530 333 60005 82656 84358 90710 91108 93100=
07299,2008-06-13 23:00:00,10.7,1017.2,0.4,84,8.1,25000,7.408,14.816,,320,,,0,,,,,,,,og-post,,,,AAXX 13234 07299 22775 63204 10107 20081 39846 40172 53004 84571 333 60005 84650 84357 90710 91108 93100=
07299,2008-06-14 00:00:00,10.4,1016.8,0,83,7.6,25000,7.408,14.816,,330,,,0,0,,,,,,,og-post,,,,AAXX 14004 07299 02775 63304 10104 20076 39842 40168 50000 60001 82571 333 60007 82656 85357 90710 91108 93100 555 60005=
07299,2008-06-14 01:00:00,9.5,1016.8,0,86,7.3,20000,7.408,14.816,,320,,,0,,,,,,,,og-post,,,,AAXX 14014 07299 26/70 /3204 10095 20073 39841 40168 50000 333 60005 90710 91108=
07299,2008-06-14 02:00:00,8.4,1016.5,-0.9,86,6.2,20000,7.408,14.816,,290,,,0,,,,,,,,og-post,,,,AAXX 14024 07299 26/70 /2904 10084 20062 39837 40165 57009 333 60005 90710 91108=
07299,2008-06-14 03:00:00,8.5,1016.5,-0.5,88,6.6,20000,3.704,14.816,,320,,,0,0,,,,,,,og-post,,,,AAXX 14034 07299 22770 63202 10085 20066 39837 40165 56005 83530 333 60007 83650 84357 90710 91108 93100 555 60005=
07299,2008-06-14 04:00:00,8.7,1016.7,-0.2,90,7.2,20000,7.408,11.112,,350,,,0,,,,,,,,og-post,,,,AAXX 14044 07299 22770 73504 10087 20072 39839 40167 55002 8257/ 333 60005 82650 86357 90710 91106 93100=
07299,2008-06-14 05:00:00,9.2,1016.9,0.5,88,7.3,25000,7.408,11.112,,340,,,0,,,,,,,,og-post,,,,AAXX 14054 07299 22775 73404 10092 20073 39842 40169 53005 8257/ 333 60005 82650 86357 90710 91106 93100=
07299,2008-06-14 06:00:00,10.3,1017.2,0.9,85,7.9,25000,3.704,11.112,,290,8.2,15.8,0,0,,,1.4,3.5,6,,og-post,,,,AAXX 14064 07299 02775 72902 10103 20079 39846 40172 53009 60002 8357/ 333 10158 20082 30006 55035 60007 70014 83650 86358 90710 91106 93100 555 60005=
07299,2008-06-14 07:00:00,11.5,1017.3,0.9,76,7.4,12000,7.408,14.816,,320,,,0,,,,,,,,og-post,,,,AAXX 14074 07299 22462 73204 10115 20074 39848 40173 51009 878// 333 60005 81816 87648 90710 91108 93100=
07299,2008-06-14 08:00:00,11.8,1017.7,1,77,7.9,18000,7.408,14.816,,290,,,0,,,,,,,,og-post,,,,AAXX 14084 07299 22468 72904 10118 20079 39852 40177 52010 878// 333 60005 81818 87650 90710 91108 93100=
07299,2008-06-14 09:00:00,14.1,1017.1,0.3,64,7.4,20000,3.704,11.112,,280,,,0,0,,,,,,,og-post,,,,AAXX 14094 07299 22570 62802 10141 20074 39849 40171 50003 81830 333 60007 81826 86358 90710 91106 93100 555 60005=
07299,2008-06-14 10:00:00,15.5,1016.6,-0.2,63,8.5,22000,3.704,14.816,,340,,,0,,,,,,,,og-post,,,,AAXX 14104 07299 22572 23402 10155 20085 39846 40166 58002 81232 333 60005 81830 90710 91108 93100=
07299,2008-06-14 11:00:00,17.3,1016,-1.1,48,6.2,22000,7.408,14.816,,210,,,0,,,,,,,,og-post,,,,AAXX 14114 07299 22672 42104 10173 20062 39842 40160 58011 81232 333 60005 81840 83073 90710 91108 93100=
07299,2008-06-14 12:00:00,18.2,1015.7,-0.9,51,7.9,25000,7.408,18.52,,330,,,0,0,,,,,,,og-post,,,,AAXX 14124 07299 02675 43304 10182 20079 39840 40157 56009 60001 81232 333 60007 81846 90710 91110 93100 555 60005=
07299,2008-06-14 13:00:00,17.8,1015.7,-0.6,55,8.6,25000,14.816,31.484,,330,,,0,,,,,,,,og-post,,,,AAXX 14134 07299 22775 43308 10178 20086 39840 40157 56006 81232 333 60005 81850 90710 91117 93100=
07299,2008-06-14 14:00:00,18.2,1015.4,-0.4,42,5.1,30000,14.816,29.632,,310,,,0,,,,,,,,og-post,,,,AAXX 14144 07299 22780 53108 10182 20051 39837 40154 58004 81232 333 60005 81850 83360 90710 91116 93100=
07299,2008-06-14 15:00:00,18.3,1015.2,-0.5,43,5.5,30000,11.112,25.928,,310,,,0,0,,,,,,,og-post,,,,AAXX 14154 07299 22780 73106 10183 20055 39835 40152 58005 81134 333 60007 81850 86073 90710 91114 93100 555 60005=
07299,2008-06-14 16:00:00,18.9,1014.8,-0.8,42,5.7,35000,7.408,25.928,,300,,,0,,,,,,,,og-post,,,,AAXX 14164 07299 22781 73004 10189 20057 39832 40148 57008 81134 333 60005 81856 87073 90710 91114 93100=
07299,2008-06-14 17:00:00,18.2,1014.7,-0.8,44,5.8,30000,7.408,14.816,,40,,,0,,,,,,,,og-post,,,,AAXX 14174 07299 22780 70404 10182 20058 39830 40147 58008 81132 333 60005 81856 87073 90710 91108 93100=
07299,2008-06-14 18:00:00,16.7,1014.9,-0.4,54,7.4,35000,7.408,11.112,,10,10.4,19.3,0,0,,,,,,,og-post,,,,AAXX 14184 07299 02781 20104 10167 20074 39831 40149 55004 60002 81132 333 10193 20104 60007 81856 90710 91106 93100 555 60005=
07299,2008-06-14 19:00:00,15.3,1015.3,0.1,71,10.1,25000,7.408,14.816,,280,,,0,,,,,,,,og-post,,,,AAXX 14194 07299 22775 22804 10153 20101 39833 40153 53001 81130 333 60005 81856 90710 91108 93100=
07299,2008-06-14 20:00:00,11.4,1015.9,0.6,81,8.3,25000,7.408,18.52,,230,,,0,,,,,,,,og-post,,,,AAXX 14204 07299 22775 22304 10114 20083 39835 40159 52006 81130 333 60005 81856 90710 91110 93100=
07299,2008-06-14 21:00:00,10.4,1016.3,0.6,79,6.9,20000,11.112,18.52,,260,,,0,0,,,,,,,og-post,,,,AAXX 14214 07299 22970 12606 10104 20069 39837 40163 52006 81030 333 60007 81360 90710 91110 93100 555 60005=
07299,2008-06-14 22:00:00,9.7,1016.6,0.6,82,6.8,20000,7.408,14.816,,210,,,0,,,,,,,,og-post,,,,AAXX 14224 07299 22970 12104 10097 20068 39839 40166 52006 81030 333 60005 81360 90710 91108 93100=
07299,2008-06-14 23:00:00,8.7,1016.5,0.2,86,6.5,20000,,3.704,,,,,0,,,,,,,,og-post,,,,AAXX 14234 07299 22970 60000 10087 20065 39837 40165 50002 86030 333 60005 86362 90710 91102 93100=
07299,2008-06-15 00:00:00,9.3,1015.9,-0.5,86,7.1,20000,3.704,7.408,,160,,,0,0,,,,,,,og-post,,,,AAXX 15004 07299 02970 71602 10093 20071 39832 40159 58005 60001 87030 333 60007 87362 90710 91104 93100 555 60005=
07299,2008-06-15 01:00:00,8.3,1015.4,-1.3,88,6.4,20000,,7.408,,,,,0,,,,,,,,og-post,,,,AAXX 15014 07299 26/70 /0000 10083 20064 39826 40154 58013 333 60005 90710 91104=
07299,2008-06-15 02:00:00,7.5,1015,-1.6,92,6.3,20000,,3.704,,,,,0,,,,,,,,og-post,,,,AAXX 15024 07299 26/70 /0000 10075 20063 39821 40150 57016 333 60005 90710 91102=
07299,2008-06-15 03:00:00,7.4,1014.5,-1.6,90,5.9,20000,3.704,7.408,,160,,,0,0,,,,,,,og-post,,,,AAXX 15034 07299 22970 11602 10074 20059 39816 40145 56016 81030 333 60007 81362 90710 91104 93100 555 60005=
07299,2008-06-15 04:00:00,8.1,1014.1,-1.3,89,6.4,20000,11.112,18.52,,170,,,0,,,,,,,,og-post,,,,AAXX 15044 07299 22970 61706 10081 20064 39813 40141 56013 81034 333 60005 81362 86075 90710 91110 93100=
07299,2008-06-15 05:00:00,9.4,1013.5,-1.2,87,7.3,20000,11.112,14.816,,160,,,0,,,,,,,,og-post,,,,AAXX 15054 07299 22970 71606 10094 20073 39809 40135 56012 81032 333 60005 81362 87075 90710 91108 93100=
07299,2008-06-15 06:00:00,10.7,1013.4,-0.6,83,7.9,25000,7.408,14.816,,170,7.1,17.4,0,0,,,0,8.4,4,,og-post,,,,AAXX 15064 07299 02975 71704 10107 20079 39810 40134 55006 60002 8707/ 333 10174 20071 30004 55084 60007 70000 87362 90710 91108 93100 555 60005=
07299,2008-06-15 07:00:00,11.5,1013.3,-0.4,76,7.4,35000,11.112,14.816,,160,,,0,,,,,,,,og-post,,,,AAXX 15074 07299 22781 81606 10115 20074 39809 40133 56004 8117/ 333 60005 81656 87360 90710 91108 93100=
07299,2008-06-15 08:00:00,12.7,1013.1,0,73,8,35000,7.408,11.112,,180,,,0,,,,,,,,og-post,,,,AAXX 15084 07299 22581 81804 10127 20080 39809 40131 50000 8187/ 333 60005 81820 87460 90710 91106 93100=
07299,2008-06-15 09:00:00,14.1,1012.9,-0.1,68,8.3,30000,11.112,18.52,,270,,,0,0,,,,,,,og-post,,,,AAXX 15094 07299 22580 82706 10141 20083 39809 40129 56001 8187/ 333 60007 81823 87460 90710 91110 93100 555 60005=
07299,2008-06-15 10:00:00,13.8,1013,-0,72,8.8,18000,14.816,22.224,,260,,,,,,,,,,60,og-post,,,,AAXX 15104 07299 21568 82608 10138 20088 39809 40130 54000 76062 8287/ 333 69905 81828 88458 90710 91112 93100=
07299,2008-06-15 11:00:00,14.7,1012.7,-0.2,68,8.9,17000,7.408,14.816,,220,,,,,,,,,,60,og-post,,,,AAXX 15114 07299 21567 82204 10147 20089 39807 40127 58002 76066 8587/ 333 69905 82828 85650 88457 90710 91108 93100=
07299,2008-06-15 12:00:00,15.4,1011.7,-1.1,69,9.7,18000,3.704,22.224,,310,,,,,,,,,,21,og-post,,,,AAXX 15124 07299 01568 83102 10154 20097 39798 40117 58011 69901 72162 8227/ 333 69907 82828 88460 90710 91112 93100 555 69905=
07299,2008-06-15 13:00:00,13.1,1011.7,-1.3,86,10.8,6000,14.816,22.224,,310,,,0.6,,,,,,,61,og-post,,,,AAXX 15134 07299 21556 83108 10131 20108 39796 40117 57013 76162 878// 333 69965 84828 86646 90710 91112 93100=
07299,2008-06-15 14:00:00,13,1011.8,-1,86,10.7,9000,7.408,22.224,,300,,,0.6,,,,,,,61,og-post,,,,AAXX 15144 07299 21359 83004 10130 20107 39797 40118 55010 76166 878// 333 69965 81806 87650 90710 91112 93100=
07299,2008-06-15 15:00:00,13.1,1011.6,-0.3,85,10.6,9000,3.704,14.816,,20,,,0.8,2,,,,,,61,og-post,,,,AAXX 15154 07299 21359 80202 10131 20106 39795 40116 57003 76162 878// 333 60027 81806 83636 87645 90710 91108 93100 555 69985=
07299,2008-06-15 16:00:00,13.1,1011.3,-0.4,90,11.5,9000,7.408,14.816,,120,,,0.4,,,,,,,61,og-post,,,,AAXX 15164 07299 21359 81204 10131 20115 39792 40113 58004 76166 878// 333 69945 82806 83811 85620 90710 91108 93100=
07299,2008-06-15 17:00:00,14.4,1010.8,-0.8,82,11.4,13000,7.408,18.52,,240,,,0.2,,,,,,,21,og-post,,,,AAXX 15174 07299 21263 72404 10144 20114 39789 40108 57008 72162 878// 333 69925 81805 83620 86650 90710 91110 93100=
07299,2008-06-15 18:00:00,13.7,1010.6,-0.8,86,11.4,16000,7.408,11.112,,120,10.7,15.9,0,0.6,,3,,,,1,og-post,,,,AAXX 15184 07299 01266 81204 10137 20114 39786 40106 58008 60032 70162 8587/ 333 10159 20107 69967 81805 85650 87360 90710 91106 93100 555 60005=
07299,2008-06-15 19:00:00,12.9,1010.6,-0.7,86,10.6,25000,7.408,14.816,,240,,,0,,,,,,,15,og-post,,,,AAXX 15194 07299 21275 82404 10129 20106 39785 40106 56007 71522 8187/ 333 60005 81805 87360 90710 91108 93100=
07299,2008-06-15 20:00:00,12.2,1011.1,-0,86,9.9,30000,3.704,18.52,,230,,,0,,,,,,,,og-post,,,,AAXX 15204 07299 22280 82302 10122 20099 39789 40111 55000 8287/ 333 60005 81805 87359 90710 91110 93100=
07299,2008-06-15 21:00:00,12,1011.5,0.7,88,10.1,25000,3.704,11.112,,190,,,0,0,,,,,,,og-post,,,,AAXX 15214 07299 22575 81902 10120 20101 39793 40115 53007 8387/ 333 60007 81820 83645 87358 90710 91106 93100 555 60005=
07299,2008-06-15 22:00:00,11.7,1011.3,0.6,87,9.6,25000,3.704,7.408,,250,,,0,,,,,,,,og-post,,,,AAXX 15224 07299 22575 82502 10117 20096 39791 40113 50006 8387/ 333 60005 81820 83650 87359 90710 91104 93100=
07299,2008-06-15 23:00:00,11.2,1011.1,-0.1,88,9.3,30000,7.408,11.112,,290,,,0,,,,,,,,og-post,,,,AAXX 15234 07299 22580 82904 10112 20093 39788 40111 58001 878// 333 60005 81820 87656 90710 91106 93100=
07299,2008-06-16 00:00:00,11.2,1011,-0.6,89,9.5,25000,3.704,7.408,,180,,,0.2,0.2,0.2,,,,,60,og-post,,,,AAXX 16004 07299 01575 81802 10112 20095 39787 40110 56006 69921 76062 878// 333 69927 81820 87648 90710 91104 93100 555 69925=
07299,2008-06-16 01:00:00,11.1,1010.8,-0.5,92,9.8,20000,3.704,7.408,,190,,,,,,,,,,,og-post,,,,AAXX 16014 07299 26/70 /1902 10111 20098 39785 40108 57005 333 69905 90710 91104=
07299,2008-06-16 02:00:00,11.1,1010.7,-0.4,93,10,20000,3.704,7.408,,190,,,0.2,,,,,,,,og-post,,,,AAXX 16024 07299 26/70 /1902 10111 20100 39784 40107 57004 333 69925 90710 91104=
07299,2008-06-16 03:00:00,11.1,1010.5,-0.5,93,10,20000,3.704,7.408,,130,,,0.2,0.4,,,,,,61,og-post,,,,AAXX 16034 07299 21570 81302 10111 20100 39782 40105 57005 76162 878// 333 69947 81820 87650 90710 91104 93100 555 69925=
07299,2008-06-16 04:00:00,11,1010.5,-0.4,94,10.1,20000,3.704,3.704,,210,,,0.2,,,,,,,60,og-post,,,,AAXX 16044 07299 21270 82102 10110 20101 39782 40105 57004 76066 878// 333 69925 81805 87656 90710 91102 93100=
07299,2008-06-16 05:00:00,11.3,1010.4,-0.3,94,10.4,8000,3.704,7.408,,80,,,0.2,,,,,,,61,og-post,,,,AAXX 16054 07299 21258 80802 10113 20104 39781 40104 56003 76166 875// 333 69925 83704 87656 90710 91104 93100=
07299,2008-06-16 06:00:00,11.6,1010.4,0.1,94,10.7,9000,3.704,11.112,,90,11,13.7,0.2,0.6,,1,3.8,0.3,11,60,og-post,,,,AAXX 16064 07299 01259 80902 10116 20107 39782 40104 53001 60012 76062 875// 333 10137 20110 32011 55003 69967 70038 85704 87656 90710 91106 93100 555 69925=
07299,2008-06-16 07:00:00,12.2,1010.6,0.3,91,10.8,10000,7.408,14.816,,100,,,,,,,,,,60,og-post,,,,AAXX 16074 07299 21260 81004 10122 20108 39784 40106 53003 76066 875// 333 69905 84704 87617 90710 91108 93100=
07299,2008-06-16 08:00:00,13,1010.5,0.3,83,10.2,13000,7.408,14.816,,90,,,,,,,,,,21,og-post,,,,AAXX 16084 07299 21363 70904 10130 20102 39784 40105 51003 72162 8587/ 333 69905 83808 85620 87356 90710 91108 93100=
07299,2008-06-16 09:00:00,14.2,1010.3,0.1,73,9.4,15000,7.408,14.816,,110,,,0,,,,,,,1,og-post,,,,AAXX 16094 07299 21465 71104 10142 20094 39784 40103 51001 70162 8587/ 333 69907 82815 83630 87359 90710 91108 93100 555 60005=
07299,2008-06-16 10:00:00,15.4,1010.1,-0.1,69,9.7,18000,7.408,14.816,,140,,,0,,,,,,,,og-post,,,,AAXX 16104 07299 22568 71404 10154 20097 39783 40101 58001 8323/ 333 60005 83820 87359 90710 91108 93100=
07299,2008-06-16 11:00:00,16.4,1009.8,-0.3,61,8.9,18000,7.408,22.224,,90,,,0,,,,,,,,og-post,,,,AAXX 16114 07299 22568 70904 10164 20089 39781 40098 58003 8323/ 333 60005 82820 87361 90710 91112 93100=
07299,2008-06-16 12:00:00,16.6,1009.6,-0.5,61,9.1,18000,3.704,14.816,,140,,,0,0,,,,,,1,og-post,,,,AAXX 16124 07299 01568 71402 10166 20091 39779 40096 58005 69901 70162 8283/ 333 60007 82830 87359 90710 91108 93100 555 60005=
07299,2008-06-16 13:00:00,16.4,1009.7,-0.3,64,9.6,18000,7.408,14.816,,110,,,,,,,,,,60,og-post,,,,AAXX 16134 07299 21668 71104 10164 20096 39780 40097 55003 76062 8287/ 333 69905 82833 87357 90710 91108 93100=
07299,2008-06-16 14:00:00,17,1009.1,-0.6,63,9.9,18000,7.408,18.52,,100,,,,,,,,,,21,og-post,,,,AAXX 16144 07299 21668 71004 10170 20099 39775 40091 58006 72162 8287/ 333 69905 82833 87358 90710 91110 93100=
07299,2008-06-16 15:00:00,16.7,1008.9,-0.6,66,10.3,18000,11.112,18.52,,120,,,,,,,,,,21,og-post,,,,AAXX 16154 07299 21568 71206 10167 20103 39773 40089 58006 72162 8287/ 333 69907 82831 87358 90710 91110 93100 555 69905=
07299,2008-06-16 16:00:00,16.7,1008.8,-0.7,67,10.5,18000,11.112,18.52,,110,,,,,,,,,,60,og-post,,,,AAXX 16164 07299 21568 71106 10167 20105 39772 40088 56007 76062 8287/ 333 69905 82831 87357 90710 91110 93100=
07299,2008-06-16 17:00:00,16.4,1008.8,-0.3,65,9.8,18000,7.408,18.52,,110,,,,,,,,,,60,og-post,,,,AAXX 16174 07299 21568 71104 10164 20098 39771 40088 57003 76066 8287/ 333 69905 82831 87357 90710 91110 93100=
07299,2008-06-16 18:00:00,15.3,1009.2,0.1,77,11.3,18000,11.112,22.224,,120,11.5,17.2,,,,,,,,60,og-post,,,,AAXX 16184 07299 01568 71206 10153 20113 39774 40092 53001 69902 76062 8287/ 333 10172 20115 69907 82831 87357 90710 91112 93100 555 69905=
07299,2008-06-16 19:00:00,14.3,1009.5,0.4,86,12,20000,7.408,14.816,,100,,,0.2,,,,,,,60,og-post,,,,AAXX 16194 07299 21470 81004 10143 20120 39776 40095 53004 76066 8587/ 333 69925 81810 85656 87356 90710 91108 93100=
07299,2008-06-16 20:00:00,14.1,1009.6,0.6,86,11.8,25000,7.408,14.816,,100,,,,,,,,,,21,og-post,,,,AAXX 16204 07299 21475 81004 10141 20118 39777 40096 51006 72162 8587/ 333 69905 81810 84650 87358 90710 91108 93100=
07299,2008-06-16 21:00:00,13.9,1009.9,0.6,87,11.8,18000,7.408,14.816,,90,,,,0.2,,,,,,60,og-post,,,,AAXX 16214 07299 21568 80904 10139 20118 39780 40099 53006 76062 8587/ 333 69927 81823 84650 87357 90710 91108 93100 555 69905=
07299,2008-06-16 22:00:00,13.8,1010,0.4,86,11.5,18000,11.112,18.52,,80,,,,,,,,,,60,og-post,,,,AAXX 16224 07299 21568 80806 10138 20115 39780 40100 51004 76066 8487/ 333 69905 81823 83650 87357 90710 91110 93100=
07299,2008-06-16 23:00:00,13.6,1010.1,0.4,86,11.3,15000,11.112,18.52,,100,,,0.2,,,,,,,61,og-post,,,,AAXX 16234 07299 21465 81006 10136 20113 39781 40101 51004 76166 878// 333 69925 81815 83650 87656 90710 91110 93100=
07299,2008-06-17 00:00:00,13.3,1010.1,0.1,89,11.5,18000,3.704,11.112,,80,,,,0.2,0.4,,,,,60,og-post,,,,AAXX 17004 07299 01568 80802 10133 20115 39781 40101 52001 69941 76062 875// 333 69927 81625 87650 90710 91106 93100 555 69905=
07299,2008-06-17 01:00:00,13.2,1009.8,-0.1,91,11.8,20000,3.704,7.408,,140,,,,,,,,,,,og-post,,,,AAXX 17014 07299 26/70 /1402 10132 20118 39778 40098 58001 333 69905 90710 91104=
07299,2008-06-17 02:00:00,13.2,1009.8,-0.3,89,11.4,12000,3.704,7.408,,100,,,0.2,,,,,,,,og-post,,,,AAXX 17024 07299 26/62 /1002 10132 20114 39778 40098 58003 333 69925 90710 91104=
07299,2008-06-17 03:00:00,12.8,1009.9,-0.3,92,11.5,4500,3.704,11.112,,90,,,3,3,,,,,,63,og-post,,,,AAXX 17034 07299 21545 80902 10128 20115 39778 40099 56003 76362 878// 333 60037 81820 87640 90710 91106 555 60035=
07299,2008-06-17 04:00:00,12.5,1010.2,0.2,93,11.4,3600,3.704,11.112,,60,,,2,,,,,,,61,og-post,,,,AAXX 17044 07299 21436 80602 10125 20114 39781 40102 53002 76166 878// 333 60025 81813 87638 90710 91106=
07299,2008-06-17 05:00:00,12.5,1010.5,0.6,94,11.6,3200,7.408,7.408,,40,,,2,,,,,,,61,og-post,,,,AAXX 17054 07299 21232 80404 10125 20116 39784 40105 53006 76166 888// 333 60025 81803 88635 90710 91104=
07299,2008-06-17 06:00:00,12.8,1010.9,1,94,11.9,7000,3.704,11.112,,50,12.5,15.3,0.8,4,,8,7.8,0.4,12,61,og-post,,,,AAXX 17064 07299 01257 80502 10128 20119 39788 40109 53010 60082 76162 888// 333 10153 20125 32012 55004 60047 70078 82803 88635 90710 91106 555 69985=
07299,2008-06-17 07:00:00,13.3,1010.9,0.9,93,12.2,8000,7.408,14.816,,70,,,0.4,,,,,,,61,og-post,,,,AAXX 17074 07299 21258 80704 10133 20122 39789 40109 51009 76166 888// 333 69945 81705 83816 87636 90710 91108=
07299,2008-06-17 08:00:00,13.6,1011.3,0.9,91,12.2,9000,7.408,11.112,,90,,,,,,,,,,60,og-post,,,,AAXX 17084 07299 21359 80904 10136 20122 39793 40113 51009 76066 888// 333 69905 81707 83813 87630 90710 91106=
07299,2008-06-17 09:00:00,14.2,1011.4,0.7,89,12.4,10000,7.408,11.112,,90,,,,0.4,,,,,,21,og-post,,,,AAXX 17094 07299 21260 80904 10142 20124 39795 40114 52007 72162 888// 333 69947 82806 87630 90710 91106 555 69905=
07299,2008-06-17 10:00:00,15.4,1011.6,0.8,85,12.9,10000,7.408,22.224,,100,,,0,,,,,,,,og-post,,,,AAXX 17104 07299 22460 81004 10154 20129 39798 40116 52008 888// 333 60005 83811 87630 90710 91112=
07299,2008-06-17 11:00:00,17,1011.2,0.3,79,13.3,15000,3.704,14.816,,120,,,0.2,,,,,,,,og-post,,,,AAXX 17114 07299 22465 71202 10170 20133 39796 40112 50003 878// 333 69925 83815 87635 90710 91108=
07299,2008-06-17 12:00:00,18.6,1011.1,0.1,72,13.5,15000,7.408,11.112,,360,,,0,0.2,0.6,,,,,2,og-post,,,,AAXX 17124 07299 01465 73604 10186 20135 39796 40111 51001 69961 70262 878// 333 69927 83818 87633 90710 91106 93100 555 60005=
07299,2008-06-17 13:00:00,16.8,1011.3,-0.1,84,14.1,15000,14.816,18.52,,340,,,0,,,,,,,,og-post,,,,AAXX 17134 07299 22565 73408 10168 20141 39797 40113 55001 873// 333 60005 83821 81925 87635 90710 91110 93100=
07299,2008-06-17 14:00:00,16.6,1011.6,0.3,87,14.4,7000,7.408,18.52,,360,,,0.2,,,,,,,80,og-post,,,,AAXX 17144 07299 21557 73604 10166 20144 39799 40116 53003 78086 878// 333 69925 83829 87643 90710 91110 93100=
07299,2008-06-17 15:00:00,17.9,1011.5,0.4,82,14.8,10000,,11.112,,,,,1,1,,,,,,25,og-post,,,,AAXX 17154 07299 21560 70000 10179 20148 39800 40115 51004 72586 878// 333 60017 83830 87650 90710 91106 93100 555 60015=
07299,2008-06-17 16:00:00,17.9,1011.7,0.4,81,14.6,15000,3.704,7.408,,160,,,0,,,,,,,,og-post,,,,AAXX 17164 07299 22465 71602 10179 20146 39802 40117 53004 878// 333 60005 81813 83839 87656 90710 91104 93100=
07299,2008-06-17 17:00:00,17.4,1012,0.5,87,15.2,15000,7.408,11.112,,180,,,0,,,,,,,,og-post,,,,AAXX 17174 07299 22465 71804 10174 20152 39804 40120 53005 878// 333 60005 81815 83840 87656 90710 91106 93100=
07299,2008-06-17 18:00:00,17.5,1012,0.4,85,14.9,15000,3.704,11.112,,170,12.8,18.7,0,0,,2,,,,2,og-post,,,,AAXX 17184 07299 01565 71702 10175 20149 39804 40120 51004 60022 70286 873// 333 10187 20128 60007 81820 81940 86656 90710 91106 93100 555 60005=
07299,2008-06-17 19:00:00,16.2,1012.9,1,87,14,13000,7.408,11.112,,350,,,0,,,,,,,,og-post,,,,AAXX 17194 07299 22563 73504 10162 20140 39811 40129 53010 873// 333 60005 82820 83633 81940 86656 90710 91106 93100=
07299,2008-06-17 20:00:00,15.8,1013.7,1.5,90,14.2,10000,11.112,14.816,,310,,,0,,,,,,,,og-post,,,,AAXX 17204 07299 22460 73106 10158 20142 39819 40137 53015 873// 333 60005 81810 85620 81940 87650 90710 91108 93100=
07299,2008-06-17 21:00:00,15.2,1014.6,2.3,93,14.1,5000,3.704,11.112,,320,,,0.8,0.8,,,,,,25,og-post,,,,AAXX 17214 07299 21450 73202 10152 20141 39827 40146 52023 72586 878// 333 69987 81810 84620 87633 90710 91106 93100 555 69985=
07299,2008-06-17 22:00:00,14.8,1015.3,2.1,94,13.8,4000,7.408,7.408,,290,,,0,,,,,,,10,og-post,,,,AAXX 17224 07299 21240 72904 10148 20138 39833 40153 51021 71022 875// 333 60005 81705 83620 87640 90710 91104 93100=
07299,2008-06-17 23:00:00,14.3,1015.7,1.7,94,13.3,3000,3.704,11.112,,290,,,0,,,,,,,10,og-post,,,,AAXX 17234 07299 21230 72902 10143 20133 39836 40157 51017 71022 8553/ 333 60005 81705 83640 87360 90710 91106 93100=
07299,2008-06-18 00:00:00,14.2,1015.9,1.1,95,13.4,3000,7.408,11.112,,260,,,0,0,0.8,,,,,10,og-post,,,,AAXX 18004 07299 01430 72604 10142 20134 39838 40159 51011 69981 71086 8183/ 333 60007 81812 87359 90710 91106 93100 555 60005=
07299,2008-06-18 01:00:00,14.3,1015.9,0.5,95,13.5,3200,3.704,11.112,,290,,,0,,,,,,,,og-post,,,,AAXX 18014 07299 26/32 /2902 10143 20135 39838 40159 51005 333 60005 90710 91106=
07299,2008-06-18 02:00:00,14.3,1016.3,0.6,95,13.5,4200,3.704,7.408,,290,,,0,,,,,,,,og-post,,,,AAXX 18024 07299 26/42 /2902 10143 20135 39842 40163 53006 333 60005 90710 91104=
07299,2008-06-18 03:00:00,14.4,1016.8,0.9,94,13.4,4000,3.704,7.408,,270,,,0,0,,,,,,10,og-post,,,,AAXX 18034 07299 21440 82702 10144 20134 39847 40168 53009 71022 876// 333 60007 87715 90710 91104 93100 555 60005=
07299,2008-06-18 04:00:00,14.3,1017.1,1.2,94,13.3,4000,3.704,7.408,,240,,,0,,,,,,,10,og-post,,,,AAXX 18044 07299 21440 72402 10143 20133 39850 40171 51012 71022 8653/ 333 60005 83710 85620 87360 90710 91104 93100=
07299,2008-06-18 05:00:00,14.1,1017.6,1.2,95,13.3,4500,3.704,7.408,,280,,,0,,,,,,,10,og-post,,,,AAXX 18054 07299 21445 72802 10141 20133 39855 40176 53012 71022 875// 333 60005 82710 87616 90710 91104 93100=
07299,2008-06-18 06:00:00,15.8,1017.9,1.2,92,14.5,10000,7.408,14.816,,270,13.8,17.9,0,0,,0.8,2.8,0.5,13,,og-post,,,,AAXX 18064 07299 02460 22704 10158 20145 39859 40179 53012 69982 82800 333 10179 20138 31013 55005 60007 70028 81810 90710 91108 93100 555 60005=
07299,2008-06-18 07:00:00,17.4,1018.1,1.3,83,14.5,10000,7.408,11.112,,330,,,0,,,,,,,,og-post,,,,AAXX 18074 07299 22460 53304 10174 20145 39863 40181 51013 85800 333 60005 85812 90710 91106 93100=
07299,2008-06-18 08:00:00,18.3,1018.1,0.9,73,13.4,10000,3.704,14.816,,230,,,0,,,,,,,,og-post,,,,AAXX 18084 07299 22560 32302 10183 20134 39864 40181 51009 83200 333 60005 83820 90710 91108 93100=
07299,2008-06-18 09:00:00,19.5,1017.8,0.3,64,12.5,12000,7.408,11.112,,10,,,0,0,,,,,,,og-post,,,,AAXX 18094 07299 22562 20104 10195 20125 39862 40178 50003 82200 333 60007 82825 90710 91106 93100 555 60005=
07299,2008-06-18 10:00:00,20.3,1017.5,-0.2,63,13,15000,7.408,18.52,,250,,,0,,,,,,,,og-post,,,,AAXX 18104 07299 22665 22504 10203 20130 39860 40175 58002 82202 333 60005 82833 90710 91110 93100=
07299,2008-06-18 11:00:00,21.8,1017,-0.7,51,11.2,15000,7.408,18.52,,40,,,0,,,,,,,,og-post,,,,AAXX 18114 07299 22665 20404 10218 20112 39857 40170 57007 82202 333 60005 82836 90710 91110 93100=
07299,2008-06-18 12:00:00,22.4,1016.9,-0.6,46,10.2,15000,7.408,22.224,,290,,,0,0,,,,,,,og-post,,,,AAXX 18124 07299 02665 12904 10224 20102 39856 40169 56006 60001 81201 333 60007 81843 90710 91112 93100 555 60005=
07299,2008-06-18 13:00:00,23.2,1016.3,-0.8,46,10.9,15000,3.704,14.816,,30,,,0,,,,,,,,og-post,,,,AAXX 18134 07299 22665 10302 10232 20109 39851 40163 58008 81201 333 60005 81846 90710 91108 93100=
07299,2008-06-18 14:00:00,23.8,1016,-0.9,43,10.5,15000,7.408,18.52,,250,,,0,,,,,,,,og-post,,,,AAXX 18144 07299 22665 32504 10238 20105 39849 40160 56009 81201 333 60005 81846 83073 90710 91110 93100=
07299,2008-06-18 15:00:00,24.5,1015.3,-1.2,38,9.3,20000,3.704,11.112,,300,,,0,0,,,,,,,og-post,,,,AAXX 18154 07299 22770 53002 10245 20093 39843 40153 58012 81202 333 60007 81850 85073 90710 91106 93100 555 60005=
07299,2008-06-18 16:00:00,24.1,1014.7,-1.4,42,10.4,20000,7.408,14.816,,20,,,0,,,,,,,,og-post,,,,AAXX 18164 07299 22770 50204 10241 20104 39837 40147 58014 82202 333 60005 82850 84073 90710 91108 93100=
07299,2008-06-18 17:00:00,23.6,1014.6,-1.4,42,9.9,20000,7.408,14.816,,330,,,0,,,,,,,,og-post,,,,AAXX 18174 07299 22770 43304 10236 20099 39835 40146 56014 81102 333 60005 81850 83073 90710 91108 93100=
07299,2008-06-18 18:00:00,22.7,1014.8,-0.7,52,12.3,20000,7.408,11.112,,320,15.8,24.8,0,0,,,,,,,og-post,,,,AAXX 18184 07299 02770 43204 10227 20123 39836 40148 55007 60002 81102 333 10248 20158 60007 81850 83073 90710 91106 93100 555 60005=
07299,2008-06-18 19:00:00,19.8,1015.1,-0,74,15,20000,3.704,7.408,,300,,,0,,,,,,,,og-post,,,,AAXX 18194 07299 22770 53002 10198 20150 39837 40151 55000 81102 333 60005 81856 85073 90710 91104 93100=
07299,2008-06-18 20:00:00,17,1015.8,0.5,81,13.7,20000,3.704,7.408,,240,,,0,,,,,,,,og-post,,,,AAXX 18204 07299 22870 52402 10170 20137 39840 40158 53005 82401 333 60005 82656 85073 90710 91104 93100=
07299,2008-06-18 21:00:00,15.1,1016.2,0.6,86,12.8,20000,,11.112,,,,,0,0,,,,,,,og-post,,,,AAXX 18214 07299 22870 40000 10151 20128 39842 40162 53006 81031 333 60007 81358 84073 90710 91106 93100 555 60005=
07299,2008-06-18 22:00:00,14.4,1016.4,0.6,89,12.6,20000,3.704,3.704,,190,,,0,,,,,,,,og-post,,,,AAXX 18224 07299 22870 41902 10144 20126 39843 40164 51006 81031 333 60005 81358 84073 90710 91102 93100=
07299,2008-06-18 23:00:00,13.1,1016.4,0.2,90,11.5,20000,3.704,7.408,,160,,,0,,,,,,,,og-post,,,,AAXX 18234 07299 22870 31602 10131 20115 39842 40164 50002 81031 333 60005 81358 83073 90710 91104 93100=
07299,2008-06-19 00:00:00,12.6,1016.3,-0.2,92,11.3,20000,3.704,7.408,,150,,,0,0,,,,,,,og-post,,,,AAXX 19004 07299 02/70 11502 10126 20113 39840 40163 58002 60001 80001 333 60007 81073 90710 91104 93100 555 60005=
07299,2008-06-19 01:00:00,12.8,1016.5,-0.2,91,11.4,20000,3.704,11.112,,170,,,0,,,,,,,,og-post,,,,AAXX 19014 07299 26/70 /1702 10128 20114 39842 40165 55002 333 60005 90710 91106=
07299,2008-06-19 02:00:00,13.6,1016.1,-0.3,89,11.8,20000,7.408,11.112,,150,,,0,,,,,,,,og-post,,,,AAXX 19024 07299 26/70 /1504 10136 20118 39839 40161 57003 333 60005 90710 91106=
07299,2008-06-19 03:00:00,13.1,1016.4,0.2,89,11.3,20000,7.408,11.112,,160,,,0,0,,,,,,,og-post,,,,AAXX 19034 07299 22870 21604 10131 20113 39842 40164 53002 81031 333 60007 81358 90710 91106 93100 555 60005=
07299,2008-06-19 04:00:00,12,1017,0.5,90,10.4,20000,3.704,11.112,,200,,,0,,,,,,,,og-post,,,,AAXX 19044 07299 22870 32002 10120 20104 39846 40170 53005 81501 333 60005 81656 90710 91106 93100=
07299,2008-06-19 05:00:00,14.1,1016.8,0.8,89,12.3,20000,7.408,11.112,,170,,,0,,,,,,,,og-post,,,,AAXX 19054 07299 22770 41704 10141 20123 39847 40168 51008 81531 333 60005 81656 83075 90710 91106 93100=
07299,2008-06-19 06:00:00,15.5,1016.7,0.5,85,13,20000,7.408,11.112,,160,11.9,22.6,0,0,,,0,11.8,10,,og-post,,,,AAXX 19064 07299 02970 51604 10155 20130 39847 40167 51005 60002 82031 333 10226 20119 30010 55118 60007 70000 82360 84075 90710 91106 93100 555 60005=
07299,2008-06-19 07:00:00,18,1017.1,0.8,74,13.3,20000,7.408,14.816,,170,,,0,,,,,,,,og-post,,,,AAXX 19074 07299 22870 21704 10180 20133 39854 40171 53008 82031 333 60005 82357 90710 91108 93100=
07299,2008-06-19 08:00:00,20.9,1017.2,1.1,61,13.1,20000,3.704,14.816,,240,,,0,,,,,,,,og-post,,,,AAXX 19084 07299 22670 32402 10209 20131 39858 40172 53011 81131 333 60005 81836 90710 91108 93100=
07299,2008-06-19 09:00:00,21.8,1017,0.9,54,12.1,30000,22.224,35.188,,270,,,2,2,,,,,,,og-post,,,,AAXX 19094 07299 22680 32712 10218 20121 39857 40170 50009 81131 333 60027 81846 90710 91119 93100 555 60025=
07299,2008-06-19 10:00:00,22.2,1016.9,0.2,56,13,30000,14.816,31.484,,260,,,0,,,,,,,,og-post,,,,AAXX 19104 07299 22780 32608 10222 20130 39856 40169 50002 81131 333 60005 81850 90710 91117 93100=
07299,2008-06-19 11:00:00,23,1016.6,-0.4,55,13.5,30000,18.52,38.892,,290,,,0,,,,,,,,og-post,,,,AAXX 19114 07299 22780 52910 10230 20135 39854 40166 58004 81134 333 60005 81850 85075 90710 91121 93100=
07299,2008-06-19 12:00:00,23.9,1016.1,-0.7,49,12.5,30000,14.816,31.484,,280,,,0,0,,,,,,,og-post,,,,AAXX 19124 07299 02780 72808 10239 20125 39850 40161 58007 60001 81144 333 60007 81850 87075 90710 91117 93100 555 60005=
07299,2008-06-19 13:00:00,24.6,1015.8,-0.7,52,14.1,30000,14.816,29.632,,280,,,0,,,,,,,,og-post,,,,AAXX 19134 07299 22780 72808 10246 20141 39848 40158 56007 81142 333 60005 81850 83360 87075 90710 91116 93100=
07299,2008-06-19 14:00:00,25.2,1015.7,-0.7,48,13.4,30000,22.224,38.892,,280,,,0,,,,,,,,og-post,,,,AAXX 19144 07299 22780 72812 10252 20134 39848 40157 56007 81142 333 60005 81856 86361 87075 90710 91121 93100=
07299,2008-06-19 15:00:00,24.3,1015.7,-0.3,50,13.2,30000,18.52,35.188,,270,,,0,0,,,,,,,og-post,,,,AAXX 19154 07299 22780 72710 10243 20132 39847 40157 56003 81142 333 60007 81856 83361 87075 90710 91119 93100 555 60005=
07299,2008-06-19 16:00:00,23.6,1015.6,-0.4,52,13.2,30000,18.52,35.188,,270,,,0,,,,,,,,og-post,,,,AAXX 19164 07299 22780 72710 10236 20132 39845 40156 57004 81142 333 60005 81856 83361 87075 90710 91119 93100=
07299,2008-06-19 17:00:00,24.1,1015.7,-0,50,13,30000,18.52,35.188,,270,,,0,,,,,,,,og-post,,,,AAXX 19174 07299 22980 62710 10241 20130 39847 40157 55000 81042 333 60005 81364 86075 90710 91119 93100=
07299,2008-06-19 18:00:00,23.6,1016.1,0.3,50,12.6,30000,14.816,31.484,,270,15.5,25.3,0,0,,,,,,,og-post,,,,AAXX 19184 07299 02980 32708 10236 20126 39850 40161 53003 60002 81042 333 10253 20155 60007 81364 83075 90710 91117 93100 555 60005=
07299,2008-06-19 19:00:00,21.9,1016.5,0.7,53,11.9,25000,18.52,31.484,,280,,,0,,,,,,,,og-post,,,,AAXX 19194 07299 22975 42810 10219 20119 39852 40165 52007 83032 333 60005 83363 83075 90710 91117 93100=
07299,2008-06-19 20:00:00,21,1017.4,1.3,58,12.4,25000,11.112,25.928,,250,,,0,,,,,,,,og-post,,,,AAXX 19204 07299 22975 72506 10210 20124 39860 40174 53013 86052 333 60005 86359 83075 90710 91114 93100=
07299,2008-06-19 21:00:00,20.1,1018.4,1.9,61,12.3,25000,11.112,18.52,,220,,,0,0,,,,,,,og-post,,,,AAXX 19214 07299 22675 72206 10201 20123 39869 40184 53019 8125/ 333 60007 81833 85359 86361 90710 91110 93100 555 60005=
07299,2008-06-19 22:00:00,19.6,1018.5,1.7,62,12.1,25000,11.112,22.224,,200,,,,,,,,,,25,og-post,,,,AAXX 19224 07299 21675 72006 10196 20121 39869 40185 51017 72586 8128/ 333 69905 81833 87358 90710 91112 93100=
07299,2008-06-19 23:00:00,17.6,1019.1,1.4,71,12.3,20000,3.704,11.112,,160,,,0,,,,,,,,og-post,,,,AAXX 19234 07299 26/70 /1602 10176 20123 39873 40191 51014 333 60005 90710 91106=
07299,2008-06-20 00:00:00,17.4,1019.7,0.9,68,11.4,20000,3.704,11.112,,150,,,0,,,,,,,2,og-post,,,,AAXX 20004 07299 01970 71502 10174 20114 39878 40197 53009 69901 70286 85082 333 69907 85359 87073 90710 91106 93100 555 60005=
07299,2008-06-20 01:00:00,15.1,1020.2,1.1,81,11.9,20000,7.408,11.112,,190,,,0,,,,,,,,og-post,,,,AAXX 20014 07299 26/70 /1904 10151 20119 39881 40202 51011 333 60005 90710 91106=
07299,2008-06-20 02:00:00,13.4,1020.4,0.7,87,11.3,20000,7.408,11.112,,210,,,0,,,,,,,,og-post,,,,AAXX 20024 07299 26/70 /2104 10134 20113 39881 40204 51007 333 60005 90710 91106=
07299,2008-06-20 03:00:00,14.3,1020.3,0.3,85,11.8,20000,11.112,14.816,,230,,,0,0,,,,,,,og-post,,,,AAXX 20034 07299 26/70 /2306 10143 20118 39881 40203 51003 333 60007 90710 91108 555 60005=
07299,2008-06-20 04:00:00,14.6,1020.5,0.3,86,12.3,25000,3.704,11.112,,160,,,0,,,,,,,,og-post,,,,AAXX 20044 07299 22675 71602 10146 20123 39883 40205 53003 82532 333 60005 82643 86362 86073 90710 91106 93100=
07299,2008-06-20 05:00:00,15.5,1020.8,0.6,87,13.3,25000,3.704,3.704,,260,,,0,,,,,,,,og-post,,,,AAXX 20054 07299 22575 72602 10155 20133 39887 40208 53006 82882 333 60005 81820 86357 87073 90710 91102 93100=
07299,2008-06-20 06:00:00,17.5,1020.9,0.9,83,14.6,25000,7.408,11.112,,150,13.2,23.6,0,0,,,0,10.4,11,,og-post,,,,AAXX 20064 07299 02575 71504 10175 20146 39890 40209 53009 69902 8388/ 333 10236 20132 31011 55104 60007 79999 81820 83656 87357 90710 91106 93100 555 60005=
07299,2008-06-20 07:00:00,19.5,1020.7,0.9,72,14.3,25000,7.408,7.408,,160,,,0,,,,,,,,og-post,,,,AAXX 20074 07299 22575 71604 10195 20143 39891 40207 51009 82882 333 60005 81820 84357 87075 90710 91104 93100=
07299,2008-06-20 08:00:00,21.6,1020.6,0.6,61,13.8,30000,3.704,14.816,,270,,,0,,,,,,,,og-post,,,,AAXX 20084 07299 22580 72702 10216 20138 39892 40206 51006 83832 333 60005 82825 83357 86073 90710 91108 93100=
07299,2008-06-20 09:00:00,22.2,1020.8,0.4,64,15.1,30000,11.112,25.928,,270,,,0,0,,,,,,,og-post,,,,AAXX 20094 07299 22580 72706 10222 20151 39894 40208 51004 85832 333 60007 82826 84650 86073 90710 91114 93100 555 60005=
07299,2008-06-20 10:00:00,22.8,1020.5,0,63,15.4,30000,14.816,25.928,,280,,,0,,,,,,,,og-post,,,,AAXX 20104 07299 22680 52808 10228 20154 39892 40205 50000 85832 333 60005 84836 90710 91114 93100=
07299,2008-06-20 11:00:00,23.8,1020.1,-0.3,54,13.9,40000,14.816,29.632,,280,,,0,,,,,,,,og-post,,,,AAXX 20114 07299 22682 52808 10238 20139 39889 40201 58003 85800 333 60005 84843 90710 91116 93100=
07299,2008-06-20 12:00:00,24,1019.8,-0.7,60,15.8,40000,18.52,29.632,,290,,,0,0,,,,,,,og-post,,,,AAXX 20124 07299 02682 52910 10240 20158 39887 40198 58007 60001 85800 333 60007 84843 90710 91116 93100 555 60005=
07299,2008-06-20 13:00:00,24.8,1019,-1.3,57,15.7,40000,18.52,31.484,,280,,,0,,,,,,,,og-post,,,,AAXX 20134 07299 22682 52810 10248 20157 39880 40190 58013 83801 333 60005 83846 90710 91117 93100=
07299,2008-06-20 14:00:00,25.3,1018.8,-1.2,55,15.6,50000,14.816,29.632,,290,,,0,,,,,,,,og-post,,,,AAXX 20144 07299 22684 62908 10253 20156 39878 40188 56012 82802 333 60005 82846 84073 90710 91116 93100=
07299,2008-06-20 15:00:00,25.1,1018.9,-0.8,54,15.1,50000,18.52,31.484,,300,,,0,0,,,,,,,og-post,,,,AAXX 20154 07299 22684 63010 10251 20151 39879 40189 55008 81802 333 60007 81846 85073 90710 91117 93100 555 60005=
07299,2008-06-20 16:00:00,25.2,1018.9,-0.1,51,14.3,50000,14.816,29.632,,290,,,0,,,,,,,,og-post,,,,AAXX 20164 07299 22684 62908 10252 20143 39879 40189 56001 81802 333 60005 81846 85073 90710 91116 93100=
07299,2008-06-20 17:00:00,24.7,1018.6,-0.2,52,14.2,50000,14.816,25.928,,290,,,0,,,,,,,,og-post,,,,AAXX 20174 07299 22684 52908 10247 20142 39876 40186 58002 81841 333 60005 81846 84073 90710 91114 93100=
07299,2008-06-20 18:00:00,23,1018.9,-0.2,62,15.3,50000,11.112,22.224,,300,17.6,25.5,0,0,,,,,,,og-post,,,,AAXX 20184 07299 02784 63006 10230 20153 39877 40189 55002 60002 81842 333 10255 20176 60007 81850 85073 90710 91112 93100 555 60005=
07299,2008-06-20 19:00:00,21.1,1019.1,-0.1,68,15,30000,11.112,14.816,,280,,,0,,,,,,,,og-post,,,,AAXX 20194 07299 22980 62806 10211 20150 39877 40191 56001 81041 333 60005 81362 86075 90710 91108 93100=
07299,2008-06-20 20:00:00,18.6,1019.8,0.5,76,14.3,30000,7.408,14.816,,220,,,0,,,,,,,,og-post,,,,AAXX 20204 07299 22980 32204 10186 20143 39881 40198 53005 81041 333 60005 81362 83075 90710 91108 93100=
07299,2008-06-20 21:00:00,16.5,1020.7,1,84,13.8,20000,11.112,14.816,,220,,,0,0,,,,,,,og-post,,,,AAXX 20214 07299 22970 22206 10165 20138 39887 40207 53010 81041 333 60007 81362 90710 91108 93100 555 60005=
07299,2008-06-20 22:00:00,17.4,1020.9,1.3,81,14.1,20000,3.704,14.816,,270,,,0,,,,,,,,og-post,,,,AAXX 20224 07299 22970 22702 10174 20141 39890 40209 51013 81041 333 60005 81362 90710 91108 93100=
07299,2008-06-20 23:00:00,15.1,1021,0.8,89,13.3,20000,7.408,7.408,,180,,,0,,,,,,,,og-post,,,,AAXX 20234 07299 22970 21804 10151 20133 39889 40210 50008 81041 333 60005 81362 90710 91104 93100=
07299,2008-06-21 00:00:00,13.8,1021.2,0.2,90,12.2,20000,,3.704,,,,,0,0,,,,,,,og-post,,,,AAXX 21004 07299 02970 10000 10138 20122 39889 40212 51002 60001 81041 333 60007 81362 90710 91102 93100 555 60005=
07299,2008-06-21 01:00:00,12.4,1021.4,-0.1,91,11,13000,3.704,7.408,,310,,,0,,,,,,,,og-post,,,,AAXX 21014 07299 26/63 /3102 10124 20110 39889 40214 56001 333 60005 90710 91104=
07299,2008-06-21 02:00:00,12,1021.5,0.1,94,11.1,19000,,7.408,,,,,0,,,,,,,,og-post,,,,AAXX 21024 07299 26/69 /0000 10120 20111 39890 40215 53001 333 60005 90710 91104=
07299,2008-06-21 03:00:00,11.6,1021.5,0,94,10.7,20000,3.704,3.704,,220,,,0,0,,,,,,,og-post,,,,AAXX 21034 07299 22/70 12202 10116 20107 39889 40215 50000 80001 333 60007 81075 90710 91102 93100 555 60005=
07299,2008-06-21 04:00:00,12.4,1021.7,0.3,95,11.6,20000,3.704,3.704,,210,,,0,,,,,,,,og-post,,,,AAXX 21044 07299 22/70 12102 10124 20116 39892 40217 53003 80001 333 60005 81075 90710 91102 93100=
07299,2008-06-21 05:00:00,14.5,1021.7,0.5,95,13.7,20000,3.704,7.408,,180,,,0.2,,,,,,,,og-post,,,,AAXX 21054 07299 22/70 11802 10145 20137 39895 40217 53005 80001 333 69925 81075 90710 91104 93100=
07299,2008-06-21 06:00:00,18,1021.4,0.7,83,15.1,30000,7.408,11.112,,170,11.5,22.9,0,0.2,,0.2,0.2,10.5,10,,og-post,,,,AAXX 21064 07299 02/80 11704 10180 20151 39896 40214 51007 69922 80001 333 10229 20115 30010 55105 69927 70002 81075 90710 91106 93100 555 60005=
07299,2008-06-21 07:00:00,20.5,1021.3,0.5,67,14.2,40000,3.704,11.112,,160,,,0,,,,,,,,og-post,,,,AAXX 21074 07299 22682 11602 10205 20142 39897 40213 51005 81101 333 60005 81836 90710 91106 93100=
07299,2008-06-21 08:00:00,23,1020.9,0.1,62,15.3,40000,3.704,11.112,,110,,,0,,,,,,,,og-post,,,,AAXX 21084 07299 22682 11102 10230 20153 39896 40209 50001 81101 333 60005 81840 90710 91106 93100=
07299,2008-06-21 09:00:00,24,1020.5,-0.3,56,14.7,40000,3.704,11.112,,70,,,0,0,,,,,,,og-post,,,,AAXX 21094 07299 22682 10702 10240 20147 39893 40205 58003 81101 333 60007 81840 90710 91106 93100 555 60005=
07299,2008-06-21 10:00:00,25.1,1020.1,-0.6,52,14.6,40000,3.704,11.112,,320,,,0,,,,,,,,og-post,,,,AAXX 21104 07299 22682 13202 10251 20146 39891 40201 58006 81100 333 60005 81843 90710 91106 93100=
07299,2008-06-21 11:00:00,26.3,1019.8,-0.8,54,16.2,40000,3.704,11.112,,270,,,0,,,,,,,,og-post,,,,AAXX 21114 07299 22682 12702 10263 20162 39889 40198 57008 81200 333 60005 81843 90710 91106 93100=
07299,2008-06-21 12:00:00,26.7,1019.1,-1,53,16.3,40000,7.408,14.816,,300,,,0,0,,,,,,,og-post,,,,AAXX 21124 07299 02682 13004 10267 20163 39883 40191 58010 60001 81200 333 60007 81846 90710 91108 93100 555 60005=
07299,2008-06-21 13:00:00,27.7,1018.5,-1.3,48,15.7,40000,7.408,14.816,,330,,,0,,,,,,,,og-post,,,,AAXX 21134 07299 22682 13304 10277 20157 39878 40185 58013 81200 333 60005 81846 90710 91108 93100=
07299,2008-06-21 14:00:00,28.3,1018.4,-1.1,46,15.6,40000,3.704,18.52,,310,,,0,,,,,,,,og-post,,,,AAXX 21144 07299 22782 13102 10283 20156 39877 40184 56011 81200 333 60005 81850 90710 91110 93100=
07299,2008-06-21 15:00:00,29,1017.8,-1.1,46,16.2,40000,7.408,22.224,,310,,,0,0,,,,,,,og-post,,,,AAXX 21154 07299 22782 13104 10290 20162 39872 40178 57011 81100 333 60007 81850 90710 91112 93100 555 60005=
07299,2008-06-21 16:00:00,29.4,1017.2,-1.1,47,16.9,40000,3.704,14.816,,280,,,0,,,,,,,,og-post,,,,AAXX 21164 07299 22782 12802 10294 20169 39867 40172 58011 81100 333 60005 81850 90710 91108 93100=
07299,2008-06-21 17:00:00,28.7,1017.1,-1.2,48,16.6,30000,7.408,14.816,,30,,,0,,,,,,,,og-post,,,,AAXX 21174 07299 22780 10304 10287 20166 39865 40171 56012 81100 333 60005 81856 90710 91108 93100=
07299,2008-06-21 18:00:00,28.3,1017,-0.8,49,16.6,30000,3.704,14.816,,360,18.1,29.5,0,0,,,,,,,og-post,,,,AAXX 21184 07299 02780 13602 10283 20166 39864 40170 56008 60002 81100 333 10295 20181 60007 81856 90710 91108 93100 555 60005=
07299,2008-06-21 19:00:00,26.4,1017.2,-0.2,72,20.9,30000,3.704,7.408,,250,,,0,,,,,,,,og-post,,,,AAXX 21194 07299 22980 02502 10264 20209 39865 40172 55002 333 60005 90710 91104 93100=
07299,2008-06-21 20:00:00,21.6,1017.9,-0,84,18.8,30000,7.408,7.408,,250,,,0,,,,,,,,og-post,,,,AAXX 21204 07299 22980 02504 10216 20188 39866 40179 55000 333 60005 90710 91104 93100=
07299,2008-06-21 21:00:00,20.3,1018.2,0.4,86,17.9,30000,3.704,7.408,,200,,,0,0,,,,,,,og-post,,,,AAXX 21214 07299 22980 02002 10203 20179 39868 40182 53004 333 60007 90710 91104 93100 555 60005=
07299,2008-06-21 22:00:00,18.8,1018.5,0.4,91,17.3,30000,3.704,3.704,,190,,,0,,,,,,,,og-post,,,,AAXX 21224 07299 22980 01902 10188 20173 39869 40185 52004 333 60005 90710 91102 93100=
07299,2008-06-21 23:00:00,17.5,1018.6,0.2,93,16.4,30000,,3.704,,,,,0,,,,,,,,og-post,,,,AAXX 21234 07299 22980 00000 10175 20164 39868 40186 50002 333 60005 90710 91102 93100=
07299,2008-06-22 00:00:00,16.6,1018.6,-0.1,94,15.6,30000,3.704,7.408,,170,,,0,0,,,,,,,og-post,,,,AAXX 22004 07299 02980 01702 10166 20156 39867 40186 58001 60001 333 60007 90710 91104 93100 555 60005=
07299,2008-06-22 01:00:00,16.6,1018.4,-0.4,94,15.6,20000,7.408,11.112,,180,,,0,,,,,,,,og-post,,,,AAXX 22014 07299 26/70 /1804 10166 20156 39865 40184 58004 333 60005 90710 91106=
07299,2008-06-22 02:00:00,17,1018,-0.6,91,15.5,20000,7.408,11.112,,190,,,0,,,,,,,,og-post,,,,AAXX 22024 07299 26/70 /1904 10170 20155 39862 40180 58006 333 60005 90710 91106=
07299,2008-06-22 03:00:00,16.5,1017.7,-0.9,91,15,20000,7.408,14.816,,170,,,0,0,,,,,,,og-post,,,,AAXX 22034 07299 22970 01704 10165 20150 39858 40177 58009 333 60007 90710 91108 93100 555 60005=
07299,2008-06-22 04:00:00,16,1017.9,-0.5,92,14.7,30000,7.408,14.816,,180,,,0,,,,,,,,og-post,,,,AAXX 22044 07299 22980 01804 10160 20147 39860 40179 55005 333 60005 90710 91108 93100=
07299,2008-06-22 05:00:00,18,1018.1,0.2,87,15.8,30000,11.112,14.816,,180,,,0,,,,,,,,og-post,,,,AAXX 22054 07299 22/80 21806 10180 20158 39864 40181 53002 80001 333 60005 82075 90710 91108 93100=
07299,2008-06-22 06:00:00,20.9,1017.8,0.6,75,16.3,30000,11.112,18.52,,160,15.9,28.5,0,0,,,0,14.8,14,,og-post,,,,AAXX 22064 07299 02680 31606 10209 20163 39864 40178 51006 60002 81201 333 10285 20159 30014 55148 60007 70000 81833 90710 91110 93100 555 60005=
07299,2008-06-22 07:00:00,23.7,1017.4,0.3,66,17,35000,11.112,22.224,,150,,,0,,,,,,,,og-post,,,,AAXX 22074 07299 22681 41506 10237 20170 39863 40174 51003 81201 333 60005 81840 84075 90710 91112 93100=
07299,2008-06-22 08:00:00,26.5,1016.8,-0.4,56,17,35000,7.408,14.816,,140,,,0,,,,,,,,og-post,,,,AAXX 22084 07299 22681 51404 10265 20170 39860 40168 58004 81232 333 60005 81840 85076 90710 91108 93100=
07299,2008-06-22 09:00:00,28.7,1016.6,-0.2,51,17.6,40000,7.408,14.816,,130,,,0,0,,,,,,,og-post,,,,AAXX 22094 07299 22682 51304 10287 20176 39861 40166 55002 81282 333 60007 81843 84076 90710 91108 93100 555 60005=
07299,2008-06-22 10:00:00,30.4,1016.4,-0.3,46,17.5,40000,7.408,14.816,,130,,,0,,,,,,,,og-post,,,,AAXX 22104 07299 22682 51304 10304 20175 39860 40164 56003 81282 333 60005 81846 84076 90710 91108 93100=
07299,2008-06-22 11:00:00,30.3,1016.3,-0.1,49,18.4,35000,11.112,18.52,,300,,,0,,,,,,,,og-post,,,,AAXX 22114 07299 22781 53006 10303 20184 39859 40163 58001 81202 333 60005 81850 85076 90710 91110 93100=
07299,2008-06-22 12:00:00,28.4,1016,-0.6,58,19.3,15000,14.816,29.632,,280,,,0,0,,,,,,17,og-post,,,,AAXX 22124 07299 01765 62808 10284 20193 39855 40160 58006 60001 71791 83963 333 60007 82950 83361 86075 90710 91116 93100 555 60005=
07299,2008-06-22 13:00:00,29.9,1016,-0.3,58,20.7,30000,14.816,25.928,,210,,,0,,,,,,,29,og-post,,,,AAXX 22134 07299 21780 62108 10299 20207 39857 40160 55003 72992 82963 333 60005 81950 85075 90710 91114 93100=
07299,2008-06-22 14:00:00,30.2,1015.6,-0.6,50,18.6,40000,11.112,22.224,,180,,,0,,,,,,,,og-post,,,,AAXX 22144 07299 22782 51806 10302 20186 39853 40156 57006 81282 333 60005 81850 83076 90710 91112 93100=
07299,2008-06-22 15:00:00,30.8,1015.1,-0.7,48,18.5,40000,7.408,18.52,,230,,,0,0,,,,,,1,og-post,,,,AAXX 22154 07299 21782 42304 10308 20185 39848 40151 58007 70191 81289 333 60007 81850 83365 90710 91110 93100 555 60005=
07299,2008-06-22 16:00:00,30.2,1014.6,-1.4,48,18,40000,3.704,11.112,,150,,,0,,,,,,,,og-post,,,,AAXX 22164 07299 22782 41502 10302 20180 39843 40146 58014 81281 333 60005 81850 83363 90710 91106 93100=
07299,2008-06-22 17:00:00,30.8,1014.3,-1.2,49,18.8,35000,3.704,7.408,,170,,,0,,,,,,,,og-post,,,,AAXX 22174 07299 22781 41702 10308 20188 39841 40143 56012 81983 333 60005 81950 90710 91104 93100=
07299,2008-06-22 18:00:00,31.3,1014,-1,52,20.3,35000,,3.704,,,20.9,31.9,0,0,,,,,,1,og-post,,,,AAXX 22184 07299 01781 20000 10313 20203 39838 40140 56010 60002 70191 81283 333 10319 20209 60007 81850 90710 91102 93100 555 60005=
07299,2008-06-22 19:00:00,26.8,1014.5,-0.4,78,22.6,25000,,7.408,,,,,0,,,,,,,,og-post,,,,AAXX 22194 07299 22975 20000 10268 20226 39839 40145 55004 82082 333 60005 82363 90710 91104 93100=
07299,2008-06-22 20:00:00,23.2,1015.1,0.1,86,20.7,25000,3.704,7.408,,180,,,0,,,,,,,,og-post,,,,AAXX 22204 07299 22975 21802 10232 20207 39841 40151 53001 82082 333 60005 82363 90710 91104 93100=
07299,2008-06-22 21:00:00,22.9,1015.4,0.6,86,20.4,20000,7.408,11.112,,160,,,0,0,,,,,,13,og-post,,,,AAXX 22214 07299 21970 71604 10229 20204 39844 40154 53006 71311 83082 333 60007 83363 87073 90710 91106 93100 555 60005=
07299,2008-06-22 22:00:00,22.4,1015.9,0.9,87,20.1,20000,3.704,11.112,,160,,,0,,,,,,,13,og-post,,,,AAXX 22224 07299 21670 71602 10224 20201 39848 40159 53009 71322 81983 333 60005 81943 84363 87073 90710 91106 93100=
07299,2008-06-22 23:00:00,22.7,1016.5,1.2,81,19.3,20000,3.704,31.484,,100,,,0,,,,,,,,og-post,,,,AAXX 22234 07299 22970 61002 10227 20193 39854 40165 53012 84082 333 60005 82359 84363 86073 90710 91117 93100=
07299,2008-06-23 00:00:00,20.8,1016.9,1.2,87,18.6,20000,3.704,11.112,,240,,,0,0,,,,,,,og-post,,,,AAXX 23004 07299 02970 62402 10208 20186 39856 40169 51012 60001 84092 333 60007 81359 84362 90710 91106 93100 555 60005=
07299,2008-06-23 01:00:00,19.7,1017.5,1.1,88,17.7,20000,7.408,14.816,,210,,,0,,,,,,,,og-post,,,,AAXX 23014 07299 26/70 /2104 10197 20177 39860 40175 51011 333 60005 90710 91108=
07299,2008-06-23 02:00:00,19.3,1017.8,0.8,89,17.4,20000,3.704,11.112,,170,,,0,,,,,,,,og-post,,,,AAXX 23024 07299 26/70 /1702 10193 20174 39863 40178 53008 333 60005 90710 91106=
07299,2008-06-23 03:00:00,19,1018.2,1,90,17.3,15000,3.704,7.408,,90,,,0,0,,,,,,,og-post,,,,AAXX 23034 07299 22965 10902 10190 20173 39866 40182 51010 81080 333 60007 81358 90710 91104 93100 555 60005=
07299,2008-06-23 04:00:00,17.8,1018.6,0.9,92,16.5,15000,,7.408,,,,,0,,,,,,,,og-post,,,,AAXX 23044 07299 22965 10000 10178 20165 39869 40186 51009 81031 333 60005 81358 90710 91104 93100=
07299,2008-06-23 05:00:00,18.8,1018.8,0.9,93,17.6,17000,3.704,3.704,,210,,,0,,,,,,,,og-post,,,,AAXX 23054 07299 22967 22102 10188 20176 39872 40188 51009 82081 333 60005 82359 90710 91102 93100=
07299,2008-06-23 06:00:00,22.1,1018.6,0.7,84,19.3,17000,3.704,7.408,,150,17.6,31.4,0,0,,,0,12.7,16,,og-post,,,,AAXX 23064 07299 02667 31502 10221 20193 39874 40186 52007 60002 81581 333 10314 20176 30016 55127 60007 70000 81640 83361 90710 91104 93100 555 60005=
07299,2008-06-23 07:00:00,24.5,1018.4,0.5,69,18.4,18000,7.408,11.112,,240,,,0,,,,,,,,og-post,,,,AAXX 23074 07299 22668 42404 10245 20184 39874 40184 51005 81591 333 60005 81640 83362 90710 91106 93100=
07299,2008-06-23 08:00:00,26,1018.2,0.2,66,19.2,20000,3.704,11.112,,270,,,0,,,,,,,,og-post,,,,AAXX 23084 07299 22570 22702 10260 20192 39874 40182 51002 81192 333 60005 81826 90710 91106 93100=
07299,2008-06-23 09:00:00,26.8,1017.8,-0.3,63,19.2,20000,3.704,14.816,,330,,,0,0,,,,,,,og-post,,,,AAXX 23094 07299 22570 13302 10268 20192 39871 40178 58003 81130 333 60007 81830 90710 91108 93100 555 60005=
07299,2008-06-23 10:00:00,27.5,1017.7,-0.4,58,18.5,22000,7.408,18.52,,320,,,0,,,,,,,,og-post,,,,AAXX 23104 07299 22672 13204 10275 20185 39870 40177 58004 81100 333 60005 81835 90710 91110 93100=
07299,2008-06-23 11:00:00,28.8,1017.2,-0.7,56,19.1,22000,7.408,18.52,,330,,,0,,,,,,,,og-post,,,,AAXX 23114 07299 22672 13304 10288 20191 39867 40172 57007 81100 333 60005 81840 90710 91110 93100=
07299,2008-06-23 12:00:00,29.4,1016.5,-1,55,19.4,25000,11.112,18.52,,300,,,0,0,,,,,,,og-post,,,,AAXX 23124 07299 02675 13006 10294 20194 39861 40165 58010 60001 81230 333 60007 81843 90710 91110 93100 555 60005=
07299,2008-06-23 13:00:00,29.7,1016,-1.4,51,18.5,25000,11.112,25.928,,310,,,0,,,,,,,,og-post,,,,AAXX 23134 07299 22675 13106 10297 20185 39856 40160 58014 81330 333 60005 81845 81946 90710 91114 93100=
07299,2008-06-23 14:00:00,30.2,1015.4,-1.6,49,18.3,28000,11.112,25.928,,290,,,0,,,,,,,,og-post,,,,AAXX 23144 07299 22778 12906 10302 20183 39851 40154 56016 81330 333 60005 81850 81950 90710 91114 93100=
07299,2008-06-23 15:00:00,28.2,1015.5,-1,64,20.7,22000,29.632,38.892,,360,,,0,0,,,,,,,og-post,,,,AAXX 23154 07299 22772 23616 10282 20207 39850 40155 56010 81330 333 60007 81850 81950 90710 91121 93100 555 60005=
07299,2008-06-23 16:00:00,27.3,1015.4,-0.8,61,19.1,22000,22.224,42.596,,350,,,0,,,,,,,,og-post,,,,AAXX 23164 07299 22772 13512 10273 20191 39848 40154 56008 81231 333 60005 81850 90710 91123 93100=
07299,2008-06-23 17:00:00,25.3,1015.9,-0,69,19.2,20000,22.224,29.632,,330,,,0,,,,,,,,og-post,,,,AAXX 23174 07299 22770 53312 10253 20192 39851 40159 55000 81134 333 60005 81850 85073 90710 91116 93100=
07299,2008-06-23 18:00:00,24.2,1016.1,0.2,79,20.3,22000,11.112,25.928,,320,22.2,30.7,0,0,,,,,,,og-post,,,,AAXX 23184 07299 02772 63206 10242 20203 39852 40161 53002 60002 81134 333 10307 20222 60007 81856 86073 90710 91114 93100 555 60005=
07299,2008-06-23 19:00:00,24.1,1016.2,0.5,78,20,20000,18.52,25.928,,350,,,0,,,,,,,14,og-post,,,,AAXX 23194 07299 21570 63510 10241 20200 39853 40162 51005 71422 84801 333 60005 81830 83650 85073 90710 91114 93100=
07299,2008-06-23 20:00:00,22.1,1016.9,0.6,78,18.1,20000,11.112,31.484,,330,,,0,,,,,,,,og-post,,,,AAXX 23204 07299 22670 43306 10221 20181 39857 40169 53006 82801 333 60005 81833 83075 90710 91117 93100=
07299,2008-06-23 21:00:00,20.3,1017.4,0.9,85,17.7,20000,7.408,18.52,,290,,,0,0,,,,,,,og-post,,,,AAXX 23214 07299 22670 32904 10203 20177 39860 40174 53009 81831 333 60007 81840 90710 91110 93100 555 60005=
07299,2008-06-23 22:00:00,19.7,1017.4,0.6,86,17.3,20000,7.408,11.112,,330,,,0,,,,,,,,og-post,,,,AAXX 23224 07299 22670 43304 10197 20173 39859 40174 50006 82831 333 60005 81840 83358 90710 91106 93100=
07299,2008-06-23 23:00:00,18.4,1017.6,0.3,90,16.7,18000,11.112,11.112,,310,,,0,,,,,,,,og-post,,,,AAXX 23234 07299 22768 33106 10184 20167 39860 40176 51003 81531 333 60005 81650 83075 90710 91106 93100=
07299,2008-06-24 00:00:00,18,1017.4,-0.3,91,16.5,18000,7.408,14.816,,270,,,0,0,,,,,,,og-post,,,,AAXX 24004 07299 02768 22704 10180 20165 39857 40174 58003 60001 81531 333 60007 81650 90710 91108 93100 555 60005=
07299,2008-06-24 01:00:00,17.3,1017.1,-0.5,93,16.2,15000,7.408,7.408,,250,,,0,,,,,,,,og-post,,,,AAXX 24014 07299 26/65 /2504 10173 20162 39854 40171 58005 333 60005 90710 91104=
07299,2008-06-24 02:00:00,16,1017.1,-0.8,93,14.9,3900,3.704,7.408,,320,,,0,,,,,,,,og-post,,,,AAXX 24024 07299 26/39 /3202 10160 20149 39852 40171 56008 333 60005 90710 91104=
07299,2008-06-24 03:00:00,16.4,1016.7,-0.8,95,15.6,8000,3.704,7.408,,250,,,0,0,,,,,,11,og-post,,,,AAXX 24034 07299 21858 52502 10164 20156 39849 40167 57008 71111 81031 333 60007 81357 85075 90710 91104 93100 555 60005=
07299,2008-06-24 04:00:00,16.3,1016.9,-0.4,95,15.5,7000,3.704,7.408,,200,,,0,,,,,,,11,og-post,,,,AAXX 24044 07299 21257 72002 10163 20155 39850 40169 55004 71122 81632 333 60005 81703 83366 86075 90710 91104 93100=
07299,2008-06-24 05:00:00,17.1,1017,-0,95,16.3,8000,3.704,7.408,,280,,,0,,,,,,,,og-post,,,,AAXX 24054 07299 22258 72802 10171 20163 39852 40170 55000 81682 333 60005 81703 84366 86075 90710 91104 93100=
07299,2008-06-24 06:00:00,18.2,1017.8,1.1,95,17.4,8000,11.112,18.52,,10,14.9,24.2,0,0,,,0,10.9,13,,og-post,,,,AAXX 24064 07299 02658 80106 10182 20174 39861 40178 53011 60002 81572 333 10242 20149 30013 55109 60007 70000 81643 86363 87075 90710 91110 93100 555 60005=
07299,2008-06-24 07:00:00,19,1018.7,2.1,92,17.7,8000,11.112,18.52,,300,,,0,,,,,,,,og-post,,,,AAXX 24074 07299 22558 83006 10190 20177 39871 40187 53021 8287/ 333 60005 81829 88361 90710 91110 93100=
07299,2008-06-24 08:00:00,21.2,1017.8,1.3,86,18.8,10000,7.408,25.928,,230,,,0.2,,,,,,,21,og-post,,,,AAXX 24084 07299 21460 72304 10212 20188 39865 40178 50013 72162 82872 333 69925 82815 83363 87070 90710 91114 93100=
07299,2008-06-24 09:00:00,23.5,1016.7,-0.3,75,18.8,12000,7.408,11.112,,170,,,0,0.2,,,,,,1,og-post,,,,AAXX 24094 07299 21462 71704 10235 20188 39857 40167 58003 70162 81172 333 69927 81815 85364 86070 90710 91106 93100 555 60005=
07299,2008-06-24 10:00:00,24.2,1016.6,-1.5,75,19.5,12000,7.408,14.816,,210,,,0,,,,,,,,og-post,,,,AAXX 24104 07299 22562 72104 10242 20195 39856 40166 56015 81172 333 60005 81820 85364 86070 90710 91108 93100=
07299,2008-06-24 11:00:00,23.7,1017,-0.4,80,20,12000,7.408,11.112,,300,,,,,,,,,,60,og-post,,,,AAXX 24114 07299 21562 83004 10237 20200 39860 40170 55004 76062 8197/ 333 69905 81923 83361 87362 90710 91106 93100=
07299,2008-06-24 12:00:00,24,1016,-0.8,76,19.5,18000,7.408,25.928,,90,,,,,0.2,,,,,,og-post,,,,AAXX 24124 07299 06/68 /0904 10240 20195 39850 40160 58008 69921 333 69907 90710 91114 555 69905=
07299,2008-06-24 13:00:00,27.2,1015,-1.2,60,18.8,15000,14.816,25.928,,120,,,0,,,,,,,,og-post,,,,AAXX 24134 07299 22665 71208 10272 20188 39844 40150 58012 81272 333 60005 81840 83363 87070 90710 91114 93100=
07299,2008-06-24 14:00:00,28.2,1014.4,-2.3,55,18.3,15000,7.408,25.928,,60,,,0,,,,,,,,og-post,,,,AAXX 24144 07299 22665 70604 10282 20183 39839 40144 56023 81272 333 60005 81840 83364 87073 90710 91114 93100=
07299,2008-06-24 15:00:00,27.5,1013.7,-1.6,62,19.6,15000,7.408,14.816,,50,,,0,0,,,,,,,og-post,,,,AAXX 24154 07299 22665 70504 10275 20196 39832 40137 58016 81272 333 60007 81840 85365 85073 90710 91108 93100 555 60005=
07299,2008-06-24 16:00:00,25.8,1014,-1.1,74,20.8,15000,22.224,29.632,,340,,,0,,,,,,,,og-post,,,,AAXX 24164 07299 22665 63412 10258 20208 39833 40140 56011 81132 333 60005 81840 83365 85073 90710 91116 93100=
07299,2008-06-24 17:00:00,25.6,1014.1,-0.5,73,20.4,15000,14.816,29.632,,340,,,0,,,,,,,,og-post,,,,AAXX 24174 07299 22765 63408 10256 20204 39834 40141 55005 81182 333 60005 81850 83365 85073 90710 91116 93100=
07299,2008-06-24 18:00:00,25.2,1013.9,-0.2,74,20.2,15000,7.408,18.52,,330,18.3,28.5,0,0,,0.2,,,,,og-post,,,,AAXX 24184 07299 02765 43304 10252 20202 39831 40139 58002 69922 81182 333 10285 20183 60007 81850 83365 90710 91110 93100 555 60005=
07299,2008-06-24 19:00:00,23.6,1014.4,0.2,83,20.5,20000,7.408,7.408,,260,,,0,,,,,,,,og-post,,,,AAXX 24194 07299 22970 72604 10236 20205 39835 40144 53002 85092 333 60005 85365 85073 90710 91104 93100=
07299,2008-06-24 20:00:00,21.6,1015.1,0.5,90,19.9,20000,7.408,11.112,,320,,,0,,,,,,,,og-post,,,,AAXX 24204 07299 22970 63204 10216 20199 39839 40151 53005 82091 333 60005 82364 85073 90710 91106 93100=
07299,2008-06-24 21:00:00,20.8,1015,0.6,90,19.1,16000,3.704,7.408,,210,,,0,0,,,,,,,og-post,,,,AAXX 24214 07299 22966 72102 10208 20191 39837 40150 50006 83091 333 60007 83365 86073 90710 91104 93100 555 60005=
07299,2008-06-24 22:00:00,19.8,1015.2,0.3,93,18.6,12000,7.408,7.408,,320,,,0,,,,,,,,og-post,,,,AAXX 24224 07299 22962 73204 10198 20186 39838 40152 51003 83091 333 60005 83362 86073 90710 91104 93100=
07299,2008-06-24 23:00:00,19.3,1015.3,0.1,94,18.3,8000,3.704,11.112,,220,,,0,,,,,,,,og-post,,,,AAXX 24234 07299 22958 62202 10193 20183 39839 40153 53001 82031 333 60005 82362 85073 90710 91106 93100=
07299,2008-06-25 00:00:00,19.3,1015.2,0.1,95,18.5,8000,3.704,11.112,,180,,,0,0,,,,,,,og-post,,,,AAXX 25004 07299 02958 41802 10193 20185 39838 40152 50001 60001 82031 333 60007 82362 83073 90710 91106 93100 555 60005=
07299,2008-06-25 01:00:00,18.3,1015.2,-0.3,95,17.5,3700,,7.408,,,,,0,,,,,,,,og-post,,,,AAXX 25014 07299 26/37 /0000 10183 20175 39836 40152 58003 333 60005 90710 91104=
07299,2008-06-25 02:00:00,17,1015.3,-0.5,95,16.2,3200,3.704,7.408,,210,,,0,,,,,,,,og-post,,,,AAXX 25024 07299 26/32 /2102 10170 20162 39836 40153 55005 333 60005 90710 91104=
07299,2008-06-25 03:00:00,17.8,1015.2,-0.1,95,17,10000,7.408,7.408,,180,,,0,0,,,,,,,og-post,,,,AAXX 25034 07299 22960 31804 10178 20170 39836 40152 55001 81031 333 60007 81364 90710 91104 93100 555 60005=
07299,2008-06-25 04:00:00,17.3,1015.4,0.3,96,16.7,10000,3.704,11.112,,180,,,0,,,,,,,11,og-post,,,,AAXX 25044 07299 21960 31802 10173 20167 39837 40154 52003 71100 81032 333 60005 81364 83073 90710 91106 93100=
07299,2008-06-25 05:00:00,19.1,1015.5,0.4,96,18.4,8000,7.408,14.816,,170,,,0,,,,,,,40,og-post,,,,AAXX 25054 07299 21958 41704 10191 20184 39840 40155 53004 74000 81032 333 60005 81365 90710 91108 93100=
07299,2008-06-25 06:00:00,21.2,1015.3,0.4,87,18.9,12000,11.112,14.816,,160,16.7,25.1,0,0,,,0.2,4.4,14,,og-post,,,,AAXX 25064 07299 02962 51606 10212 20189 39841 40153 52004 60002 84032 333 10251 20167 30014 55044 60007 70002 84365 90710 91108 93100 555 60005=
07299,2008-06-25 07:00:00,23.5,1015.2,0.4,77,19.2,12000,11.112,14.816,,170,,,0,,,,,,,,og-post,,,,AAXX 25074 07299 22962 21706 10235 20192 39842 40152 51004 82032 333 60005 82365 90710 91108 93100=
07299,2008-06-25 08:00:00,25.9,1014.8,0.1,64,18.6,20000,3.704,11.112,,300,,,0,,,,,,,,og-post,,,,AAXX 25084 07299 26/70 /3002 10259 20186 39841 40148 50001 333 60005 90710 91106=
07299,2008-06-25 09:00:00,26.5,1014.8,0,59,17.8,15000,7.408,14.816,,290,,,0,0,,,,,,,og-post,,,,AAXX 25094 07299 22965 52904 10265 20178 39841 40148 50000 81031 333 60007 81365 85073 90710 91108 93100 555 60005=
07299,2008-06-25 10:00:00,27.7,1014.5,-0.2,64,20.3,15000,14.816,25.928,,250,,,0,,,,,,,,og-post,,,,AAXX 25104 07299 22465 32508 10277 20203 39840 40145 57002 81131 333 60005 81816 83073 90710 91114 93100=
07299,2008-06-25 11:00:00,28.4,1014.4,-0.2,61,20.1,15000,22.224,35.188,,270,,,0,,,,,,,,og-post,,,,AAXX 25114 07299 22565 32712 10284 20201 39839 40144 58002 81131 333 60005 81826 83073 90710 91119 93100=
07299,2008-06-25 12:00:00,28.8,1013.8,-0.7,54,18.6,15000,22.224,35.188,,270,,,0,0,,,,,,,og-post,,,,AAXX 25124 07299 02565 32712 10288 20186 39834 40138 58007 60001 81231 333 60007 81830 83073 90710 91119 93100 555 60005=
07299,2008-06-25 13:00:00,29.4,1014.2,-0.2,53,18.8,15000,22.224,38.892,,260,,,0,,,,,,,,og-post,,,,AAXX 25134 07299 22665 42612 10294 20188 39838 40142 55002 81232 333 60005 81845 84073 90710 91121 93100=
07299,2008-06-25 14:00:00,29.5,1014.7,0.6,51,18.3,15000,22.224,38.892,,260,,,0,,,,,,,,og-post,,,,AAXX 25144 07299 22665 42612 10295 20183 39843 40147 53006 81232 333 60005 81845 84073 90710 91121 93100=
07299,2008-06-25 15:00:00,27.5,1015.9,1.9,59,18.8,15000,25.928,53.708,,280,,,0,0,,,,,,,og-post,,,,AAXX 25154 07299 22765 22814 10275 20188 39853 40159 53019 81231 333 60007 81850 90710 91129 93100 555 60005=
07299,2008-06-25 16:00:00,26.9,1016,1.4,62,19,15000,22.224,38.892,,280,,,0,,,,,,,,og-post,,,,AAXX 25164 07299 22765 22812 10269 20190 39853 40160 51014 81231 333 60005 81850 90710 91121 93100=
07299,2008-06-25 17:00:00,26.2,1016.5,1.3,64,18.8,15000,18.52,35.188,,280,,,0,,,,,,,,og-post,,,,AAXX 25174 07299 22765 32810 10262 20188 39857 40165 51013 81231 333 60005 81850 90710 91119 93100=
07299,2008-06-25 18:00:00,25,1017.2,1.1,65,18,15000,14.816,31.484,,270,21.2,29.7,0,0,,,,,,,og-post,,,,AAXX 25184 07299 02765 32708 10250 20180 39863 40172 53011 60002 81231 333 10297 20212 60007 81850 90710 91117 93100 555 60005=
07299,2008-06-25 19:00:00,22.7,1017.9,1.5,70,16.9,20000,18.52,25.928,,260,,,0,,,,,,,,og-post,,,,AAXX 25194 07299 26/70 /2610 10227 20169 39867 40179 51015 333 60005 90710 91114=
07299,2008-06-25 20:00:00,20,1018.9,1.6,79,16.2,18000,11.112,25.928,,260,,,0,,,,,,,,og-post,,,,AAXX 25204 07299 22768 32606 10200 20162 39874 40189 52016 81830 333 60005 81850 90710 91114 93100=
07299,2008-06-25 21:00:00,19.7,1019.7,1.7,81,16.3,18000,11.112,18.52,,240,,,0,0,,,,,,,og-post,,,,AAXX 25214 07299 22668 62406 10197 20163 39881 40197 53017 86500 333 60007 86643 90710 91110 93100 555 60005=
07299,2008-06-25 22:00:00,20.9,1019.8,1.6,75,16.3,18000,3.704,14.816,,300,,,0,,,,,,,,og-post,,,,AAXX 25224 07299 22668 73002 10209 20163 39884 40198 51016 87500 333 60005 87647 90710 91108 93100=
07299,2008-06-25 23:00:00,19.9,1020.3,1.3,81,16.5,18000,7.408,11.112,,270,,,0,,,,,,,,og-post,,,,AAXX 25234 07299 22668 72704 10199 20165 39887 40203 51013 87500 333 60005 87648 87656 90710 91106 93100=
07299,2008-06-26 00:00:00,19.9,1020.4,0.6,80,16.3,18000,7.408,14.816,,270,,,0,0,,,,,,,og-post,,,,AAXX 26004 07299 02668 72704 10199 20163 39888 40204 51006 60001 87500 333 60007 87633 87646 90710 91108 93100 555 60005=
07299,2008-06-26 01:00:00,19.7,1020.2,0.2,83,16.7,20000,7.408,14.816,,300,,,0,,,,,,,,og-post,,,,AAXX 26014 07299 26/70 /3004 10197 20167 39886 40202 50002 333 60005 90710 91108=
07299,2008-06-26 02:00:00,19.8,1020.2,-0.1,82,16.6,20000,7.408,14.816,,310,,,0,,,,,,,,og-post,,,,AAXX 26024 07299 26/70 /3104 10198 20166 39886 40202 58001 333 60005 90710 91108=
07299,2008-06-26 03:00:00,18.3,1020.2,-0.3,84,15.5,15000,11.112,14.816,,310,,,0,0,,,,,,,og-post,,,,AAXX 26034 07299 22765 73106 10183 20155 39885 40202 56003 875// 333 60007 85650 85657 90710 91108 93100 555 60005=
07299,2008-06-26 04:00:00,18.3,1020.5,0.1,83,15.4,20000,11.112,22.224,,310,,,0,,,,,,,,og-post,,,,AAXX 26044 07299 26/70 /3106 10183 20154 39887 40205 53001 333 60005 90710 91112=
07299,2008-06-26 05:00:00,18.8,1020.4,0.1,81,15.5,15000,11.112,18.52,,330,,,0,,,,,,,,og-post,,,,AAXX 26054 07299 22765 73306 10188 20155 39887 40204 53001 87500 333 60005 87650 90710 91110 93100=
07299,2008-06-26 06:00:00,19,1020.5,0.4,79,15.3,18000,14.816,22.224,,350,18.1,24.9,0,0,,,0,11.8,17,,og-post,,,,AAXX 26064 07299 02768 83508 10190 20153 39888 40205 52004 60002 885// 333 10249 20181 30017 55118 60007 70000 88650 90710 91112 93100 555 60005=
07299,2008-06-26 07:00:00,19.2,1020.8,0.3,77,15.1,18000,14.816,22.224,,350,,,0,,,,,,,,og-post,,,,AAXX 26074 07299 22768 83508 10192 20151 39891 40208 53003 885// 333 60005 88650 90710 91112 93100=
07299,2008-06-26 08:00:00,19.9,1020.9,0.6,74,15.1,20000,7.408,22.224,,360,,,0,,,,,,,,og-post,,,,AAXX 26084 07299 22570 73604 10199 20151 39893 40209 53006 878// 333 60005 81831 87650 90710 91112 93100=
07299,2008-06-26 09:00:00,19.9,1020.9,0.5,77,15.7,20000,11.112,18.52,,340,,,0,0,,,,,,,og-post,,,,AAXX 26094 07299 22570 73406 10199 20157 39893 40209 51005 878// 333 60007 82830 87645 90710 91110 93100 555 60005=
07299,2008-06-26 10:00:00,21.5,1020.7,0.2,70,15.8,20000,7.408,14.816,,20,,,0,,,,,,,,og-post,,,,AAXX 26104 07299 22570 70204 10215 20158 39893 40207 51002 878// 333 60005 81830 87644 90710 91108 93100=
07299,2008-06-26 11:00:00,23,1020.3,-0.2,66,16.3,20000,3.704,14.816,,10,,,0,,,,,,,,og-post,,,,AAXX 26114 07299 22570 70102 10230 20163 39891 40203 58002 878// 333 60005 81827 87646 90710 91108 93100=
07299,2008-06-26 12:00:00,23.7,1019.8,-0.7,57,14.7,20000,7.408,18.52,,70,,,0,0,,,,,,,og-post,,,,AAXX 26124 07299 02570 70704 10237 20147 39886 40198 58007 60001 84801 333 60007 81830 83650 85073 90710 91110 93100 555 60005=
07299,2008-06-26 13:00:00,25,1019.2,-1.1,53,14.8,20000,3.704,18.52,,30,,,0,,,,,,,,og-post,,,,AAXX 26134 07299 22670 70302 10250 20148 39882 40192 58011 83801 333 60005 81836 83656 85073 90710 91110 93100=
07299,2008-06-26 14:00:00,25,1018.8,-1.4,56,15.6,20000,3.704,18.52,,80,,,0,,,,,,,,og-post,,,,AAXX 26144 07299 22670 40802 10250 20156 39878 40188 56014 82201 333 60005 82840 83073 90710 91110 93100=
07299,2008-06-26 15:00:00,26.3,1018.3,-1.1,50,15,20000,3.704,11.112,,290,,,0,0,,,,,,,og-post,,,,AAXX 26154 07299 22770 42902 10263 20150 39874 40183 56011 82231 333 60007 82850 83073 90710 91106 93100 555 60005=
07299,2008-06-26 16:00:00,26.1,1018,-1,53,15.8,20000,7.408,11.112,,230,,,0,,,,,,,,og-post,,,,AAXX 26164 07299 22770 42304 10261 20158 39871 40180 56010 82231 333 60005 82850 83073 90710 91106 93100=
07299,2008-06-26 17:00:00,25.2,1017.9,-0.7,64,17.9,20000,3.704,11.112,,270,,,0,,,,,,,,og-post,,,,AAXX 26174 07299 22770 62702 10252 20179 39870 40179 56007 81202 333 60005 81850 86073 90710 91106 93100=
07299,2008-06-26 18:00:00,24.3,1018.2,-0.3,57,15.2,20000,11.112,22.224,,10,19,26.6,0,0,,,,,,,og-post,,,,AAXX 26184 07299 02770 70106 10243 20152 39871 40182 55003 60002 83802 333 10266 20190 60007 81850 83656 86073 90710 91112 93100 555 60005=
07299,2008-06-26 19:00:00,21.5,1018.5,-0,65,14.6,20000,14.816,22.224,,340,,,0,,,,,,,,og-post,,,,AAXX 26194 07299 22770 73408 10215 20146 39871 40185 55000 82802 333 60005 81850 86073 90710 91112 93100=
07299,2008-06-26 20:00:00,18.7,1019,0.3,77,14.6,20000,11.112,25.928,,320,,,0,,,,,,,,og-post,,,,AAXX 26204 07299 22870 73206 10187 20146 39873 40190 53003 81502 333 60005 81656 86073 90710 91114 93100=
07299,2008-06-26 21:00:00,18,1019.3,0.3,79,14.3,20000,11.112,14.816,,330,,,0,0,,,,,,,og-post,,,,AAXX 26214 07299 22870 63306 10180 20143 39875 40193 53003 81501 333 60007 81656 86073 90710 91108 93100 555 60005=
07299,2008-06-26 22:00:00,17.1,1019.4,0.4,81,13.8,18000,3.704,14.816,,300,,,0,,,,,,,,og-post,,,,AAXX 26224 07299 22868 43002 10171 20138 39875 40194 51004 81501 333 60005 81657 84073 90710 91108 93100=
07299,2008-06-26 23:00:00,15.7,1019.5,0.2,86,13.4,18000,7.408,11.112,,250,,,0,,,,,,,,og-post,,,,AAXX 26234 07299 22/68 42504 10157 20134 39875 40195 51002 80001 333 60005 84073 90710 91106 93100=
07299,2008-06-27 00:00:00,15.6,1019.4,0.1,86,13.3,18000,,7.408,,,,,0,0,,,,,,,og-post,,,,AAXX 27004 07299 02/68 40000 10156 20133 39874 40194 51001 60001 80001 333 60007 84073 90710 91104 93100 555 60005=
07299,2008-06-27 01:00:00,13.7,1019.8,-0,91,12.3,15000,,3.704,,,,,0,,,,,,,,og-post,,,,AAXX 27014 07299 26/65 /0000 10137 20123 39875 40198 54000 333 60005 90710 91102=
07299,2008-06-27 02:00:00,13.3,1019.9,0.1,93,12.2,9000,3.704,7.408,,280,,,0,,,,,,,,og-post,,,,AAXX 27024 07299 26/59 /2802 10133 20122 39876 40199 53001 333 60005 90710 91104=
07299,2008-06-27 03:00:00,12.5,1020.1,0.2,93,11.4,10000,3.704,3.704,,220,,,0,0,,,,,,,og-post,,,,AAXX 27034 07299 22460 12202 10125 20114 39877 40201 53002 81100 333 60007 81816 90710 91102 93100 555 60005=
07299,2008-06-27 04:00:00,12.3,1020.5,0.7,94,11.4,10000,3.704,7.408,,280,,,0,,,,,,,,og-post,,,,AAXX 27044 07299 22460 32802 10123 20114 39880 40205 53007 83800 333 60005 81816 83650 90710 91104 93100=
07299,2008-06-27 05:00:00,14.3,1020.3,0.5,95,13.5,10000,3.704,7.408,,190,,,0,,,,,,,,og-post,,,,AAXX 27054 07299 22460 31902 10143 20135 39881 40203 51005 83800 333 60005 81816 83650 90710 91104 93100=
07299,2008-06-27 06:00:00,17.8,1020.2,0.7,86,15.4,13000,3.704,7.408,,160,11.9,24.2,0,0,,,0,3.4,10,,og-post,,,,AAXX 27064 07299 02563 51602 10178 20154 39884 40202 51007 60002 81801 333 10242 20119 30010 55034 60007 70000 81820 85073 90710 91104 93100 555 60005=
07299,2008-06-27 07:00:00,20.1,1020.5,0.8,76,15.7,18000,3.704,7.408,,170,,,0,,,,,,,,og-post,,,,AAXX 27074 07299 22568 71702 10201 20157 39889 40205 53008 84831 333 60005 81823 84650 85073 90710 91104 93100=
07299,2008-06-27 08:00:00,22.8,1020.3,0.9,68,16.6,20000,11.112,18.52,,260,,,0,,,,,,,,og-post,,,,AAXX 27084 07299 22570 72606 10228 20166 39890 40203 51009 81802 333 60005 81826 86073 90710 91110 93100=
07299,2008-06-27 09:00:00,23.4,1020.3,0.8,62,15.7,25000,14.816,25.928,,300,,,0,0,,,,,,,og-post,,,,AAXX 27094 07299 22675 53008 10234 20157 39891 40203 51008 83202 333 60007 83833 83073 90710 91114 93100 555 60005=
07299,2008-06-27 10:00:00,24.1,1020.4,0.4,57,15.1,30000,14.816,29.632,,270,,,0,,,,,,,,og-post,,,,AAXX 27104 07299 22680 32708 10241 20151 39893 40204 53004 82201 333 60005 82840 90710 91116 93100=
07299,2008-06-27 11:00:00,24.8,1020.3,0.1,55,15.1,35000,18.52,38.892,,270,,,0,,,,,,,,og-post,,,,AAXX 27114 07299 22681 32710 10248 20151 39892 40203 50001 82201 333 60005 82843 90710 91121 93100=
07299,2008-06-27 12:00:00,24.9,1020.1,-0.1,47,12.8,35000,18.52,31.484,,290,,,0,0,,,,,,,og-post,,,,AAXX 27124 07299 02681 22910 10249 20128 39890 40201 58001 60001 81101 333 60007 81843 90710 91117 93100 555 60005=
07299,2008-06-27 13:00:00,24.6,1020.1,-0.3,46,12.2,40000,22.224,35.188,,290,,,0,,,,,,,,og-post,,,,AAXX 27134 07299 22682 12912 10246 20122 39890 40201 56003 81131 333 60005 81846 90710 91119 93100=
07299,2008-06-27 14:00:00,25,1020,-0.2,45,12.2,50000,25.928,35.188,,300,,,0,,,,,,,,og-post,,,,AAXX 27144 07299 22784 23014 10250 20122 39889 40200 56002 81131 333 60005 81850 90710 91119 93100=
07299,2008-06-27 15:00:00,25.2,1019.9,-0.2,38,9.9,50000,18.52,35.188,,280,,,0,0,,,,,,,og-post,,,,AAXX 27154 07299 22784 22810 10252 20099 39888 40199 58002 81101 333 60007 81850 90710 91119 93100 555 60005=
07299,2008-06-27 16:00:00,25.1,1019.8,-0.2,40,10.6,50000,18.52,31.484,,280,,,0,,,,,,,,og-post,,,,AAXX 27164 07299 22784 22810 10251 20106 39887 40198 57002 81101 333 60005 81850 90710 91117 93100=
07299,2008-06-27 17:00:00,24.3,1019.9,-0.3,45,11.6,50000,18.52,29.632,,280,,,0,,,,,,,,og-post,,,,AAXX 27174 07299 22784 12810 10243 20116 39887 40199 56003 81101 333 60005 81850 90710 91116 93100=
07299,2008-06-27 18:00:00,23.1,1020.2,0.1,49,11.8,50000,18.52,31.484,,280,18.1,25.5,0,0,,,,,,,og-post,,,,AAXX 27184 07299 02784 22810 10231 20118 39889 40202 53001 60002 81431 333 10255 20181 60007 81650 90710 91117 93100 555 60005=
07299,2008-06-27 19:00:00,21,1021,0.8,59,12.7,30000,11.112,25.928,,310,,,0,,,,,,,,og-post,,,,AAXX 27194 07299 22980 23106 10210 20127 39895 40210 53008 81031 333 60005 81362 90710 91114 93100=
07299,2008-06-27 20:00:00,17.8,1022,1.4,70,12.3,30000,11.112,18.52,,270,,,0,,,,,,,,og-post,,,,AAXX 27204 07299 22780 22706 10178 20123 39901 40220 53014 81541 333 60005 81656 90710 91110 93100=
07299,2008-06-27 21:00:00,18.2,1022.5,1.7,70,12.6,30000,7.408,25.928,,310,,,0,0,,,,,,,og-post,,,,AAXX 27214 07299 22780 33104 10182 20126 39906 40225 51017 82531 333 60007 82656 90710 91114 93100 555 60005=
07299,2008-06-27 22:00:00,15.9,1023,1.4,80,12.5,30000,7.408,11.112,,240,,,0,,,,,,,,og-post,,,,AAXX 27224 07299 22780 32404 10159 20125 39909 40230 51014 82531 333 60005 82656 90710 91106 93100=
07299,2008-06-27 23:00:00,15.2,1022.9,0.6,82,12.1,30000,11.112,14.816,,230,,,0,,,,,,,,og-post,,,,AAXX 27234 07299 22780 32306 10152 20121 39907 40229 50006 82531 333 60005 82650 90710 91108 93100=
07299,2008-06-28 00:00:00,14.3,1022.9,0,84,11.6,30000,11.112,14.816,,240,,,0,0,,,,,,,og-post,,,,AAXX 28004 07299 02780 22406 10143 20116 39906 40229 50000 60001 81531 333 60007 81650 90710 91108 93100 555 60005=
07299,2008-06-28 01:00:00,14.2,1022.6,-0.6,85,11.7,20000,3.704,11.112,,130,,,0,,,,,,,,og-post,,,,AAXX 28014 07299 26/70 /1302 10142 20117 39903 40226 58006 333 60005 90710 91106=
07299,2008-06-28 02:00:00,12.8,1022.8,-0.4,89,11,20000,,3.704,,,,,0,,,,,,,,og-post,,,,AAXX 28024 07299 26/70 /0000 10128 20110 39903 40228 56004 333 60005 90710 91102=
07299,2008-06-28 03:00:00,12,1023.1,-0,91,10.6,20000,,3.704,,,,,0,0,,,,,,,og-post,,,,AAXX 28034 07299 22970 10000 10120 20106 39905 40231 55000 81030 333 60007 81360 90710 91102 93100 555 60005=
07299,2008-06-28 04:00:00,11.7,1023.4,0.5,92,10.4,20000,3.704,7.408,,220,,,0,,,,,,,,og-post,,,,AAXX 28044 07299 22970 12202 10117 20104 39908 40234 53005 81030 333 60005 81360 90710 91104 93100=
07299,2008-06-28 05:00:00,13.8,1023.4,0.7,91,12.4,40000,3.704,7.408,,220,,,0,,,,,,,,og-post,,,,AAXX 28054 07299 22982 12202 10138 20124 39910 40234 52007 81030 333 60005 81360 90710 91104 93100=
07299,2008-06-28 06:00:00,18,1023.1,0.8,72,12.9,40000,3.704,11.112,,110,11.6,23,0,0,,,0,12.4,9,,og-post,,,,AAXX 28064 07299 02982 21102 10180 20129 39912 40231 52008 60002 82030 333 10230 20116 30009 55124 60007 70000 82360 90710 91106 93100 555 60005=
07299,2008-06-28 07:00:00,19.6,1023,0.5,65,12.8,35000,3.704,11.112,,90,,,0,,,,,,,,og-post,,,,AAXX 28074 07299 22981 30902 10196 20128 39913 40230 51005 83030 333 60005 83361 90710 91106 93100=
07299,2008-06-28 08:00:00,21.2,1022.5,0,60,13.1,35000,3.704,14.816,,260,,,0,,,,,,,,og-post,,,,AAXX 28084 07299 22681 32602 10212 20131 39910 40225 50000 81230 333 60005 81835 83360 90710 91108 93100=
07299,2008-06-28 09:00:00,22.2,1022.1,-0.7,61,14.3,35000,7.408,14.816,,290,,,0,0,,,,,,,og-post,,,,AAXX 28094 07299 22681 32904 10222 20143 39907 40221 58007 81230 333 60007 81836 83360 90710 91108 93100 555 60005=
07299,2008-06-28 10:00:00,23.4,1021.8,-0.7,51,12.7,35000,7.408,18.52,,300,,,0,,,,,,,,og-post,,,,AAXX 28104 07299 22681 23004 10234 20127 39905 40218 56007 81230 333 60005 81840 90710 91110 93100=
07299,2008-06-28 11:00:00,23.9,1021.3,-0.9,49,12.5,35000,14.816,25.928,,290,,,0,,,,,,,,og-post,,,,AAXX 28114 07299 22781 22908 10239 20125 39901 40213 57009 81230 333 60005 81850 90710 91114 93100=
07299,2008-06-28 12:00:00,24.8,1020.8,-1,47,12.7,35000,7.408,22.224,,320,,,0,0,,,,,,,og-post,,,,AAXX 28124 07299 02781 13204 10248 20127 39897 40208 58010 60001 81100 333 60007 81850 90710 91112 93100 555 60005=
07299,2008-06-28 13:00:00,25.8,1020.2,-1.3,42,11.9,35000,3.704,22.224,,330,,,0,,,,,,,,og-post,,,,AAXX 28134 07299 22781 13302 10258 20119 39892 40202 57013 81100 333 60005 81850 90710 91112 93100=
07299,2008-06-28 14:00:00,26.6,1019.6,-1.4,39,11.5,35000,7.408,22.224,,280,,,0,,,,,,,,og-post,,,,AAXX 28144 07299 22781 12804 10266 20115 39887 40196 57014 81100 333 60005 81850 90710 91112 93100=
07299,2008-06-28 15:00:00,27,1019.2,-1.2,42,13,35000,7.408,22.224,,290,,,0,0,,,,,,,og-post,,,,AAXX 28154 07299 22781 12904 10270 20130 39884 40192 56012 81100 333 60007 81850 90710 91112 93100 555 60005=
07299,2008-06-28 16:00:00,27.4,1018.8,-1.2,45,14.4,35000,7.408,18.52,,260,,,0,,,,,,,,og-post,,,,AAXX 28164 07299 22781 12604 10274 20144 39880 40188 56012 81100 333 60005 81850 90710 91110 93100=
07299,2008-06-28 17:00:00,27.1,1018.7,-0.8,49,15.5,40000,7.408,14.816,,290,,,0,,,,,,,,og-post,,,,AAXX 28174 07299 22782 12904 10271 20155 39879 40187 56008 81100 333 60005 81850 90710 91108 93100=
07299,2008-06-28 18:00:00,26.2,1018.9,-0.4,54,16.2,40000,7.408,11.112,,270,18.1,27.5,0,0,,,,,,,og-post,,,,AAXX 28184 07299 02782 12704 10262 20162 39880 40189 55004 60002 81800 333 10275 20181 60007 81850 90710 91106 93100 555 60005=
07299,2008-06-28 19:00:00,23.2,1019.4,0.2,66,16.5,40000,7.408,11.112,,270,,,0,,,,,,,,og-post,,,,AAXX 28194 07299 22782 12704 10232 20165 39882 40194 53002 81400 333 60005 81656 90710 91106 93100=
07299,2008-06-28 20:00:00,19.3,1020,0.5,79,15.6,40000,11.112,14.816,,310,,,0,,,,,,,,og-post,,,,AAXX 28204 07299 22782 13106 10193 20156 39884 40200 53005 81400 333 60005 81650 90710 91108 93100=
07299,2008-06-28 21:00:00,18.2,1020.5,0.7,82,15.1,30000,7.408,11.112,,260,,,0,0,,,,,,,og-post,,,,AAXX 28214 07299 22780 12604 10182 20151 39887 40205 52007 81400 333 60007 81650 90710 91106 93100 555 60005=
07299,2008-06-28 22:00:00,17.7,1020.6,0.6,84,15,30000,3.704,11.112,,350,,,0,,,,,,,,og-post,,,,AAXX 28224 07299 22780 13502 10177 20150 39888 40206 51006 81400 333 60005 81650 90710 91106 93100=
07299,2008-06-28 23:00:00,16.2,1020.7,0.2,88,14.2,30000,,7.408,,,,,0,,,,,,,,og-post,,,,AAXX 28234 07299 22980 00000 10162 20142 39887 40207 50002 333 60005 90710 91104 93100=
07299,2008-06-29 00:00:00,15.5,1020.6,-0.2,87,13.3,30000,,7.408,,,,,0,0,,,,,,,og-post,,,,AAXX 29004 07299 02980 00000 10155 20133 39885 40206 58002 60001 333 60007 90710 91104 93100 555 60005=
07299,2008-06-29 01:00:00,14.4,1020.5,-0.5,92,13.1,20000,3.704,3.704,,300,,,0,,,,,,,,og-post,,,,AAXX 29014 07299 26/70 /3002 10144 20131 39883 40205 58005 333 60005 90710 91102=
07299,2008-06-29 02:00:00,14.3,1020.3,-0.6,93,13.2,20000,3.704,3.704,,220,,,0,,,,,,,,og-post,,,,AAXX 29024 07299 26/70 /2202 10143 20132 39881 40203 57006 333 60005 90710 91102=
07299,2008-06-29 03:00:00,14,1020.2,-0.5,93,12.9,20000,,3.704,,,,,0,0,,,,,,,og-post,,,,AAXX 29034 07299 22970 10000 10140 20129 39880 40202 56005 81030 333 60007 81360 90710 91102 93100 555 60005=
07299,2008-06-29 04:00:00,13.6,1020.4,-0.2,94,12.7,20000,,3.704,,,,,0.2,,,,,,,,og-post,,,,AAXX 29044 07299 22970 10000 10136 20127 39881 40204 55002 81030 333 69925 81360 90710 91102 93100=
07299,2008-06-29 05:00:00,15.4,1020.4,0.2,95,14.6,20000,3.704,3.704,,320,,,0,,,,,,,,og-post,,,,AAXX 29054 07299 22970 13202 10154 20146 39883 40204 53002 81030 333 60005 81361 90710 91102 93100=
07299,2008-06-29 06:00:00,18.9,1020,0.3,79,15.2,20000,,3.704,,,13.2,26.1,0,0.2,,0.2,0.2,13.6,12,,og-post,,,,AAXX 29064 07299 02970 10000 10189 20152 39883 40200 51003 69922 81030 333 10261 20132 30012 55136 69927 70002 81361 90710 91102 93100 555 60005=
07299,2008-06-29 07:00:00,22,1019.6,0.2,66,15.4,20000,,7.408,,,,,0,,,,,,,,og-post,,,,AAXX 29074 07299 22570 10000 10220 20154 39883 40196 51002 81130 333 60005 81820 90710 91104 93100=
07299,2008-06-29 08:00:00,22.9,1019.1,-0.4,64,15.7,20000,3.704,11.112,,320,,,0,,,,,,,,og-post,,,,AAXX 29084 07299 22570 13202 10229 20157 39879 40191 58004 81130 333 60005 81826 90710 91106 93100=
07299,2008-06-29 09:00:00,24.7,1018.5,-0.8,59,16.1,20000,3.704,11.112,,40,,,0,0,,,,,,,og-post,,,,AAXX 29094 07299 22670 10402 10247 20161 39875 40185 58008 81130 333 60007 81833 90710 91106 93100 555 60005=
07299,2008-06-29 10:00:00,25.3,1018.3,-1,55,15.6,25000,11.112,18.52,,320,,,0,,,,,,,,og-post,,,,AAXX 29104 07299 22675 13206 10253 20156 39873 40183 56010 81100 333 60005 81833 90710 91110 93100=
07299,2008-06-29 11:00:00,26.8,1018,-0.7,54,16.7,25000,7.408,18.52,,340,,,0,,,,,,,,og-post,,,,AAXX 29114 07299 22675 23404 10268 20167 39872 40180 56007 82100 333 60005 82843 90710 91110 93100=
07299,2008-06-29 12:00:00,27.3,1017.4,-0.8,49,15.6,25000,3.704,18.52,,270,,,0,0,,,,,,,og-post,,,,AAXX 29124 07299 02675 42702 10273 20156 39867 40174 58008 60001 82201 333 60007 82845 83073 90710 91110 93100 555 60005=
07299,2008-06-29 13:00:00,28.2,1016.8,-1.1,50,16.8,25000,7.408,18.52,,340,,,0,,,,,,,,og-post,,,,AAXX 29134 07299 22675 43404 10282 20168 39862 40168 58011 82201 333 60005 82846 83073 90710 91110 93100=
07299,2008-06-29 14:00:00,28.8,1016.2,-1.6,45,15.7,25000,7.408,18.52,,280,,,0,,,,,,,,og-post,,,,AAXX 29144 07299 22775 42804 10288 20157 39857 40162 58016 82101 333 60005 82850 83073 90710 91110 93100=
07299,2008-06-29 15:00:00,29.2,1015.7,-1.5,48,17.1,25000,11.112,22.224,,280,,,0,0,,,,,,,og-post,,,,AAXX 29154 07299 22775 42806 10292 20171 39852 40157 56015 82101 333 60007 82850 83073 90710 91112 93100 555 60005=
07299,2008-06-29 16:00:00,29.2,1014.8,-1.9,50,17.7,25000,14.816,25.928,,320,,,0,,,,,,,,og-post,,,,AAXX 29164 07299 22775 33208 10292 20177 39844 40148 58019 82101 333 60005 82850 90710 91114 93100=
07299,2008-06-29 17:00:00,28.8,1014.7,-1.4,47,16.4,25000,7.408,18.52,,10,,,0,,,,,,,,og-post,,,,AAXX 29174 07299 22775 30104 10288 20164 39842 40147 56014 82201 333 60005 82850 90710 91110 93100=
07299,2008-06-29 18:00:00,26,1015.4,-0.6,62,18.2,25000,11.112,18.52,,330,19,29.5,0,0,,,,,,,og-post,,,,AAXX 29184 07299 02775 43306 10260 20182 39846 40154 55006 60002 83901 333 10295 20190 60007 81950 83850 90710 91110 93100 555 60005=
07299,2008-06-29 19:00:00,23.7,1015.8,0.4,73,18.6,25000,11.112,14.816,,290,,,0,,,,,,,,og-post,,,,AAXX 29194 07299 22675 32906 10237 20186 39848 40158 53004 83902 333 60005 81843 81950 90710 91108 93100=
07299,2008-06-29 20:00:00,22.2,1016.5,1.1,78,18.2,25000,11.112,18.52,,280,,,0,,,,,,,,og-post,,,,AAXX 29204 07299 22675 32806 10222 20182 39853 40165 53011 83902 333 60005 81843 81950 90710 91110 93100=
07299,2008-06-29 21:00:00,21.4,1017.4,1.5,78,17.4,25000,7.408,18.52,,300,,,0,0,,,,,,,og-post,,,,AAXX 29214 07299 22675 43004 10214 20174 39861 40174 53015 82982 333 60007 81843 81950 90710 91110 93100 555 60005=
07299,2008-06-29 22:00:00,20.6,1017.9,1.7,80,17,25000,11.112,14.816,,240,,,0,,,,,,,,og-post,,,,AAXX 29224 07299 22675 42406 10206 20170 39865 40179 51017 82982 333 60005 81843 81950 90710 91108 93100=
07299,2008-06-29 23:00:00,19.8,1018.2,1.4,83,16.8,25000,7.408,14.816,,270,,,0,,,,,,,,og-post,,,,AAXX 29234 07299 22675 32704 10198 20168 39867 40182 51014 82282 333 60005 81843 90710 91108 93100=
07299,2008-06-30 00:00:00,19.3,1017.9,0.3,85,16.7,25000,7.408,14.816,,300,,,0,0,,,,,,,og-post,,,,AAXX 30004 07299 02675 33004 10193 20167 39864 40179 50003 60001 81282 333 60007 81843 90710 91108 93100 555 60005=
07299,2008-06-30 01:00:00,19.1,1018.1,-0.1,84,16.3,20000,11.112,14.816,,300,,,0,,,,,,,,og-post,,,,AAXX 30014 07299 26/70 /3006 10191 20163 39865 40181 57001 333 60005 90710 91108=
07299,2008-06-30 02:00:00,18.5,1018.3,-0.1,80,15,20000,14.816,18.52,,310,,,0,,,,,,,,og-post,,,,AAXX 30024 07299 26/70 /3108 10185 20150 39866 40183 55001 333 60005 90710 91110=
07299,2008-06-30 03:00:00,18.1,1018.6,0.5,82,15,25000,11.112,22.224,,320,,,0,0,,,,,,,og-post,,,,AAXX 30034 07299 22675 53206 10181 20150 39869 40186 53005 84830 333 60007 81843 84650 90710 91112 555 60005=
07299,2008-06-30 04:00:00,18.4,1019,0.8,79,14.7,25000,,18.52,,,,,0,,,,,,,,og-post,,,,AAXX 30044 07299 22775 40000 10184 20147 39873 40190 53008 81181 333 60005 81850 83073 90710 91110=
07299,2008-06-30 05:00:00,18.4,1019.5,1.2,82,15.3,25000,11.112,14.816,,320,,,0,,,,,,,,og-post,,,,AAXX 30054 07299 22675 43206 10184 20153 39878 40195 53012 81181 333 60005 81846 83360 90710 91108=
07299,2008-06-30 06:00:00,19.8,1019.7,1.2,79,16.1,18000,11.112,14.816,,330,18,26,0,0,,,0,13.8,17,,og-post,,,,AAXX 30064 07299 02668 33306 10198 20161 39881 40197 51012 60002 81281 333 10260 20180 30017 55138 60007 70000 81845 83357 90710 91108 555 60005=
07299,2008-06-30 07:00:00,21.8,1019.8,1.1,72,16.5,20000,11.112,18.52,,10,,,0,,,,,,,,og-post,,,,AAXX 30074 07299 22570 30106 10218 20165 39885 40198 51011 81281 333 60005 81823 90710 91110 93100=
07299,2008-06-30 08:00:00,22.8,1019.8,0.7,68,16.6,24000,11.112,22.224,,360,,,0,,,,,,,,og-post,,,,AAXX 30084 07299 22574 43606 10228 20166 39886 40198 51007 83881 333 60005 82830 90710 91112 93100=
07299,2008-06-30 09:00:00,23.9,1019.9,0.6,64,16.7,25000,11.112,25.928,,350,,,0,0,,,,,,,og-post,,,,AAXX 30094 07299 22675 43506 10239 20167 39888 40199 51006 83880 333 60007 81833 83656 90710 91114 93100 555 60005=
07299,2008-06-30 10:00:00,25,1019.5,-0.1,57,15.9,30000,14.816,22.224,,360,,,0,,,,,,,,og-post,,,,AAXX 30104 07299 22680 23608 10250 20159 39885 40195 58001 81901 333 60005 81840 81943 90710 91112 93100=
07299,2008-06-30 11:00:00,25.9,1019.4,-0.2,56,16.4,30000,14.816,25.928,,360,,,0,,,,,,,,og-post,,,,AAXX 30114 07299 22680 23608 10259 20164 39885 40194 58002 82902 333 60005 81840 81943 90710 91114 93100=
07299,2008-06-30 12:00:00,26.8,1019,-0.6,52,16.1,30000,11.112,22.224,,330,,,0,0,,,,,,,og-post,,,,AAXX 30124 07299 02680 23306 10268 20161 39882 40190 56006 60001 82902 333 60007 81840 81943 90710 91112 93100 555 60005=
07299,2008-06-30 13:00:00,27.3,1018.7,-0.5,49,15.6,35000,11.112,25.928,,10,,,0,,,,,,,,og-post,,,,AAXX 30134 07299 22681 30106 10273 20156 39879 40187 58005 83902 333 60005 82843 81946 90710 91114 93100=
07299,2008-06-30 14:00:00,27.1,1018.4,-0.9,48,15.1,35000,11.112,25.928,,360,,,0,,,,,,,,og-post,,,,AAXX 30144 07299 22681 23606 10271 20151 39876 40184 58009 82202 333 60005 81846 90710 91114 93100=
07299,2008-06-30 15:00:00,28.3,1017.8,-1,46,15.6,40000,14.816,25.928,,10,,,0,0,,,,,,,og-post,,,,AAXX 30154 07299 22682 20108 10283 20156 39872 40178 58010 81201 333 60007 81848 90710 91114 93100 555 60005=
07299,2008-06-30 16:00:00,27.8,1017.5,-1.1,47,15.5,40000,14.816,29.632,,10,,,0,,,,,,,,og-post,,,,AAXX 30164 07299 22782 20108 10278 20155 39868 40175 58011 81201 333 60005 81850 90710 91116 93100=
07299,2008-06-30 17:00:00,26.9,1017.7,-0.7,51,15.9,40000,18.52,25.928,,340,,,0,,,,,,,,og-post,,,,AAXX 30174 07299 22782 13410 10269 20159 39869 40177 56007 81201 333 60005 81850 90710 91114 93100=
07299,2008-06-30 18:00:00,25.5,1017.6,-0.4,54,15.5,40000,14.816,25.928,,340,19.9,28.3,0,0,,,,,,,og-post,,,,AAXX 30184 07299 02782 13408 10255 20155 39867 40176 56004 60002 81201 333 10283 20199 60007 81850 90710 91114 93100 555 60005=
07299,2008-06-30 19:00:00,23,1017.9,-0.2,63,15.6,30000,18.52,29.632,,340,,,0,,,,,,,,og-post,,,,AAXX 30194 07299 22780 13410 10230 20156 39867 40179 57002 81201 333 60005 81850 90710 91116 93100=
07299,2008-06-30 20:00:00,20.5,1018.8,0.4,72,15.3,25000,11.112,22.224,,310,,,0,,,,,,,,og-post,,,,AAXX 30204 07299 22775 13106 10205 20153 39873 40188 53004 81401 333 60005 81650 90710 91112 93100=
07299,2008-06-30 21:00:00,19.6,1019.1,0.8,75,15,25000,14.816,18.52,,320,,,0,0,,,,,,,og-post,,,,AAXX 30214 07299 22775 13208 10196 20150 39875 40191 53008 81401 333 60007 81650 90710 91110 93100 555 60005=
07299,2008-06-30 22:00:00,18.9,1019.1,0.7,78,15,25000,14.816,22.224,,320,,,0,,,,,,,,og-post,,,,AAXX 30224 07299 22775 13208 10189 20150 39874 40191 50007 81401 333 60005 81650 90710 91112 93100=
07299,2008-06-30 23:00:00,17.8,1019,-0.2,80,14.3,20000,3.704,22.224,,340,,,0,,,,,,,,og-post,,,,AAXX 30234 07299 22/70 13402 10178 20143 39872 40190 58002 80001 333 60005 81075 90710 91112 93100=
07299,2008-07-01 00:00:00,16.5,1018.9,-0.5,85,14,20000,11.112,11.112,,310,,,0,0,,,,,,,og-post,,,,AAXX 01004 07299 02/70 13106 10165 20140 39870 40189 58005 60001 80001 333 60007 81075 90710 91106 93100 555 60005=
07299,2008-07-01 01:00:00,15.6,1018.8,-0.7,87,13.4,17000,7.408,11.112,,310,,,0,,,,,,,,og-post,,,,AAXX 01014 07299 26/67 /3104 10156 20134 39868 40188 58007 333 60005 90710 91106=
07299,2008-07-01 02:00:00,15.5,1018.3,-0.9,88,13.5,17000,3.704,3.704,,270,,,0,,,,,,,,og-post,,,,AAXX 01024 07299 26/67 /2702 10155 20135 39863 40183 58009 333 60005 90710 91102=
07299,2008-07-01 03:00:00,14.4,1018.1,-1,91,12.9,12000,,7.408,,,,,0,0,,,,,,,og-post,,,,AAXX 01034 07299 22962 00000 10144 20129 39860 40181 57010 333 60007 90710 91104 93100 555 60005=
07299,2008-07-01 04:00:00,14,1018.1,-0.8,92,12.7,10000,3.704,3.704,,220,,,0,,,,,,,,og-post,,,,AAXX 01044 07299 22960 02202 10140 20127 39859 40181 56008 333 60005 90710 91102 93100=
07299,2008-07-01 05:00:00,15.8,1017.9,-0.4,90,14.2,10000,3.704,3.704,,210,,,0,,,,,,,,og-post,,,,AAXX 01054 07299 22960 02102 10158 20142 39859 40179 56004 333 60005 90710 91102 93100=
07299,2008-07-01 06:00:00,19.8,1017.2,-0.3,75,15.2,10000,3.704,3.704,,60,13.8,25.4,0,0,,,0,12.2,12,,og-post,,,,AAXX 01064 07299 02960 00602 10198 20152 39857 40172 58003 60002 333 10254 20138 30012 55122 60007 70000 90710 91102 93100 555 60005=
07299,2008-07-01 07:00:00,21,1016.7,-0.5,72,15.8,15000,3.704,7.408,,320,,,0,,,,,,,,og-post,,,,AAXX 01074 07299 22/65 13202 10210 20158 39854 40167 58005 80001 333 60005 81073 90710 91104 93100=
07299,2008-07-01 08:00:00,22.7,1016.1,-1,64,15.5,18000,3.704,7.408,,310,,,0,,,,,,,,og-post,,,,AAXX 01084 07299 22968 03102 10227 20155 39849 40161 58010 333 60005 90710 91104 93100=
07299,2008-07-01 09:00:00,24.2,1015.8,-0.9,61,16.2,20000,7.408,11.112,,350,,,0,0,,,,,,,og-post,,,,AAXX 01094 07299 22670 13504 10242 20162 39848 40158 56009 81100 333 60007 81833 90710 91106 93100 555 60005=
07299,2008-07-01 10:00:00,25.7,1015.1,-1.1,57,16.5,20000,7.408,14.816,,340,,,0,,,,,,,,og-post,,,,AAXX 01104 07299 26/70 /3404 10257 20165 39843 40151 57011 333 60005 90710 91108=
07299,2008-07-01 11:00:00,27.3,1014.4,-1.1,52,16.6,20000,7.408,18.52,,20,,,0,,,,,,,,og-post,,,,AAXX 01114 07299 22670 10204 10273 20166 39838 40144 58011 81100 333 60005 81841 90710 91110 93100=
07299,2008-07-01 12:00:00,28.7,1013.7,-1.6,47,16.3,20000,7.408,22.224,,30,,,0,0,,,,,,,og-post,,,,AAXX 01124 07299 02670 10304 10287 20163 39832 40137 58016 60001 81901 333 60007 81841 81943 90710 91112 93100 555 60005=
07299,2008-07-01 13:00:00,29.4,1012.9,-1.8,45,16.2,28000,7.408,18.52,,320,,,0,,,,,,,,og-post,,,,AAXX 01134 07299 22778 13204 10294 20162 39825 40129 58018 81900 333 60005 81850 81950 90710 91110 93100=
07299,2008-07-01 14:00:00,30.3,1012.6,-1.5,42,16,28000,11.112,18.52,,280,,,0,,,,,,,,og-post,,,,AAXX 01144 07299 22778 32806 10303 20160 39823 40126 56015 81930 333 60005 81850 81950 83359 90710 91110 93100=
07299,2008-07-01 15:00:00,30.4,1011.6,-1.8,46,17.5,30000,3.704,11.112,,250,,,0,0,,,,,,,og-post,,,,AAXX 01154 07299 22780 52502 10304 20175 39814 40116 58018 81934 333 60007 81850 81950 84073 90710 91106 93100 555 60005=
07299,2008-07-01 16:00:00,29.1,1011.3,-1.5,53,18.5,35000,7.408,11.112,,250,,,0,,,,,,,,og-post,,,,AAXX 01164 07299 22781 62504 10291 20185 39810 40113 58015 81934 333 60005 81850 81950 86073 90710 91106 93100=
07299,2008-07-01 17:00:00,27.9,1011.7,-1,57,18.6,30000,11.112,18.52,,200,,,0,,,,,,,,og-post,,,,AAXX 01174 07299 22780 72006 10279 20186 39813 40117 55010 81934 333 60005 81850 81950 87073 90710 91110 93100=
07299,2008-07-01 18:00:00,28.5,1011.5,-0.3,57,19.1,30000,7.408,18.52,,190,19.8,31,0,0,,,,,,,og-post,,,,AAXX 01184 07299 02780 71904 10285 20191 39811 40115 56003 60002 81931 333 10310 20198 60007 81850 81950 87073 90710 91110 93100 555 60005=
07299,2008-07-01 19:00:00,26.6,1012.1,0.5,62,18.7,30000,11.112,14.816,,170,,,0,,,,,,,,og-post,,,,AAXX 01194 07299 22780 71706 10266 20187 39815 40121 53005 81963 333 60005 81850 81950 84359 87073 90710 91108 93100=
07299,2008-07-01 20:00:00,25.4,1012.7,0.7,66,18.6,30000,11.112,18.52,,150,,,0,,,,,,,,og-post,,,,AAXX 01204 07299 22780 71506 10254 20186 39820 40127 53007 81963 333 60005 81850 81950 84359 87073 90710 91110 93100=
07299,2008-07-01 21:00:00,25.1,1013,1.1,57,16,30000,14.816,22.224,,100,,,0,0,,,,,,,og-post,,,,AAXX 01214 07299 22780 71008 10251 20160 39822 40130 51011 81283 333 60007 81850 83358 87075 90710 91112 93100 555 60005=
07299,2008-07-01 22:00:00,23.6,1013.1,0.6,48,12,30000,14.816,25.928,,110,,,0,,,,,,,,og-post,,,,AAXX 01224 07299 22780 71108 10236 20120 39821 40131 51006 81531 333 60005 81656 86075 90710 91114 93100=
07299,2008-07-01 23:00:00,21.3,1012.8,-0.4,58,12.7,30000,3.704,18.52,,130,,,0,,,,,,,,og-post,,,,AAXX 01234 07299 22980 51302 10213 20127 39816 40128 58004 81031 333 60005 81358 85075 90710 91110 93100=
07299,2008-07-02 00:00:00,19.4,1012.9,-0.6,65,12.7,30000,7.408,11.112,,160,,,0,0,,,,,,,og-post,,,,AAXX 02004 07299 02/80 21604 10194 20127 39815 40129 58006 60001 80001 333 60007 82075 90710 91106 93100 555 60005=
07299,2008-07-02 01:00:00,18.3,1013.3,-0.4,72,13.2,20000,7.408,14.816,,150,,,0,,,,,,,,og-post,,,,AAXX 02014 07299 26/70 /1504 10183 20132 39817 40133 55004 333 60005 90710 91108=
07299,2008-07-02 02:00:00,19.1,1013.2,-0,68,13.1,20000,11.112,22.224,,160,,,0,,,,,,,,og-post,,,,AAXX 02024 07299 26/70 /1606 10191 20131 39817 40132 54000 333 60005 90710 91112=
07299,2008-07-02 03:00:00,17.3,1013.3,0.1,79,13.6,30000,7.408,14.816,,190,,,0,0,,,,,,,og-post,,,,AAXX 02034 07299 22980 31904 10173 20136 39816 40133 51001 81031 333 60007 81358 83075 90710 91108 93100 555 60005=
07299,2008-07-02 04:00:00,17.4,1013,-0.3,78,13.5,40000,11.112,14.816,,180,,,0,,,,,,,,og-post,,,,AAXX 02044 07299 22682 41806 10174 20135 39814 40130 58003 81231 333 60005 81833 84075 90710 91108 93100=
07299,2008-07-02 05:00:00,19.2,1012.9,-0.1,73,14.2,40000,11.112,14.816,,180,,,0,,,,,,,,og-post,,,,AAXX 02054 07299 22982 31806 10192 20142 39815 40129 55001 81031 333 60005 81361 83075 90710 91108 93100=
07299,2008-07-02 06:00:00,22.2,1012.8,0.1,62,14.6,40000,11.112,14.816,,150,17.1,28.4,0,0,,,0,11.2,15,,og-post,,,,AAXX 02064 07299 02582 21506 10222 20146 39817 40128 53001 60002 81131 333 10284 20171 30015 55112 60007 70000 81828 90710 91108 93100 555 60005=
07299,2008-07-02 07:00:00,24,1012.5,0.2,54,14.1,20000,11.112,18.52,,140,,,0,,,,,,,,og-post,,,,AAXX 02074 07299 26/70 /1406 10240 20141 39816 40125 50002 333 60005 90710 91110=
07299,2008-07-02 08:00:00,26.1,1011.8,-0.4,52,15.5,40000,11.112,18.52,,120,,,0,,,,,,,,og-post,,,,AAXX 02084 07299 22482 21206 10261 20155 39811 40118 58004 81131 333 60005 81816 90710 91110 93100=
07299,2008-07-02 09:00:00,28.4,1011,-1.1,45,15.3,40000,7.408,18.52,,150,,,0,0,,,,,,,og-post,,,,AAXX 02094 07299 22682 21504 10284 20153 39806 40110 58011 81231 333 60007 81840 90710 91110 93100 555 60005=
07299,2008-07-02 10:00:00,29.7,1010.3,-1.6,41,15,40000,11.112,22.224,,140,,,0,,,,,,,,og-post,,,,AAXX 02104 07299 22582 21406 10297 20150 39800 40103 58016 81931 333 60005 81830 81946 90710 91112 93100=
07299,2008-07-02 11:00:00,30.9,1009.3,-1.9,40,15.7,40000,11.112,25.928,,120,,,0,,,,,,,,og-post,,,,AAXX 02114 07299 22682 21206 10309 20157 39792 40093 58019 81931 333 60005 81840 81950 90710 91114 93100=
07299,2008-07-02 12:00:00,31.8,1008.4,-2.2,36,14.9,30000,7.408,25.928,,200,,,0,0,,,,,,,og-post,,,,AAXX 02124 07299 02680 22004 10318 20149 39784 40084 58022 60001 82931 333 60007 81840 82950 90710 91114 93100 555 60005=
07299,2008-07-02 13:00:00,32.4,1008.3,-1.7,35,15,30000,11.112,22.224,,280,,,0,,,,,,,,og-post,,,,AAXX 02134 07299 22680 32806 10324 20150 39783 40083 56017 83901 333 60005 82840 82950 90710 91112 93100=
07299,2008-07-02 14:00:00,29.6,1008.5,-0.9,52,18.7,30000,11.112,31.484,,290,,,0,,,,,,,,og-post,,,,AAXX 02144 07299 22680 32906 10296 20187 39783 40085 56009 83901 333 60005 82840 82950 90710 91117 93100=
07299,2008-07-02 15:00:00,30.9,1007.6,-0.8,46,17.9,30000,7.408,14.816,,260,,,0,0,,,,,,,og-post,,,,AAXX 02154 07299 22680 32604 10309 20179 39776 40076 58008 83901 333 60007 82843 82950 90710 91108 93100 555 60005=
07299,2008-07-02 16:00:00,29.2,1007.1,-1.4,50,17.7,30000,11.112,22.224,,310,,,0,,,,,,,,og-post,,,,AAXX 02164 07299 22680 33106 10292 20177 39769 40071 58014 82901 333 60005 82843 81950 83075 90710 91112 93100=
07299,2008-07-02 17:00:00,28.4,1006.2,-2.3,61,20.1,30000,7.408,11.112,,320,,,0,,,,,,,,og-post,,,,AAXX 02174 07299 22680 53204 10284 20201 39760 40062 58023 84903 333 60005 82843 82950 84075 90710 91106 93100=
07299,2008-07-02 18:00:00,27,1007.2,-0.7,68,20.6,30000,7.408,11.112,,250,22.3,32.8,0,0,,,,,,,og-post,,,,AAXX 02184 07299 02680 52504 10270 20206 39768 40072 55007 60002 82902 333 10328 20223 60007 82843 81950 85075 90710 91106 93100 555 60005=
07299,2008-07-02 19:00:00,24.6,1007.8,0.3,71,19,30000,3.704,14.816,,270,,,0,,,,,,,,og-post,,,,AAXX 02194 07299 22680 72702 10246 20190 39771 40078 53003 81931 333 60005 81843 81950 84362 87073 90710 91108 93100=
07299,2008-07-02 20:00:00,23.7,1008.4,1.5,74,18.8,30000,3.704,11.112,,240,,,0,,,,,,,,og-post,,,,AAXX 02204 07299 22680 72402 10237 20188 39776 40084 51015 81931 333 60005 81843 81950 85362 87073 90710 91106 93100=
07299,2008-07-02 21:00:00,23.7,1009.8,2.1,61,15.7,25000,25.928,53.708,,260,,,0,0,,,,,,,og-post,,,,AAXX 02214 07299 22675 72614 10237 20157 39789 40098 53021 8199/ 333 60007 81843 81950 87362 90710 91129 93100 555 60005=
07299,2008-07-02 22:00:00,21.7,1010.2,2,67,15.3,25000,18.52,35.188,,210,,,0,,,,,,,,og-post,,,,AAXX 02224 07299 22675 72110 10217 20153 39791 40102 51020 81931 333 60005 81843 81950 84362 87073 90710 91119 93100=
07299,2008-07-02 23:00:00,21.4,1010.8,2.3,65,14.5,20000,14.816,29.632,,220,,,0,,,,,,,17,og-post,,,,AAXX 02234 07299 21670 72208 10214 20145 39797 40108 51023 71792 81931 333 60005 81843 81950 86360 87073 90710 91116 93100=
07299,2008-07-03 00:00:00,18.2,1012,1.5,91,16.7,9000,7.408,38.892,,150,,,,,,,,,,95,og-post,,,,AAXX 03004 07299 01559 71504 10182 20167 39805 40120 53015 69901 79598 8599/ 333 69907 81830 82936 84656 87359 90710 91121 93100 555 69905=
07299,2008-07-03 01:00:00,17.9,1011.5,1,93,16.8,12000,7.408,11.112,,260,,,2,,,,,,,,og-post,,,,AAXX 03014 07299 26/62 /2604 10179 20168 39800 40115 50010 333 60025 90710 91106=
07299,2008-07-03 02:00:00,18,1011.7,0.3,94,17,8000,3.704,11.112,,180,,,1,,,,,,,,og-post,,,,AAXX 03024 07299 26/58 /1802 10180 20170 39802 40117 51003 333 60015 90710 91106=
07299,2008-07-03 03:00:00,17.7,1010.2,-1.8,94,16.7,12000,3.704,14.816,,290,,,2,5,,,,,,61,og-post,,,,AAXX 03034 07299 21362 72902 10177 20167 39787 40102 58018 76198 8589/ 333 60057 81807 83650 87360 90710 91108 93100 555 60025=
07299,2008-07-03 04:00:00,17,1010.3,-1.3,94,16,10000,3.704,7.408,,230,,,,,,,,,,21,og-post,,,,AAXX 03044 07299 21260 62302 10170 20160 39787 40103 58013 72162 82131 333 69905 81806 85073 90710 91104 93100=
07299,2008-07-03 05:00:00,17.7,1010.3,-1.4,95,16.9,8000,,11.112,,,,,0,,,,,,,,og-post,,,,AAXX 03054 07299 22258 60000 10177 20169 39788 40103 55014 81892 333 60005 81806 83360 90710 91106 93100=
07299,2008-07-03 06:00:00,19.3,1010,-0,92,18,9000,7.408,11.112,,90,16.6,26.8,0,,,5,5.2,12.6,16,3,og-post,,,,AAXX 03064 07299 01259 70904 10193 20180 39787 40100 55000 60052 70398 8129/ 333 10268 20166 32016 55126 69907 70052 81806 87361 90710 91106 93100 555 60005=
07299,2008-07-03 07:00:00,20.6,1010.6,0.8,85,18,10000,7.408,14.816,,190,,,0,,,,,,,,og-post,,,,AAXX 03074 07299 22460 81904 10206 20180 39794 40106 53008 8239/ 333 60005 81810 81930 83356 87360 90710 91108 93100=
07299,2008-07-03 08:00:00,19.4,1011.8,1.7,91,17.9,2200,3.704,14.816,,240,,,4,,,,,,,97,og-post,,,,AAXX 03084 07299 21422 82402 10194 20179 39805 40118 53017 79799 879// 333 60045 84811 85925 87645 90710 91108 93100=
07299,2008-07-03 09:00:00,18.7,1012.3,2.1,92,17.4,4000,3.704,11.112,,150,,,5,10,,,,,,92,og-post,,,,AAXX 03094 07299 21440 81502 10187 20174 39809 40123 51021 79298 879// 333 60107 83811 85930 87645 90710 91106 93100 555 60055=
07299,2008-07-03 10:00:00,19.1,1011.1,0.4,94,18.1,7000,11.112,18.52,,60,,,2,,,,,,,60,og-post,,,,AAXX 03104 07299 21157 80606 10191 20181 39798 40111 50004 76066 8497/ 333 60025 81803 82930 83645 87358 90710 91110 93100=
07299,2008-07-03 11:00:00,19.8,1011.7,0.1,88,17.8,10000,7.408,18.52,,120,,,,,,,,,,60,og-post,,,,AAXX 03114 07299 21360 81204 10198 20178 39804 40117 53001 76066 8587/ 333 69905 83808 83645 87358 90710 91110 93100=
07299,2008-07-03 12:00:00,21.5,1011.1,-0.8,81,18.1,12000,3.704,11.112,,320,,,,2,11,,,,,21,og-post,,,,AAXX 03124 07299 01462 73202 10215 20181 39800 40111 56008 60111 72198 8437/ 333 60027 83813 81915 87358 90710 91106 93100 555 69905=
07299,2008-07-03 13:00:00,19.3,1011.6,0.5,92,18,4500,11.112,22.224,,330,,,3,,,,,,,80,og-post,,,,AAXX 03134 07299 21445 73306 10193 20180 39803 40116 51005 78086 879// 333 60035 83810 84915 85633 90710 91112 93100=
07299,2008-07-03 14:00:00,20.7,1011.8,0.2,81,17.3,13000,14.816,25.928,,290,,,,,,,,,,25,og-post,,,,AAXX 03144 07299 21463 72908 10207 20173 39806 40118 53002 72586 879// 333 69905 81810 83918 85623 90710 91114 93100=
07299,2008-07-03 15:00:00,20.1,1012.6,1.3,80,16.5,14000,22.224,42.596,,270,,,,3,,,,,,21,og-post,,,,AAXX 03154 07299 21464 72712 10201 20165 39813 40126 53013 72186 8533/ 333 60037 83818 81920 83650 86360 90710 91123 93100 555 69905=
07299,2008-07-03 16:00:00,18.9,1012.8,1.1,83,15.9,14000,25.928,46.3,,260,,,,,,,,,,60,og-post,,,,AAXX 03164 07299 21464 72614 10189 20159 39814 40128 51011 76062 8583/ 333 69905 82815 85656 86360 90710 91125 93100=
07299,2008-07-03 17:00:00,17.3,1014.2,1.9,85,14.8,18000,18.52,50.004,,270,,,,,,,,,,21,og-post,,,,AAXX 03174 07299 21468 72710 10173 20148 39825 40142 53019 72162 8483/ 333 69905 81814 83656 87357 90710 91127 93100=
07299,2008-07-03 18:00:00,16.6,1015.6,2.5,86,14.2,15000,18.52,31.484,,260,16.5,21.7,,,,14,,,,80,og-post,,,,AAXX 03184 07299 01465 72610 10166 20142 39838 40156 53025 60142 78086 8483/ 333 10217 20165 69907 82813 83656 87358 90710 91117 93100 555 69905=
07299,2008-07-03 19:00:00,15.8,1016.2,3,91,14.3,15000,7.408,25.928,,260,,,0.8,,,,,,,25,og-post,,,,AAXX 03194 07299 21465 72604 10158 20143 39843 40162 51030 72586 8483/ 333 69985 82816 83650 87356 90710 91114 93100=
07299,2008-07-03 20:00:00,15.8,1017,2.6,89,14,15000,7.408,14.816,,220,,,0,,,,,,,,og-post,,,,AAXX 03204 07299 22465 72204 10158 20140 39851 40170 51026 84830 333 60005 82813 86357 90710 91108 93100=
07299,2008-07-03 21:00:00,15.3,1017.6,1.8,89,13.5,15000,7.408,14.816,,280,,,,0.8,,,,,,80,og-post,,,,AAXX 03214 07299 21465 72804 10153 20135 39856 40176 53018 78086 84830 333 69987 82813 83650 86362 90710 91108 93100 555 69905=
07299,2008-07-03 22:00:00,14.8,1017.8,1.4,88,12.8,15000,3.704,18.52,,220,,,,,,,,,,25,og-post,,,,AAXX 03224 07299 21465 52202 10148 20128 39857 40178 51014 72586 83830 333 69905 82813 85362 90710 91110 93100=
07299,2008-07-03 23:00:00,14.3,1018.5,1.3,91,12.9,15000,3.704,11.112,,150,,,0,,,,,,,,og-post,,,,AAXX 03234 07299 22465 41502 10143 20129 39863 40185 53013 82830 333 60005 81813 83358 90710 91106 93100=
07299,2008-07-04 00:00:00,13.6,1018.4,0.7,91,12.2,15000,3.704,11.112,,120,,,0,,0.8,,,,,1,og-post,,,,AAXX 04004 07299 01465 41202 10136 20122 39862 40184 52007 69981 70186 82830 333 69907 81813 83360 90710 91106 93100 555 60005=
07299,2008-07-04 01:00:00,12.9,1018.8,0.9,92,11.6,14000,3.704,18.52,,270,,,0,,,,,,,,og-post,,,,AAXX 04014 07299 26/64 /2702 10129 20116 39865 40188 51009 333 60005 90710 91110=
07299,2008-07-04 02:00:00,12.8,1018.7,0.1,93,11.7,20000,7.408,11.112,,180,,,0,,,,,,,,og-post,,,,AAXX 04024 07299 26/70 /1804 10128 20117 39864 40187 50001 333 60005 90710 91106=
07299,2008-07-04 03:00:00,13.1,1018.5,-0.1,94,12.2,15000,3.704,7.408,,180,,,0.2,0.2,,,,,,,og-post,,,,AAXX 04034 07299 22465 61802 10131 20122 39862 40185 58001 85530 333 69927 85619 90710 91104 93100 555 69925=
07299,2008-07-04 04:00:00,12.5,1018.4,-0.5,92,11.2,15000,7.408,14.816,,150,,,0,,,,,,,,og-post,,,,AAXX 04044 07299 22465 41504 10125 20112 39860 40184 58005 82530 333 60005 82619 83360 90710 91108 93100=
07299,2008-07-04 05:00:00,14.4,1018.3,-0.2,87,12.3,25000,7.408,14.816,,160,,,0,,,,,,,,og-post,,,,AAXX 04054 07299 22475 41604 10144 20123 39862 40183 55002 82280 333 60005 82814 83358 90710 91108 93100=
07299,2008-07-04 06:00:00,16.5,1018.2,0.1,78,12.7,30000,3.704,11.112,,260,12.2,16.6,0,0,,1,15.4,1.3,10,1,og-post,,,,AAXX 04064 07299 01480 22602 10165 20127 39863 40182 53001 60012 70186 81280 333 10166 20122 32010 55013 60007 70154 81814 90710 91106 93100 555 60005=
07299,2008-07-04 07:00:00,17.6,1018.2,0.3,75,13.1,30000,3.704,11.112,,60,,,0,,,,,,,,og-post,,,,AAXX 04074 07299 22480 30602 10176 20131 39864 40182 52003 83230 333 60005 83815 90710 91106 93100=
07299,2008-07-04 08:00:00,18.6,1018,0.1,68,12.6,30000,3.704,11.112,,360,,,0,,,,,,,,og-post,,,,AAXX 04084 07299 22580 33602 10186 20126 39863 40180 50001 83200 333 60005 83822 90710 91106 93100=
07299,2008-07-04 09:00:00,19,1017.9,-0.1,59,10.8,40000,7.408,14.816,,290,,,0,0,,,,,,,og-post,,,,AAXX 04094 07299 22582 32904 10190 20108 39862 40179 58001 83200 333 60007 83829 90710 91108 93100 555 60005=
07299,2008-07-04 10:00:00,20.2,1017.7,-0.2,50,9.5,40000,7.408,14.816,,330,,,0,,,,,,,,og-post,,,,AAXX 04104 07299 22682 33304 10202 20095 39862 40177 56002 83200 333 60005 83840 90710 91108 93100=
07299,2008-07-04 11:00:00,21,1016.9,-0.8,48,9.6,50000,7.408,31.484,,350,,,0,,,,,,,,og-post,,,,AAXX 04114 07299 22684 33504 10210 20096 39855 40169 58008 83200 333 60005 83846 90710 91117 93100=
07299,2008-07-04 12:00:00,22.6,1016.6,-0.8,43,9.4,50000,7.408,18.52,,280,,,0,0,,,,,,,og-post,,,,AAXX 04124 07299 02784 32804 10226 20094 39854 40166 58008 60001 83200 333 60007 83850 90710 91110 93100 555 60005=
07299,2008-07-04 13:00:00,22.5,1016.4,-1.1,42,9,50000,11.112,31.484,,310,,,0,,,,,,,,og-post,,,,AAXX 04134 07299 22784 33106 10225 20090 39851 40164 56011 83200 333 60005 83850 90710 91117 93100=
07299,2008-07-04 14:00:00,23.2,1016,-0.7,41,9.2,50000,3.704,18.52,,200,,,0,,,,,,,,og-post,,,,AAXX 04144 07299 22784 32002 10232 20092 39848 40160 58007 83200 333 60005 83850 90710 91110 93100=
07299,2008-07-04 15:00:00,24.1,1015.7,-0.8,37,8.5,50000,3.704,29.632,,120,,,0,0,,,,,,,og-post,,,,AAXX 04154 07299 22784 21202 10241 20085 39846 40157 56008 81101 333 60007 81850 90710 91116 93100 555 60005=
07299,2008-07-04 16:00:00,23.3,1015.1,-1.2,40,9,50000,7.408,29.632,,320,,,0,,,,,,,,og-post,,,,AAXX 04164 07299 22784 23204 10233 20090 39840 40151 58012 81101 333 60005 81856 90710 91116 93100=
07299,2008-07-04 17:00:00,23.1,1015,-0.9,40,8.8,50000,3.704,14.816,,100,,,0,,,,,,,,og-post,,,,AAXX 04174 07299 22784 31002 10231 20088 39838 40150 58009 81101 333 60005 81856 90710 91108 93100=
07299,2008-07-04 18:00:00,22.1,1015,-0.8,47,10.3,50000,7.408,14.816,,20,16.3,24.3,0,0,,,,,,,og-post,,,,AAXX 04184 07299 02784 60204 10221 20103 39838 40150 56008 60002 81401 333 10243 20163 60007 81656 86075 90710 91108 93100 555 60005=
07299,2008-07-04 19:00:00,20.7,1015.2,-0.1,69,14.8,35000,3.704,7.408,,330,,,0,,,,,,,,og-post,,,,AAXX 04194 07299 22781 73302 10207 20148 39839 40152 55001 81402 333 60005 81656 87075 90710 91104 93100=
07299,2008-07-04 20:00:00,16.3,1015.9,0.3,86,14,50000,3.704,7.408,,290,,,0,,,,,,,,og-post,,,,AAXX 04204 07299 22984 72902 10163 20140 39841 40159 53003 81082 333 60005 81365 86075 90710 91104 93100=
07299,2008-07-04 21:00:00,15.2,1016.4,0.6,88,13.2,50000,3.704,7.408,,220,,,0,0,,,,,,,og-post,,,,AAXX 04214 07299 22/84 22202 10152 20132 39844 40164 53006 80002 333 60007 82075 90710 91104 93100 555 60005=
07299,2008-07-04 22:00:00,13.9,1016.6,0.6,90,12.3,20000,3.704,11.112,,250,,,0,,,,,,,,og-post,,,,AAXX 04224 07299 22970 22502 10139 20123 39845 40166 51006 81032 333 60005 81358 90710 91106 93100=
07299,2008-07-04 23:00:00,13.2,1016.6,0.3,90,11.6,25000,3.704,7.408,,260,,,0,,,,,,,,og-post,,,,AAXX 04234 07299 22/75 22602 10132 20116 39844 40166 50003 80001 333 60005 82075 90710 91104 93100=
07299,2008-07-05 00:00:00,12.3,1016.9,0.2,93,11.2,20000,,7.408,,,,,0,0,,,,,,,og-post,,,,AAXX 05004 07299 02/70 20000 10123 20112 39846 40169 53002 60001 80001 333 60007 82075 90710 91104 93100 555 60005=
07299,2008-07-05 01:00:00,11.5,1017,0.1,93,10.4,19000,3.704,3.704,,250,,,0,,,,,,,,og-post,,,,AAXX 05014 07299 26/69 /2502 10115 20104 39846 40170 53001 333 60005 90710 91102=
07299,2008-07-05 02:00:00,11.2,1016.6,-0.3,94,10.3,14000,,3.704,,,,,0,,,,,,,,og-post,,,,AAXX 05024 07299 26/64 /0000 10112 20103 39841 40166 58003 333 60005 90710 91102=
07299,2008-07-05 03:00:00,10.5,1016.7,-0.5,94,9.6,20000,3.704,7.408,,300,,,0,0,,,,,,11,og-post,,,,AAXX 05034 07299 21970 23002 10105 20096 39841 40167 57005 71100 81031 333 60007 81360 90710 91104 555 60005=
07299,2008-07-05 04:00:00,10.7,1016.6,-0.5,95,9.9,50000,3.704,3.704,,220,,,0,,,,,,,,og-post,,,,AAXX 05044 07299 22984 42202 10107 20099 39841 40166 56005 83051 333 60005 83359 90710 91102=
07299,2008-07-05 05:00:00,12.6,1016.6,0.2,95,11.8,50000,3.704,3.704,,260,,,0,,,,,,,,og-post,,,,AAXX 05054 07299 22984 72602 10126 20118 39843 40166 53002 8705/ 333 60005 87359 90710 91102=
07299,2008-07-05 06:00:00,14.6,1016,-0.1,85,12.1,50000,7.408,11.112,,120,10.4,21.9,0,0,,,0,13.1,9,,og-post,,,,AAXX 05064 07299 02984 61204 10146 20121 39839 40160 58001 60002 86031 333 10219 20104 30009 55131 60007 70000 86359 90710 91106 555 60005=
07299,2008-07-05 07:00:00,17,1016.1,0.2,72,11.9,50000,3.704,11.112,,30,,,0,,,,,,,,og-post,,,,AAXX 05074 07299 22984 60302 10170 20119 39843 40161 53002 85031 333 60005 85359 90710 91106=
07299,2008-07-05 08:00:00,19.7,1016,0.3,59,11.5,50000,3.704,11.112,,110,,,0,,,,,,,,og-post,,,,AAXX 05084 07299 22984 41102 10197 20115 39845 40160 53003 83031 333 60005 83359 90710 91106 93100=
07299,2008-07-05 09:00:00,21.7,1015.5,0.2,50,10.8,50000,7.408,14.816,,70,,,0,0,,,,,,,og-post,,,,AAXX 05094 07299 22984 30704 10217 20108 39842 40155 50002 82031 333 60007 82360 90710 91108 93100 555 60005=
07299,2008-07-05 10:00:00,23.2,1015,-0.4,50,12.2,50000,3.704,11.112,,200,,,0,,,,,,,,og-post,,,,AAXX 05104 07299 22684 22002 10232 20122 39839 40150 58004 81130 333 60005 81840 90710 91106 93100=
07299,2008-07-05 11:00:00,24.3,1014.4,-1.1,49,12.9,50000,3.704,11.112,,40,,,0,,,,,,,,og-post,,,,AAXX 05114 07299 22684 20402 10243 20129 39834 40144 58011 81130 333 60005 81840 90710 91106 93100=
07299,2008-07-05 12:00:00,25.5,1013.7,-1.3,40,10.9,50000,3.704,14.816,,330,,,0,0,,,,,,,og-post,,,,AAXX 05124 07299 02784 43302 10255 20109 39829 40137 58013 60001 81130 333 60007 81850 84364 90710 91108 93100 555 60005=
07299,2008-07-05 13:00:00,26.7,1013.3,-1.3,35,10,50000,7.408,14.816,,320,,,0,,,,,,,,og-post,,,,AAXX 05134 07299 22784 53204 10267 20100 39826 40133 56013 81131 333 60005 81850 83365 90710 91108 93100=
07299,2008-07-05 14:00:00,26.2,1013,-1.1,41,11.9,50000,11.112,14.816,,270,,,0,,,,,,,,og-post,,,,AAXX 05144 07299 22784 62706 10262 20119 39823 40130 56011 81131 333 60005 81850 86363 90710 91108 93100=
07299,2008-07-05 15:00:00,27.3,1012.6,-0.9,36,10.9,50000,7.408,18.52,,290,,,0,0,,,,,,,og-post,,,,AAXX 05154 07299 22784 72904 10273 20109 39820 40126 56009 81132 333 60007 81850 83363 87071 90710 91110 93100 555 60005=
07299,2008-07-05 16:00:00,27,1012.1,-1,41,12.6,50000,7.408,18.52,,300,,,0,,,,,,,,og-post,,,,AAXX 05164 07299 22884 73004 10270 20126 39815 40121 58010 81432 333 60005 81656 87071 90710 91110 93100=
07299,2008-07-05 17:00:00,26.3,1011.8,-1.2,48,14.4,50000,7.408,11.112,,310,,,0,,,,,,,,og-post,,,,AAXX 05174 07299 22984 73104 10263 20144 39811 40118 58012 82032 333 60005 82360 87071 90710 91106 93100=
07299,2008-07-05 18:00:00,25.4,1011.9,-0.8,56,16,50000,,7.408,,,14.7,27.5,0,0,,,,,,,og-post,,,,AAXX 05184 07299 02984 70000 10254 20160 39812 40119 55008 60002 86032 333 10275 20147 60007 86359 87071 90710 91104 93100 555 60005=
07299,2008-07-05 19:00:00,22.4,1012.3,-0.2,75,17.7,50000,3.704,3.704,,300,,,0,,,,,,,,og-post,,,,AAXX 05194 07299 22984 73002 10224 20177 39813 40123 55002 85032 333 60005 85360 86073 90710 91102 93100=
07299,2008-07-05 20:00:00,20.1,1012.9,0.5,83,17.1,40000,3.704,11.112,,240,,,0,,,,,,,,og-post,,,,AAXX 05204 07299 22982 72402 10201 20171 39816 40129 53005 86072 333 60005 86360 86073 90710 91106 93100=
07299,2008-07-05 21:00:00,19.7,1013.4,0.8,85,17.1,30000,7.408,7.408,,240,,,0,0,,,,,,,og-post,,,,AAXX 05214 07299 22980 72404 10197 20171 39820 40134 53008 8707/ 333 60007 87360 90710 91104 93100 555 60005=
07299,2008-07-05 22:00:00,18.2,1013.6,0.8,87,16,30000,3.704,7.408,,270,,,0,,,,,,,,og-post,,,,AAXX 05224 07299 22980 72702 10182 20160 39821 40136 51008 8707/ 333 60005 87360 90710 91104 93100=
07299,2008-07-05 23:00:00,17.5,1013.6,0.4,90,15.8,30000,3.704,3.704,,270,,,0,,,,,,,,og-post,,,,AAXX 05234 07299 22980 72702 10175 20158 39820 40136 50004 8707/ 333 60005 87360 90710 91102 93100=
07299,2008-07-06 00:00:00,16.6,1013.4,-0.3,91,15.1,30000,,3.704,,,,,0,0,,,,,,,og-post,,,,AAXX 06004 07299 02980 70000 10166 20151 39817 40134 58003 60001 8707/ 333 60007 87359 90710 91102 93100 555 60005=
07299,2008-07-06 01:00:00,16.8,1013,-0.8,92,15.5,20000,,7.408,,,,,0,,,,,,,,og-post,,,,AAXX 06014 07299 26/70 /0000 10168 20155 39813 40130 58008 333 60005 90710 91104=
07299,2008-07-06 02:00:00,16.6,1013.1,-0.6,93,15.5,20000,3.704,11.112,,200,,,0.2,,,,,,,,og-post,,,,AAXX 06024 07299 26/70 /2002 10166 20155 39814 40131 55006 333 69925 90710 91106=
07299,2008-07-06 03:00:00,17.5,1012.6,-0.7,86,15.1,20000,3.704,11.112,,140,,,0,0.2,,,,,,,og-post,,,,AAXX 06034 07299 22670 71402 10175 20151 39810 40126 56007 8127/ 333 69927 81840 87359 90710 91106 93100 555 60005=
07299,2008-07-06 04:00:00,17.1,1012.2,-0.7,86,14.7,20000,7.408,11.112,,180,,,0.2,,,,,,,25,og-post,,,,AAXX 06044 07299 21770 61804 10171 20147 39806 40122 58007 72586 81271 333 69925 81850 84359 90710 91106 93100=
07299,2008-07-06 05:00:00,18.8,1011.9,-0.8,84,16,20000,3.704,11.112,,90,,,0,,,,,,,,og-post,,,,AAXX 06054 07299 22770 60902 10188 20160 39805 40119 56008 81281 333 60005 81850 84359 90710 91106 93100=
07299,2008-07-06 06:00:00,19.7,1011.6,-0.7,77,15.6,20000,3.704,7.408,,280,16.6,25.4,0,0.2,,0.4,0.4,9,15,2,og-post,,,,AAXX 06064 07299 01770 72802 10197 20156 39803 40116 56007 69942 70286 81281 333 10254 20166 31015 55090 69927 70004 81850 85360 85073 90710 91104 93100 555 60005=
07299,2008-07-06 07:00:00,21.4,1010.9,-0.8,67,15,30000,3.704,11.112,,260,,,0,,,,,,,,og-post,,,,AAXX 06074 07299 22680 72602 10214 20150 39798 40109 58008 81282 333 60005 81846 84359 86073 90710 91106 93100=
07299,2008-07-06 08:00:00,21.8,1010.6,-1,67,15.4,23000,14.816,22.224,,260,,,0,,,,,,,,og-post,,,,AAXX 06084 07299 22673 72608 10218 20154 39795 40106 58010 81982 333 60005 81946 84357 85364 90710 91112 93100=
07299,2008-07-06 09:00:00,18.9,1011.6,-0.1,78,15,9000,18.52,35.188,,270,,,0.2,0.2,,,,,,61,og-post,,,,AAXX 06094 07299 21559 82710 10189 20150 39802 40116 55001 76162 8497/ 333 69927 81830 81943 84650 87357 90710 91119 93100 555 69925=
07299,2008-07-06 10:00:00,17.8,1012,0.7,88,15.8,11000,7.408,31.484,,310,,,2,,,,,,,61,og-post,,,,AAXX 06104 07299 21261 83104 10178 20158 39805 40120 53007 76166 878// 333 60025 81705 85633 87650 90710 91117 93100=
07299,2008-07-06 11:00:00,17.7,1012.5,1.4,86,15.3,10000,,14.816,,,,,0.6,,,,,,,61,og-post,,,,AAXX 06114 07299 21260 80000 10177 20153 39809 40125 51014 76166 878// 333 69965 81705 85630 87650 90710 91108 93100=
07299,2008-07-06 12:00:00,18.7,1011.1,-0.5,82,15.6,15000,7.408,14.816,,50,,,0.8,3,3,,,,,60,og-post,,,,AAXX 06124 07299 01365 70504 10187 20156 39797 40111 58005 60031 76062 8687/ 333 60037 82808 83630 85656 90710 91108 93100 555 69985=
07299,2008-07-06 13:00:00,19.1,1011,-1,80,15.6,20000,3.704,14.816,,80,,,,,,,,,,21,og-post,,,,AAXX 06134 07299 21470 70802 10191 20156 39796 40110 58010 72162 8387/ 333 69905 81813 87357 90710 91108 93100=
07299,2008-07-06 14:00:00,21.1,1009.6,-2.4,76,16.7,25000,14.816,18.52,,120,,,0,,,,,,,,og-post,,,,AAXX 06144 07299 22475 61208 10211 20167 39785 40096 56024 83830 333 60005 81816 83656 85364 90710 91110 93100=
07299,2008-07-06 15:00:00,21.5,1008.1,-2.6,75,16.9,11000,11.112,29.632,,90,,,,,,,,,,80,og-post,,,,AAXX 06154 07299 21461 70906 10215 20169 39771 40081 58026 78086 879// 333 69907 82815 81930 83646 86656 90710 91116 93100 555 69905=
07299,2008-07-06 16:00:00,20.6,1008.3,-2.4,85,18,15000,11.112,25.928,,270,,,0.4,,,,,,,25,og-post,,,,AAXX 06164 07299 21465 72706 10206 20180 39772 40083 55024 72586 878// 333 69945 81710 83623 85657 90710 91114 93100=
07299,2008-07-06 17:00:00,18.6,1009,-0.8,83,15.7,15000,18.52,38.892,,250,,,0,,,,,,,15,og-post,,,,AAXX 06174 07299 21465 72510 10186 20157 39776 40090 55008 71522 879// 333 60005 81810 81928 85657 90710 91121 93100=
07299,2008-07-06 18:00:00,17,1009.3,0.8,89,15.2,10000,7.408,31.484,,190,16.9,22.3,0.8,1,,4,,,,80,og-post,,,,AAXX 06184 07299 01460 71904 10170 20152 39778 40093 53008 60042 78086 879// 333 10223 20169 60017 81810 81928 86656 90710 91117 93100 555 69985=
07299,2008-07-06 19:00:00,16.8,1010.2,1.4,90,15.1,15000,14.816,25.928,,270,,,0.2,,,,,,,25,og-post,,,,AAXX 06194 07299 21465 72708 10168 20151 39786 40102 53014 72586 8597/ 333 69925 82815 85640 87360 90710 91114 93100=
07299,2008-07-06 20:00:00,16,1011.3,1.8,89,14.2,15000,18.52,29.632,,260,,,0,,,,,,,,og-post,,,,AAXX 06204 07299 22465 72610 10160 20142 39796 40113 53018 878// 333 60005 81815 84624 86631 90710 91116 93100=
07299,2008-07-06 21:00:00,15.6,1011.6,2,86,13.3,15000,11.112,25.928,,250,,,0,0.2,,,,,,1,og-post,,,,AAXX 06214 07299 21665 72506 10156 20133 39798 40116 51020 70186 875// 333 69927 84633 87642 90710 91114 93100 555 60005=
07299,2008-07-06 22:00:00,15.4,1012.2,1.8,89,13.6,15000,7.408,18.52,,260,,,0,,,,,,,,og-post,,,,AAXX 06224 07299 22465 72604 10154 20136 39804 40122 51018 8757/ 333 60005 83612 83656 87358 90710 91110 93100=
07299,2008-07-06 23:00:00,15.1,1012.1,0.7,90,13.5,15000,11.112,18.52,,250,,,0,,,,,,,,og-post,,,,AAXX 06234 07299 22465 72506 10151 20135 39802 40121 50007 8757/ 333 60005 81612 83656 87360 90710 91110 93100=
07299,2008-07-07 00:00:00,14.9,1012,0.2,90,13.3,15000,3.704,22.224,,280,,,0,0,0.2,,,,,3,og-post,,,,AAXX 07004 07299 01465 72802 10149 20133 39801 40120 50002 69921 70386 8757/ 333 60007 81612 87359 90710 91112 93100 555 60005=
07299,2008-07-07 01:00:00,14.9,1011.8,-0.4,88,12.9,20000,3.704,14.816,,180,,,0,,,,,,,,og-post,,,,AAXX 07014 07299 26/70 /1802 10149 20129 39799 40118 58004 333 60005 90710 91108=
07299,2008-07-07 02:00:00,15,1012,-0.2,88,13,20000,7.408,11.112,,210,,,0,,,,,,,,og-post,,,,AAXX 07024 07299 26/70 /2104 10150 20130 39801 40120 55002 333 60005 90710 91106=
07299,2008-07-07 03:00:00,15.3,1011.8,-0.1,86,13,15000,,11.112,,,,,0,0,,,,,,,og-post,,,,AAXX 07034 07299 23765 70000 10153 20130 39800 40118 56001 875// 333 60007 83650 87656 90710 91106 93100 555 60005=
07299,2008-07-07 04:00:00,14.4,1011.8,-0.1,89,12.6,15000,3.704,11.112,,260,,,0,,,,,,,,og-post,,,,AAXX 07044 07299 22765 72602 10144 20126 39799 40118 58001 8357/ 333 60005 83650 87359 90710 91106 93100=
07299,2008-07-07 05:00:00,14.3,1012.3,0.2,84,11.6,15000,14.816,29.632,,260,,,0,,,,,,,,og-post,,,,AAXX 07054 07299 22765 72608 10143 20116 39803 40123 53002 8357/ 333 60005 83650 86650 87358 90710 91116 93100=
07299,2008-07-07 06:00:00,14.6,1012.1,0.2,80,11.2,15000,11.112,22.224,,230,14.1,16.9,0,0,,0.2,4.4,2.2,13,,og-post,,,,AAXX 07064 07299 02565 72306 10146 20112 39802 40121 53002 69922 8687/ 333 10169 20141 30013 55022 60007 70044 82830 86640 87358 90710 91112 93100 555 60005=
07299,2008-07-07 07:00:00,14.8,1012.2,0.5,82,11.8,20000,3.704,14.816,,240,,,0,,,,,,,,og-post,,,,AAXX 07074 07299 22470 72402 10148 20118 39803 40122 51005 878// 333 60005 81815 87643 90710 91108 93100=
07299,2008-07-07 08:00:00,15.7,1012.3,0.2,76,11.5,20000,7.408,14.816,,260,,,0,,,,,,,,og-post,,,,AAXX 07084 07299 22570 72604 10157 20115 39805 40123 53002 878// 333 60005 82820 87643 90710 91108 93100=
07299,2008-07-07 09:00:00,17.7,1012,0.2,68,11.7,30000,14.816,25.928,,260,,,0,0,,,,,,,og-post,,,,AAXX 07094 07299 22580 72608 10177 20117 39804 40120 50002 8485/ 333 60007 83830 85357 90710 91114 93100 555 60005=
07299,2008-07-07 10:00:00,17.8,1011.7,-0.2,60,9.9,30000,18.52,35.188,,260,,,0,,,,,,,,og-post,,,,AAXX 07104 07299 22580 72610 10178 20099 39801 40117 58002 83831 333 60005 82830 85357 90710 91119 93100=
07299,2008-07-07 11:00:00,19.7,1011.2,-0.7,53,9.9,30000,18.52,42.596,,260,,,0,,,,,,,,og-post,,,,AAXX 07114 07299 22680 62610 10197 20099 39798 40112 58007 84830 333 60005 83836 83358 90710 91123 93100=
07299,2008-07-07 12:00:00,21.2,1010.7,-0.9,50,10.4,40000,18.52,38.892,,260,,,0,0,,,,,,,og-post,,,,AAXX 07124 07299 02682 42610 10212 20104 39795 40107 57009 60001 82231 333 60007 82843 90710 91121 93100 555 60005=
07299,2008-07-07 13:00:00,22,1010.3,-0.8,41,8.2,40000,25.928,42.596,,270,,,0,,,,,,,,og-post,,,,AAXX 07134 07299 22682 42714 10220 20082 39792 40103 56008 82231 333 60005 82843 90710 91123 93100=
07299,2008-07-07 14:00:00,22.5,1010.1,-0.9,42,9,40000,25.928,46.3,,250,,,0,,,,,,,,og-post,,,,AAXX 07144 07299 22682 42514 10225 20090 39790 40101 58009 82131 333 60005 82846 90710 91125 93100=
07299,2008-07-07 15:00:00,22.8,1010.1,-0.4,37,7.4,40000,29.632,46.3,,260,,,0,0,,,,,,,og-post,,,,AAXX 07154 07299 22782 22616 10228 20074 39791 40101 55004 82800 333 60007 82850 90710 91125 93100 555 60005=
07299,2008-07-07 16:00:00,22.6,1010.1,-0.2,41,8.7,40000,25.928,46.3,,260,,,0,,,,,,,,og-post,,,,AAXX 07164 07299 22782 12614 10226 20087 39790 40101 56002 81800 333 60005 81850 90710 91125 93100=
07299,2008-07-07 17:00:00,21.3,1010.4,0.3,44,8.6,40000,25.928,42.596,,270,,,0,,,,,,,,og-post,,,,AAXX 07174 07299 22782 12714 10213 20086 39792 40104 52003 81800 333 60005 81850 90710 91123 93100=
07299,2008-07-07 18:00:00,21,1010.6,0.4,44,8.3,45000,14.816,38.892,,260,14.6,23.1,0,0,,,,,,,og-post,,,,AAXX 07184 07299 02783 22608 10210 20083 39794 40106 53004 60002 82441 333 10231 20146 60007 81850 90710 91121 93100 555 60005=
07299,2008-07-07 19:00:00,18.5,1011.4,0.9,54,9,45000,11.112,25.928,,260,,,0,,,,,,,,og-post,,,,AAXX 07194 07299 22783 32606 10185 20090 39799 40114 53009 82841 333 60005 81850 90710 91114 93100=
07299,2008-07-07 20:00:00,17.6,1012.2,1.4,57,9,40000,14.816,31.484,,260,,,0,,,,,,,14,og-post,,,,AAXX 07204 07299 21782 32608 10176 20090 39806 40122 53014 71400 81541 333 60005 81650 83360 90710 91117 93100=
07299,2008-07-07 21:00:00,17.1,1013.1,2,58,8.8,40000,14.816,25.928,,260,,,0,0,,,,,,14,og-post,,,,AAXX 07214 07299 21782 42608 10171 20088 39814 40131 53020 71400 81541 333 60007 81650 84360 90710 91114 93100 555 60005=
07299,2008-07-07 22:00:00,17.4,1013.2,1.6,57,8.8,40000,18.52,35.188,,260,,,0,,,,,,,14,og-post,,,,AAXX 07224 07299 21782 52610 10174 20088 39815 40132 51016 71411 81571 333 60005 81650 85359 90710 91119 93100=
07299,2008-07-07 23:00:00,17.1,1013.5,1.1,58,8.8,40000,22.224,38.892,,260,,,0,,,,,,,,og-post,,,,AAXX 07234 07299 22782 42612 10171 20088 39818 40135 51011 81571 333 60005 81650 84360 90710 91121 93100=
07299,2008-07-08 00:00:00,16.1,1014,0.7,63,9.1,30000,14.816,35.188,,250,,,0,0,,,,,,15,og-post,,,,AAXX 08004 07299 01780 42508 10161 20091 39821 40140 53007 60001 71511 81570 333 60007 81650 84359 90710 91119 93100 555 60005=
07299,2008-07-08 01:00:00,15.5,1014.4,1,67,9.4,20000,14.816,35.188,,230,,,0,,,,,,,,og-post,,,,AAXX 08014 07299 26/70 /2308 10155 20094 39825 40144 53010 333 60005 90710 91119=
07299,2008-07-08 02:00:00,14.8,1014.6,0.8,70,9.4,20000,11.112,25.928,,200,,,0,,,,,,,,og-post,,,,AAXX 08024 07299 26/70 /2006 10148 20094 39826 40146 51008 333 60005 90710 91114=
07299,2008-07-08 03:00:00,14.7,1014.8,0.6,70,9.3,30000,11.112,29.632,,220,,,0,0,,,,,,,og-post,,,,AAXX 08034 07299 22780 32206 10147 20093 39828 40148 51006 81530 333 60007 81656 83360 90710 91116 93100 555 60005=
07299,2008-07-08 04:00:00,14.2,1015.2,0.6,72,9.2,30000,11.112,25.928,,230,,,0,,,,,,,14,og-post,,,,AAXX 08044 07299 21580 42306 10142 20092 39831 40152 53006 71400 83830 333 60005 81830 83650 90710 91114 93100=
07299,2008-07-08 05:00:00,14.9,1015.9,1.3,73,10.1,25000,14.816,31.484,,240,,,,,,,,,,21,og-post,,,,AAXX 08054 07299 21575 72408 10149 20101 39839 40159 53013 72161 8487/ 333 69905 81830 84650 85357 90710 91117 93100=
07299,2008-07-08 06:00:00,15.8,1015.8,1.2,70,10.3,25000,22.224,38.892,,240,14,21.1,0,,,,0,7.6,12,1,og-post,,,,AAXX 08064 07299 01575 72412 10158 20103 39839 40158 51012 69902 70161 8387/ 333 10211 20140 30012 55076 69907 79999 81826 83656 86360 90710 91121 93100 555 60005=
07299,2008-07-08 07:00:00,15.9,1016.1,1.1,68,10,25000,18.52,31.484,,250,,,0,,,,,,,,og-post,,,,AAXX 08074 07299 22575 72510 10159 20100 39842 40161 51011 8487/ 333 60005 82826 83656 86361 90710 91117 93100=
07299,2008-07-08 08:00:00,17,1016.3,0.7,66,10.6,25000,14.816,31.484,,250,,,0,,,,,,,,og-post,,,,AAXX 08084 07299 22575 72508 10170 20106 39845 40163 53007 8487/ 333 60005 82826 83656 85361 90710 91117 93100=
07299,2008-07-08 09:00:00,16.1,1016.9,1.2,73,11.3,12000,22.224,46.3,,260,,,,,,,,,,80,og-post,,,,AAXX 08094 07299 21562 72612 10161 20113 39850 40169 53012 78086 8587/ 333 69907 83830 85645 87356 90710 91125 93100 555 69905=
07299,2008-07-08 10:00:00,16.7,1017.1,1.1,74,12,15000,18.52,29.632,,250,,,,,,,,,,25,og-post,,,,AAXX 08104 07299 21665 72510 10167 20120 39852 40171 51011 72586 85532 333 69905 83833 85358 90710 91116 93100=
07299,2008-07-08 11:00:00,19.3,1016.7,0.5,58,10.8,25000,18.52,42.596,,250,,,0,,,,,,,,og-post,,,,AAXX 08114 07299 22675 72510 10193 20108 39851 40167 50005 8583/ 333 60005 84836 83650 85358 90710 91123 93100=
07299,2008-07-08 12:00:00,19.9,1016.4,-0.2,53,10,25000,22.224,38.892,,250,,,0,,,,,,,3,og-post,,,,AAXX 08124 07299 01675 72512 10199 20100 39849 40164 58002 69901 70386 8527/ 333 69907 81836 85840 85359 90710 91121 93100 555 60005=
07299,2008-07-08 13:00:00,17.3,1017.2,0.1,72,12.2,8000,25.928,46.3,,260,,,0.2,,,,,,,80,og-post,,,,AAXX 08134 07299 21558 72614 10173 20122 39854 40172 53001 78086 8587/ 333 69925 81830 86643 86359 90710 91125 93100=
07299,2008-07-08 14:00:00,18.4,1017.2,0.5,69,12.6,15000,14.816,38.892,,240,,,,,,,,,,25,og-post,,,,AAXX 08144 07299 21565 72408 10184 20126 39855 40172 53005 72586 8483/ 333 69905 81830 83650 85358 90710 91121 93100=
07299,2008-07-08 15:00:00,19.2,1016.9,0.4,62,11.7,15000,18.52,35.188,,250,,,0,0.2,,,,,,3,og-post,,,,AAXX 08154 07299 21665 72510 10192 20117 39853 40169 50004 70386 8493/ 333 69927 81936 83843 86358 90710 91119 93100 555 60005=
07299,2008-07-08 16:00:00,20.3,1016.6,-0.3,62,12.8,15000,14.816,35.188,,210,,,,,,,,,,25,og-post,,,,AAXX 08164 07299 21665 62108 10203 20128 39851 40166 58003 72586 83932 333 69905 81936 83840 90710 91119 93100=
07299,2008-07-08 17:00:00,19.5,1016.7,-0.4,59,11.3,15000,14.816,35.188,,270,,,0,,,,,,,15,og-post,,,,AAXX 08174 07299 21665 72708 10195 20113 39851 40167 56004 71522 8393/ 333 60005 83936 85359 90710 91119 93100=
07299,2008-07-08 18:00:00,16.2,1018.4,1.3,86,13.9,15000,14.816,31.484,,250,15.7,20.8,1,1,,2,,,,25,og-post,,,,AAXX 08184 07299 01565 72508 10162 20139 39865 40184 53013 60022 72586 8396/ 333 10208 20157 60017 82830 82940 85358 90710 91117 93100 555 60015=
07299,2008-07-08 19:00:00,16.4,1018.7,1.7,81,13.1,20000,7.408,22.224,,220,,,0,,,,,,,,og-post,,,,AAXX 08194 07299 22570 52204 10164 20131 39868 40187 53017 81860 333 60005 81826 84359 90710 91112 93100=
07299,2008-07-08 20:00:00,13.9,1019.2,1.9,89,12.1,20000,11.112,18.52,,210,,,0,,,,,,,15,og-post,,,,AAXX 08204 07299 21570 32106 10139 20121 39870 40192 51019 71511 81830 333 60005 81826 90710 91110 93100=
07299,2008-07-08 21:00:00,13.7,1019.6,0.7,90,12.1,20000,3.704,14.816,,260,,,0.2,0.2,,,,,,16,og-post,,,,AAXX 08214 07299 21570 52602 10137 20121 39873 40196 52007 71611 82830 333 69927 81830 84359 90710 91108 93100 555 69925=
07299,2008-07-08 22:00:00,13.3,1019.9,0.8,90,11.7,20000,3.704,11.112,,130,,,0,,,,,,,,og-post,,,,AAXX 08224 07299 22570 51302 10133 20117 39876 40199 52008 82830 333 60005 81830 84359 90710 91106 93100=
07299,2008-07-08 23:00:00,12.7,1019.8,0.3,93,11.6,20000,,7.408,,,,,0,,,,,,,,og-post,,,,AAXX 08234 07299 22570 60000 10127 20116 39874 40198 50003 81830 333 60005 81830 86360 90710 91104 93100=
07299,2008-07-09 00:00:00,13.2,1019.4,-0.3,94,12.3,20000,7.408,11.112,,190,,,0,0,0.2,,,,,,og-post,,,,AAXX 09004 07299 02570 61904 10132 20123 39871 40194 58003 69921 81830 333 60007 81830 86360 90710 91106 93100 555 60005=
07299,2008-07-09 01:00:00,13.7,1019.1,-0.7,92,12.4,20000,7.408,14.816,,170,,,0,,,,,,,,og-post,,,,AAXX 09014 07299 26/70 /1704 10137 20124 39869 40191 56007 333 60005 90710 91108=
07299,2008-07-09 02:00:00,13.6,1019.3,-0.4,91,12.2,20000,7.408,14.816,,140,,,0,,,,,,,,og-post,,,,AAXX 09024 07299 26/70 /1404 10136 20122 39870 40193 55004 333 60005 90710 91108=
07299,2008-07-09 03:00:00,13.2,1019.3,-0,90,11.6,20000,3.704,11.112,,170,,,0,0,,,,,,,og-post,,,,AAXX 09034 07299 22570 31702 10132 20116 39870 40193 55000 81830 333 60007 81830 83360 90710 91106 555 60005=
07299,2008-07-09 04:00:00,13.3,1019.5,0.3,90,11.7,20000,11.112,18.52,,160,,,0,,,,,,,,og-post,,,,AAXX 09044 07299 26/70 /1606 10133 20117 39872 40195 53003 333 60005 90710 91110=
07299,2008-07-09 05:00:00,13.3,1019.7,0.5,92,12,25000,7.408,14.816,,190,,,0,,,,,,,,og-post,,,,AAXX 09054 07299 22575 21904 10133 20120 39874 40197 53005 81830 333 60005 81830 90710 91108=
07299,2008-07-09 06:00:00,16.8,1019.3,0.4,76,12.5,25000,7.408,14.816,,170,12.7,16.8,0,0,,0.2,1.8,2.3,11,,og-post,,,,AAXX 09064 07299 02575 21704 10168 20125 39874 40193 50004 69922 81830 333 10168 20127 30011 55023 60007 70018 81830 90710 91108 93100 555 60005=
07299,2008-07-09 07:00:00,17.2,1019.7,0.6,75,12.7,35000,11.112,22.224,,270,,,0,,,,,,,,og-post,,,,AAXX 09074 07299 22581 32706 10172 20127 39878 40197 53006 81830 333 60005 81830 90710 91112 93100=
07299,2008-07-09 08:00:00,18.8,1019.3,0.1,70,13.2,35000,14.816,29.632,,260,,,0,,,,,,,,og-post,,,,AAXX 09084 07299 22581 42608 10188 20132 39876 40193 50001 83830 333 60005 82825 83646 90710 91116 93100=
07299,2008-07-09 09:00:00,20.1,1018.9,0,64,13.1,35000,14.816,25.928,,240,,,0,0,,,,,,,og-post,,,,AAXX 09094 07299 22581 42408 10201 20131 39874 40189 50000 83830 333 60007 82826 83646 90710 91114 93100 555 60005=
07299,2008-07-09 10:00:00,21.3,1018.6,-0.6,57,12.4,35000,14.816,25.928,,260,,,0,,,,,,,,og-post,,,,AAXX 09104 07299 22581 42608 10213 20124 39872 40186 58006 83830 333 60005 82830 83646 90710 91114 93100=
07299,2008-07-09 11:00:00,22.7,1018.3,-0.6,51,12,20000,11.112,31.484,,250,,,0,,,,,,,,og-post,,,,AAXX 09114 07299 26/70 /2506 10227 20120 39870 40183 58006 333 60005 90710 91117=
07299,2008-07-09 12:00:00,23.4,1017.5,-1.2,50,12.4,35000,14.816,38.892,,260,,,0,0,,,,,,,og-post,,,,AAXX 09124 07299 02681 42608 10234 20124 39863 40175 58012 60001 84800 333 60007 82833 83650 90710 91121 93100 555 60005=
07299,2008-07-09 13:00:00,22.9,1017.2,-1.2,51,12.2,40000,14.816,29.632,,300,,,0,,,,,,,,og-post,,,,AAXX 09134 07299 22682 33008 10229 20122 39860 40172 58012 83800 333 60005 83840 90710 91116 93100=
07299,2008-07-09 14:00:00,24.1,1016.5,-1.6,47,12.1,40000,11.112,31.484,,270,,,0,,,,,,,,og-post,,,,AAXX 09144 07299 22682 32706 10241 20121 39854 40165 56016 83800 333 60005 83840 90710 91117 93100=
07299,2008-07-09 15:00:00,24.5,1016.3,-1,46,12.1,40000,14.816,29.632,,270,,,0,0,,,,,,,og-post,,,,AAXX 09154 07299 22682 32708 10245 20121 39853 40163 56010 83800 333 60007 83840 90710 91116 93100 555 60005=
07299,2008-07-09 16:00:00,24.2,1016.1,-0.9,49,12.8,40000,18.52,29.632,,280,,,0,,,,,,,,og-post,,,,AAXX 09164 07299 22682 22810 10242 20128 39851 40161 56009 82100 333 60005 82843 90710 91116 93100=
07299,2008-07-09 17:00:00,23.7,1016,-0.5,49,12.4,40000,14.816,29.632,,290,,,0,,,,,,,,og-post,,,,AAXX 09174 07299 22682 22908 10237 20124 39849 40160 58005 82800 333 60005 82843 90710 91116 93100=
07299,2008-07-09 18:00:00,22.7,1016.2,-0.3,52,12.3,40000,11.112,22.224,,300,16.2,24.7,0,0,,,,,,,og-post,,,,AAXX 09184 07299 02682 13006 10227 20123 39850 40162 55003 60002 81800 333 10247 20162 60007 81843 90710 91112 93100 555 60005=
07299,2008-07-09 19:00:00,20.5,1016.6,0.1,62,13,40000,11.112,22.224,,290,,,0,,,,,,,,og-post,,,,AAXX 09194 07299 22782 12906 10205 20130 39852 40166 53001 81400 333 60005 81650 90710 91112 93100=
07299,2008-07-09 20:00:00,16.4,1017.5,0.7,83,13.5,30000,3.704,11.112,,250,,,0,,,,,,,,og-post,,,,AAXX 09204 07299 22780 12502 10164 20135 39856 40175 53007 81400 333 60005 81650 90710 91106 93100=
07299,2008-07-09 21:00:00,15.1,1017.8,0.8,86,12.8,30000,3.704,7.408,,210,,,0,0,,,,,,,og-post,,,,AAXX 09214 07299 22780 12102 10151 20128 39858 40178 52008 81400 333 60007 81650 90710 91104 93100 555 60005=
07299,2008-07-09 22:00:00,14.6,1018,0.7,86,12.3,30000,,7.408,,,,,0,,,,,,,,og-post,,,,AAXX 09224 07299 22780 10000 10146 20123 39859 40180 51007 81400 333 60005 81650 90710 91104 93100=
07299,2008-07-09 23:00:00,14.1,1018.1,0.3,90,12.5,20000,3.704,7.408,,180,,,0,,,,,,,,og-post,,,,AAXX 09234 07299 22770 11802 10141 20125 39859 40181 51003 81400 333 60005 81650 90710 91104 93100=
07299,2008-07-10 00:00:00,13.1,1018,-0.1,90,11.5,15000,3.704,7.408,,170,,,0,0,,,,,,,og-post,,,,AAXX 10004 07299 02965 01702 10131 20115 39857 40180 58001 60001 333 60007 90710 91104 93100 555 60005=
07299,2008-07-10 01:00:00,13.7,1017.7,-0.4,89,11.9,20000,7.408,11.112,,150,,,0,,,,,,,,og-post,,,,AAXX 10014 07299 26/70 /1504 10137 20119 39855 40177 58004 333 60005 90710 91106=
07299,2008-07-10 02:00:00,13.7,1017.6,-0.5,89,11.9,20000,7.408,7.408,,150,,,0,,,,,,,,og-post,,,,AAXX 10024 07299 26/70 /1504 10137 20119 39854 40176 56005 333 60005 90710 91104=
07299,2008-07-10 03:00:00,13.8,1017.5,-0.4,89,12,20000,11.112,14.816,,160,,,0,0,,,,,,,og-post,,,,AAXX 10034 07299 22970 01606 10138 20120 39853 40175 56004 333 60007 90710 91108 93100 555 60005=
07299,2008-07-10 04:00:00,13.8,1017.3,-0.4,88,11.8,20000,11.112,18.52,,160,,,0,,,,,,,,og-post,,,,AAXX 10044 07299 22970 01606 10138 20118 39851 40173 58004 333 60005 90710 91110 93100=
07299,2008-07-10 05:00:00,14.9,1017.2,-0.3,86,12.6,20000,7.408,18.52,,170,,,0,,,,,,,,og-post,,,,AAXX 10054 07299 22970 01704 10149 20126 39851 40172 56003 333 60005 90710 91110 93100=
07299,2008-07-10 06:00:00,17.5,1016.7,-0.3,77,13.4,20000,11.112,14.816,,160,13.1,22.6,0,0,,,0,11.5,10,,og-post,,,,AAXX 10064 07299 02970 01606 10175 20134 39850 40167 56003 60002 333 10226 20131 30010 55115 60007 70000 90710 91108 93100 555 60005=
07299,2008-07-10 07:00:00,19.7,1016.7,0.1,65,12.9,30000,11.112,18.52,,150,,,0,,,,,,,,og-post,,,,AAXX 10074 07299 22980 01506 10197 20129 39852 40167 53001 333 60005 90710 91110 93100=
07299,2008-07-10 08:00:00,22.2,1016,-0.4,58,13.5,30000,11.112,18.52,,130,,,0,,,,,,,,og-post,,,,AAXX 10084 07299 22/80 11306 10222 20135 39848 40160 58004 80001 333 60005 81075 90710 91110 93100=
07299,2008-07-10 09:00:00,24.5,1015.5,-0.5,48,12.8,30000,11.112,18.52,,110,,,0,0,,,,,,,og-post,,,,AAXX 10094 07299 22580 11106 10245 20128 39845 40155 58005 81101 333 60007 81830 90710 91110 93100 555 60005=
07299,2008-07-10 10:00:00,26,1015,-1,44,12.8,30000,7.408,18.52,,190,,,0,,,,,,,,og-post,,,,AAXX 10104 07299 22680 11904 10260 20128 39842 40150 56010 81101 333 60005 81840 90710 91110 93100=
07299,2008-07-10 11:00:00,27,1014.3,-1.1,43,13.4,30000,7.408,18.52,,270,,,0,,,,,,,,og-post,,,,AAXX 10114 07299 22780 12704 10270 20134 39836 40143 58011 81101 333 60005 81850 90710 91110 93100=
07299,2008-07-10 12:00:00,27.4,1013.5,-1.6,45,14.4,30000,7.408,25.928,,290,,,0,0,,,,,,,og-post,,,,AAXX 10124 07299 02780 12904 10274 20144 39829 40135 58016 60001 81100 333 60007 81850 90710 91114 93100 555 60005=
07299,2008-07-10 13:00:00,28.7,1012.7,-2,41,14.1,30000,11.112,22.224,,250,,,0,,,,,,,,og-post,,,,AAXX 10134 07299 22780 12506 10287 20141 39822 40127 58020 81100 333 60005 81850 90710 91112 93100=
07299,2008-07-10 14:00:00,28.9,1012.3,-1.7,43,15.1,30000,14.816,25.928,,300,,,0,,,,,,,,og-post,,,,AAXX 10144 07299 22780 13008 10289 20151 39819 40123 56017 81200 333 60005 81856 90710 91114 93100=
07299,2008-07-10 15:00:00,29.2,1011.9,-1.4,39,13.8,30000,14.816,29.632,,280,,,0,0,,,,,,,og-post,,,,AAXX 10154 07299 22780 12808 10292 20138 39815 40119 56014 81200 333 60007 81856 90710 91116 93100 555 60005=
07299,2008-07-10 16:00:00,29.1,1011.3,-1.3,38,13.3,30000,11.112,22.224,,280,,,0,,,,,,,,og-post,,,,AAXX 10164 07299 22880 12806 10291 20133 39809 40113 58013 81200 333 60005 81856 90710 91112 93100=
07299,2008-07-10 17:00:00,29,1011,-1.3,35,12,30000,11.112,22.224,,280,,,0,,,,,,,,og-post,,,,AAXX 10174 07299 22880 12806 10290 20120 39806 40110 56013 81401 333 60005 81656 90710 91112 93100=
07299,2008-07-10 18:00:00,28.2,1011.1,-0.9,39,12.9,30000,7.408,14.816,,270,17.7,29.4,0,0,,,,,,,og-post,,,,AAXX 10184 07299 02880 12704 10282 20129 39806 40111 56009 60002 81401 333 10294 20177 60007 81656 90710 91108 93100 555 60005=
07299,2008-07-10 19:00:00,23.7,1011.4,-0.4,65,16.7,30000,3.704,7.408,,280,,,0,,,,,,,,og-post,,,,AAXX 10194 07299 22980 32802 10237 20167 39805 40114 56004 81082 333 60005 81363 83075 90710 91104 93100=
07299,2008-07-10 20:00:00,20.3,1012.3,0.4,74,15.5,25000,11.112,14.816,,230,,,0,,,,,,,,og-post,,,,AAXX 10204 07299 22975 42306 10203 20155 39810 40123 53004 81082 333 60005 81363 84075 90710 91108 93100=
07299,2008-07-10 21:00:00,20.5,1012.1,0.2,72,15.3,25000,3.704,14.816,,140,,,0,0,,,,,,,og-post,,,,AAXX 10214 07299 22975 31402 10205 20153 39808 40121 50002 81082 333 60007 81362 83075 90710 91108 93100 555 60005=
07299,2008-07-10 22:00:00,18.7,1012.2,0.1,80,15.2,25000,3.704,11.112,,160,,,0,,,,,,,,og-post,,,,AAXX 10224 07299 22975 41602 10187 20152 39807 40122 50001 82082 333 60005 82363 84073 90710 91106 93100=
07299,2008-07-10 23:00:00,17.3,1012.4,-0.1,86,14.9,25000,7.408,11.112,,250,,,0,,,,,,,,og-post,,,,AAXX 10234 07299 22975 42504 10173 20149 39808 40124 55001 82082 333 60005 82363 84073 90710 91106 93100=
07299,2008-07-11 00:00:00,18.6,1012.2,-0.2,81,15.3,25000,7.408,11.112,,160,,,0,0,,,,,,,og-post,,,,AAXX 11004 07299 02975 41604 10186 20153 39807 40122 58002 60001 82082 333 60007 82363 84073 90710 91106 93100 555 60005=
07299,2008-07-11 01:00:00,17.7,1012.6,0.3,84,15,20000,7.408,18.52,,190,,,0,,,,,,,,og-post,,,,AAXX 11014 07299 26/70 /1904 10177 20150 39810 40126 51003 333 60005 90710 91110=
07299,2008-07-11 02:00:00,18.9,1011,-1.4,79,15.2,20000,11.112,18.52,,110,,,0,,,,,,,,og-post,,,,AAXX 11024 07299 26/70 /1106 10189 20152 39796 40110 58014 333 60005 90710 91110=
07299,2008-07-11 03:00:00,17.8,1011.3,-0.8,83,14.9,25000,7.408,25.928,,330,,,0,0,,,,,,,og-post,,,,AAXX 11034 07299 22675 63304 10178 20149 39798 40113 58008 81222 333 60007 81840 83360 85073 90710 91114 93100 555 60005=
07299,2008-07-11 04:00:00,16.2,1011.3,-1.3,88,14.2,25000,3.704,11.112,,210,,,0,,,,,,,,og-post,,,,AAXX 11044 07299 22675 62102 10162 20142 39796 40113 56013 81182 333 60005 81840 83359 85073 90710 91106 93100=
07299,2008-07-11 05:00:00,16.5,1011.4,0.1,87,14.3,25000,7.408,11.112,,230,,,0,,,,,,,,og-post,,,,AAXX 11054 07299 22675 62304 10165 20143 39797 40114 51001 81882 333 60005 81840 83359 85073 90710 91106 93100=
07299,2008-07-11 06:00:00,20.9,1010.8,-0.2,71,15.4,30000,7.408,11.112,,170,16.1,28.3,0,0,,,0,14.1,15,,og-post,,,,AAXX 11064 07299 02780 41704 10209 20154 39796 40108 56002 60002 81832 333 10283 20161 30015 55141 60007 70000 81850 83073 90710 91106 93100 555 60005=
07299,2008-07-11 07:00:00,23.5,1010.7,0.2,58,14.8,30000,3.704,11.112,,180,,,0,,,,,,,,og-post,,,,AAXX 11074 07299 22680 21802 10235 20148 39798 40107 53002 81132 333 60005 81833 90710 91106 93100=
07299,2008-07-11 08:00:00,24.5,1010.8,0.3,51,13.7,30000,3.704,14.816,,320,,,0,,,,,,,,og-post,,,,AAXX 11084 07299 22680 33202 10245 20137 39800 40108 53003 81192 333 60005 81840 90710 91108 93100=
07299,2008-07-11 09:00:00,25.9,1010.6,0.2,51,15,35000,11.112,18.52,,250,,,0,0,,,,,,,og-post,,,,AAXX 11094 07299 22681 22506 10259 20150 39799 40106 50002 81132 333 60007 81843 90710 91110 93100 555 60005=
07299,2008-07-11 10:00:00,27,1010.5,0.1,47,14.7,30000,25.928,46.3,,250,,,0,,,,,,,,og-post,,,,AAXX 11104 07299 22680 62514 10270 20147 39799 40105 51001 81204 333 60005 81843 86073 90710 91125 93100=
07299,2008-07-11 11:00:00,27.1,1009.7,-0.9,48,15.1,30000,22.224,38.892,,260,,,0,,,,,,,,og-post,,,,AAXX 11114 07299 22680 62612 10271 20151 39792 40097 58009 81932 333 60005 81843 81946 83366 85073 90710 91121 93100=
07299,2008-07-11 12:00:00,27.9,1009,-1.3,47,15.5,35000,14.816,29.632,,290,,,0,0,,,,,,,og-post,,,,AAXX 11124 07299 02681 72908 10279 20155 39786 40090 58013 60001 81194 333 60007 81843 83363 87073 90710 91116 93100 555 60005=
07299,2008-07-11 13:00:00,28.4,1008.1,-2.1,47,16,35000,11.112,25.928,,320,,,0,,,,,,,,og-post,,,,AAXX 11134 07299 22681 73206 10284 20160 39778 40081 57021 81132 333 60005 81843 86073 90710 91114 93100=
07299,2008-07-11 14:00:00,19.8,1011,0.5,87,17.6,4500,22.224,46.3,,230,,,6,,,,,,,95,og-post,,,,AAXX 11144 07299 21445 72312 10198 20176 39797 40110 53005 79598 8499/ 333 60065 81813 84946 87362 90710 91125 93100=
07299,2008-07-11 15:00:00,20.7,1010.1,0.4,86,18.3,23000,7.408,22.224,,130,,,2,8,,,,,,29,og-post,,,,AAXX 11154 07299 21473 71304 10207 20183 39790 40101 53004 72998 8199/ 333 60087 81813 81946 87362 90710 91112 93100 555 60025=
07299,2008-07-11 16:00:00,20.8,1010.3,1.4,85,18.2,6000,7.408,22.224,,180,,,0.2,,,,,,,17,og-post,,,,AAXX 11164 07299 21456 71804 10208 20182 39792 40103 51014 71792 8299/ 333 69925 81813 82946 87358 90710 91112 93100=
07299,2008-07-11 17:00:00,18,1011.4,0.4,90,16.3,10000,11.112,68.524,,280,,,15,,,,,,,95,og-post,,,,AAXX 11174 07299 21460 72806 10180 20163 39799 40114 53004 79599 8499/ 333 60155 81813 84941 87358 90710 91137 93100=
07299,2008-07-11 18:00:00,19.1,1011.4,1,90,17.4,25000,7.408,14.816,,80,17.7,28.6,0.2,16,,24,,,,29,og-post,,,,AAXX 11184 07299 01475 70804 10191 20174 39800 40114 51010 60242 72998 81992 333 10286 20177 60167 81813 81946 85359 87073 90710 91108 93100 555 69925=
07299,2008-07-11 19:00:00,18.6,1012.1,1.6,91,17.1,15000,7.408,14.816,,220,,,0.6,,,,,,,80,og-post,,,,AAXX 11194 07299 21465 72204 10186 20171 39807 40121 53016 78086 8199/ 333 69965 81815 81950 87359 90710 91108 93100=
07299,2008-07-11 20:00:00,17.6,1012.9,1.3,92,16.3,8000,11.112,22.224,,220,,,6,,,,,,,95,og-post,,,,AAXX 11204 07299 21458 72206 10176 20163 39813 40129 53013 79598 8499/ 333 60065 81815 84932 87359 90710 91112 93100=
07299,2008-07-11 21:00:00,17.8,1013.1,1.5,92,16.5,15000,7.408,18.52,,160,,,0.2,7,,,,,,29,og-post,,,,AAXX 11214 07299 21565 71604 10178 20165 39815 40131 51015 72998 878// 333 60077 81820 87636 90710 91110 93100 555 69925=
07299,2008-07-11 22:00:00,17.8,1013.2,0.9,93,16.7,15000,3.704,14.816,,170,,,0,,,,,,,,og-post,,,,AAXX 11224 07299 22565 71702 10178 20167 39816 40132 51009 878// 333 60005 81820 87650 90710 91108 93100=
07299,2008-07-11 23:00:00,18,1012.9,0.2,93,16.8,15000,3.704,14.816,,170,,,0,,,,,,,,og-post,,,,AAXX 11234 07299 22565 71702 10180 20168 39814 40129 50002 878// 333 60005 81820 87636 90710 91108 93100=
07299,2008-07-12 00:00:00,17.2,1013,-0.1,91,15.7,15000,3.704,11.112,,270,,,0,0,7,,,,,2,og-post,,,,AAXX 12004 07299 01565 72702 10172 20157 39814 40130 58001 60071 70298 878// 333 60007 81820 87636 90710 91106 93100 555 60005=
07299,2008-07-12 01:00:00,17.1,1012.9,-0.5,91,15.6,20000,7.408,14.816,,260,,,0,,,,,,,,og-post,,,,AAXX 12014 07299 26/70 /2604 10171 20156 39813 40129 56005 333 60005 90710 91108=
07299,2008-07-12 02:00:00,17,1012.9,-0.2,90,15.3,20000,3.704,14.816,,250,,,0,,,,,,,,og-post,,,,AAXX 12024 07299 26/70 /2502 10170 20153 39812 40129 57002 333 60005 90710 91108=
07299,2008-07-12 03:00:00,16.5,1012.9,-0.2,88,14.5,12000,7.408,18.52,,270,,,,,,,,,,60,og-post,,,,AAXX 12034 07299 21762 72704 10165 20145 39812 40129 56002 76062 8257/ 333 69907 82650 87359 90710 91110 93100 555 69905=
07299,2008-07-12 04:00:00,16.1,1013.1,0.1,90,14.5,12000,7.408,11.112,,210,,,0.2,,,,,,,21,og-post,,,,AAXX 12044 07299 21562 72104 10161 20145 39813 40131 53001 72162 8257/ 333 69925 82630 87360 90710 91106 93100=
07299,2008-07-12 05:00:00,16,1013.2,0.2,91,14.5,20000,3.704,7.408,,190,,,,,,,,,,60,og-post,,,,AAXX 12054 07299 21670 71902 10160 20145 39814 40132 53002 76062 8257/ 333 69905 82640 87360 90710 91104 93100=
07299,2008-07-12 06:00:00,16.2,1013.2,0.2,90,14.6,20000,7.408,14.816,,220,15.9,19,,0.2,,7,30.6,7.7,16,21,og-post,,,,AAXX 12064 07299 01670 72204 10162 20146 39814 40132 51002 60072 72162 8357/ 333 10190 20159 32016 55077 69927 70306 83640 87360 90710 91108 93100 555 69905=
07299,2008-07-12 07:00:00,17.2,1013,0.1,85,14.7,20000,3.704,11.112,,250,,,0,,,,,,,21,og-post,,,,AAXX 12074 07299 21570 82502 10172 20147 39814 40130 51001 72122 875// 333 60005 81823 83630 87650 90710 91106 93100=
07299,2008-07-12 08:00:00,16.7,1013.5,0.4,85,14.2,25000,11.112,18.52,,260,,,0,,,,,,,,og-post,,,,AAXX 12084 07299 22475 82606 10167 20142 39818 40135 53004 878// 333 60005 83819 87636 90710 91110 93100=
07299,2008-07-12 09:00:00,16.6,1013.7,0.6,83,13.7,40000,7.408,18.52,,260,,,0,0,,,,,,,og-post,,,,AAXX 12094 07299 22582 82604 10166 20137 39820 40137 53006 878// 333 60007 82823 87640 90710 91110 93100 555 60005=
07299,2008-07-12 10:00:00,17.3,1013.8,0.7,81,14,20000,7.408,18.52,,270,,,0,,,,,,,,og-post,,,,AAXX 12104 07299 26/70 /2704 10173 20140 39821 40138 51007 333 60005 90710 91110=
07299,2008-07-12 11:00:00,19.3,1013,-0.2,70,13.7,40000,11.112,18.52,,270,,,0,,,,,,,,og-post,,,,AAXX 12114 07299 22582 72706 10193 20137 39816 40130 58002 878// 333 60005 82822 83640 87650 90710 91110 93100=
07299,2008-07-12 12:00:00,19.3,1012.8,-0.6,68,13.2,40000,14.816,22.224,,300,,,0,0,,,,,,,og-post,,,,AAXX 12124 07299 02582 73008 10193 20132 39814 40128 58006 60001 878// 333 60007 82830 85646 87650 90710 91112 93100 555 60005=
07299,2008-07-12 13:00:00,19.5,1012.8,-0.6,65,12.7,40000,3.704,22.224,,250,,,0,,,,,,,,og-post,,,,AAXX 12134 07299 22682 72502 10195 20127 39814 40128 56006 878// 333 60005 82840 87650 90710 91112 93100=
07299,2008-07-12 14:00:00,21.6,1012.3,-0.5,57,12.7,40000,11.112,22.224,,250,,,0,,,,,,,,og-post,,,,AAXX 12144 07299 22682 72506 10216 20127 39811 40123 58005 8483/ 333 60005 83840 83656 86361 90710 91112 93100=
07299,2008-07-12 15:00:00,21.1,1011.6,-1,50,10.3,40000,7.408,25.928,,250,,,0,0,,,,,,,og-post,,,,AAXX 12154 07299 22682 72504 10211 20103 39804 40116 58010 8213/ 333 60007 82843 85359 85361 90710 91114 93100 555 60005=
07299,2008-07-12 16:00:00,22.1,1011.1,-1.4,49,10.9,40000,11.112,22.224,,260,,,0,,,,,,,,og-post,,,,AAXX 12164 07299 22782 72606 10221 20109 39800 40111 57014 82132 333 60005 82850 85360 90710 91112 93100=
07299,2008-07-12 17:00:00,20.8,1011,-1.3,53,10.9,40000,11.112,14.816,,270,,,0,,,,,,,,og-post,,,,AAXX 12174 07299 22682 72706 10208 20109 39798 40110 56013 8217/ 333 60005 82846 83359 85465 90710 91108 93100=
07299,2008-07-12 18:00:00,19.9,1011.2,-0.4,67,13.6,40000,7.408,11.112,,260,16.2,22.7,0,0,,,,,,,og-post,,,,AAXX 12184 07299 02682 72604 10199 20136 39799 40112 55004 60002 8187/ 333 10227 20162 60007 81843 85359 85465 90710 91106 93100 555 60005=
07299,2008-07-12 19:00:00,18.7,1011.3,-0.1,78,14.8,40000,3.704,7.408,,210,,,0,,,,,,,,og-post,,,,AAXX 12194 07299 22682 72102 10187 20148 39799 40113 56001 8183/ 333 60005 81843 87359 90710 91104 93100=
07299,2008-07-12 20:00:00,17.5,1011.7,0.4,82,14.4,40000,7.408,7.408,,180,,,0,,,,,,,,og-post,,,,AAXX 12204 07299 22682 71804 10175 20144 39801 40117 51004 8183/ 333 60005 81843 87359 90710 91104 93100=
07299,2008-07-12 21:00:00,16.1,1011.8,0.1,85,13.6,35000,3.704,7.408,,10,,,0,0,,,,,,,og-post,,,,AAXX 12214 07299 22681 70102 10161 20136 39801 40118 53001 8283/ 333 60007 81843 87359 90710 91104 93100 555 60005=
07299,2008-07-12 22:00:00,15.6,1012,0.3,90,14,35000,,7.408,,,,,0,,,,,,,,og-post,,,,AAXX 12224 07299 22681 70000 10156 20140 39802 40120 51003 8183/ 333 60005 81843 85358 87360 90710 91104 93100=
07299,2008-07-12 23:00:00,15.5,1011.6,-0.3,92,14.2,28000,3.704,7.408,,260,,,0,,,,,,,,og-post,,,,AAXX 12234 07299 22678 72602 10155 20142 39798 40116 58003 8183/ 333 60005 81843 87359 90710 91104 93100=
07299,2008-07-13 00:00:00,15.3,1011,-0.9,92,14,25000,3.704,7.408,,240,,,0,0,,,,,,,og-post,,,,AAXX 13004 07299 02675 72402 10153 20140 39792 40110 58009 60001 8183/ 333 60007 81843 83359 90710 91104 93100 555 60005=
07299,2008-07-13 01:00:00,15.4,1010.9,-1.1,93,14.3,20000,3.704,7.408,,180,,,0.2,,,,,,,,og-post,,,,AAXX 13014 07299 26/70 /1802 10154 20143 39791 40109 56011 333 69925 90710 91104=
07299,2008-07-13 02:00:00,15,1010.9,-0.7,93,13.9,6000,3.704,7.408,,330,,,3,,,,,,,,og-post,,,,AAXX 13024 07299 26/56 /3302 10150 20139 39791 40109 56007 333 60035 90710 91104=
07299,2008-07-13 03:00:00,14.6,1011,-0.1,94,13.6,8000,7.408,14.816,,300,,,4,8,,,,,,61,og-post,,,,AAXX 13034 07299 21258 83004 10146 20136 39791 40110 56001 76162 8683/ 333 60087 85806 85633 87358 90710 91108 93100 555 60045=
07299,2008-07-13 04:00:00,14.2,1011.4,0.4,94,13.2,6000,7.408,14.816,,310,,,3,,,,,,,63,og-post,,,,AAXX 13044 07299 21256 83104 10142 20132 39795 40114 53004 76366 877// 333 60035 87704 90710 91108 93100=
07299,2008-07-13 05:00:00,13.7,1012,0.9,94,12.8,7000,11.112,18.52,,330,,,2,,,,,,,61,og-post,,,,AAXX 13054 07299 21257 83306 10137 20128 39800 40120 53009 76166 876// 333 60025 83705 87635 90710 91110 93100=
07299,2008-07-13 06:00:00,13.6,1012.8,1.6,93,12.5,8000,7.408,18.52,,310,13.6,19.9,0.6,6,,13,13.4,1.7,14,61,og-post,,,,AAXX 13064 07299 01258 83104 10136 20125 39807 40128 53016 60132 76162 876// 333 10199 20136 32014 55017 60067 70134 81705 87632 90710 91110 93100 555 69965=
07299,2008-07-13 07:00:00,14.1,1012.8,1.3,93,13,10000,3.704,11.112,,210,,,0.6,,,,,,,61,og-post,,,,AAXX 13074 07299 21360 82102 10141 20130 39808 40128 51013 76166 878// 333 69965 81806 87656 90710 91106 93100=
07299,2008-07-13 08:00:00,15.3,1013.2,1.3,88,13.3,18000,3.704,11.112,,340,,,,,,,,,,21,og-post,,,,AAXX 13084 07299 21368 73402 10153 20133 39813 40132 51013 72162 878// 333 69905 85806 87656 90710 91106 93100=
07299,2008-07-13 09:00:00,17.6,1013.1,0.8,76,13.3,20000,3.704,11.112,,30,,,0,0.6,,,,,,3,og-post,,,,AAXX 13094 07299 21370 70302 10176 20133 39815 40131 53008 70362 8583/ 333 69967 81808 84815 90710 91106 93100 555 60005=
07299,2008-07-13 10:00:00,17.2,1013.7,1.2,75,12.7,15000,3.704,11.112,,80,,,0,,,,,,,16,og-post,,,,AAXX 13104 07299 21465 70802 10172 20127 39820 40137 52012 71622 8387/ 333 60005 83816 87358 90710 91106 93100=
07299,2008-07-13 11:00:00,17.5,1013.8,0.9,73,12.6,15000,,7.408,,,,,0,,,,,,,16,og-post,,,,AAXX 13114 07299 21565 70000 10175 20126 39821 40138 52009 71622 8387/ 333 60005 83820 87358 90710 91104 93100=
07299,2008-07-13 12:00:00,18.1,1013.9,0.8,68,12.1,20000,3.704,7.408,,220,,,0,0,0.6,,,,,1,og-post,,,,AAXX 13124 07299 01570 82202 10181 20121 39823 40139 51008 69961 70162 8287/ 333 60007 82825 87359 90710 91104 93100 555 60005=
07299,2008-07-13 13:00:00,17.1,1014.2,0.5,79,13.4,10000,7.408,14.816,,300,,,,,,,,,,61,og-post,,,,AAXX 13134 07299 21560 83004 10171 20134 39825 40142 52005 76162 8287/ 333 69905 82823 87358 90710 91108 93100=
07299,2008-07-13 14:00:00,16.6,1014.1,0.1,76,12.4,15000,14.816,18.52,,340,,,,,,,,,,60,og-post,,,,AAXX 13144 07299 21465 83408 10166 20124 39823 40141 50001 76066 8287/ 333 69905 82815 87358 90710 91110 93100=
07299,2008-07-13 15:00:00,16.6,1014.5,0.4,84,13.9,18000,7.408,14.816,,360,,,0.4,0.4,,,,,,21,og-post,,,,AAXX 13154 07299 21468 83604 10166 20139 39827 40145 53004 72162 8287/ 333 69947 82814 87357 90710 91108 93100 555 69945=
07299,2008-07-13 16:00:00,16.3,1014.7,0.4,80,12.8,15000,11.112,18.52,,350,,,0,,,,,,,16,og-post,,,,AAXX 13164 07299 21465 83506 10163 20128 39829 40147 53004 71622 8287/ 333 60005 82813 87357 90710 91110 93100=
07299,2008-07-13 17:00:00,15.7,1015,0.8,85,13.2,20000,11.112,14.816,,320,,,0,,,,,,,,og-post,,,,AAXX 13174 07299 26/70 /3206 10157 20132 39831 40150 51008 333 60005 90710 91108=
07299,2008-07-13 18:00:00,15.5,1015.5,1,86,13.2,40000,3.704,14.816,,310,13.6,18.1,0.2,0.2,,1,,,,25,og-post,,,,AAXX 13184 07299 01482 83102 10155 20132 39836 40155 53010 60012 72586 8327/ 333 10181 20136 69927 82813 87357 90710 91108 93100 555 69925=
07299,2008-07-13 19:00:00,15.4,1015.7,0.8,87,13.2,40000,,3.704,,,,,0,,,,,,,,og-post,,,,AAXX 13194 07299 22582 80000 10154 20132 39838 40157 53008 8487/ 333 60005 82820 83656 87361 90710 91102 93100=
07299,2008-07-13 20:00:00,15,1016.6,1.5,92,13.7,12000,3.704,3.704,,250,,,,,,,,,,80,og-post,,,,AAXX 13204 07299 21562 82502 10150 20137 39846 40166 53015 78086 8487/ 333 69905 82820 83650 87358 90710 91102 93100=
07299,2008-07-13 21:00:00,13.8,1017.4,1.6,89,12,15000,11.112,18.52,,270,,,0.2,0.2,,,,,,61,og-post,,,,AAXX 13214 07299 21465 82706 10138 20120 39852 40174 53016 76186 8587/ 333 69927 82810 84615 87357 90710 91110 93100 555 69925=
07299,2008-07-13 22:00:00,13.4,1017.8,1.8,90,11.8,15000,7.408,11.112,,260,,,,,,,,,,61,og-post,,,,AAXX 13224 07299 21465 82604 10134 20118 39856 40178 51018 76166 8587/ 333 69905 82810 84618 87357 90710 91106 93100=
07299,2008-07-13 23:00:00,13.2,1018,1.1,91,11.8,15000,11.112,14.816,,250,,,0.4,,,,,,,61,og-post,,,,AAXX 13234 07299 21565 82506 10132 20118 39857 40180 51011 76166 875// 333 69945 82620 87650 90710 91108 93100=
07299,2008-07-14 00:00:00,13.1,1018.2,0.6,91,11.7,15000,,14.816,,,,,0.4,0.8,1,,,,,61,og-post,,,,AAXX 14004 07299 01765 80000 10131 20117 39859 40182 51006 60011 76186 875// 333 69987 82650 87656 90710 91108 93100 555 69945=
07299,2008-07-14 01:00:00,13.1,1018.2,0.3,90,11.5,20000,3.704,7.408,,270,,,0.2,,,,,,,,og-post,,,,AAXX 14014 07299 26/70 /2702 10131 20115 39859 40182 51003 333 69925 90710 91104=
07299,2008-07-14 02:00:00,13.1,1018.3,0.3,92,11.8,17000,,3.704,,,,,0.2,,,,,,,,og-post,,,,AAXX 14024 07299 26/67 /0000 10131 20118 39860 40183 51003 333 69925 90710 91102=
07299,2008-07-14 03:00:00,13.1,1018.4,0.2,92,11.8,15000,,3.704,,,,,1,2,,,,,,3,og-post,,,,AAXX 14034 07299 21365 80000 10131 20118 39861 40184 53002 70362 885// 333 60027 82608 85625 88636 90710 91102 93100 555 60015=
07299,2008-07-14 04:00:00,13.1,1018.6,0.4,92,11.8,15000,3.704,7.408,,310,,,0,,,,,,,,og-post,,,,AAXX 14044 07299 22365 83102 10131 20118 39863 40186 53004 885// 333 60005 82608 83625 88636 90710 91104 93100=
07299,2008-07-14 05:00:00,13.2,1019.2,0.9,92,11.9,20000,3.704,7.408,,310,,,0,,,,,,,,og-post,,,,AAXX 14054 07299 26/70 /3102 10132 20119 39869 40192 53009 333 60005 90710 91104=
07299,2008-07-14 06:00:00,13.9,1020.1,1.7,91,12.5,15000,7.408,11.112,,290,13,15.6,0,,,3,3.8,0.3,13,3,og-post,,,,AAXX 14064 07299 01465 82904 10139 20125 39878 40201 53017 60032 70362 8787/ 333 10156 20130 32013 55003 69907 70038 82815 83633 88357 90710 91106 93100 555 60005=
07299,2008-07-14 07:00:00,14.5,1020.8,2.4,89,12.7,18000,7.408,14.816,,290,,,0,,,,,,,,og-post,,,,AAXX 14074 07299 22568 82904 10145 20127 39886 40208 53024 8757/ 333 60005 82820 83650 88357 90710 91108 93100=
07299,2008-07-14 08:00:00,15.6,1021.4,2.5,85,13.1,18000,11.112,18.52,,280,,,0,,,,,,,,og-post,,,,AAXX 14084 07299 22568 72806 10156 20131 39893 40214 51025 8383/ 333 60005 82820 86358 90710 91110 93100=
07299,2008-07-14 09:00:00,17.4,1021.7,2,72,12.3,20000,14.816,25.928,,330,,,0,0,,,,,,,og-post,,,,AAXX 14094 07299 22570 73308 10174 20123 39898 40217 51020 8583/ 333 60007 84820 86358 90710 91114 93100 555 60005=
07299,2008-07-14 10:00:00,18.5,1022.2,1.7,62,11.1,20000,11.112,25.928,,330,,,0,,,,,,,,og-post,,,,AAXX 14104 07299 22570 63306 10185 20111 39904 40222 51017 84830 333 60005 84830 85357 90710 91114 93100=
07299,2008-07-14 11:00:00,19.3,1022.5,1.3,58,10.8,20000,7.408,25.928,,320,,,0,,,,,,,,og-post,,,,AAXX 14114 07299 22670 63204 10193 20108 39907 40225 51013 86230 333 60005 85836 85357 90710 91114 93100=
07299,2008-07-14 12:00:00,19.7,1022.6,1.1,61,12,25000,14.816,22.224,,300,,,0,0,,,,,,,og-post,,,,AAXX 14124 07299 02675 63008 10197 20120 39909 40226 51011 60001 84230 333 60007 81833 84840 86358 90710 91112 93100 555 60005=
07299,2008-07-14 13:00:00,20.3,1022.9,0.9,58,11.8,25000,14.816,25.928,,280,,,0,,,,,,,,og-post,,,,AAXX 14134 07299 22675 52808 10203 20118 39912 40229 53009 83230 333 60005 81833 83840 90710 91114 93100=
07299,2008-07-14 14:00:00,21,1023.1,0.8,56,11.9,25000,18.52,35.188,,280,,,0,,,,,,,,og-post,,,,AAXX 14144 07299 22675 52810 10210 20119 39915 40231 53008 82230 333 60005 82840 83358 90710 91119 93100=
07299,2008-07-14 15:00:00,20.1,1023.7,1.1,52,9.9,25000,14.816,31.484,,330,,,0,0,,,,,,,og-post,,,,AAXX 14154 07299 22675 53308 10201 20099 39920 40237 53011 82230 333 60007 82840 85358 90710 91117 93100 555 60005=
07299,2008-07-14 16:00:00,20.3,1024.4,1.5,59,12,25000,14.816,25.928,,300,,,0,,,,,,,,og-post,,,,AAXX 14164 07299 22675 53008 10203 20120 39927 40244 53015 82230 333 60005 81843 85359 90710 91114 93100=
07299,2008-07-14 17:00:00,19.6,1024.9,1.6,57,10.9,25000,11.112,18.52,,310,,,0,,,,,,,,og-post,,,,AAXX 14174 07299 22675 63106 10196 20109 39931 40249 51016 81230 333 60005 81843 86359 90710 91110 93100=
07299,2008-07-14 18:00:00,18.8,1025.5,1.6,68,12.8,25000,7.408,18.52,,260,13.9,21.2,0,0,,,,,,,og-post,,,,AAXX 14184 07299 02675 62604 10188 20128 39936 40255 51016 60002 81230 333 10212 20139 60007 81840 86359 90710 91110 93100 555 60005=
07299,2008-07-14 19:00:00,17.6,1026,1.3,74,12.9,40000,3.704,11.112,,270,,,0,,,,,,,,og-post,,,,AAXX 14194 07299 22682 62702 10176 20129 39940 40260 52013 81231 333 60005 81840 86359 90710 91106 93100=
07299,2008-07-14 20:00:00,15.8,1026.9,1.5,80,12.4,30000,,7.408,,,,,0,,,,,,,,og-post,,,,AAXX 14204 07299 22980 20000 10158 20124 39946 40269 52015 81031 333 60005 81359 90710 91104 93100=
07299,2008-07-14 21:00:00,13.4,1027.7,1.5,89,11.6,20000,3.704,7.408,,180,,,0,0,,,,,,,og-post,,,,AAXX 14214 07299 22970 11802 10134 20116 39951 40277 52015 81031 333 60007 81359 90710 91104 93100 555 60005=
07299,2008-07-14 22:00:00,12.6,1028.4,1.6,93,11.5,20000,3.704,7.408,,100,,,0,,,,,,,,og-post,,,,AAXX 14224 07299 22/70 11002 10126 20115 39957 40284 53016 80001 333 60005 81073 90710 91104 93100=
07299,2008-07-14 23:00:00,11.7,1028.9,1.5,93,10.6,20000,3.704,7.408,,170,,,0,,,,,,,,og-post,,,,AAXX 14234 07299 22/70 11702 10117 20106 39961 40289 51015 80001 333 60005 81073 90710 91104 93100=
07299,2008-07-15 00:00:00,11.4,1028.9,1,94,10.5,20000,7.408,11.112,,180,,,0,0,,,,,,,og-post,,,,AAXX 15004 07299 02/70 11804 10114 20105 39961 40289 51010 60001 80001 333 60007 81073 90710 91106 93100 555 60005=
07299,2008-07-15 01:00:00,11.3,1029,0.4,94,10.4,20000,7.408,11.112,,180,,,0.2,,,,,,,,og-post,,,,AAXX 15014 07299 26/70 /1804 10113 20104 39961 40290 51004 333 69925 90710 91106=
07299,2008-07-15 02:00:00,11.3,1029,-0,93,10.2,16000,7.408,11.112,,180,,,0,,,,,,,,og-post,,,,AAXX 15024 07299 26/66 /1804 10113 20102 39961 40290 54000 333 60005 90710 91106=
07299,2008-07-15 03:00:00,10.7,1029,-0,94,9.8,10000,7.408,11.112,,180,,,0,0.2,,,,,,,og-post,,,,AAXX 15034 07299 22960 11804 10107 20098 39961 40290 54000 80001 333 69927 81073 90710 91106 555 60005=
07299,2008-07-15 04:00:00,10.6,1029.4,0.3,94,9.7,10000,7.408,11.112,,180,,,0,,,,,,,,og-post,,,,AAXX 15044 07299 22960 11804 10106 20097 39964 40294 53003 80001 333 60005 81073 90710 91106=
07299,2008-07-15 05:00:00,11.5,1029.4,0.5,93,10.4,18000,7.408,11.112,,180,,,0,,,,,,,,og-post,,,,AAXX 15054 07299 22968 01804 10115 20104 39966 40294 53005 333 60005 90710 91106=
07299,2008-07-15 06:00:00,14,1029.2,0.6,86,11.7,20000,11.112,14.816,,150,10.6,18.7,0,0,,0.2,0.2,2.9,9,,og-post,,,,AAXX 15064 07299 02970 01506 10140 20117 39967 40292 51006 69922 333 10187 20106 30009 55029 60007 70002 90710 91108 93100 555 60005=
07299,2008-07-15 07:00:00,16,1029.2,0.5,78,12.2,30000,11.112,18.52,,150,,,0,,,,,,,,og-post,,,,AAXX 15074 07299 22980 01506 10160 20122 39969 40292 52005 333 60005 90710 91110 93100=
07299,2008-07-15 08:00:00,18.5,1029.1,0.5,69,12.7,30000,7.408,14.816,,120,,,0,,,,,,,,og-post,,,,AAXX 15084 07299 22580 11204 10185 20127 39971 40291 53005 81100 333 60005 81820 90710 91108 93100=
07299,2008-07-15 09:00:00,20.5,1028.7,0.2,55,11.2,30000,7.408,11.112,,120,,,0,0,,,,,,,og-post,,,,AAXX 15094 07299 22580 11204 10205 20112 39969 40287 50002 81100 333 60007 81826 90710 91106 93100 555 60005=
07299,2008-07-15 10:00:00,22,1028.5,-0.1,48,10.5,30000,7.408,18.52,,150,,,0,,,,,,,,og-post,,,,AAXX 15104 07299 22580 11504 10220 20105 39968 40285 58001 81100 333 60005 81830 90710 91110 93100=
07299,2008-07-15 11:00:00,22.7,1028,-0.7,40,8.4,30000,3.704,14.816,,90,,,0,,,,,,,,og-post,,,,AAXX 15114 07299 22680 10902 10227 20084 39964 40280 58007 81100 333 60005 81833 90710 91108 93100=
07299,2008-07-15 12:00:00,23.3,1027.4,-1,40,9,35000,7.408,14.816,,290,,,0,0,,,,,,,og-post,,,,AAXX 15124 07299 02781 12904 10233 20090 39959 40274 58010 60001 81100 333 60007 81850 90710 91108 93100 555 60005=
07299,2008-07-15 13:00:00,23.8,1026.6,-1.6,40,9.4,35000,7.408,22.224,,20,,,0,,,,,,,,og-post,,,,AAXX 15134 07299 22781 10204 10238 20094 39952 40266 58016 81100 333 60005 81850 90710 91112 93100=
07299,2008-07-15 14:00:00,25,1026.4,-1.2,41,10.8,35000,3.704,18.52,,250,,,0,,,,,,,,og-post,,,,AAXX 15144 07299 22781 12502 10250 20108 39951 40264 56012 81100 333 60005 81850 90710 91110 93100=
07299,2008-07-15 15:00:00,25.1,1026.2,-0.9,45,12.3,35000,7.408,22.224,,280,,,0,0,,,,,,,og-post,,,,AAXX 15154 07299 22781 12804 10251 20123 39949 40262 56009 81100 333 60007 81850 90710 91112 93100 555 60005=
07299,2008-07-15 16:00:00,25.3,1025.8,-0.7,36,9.2,40000,7.408,22.224,,290,,,0,,,,,,,,og-post,,,,AAXX 15164 07299 22782 12904 10253 20092 39945 40258 58007 81100 333 60005 81850 90710 91112 93100=
07299,2008-07-15 17:00:00,25.3,1025.3,-1.1,39,10.4,40000,7.408,18.52,,270,,,0,,,,,,,,og-post,,,,AAXX 15174 07299 22782 12704 10253 20104 39941 40253 58011 81500 333 60005 81656 90710 91110 93100=
07299,2008-07-15 18:00:00,24.7,1025.3,-0.9,41,10.6,40000,3.704,14.816,,290,14.2,25.5,0,0,,,,,,,og-post,,,,AAXX 15184 07299 02782 12902 10247 20106 39940 40253 56009 60002 81500 333 10255 20142 60007 81656 90710 91108 93100 555 60005=
07299,2008-07-15 19:00:00,22,1025.4,-0.6,64,14.9,30000,3.704,7.408,,260,,,0,,,,,,,,og-post,,,,AAXX 15194 07299 22780 12602 10220 20149 39939 40254 56006 81500 333 60005 81656 90710 91104 93100=
07299,2008-07-15 20:00:00,17,1026.1,-0,80,13.5,30000,7.408,11.112,,230,,,0,,,,,,,,og-post,,,,AAXX 15204 07299 22780 12304 10170 20135 39940 40261 55000 81500 333 60005 81656 90710 91106 93100=
07299,2008-07-15 21:00:00,16.5,1026.3,0.1,79,12.8,30000,7.408,11.112,,140,,,0,0,,,,,,,og-post,,,,AAXX 15214 07299 22780 11404 10165 20128 39941 40263 53001 81500 333 60007 81656 90710 91106 93100 555 60005=
07299,2008-07-15 22:00:00,15.3,1026.3,0.1,82,12.2,30000,3.704,11.112,,140,,,0,,,,,,,,og-post,,,,AAXX 15224 07299 22780 11402 10153 20122 39940 40263 50001 81500 333 60005 81656 90710 91106 93100=
07299,2008-07-15 23:00:00,13.7,1026.2,-0.3,88,11.7,20000,,7.408,,,,,0,,,,,,,,og-post,,,,AAXX 15234 07299 22770 10000 10137 20117 39937 40262 58003 81500 333 60005 81656 90710 91104 93100=
07299,2008-07-16 00:00:00,13.3,1025.9,-0.7,91,11.9,20000,,3.704,,,,,0,0,,,,,,,og-post,,,,AAXX 16004 07299 02770 10000 10133 20119 39934 40259 58007 60001 81500 333 60007 81656 90710 91102 93100 555 60005=
07299,2008-07-16 01:00:00,13.1,1025.7,-0.9,91,11.7,20000,3.704,7.408,,140,,,0,,,,,,,,og-post,,,,AAXX 16014 07299 26/70 /1402 10131 20117 39932 40257 57009 333 60005 90710 91104=
07299,2008-07-16 02:00:00,12.4,1025.4,-0.9,91,11,20000,7.408,11.112,,180,,,0,,,,,,,,og-post,,,,AAXX 16024 07299 26/70 /1804 10124 20110 39928 40254 58009 333 60005 90710 91106=
07299,2008-07-16 03:00:00,12.4,1024.9,-1.1,91,11,20000,7.408,14.816,,170,,,0,0,,,,,,,og-post,,,,AAXX 16034 07299 22970 01704 10124 20110 39923 40249 58011 333 60007 90710 91108 93100 555 60005=
07299,2008-07-16 04:00:00,12.9,1024.4,-1.3,88,11,20000,11.112,14.816,,160,,,0,,,,,,,,og-post,,,,AAXX 16044 07299 22970 01606 10129 20110 39919 40244 57013 333 60005 90710 91108 93100=
07299,2008-07-16 05:00:00,14,1024,-1.2,86,11.7,20000,7.408,14.816,,170,,,0.2,,,,,,,,og-post,,,,AAXX 16054 07299 22970 01704 10140 20117 39916 40240 56012 333 69925 90710 91108 93100=
07299,2008-07-16 06:00:00,16.5,1023.6,-0.8,78,12.7,25000,11.112,18.52,,160,12.3,24.6,0,0.2,,0.2,0.2,14.6,10,,og-post,,,,AAXX 16064 07299 02975 01606 10165 20127 39915 40236 56008 69922 333 10246 20123 30010 55146 69927 70002 90710 91110 93100 555 60005=
07299,2008-07-16 07:00:00,18.7,1023.2,-0.4,66,12.2,30000,11.112,18.52,,160,,,0,,,,,,,,og-post,,,,AAXX 16074 07299 22980 01606 10187 20122 39914 40232 56004 333 60005 90710 91110 93100=
07299,2008-07-16 08:00:00,21.1,1022.7,-0.5,59,12.8,40000,7.408,14.816,,130,,,0,,,,,,,,og-post,,,,AAXX 16084 07299 22682 11304 10211 20128 39911 40227 58005 81100 333 60005 81840 90710 91108 93100=
07299,2008-07-16 09:00:00,24,1021.8,-0.9,48,12.3,50000,11.112,22.224,,260,,,0,0,,,,,,,og-post,,,,AAXX 16094 07299 22684 12606 10240 20123 39906 40218 58009 81100 333 60007 81843 90710 91112 93100 555 60005=
07299,2008-07-16 10:00:00,25.2,1021.4,-1.2,47,13.1,50000,14.816,29.632,,270,,,0,,,,,,,,og-post,,,,AAXX 16104 07299 22684 12708 10252 20131 39903 40214 58012 81100 333 60005 81846 90710 91116 93100=
07299,2008-07-16 11:00:00,25.8,1020.5,-1.6,42,11.9,50000,18.52,29.632,,260,,,0,,,,,,,,og-post,,,,AAXX 16114 07299 22784 12610 10258 20119 39895 40205 58016 81100 333 60005 81850 90710 91116 93100=
07299,2008-07-16 12:00:00,26.1,1019.6,-1.9,46,13.6,50000,14.816,35.188,,270,,,0,0,,,,,,,og-post,,,,AAXX 16124 07299 02784 12708 10261 20136 39887 40196 58019 60001 81100 333 60007 81850 90710 91119 93100 555 60005=
07299,2008-07-16 13:00:00,26.9,1018.7,-2.4,46,14.3,50000,14.816,29.632,,250,,,0,,,,,,,,og-post,,,,AAXX 16134 07299 22784 12508 10269 20143 39879 40187 58024 81100 333 60005 81856 90710 91116 93100=
07299,2008-07-16 14:00:00,27.4,1017.9,-2.2,45,14.4,50000,18.52,31.484,,240,,,1,,,,,,,,og-post,,,,AAXX 16144 07299 22784 22410 10274 20144 39872 40179 57022 82100 333 60015 82856 90710 91117 93100=
07299,2008-07-16 15:00:00,27.1,1017.5,-2,44,13.8,50000,18.52,29.632,,270,,,0,1,,,,,,,og-post,,,,AAXX 16154 07299 22784 22710 10271 20138 39867 40175 56020 82100 333 60017 82850 90710 91116 93100 555 60005=
07299,2008-07-16 16:00:00,26.9,1017,-1.6,47,14.6,50000,18.52,31.484,,280,,,0,,,,,,,,og-post,,,,AAXX 16164 07299 22784 22810 10269 20146 39862 40170 56016 82800 333 60005 81850 90710 91117 93100=
07299,2008-07-16 17:00:00,26,1016.8,-1.3,48,14.1,30000,22.224,29.632,,280,,,0,,,,,,,,og-post,,,,AAXX 16174 07299 22780 22812 10260 20141 39859 40168 56013 81230 333 60005 81850 90710 91116 93100=
07299,2008-07-16 18:00:00,25.5,1017,-0.6,52,14.9,25000,11.112,22.224,,280,16.6,27.4,0,0,,1,,,,,og-post,,,,AAXX 16184 07299 02775 32806 10255 20149 39861 40170 55006 60012 81280 333 10274 20166 60007 81850 83358 90710 91112 93100 555 60005=
07299,2008-07-16 19:00:00,22.6,1017,-0.5,65,15.7,25000,11.112,18.52,,280,,,0,,,,,,,,og-post,,,,AAXX 16194 07299 22775 32806 10226 20157 39858 40170 56005 81980 333 60005 81850 81950 90710 91110 93100=
07299,2008-07-16 20:00:00,21,1017.6,0.3,73,16,25000,11.112,18.52,,270,,,0,,,,,,,,og-post,,,,AAXX 16204 07299 22675 62706 10210 20160 39862 40176 53003 85980 333 60005 81846 84650 81950 85358 90710 91110 93100=
07299,2008-07-16 21:00:00,19.4,1017.6,-0,86,17,16000,3.704,25.928,,240,,,0.2,0.2,,,,,,25,og-post,,,,AAXX 16214 07299 21666 72402 10194 20170 39861 40176 55000 72586 8583/ 333 69927 81846 85650 86358 90710 91114 93100 555 69925=
07299,2008-07-16 22:00:00,18.9,1017.7,0.3,88,16.9,16000,3.704,14.816,,270,,,0,,,,,,,,og-post,,,,AAXX 16224 07299 22666 72702 10189 20169 39861 40177 51003 8583/ 333 60005 81846 85650 86358 90710 91108 93100=
07299,2008-07-16 23:00:00,19.4,1017.5,-0.2,84,16.6,16000,3.704,7.408,,20,,,0,,,,,,,,og-post,,,,AAXX 16234 07299 22666 70202 10194 20166 39860 40175 57002 858// 333 60005 81846 87650 90710 91104 93100=
07299,2008-07-17 00:00:00,18.1,1017.5,-0.3,80,14.6,16000,14.816,25.928,,350,,,0,0,0.2,,,,,3,og-post,,,,AAXX 17004 07299 01566 73508 10181 20146 39858 40175 58003 69921 70386 858// 333 60007 82823 87649 90710 91114 93100 555 60005=
07299,2008-07-17 01:00:00,17.2,1017.1,-0.8,82,14.1,20000,11.112,22.224,,320,,,0,,,,,,,,og-post,,,,AAXX 17014 07299 26/70 /3206 10172 20141 39853 40171 58008 333 60005 90710 91112=
07299,2008-07-17 02:00:00,16.8,1016.5,-1.3,83,13.9,20000,11.112,14.816,,310,,,0,,,,,,,,og-post,,,,AAXX 17024 07299 26/70 /3106 10168 20139 39847 40165 58013 333 60005 90710 91108=
07299,2008-07-17 03:00:00,16.4,1016.6,-1.1,86,14.1,15000,14.816,22.224,,310,,,,,,,,,,60,og-post,,,,AAXX 17034 07299 21565 73108 10164 20141 39847 40166 56011 76062 8553/ 333 69907 81830 84650 87356 90710 91112 93100 555 69905=
07299,2008-07-17 04:00:00,15.6,1016.7,-0.5,92,14.3,9000,11.112,18.52,,320,,,0.8,,,,,,,61,og-post,,,,AAXX 17044 07299 21459 73206 10156 20143 39848 40167 55005 76166 8687/ 333 69985 81810 84626 85650 90710 91110 93100=
07299,2008-07-17 05:00:00,15.3,1016.6,-0.1,94,14.3,9000,7.408,18.52,,300,,,1,,,,,,,61,og-post,,,,AAXX 17054 07299 21259 73004 10153 20143 39846 40166 58001 76166 8687/ 333 60015 81805 83628 85650 90710 91110 93100=
07299,2008-07-17 06:00:00,15.4,1016.5,-0.2,94,14.4,4000,7.408,14.816,,320,15.3,25.3,0.6,3,,3,4,13.1,15,61,og-post,,,,AAXX 17064 07299 01240 73204 10154 20144 39845 40165 58002 60032 76162 878// 333 10253 20153 32015 55131 60037 70040 82805 85623 85640 90710 91108 93100 555 69965=
07299,2008-07-17 07:00:00,15.3,1016.7,-0.1,94,14.3,4500,11.112,18.52,,330,,,0.4,,,,,,,61,og-post,,,,AAXX 17074 07299 21245 83306 10153 20143 39847 40167 55001 76166 878// 333 69945 85804 87623 90710 91110 93100=
07299,2008-07-17 08:00:00,15.4,1016.9,0.3,94,14.4,6000,11.112,14.816,,300,,,1,,,,,,,61,og-post,,,,AAXX 17084 07299 21256 83006 10154 20144 39849 40169 53003 76166 878// 333 60015 83804 86805 87630 90710 91108 93100=
07299,2008-07-17 09:00:00,15.6,1017.1,0.6,92,14.3,8000,7.408,14.816,,330,,,0.2,2,,,,,,21,og-post,,,,AAXX 17094 07299 21258 83304 10156 20143 39851 40171 51006 72162 878// 333 60027 81803 83805 87630 90710 91108 93100 555 69925=
07299,2008-07-17 10:00:00,15.6,1017.1,0.2,90,14,12000,3.704,14.816,,270,,,,,,,,,,60,og-post,,,,AAXX 17104 07299 21262 72702 10156 20140 39851 40171 51002 76062 878// 333 69905 81805 84630 86643 90710 91108 93100=
07299,2008-07-17 11:00:00,16,1016.8,-0.1,89,14.2,8000,7.408,11.112,,280,,,0.4,,,,,,,61,og-post,,,,AAXX 17114 07299 21258 72804 10160 20142 39849 40168 58001 76166 878// 333 69945 81805 83630 87643 90710 91106 93100=
07299,2008-07-17 12:00:00,17.3,1016,-0.7,79,13.6,15000,3.704,7.408,,150,,,0.4,0.8,3,,,,,21,og-post,,,,AAXX 17124 07299 01465 71502 10173 20136 39843 40160 58007 60031 72162 8583/ 333 69987 81810 85650 87360 90710 91104 93100 555 69945=
07299,2008-07-17 13:00:00,20.2,1015.1,-1.3,64,13.2,17000,3.704,7.408,,100,,,0,,,,,,,,og-post,,,,AAXX 17134 07299 22467 71002 10202 20132 39837 40151 58013 8383/ 333 60005 81815 86360 90710 91104 93100=
07299,2008-07-17 14:00:00,20.2,1014.6,-1.7,65,13.4,14000,7.408,18.52,,60,,,0,,,,,,,15,og-post,,,,AAXX 17144 07299 21464 70604 10202 20134 39832 40146 56017 71522 8533/ 333 60005 82815 82916 83650 87360 90710 91110 93100=
07299,2008-07-17 15:00:00,17.7,1015.1,-0.9,83,14.8,11000,7.408,25.928,,30,,,3,3,,,,,,25,og-post,,,,AAXX 17154 07299 21461 70304 10177 20148 39834 40151 55009 72586 8533/ 333 60037 81815 82920 85645 86360 90710 91114 93100 555 60035=
07299,2008-07-17 16:00:00,18.3,1014.8,-0.5,80,14.8,30000,3.704,14.816,,150,,,0,,,,,,,,og-post,,,,AAXX 17164 07299 22480 71502 10183 20148 39832 40148 56005 8583/ 333 60005 81813 85656 87358 90710 91108 93100=
07299,2008-07-17 17:00:00,17.9,1014.4,-0.4,83,15,25000,7.408,7.408,,160,,,0,,,,,,,,og-post,,,,AAXX 17174 07299 22475 71604 10179 20150 39828 40144 58004 878// 333 60005 81815 87656 90710 91104 93100=
07299,2008-07-17 18:00:00,17.5,1014.6,-0.5,86,15.1,30000,3.704,11.112,,170,15.2,20.9,0,0,,6,,,,1,og-post,,,,AAXX 17184 07299 01480 71702 10175 20151 39829 40146 55005 60062 70186 8383/ 333 10209 20152 60007 81815 83656 87357 90710 91106 93100 555 60005=
07299,2008-07-17 19:00:00,17.3,1014.4,-0.5,88,15.3,30000,3.704,7.408,,190,,,0,,,,,,,,og-post,,,,AAXX 17194 07299 22780 71902 10173 20153 39827 40144 56005 8387/ 333 60005 81850 83657 87359 90710 91104 93100=
07299,2008-07-17 20:00:00,17.1,1014.6,0.1,88,15.1,20000,3.704,7.408,,140,,,0,,,,,,,,og-post,,,,AAXX 17204 07299 22770 71402 10171 20151 39829 40146 53001 8387/ 333 60005 81850 83657 87358 90710 91104 93100=
07299,2008-07-17 21:00:00,15.9,1015.2,0.4,87,13.7,20000,11.112,25.928,,340,,,,,,,,,,25,og-post,,,,AAXX 17214 07299 21570 73406 10159 20137 39833 40152 53004 72586 878// 333 69907 82825 87656 90710 91114 93100 555 69905=
07299,2008-07-17 22:00:00,15.4,1015.3,0.7,90,13.8,20000,3.704,18.52,,140,,,0,,,,,,,,og-post,,,,AAXX 17224 07299 22770 71402 10154 20138 39834 40153 51007 8157/ 333 60005 81650 87358 90710 91110 93100=
07299,2008-07-17 23:00:00,15.2,1015.1,0.3,91,13.7,20000,3.704,11.112,,200,,,0,,,,,,,,og-post,,,,AAXX 17234 07299 26/70 /2002 10152 20137 39832 40151 50003 333 60005 90710 91106=
07299,2008-07-18 00:00:00,15,1014.9,-0.4,90,13.4,20000,3.704,11.112,,170,,,0,0,,,,,,2,og-post,,,,AAXX 18004 07299 01770 71702 10150 20134 39829 40149 58004 69901 70286 8157/ 333 60007 81650 87360 90710 91106 93100 555 60005=
07299,2008-07-18 01:00:00,15,1014.8,-0.6,91,13.5,20000,3.704,7.408,,160,,,0,,,,,,,,og-post,,,,AAXX 18014 07299 26/70 /1602 10150 20135 39828 40148 56006 333 60005 90710 91104=
07299,2008-07-18 02:00:00,14.7,1014.7,-0.5,92,13.4,20000,,3.704,,,,,0,,,,,,,,og-post,,,,AAXX 18024 07299 26/70 /0000 10147 20134 39827 40147 56005 333 60005 90710 91102=
07299,2008-07-18 03:00:00,14.8,1014.5,-0.4,93,13.7,10000,3.704,7.408,,170,,,0,0,,,,,,,og-post,,,,AAXX 18034 07299 22760 71702 10148 20137 39825 40145 58004 8157/ 333 60007 81650 87360 90710 91104 93100 555 60005=
07299,2008-07-18 04:00:00,15,1014.7,-0,93,13.9,15000,,7.408,,,,,0,,,,,,,,og-post,,,,AAXX 18044 07299 22765 70000 10150 20139 39828 40147 55000 8157/ 333 60005 81650 87360 90710 91104 93100=
07299,2008-07-18 05:00:00,15.3,1014.8,0.2,91,13.8,20000,7.408,11.112,,120,,,0,,,,,,,,og-post,,,,AAXX 18054 07299 22770 71204 10153 20138 39829 40148 53002 8257/ 333 60005 82650 87360 90710 91106 93100=
07299,2008-07-18 06:00:00,15.6,1015,0.6,89,13.8,20000,3.704,11.112,,100,14.6,17.5,0,0,,,6,1.2,14,,og-post,,,,AAXX 18064 07299 02770 71002 10156 20138 39831 40150 51006 69902 8257/ 333 10175 20146 31014 55012 60007 70060 82650 87358 90710 91106 93100 555 60005=
07299,2008-07-18 07:00:00,16.3,1015.2,0.6,87,14.1,25000,3.704,11.112,,110,,,0,,,,,,,,og-post,,,,AAXX 18074 07299 22375 71102 10163 20141 39834 40152 53006 8187/ 333 60005 81808 87357 90710 91106 93100=
07299,2008-07-18 08:00:00,17.4,1015.3,0.7,83,14.5,25000,7.408,11.112,,110,,,0,,,,,,,,og-post,,,,AAXX 18084 07299 22475 71104 10174 20145 39836 40153 52007 878// 333 60005 81810 87656 90710 91106 93100=
07299,2008-07-18 09:00:00,19.3,1015.1,0.5,73,14.3,28000,7.408,14.816,,190,,,0,0,,,,,,,og-post,,,,AAXX 18094 07299 22578 71904 10193 20143 39836 40151 51005 8123/ 333 60007 81820 86358 90710 91108 93100 555 60005=
07299,2008-07-18 10:00:00,21.4,1014.7,0,58,12.8,30000,11.112,18.52,,270,,,0,,,,,,,,og-post,,,,AAXX 18104 07299 22680 72706 10214 20128 39834 40147 50000 8233/ 333 60005 81836 81940 87358 90710 91110 93100=
07299,2008-07-18 11:00:00,20.2,1015,-0,57,11.4,35000,14.816,29.632,,270,,,0,,,,,,,,og-post,,,,AAXX 18114 07299 22681 72708 10202 20114 39836 40150 55000 8133/ 333 60005 81836 81940 87357 90710 91116 93100=
07299,2008-07-18 12:00:00,22.4,1014.7,-0.2,54,12.6,40000,14.816,29.632,,290,,,0,0,,,,,,,og-post,,,,AAXX 18124 07299 02682 72908 10224 20126 39835 40147 57002 60001 818// 333 60007 81842 87656 90710 91116 93100 555 60005=
07299,2008-07-18 13:00:00,21.6,1014.7,0,54,11.9,40000,18.52,38.892,,270,,,0,,,,,,,,og-post,,,,AAXX 18134 07299 22682 72710 10216 20119 39834 40147 50000 818// 333 60005 81843 87657 90710 91121 93100=
07299,2008-07-18 14:00:00,22.9,1014.3,-0.4,52,12.5,40000,22.224,29.632,,250,,,0,,,,,,,,og-post,,,,AAXX 18144 07299 22682 72512 10229 20125 39832 40143 56004 818// 333 60005 81845 87657 90710 91116 93100=
07299,2008-07-18 15:00:00,22.3,1014.4,-0.2,51,11.7,45000,14.816,31.484,,280,,,0,0,,,,,,,og-post,,,,AAXX 18154 07299 22783 72808 10223 20117 39832 40144 56002 8123/ 333 60007 81850 87358 90710 91117 93100 555 60005=
07299,2008-07-18 16:00:00,22.3,1014.4,-0.1,50,11.4,45000,11.112,29.632,,280,,,0,,,,,,,,og-post,,,,AAXX 18164 07299 22783 72806 10223 20114 39832 40144 56001 8123/ 333 60005 81850 87360 90710 91116 93100=
07299,2008-07-18 17:00:00,22,1014.5,0.1,51,11.4,40000,11.112,25.928,,270,,,0,,,,,,,,og-post,,,,AAXX 18174 07299 22782 72706 10220 20114 39833 40145 53001 8123/ 333 60005 81850 87360 90710 91114 93100=
07299,2008-07-18 18:00:00,22.1,1014.6,0.2,51,11.5,30000,11.112,18.52,,260,15.6,23.7,0,0,,,,,,,og-post,,,,AAXX 18184 07299 02780 62606 10221 20115 39834 40146 53002 60002 81130 333 10237 20156 60007 81850 86360 90710 91110 93100 555 60005=
07299,2008-07-18 19:00:00,20.4,1015.2,0.6,60,12.4,30000,7.408,14.816,,280,,,0,,,,,,,,og-post,,,,AAXX 18194 07299 22780 32804 10204 20124 39838 40152 53006 81230 333 60005 81850 83360 90710 91108 93100=
07299,2008-07-18 20:00:00,16.2,1016.2,1,82,13.1,30000,7.408,7.408,,220,,,0,,,,,,,,og-post,,,,AAXX 18204 07299 22780 22204 10162 20131 39843 40162 53010 81130 333 60005 81850 90710 91104 93100=
07299,2008-07-18 21:00:00,14.6,1016.7,1.1,86,12.3,30000,3.704,7.408,,200,,,0,0,,,,,,,og-post,,,,AAXX 18214 07299 22980 22002 10146 20123 39846 40167 52011 82030 333 60007 82360 90710 91104 93100 555 60005=
07299,2008-07-18 22:00:00,14.3,1016.7,0.8,87,12.2,25000,3.704,7.408,,130,,,0,,,,,,,,og-post,,,,AAXX 18224 07299 22975 11302 10143 20122 39846 40167 51008 81030 333 60005 81360 90710 91104 93100=
07299,2008-07-18 23:00:00,13.3,1016.6,0.1,90,11.7,25000,3.704,7.408,,110,,,0,,,,,,,,og-post,,,,AAXX 18234 07299 22975 11102 10133 20117 39844 40166 50001 81030 333 60005 81360 90710 91104 93100=
07299,2008-07-19 00:00:00,13.3,1016.3,-0.5,88,11.4,25000,7.408,11.112,,150,,,0,0,,,,,,,og-post,,,,AAXX 19004 07299 02975 11504 10133 20114 39841 40163 58005 60001 81030 333 60007 81360 90710 91106 93100 555 60005=
07299,2008-07-19 01:00:00,12.3,1016.2,-0.8,91,10.9,20000,3.704,7.408,,130,,,0,,,,,,,,og-post,,,,AAXX 19014 07299 26/70 /1302 10123 20109 39839 40162 56008 333 60005 90710 91104=
07299,2008-07-19 02:00:00,12.6,1015.9,-0.8,93,11.5,20000,7.408,7.408,,140,,,0.2,,,,,,,,og-post,,,,AAXX 19024 07299 26/70 /1404 10126 20115 39836 40159 57008 333 69925 90710 91104=
07299,2008-07-19 03:00:00,12.7,1015.8,-0.6,92,11.4,25000,3.704,7.408,,140,,,0,0.2,,,,,,,og-post,,,,AAXX 19034 07299 22975 31402 10127 20114 39835 40158 56006 83030 333 69927 83360 90710 91104 555 60005=
07299,2008-07-19 04:00:00,12.7,1015.8,-0.4,92,11.4,25000,3.704,7.408,,140,,,0,,,,,,,,og-post,,,,AAXX 19044 07299 22775 41402 10127 20114 39835 40158 56004 81130 333 60005 81856 84360 90710 91104=
07299,2008-07-19 05:00:00,14.2,1015.6,-0.1,91,12.8,30000,3.704,7.408,,120,,,0,,,,,,,,og-post,,,,AAXX 19054 07299 22780 41202 10142 20128 39835 40156 56001 81180 333 60005 81856 84360 90710 91104=
07299,2008-07-19 06:00:00,16,1015.2,-0.2,79,12.4,40000,14.816,18.52,,130,11.9,22.1,0,0,,0.2,0.2,2.9,10,,og-post,,,,AAXX 19064 07299 02782 21308 10160 20124 39833 40152 58002 69922 81180 333 10221 20119 30010 55029 60007 70002 81856 90710 91110 555 60005=
07299,2008-07-19 07:00:00,18.8,1014.9,-0.3,70,13.2,40000,11.112,14.816,,120,,,0,,,,,,,,og-post,,,,AAXX 19074 07299 22582 31206 10188 20132 39833 40149 58003 82830 333 60005 81826 90710 91108 93100=
07299,2008-07-19 08:00:00,21.3,1014.3,-0.5,59,13,40000,7.408,14.816,,90,,,0,,,,,,,,og-post,,,,AAXX 19084 07299 22682 60904 10213 20130 39830 40143 57005 85830 333 60005 81833 85650 90710 91108 93100=
07299,2008-07-19 09:00:00,23.1,1014.1,-0.3,51,12.4,45000,18.52,46.3,,250,,,0,0,,,,,,,og-post,,,,AAXX 19094 07299 22683 52510 10231 20124 39830 40141 56003 84840 333 60007 81840 84656 90710 91125 93100 555 60005=
07299,2008-07-19 10:00:00,24.1,1013.7,-0.4,55,14.5,45000,14.816,35.188,,260,,,0,,,,,,,,og-post,,,,AAXX 19104 07299 22683 52608 10241 20145 39828 40137 57004 82840 333 60005 81843 83361 90710 91119 93100=
07299,2008-07-19 11:00:00,24.6,1013.5,-0.4,53,14.4,45000,18.52,29.632,,270,,,0,,,,,,,,og-post,,,,AAXX 19114 07299 22683 42710 10246 20144 39826 40135 58004 82840 333 60005 82845 83361 90710 91116 93100=
07299,2008-07-19 12:00:00,25,1013.3,-0.5,53,14.8,45000,22.224,35.188,,280,,,0,0,,,,,,,og-post,,,,AAXX 19124 07299 02683 52812 10250 20148 39825 40133 56005 60001 83840 333 60007 81845 83656 90710 91119 93100 555 60005=
07299,2008-07-19 13:00:00,25.8,1012.7,-0.8,49,14.3,50000,18.52,38.892,,270,,,0,,,,,,,,og-post,,,,AAXX 19134 07299 22684 62710 10258 20143 39820 40127 58008 83849 333 60005 81846 83656 90710 91121 93100=
07299,2008-07-19 14:00:00,26.4,1012.4,-0.9,49,14.8,50000,22.224,35.188,,270,,,0,,,,,,,,og-post,,,,AAXX 19144 07299 22684 62712 10264 20148 39817 40124 58009 83849 333 60005 81848 83656 90710 91119 93100=
07299,2008-07-19 15:00:00,25.1,1012.3,-1,51,14.3,50000,18.52,42.596,,270,,,0,0,,,,,,,og-post,,,,AAXX 19154 07299 22684 62710 10251 20143 39815 40123 56010 82840 333 60007 81848 85357 90710 91123 93100 555 60005=
07299,2008-07-19 16:00:00,24.4,1012.4,-0.7,55,14.8,45000,14.816,31.484,,280,,,0,,,,,,,,og-post,,,,AAXX 19164 07299 22783 72808 10244 20148 39815 40124 56007 8117/ 333 60005 81850 87357 90710 91117 93100=
07299,2008-07-19 17:00:00,25.8,1011.7,-0.7,50,14.6,45000,14.816,29.632,,270,,,0,,,,,,,,og-post,,,,AAXX 19174 07299 22683 52708 10258 20146 39810 40117 58007 81230 333 60005 81840 84361 90710 91116 93100=
07299,2008-07-19 18:00:00,23.9,1012,-0.4,56,14.6,40000,14.816,29.632,,270,16.1,26.7,0,0,,,,,,,og-post,,,,AAXX 19184 07299 02682 52708 10239 20146 39811 40120 55004 60002 81230 333 10267 20161 60007 81845 84357 90710 91116 93100 555 60005=
07299,2008-07-19 19:00:00,22,1012.2,-0.3,64,14.9,35000,,14.816,,,,,0,,,,,,,,og-post,,,,AAXX 19194 07299 22681 20000 10220 20149 39811 40122 56003 82830 333 60005 81845 90710 91108 93100=
07299,2008-07-19 20:00:00,18.8,1013.2,0.8,82,15.7,30000,7.408,7.408,,210,,,0,,,,,,,,og-post,,,,AAXX 19204 07299 22680 32104 10188 20157 39817 40132 53008 81830 333 60005 81845 90710 91104 93100=
07299,2008-07-19 21:00:00,16.5,1014.1,1.2,88,14.5,30000,7.408,11.112,,320,,,0,0,,,,,,,og-post,,,,AAXX 19214 07299 22680 23204 10165 20145 39823 40141 53012 81830 333 60007 81845 90710 91106 93100 555 60005=
07299,2008-07-19 22:00:00,18.1,1014.3,1.6,85,15.5,30000,11.112,18.52,,270,,,0,,,,,,,,og-post,,,,AAXX 19224 07299 22680 52706 10181 20155 39827 40143 51016 85800 333 60005 81845 84658 90710 91110 93100=
07299,2008-07-19 23:00:00,19.4,1014.2,1.1,79,15.7,30000,14.816,18.52,,280,,,0,,,,,,,,og-post,,,,AAXX 19234 07299 22680 62808 10194 20157 39828 40142 51011 86800 333 60005 81845 86658 90710 91110 93100=
07299,2008-07-20 00:00:00,19,1014.5,0.7,79,15.3,35000,11.112,22.224,,250,,,0,0,,,,,,,og-post,,,,AAXX 20004 07299 02681 72506 10190 20153 39830 40145 51007 60001 878// 333 60007 82843 87657 90710 91112 93100 555 60005=
07299,2008-07-20 01:00:00,18.8,1014.7,0.5,78,14.9,20000,11.112,18.52,,260,,,0,,,,,,,,og-post,,,,AAXX 20014 07299 26/70 /2606 10188 20149 39832 40147 53005 333 60005 90710 91110=
07299,2008-07-20 02:00:00,17.2,1014.7,0.2,84,14.5,20000,,14.816,,,,,0,,,,,,,,og-post,,,,AAXX 20024 07299 26/70 /0000 10172 20145 39830 40147 50002 333 60005 90710 91108=
07299,2008-07-20 03:00:00,17,1014.6,0,84,14.3,30000,3.704,7.408,,210,,,0,0,,,,,,,og-post,,,,AAXX 20034 07299 22680 72102 10170 20143 39829 40146 50000 878// 333 60007 81843 87656 90710 91104 93100 555 60005=
07299,2008-07-20 04:00:00,16.1,1014.7,-0.2,88,14.1,40000,,11.112,,,,,0,,,,,,,,og-post,,,,AAXX 20044 07299 22682 60000 10161 20141 39829 40147 57002 86800 333 60005 81843 86656 90710 91106 93100=
07299,2008-07-20 05:00:00,16.3,1014.6,-0.2,89,14.5,45000,3.704,3.704,,210,,,0,,,,,,,,og-post,,,,AAXX 20054 07299 22683 62102 10163 20145 39828 40146 58002 86800 333 60005 81838 86657 90710 91102 93100=
07299,2008-07-20 06:00:00,18.9,1014.2,-0.3,79,15.2,50000,3.704,7.408,,70,16.1,23.7,0,0,,,0,7.1,14,,og-post,,,,AAXX 20064 07299 02684 60702 10189 20152 39827 40142 57003 60002 81809 333 10237 20161 30014 55071 60007 70000 81838 86170 90710 91104 93100 555 60005=
07299,2008-07-20 07:00:00,19.3,1014,-0.3,80,15.8,50000,3.704,7.408,,70,,,0,,,,,,,,og-post,,,,AAXX 20074 07299 22684 70702 10193 20158 39826 40140 57003 8185/ 333 60005 81838 87365 90710 91104 93100=
07299,2008-07-20 08:00:00,20.4,1013.8,-0.3,73,15.4,40000,3.704,14.816,,80,,,0,,,,,,,,og-post,,,,AAXX 20084 07299 22682 70802 10204 20154 39825 40138 57003 82852 333 60005 81840 85365 85073 90710 91108 93100=
07299,2008-07-20 09:00:00,22.1,1013.4,-0.5,64,15,40000,3.704,11.112,,200,,,0,0,,,,,,,og-post,,,,AAXX 20094 07299 22682 72002 10221 20150 39823 40134 58005 8288/ 333 60007 81840 87365 90710 91106 93100 555 60005=
07299,2008-07-20 10:00:00,23.2,1013,-0.6,65,16.3,40000,7.408,18.52,,170,,,0,,,,,,,,og-post,,,,AAXX 20104 07299 22682 71704 10232 20163 39820 40130 58006 81888 333 60005 81840 84365 90710 91110 93100=
07299,2008-07-20 11:00:00,24,1012.3,-1.1,58,15.2,40000,11.112,22.224,,260,,,0,,,,,,,,og-post,,,,AAXX 20114 07299 22682 72606 10240 20152 39814 40123 58011 84882 333 60005 83840 84363 90710 91112 93100=
07299,2008-07-20 12:00:00,24,1012,-1.2,59,15.5,40000,18.52,31.484,,290,,,0,0,,,,,,,og-post,,,,AAXX 20124 07299 02682 72910 10240 20155 39811 40120 57012 60001 8228/ 333 60007 82836 87365 90710 91117 93100 555 60005=
07299,2008-07-20 13:00:00,24.8,1011.5,-1.4,57,15.7,40000,18.52,38.892,,290,,,0,,,,,,,,og-post,,,,AAXX 20134 07299 22682 72910 10248 20157 39807 40115 56014 8228/ 333 60005 82846 86365 90710 91121 93100=
07299,2008-07-20 14:00:00,24.4,1011.6,-0.7,54,14.5,40000,18.52,50.004,,280,,,0,,,,,,,,og-post,,,,AAXX 20144 07299 22682 62810 10244 20145 39807 40116 55007 82983 333 60005 82846 81950 83364 90710 91127 93100=
07299,2008-07-20 15:00:00,24.4,1012.3,0.5,48,12.7,40000,25.928,42.596,,270,,,0,0,,,,,,,og-post,,,,AAXX 20154 07299 22682 52714 10244 20127 39814 40123 53005 8188/ 333 60007 81846 84358 90710 91123 93100 555 60005=
07299,2008-07-20 16:00:00,23.2,1013.6,2,53,13.1,40000,22.224,42.596,,280,,,0,,,,,,,,og-post,,,,AAXX 20164 07299 22682 42812 10232 20131 39825 40136 53020 84430 333 60005 81846 84650 90710 91123 93100=
07299,2008-07-20 17:00:00,21.5,1014.4,2.5,50,10.6,40000,22.224,38.892,,260,,,0,,,,,,,,og-post,,,,AAXX 20174 07299 22782 42612 10215 20106 39831 40144 51025 84430 333 60005 81850 84650 90710 91121 93100=
07299,2008-07-20 18:00:00,20.1,1015.4,2.3,54,10.5,40000,14.816,35.188,,260,19,24.8,0,0,,,,,,,og-post,,,,AAXX 20184 07299 02782 62608 10201 20105 39839 40154 51023 60002 84431 333 10248 20190 60007 84656 83357 90710 91119 93100 555 60005=
07299,2008-07-20 19:00:00,19.3,1016,1.8,54,9.8,40000,11.112,22.224,,260,,,0,,,,,,,,og-post,,,,AAXX 20194 07299 22782 62606 10193 20098 39844 40160 51018 82831 333 60005 81850 84358 90710 91112 93100=
07299,2008-07-20 20:00:00,18.3,1017.1,2.3,55,9.1,40000,14.816,22.224,,280,,,0,,,,,,,,og-post,,,,AAXX 20204 07299 22782 52808 10183 20091 39854 40171 53023 81830 333 60005 81850 84358 90710 91112 93100=
07299,2008-07-20 21:00:00,17.4,1018,2.2,54,8,40000,18.52,22.224,,280,,,0,0,,,,,,,og-post,,,,AAXX 20214 07299 22782 42810 10174 20080 39861 40180 53022 81430 333 60007 81850 84358 90710 91112 93100 555 60005=
07299,2008-07-20 22:00:00,14.9,1018.7,2.2,67,8.8,40000,11.112,22.224,,290,,,0,,,,,,,,og-post,,,,AAXX 20224 07299 22782 42906 10149 20088 39866 40187 51022 81530 333 60005 81650 84358 90710 91112 93100=
07299,2008-07-20 23:00:00,14.3,1019.4,1.7,74,9.7,30000,3.704,11.112,,220,,,0,,,,,,,,og-post,,,,AAXX 20234 07299 22780 62202 10143 20097 39872 40194 52017 81570 333 60005 81650 86358 90710 91106 93100=
07299,2008-07-21 00:00:00,13.8,1019.6,1.2,78,10,30000,3.704,7.408,,250,,,0,0,,,,,,,og-post,,,,AAXX 21004 07299 02780 52502 10138 20100 39873 40196 51012 60001 81530 333 60007 81650 85358 90710 91104 93100 555 60005=
07299,2008-07-21 01:00:00,14.1,1019.6,0.7,72,9.1,20000,11.112,18.52,,270,,,0,,,,,,,,og-post,,,,AAXX 21014 07299 26/70 /2706 10141 20091 39873 40196 51007 333 60005 90710 91110=
07299,2008-07-21 02:00:00,14.2,1019.9,0.4,70,8.8,20000,11.112,22.224,,320,,,0,,,,,,,,og-post,,,,AAXX 21024 07299 26/70 /3206 10142 20088 39876 40199 53004 333 60005 90710 91112=
07299,2008-07-21 03:00:00,13.4,1019.7,0.1,76,9.3,30000,7.408,14.816,,290,,,0,0,,,,,,,og-post,,,,AAXX 21034 07299 22780 62904 10134 20093 39874 40197 50001 83570 333 60007 81650 83656 86358 90710 91108 93100 555 60005=
07299,2008-07-21 04:00:00,13.2,1019.8,0.1,72,8.3,40000,14.816,22.224,,270,,,0,,,,,,,,og-post,,,,AAXX 21044 07299 22782 52708 10132 20083 39874 40198 51001 82570 333 60005 81650 84358 90710 91112 93100=
07299,2008-07-21 05:00:00,13.2,1020,-0,73,8.5,40000,11.112,25.928,,260,,,0,,,,,,,,og-post,,,,AAXX 21054 07299 22582 52606 10132 20085 39876 40200 55000 82870 333 60005 81826 84358 90710 91114 93100=
07299,2008-07-21 06:00:00,15,1020.1,0.5,66,8.7,50000,14.816,25.928,,270,12.8,20,0,0,,,0,3.5,11,,og-post,,,,AAXX 21064 07299 02584 42708 10150 20087 39879 40201 53005 60002 81830 333 10200 20128 30011 55035 60007 70000 81830 84357 90710 91114 93100 555 60005=
07299,2008-07-21 07:00:00,16.7,1020.4,1,58,8.4,50000,14.816,31.484,,280,,,0,,,,,,,,og-post,,,,AAXX 21074 07299 22584 42808 10167 20084 39884 40204 53010 81830 333 60005 81830 84357 90710 91117 93100=
07299,2008-07-21 08:00:00,16.7,1020.9,1.3,58,8.4,40000,14.816,29.632,,280,,,0,,,,,,,,og-post,,,,AAXX 21084 07299 22682 52808 10167 20084 39889 40209 53013 81830 333 60005 81836 84357 90710 91116 93100=
07299,2008-07-21 09:00:00,16.5,1020.9,1,56,7.7,40000,18.52,31.484,,270,,,0,0,,,,,,,og-post,,,,AAXX 21094 07299 22682 62710 10165 20077 39889 40209 51010 83830 333 60007 83840 85357 90710 91117 93100 555 60005=
07299,2008-07-21 10:00:00,16.6,1021.4,0.9,51,6.4,35000,18.52,31.484,,280,,,0,,,,,,,,og-post,,,,AAXX 21104 07299 22681 62810 10166 20064 39893 40214 51009 83830 333 60005 83840 86357 90710 91117 93100=
07299,2008-07-21 11:00:00,18.4,1020.5,-0.2,42,5.3,40000,18.52,29.632,,280,,,0,,,,,,,,og-post,,,,AAXX 21114 07299 22682 52810 10184 20053 39887 40205 58002 83830 333 60005 82840 85357 90710 91116 93100=
07299,2008-07-21 12:00:00,18.7,1020.4,-0.3,43,5.9,40000,18.52,35.188,,280,,,0,0,,,,,,,og-post,,,,AAXX 21124 07299 02682 42810 10187 20059 39886 40204 58003 60001 81830 333 60007 81840 84358 90710 91119 93100 555 60005=
07299,2008-07-21 13:00:00,19.7,1020.3,-0.7,46,7.8,40000,22.224,38.892,,270,,,0,,,,,,,,og-post,,,,AAXX 21134 07299 22682 42712 10197 20078 39886 40203 56007 81830 333 60005 81840 84358 90710 91121 93100=
07299,2008-07-21 14:00:00,19.4,1020.5,0.1,42,6.2,40000,22.224,38.892,,280,,,0,,,,,,,,og-post,,,,AAXX 21144 07299 22682 42812 10194 20062 39888 40205 53001 81830 333 60005 81843 84358 90710 91121 93100=
07299,2008-07-21 15:00:00,18.7,1020.8,0.4,46,6.9,40000,22.224,35.188,,270,,,0,0,,,,,,,og-post,,,,AAXX 21154 07299 22682 72712 10187 20069 39890 40208 53004 8383/ 333 60007 81843 83650 87358 90710 91119 93100 555 60005=
07299,2008-07-21 16:00:00,18.9,1020.8,0.4,45,6.7,40000,11.112,29.632,,270,,,0,,,,,,,,og-post,,,,AAXX 21164 07299 22682 72706 10189 20067 39890 40208 51004 8383/ 333 60005 81846 83650 87358 90710 91116 93100=
07299,2008-07-21 17:00:00,18.7,1021.1,0.7,45,6.5,35000,18.52,31.484,,280,,,0,,,,,,,,og-post,,,,AAXX 21174 07299 22681 62810 10187 20065 39893 40211 53007 82830 333 60005 81846 86358 90710 91117 93100=
07299,2008-07-21 18:00:00,17.2,1021.6,0.6,51,7,35000,11.112,29.632,,280,15.1,20.3,0,0,,,,,,,og-post,,,,AAXX 21184 07299 02681 72806 10172 20070 39896 40216 53006 60002 8383/ 333 10203 20151 60007 81843 83650 87358 90710 91116 93100 555 60005=
07299,2008-07-21 19:00:00,16.6,1022,0.9,53,7,15000,11.112,22.224,,280,,,0,,,,,,,16,og-post,,,,AAXX 21194 07299 21665 72806 10166 20070 39899 40220 51009 71622 8385/ 333 60005 81833 83650 87357 90710 91112 93100=
07299,2008-07-21 20:00:00,15.4,1022.7,1.1,61,7.9,20000,7.408,14.816,,280,,,0,,,,,,,,og-post,,,,AAXX 21204 07299 22670 72804 10154 20079 39905 40227 53011 8485/ 333 60005 81840 84656 87359 90710 91108 93100=
07299,2008-07-21 21:00:00,15,1023.2,1.3,65,8.5,20000,7.408,14.816,,340,,,0,0,,,,,,,og-post,,,,AAXX 21214 07299 22670 73404 10150 20085 39909 40232 53013 8385/ 333 60007 81840 83656 87358 90710 91108 93100 555 60005=
07299,2008-07-21 22:00:00,14.8,1023.5,1.3,67,8.7,20000,3.704,7.408,,340,,,0,,,,,,,,og-post,,,,AAXX 21224 07299 22670 73402 10148 20087 39912 40235 51013 8385/ 333 60005 81840 83656 87358 90710 91104 93100=
07299,2008-07-21 23:00:00,14.2,1023.7,0.8,74,9.6,20000,3.704,7.408,,330,,,0,,,,,,,,og-post,,,,AAXX 21234 07299 22670 83302 10142 20096 39913 40237 51008 878// 333 60005 81840 87656 90710 91104 93100=
07299,2008-07-22 00:00:00,13.5,1023.7,0.4,76,9.4,20000,7.408,7.408,,280,,,0,0,,,,,,,og-post,,,,AAXX 22004 07299 02670 82804 10135 20094 39913 40237 51004 60001 878// 333 60007 81840 87650 90710 91104 93100 555 60005=
07299,2008-07-22 01:00:00,13.3,1023.7,0,79,9.7,20000,3.704,11.112,,250,,,0,,,,,,,,og-post,,,,AAXX 22014 07299 26/70 /2502 10133 20097 39912 40237 50000 333 60005 90710 91106=
07299,2008-07-22 02:00:00,13.2,1023.7,-0.1,77,9.3,20000,7.408,11.112,,300,,,0,,,,,,,,og-post,,,,AAXX 22024 07299 26/70 /3004 10132 20093 39912 40237 57001 333 60005 90710 91106=
07299,2008-07-22 03:00:00,12.5,1023.9,-0,81,9.3,20000,7.408,11.112,,250,,,0,0,,,,,,,og-post,,,,AAXX 22034 07299 22670 82504 10125 20093 39913 40239 55000 8435/ 333 60007 81840 84656 87359 90710 91106 93100 555 60005=
07299,2008-07-22 04:00:00,12.7,1024.1,0.3,75,8.4,20000,11.112,14.816,,240,,,0,,,,,,,,og-post,,,,AAXX 22044 07299 22670 82406 10127 20084 39915 40241 53003 8535/ 333 60005 81836 85656 87359 90710 91108 93100=
07299,2008-07-22 05:00:00,12.9,1024.3,0.6,76,8.8,15000,11.112,18.52,,250,,,,,,,,,,60,og-post,,,,AAXX 22054 07299 21665 72506 10129 20088 39918 40243 53006 76062 8485/ 333 69905 84641 87357 90710 91110 93100=
07299,2008-07-22 06:00:00,12.9,1024.8,1,82,9.9,15000,11.112,18.52,,240,12.4,17.2,,,,,0,4.7,12,60,og-post,,,,AAXX 22064 07299 01665 82406 10129 20099 39923 40248 53010 69902 76062 8485/ 333 10172 20124 32012 55047 69907 79999 83636 83650 87357 90710 91110 93100 555 69905=
07299,2008-07-22 07:00:00,14.5,1024.8,0.8,72,9.5,15000,11.112,22.224,,260,,,,,,,,,,21,og-post,,,,AAXX 22074 07299 21565 72606 10145 20095 39924 40248 51008 72162 8485/ 333 69905 81820 83640 86360 90710 91112 93100=
07299,2008-07-22 08:00:00,15.5,1024.7,0.6,65,9,20000,18.52,25.928,,280,,,0,,,,,,,,og-post,,,,AAXX 22084 07299 22570 72810 10155 20090 39924 40247 51006 8583/ 333 60005 83826 83640 85360 90710 91114 93100=
07299,2008-07-22 09:00:00,15.5,1025,0.4,65,9,20000,14.816,25.928,,260,,,0,,,,,,,3,og-post,,,,AAXX 22094 07299 21570 72608 10155 20090 39927 40250 53004 70362 8583/ 333 69907 83826 84639 85360 90710 91114 93100 555 60005=
07299,2008-07-22 10:00:00,15.9,1025,0.5,63,8.9,20000,11.112,25.928,,260,,,0,,,,,,,,og-post,,,,AAXX 22104 07299 22670 72606 10159 20089 39928 40250 51005 8583/ 333 60005 85836 86360 90710 91114 93100=
07299,2008-07-22 11:00:00,16.4,1025.2,0.5,62,9.1,20000,11.112,25.928,,270,,,0,,,,,,,,og-post,,,,AAXX 22114 07299 22670 72706 10164 20091 39930 40252 52005 8583/ 333 60005 85835 86360 90710 91114 93100=
07299,2008-07-22 12:00:00,16.3,1025.3,0.4,61,8.8,20000,14.816,25.928,,250,,,0,0,,,,,,3,og-post,,,,AAXX 22124 07299 01670 72508 10163 20088 39931 40253 52004 69901 70362 8583/ 333 60007 85833 86360 90710 91114 93100 555 60005=
07299,2008-07-22 13:00:00,17,1025.2,0.3,63,9.9,20000,14.816,25.928,,240,,,0,,,,,,,,og-post,,,,AAXX 22134 07299 22670 72408 10170 20099 39931 40252 51003 8543/ 333 60005 86633 87360 90710 91114 93100=
07299,2008-07-22 14:00:00,17.5,1024.9,-0.1,61,9.9,20000,11.112,25.928,,270,,,0,,,,,,,,og-post,,,,AAXX 22144 07299 22670 72706 10175 20099 39929 40249 58001 8543/ 333 60005 86636 87360 90710 91114 93100=
07299,2008-07-22 15:00:00,18,1024.8,-0.3,62,10.6,25000,11.112,14.816,,340,,,0,0,,,,,,,og-post,,,,AAXX 22154 07299 22675 73406 10180 20106 39928 40248 58003 8543/ 333 60007 85636 86358 90710 91108 93100 555 60005=
07299,2008-07-22 16:00:00,18.2,1024.9,-0.2,64,11.3,25000,11.112,14.816,,360,,,0,,,,,,,,og-post,,,,AAXX 22164 07299 22675 73606 10182 20113 39929 40249 55002 8653/ 333 60005 86643 86358 90710 91108 93100=
07299,2008-07-22 17:00:00,17.9,1024.7,-0.1,64,11,25000,7.408,18.52,,30,,,0,,,,,,,,og-post,,,,AAXX 22174 07299 22775 60304 10179 20110 39927 40247 57001 84530 333 60005 84650 84360 90710 91110 93100=
07299,2008-07-22 18:00:00,17.6,1024.6,-0.2,64,10.7,25000,7.408,11.112,,40,12.9,18.6,0,0,,,,,,,og-post,,,,AAXX 22184 07299 02675 50404 10176 20107 39926 40246 58002 69902 83830 333 10186 20129 60007 81843 83656 90710 91106 93100 555 60005=
07299,2008-07-22 19:00:00,14.9,1025.1,-0.1,77,10.9,25000,7.408,11.112,,350,,,0,,,,,,,,og-post,,,,AAXX 22194 07299 22675 53504 10149 20109 39928 40251 55001 83830 333 60005 81843 83656 90710 91106 93100=
07299,2008-07-22 20:00:00,15,1025.4,0.3,80,11.6,25000,7.408,14.816,,330,,,0,,,,,,,,og-post,,,,AAXX 22204 07299 22675 53304 10150 20116 39931 40254 53003 84830 333 60005 81846 84656 90710 91108 93100=
07299,2008-07-22 21:00:00,15,1025.6,0.7,78,11.2,25000,7.408,14.816,,330,,,0,0,,,,,,,og-post,,,,AAXX 22214 07299 22675 73304 10150 20112 39933 40256 52007 875// 333 60007 81648 87650 90710 91108 93100 555 60005=
07299,2008-07-22 22:00:00,13.5,1025.6,0.3,84,10.9,25000,3.704,11.112,,290,,,0,,,,,,,,og-post,,,,AAXX 22224 07299 22775 42902 10135 20109 39931 40256 50003 81530 333 60005 81650 84360 90710 91106 93100=
07299,2008-07-22 23:00:00,12,1026.1,0.3,88,10.1,25000,3.704,7.408,,250,,,0,,,,,,,,og-post,,,,AAXX 22234 07299 22775 22502 10120 20101 39934 40261 52003 81530 333 60005 81650 90710 91104 93100=
07299,2008-07-23 00:00:00,10.1,1026.2,-0.1,92,8.9,12000,3.704,7.408,,280,,,0,0,,,,,,,og-post,,,,AAXX 23004 07299 02762 22802 10101 20089 39933 40262 56001 60001 81530 333 60007 81650 90710 91104 93100 555 60005=
07299,2008-07-23 01:00:00,9.8,1025.7,-0.3,91,8.4,14000,3.704,7.408,,240,,,0,,,,,,,,og-post,,,,AAXX 23014 07299 26/64 /2402 10098 20084 39928 40257 58003 333 60005 90710 91104=
07299,2008-07-23 02:00:00,8.8,1025.8,-0.7,93,7.7,10000,3.704,7.408,,120,,,0,,,,,,,,og-post,,,,AAXX 23024 07299 26/60 /1202 10088 20077 39927 40258 56007 333 60005 90710 91104=
07299,2008-07-23 03:00:00,7.8,1025.9,-0.5,94,6.9,2000,3.704,3.704,,280,,,0,0,,,,,,11,og-post,,,,AAXX 23034 07299 21920 02802 10078 20069 39927 40259 56005 71100 333 60007 90710 91102 93100 555 60005=
07299,2008-07-23 04:00:00,7.3,1025.7,-0.2,94,6.4,2500,3.704,7.408,,250,,,0.2,,,,,,,40,og-post,,,,AAXX 23044 07299 21225 12502 10073 20064 39925 40257 57002 74000 81600 333 69925 81703 90710 91104 93100=
07299,2008-07-23 05:00:00,8.9,1025.7,-0,95,8.1,15000,3.704,3.704,,260,,,0,,,,,,,,og-post,,,,AAXX 23054 07299 22565 12602 10089 20081 39927 40257 55000 81500 333 60005 81630 90710 91102 93100=
07299,2008-07-23 06:00:00,11.5,1025.3,-0.1,94,10.6,17000,,3.704,,,7.2,17.6,0,0.2,,0.2,0.2,1.8,5,,og-post,,,,AAXX 23064 07299 02667 10000 10115 20106 39926 40253 57001 69922 81500 333 10176 20072 30005 55018 69927 70002 81640 90710 91102 93100 555 60005=
07299,2008-07-23 07:00:00,14.9,1024.9,0,75,10.5,20000,3.704,7.408,,340,,,0,,,,,,,,og-post,,,,AAXX 23074 07299 26/70 /3402 10149 20105 39926 40249 50000 333 60005 90710 91104=
07299,2008-07-23 08:00:00,16.8,1024.6,-0.2,65,10.2,18000,3.704,11.112,,10,,,0,,,,,,,,og-post,,,,AAXX 23084 07299 22568 10102 10168 20102 39925 40246 56002 81200 333 60005 81826 90710 91106 93100=
07299,2008-07-23 09:00:00,17.4,1024.3,-0.4,62,10.1,18000,7.408,18.52,,360,,,0,0,,,,,,,og-post,,,,AAXX 23094 07299 22568 23604 10174 20101 39923 40243 58004 82200 333 60007 82826 90710 91110 93100 555 60005=
07299,2008-07-23 10:00:00,18.3,1023.7,-0.7,63,11.1,20000,14.816,22.224,,340,,,0,,,,,,,0,og-post,,,,AAXX 23104 07299 24970 /3408 10183 20111 39918 40237 58007 700// 333 60005 90710 91112=
07299,2008-07-23 11:00:00,19.9,1023.2,-1.1,59,11.7,25000,14.816,22.224,,10,,,0,,,,,,,,og-post,,,,AAXX 23114 07299 22675 10108 10199 20117 39915 40232 58011 81200 333 60005 81833 90710 91112 93100=
07299,2008-07-23 12:00:00,20.9,1022.5,-1.3,55,11.5,25000,14.816,25.928,,20,,,0,0,,,,,,,og-post,,,,AAXX 23124 07299 02675 20208 10209 20115 39909 40225 58013 60001 82100 333 60007 82840 90710 91114 93100 555 60005=
07299,2008-07-23 13:00:00,21.9,1021.4,-1.8,54,12.2,30000,18.52,29.632,,360,,,0,,,,,,,,og-post,,,,AAXX 23134 07299 22680 23610 10219 20122 39900 40214 58018 82100 333 60005 82840 90710 91116 93100=
07299,2008-07-23 14:00:00,22.6,1020.9,-1.8,53,12.5,30000,18.52,31.484,,360,,,0,,,,,,,,og-post,,,,AAXX 23144 07299 22680 23610 10226 20125 39896 40209 56018 82200 333 60005 82841 90710 91117 93100=
07299,2008-07-23 15:00:00,22.5,1020.9,-1.4,49,11.3,20000,11.112,29.632,,40,,,0,0,,,,,,,og-post,,,,AAXX 23154 07299 26/70 /0406 10225 20113 39895 40209 56014 333 60007 90710 91116 555 60005=
07299,2008-07-23 16:00:00,22.8,1020.4,-0.8,48,11.2,40000,11.112,22.224,,40,,,0,,,,,,,,og-post,,,,AAXX 23164 07299 22682 20406 10228 20112 39891 40204 58008 82200 333 60005 82848 90710 91112 93100=
07299,2008-07-23 17:00:00,23.4,1019.9,-1,39,8.7,40000,14.816,25.928,,110,,,0,,,,,,,,og-post,,,,AAXX 23174 07299 22782 11108 10234 20087 39886 40199 58010 81200 333 60005 81850 90710 91114 93100=
07299,2008-07-23 18:00:00,22.8,1019.5,-1.3,40,8.5,45000,14.816,25.928,,110,11.7,23.8,0,0,,,,,,,og-post,,,,AAXX 23184 07299 02783 11108 10228 20085 39882 40195 57013 60002 81200 333 10238 20117 60007 81850 90710 91114 93100 555 60005=
07299,2008-07-23 19:00:00,21.1,1019.8,-0.8,45,8.7,45000,11.112,22.224,,100,,,0,,,,,,,,og-post,,,,AAXX 23194 07299 22783 11006 10211 20087 39883 40198 55008 81200 333 60005 81850 90710 91112 93100=
07299,2008-07-23 20:00:00,19.1,1020.2,-0.1,52,9,35000,7.408,14.816,,90,,,0,,,,,,,,og-post,,,,AAXX 23204 07299 22781 10904 10191 20090 39885 40202 55001 81400 333 60005 81650 90710 91108 93100=
07299,2008-07-23 21:00:00,15.2,1020.8,0.4,72,10.2,30000,3.704,14.816,,300,,,0,0,,,,,,,og-post,,,,AAXX 23214 07299 22780 13002 10152 20102 39886 40208 52004 81400 333 60007 81650 90710 91108 93100 555 60005=
07299,2008-07-23 22:00:00,11.8,1020.8,0,88,9.9,25000,3.704,7.408,,280,,,0,,,,,,,,og-post,,,,AAXX 23224 07299 22775 12802 10118 20099 39883 40208 50000 81400 333 60005 81650 90710 91104 93100=
07299,2008-07-23 23:00:00,10.6,1020.8,-0.4,90,9,25000,3.704,7.408,,270,,,0,,,,,,,,og-post,,,,AAXX 23234 07299 22775 12702 10106 20090 39881 40208 58004 81400 333 60005 81650 90710 91104 93100=
07299,2008-07-24 00:00:00,9.8,1020.5,-0.9,91,8.4,20000,3.704,7.408,,270,,,0,0,,,,,,,og-post,,,,AAXX 24004 07299 02770 12702 10098 20084 39877 40205 58009 60001 81400 333 60007 81650 90710 91104 93100 555 60005=
07299,2008-07-24 01:00:00,9.8,1020.2,-0.9,92,8.6,20000,3.704,7.408,,250,,,0,,,,,,,,og-post,,,,AAXX 24014 07299 26/70 /2502 10098 20086 39874 40202 58009 333 60005 90710 91104=
07299,2008-07-24 02:00:00,9.4,1019.6,-1.3,93,8.3,20000,,7.408,,,,,0,,,,,,,,og-post,,,,AAXX 24024 07299 26/70 /0000 10094 20083 39868 40196 58013 333 60005 90710 91104=
07299,2008-07-24 03:00:00,8.7,1019.3,-1.3,93,7.6,15000,3.704,11.112,,240,,,0,0,,,,,,,og-post,,,,AAXX 24034 07299 22965 02402 10087 20076 39864 40193 57013 333 60007 90710 91106 93100 555 60005=
07299,2008-07-24 04:00:00,8.4,1018.9,-1.4,94,7.5,15000,3.704,3.704,,220,,,0,,,,,,,11,og-post,,,,AAXX 24044 07299 21965 02202 10084 20075 39860 40189 56014 71100 333 60005 90710 91102 93100=
07299,2008-07-24 05:00:00,10.7,1018.6,-0.7,95,9.9,15000,11.112,14.816,,320,,,0,,,,,,,11,og-post,,,,AAXX 24054 07299 21965 03206 10107 20099 39860 40186 56007 71100 333 60005 90710 91108 93100=
07299,2008-07-24 06:00:00,13.2,1018.3,-0.4,88,11.3,15000,7.408,14.816,,320,8.3,22.8,0,0,,,0,13.2,6,11,og-post,,,,AAXX 24064 07299 01965 03204 10132 20113 39860 40183 56004 60002 71100 333 10228 20083 30006 55132 60007 70000 90710 91108 93100 555 60005=
07299,2008-07-24 07:00:00,14.9,1018,-0.1,82,11.9,20000,11.112,18.52,,320,,,0,,,,,,,,og-post,,,,AAXX 24074 07299 22970 03206 10149 20119 39859 40180 58001 333 60005 90710 91110 93100=
07299,2008-07-24 08:00:00,17.9,1017.4,-0.3,69,12.1,20000,3.704,14.816,,350,,,0,,,,,,,,og-post,,,,AAXX 24084 07299 22970 03502 10179 20121 39857 40174 58003 333 60005 90710 91108 93100=
07299,2008-07-24 09:00:00,19.9,1016.8,-0.7,62,12.4,25000,11.112,18.52,,330,,,0,0,,,,,,,og-post,,,,AAXX 24094 07299 22575 13306 10199 20124 39853 40168 58007 81100 333 60007 81830 90710 91110 93100 555 60005=
07299,2008-07-24 10:00:00,21.7,1016,-1.2,52,11.4,25000,11.112,18.52,,20,,,0,,,,,,,,og-post,,,,AAXX 24104 07299 22675 10206 10217 20114 39847 40160 58012 81100 333 60005 81840 90710 91110 93100=
07299,2008-07-24 11:00:00,23,1015.2,-1.6,53,12.9,25000,7.408,18.52,,320,,,0,,,,,,,,og-post,,,,AAXX 24114 07299 22675 13204 10230 20129 39841 40152 58016 81100 333 60005 81840 90710 91110 93100=
07299,2008-07-24 12:00:00,24.2,1014.4,-2,45,11.5,35000,7.408,22.224,,20,,,0,0,,,,,,,og-post,,,,AAXX 24124 07299 02681 10204 10242 20115 39834 40144 58020 60001 81100 333 60007 81843 90710 91112 93100 555 60005=
07299,2008-07-24 13:00:00,25,1013.8,-1.8,43,11.6,35000,11.112,22.224,,350,,,0,,,,,,,,og-post,,,,AAXX 24134 07299 22781 23506 10250 20116 39829 40138 56018 82100 333 60005 82850 90710 91112 93100=
07299,2008-07-24 14:00:00,26.5,1013.3,-1.5,45,13.6,35000,7.408,22.224,,60,,,0,,,,,,,,og-post,,,,AAXX 24144 07299 22781 30604 10265 20136 39826 40133 56015 83800 333 60005 81850 90710 91112 93100=
07299,2008-07-24 15:00:00,26.4,1012.8,-1.4,41,12.1,35000,7.408,22.224,,40,,,0,0,,,,,,,og-post,,,,AAXX 24154 07299 22781 30404 10264 20121 39821 40128 56014 83800 333 60007 81850 83656 90710 91112 93100 555 60005=
07299,2008-07-24 16:00:00,26.8,1012.5,-1,38,11.3,35000,18.52,29.632,,110,,,0,,,,,,,,og-post,,,,AAXX 24164 07299 22781 21110 10268 20113 39818 40125 56010 82800 333 60005 81856 90710 91116 93100=
07299,2008-07-24 17:00:00,26,1012.5,-0.8,40,11.4,35000,22.224,35.188,,110,,,0,,,,,,,,og-post,,,,AAXX 24174 07299 22881 21112 10260 20114 39817 40125 56008 82500 333 60005 82656 90710 91119 93100=
07299,2008-07-24 18:00:00,25,1012.5,-0.4,41,10.8,50000,18.52,31.484,,120,13.3,26.8,0,0,,,,,,,og-post,,,,AAXX 24184 07299 02884 11210 10250 20108 39816 40125 56004 60002 81500 333 10268 20133 60007 81657 90710 91117 93100 555 60005=
07299,2008-07-24 19:00:00,23.2,1012.9,-0,47,11.3,55000,11.112,29.632,,100,,,0,,,,,,,,og-post,,,,AAXX 24194 07299 22885 11006 10232 20113 39818 40129 55000 81501 333 60005 81657 90710 91116 93100=
07299,2008-07-24 20:00:00,22,1013.3,0.4,50,11.1,55000,11.112,22.224,,110,,,0,,,,,,,,og-post,,,,AAXX 24204 07299 22985 11106 10220 20111 39821 40133 53004 81031 333 60005 81358 90710 91112 93100=
07299,2008-07-24 21:00:00,19.7,1013.5,0.5,59,11.5,25000,7.408,14.816,,130,,,0,0,,,,,,,og-post,,,,AAXX 24214 07299 22975 01304 10197 20115 39821 40135 51005 333 60007 90710 91108 93100 555 60005=
07299,2008-07-24 22:00:00,18.1,1013.5,0.1,65,11.4,25000,7.408,14.816,,130,,,0,,,,,,,,og-post,,,,AAXX 24224 07299 22975 01304 10181 20114 39819 40135 50001 333 60005 90710 91108 93100=
07299,2008-07-24 23:00:00,13.9,1014,-0.2,84,11.2,25000,3.704,7.408,,240,,,0,,,,,,,,og-post,,,,AAXX 24234 07299 22975 02402 10139 20112 39819 40140 57002 333 60005 90710 91104 93100=
07299,2008-07-25 00:00:00,13.2,1014.1,-0.2,88,11.3,25000,3.704,7.408,,210,,,0,0,,,,,,,og-post,,,,AAXX 25004 07299 02975 02102 10132 20113 39819 40141 56002 60001 333 60007 90710 91104 93100 555 60005=
07299,2008-07-25 01:00:00,12.2,1014.2,-0,91,10.8,20000,3.704,7.408,,320,,,0,,,,,,,,og-post,,,,AAXX 25014 07299 26/70 /3202 10122 20108 39819 40142 54000 333 60005 90710 91104=
07299,2008-07-25 02:00:00,11.4,1014.3,-0,91,10,20000,3.704,7.408,,250,,,0,,,,,,,,og-post,,,,AAXX 25024 07299 26/70 /2502 10114 20100 39819 40143 54000 333 60005 90710 91104=
07299,2008-07-25 03:00:00,10.5,1014.2,-0.2,93,9.4,20000,3.704,7.408,,250,,,0,0,,,,,,,og-post,,,,AAXX 25034 07299 22970 02502 10105 20094 39817 40142 58002 333 60007 90710 91104 555 60005=
07299,2008-07-25 04:00:00,10.6,1014.3,-0.1,94,9.7,17000,,7.408,,,,,0.2,,,,,,,,og-post,,,,AAXX 25044 07299 22967 00000 10106 20097 39818 40143 55001 333 69925 90710 91104=
07299,2008-07-25 05:00:00,11.8,1014,-0.2,95,11,20000,,3.704,,,,,0,,,,,,,,og-post,,,,AAXX 25054 07299 22970 10000 10118 20110 39817 40140 56002 80001 333 60005 81073 90710 91102=
07299,2008-07-25 06:00:00,15.8,1013.4,-0.1,84,13.1,25000,,3.704,,,10.2,25,0,0.2,,0.2,0.2,13.6,8,,og-post,,,,AAXX 25064 07299 02975 10000 10158 20131 39816 40134 58001 69922 80001 333 10250 20102 30008 55136 69927 70002 81073 90710 91102 555 60005=
07299,2008-07-25 07:00:00,19.6,1012.8,-0.4,69,13.8,25000,7.408,11.112,,100,,,0,,,,,,,,og-post,,,,AAXX 25074 07299 22975 11004 10196 20138 39814 40128 58004 81081 333 60005 81363 90710 91106 93100=
07299,2008-07-25 08:00:00,21.6,1012.4,-0.5,60,13.5,28000,11.112,22.224,,70,,,0,,,,,,,,og-post,,,,AAXX 25084 07299 22978 10706 10216 20135 39812 40124 58005 81031 333 60005 81363 90710 91112 93100=
07299,2008-07-25 09:00:00,22.8,1012,-0.6,58,14.1,30000,11.112,18.52,,120,,,0,0,,,,,,,og-post,,,,AAXX 25094 07299 22680 21206 10228 20141 39810 40120 57006 81104 333 60007 81836 90710 91110 93100 555 60005=
07299,2008-07-25 10:00:00,24.3,1011.7,-0.6,51,13.5,30000,11.112,18.52,,50,,,0,,,,,,,,og-post,,,,AAXX 25104 07299 22680 20506 10243 20135 39808 40117 57006 81104 333 60005 81840 90710 91110 93100=
07299,2008-07-25 11:00:00,25.4,1011.1,-0.8,49,13.9,30000,7.408,18.52,,10,,,0,,,,,,,,og-post,,,,AAXX 25114 07299 22680 30104 10254 20139 39804 40111 58008 81102 333 60005 81845 90710 91110 93100=
07299,2008-07-25 12:00:00,26.4,1010.8,-0.8,46,13.8,35000,7.408,18.52,,340,,,0,0,,,,,,,og-post,,,,AAXX 25124 07299 02781 23404 10264 20138 39802 40108 57008 60001 81102 333 60007 81850 90710 91110 93100 555 60005=
07299,2008-07-25 13:00:00,27.8,1010.4,-0.9,39,12.6,40000,7.408,22.224,,310,,,0,,,,,,,,og-post,,,,AAXX 25134 07299 22782 33104 10278 20126 39799 40104 56009 81201 333 60005 81850 83075 90710 91112 93100=
07299,2008-07-25 14:00:00,28.4,1010.2,-0.6,36,11.9,40000,11.112,25.928,,270,,,0,,,,,,,,og-post,,,,AAXX 25144 07299 22782 32706 10284 20119 39798 40102 56006 81281 333 60005 81850 83075 90710 91114 93100=
07299,2008-07-25 15:00:00,28.9,1010,-0.6,34,11.5,40000,7.408,22.224,,260,,,0,0,,,,,,,og-post,,,,AAXX 25154 07299 22782 32604 10289 20115 39796 40100 56006 81201 333 60007 81850 83075 90710 91112 93100 555 60005=
07299,2008-07-25 16:00:00,28.5,1009.9,-0.4,34,11.1,40000,7.408,18.52,,260,,,0,,,,,,,,og-post,,,,AAXX 25164 07299 22782 42604 10285 20111 39795 40099 57004 81201 333 60005 81856 84075 90710 91110 93100=
07299,2008-07-25 17:00:00,28.3,1009.6,-0.6,37,12.2,40000,3.704,14.816,,290,,,0,,,,,,,,og-post,,,,AAXX 25174 07299 22782 52902 10283 20122 39792 40096 58006 81431 333 60005 81656 85075 90710 91108 93100=
07299,2008-07-25 18:00:00,27.1,1009.7,-0.4,44,13.8,40000,3.704,11.112,,270,15.9,29.2,0,0,,,,,,,og-post,,,,AAXX 25184 07299 02782 62702 10271 20138 39792 40097 56004 60002 81432 333 10292 20159 60007 81656 86075 90710 91106 93100 555 60005=
07299,2008-07-25 19:00:00,22.6,1010.5,-0,68,16.4,20000,3.704,7.408,,280,,,0,,,,,,,,og-post,,,,AAXX 25194 07299 22970 72802 10226 20164 39795 40105 55000 81032 333 60005 81366 87075 90710 91104 93100=
07299,2008-07-25 20:00:00,20.3,1011.6,1.1,78,16.3,20000,3.704,7.408,,220,,,0,,,,,,,,og-post,,,,AAXX 25204 07299 22970 72202 10203 20163 39803 40116 53011 81032 333 60005 81366 87075 90710 91104 93100=
07299,2008-07-25 21:00:00,18.7,1012,1.4,83,15.8,15000,3.704,7.408,,170,,,0,0,,,,,,,og-post,,,,AAXX 25214 07299 22965 71702 10187 20158 39806 40120 52014 81032 333 60007 81366 87075 90710 91104 93100 555 60005=
07299,2008-07-25 22:00:00,18.1,1012.4,1.4,84,15.4,15000,3.704,11.112,,160,,,0,,,,,,,,og-post,,,,AAXX 25224 07299 22965 71602 10181 20154 39809 40124 51014 82032 333 60005 82362 87075 90710 91106 93100=
07299,2008-07-25 23:00:00,17.7,1012.2,0.3,85,15.1,15000,,7.408,,,,,0,,,,,,,,og-post,,,,AAXX 25234 07299 22965 70000 10177 20151 39806 40122 50003 82032 333 60005 82362 87075 90710 91104 93100=
07299,2008-07-26 00:00:00,17.3,1012.1,-0.1,88,15.3,15000,3.704,7.408,,250,,,0,0,,,,,,,og-post,,,,AAXX 26004 07299 02965 72502 10173 20153 39805 40121 58001 60001 85032 333 60007 85363 87075 90710 91104 93100 555 60005=
07299,2008-07-26 01:00:00,16.4,1011.7,-0.9,89,14.6,20000,3.704,7.408,,220,,,0,,,,,,,,og-post,,,,AAXX 26014 07299 26/70 /2202 10164 20146 39800 40117 58009 333 60005 90710 91104=
07299,2008-07-26 02:00:00,15.5,1011.7,-0.7,89,13.7,18000,3.704,7.408,,210,,,0,,,,,,,,og-post,,,,AAXX 26024 07299 26/68 /2102 10155 20137 39799 40117 57007 333 60005 90710 91104=
07299,2008-07-26 03:00:00,15,1012,-0.4,92,13.7,15000,,7.408,,,,,0,0,,,,,,,og-post,,,,AAXX 26034 07299 22965 70000 10150 20137 39801 40120 55004 81032 333 60007 81363 87075 90710 91104 93100 555 60005=
07299,2008-07-26 04:00:00,15.6,1012.5,0.7,89,13.8,15000,7.408,11.112,,200,,,0,,,,,,,,og-post,,,,AAXX 26044 07299 22965 72004 10156 20138 39807 40125 53007 81032 333 60005 81363 87075 90710 91106 93100=
07299,2008-07-26 05:00:00,16.3,1012.8,1.2,87,14.1,15000,7.408,14.816,,150,,,0,,,,,,,,og-post,,,,AAXX 26054 07299 22965 71504 10163 20141 39811 40128 53012 85032 333 60005 85363 87075 90710 91108 93100=
07299,2008-07-26 06:00:00,17.4,1013,1.3,83,14.5,20000,,14.816,,,14.9,26.9,0,0,,,0,13.6,13,,og-post,,,,AAXX 26064 07299 06/70 /0000 10174 20145 39814 40130 51013 60002 333 10269 20149 3/013 55136 60007 70000 90710 91108 555 60005=
07299,2008-07-26 07:00:00,19.8,1013,0.9,72,14.6,25000,7.408,11.112,,160,,,0,,,,,,,,og-post,,,,AAXX 26074 07299 22975 71604 10198 20146 39816 40130 51009 8703/ 333 60005 82362 87365 90710 91106 93100=
07299,2008-07-26 08:00:00,21.8,1012.9,0.6,66,15.2,25000,3.704,11.112,,110,,,0,,,,,,,,og-post,,,,AAXX 26084 07299 22975 71102 10218 20152 39817 40129 51006 8703/ 333 60005 82362 87365 90710 91106 93100=
07299,2008-07-26 09:00:00,23,1012.6,0.2,63,15.6,25000,3.704,11.112,,140,,,0,0,,,,,,,og-post,,,,AAXX 26094 07299 22575 71402 10230 20156 39816 40126 50002 8113/ 333 60007 81826 87365 90710 91106 93100 555 60005=
07299,2008-07-26 10:00:00,24.5,1012.1,-0.2,60,16.2,25000,3.704,11.112,,360,,,0,,,,,,,,og-post,,,,AAXX 26104 07299 22675 73602 10245 20162 39813 40121 58002 8113/ 333 60005 81833 87363 90710 91106 93100=
07299,2008-07-26 11:00:00,24.8,1012.3,-0.2,60,16.5,22000,7.408,14.816,,30,,,0,,,,,,,,og-post,,,,AAXX 26114 07299 22672 70304 10248 20165 39815 40123 55002 8113/ 333 60005 81833 87363 90710 91108 93100=
07299,2008-07-26 12:00:00,26.4,1011.8,-0.4,52,15.8,22000,11.112,18.52,,20,,,0,0,,,,,,,og-post,,,,AAXX 26124 07299 02672 70206 10264 20158 39812 40118 57004 60001 8123/ 333 60007 81843 87364 90710 91110 93100 555 60005=
07299,2008-07-26 13:00:00,27.4,1011.5,-0.3,53,17,22000,11.112,22.224,,10,,,0,,,,,,,,og-post,,,,AAXX 26134 07299 22672 70106 10274 20170 39810 40115 58003 81331 333 60005 81841 81943 85363 86073 90710 91112 93100=
07299,2008-07-26 14:00:00,28.1,1011,-0.8,49,16.4,22000,14.816,25.928,,10,,,0,,,,,,,,og-post,,,,AAXX 26144 07299 22672 70108 10281 20164 39806 40110 58008 81931 333 60005 81843 81945 83363 85073 90710 91114 93100=
07299,2008-07-26 15:00:00,27.6,1011.3,-0.5,50,16.2,22000,14.816,22.224,,30,,,0,0,,,,,,,og-post,,,,AAXX 26154 07299 22672 60308 10276 20162 39808 40113 55005 81932 333 60007 81843 81945 83364 90710 91112 93100 555 60005=
07299,2008-07-26 16:00:00,28.6,1011.2,-0.3,49,16.8,22000,11.112,22.224,,10,,,0,,,,,,,,og-post,,,,AAXX 26164 07299 22672 60106 10286 20168 39808 40112 56003 81932 333 60005 81848 81950 86073 90710 91112 93100=
07299,2008-07-26 17:00:00,26.8,1011.4,0.1,52,16.1,28000,7.408,25.928,,20,,,0,,,,,,,,og-post,,,,AAXX 26174 07299 22678 70204 10268 20161 39808 40114 53001 81932 333 60005 81848 81950 87073 90710 91114 93100=
07299,2008-07-26 18:00:00,26.7,1012,0.8,54,16.6,25000,7.408,18.52,,10,17.4,28.6,0,0,,,,,,,og-post,,,,AAXX 26184 07299 02675 70104 10267 20166 39814 40120 53008 60002 81932 333 10286 20174 60007 81848 81950 87073 90710 91110 93100 555 60005=
07299,2008-07-26 19:00:00,24.3,1012.5,1,67,17.8,30000,7.408,11.112,,360,,,0,,,,,,,,og-post,,,,AAXX 26194 07299 22680 73604 10243 20178 39817 40125 53010 81983 333 60005 81846 81950 84362 87073 90710 91106 93100=
07299,2008-07-26 20:00:00,23.2,1013.6,1.8,70,17.4,12000,11.112,14.816,,80,,,0,,,,,,,15,og-post,,,,AAXX 26204 07299 21662 70806 10232 20174 39826 40136 53018 71522 82983 333 60005 81840 82948 84359 87073 90710 91108 93100=
07299,2008-07-26 21:00:00,20.1,1014.1,1.2,84,17.3,15000,7.408,29.632,,250,,,0.2,0.2,,,,,,25,og-post,,,,AAXX 26214 07299 21665 72504 10201 20173 39828 40141 51012 72586 8296/ 333 69927 81840 82948 83358 86360 90710 91116 93100 555 69925=
07299,2008-07-26 22:00:00,19.2,1014,0.9,88,17.2,25000,3.704,14.816,,110,,,0,,,,,,,13,og-post,,,,AAXX 26224 07299 21675 61102 10192 20172 39826 40140 50009 71322 81932 333 60005 81843 81948 83360 85073 90710 91108 93100=
07299,2008-07-26 23:00:00,17.8,1014.6,0.3,90,16.1,23000,3.704,11.112,,250,,,0,,,,,,,,og-post,,,,AAXX 26234 07299 22673 42502 10178 20161 39830 40146 53003 81231 333 60005 81845 84073 90710 91106 93100=
07299,2008-07-27 00:00:00,17.1,1014.9,0.5,92,15.8,20000,3.704,7.408,,210,,,0,0,0.2,,,,,1,og-post,,,,AAXX 27004 07299 01670 52102 10171 20158 39832 40149 53005 69921 70186 81231 333 60007 81845 83363 90710 91104 93100 555 60005=
07299,2008-07-27 01:00:00,16.7,1015.2,0.8,94,15.7,4300,3.704,7.408,,120,,,0,,,,,,,,og-post,,,,AAXX 27014 07299 26/43 /1202 10167 20157 39834 40152 51008 333 60005 90710 91104=
07299,2008-07-27 02:00:00,16.8,1015.7,0.9,95,16,9000,3.704,11.112,,110,,,0,,,,,,,,og-post,,,,AAXX 27024 07299 26/59 /1102 10168 20160 39839 40157 53009 333 60005 90710 91106=
07299,2008-07-27 03:00:00,17.3,1015.6,0.7,95,16.5,15000,7.408,11.112,,200,,,0,0,,,,,,15,og-post,,,,AAXX 27034 07299 21565 62004 10173 20165 39839 40156 51007 71522 84801 333 60007 81825 84633 85075 90710 91106 93100 555 60005=
07299,2008-07-27 04:00:00,17.1,1015.5,0.4,94,16.1,9000,3.704,7.408,,10,,,0.2,,,,,,,25,og-post,,,,AAXX 27044 07299 21559 60102 10171 20161 39838 40155 50004 72586 81871 333 69925 81826 84362 90710 91104 93100=
07299,2008-07-27 05:00:00,16.8,1015.8,0.1,95,16,9000,3.704,7.408,,120,,,0,,,,,,,11,og-post,,,,AAXX 27054 07299 21459 71202 10168 20160 39840 40158 53001 71122 81281 333 60005 81810 84361 85075 90710 91104 93100=
07299,2008-07-27 06:00:00,18.5,1015.8,0.3,94,17.5,12000,7.408,11.112,,160,16.3,26.7,0,0.2,,0.4,0.4,5.1,14,3,og-post,,,,AAXX 27064 07299 01462 71604 10185 20175 39842 40158 53003 69942 70386 81281 333 10267 20163 30014 55051 69927 70004 81813 86359 85075 90710 91106 93100 555 60005=
07299,2008-07-27 07:00:00,19.6,1015.8,0.7,87,17.4,12000,3.704,11.112,,280,,,0,,,,,,,,og-post,,,,AAXX 27074 07299 22462 72802 10196 20174 39844 40158 51007 8113/ 333 60005 81813 87359 90710 91106 93100=
07299,2008-07-27 08:00:00,20.8,1015.9,0.6,83,17.8,12000,3.704,7.408,,280,,,0,,,,,,,,og-post,,,,AAXX 27084 07299 22462 72802 10208 20178 39846 40159 52006 8113/ 333 60005 81810 87360 90710 91104 93100=
07299,2008-07-27 09:00:00,22.7,1015.9,0.6,79,18.9,13000,7.408,18.52,,250,,,0,0,,,,,,,og-post,,,,AAXX 27094 07299 22463 72504 10227 20189 39848 40159 51006 82231 333 60007 82815 84360 85075 90710 91110 93100 555 60005=
07299,2008-07-27 10:00:00,23.4,1015.6,0.2,72,18.1,13000,7.408,18.52,,300,,,0,,,,,,,,og-post,,,,AAXX 27104 07299 22563 53004 10234 20181 39846 40156 50002 82231 333 60005 82820 83360 90710 91110 93100=
07299,2008-07-27 11:00:00,24.3,1015.4,-0.2,68,18,13000,7.408,14.816,,10,,,0,,,,,,,,og-post,,,,AAXX 27114 07299 22563 60104 10243 20180 39845 40154 58002 82231 333 60005 82828 83360 86075 90710 91108 93100=
07299,2008-07-27 12:00:00,25.2,1014.7,-0.9,65,18.1,13000,7.408,18.52,,350,,,0,0,,,,,,,og-post,,,,AAXX 27124 07299 02563 63504 10252 20181 39839 40147 58009 60001 83331 333 60007 82831 81933 83360 85075 90710 91110 93100 555 60005=
07299,2008-07-27 13:00:00,26,1014,-1.3,60,17.6,13000,7.408,14.816,,350,,,0,,,,,,,,og-post,,,,AAXX 27134 07299 22563 53504 10260 20176 39833 40140 58013 83331 333 60005 83830 81936 90710 91108 93100=
07299,2008-07-27 14:00:00,26,1013.8,-1.4,63,18.4,13000,7.408,22.224,,350,,,0,,,,,,,,og-post,,,,AAXX 27144 07299 22663 63504 10260 20184 39831 40138 56014 85331 333 60005 84833 82940 90710 91112 93100=
07299,2008-07-27 15:00:00,24.7,1013.9,-0.8,69,18.6,13000,14.816,25.928,,350,,,0,0,,,,,,,og-post,,,,AAXX 27154 07299 22663 73508 10247 20186 39831 40139 56008 86331 333 60007 84833 83940 90710 91114 93100 555 60005=
07299,2008-07-27 16:00:00,24.9,1013.5,-0.6,74,19.9,13000,14.816,29.632,,350,,,0,,,,,,,,og-post,,,,AAXX 27164 07299 22663 73508 10249 20199 39827 40135 58006 84931 333 60005 83833 82940 83075 90710 91116 93100=
07299,2008-07-27 17:00:00,24.3,1013.4,-0.5,77,20,15000,11.112,35.188,,330,,,0,,,,,,,,og-post,,,,AAXX 27174 07299 22665 73306 10243 20200 39826 40134 58005 83932 333 60005 82833 82940 83362 85075 90710 91119 93100=
07299,2008-07-27 18:00:00,24.1,1013.9,-0.1,73,19,18000,11.112,18.52,,340,18.5,27.2,0,0,,,,,,,og-post,,,,AAXX 27184 07299 02668 73406 10241 20190 39830 40139 55001 60002 82232 333 10272 20185 60007 82833 85362 85075 90710 91110 93100 555 60005=
07299,2008-07-27 19:00:00,22.1,1014.4,0.6,81,18.7,22000,7.408,14.816,,340,,,0,,,,,,,,og-post,,,,AAXX 27194 07299 22772 53404 10221 20187 39833 40144 53006 81232 333 60005 81850 83073 90710 91108 93100=
07299,2008-07-27 20:00:00,20.3,1015,1.1,87,18.1,20000,3.704,7.408,,230,,,0,,,,,,,,og-post,,,,AAXX 27204 07299 22970 22302 10203 20181 39837 40150 52011 81032 333 60005 81363 90710 91104 93100=
07299,2008-07-27 21:00:00,19.8,1015,0.6,90,18.1,16000,7.408,11.112,,230,,,0,0,,,,,,13,og-post,,,,AAXX 27214 07299 21766 42304 10198 20181 39836 40150 50006 71311 81931 333 60007 81950 83363 90710 91106 93100 555 60005=
07299,2008-07-27 22:00:00,18.9,1015.1,0.4,91,17.4,15000,,11.112,,,,,0,,,,,,,,og-post,,,,AAXX 27224 07299 22765 40000 10189 20174 39836 40151 51004 81231 333 60005 81850 83073 90710 91106 93100=
07299,2008-07-27 23:00:00,17.8,1015.1,-0.2,94,16.8,12000,,7.408,,,,,0,,,,,,,,og-post,,,,AAXX 27234 07299 22762 50000 10178 20168 39835 40151 58002 81931 333 60005 81950 84073 90710 91104 93100=
07299,2008-07-28 00:00:00,17.3,1015.2,-0.1,94,16.3,12000,3.704,3.704,,220,,,0,0,,,,,,,og-post,,,,AAXX 28004 07299 02762 72202 10173 20163 39835 40152 58001 60001 81931 333 60007 81950 86363 90710 91102 93100 555 60005=
07299,2008-07-28 01:00:00,17,1015.2,-0.2,95,16.2,1100,3.704,7.408,,360,,,0,,,,,,,,og-post,,,,AAXX 28014 07299 26/11 /3602 10170 20162 39835 40152 56002 333 60005 90710 91104=
07299,2008-07-28 02:00:00,16.8,1015.4,0.2,95,16,3400,,7.408,,,,,0,,,,,,,,og-post,,,,AAXX 28024 07299 26/34 /0000 10168 20160 39837 40154 53002 333 60005 90710 91104=
07299,2008-07-28 03:00:00,17,1015.4,0.2,95,16.2,12000,3.704,7.408,,180,,,0,0,,,,,,,og-post,,,,AAXX 28034 07299 22462 31802 10170 20162 39837 40154 52002 81231 333 60007 81817 90710 91104 93100 555 60005=
07299,2008-07-28 04:00:00,16.1,1015.4,0.1,95,15.3,8000,3.704,7.408,,220,,,0,,,,,,,11,og-post,,,,AAXX 28044 07299 21258 52202 10161 20153 39836 40154 50001 71111 83631 333 60005 83706 83073 90710 91104 93100=
07299,2008-07-28 05:00:00,17.6,1015.3,-0,96,17,1600,3.704,7.408,,260,,,0,,,,,,,10,og-post,,,,AAXX 28054 07299 21116 72602 10176 20170 39837 40153 55000 71022 876// 333 60005 87701 90710 91104 93100=
07299,2008-07-28 06:00:00,18.5,1015.2,-0,96,17.8,1800,3.704,7.408,,250,16,23.9,0,0,,,0,4.6,15,10,og-post,,,,AAXX 28064 07299 01218 72502 10185 20178 39837 40152 55000 60002 71011 876// 333 10239 20160 30015 55046 60007 70000 85703 85713 90710 91104 93100 555 60005=
07299,2008-07-28 07:00:00,19.1,1015.3,0.2,96,18.4,3500,3.704,7.408,,210,,,0,,,,,,,10,og-post,,,,AAXX 28074 07299 21235 62102 10191 20184 39838 40153 52002 71022 82601 333 60005 82703 85073 90710 91104 93100=
07299,2008-07-28 08:00:00,21.7,1015.2,0.3,83,18.7,7000,,7.408,,,,,0,,,,,,,,og-post,,,,AAXX 28084 07299 22357 40000 10217 20187 39840 40152 53003 81101 333 60005 81808 84073 90710 91104 93100=
07299,2008-07-28 09:00:00,25.1,1014.6,0.1,69,19,11000,3.704,7.408,,90,,,0,0,,,,,,,og-post,,,,AAXX 28094 07299 22561 30902 10251 20190 39838 40146 50001 81281 333 60007 81820 90710 91104 93100 555 60005=
07299,2008-07-28 10:00:00,26.9,1014.2,-0.3,62,19,13000,3.704,11.112,,200,,,0,,,,,,,,og-post,,,,AAXX 28104 07299 22563 32002 10269 20190 39836 40142 58003 82202 333 60005 81825 90710 91106 93100=
07299,2008-07-28 11:00:00,28,1013.7,-0.8,58,19,15000,7.408,18.52,,230,,,0,,,,,,,,og-post,,,,AAXX 28114 07299 22565 32304 10280 20190 39832 40137 58008 82902 333 60005 82826 81930 90710 91110 93100=
07299,2008-07-28 12:00:00,29.2,1013.1,-1.1,49,17.4,18000,11.112,14.816,,290,,,0,0,,,,,,,og-post,,,,AAXX 28124 07299 02568 32906 10292 20174 39827 40131 58011 60001 82902 333 60007 82830 81933 90710 91108 93100 555 60005=
07299,2008-07-28 13:00:00,29.1,1013,-1,49,17.3,18000,11.112,22.224,,350,,,0,,,,,,,,og-post,,,,AAXX 28134 07299 22668 33506 10291 20173 39826 40130 56010 82932 333 60005 81833 81936 90710 91112 93100=
07299,2008-07-28 14:00:00,29.8,1012.6,-0.9,48,17.6,18000,11.112,25.928,,20,,,0,,,,,,,,og-post,,,,AAXX 28144 07299 22668 20206 10298 20176 39823 40126 56009 82903 333 60005 81846 81950 90710 91114 93100=
07299,2008-07-28 15:00:00,30.7,1012.2,-0.7,45,17.4,18000,11.112,25.928,,220,,,0,0,,,,,,,og-post,,,,AAXX 28154 07299 22668 32206 10307 20174 39820 40122 58007 82933 333 60007 81846 81950 90710 91114 93100 555 60005=
07299,2008-07-28 16:00:00,30.7,1012,-0.8,45,17.4,18000,3.704,14.816,,250,,,0,,,,,,,,og-post,,,,AAXX 28164 07299 22768 32502 10307 20174 39818 40120 56008 81203 333 60005 81850 83073 90710 91108 93100=
07299,2008-07-28 17:00:00,29.6,1012,-0.6,47,17.1,18000,11.112,14.816,,300,,,0,,,,,,,,og-post,,,,AAXX 28174 07299 22668 33006 10296 20171 39817 40120 56006 82933 333 60005 81840 81946 90710 91108 93100=
07299,2008-07-28 18:00:00,29.6,1012,-0.3,49,17.7,18000,3.704,11.112,,280,18.4,30.9,0,0,,,,,,,og-post,,,,AAXX 28184 07299 02668 42802 10296 20177 39817 40120 56003 60002 82983 333 10309 20184 60007 81846 81950 83071 90710 91106 93100 555 60005=
07299,2008-07-28 19:00:00,27.8,1012.3,-0,54,17.6,18000,7.408,11.112,,30,,,0,,,,,,,,og-post,,,,AAXX 28194 07299 22668 50304 10278 20176 39818 40123 55000 82983 333 60005 81846 81950 83071 90710 91106 93100=
07299,2008-07-28 20:00:00,24.4,1013.3,0.9,71,18.8,18000,7.408,25.928,,70,,,0,,,,,,,,og-post,,,,AAXX 28204 07299 22768 50704 10244 20188 39825 40133 53009 83301 333 60005 81850 81950 83656 90710 91114 93100=
07299,2008-07-28 21:00:00,23.9,1013.6,1,66,17.2,15000,14.816,46.3,,110,,,0,0,,,,,,,og-post,,,,AAXX 28214 07299 22/65 31108 10239 20172 39827 40136 52010 80001 333 60007 83073 90710 91125 93100 555 60005=
07299,2008-07-28 22:00:00,23,1013.5,0.7,69,17,15000,18.52,25.928,,110,,,0,,,,,,,,og-post,,,,AAXX 28224 07299 22/65 31110 10230 20170 39825 40135 50007 80001 333 60005 83073 90710 91114 93100=
07299,2008-07-28 23:00:00,21.6,1014,0.2,75,17,15000,3.704,29.632,,190,,,0,,,,,,,,og-post,,,,AAXX 28234 07299 22965 01902 10216 20170 39828 40140 53002 333 60005 90710 91116 93100=
07299,2008-07-29 00:00:00,19.4,1014.2,0.1,83,16.4,15000,7.408,11.112,,180,,,0,0,,,,,,,og-post,,,,AAXX 29004 07299 02965 01804 10194 20164 39828 40142 53001 60001 333 60007 90710 91106 93100 555 60005=
07299,2008-07-29 01:00:00,20,1014.7,0.8,81,16.6,20000,11.112,14.816,,160,,,0,,,,,,,,og-post,,,,AAXX 29014 07299 26/70 /1606 10200 20166 39833 40147 53008 333 60005 90710 91108=
07299,2008-07-29 02:00:00,19.3,1015.4,1.1,85,16.7,20000,7.408,18.52,,180,,,0,,,,,,,,og-post,,,,AAXX 29024 07299 26/70 /1804 10193 20167 39839 40154 53011 333 60005 90710 91110=
07299,2008-07-29 03:00:00,21.7,1015.5,1.5,73,16.6,15000,22.224,35.188,,250,,,0,0,,,,,,,og-post,,,,AAXX 29034 07299 22565 52512 10217 20166 39843 40155 51015 81230 333 60007 81823 85358 90710 91119 93100 555 60005=
07299,2008-07-29 04:00:00,21.2,1016.5,1.9,72,16,15000,18.52,42.596,,240,,,0,,,,,,,,og-post,,,,AAXX 29044 07299 22565 72410 10212 20160 39852 40165 53019 81132 333 60005 81820 85358 85075 90710 91123 93100=
07299,2008-07-29 05:00:00,20.8,1016.1,0.9,75,16.2,30000,3.704,25.928,,150,,,0,,,,,,,,og-post,,,,AAXX 29054 07299 22580 71502 10208 20162 39848 40161 50009 81131 333 60005 81820 85358 85075 90710 91114 93100=
07299,2008-07-29 06:00:00,21.3,1016.6,1.1,79,17.5,30000,3.704,7.408,,140,19.2,29.6,0,0,,,0,11,16,,og-post,,,,AAXX 29064 07299 02580 71402 10213 20175 39853 40166 51011 60002 81132 333 10296 20192 30016 55110 60007 70000 81820 85360 87073 90710 91104 93100 555 60005=
07299,2008-07-29 07:00:00,22.8,1016.8,0.4,72,17.5,30000,7.408,18.52,,70,,,0,,,,,,,,og-post,,,,AAXX 29074 07299 22980 70704 10228 20175 39857 40168 53004 8708/ 333 60005 81359 86364 90710 91110 93100=
07299,2008-07-29 08:00:00,23.7,1017.1,1.2,68,17.4,30000,3.704,18.52,,120,,,0,,,,,,,,og-post,,,,AAXX 29084 07299 22780 71202 10237 20174 39860 40171 51012 8118/ 333 60005 81850 86364 90710 91110 93100=
07299,2008-07-29 09:00:00,24.9,1016.6,0.3,62,17.1,30000,3.704,11.112,,160,,,0,0,,,,,,,og-post,,,,AAXX 29094 07299 22780 71602 10249 20171 39857 40166 50003 8113/ 333 60007 81850 86363 90710 91106 93100 555 60005=
07299,2008-07-29 10:00:00,26.8,1016.4,0,58,17.8,30000,3.704,11.112,,160,,,0,,,,,,,,og-post,,,,AAXX 29104 07299 22780 61602 10268 20178 39857 40164 50000 82131 333 60005 82850 83360 90710 91106 93100=
07299,2008-07-29 11:00:00,27.5,1016.3,-0.3,54,17.4,30000,11.112,25.928,,290,,,0,,,,,,,,og-post,,,,AAXX 29114 07299 22680 42906 10275 20174 39857 40163 56003 81131 333 60005 81836 83073 90710 91114 93100=
07299,2008-07-29 12:00:00,28.1,1016.3,-0,50,16.7,40000,18.52,29.632,,270,,,0,0,,,,,,,og-post,,,,AAXX 29124 07299 02682 32710 10281 20167 39857 40163 54000 60001 81201 333 60007 81843 83075 90710 91116 93100 555 60005=
07299,2008-07-29 13:00:00,29.2,1015.9,-0.3,50,17.7,40000,18.52,29.632,,250,,,0,,,,,,,,og-post,,,,AAXX 29134 07299 22682 52510 10292 20177 39854 40159 58003 81231 333 60005 81846 83365 90710 91116 93100=
07299,2008-07-29 14:00:00,29.2,1015.4,-0.8,47,16.7,40000,14.816,25.928,,270,,,0,,,,,,,,og-post,,,,AAXX 29144 07299 22682 52708 10292 20167 39849 40154 58008 81231 333 60005 81846 83365 90710 91114 93100=
07299,2008-07-29 15:00:00,28.2,1015.4,-1,48,16.1,40000,14.816,25.928,,290,,,0,0,,,,,,,og-post,,,,AAXX 29154 07299 22682 52908 10282 20161 39848 40154 56010 81331 333 60007 81840 81950 83365 90710 91114 93100 555 60005=
07299,2008-07-29 16:00:00,28.5,1015.1,-0.8,49,16.7,40000,14.816,22.224,,280,,,0,,,,,,,,og-post,,,,AAXX 29164 07299 22682 42808 10285 20167 39846 40151 56008 81933 333 60005 81840 81950 90710 91112 93100=
07299,2008-07-29 17:00:00,28.1,1015.4,-0.1,49,16.4,40000,14.816,22.224,,260,,,0,,,,,,,,og-post,,,,AAXX 29174 07299 22782 32608 10281 20164 39848 40154 55001 81233 333 60005 81850 90710 91112 93100=
07299,2008-07-29 18:00:00,26.1,1015.7,0.1,56,16.6,40000,11.112,18.52,,250,21.4,29.5,0,0,,,,,,15,og-post,,,,AAXX 29184 07299 01682 72506 10261 20166 39849 40157 53001 60002 71511 81933 333 10295 20214 60007 81846 81950 83361 85075 90710 91110 93100 555 60005=
07299,2008-07-29 19:00:00,24.5,1016.1,0.7,66,17.7,40000,3.704,18.52,,330,,,0,,,,,,,,og-post,,,,AAXX 29194 07299 22682 63302 10245 20177 39852 40161 53007 81983 333 60005 81846 81950 83360 85075 90710 91110 93100=
07299,2008-07-29 20:00:00,23.6,1017.2,1.3,69,17.6,20000,,7.408,,,,,0,,,,,,,,og-post,,,,AAXX 29204 07299 22870 60000 10236 20176 39861 40172 53013 84083 333 60005 81356 84358 90710 91104 93100=
07299,2008-07-29 21:00:00,21.6,1017.7,1.5,81,18.2,20000,3.704,7.408,,240,,,0,0,,,,,,,og-post,,,,AAXX 29214 07299 22870 22402 10216 20182 39864 40177 51015 81032 333 60007 81356 90710 91104 93100 555 60005=
07299,2008-07-29 22:00:00,20.2,1017.9,1.2,85,17.6,20000,3.704,7.408,,250,,,0,,,,,,,,og-post,,,,AAXX 29224 07299 22870 22502 10202 20176 39865 40179 51012 81032 333 60005 81356 90710 91104 93100=
07299,2008-07-29 23:00:00,20.1,1018.5,0.9,89,18.2,20000,3.704,7.408,,80,,,0,,,,,,,,og-post,,,,AAXX 29234 07299 22870 70802 10201 20182 39870 40185 53009 8708/ 333 60005 87357 90710 91104 93100=
07299,2008-07-30 00:00:00,20.2,1018,0.2,88,18.1,20000,,11.112,,,,,0,0,,,,,,,og-post,,,,AAXX 30004 07299 02970 40000 10202 20181 39866 40180 50002 60001 8408/ 333 60007 84358 90710 91106 93100 555 60005=
07299,2008-07-30 01:00:00,18.5,1018,-0.1,92,17.2,16000,,3.704,,,,,0,,,,,,,,og-post,,,,AAXX 30014 07299 26/66 /0000 10185 20172 39864 40180 58001 333 60005 90710 91102=
07299,2008-07-30 02:00:00,18,1018,-0.7,94,17,13000,,3.704,,,,,0,,,,,,,,og-post,,,,AAXX 30024 07299 26/63 /0000 10180 20170 39863 40180 56007 333 60005 90710 91102=
07299,2008-07-30 03:00:00,16.6,1018.3,-0.2,94,15.6,15000,3.704,3.704,,310,,,0,0,,,,,,,og-post,,,,AAXX 30034 07299 22965 43102 10166 20156 39864 40183 55002 81031 333 60007 81360 84073 90710 91102 93100 555 60005=
07299,2008-07-30 04:00:00,17.2,1018.2,-0,95,16.4,15000,,7.408,,,,,0,,,,,,,,og-post,,,,AAXX 30044 07299 22965 60000 10172 20164 39864 40182 55000 81032 333 60005 81360 86073 90710 91104 93100=
07299,2008-07-30 05:00:00,17.7,1018.3,0.2,95,16.9,15000,3.704,7.408,,190,,,0,,,,,,,,og-post,,,,AAXX 30054 07299 22965 61902 10177 20169 39866 40183 52002 82031 333 60005 82361 86073 90710 91104 93100=
07299,2008-07-30 06:00:00,20.1,1018,0.2,90,18.4,15000,3.704,7.408,,330,16.6,26,0,0,,,0,7.6,15,,og-post,,,,AAXX 30064 07299 02965 73302 10201 20184 39866 40180 53002 60002 81032 333 10260 20166 30015 55076 60007 70000 81361 87073 90710 91104 93100 555 60005=
07299,2008-07-30 07:00:00,23.1,1017.7,0.2,74,18.2,20000,3.704,7.408,,30,,,0,,,,,,,,og-post,,,,AAXX 30074 07299 26/70 /0302 10231 20182 39866 40177 51002 333 60005 90710 91104=
07299,2008-07-30 08:00:00,25,1017.5,0.1,65,18,15000,7.408,14.816,,70,,,0,,,,,,,,og-post,,,,AAXX 30084 07299 22565 70704 10250 20180 39866 40175 52001 81132 333 60005 81826 87073 90710 91108 93100=
07299,2008-07-30 09:00:00,26.3,1017.4,-0,63,18.7,20000,7.408,14.816,,70,,,0,0,,,,,,,og-post,,,,AAXX 30094 07299 22670 70704 10263 20187 39866 40174 55000 81132 333 60007 81833 87073 90710 91108 93100 555 60005=
07299,2008-07-30 10:00:00,27.2,1017.2,0,61,19,20000,7.408,14.816,,340,,,0,,,,,,,,og-post,,,,AAXX 30104 07299 22670 73404 10272 20190 39865 40172 50000 81132 333 60005 81833 87073 90710 91108 93100=
07299,2008-07-30 11:00:00,29.1,1016.4,-0.7,53,18.5,20000,7.408,18.52,,20,,,0,,,,,,,,og-post,,,,AAXX 30114 07299 22670 70204 10291 20185 39859 40164 58007 81932 333 60005 81936 87073 90710 91110 93100=
07299,2008-07-30 12:00:00,29.8,1015.9,-1.1,50,18.3,20000,7.408,18.52,,340,,,0,0,,,,,,,og-post,,,,AAXX 30124 07299 02670 73404 10298 20183 39855 40159 58011 60001 83932 333 60007 82940 87073 90710 91110 93100 555 60005=
07299,2008-07-30 13:00:00,28.3,1016.2,-0.9,53,17.8,20000,3.704,14.816,,250,,,0,,,,,,,17,og-post,,,,AAXX 30134 07299 21670 72502 10283 20178 39856 40162 55009 71792 83963 333 60005 83943 83363 85073 90710 91108 93100=
07299,2008-07-30 14:00:00,22.4,1016.1,-0.9,80,18.8,20000,3.704,46.3,,190,,,0.2,,,,,,,29,og-post,,,,AAXX 30144 07299 21670 71902 10224 20188 39850 40161 58009 72998 8296/ 333 69925 82943 86363 90710 91125 93100=
07299,2008-07-30 15:00:00,22.6,1017.7,1,77,18.4,20000,3.704,22.224,,330,,,0,0.2,,,,,,1,og-post,,,,AAXX 30154 07299 21670 63302 10226 20184 39865 40177 53010 70198 82963 333 69927 82943 85363 90710 91112 93100 555 60005=
07299,2008-07-30 16:00:00,27,1016.8,0.5,53,16.6,20000,7.408,14.816,,230,,,0,,,,,,,,og-post,,,,AAXX 30164 07299 22670 52304 10270 20166 39861 40168 53005 81963 333 60005 81943 83363 90710 91108 93100=
07299,2008-07-30 17:00:00,27.5,1015.6,0,56,17.9,20000,3.704,11.112,,190,,,0,,,,,,,,og-post,,,,AAXX 30174 07299 22670 41902 10275 20179 39850 40156 50000 81963 333 60005 81946 83073 90710 91106 93100=
07299,2008-07-30 18:00:00,24.6,1016.1,-1.3,74,19.7,20000,3.704,7.408,,340,20.2,30.2,0,0,,0.2,,,,3,og-post,,,,AAXX 30184 07299 01770 63402 10246 20197 39852 40161 55013 69922 70398 82963 333 10302 20202 60007 82950 86073 90710 91104 93100 555 60005=
07299,2008-07-30 19:00:00,22.3,1016.7,-0.6,81,18.9,20000,11.112,14.816,,320,,,0,,,,,,,,og-post,,,,AAXX 30194 07299 22770 73206 10223 20189 39855 40167 55006 81963 333 60005 81950 87073 90710 91108 93100=
07299,2008-07-30 20:00:00,21.7,1017.6,1.3,83,18.7,20000,11.112,14.816,,240,,,0,,,,,,,13,og-post,,,,AAXX 30204 07299 21770 72406 10217 20187 39863 40176 53013 71322 81963 333 60005 81950 85362 87075 90710 91108 93100=
07299,2008-07-30 21:00:00,22.5,1018.1,1.7,79,18.7,20000,7.408,22.224,,160,,,0,0,,,,,,,og-post,,,,AAXX 30214 07299 22670 71604 10225 20187 39869 40181 53017 8386/ 333 60007 81846 83656 85358 90710 91112 93100 555 60005=
07299,2008-07-30 22:00:00,21.8,1017.4,0.7,84,19,20000,11.112,18.52,,20,,,0,,,,,,,13,og-post,,,,AAXX 30224 07299 21770 70206 10218 20190 39862 40174 50007 71322 83963 333 60005 81950 84362 87075 90710 91110 93100=
07299,2008-07-30 23:00:00,21.8,1017.3,-0.2,80,18.2,20000,7.408,22.224,,190,,,0,,,,,,,,og-post,,,,AAXX 30234 07299 22770 71904 10218 20182 39861 40173 58002 81132 333 60005 81850 87075 90710 91112 93100=
07299,2008-07-31 00:00:00,19.6,1017.5,-0.9,87,17.4,20000,3.704,11.112,,150,,,0,0,,,,,,,og-post,,,,AAXX 31004 07299 02770 41502 10196 20174 39860 40175 56009 60001 81131 333 60007 81850 83075 90710 91106 93100 555 60005=
07299,2008-07-31 01:00:00,17.7,1017.3,-0.6,91,16.2,17000,3.704,7.408,,210,,,0,,,,,,,,og-post,,,,AAXX 31014 07299 26/67 /2102 10177 20162 39856 40173 58006 333 60005 90710 91104=
07299,2008-07-31 02:00:00,17.4,1017.6,-0.3,87,15.2,20000,7.408,11.112,,170,,,0,,,,,,,,og-post,,,,AAXX 31024 07299 26/70 /1704 10174 20152 39858 40176 55003 333 60005 90710 91106=
07299,2008-07-31 03:00:00,18.2,1017.1,-0.5,80,14.7,20000,7.408,18.52,,160,,,0,0,,,,,,,og-post,,,,AAXX 31034 07299 22/70 11604 10182 20147 39854 40171 58005 80001 333 60007 81075 90710 91110 93100 555 60005=
07299,2008-07-31 04:00:00,17.8,1016.9,-0.4,81,14.5,30000,7.408,18.52,,170,,,0,,,,,,,,og-post,,,,AAXX 31044 07299 22980 11704 10178 20145 39852 40169 58004 81031 333 60005 81363 90710 91110 93100=
07299,2008-07-31 06:00:00,20.6,1016.8,-0,74,15.8,30000,7.408,11.112,,70,16.3,24.4,0,0,,,0.2,8.6,14,,og-post,,,,AAXX 31064 07299 02980 10704 10206 20158 39854 40168 55000 60002 81031 333 10244 20163 30014 55086 60007 70002 81363 90710 91106 93100 555 60005=
07299,2008-07-31 09:00:00,26.8,1015.7,-0.4,51,15.8,55000,14.816,25.928,,80,,,0,0,,,,,,,og-post,,,,AAXX 31094 07299 22985 30808 10268 20158 39850 40157 58004 80001 333 60007 81171 83076 90710 91114 93100 555 60005=
07299,2008-07-31 10:00:00,29,1015.3,-0.6,45,16,60000,11.112,,22.224,110,,,0,,,,,,,,wg-a,,,,AAXX 31104 07299 12686 21106 10290 20160 39848 40153 58006 60005 81101 91000 333 91012=
07299,2008-07-31 11:00:00,30,1014.7,-0.9,40,15,55000,11.112,,18.52,120,,,0,,,,,,,,wg-a,,,,AAXX 31114 07299 12785 31206 10300 20150 39844 40147 58009 60005 81102 91100 333 91010=
07299,2008-07-31 12:00:00,,,-1.2,,,,,18.52,,,,,0,0,0,,,,,,og-post,,,,AAXX 31124 07299 06/// ///// 1//// 2//// 3//// 4//// 58012 6///1 333 6///7 90710 91110 555 60005=
07299,2008-07-31 13:00:00,32,1013.5,-1.4,32,13,60000,7.408,,22.224,10,,,0,,,,,,,,wg-a,,,,AAXX 31134 07299 12786 60104 10320 20130 39833 40135 56014 60005 81202 91300 333 91012=
07299,2008-07-31 15:00:00,32.6,1012.8,-1,32,13.8,60000,7.408,18.52,,30,,,0,0,,,,,,,og-post,,,,AAXX 31154 07299 22786 70304 10326 20138 39827 40128 57010 81202 333 60007 81856 87073 90710 91110 93100 555 60005=
07299,2008-07-31 16:00:00,31.5,1012.6,-1,36,14.6,60000,7.408,14.816,,30,,,0,,,,,,,,og-post,,,,AAXX 31164 07299 22786 70304 10315 20146 39824 40126 56010 81282 333 60005 81856 87073 90710 91108 93100=
07299,2008-07-31 17:00:00,29.5,1012.2,-1.1,50,18,60000,11.112,14.816,,310,,,0,,,,,,,,og-post,,,,AAXX 31174 07299 22786 73106 10295 20180 39819 40122 58011 81282 333 60005 81856 87073 90710 91108 93100=
07299,2008-07-31 18:00:00,28.4,1012.4,-0.7,56,18.8,45000,3.704,11.112,,280,20.6,32.9,0,0,,,,,,,og-post,,,,AAXX 31184 07299 02783 72802 10284 20188 39820 40124 55007 60002 81282 333 10329 20206 60007 81856 83362 87073 90710 91106 93100 555 60005=
07299,2008-07-31 19:00:00,26,1012.9,-0.1,68,19.6,40000,3.704,7.408,,220,,,0,,,,,,,,og-post,,,,AAXX 31194 07299 22782 72202 10260 20196 39822 40129 55001 81282 333 60005 81856 86363 87073 90710 91104 93100=
07299,2008-07-31 20:00:00,24.6,1013.5,0.8,72,19.2,40000,3.704,11.112,,180,,,0,,,,,,,,og-post,,,,AAXX 31204 07299 22782 71802 10246 20192 39827 40135 53008 81282 333 60005 81856 86363 87073 90710 91106 93100=
07299,2008-07-31 21:00:00,23.5,1013.6,0.7,78,19.4,40000,3.704,7.408,,160,,,0,0,,,,,,,og-post,,,,AAXX 31214 07299 22782 71602 10235 20194 39827 40136 51007 81482 333 60007 81656 86363 87073 90710 91104 93100 555 60005=
07299,2008-07-31 22:00:00,23,1013.5,0.3,75,18.3,25000,3.704,11.112,,160,,,0,,,,,,,,og-post,,,,AAXX 31224 07299 22775 71602 10230 20183 39825 40135 50003 81482 333 60005 81656 86363 87073 90710 91106 93100=
07299,2008-07-31 23:00:00,23.1,1013.6,-0,71,17.6,25000,11.112,14.816,,190,,,0,,,,,,,,og-post,,,,AAXX 31234 07299 22775 71906 10231 20176 39826 40136 55000 81482 333 60005 81656 86363 87073 90710 91108 93100=
07299,2008-08-01 00:00:00,21.3,1014,0.2,78,17.3,20000,7.408,11.112,,200,,,0,0,,,,,,,og-post,,,,AAXX 01004 07299 06/70 /2004 10213 20173 39828 40140 53002 60001 333 60007 90710 91106 555 60005=
07299,2008-08-01 01:00:00,20.9,1014.4,0.6,79,17.1,20000,3.704,11.112,,190,,,0,,,,,,,,og-post,,,,AAXX 01014 07299 26/70 /1902 10209 20171 39831 40144 52006 333 60005 90710 91106=
07299,2008-08-01 02:00:00,19.9,1014.9,0.8,83,16.9,20000,7.408,11.112,,210,,,0,,,,,,,,og-post,,,,AAXX 01024 07299 26/70 /2104 10199 20169 39835 40149 53008 333 60005 90710 91106=
07299,2008-08-01 03:00:00,20.8,1015.5,1.2,81,17.4,20000,14.816,29.632,,160,,,1,1,,,,,,,og-post,,,,AAXX 01034 07299 26/70 /1608 10208 20174 39842 40155 53012 333 60017 90710 91116 555 60015=
07299,2008-08-01 04:00:00,19.5,1015.3,0.7,83,16.5,20000,7.408,11.112,,160,,,0,,,,,,,,og-post,,,,AAXX 01044 07299 22670 71604 10195 20165 39839 40153 50007 81932 333 60005 81940 84363 87073 90710 91106 93100=
07299,2008-08-01 05:00:00,19.6,1016.2,1.2,82,16.4,20000,11.112,14.816,,170,,,0,,,,,,,,og-post,,,,AAXX 01054 07299 22670 71706 10196 20164 39847 40162 53012 86932 333 60005 81940 85656 85363 90710 91108 93100=
07299,2008-08-01 06:00:00,20.3,1016.7,1.2,82,17.1,20000,7.408,18.52,,200,19.4,28.4,0,0,,1,1.4,10.1,18,3,og-post,,,,AAXX 01064 07299 01670 72004 10203 20171 39853 40167 53012 60012 70398 86932 333 10284 20194 31018 55101 60007 70014 81940 85656 85357 90710 91110 93100 555 60005=
07299,2008-08-01 07:00:00,20.9,1017.8,2.4,81,17.5,18000,11.112,18.52,,170,,,0,,,,,,,,og-post,,,,AAXX 01074 07299 22568 71706 10209 20175 39864 40178 53024 879// 333 60005 81826 81940 87656 90710 91110 93100=
07299,2008-08-01 08:00:00,21.3,1018.2,2.2,82,18.1,18000,7.408,14.816,,150,,,,,,,,,,80,og-post,,,,AAXX 01084 07299 21668 71504 10213 20181 39869 40182 51022 78086 879// 333 69905 81833 81940 87656 90710 91108 93100=
07299,2008-08-01 09:00:00,22,1018.7,2.1,82,18.8,20000,7.408,14.816,,160,,,0.4,0.4,,,,,,25,og-post,,,,AAXX 01094 07299 21670 71604 10220 20188 39874 40187 51021 72586 8593/ 333 69947 81833 81940 85656 87360 90710 91108 93100 555 69945=
07299,2008-08-01 10:00:00,22.5,1019.2,1.5,76,18.1,20000,18.52,29.632,,250,,,0,,,,,,,,og-post,,,,AAXX 01104 07299 22570 72510 10225 20181 39880 40192 53015 8583/ 333 60005 81825 85639 87356 90710 91116 93100=
07299,2008-08-01 11:00:00,21.1,1020.2,1.8,67,14.7,25000,29.632,50.004,,260,,,0,,,,,,,,og-post,,,,AAXX 01114 07299 22575 72616 10211 20147 39887 40202 53018 833// 333 60005 81826 81933 83637 87656 90710 91127 93100=
07299,2008-08-01 12:00:00,20.7,1020.2,1.2,72,15.5,30000,11.112,46.3,,280,,,0,0,0.4,,,,,1,og-post,,,,AAXX 01124 07299 01580 72806 10207 20155 39887 40202 50012 69941 70186 8387/ 333 60007 81826 83639 87357 90710 91125 93100 555 60005=
07299,2008-08-01 13:00:00,21.6,1019.4,0,66,15,50000,3.704,14.816,,220,,,0,,,,,,,,og-post,,,,AAXX 01134 07299 22584 72202 10216 20150 39880 40194 50000 8387/ 333 60005 81826 83639 87360 90710 91108 93100=
07299,2008-08-01 14:00:00,21.8,1018.9,-1.2,71,16.3,50000,7.408,11.112,,310,,,0,,,,,,,,og-post,,,,AAXX 01144 07299 22684 73104 10218 20163 39876 40189 58012 8187/ 333 60005 81834 87360 90710 91106 93100=
07299,2008-08-01 15:00:00,22,1018.6,-1.4,70,16.3,50000,3.704,11.112,,10,,,0,0,,,,,,,og-post,,,,AAXX 01154 07299 22684 70102 10220 20163 39873 40186 56014 81837 333 60007 81836 86361 87273 90710 91106 93100 555 60005=
07299,2008-08-01 16:00:00,21.7,1018.9,-0.4,70,16,50000,14.816,18.52,,290,,,0,,,,,,,,og-post,,,,AAXX 01164 07299 22584 72908 10217 20160 39876 40189 55004 81837 333 60005 81829 87273 90710 91110 93100=
07299,2008-08-01 17:00:00,21.7,1018.7,-0.2,71,16.2,45000,11.112,18.52,,290,,,0,,,,,,,,og-post,,,,AAXX 01174 07299 22583 72906 10217 20162 39874 40187 56002 81831 333 60005 81830 87073 90710 91110 93100=
07299,2008-08-01 18:00:00,21,1019.2,0.5,74,16.2,35000,7.408,18.52,,300,19.8,22.7,0,0,,0.4,,,,,og-post,,,,AAXX 01184 07299 02581 73004 10210 20162 39878 40192 53005 69942 84832 333 10227 20198 60007 81830 84646 87073 90710 91110 93100 555 60005=
07299,2008-08-01 19:00:00,20.2,1019.5,0.4,77,16,30000,3.704,14.816,,250,,,0,,,,,,,15,og-post,,,,AAXX 01194 07299 21580 72502 10202 20160 39880 40195 53004 71522 85832 333 60005 81828 85650 85073 90710 91108 93100=
07299,2008-08-01 20:00:00,19.3,1019.6,0.6,82,16.1,30000,3.704,11.112,,250,,,0,,,,,,,,og-post,,,,AAXX 01204 07299 22580 72502 10193 20161 39880 40196 51006 85832 333 60005 81826 85650 90710 91106 93100=
07299,2008-08-01 21:00:00,19.2,1020.4,1,82,16.1,30000,7.408,11.112,,260,,,0,0,,,,,,,og-post,,,,AAXX 01214 07299 22580 72604 10192 20161 39888 40204 53010 86832 333 60007 81826 85648 85073 90710 91106 93100 555 60005=
07299,2008-08-01 22:00:00,18.7,1020.3,0.6,84,15.9,25000,3.704,7.408,,330,,,0,,,,,,,15,og-post,,,,AAXX 01224 07299 21575 73302 10187 20159 39886 40203 50006 71522 86832 333 60005 81826 84650 85656 90710 91104 93100=
07299,2008-08-01 23:00:00,18.6,1020.4,0.7,83,15.7,25000,3.704,11.112,,210,,,0,,,,,,,,og-post,,,,AAXX 01234 07299 22575 72102 10186 20157 39887 40204 51007 86831 333 60005 81826 84650 86656 90710 91106 93100=
07299,2008-08-02 00:00:00,18.4,1019.8,-0.7,83,15.5,25000,,7.408,,,,,0,0,,,,,,,og-post,,,,AAXX 02004 07299 02575 70000 10184 20155 39881 40198 58007 60001 86801 333 60007 81828 83650 86657 90710 91104 93100 555 60005=
07299,2008-08-02 01:00:00,18,1020.2,-0.2,88,16,20000,3.704,7.408,,300,,,0,,,,,,,,og-post,,,,AAXX 02014 07299 26/70 /3002 10180 20160 39884 40202 55002 333 60005 90710 91104=
07299,2008-08-02 02:00:00,17.6,1019.9,-0.6,85,15,20000,7.408,14.816,,230,,,0,,,,,,,,og-post,,,,AAXX 02024 07299 26/70 /2304 10176 20150 39881 40199 56006 333 60005 90710 91108=
07299,2008-08-02 03:00:00,17.1,1020,0,88,15.1,25000,3.704,11.112,,160,,,0,0,,,,,,,og-post,,,,AAXX 02034 07299 23775 71602 10171 20151 39881 40200 50000 8157/ 333 60007 81650 87358 90710 91106 93100 555 60005=
07299,2008-08-02 04:00:00,17.3,1019.9,-0.3,87,15.1,25000,7.408,11.112,,210,,,0,,,,,,,,og-post,,,,AAXX 02044 07299 22575 72104 10173 20151 39881 40199 56003 8187/ 333 60005 81830 87358 90710 91106 93100=
07299,2008-08-02 05:00:00,17.4,1019.9,-0,87,15.2,20000,3.704,11.112,,190,,,0,,,,,,,,og-post,,,,AAXX 02054 07299 22570 61902 10174 20152 39881 40199 54000 81870 333 60005 81823 83357 85359 90710 91106 93100=
07299,2008-08-02 06:00:00,18.7,1020,0.2,83,15.8,15000,7.408,14.816,,220,17.1,21,0,0,,,0.4,0.4,16,,og-post,,,,AAXX 02064 07299 02365 72204 10187 20158 39883 40200 53002 60002 8387/ 333 10210 20171 30016 55004 60007 70004 81806 83656 86357 90710 91108 93100 555 60005=
07299,2008-08-02 07:00:00,19.5,1019.9,0.2,80,16,30000,7.408,18.52,,240,,,0,,,,,,,,og-post,,,,AAXX 02074 07299 22480 62404 10195 20160 39883 40199 52002 8387/ 333 60005 82810 83656 90710 91110 93100=
07299,2008-08-02 08:00:00,20.7,1019.8,0.2,72,15.5,30000,7.408,18.52,,250,,,0,,,,,,,,og-post,,,,AAXX 02084 07299 22480 72504 10207 20155 39883 40198 51002 8587/ 333 60005 82816 85650 85357 90710 91110 93100=
07299,2008-08-02 09:00:00,21.3,1019.7,-0,68,15.2,30000,7.408,14.816,,270,,,0,0,,,,,,,og-post,,,,AAXX 02094 07299 22580 72704 10213 20152 39883 40197 54000 878// 333 60007 82825 87650 90710 91108 93100 555 60005=
07299,2008-08-02 10:00:00,22.4,1019.6,-0,58,13.7,30000,14.816,18.52,,280,,,0.2,,,,,,,,og-post,,,,AAXX 02104 07299 22580 72808 10224 20137 39883 40196 54000 878// 333 69925 82830 87650 90710 91110 93100=
07299,2008-08-02 11:00:00,24.3,1018.9,-0.5,54,14.4,30000,14.816,25.928,,270,,,0,,,,,,,,og-post,,,,AAXX 02114 07299 22680 62708 10243 20144 39878 40189 58005 85801 333 60005 82840 85656 90710 91114 93100=
07299,2008-08-02 12:00:00,24.3,1018.8,-0.6,53,14.1,50000,14.816,29.632,,290,,,0,0.2,0.2,,,,,,og-post,,,,AAXX 02124 07299 02684 72908 10243 20141 39877 40188 58006 69921 86801 333 69927 83840 85656 90710 91116 93100 555 60005=
07299,2008-08-02 13:00:00,25.4,1018.4,-0.9,49,13.9,50000,14.816,25.928,,290,,,0,,,,,,,,og-post,,,,AAXX 02134 07299 22684 72908 10254 20139 39874 40184 56009 84801 333 60005 83846 86075 90710 91114 93100=
07299,2008-08-02 14:00:00,25.8,1018,-0.7,50,14.6,50000,14.816,29.632,,290,,,0,,,,,,,,og-post,,,,AAXX 02144 07299 22684 72908 10258 20146 39871 40180 58007 85831 333 60005 83846 83650 85365 90710 91116 93100=
07299,2008-08-02 15:00:00,26,1017.8,-0.7,48,14.1,50000,18.52,31.484,,290,,,0,0,,,,,,,og-post,,,,AAXX 02154 07299 22784 72910 10260 20141 39869 40178 56007 84801 333 60007 83850 86075 90710 91117 93100 555 60005=
07299,2008-08-02 16:00:00,25.1,1017.7,-0.7,50,13.9,50000,18.52,35.188,,280,,,0,,,,,,,,og-post,,,,AAXX 02164 07299 22784 72810 10251 20139 39867 40177 56007 8243/ 333 60005 82650 85362 85364 90710 91119 93100=
07299,2008-08-02 17:00:00,24.4,1017.6,-0.5,52,13.9,50000,14.816,38.892,,280,,,0,,,,,,,,og-post,,,,AAXX 02174 07299 22784 72808 10244 20139 39866 40176 56005 8243/ 333 60005 82650 87360 90710 91121 93100=
07299,2008-08-02 18:00:00,23.6,1018.2,0.1,52,13.2,35000,18.52,35.188,,280,18.6,26.6,0,0,,0.2,,,,,og-post,,,,AAXX 02184 07299 02781 72810 10236 20132 39870 40182 53001 69922 8253/ 333 10266 20186 60007 82650 87359 90710 91119 93100 555 60005=
07299,2008-08-02 19:00:00,22.6,1018.7,0.7,56,13.4,30000,11.112,31.484,,270,,,0,,,,,,,,og-post,,,,AAXX 02194 07299 22780 72706 10226 20134 39874 40187 53007 8153/ 333 60005 81650 87358 90710 91117 93100=
07299,2008-08-02 20:00:00,21.6,1019.4,1.4,61,13.8,25000,3.704,22.224,,250,,,0,,,,,,,,og-post,,,,AAXX 02204 07299 22775 72502 10216 20138 39880 40194 53014 8253/ 333 60005 82650 87358 90710 91112 93100=
07299,2008-08-02 21:00:00,21.5,1019.6,1.2,64,14.4,25000,11.112,22.224,,270,,,0,0,,,,,,,og-post,,,,AAXX 02214 07299 22675 72706 10215 20144 39882 40196 51012 8353/ 333 60007 83638 87358 90710 91112 93100 555 60005=
07299,2008-08-02 22:00:00,21.1,1019.7,0.9,68,15,25000,3.704,18.52,,270,,,0,,,,,,,,og-post,,,,AAXX 02224 07299 22675 72702 10211 20150 39883 40197 51009 875// 333 60005 87635 90710 91110 93100=
07299,2008-08-02 23:00:00,20.6,1019.7,0.2,73,15.6,25000,,7.408,,,,,0,,,,,,,,og-post,,,,AAXX 02234 07299 22675 70000 10206 20156 39882 40197 50002 875// 333 60005 87638 90710 91104 93100=
07299,2008-08-03 00:00:00,20.5,1019.6,-0.2,73,15.5,25000,3.704,14.816,,240,,,0,0,,,,,,,og-post,,,,AAXX 03004 07299 02675 72402 10205 20155 39881 40196 58002 60001 875// 333 60007 87637 90710 91108 93100 555 60005=
07299,2008-08-03 01:00:00,20.3,1019.3,-0.5,75,15.7,20000,,7.408,,,,,0,,,,,,,,og-post,,,,AAXX 03014 07299 26/70 /0000 10203 20157 39878 40193 58005 333 60005 90710 91104=
07299,2008-08-03 02:00:00,20,1019.3,-0.4,76,15.6,20000,7.408,14.816,,230,,,0,,,,,,,,og-post,,,,AAXX 03024 07299 26/70 /2304 10200 20156 39878 40193 56004 333 60005 90710 91108=
07299,2008-08-03 03:00:00,19.7,1019.3,-0.3,79,16,16000,7.408,14.816,,280,,,0,0,,,,,,,og-post,,,,AAXX 03034 07299 22666 72804 10197 20160 39877 40193 56003 875// 333 60007 81640 87656 90710 91108 93100 555 60005=
07299,2008-08-03 04:00:00,19.1,1019.3,-0.1,83,16.1,20000,7.408,18.52,,220,,,0,,,,,,,,og-post,,,,AAXX 03044 07299 22570 72204 10191 20161 39877 40193 57001 878// 333 60005 81828 87650 90710 91110 93100=
07299,2008-08-03 05:00:00,18.9,1019.4,-0,85,16.3,30000,11.112,22.224,,210,,,0,,,,,,,,og-post,,,,AAXX 03054 07299 22480 62106 10189 20163 39878 40194 55000 86800 333 60005 81819 86644 90710 91112 93100=
07299,2008-08-03 06:00:00,18.9,1019.7,0.4,87,16.7,30000,3.704,18.52,,180,18.7,23.6,0,0,,,0.2,6.3,18,,og-post,,,,AAXX 03064 07299 02480 61802 10189 20167 39881 40197 53004 60002 83830 333 10236 20187 30018 55063 60007 70002 81819 83642 90710 91110 93100 555 60005=
07299,2008-08-03 07:00:00,20.8,1019.9,0.7,76,16.4,30000,18.52,25.928,,250,,,0,,,,,,,,og-post,,,,AAXX 03074 07299 22580 72510 10208 20164 39884 40199 53007 8583/ 333 60005 81820 85641 90710 91114 93100=
07299,2008-08-03 08:00:00,21.9,1019.6,0.5,70,16.2,30000,14.816,25.928,,240,,,0,,,,,,,,og-post,,,,AAXX 03084 07299 22580 72408 10219 20162 39883 40196 50005 878// 333 60005 84823 85640 90710 91114 93100=
07299,2008-08-03 09:00:00,23.3,1019.5,0.2,63,15.9,30000,11.112,29.632,,260,,,0,0,,,,,,,og-post,,,,AAXX 03094 07299 22580 52606 10233 20159 39883 40195 51002 85800 333 60007 83830 83646 90710 91116 93100 555 60005=
07299,2008-08-03 10:00:00,24.2,1019,-0.5,59,15.7,30000,14.816,22.224,,280,,,0,,,,,,,,og-post,,,,AAXX 03104 07299 22680 52808 10242 20157 39879 40190 58005 85800 333 60005 82833 84650 90710 91112 93100=
07299,2008-08-03 11:00:00,25.4,1018.2,-1.1,57,16.3,30000,11.112,25.928,,270,,,0,,,,,,,,og-post,,,,AAXX 03114 07299 22680 22706 10254 20163 39873 40182 58011 82800 333 60005 81833 90710 91114 93100=
07299,2008-08-03 12:00:00,25.8,1017.3,-1.8,57,16.6,30000,14.816,29.632,,270,,,0,0,,,,,,,og-post,,,,AAXX 03124 07299 02680 22708 10258 20166 39864 40173 58018 60001 82800 333 60007 81836 90710 91116 93100 555 60005=
07299,2008-08-03 13:00:00,26.3,1016.8,-1.9,57,17.1,30000,18.52,35.188,,290,,,0,,,,,,,,og-post,,,,AAXX 03134 07299 22680 22910 10263 20171 39860 40168 56019 82800 333 60005 82840 90710 91119 93100=
07299,2008-08-03 14:00:00,27.1,1016.1,-1.8,55,17.3,30000,18.52,31.484,,310,,,0,,,,,,,,og-post,,,,AAXX 03144 07299 22680 23110 10271 20173 39854 40161 56018 82800 333 60005 82840 90710 91117 93100=
07299,2008-08-03 15:00:00,27.3,1015.3,-1.6,53,16.9,30000,18.52,31.484,,300,,,0,0,,,,,,,og-post,,,,AAXX 03154 07299 22680 13010 10273 20169 39847 40153 58016 81800 333 60007 81843 90710 91117 93100 555 60005=
07299,2008-08-03 16:00:00,27.1,1014.9,-1.7,53,16.7,30000,18.52,29.632,,300,,,0,,,,,,,,og-post,,,,AAXX 03164 07299 22680 13010 10271 20167 39842 40149 58017 81130 333 60005 81846 90710 91116 93100=
07299,2008-08-03 17:00:00,26.2,1014.4,-1.9,54,16.2,30000,14.816,25.928,,310,,,0,,,,,,,,og-post,,,,AAXX 03174 07299 22780 13108 10262 20162 39837 40144 56019 81130 333 60005 81850 90710 91114 93100=
07299,2008-08-03 18:00:00,25.3,1014.2,-1.3,57,16.2,30000,14.816,25.928,,280,18.9,27.7,0,0,,,,,,,og-post,,,,AAXX 03184 07299 02780 12808 10253 20162 39834 40142 56013 60002 81401 333 10277 20189 60007 81850 90710 91114 93100 555 60005=
07299,2008-08-03 19:00:00,22.8,1014.2,-1.1,66,16.1,50000,3.704,14.816,,300,,,0,,,,,,,,og-post,,,,AAXX 03194 07299 22884 13002 10228 20161 39831 40142 56011 81401 333 60005 81656 90710 91108 93100=
07299,2008-08-03 20:00:00,19.9,1014.5,-0.6,80,16.3,30000,3.704,3.704,,200,,,0,,,,,,,,og-post,,,,AAXX 03204 07299 22880 12002 10199 20163 39831 40145 56006 81401 333 60005 81656 90710 91102 93100=
07299,2008-08-03 21:00:00,18.7,1014.5,-0.5,86,16.3,25000,3.704,3.704,,210,,,0,0,,,,,,,og-post,,,,AAXX 03214 07299 22975 12102 10187 20163 39830 40145 56005 80001 333 60007 81075 90710 91102 93100 555 60005=
07299,2008-08-03 22:00:00,17.8,1014.1,-0.6,88,15.8,25000,7.408,7.408,,220,,,0,,,,,,,,og-post,,,,AAXX 03224 07299 22975 12204 10178 20158 39825 40141 58006 80001 333 60005 81075 90710 91104 93100=
07299,2008-08-03 23:00:00,17.7,1013.9,-0.8,88,15.7,25000,3.704,7.408,,150,,,0,,,,,,,,og-post,,,,AAXX 03234 07299 22975 11502 10177 20157 39823 40139 57008 80001 333 60005 81075 90710 91104 93100=
07299,2008-08-04 00:00:00,16.5,1013.5,-1.1,90,14.9,25000,3.704,7.408,,180,,,0,0,,,,,,,og-post,,,,AAXX 04004 07299 02975 11802 10165 20149 39818 40135 58011 60001 80001 333 60007 81075 90710 91104 93100 555 60005=
07299,2008-08-04 01:00:00,16.8,1013.4,-0.8,92,15.5,20000,3.704,7.408,,160,,,0,,,,,,,,og-post,,,,AAXX 04014 07299 26/70 /1602 10168 20155 39817 40134 56008 333 60005 90710 91104=
07299,2008-08-04 02:00:00,17.6,1013,-0.9,91,16.1,20000,7.408,18.52,,160,,,0,,,,,,,,og-post,,,,AAXX 04024 07299 26/70 /1604 10176 20161 39814 40130 56009 333 60005 90710 91110=
07299,2008-08-04 03:00:00,17.4,1013,-0.3,90,15.7,25000,7.408,14.816,,170,,,0,0,,,,,,,og-post,,,,AAXX 04034 07299 22675 61704 10174 20157 39814 40130 55003 86500 333 60007 86640 90710 91108 93100 555 60005=
07299,2008-08-04 04:00:00,17.4,1013.3,0.1,90,15.7,25000,3.704,11.112,,120,,,0,,,,,,,,og-post,,,,AAXX 04044 07299 22675 71202 10174 20157 39817 40133 53001 87500 333 60005 87640 90710 91106 93100=
07299,2008-08-04 05:00:00,20.8,1013.2,0.6,78,16.8,25000,18.52,29.632,,260,,,0,,,,,,,,og-post,,,,AAXX 04054 07299 22675 72610 10208 20168 39820 40132 53006 83810 333 60005 81843 83650 87465 90710 91116 93100=
07299,2008-08-04 06:00:00,21.3,1013.7,1,75,16.7,40000,14.816,35.188,,260,16,25.2,0,0,,,0,8.4,14,,og-post,,,,AAXX 04064 07299 02682 72608 10213 20167 39825 40137 53010 60002 82810 333 10252 20160 30014 55084 60007 70000 81843 87465 90710 91119 93100 555 60005=
07299,2008-08-04 07:00:00,22.1,1014.2,1.1,66,15.5,40000,18.52,31.484,,250,,,0,,,,,,,,og-post,,,,AAXX 04074 07299 22582 72510 10221 20155 39830 40142 53011 82810 333 60005 81825 87465 90710 91117 93100=
07299,2008-08-04 08:00:00,22.5,1014.3,1.1,62,14.9,40000,18.52,31.484,,260,,,0,,,,,,,,og-post,,,,AAXX 04084 07299 22582 72610 10225 20149 39832 40143 51011 8187/ 333 60005 81830 87359 90710 91117 93100=
07299,2008-08-04 09:00:00,21.7,1014.3,0.6,66,15.1,30000,14.816,35.188,,280,,,,,,,,,,60,og-post,,,,AAXX 04094 07299 21580 72808 10217 20151 39831 40143 51006 76062 8187/ 333 69907 81830 87360 90710 91119 93100 555 69905=
07299,2008-08-04 10:00:00,22.4,1014.3,0.3,66,15.7,30000,14.816,29.632,,310,,,,,,,,,,21,og-post,,,,AAXX 04104 07299 21580 73108 10224 20157 39832 40143 51003 72162 8187/ 333 69905 81830 87362 90710 91116 93100=
07299,2008-08-04 11:00:00,22.5,1014.6,0.4,66,15.8,30000,22.224,35.188,,280,,,0,,,,,,,,og-post,,,,AAXX 04114 07299 22680 72812 10225 20158 39835 40146 53004 8187/ 333 60005 81840 87360 90710 91119 93100=
07299,2008-08-04 12:00:00,22.3,1014.2,0,66,15.6,30000,22.224,42.596,,270,,,0,,,,,,,2,og-post,,,,AAXX 04124 07299 01680 72712 10223 20156 39831 40142 50000 69901 70262 8187/ 333 69907 81840 87361 90710 91123 93100 555 60005=
07299,2008-08-04 13:00:00,23.3,1014.1,-0.1,63,15.9,40000,22.224,35.188,,270,,,0,,,,,,,,og-post,,,,AAXX 04134 07299 22682 72712 10233 20159 39831 40141 58001 8187/ 333 60005 81840 87361 90710 91119 93100=
07299,2008-08-04 14:00:00,23.2,1014.3,-0.1,64,16,40000,25.928,38.892,,290,,,0,,,,,,,,og-post,,,,AAXX 04144 07299 22582 72914 10232 20160 39833 40143 55001 8187/ 333 60005 81832 87361 90710 91121 93100=
07299,2008-08-04 15:00:00,22.1,1014.9,0.6,71,16.6,30000,14.816,35.188,,270,,,,,,,,,,21,og-post,,,,AAXX 04154 07299 21580 72708 10221 20166 39837 40149 53006 72162 8187/ 333 69907 81832 87361 90710 91119 93100 555 69905=
07299,2008-08-04 16:00:00,21.9,1014.8,0.5,68,15.7,30000,18.52,31.484,,270,,,0,,,,,,,,og-post,,,,AAXX 04164 07299 22580 72710 10219 20157 39836 40148 50005 8187/ 333 60005 81831 87360 90710 91117 93100=
07299,2008-08-04 17:00:00,21.5,1014.7,0.2,69,15.6,30000,14.816,31.484,,280,,,0,,,,,,,,og-post,,,,AAXX 04174 07299 22580 72808 10215 20156 39835 40147 50002 8187/ 333 60005 81831 87360 90710 91117 93100=
07299,2008-08-04 18:00:00,21.3,1014.4,-0.4,70,15.6,30000,11.112,25.928,,280,21.3,23.6,0,0,,,,,,3,og-post,,,,AAXX 04184 07299 01580 72806 10213 20156 39832 40144 58004 69902 70362 8187/ 333 10236 20213 60007 81831 87359 90710 91114 93100 555 60005=
07299,2008-08-04 19:00:00,20.8,1014.5,-0.4,73,15.8,30000,,14.816,,,,,0,,,,,,,,og-post,,,,AAXX 04194 07299 22580 70000 10208 20158 39832 40145 58004 8183/ 333 60005 81831 87361 90710 91108 93100=
07299,2008-08-04 20:00:00,20.4,1014.9,-0,78,16.4,30000,3.704,11.112,,40,,,,,,,,,,21,og-post,,,,AAXX 04204 07299 21680 70402 10204 20164 39836 40149 55000 72162 878// 333 69905 81833 87643 90710 91106 93100=
07299,2008-08-04 21:00:00,18.7,1015.9,1.1,90,17,7000,11.112,22.224,,280,,,1,1,,,,,,61,og-post,,,,AAXX 04214 07299 21557 72806 10187 20170 39844 40159 53011 76162 875// 333 60017 87620 90710 91112 93100 555 60015=
07299,2008-08-04 22:00:00,18.5,1016.3,1.5,91,17,13000,7.408,18.52,,240,,,0.4,,,,,,,21,og-post,,,,AAXX 04224 07299 21663 72404 10185 20170 39847 40163 51015 72162 875// 333 69945 82640 87656 90710 91110 93100=
07299,2008-08-04 23:00:00,18.4,1016.6,1.4,90,16.7,15000,11.112,18.52,,240,,,0,,,,,,,,og-post,,,,AAXX 04234 07299 22765 72406 10184 20167 39850 40166 51014 8453/ 333 60005 84656 87357 90710 91110 93100=
07299,2008-08-05 00:00:00,18.2,1016.8,0.8,89,16.4,15000,11.112,22.224,,220,,,0,0.4,2,,,,,3,og-post,,,,AAXX 05004 07299 01765 72206 10182 20164 39852 40168 51008 60021 70362 8553/ 333 69947 85656 87357 90710 91112 93100 555 60005=
07299,2008-08-05 01:00:00,17.7,1016.9,0.5,90,16,20000,7.408,14.816,,230,,,0,,,,,,,,og-post,,,,AAXX 05014 07299 26/70 /2304 10177 20160 39852 40169 51005 333 60005 90710 91108=
07299,2008-08-05 02:00:00,17.4,1016.9,0.2,90,15.7,20000,3.704,11.112,,260,,,0,,,,,,,,og-post,,,,AAXX 05024 07299 26/70 /2602 10174 20157 39852 40169 51002 333 60005 90710 91106=
07299,2008-08-05 03:00:00,17.4,1017,0.1,91,15.9,13000,7.408,7.408,,210,,,0,0,,,,,,,og-post,,,,AAXX 05034 07299 22463 72104 10174 20159 39853 40170 53001 878// 333 60007 81816 87657 90710 91104 93100 555 60005=
07299,2008-08-05 04:00:00,17.2,1017.1,0.1,91,15.7,13000,7.408,7.408,,140,,,0,,,,,,,,og-post,,,,AAXX 05044 07299 22463 71404 10172 20157 39853 40171 52001 878// 333 60005 81816 87657 90710 91104 93100=
07299,2008-08-05 05:00:00,17.7,1017.3,0.4,89,15.9,13000,3.704,11.112,,170,,,0,,,,,,,,og-post,,,,AAXX 05054 07299 22463 71702 10177 20159 39856 40173 53004 878// 333 60005 81813 84633 87657 90710 91106 93100=
07299,2008-08-05 06:00:00,18,1017.8,0.8,89,16.2,13000,3.704,3.704,,270,17.2,21.3,0,0,,2,1.6,0.1,17,,og-post,,,,AAXX 05064 07299 02463 72702 10180 20162 39861 40178 53008 60022 878// 333 10213 20172 31017 55001 60007 70016 81813 83633 87657 90710 91102 93100 555 60005=
07299,2008-08-05 07:00:00,19,1018.1,1.2,83,16,15000,0,,3.704,0,,,0,,,,,,,,wg-a,,,,AAXX 05074 07299 12565 70000 10190 20160 39865 40181 53012 60005 878// 90700 333 91002=
07299,2008-08-05 09:00:00,21.8,1018,0.6,72,16.5,30000,11.112,18.52,,270,,,0,0,,,,,,,og-post,,,,AAXX 05094 07299 22580 72706 10218 20165 39867 40180 51006 8383/ 333 60007 81821 83628 85360 90710 91110 93100 555 60005=
07299,2008-08-05 12:00:00,24.7,1017.3,-0.5,52,14.2,50000,11.112,18.52,,260,,,0,0,,,,,,,og-post,,,,AAXX 05124 07299 02684 42606 10247 20142 39863 40173 58005 60001 82230 333 60007 82840 90710 91110 93100 555 60005=
07299,2008-08-05 13:00:00,25.7,1016.9,-0.7,48,13.9,50000,14.816,29.632,,270,,,0,,,,,,,,og-post,,,,AAXX 05134 07299 22684 22708 10257 20139 39860 40169 58007 81130 333 60005 82845 90710 91116 93100=
07299,2008-08-05 14:00:00,26.3,1016.5,-0.8,42,12.4,50000,7.408,25.928,,300,,,0,,,,,,,,og-post,,,,AAXX 05144 07299 22784 13004 10263 20124 39857 40165 58008 81101 333 60005 81850 90710 91114 93100=
07299,2008-08-05 15:00:00,27,1015.9,-1.1,41,12.6,50000,11.112,29.632,,300,,,0,0,,,,,,,og-post,,,,AAXX 05154 07299 22784 13006 10270 20126 39852 40159 58011 81101 333 60007 81850 90710 91116 93100 555 60005=
07299,2008-08-05 16:00:00,27.1,1015.7,-0.9,40,12.3,50000,11.112,22.224,,300,,,0,,,,,,,,og-post,,,,AAXX 05164 07299 22784 23006 10271 20123 39850 40157 56009 81401 333 60005 81656 90710 91112 93100=
07299,2008-08-05 17:00:00,26.5,1015.7,-0.8,39,11.4,50000,11.112,29.632,,300,,,0,,,,,,,,og-post,,,,AAXX 05174 07299 22784 13006 10265 20114 39849 40157 56008 81401 333 60005 81656 90710 91116 93100=
07299,2008-08-05 18:00:00,25.6,1015.7,-0.4,45,12.8,50000,7.408,14.816,,290,18,27.3,0,0,,,,,,,og-post,,,,AAXX 05184 07299 02884 12904 10256 20128 39848 40157 57004 60002 81401 333 10273 20180 60007 81656 90710 91108 93100 555 60005=
07299,2008-08-05 19:00:00,21,1016.1,-0.2,68,14.9,40000,3.704,7.408,,230,,,0,,,,,,,,og-post,,,,AAXX 05194 07299 22/82 12302 10210 20149 39848 40161 57002 80001 333 60005 81075 90710 91104 93100=
07299,2008-08-05 20:00:00,17.8,1016.8,0.1,82,14.7,30000,7.408,11.112,,230,,,0,,,,,,,,og-post,,,,AAXX 05204 07299 22/80 12304 10178 20147 39851 40168 53001 80001 333 60005 81075 90710 91106 93100=
07299,2008-08-05 21:00:00,17.9,1016.9,0.4,80,14.4,30000,3.704,11.112,,160,,,0,0,,,,,,,og-post,,,,AAXX 05214 07299 22/80 31602 10179 20144 39852 40169 53004 80001 333 60007 83075 90710 91106 93100 555 60005=
07299,2008-08-05 22:00:00,15.8,1017,0.3,88,13.8,20000,3.704,7.408,,330,,,0,,,,,,,,og-post,,,,AAXX 05224 07299 22/70 33302 10158 20138 39851 40170 50003 80001 333 60005 83075 90710 91104 93100=
07299,2008-08-05 23:00:00,15.4,1017.6,0.5,90,13.8,20000,3.704,11.112,,270,,,0,,,,,,,,og-post,,,,AAXX 05234 07299 22/70 12702 10154 20138 39856 40176 53005 80001 333 60005 81075 90710 91106 93100=
07299,2008-08-06 00:00:00,15,1017.5,0.3,92,13.7,20000,3.704,7.408,,290,,,0,0,,,,,,,og-post,,,,AAXX 06004 07299 02970 02902 10150 20137 39855 40175 50003 60001 333 60007 90710 91104 93100 555 60005=
07299,2008-08-06 01:00:00,14.5,1017.5,0.3,92,13.2,20000,,3.704,,,,,0,,,,,,,,og-post,,,,AAXX 06014 07299 26/70 /0000 10145 20132 39854 40175 50003 333 60005 90710 91102=
07299,2008-08-06 02:00:00,13.4,1017.4,-0.5,93,12.3,16000,3.704,7.408,,240,,,0,,,,,,,,og-post,,,,AAXX 06024 07299 26/66 /2402 10134 20123 39852 40174 57005 333 60005 90710 91104=
07299,2008-08-06 03:00:00,13.4,1017,-0.8,94,12.5,20000,,7.408,,,,,0,0,,,,,,,og-post,,,,AAXX 06034 07299 22970 00000 10134 20125 39848 40170 58008 333 60007 90710 91104 93100 555 60005=
07299,2008-08-06 04:00:00,12.8,1016.8,-0.9,94,11.9,20000,3.704,7.408,,220,,,0,,,,,,,,og-post,,,,AAXX 06044 07299 22/70 12202 10128 20119 39845 40168 57009 80001 333 60005 81075 90710 91104 93100=
07299,2008-08-06 05:00:00,13.7,1016.7,-0.7,95,12.9,20000,7.408,7.408,,280,,,0,,,,,,,,og-post,,,,AAXX 06054 07299 22/70 32804 10137 20129 39845 40167 56007 80001 333 60005 83075 90710 91104 93100=
07299,2008-08-06 06:00:00,17.1,1016.5,-0,87,14.9,25000,,7.408,,,12.6,25.5,0.2,0.2,,0.2,0.2,7.2,11,,og-post,,,,AAXX 06064 07299 02975 40000 10171 20149 39847 40165 55000 69922 80009 333 10255 20126 30011 55072 69927 70002 83173 90710 91104 93100 555 69925=
07299,2008-08-06 07:00:00,20.2,1015.4,-0.5,75,15.6,30000,7.408,11.112,,80,,,0,,,,,,,,og-post,,,,AAXX 06074 07299 22980 60804 10202 20156 39840 40154 58005 80002 333 60005 82173 85075 90710 91106 93100=
07299,2008-08-06 08:00:00,22.8,1015.1,-0.5,60,14.6,40000,3.704,11.112,,50,,,0,,,,,,,,og-post,,,,AAXX 06084 07299 22982 60502 10228 20146 39840 40151 58005 81032 333 60005 81363 85076 90710 91106 93100=
07299,2008-08-06 09:00:00,23.8,1014.5,-1.2,60,15.6,45000,7.408,14.816,,40,,,0,0,,,,,,,og-post,,,,AAXX 06094 07299 22983 60404 10238 20156 39835 40145 56012 81032 333 60007 81363 85076 90710 91108 93100 555 60005=
07299,2008-08-06 10:00:00,25.6,1013.7,-1.1,56,16.2,50000,7.408,18.52,,10,,,0,,,,,,,,og-post,,,,AAXX 06104 07299 22984 70104 10256 20162 39829 40137 58011 81038 333 60005 81365 86276 90710 91110 93100=
07299,2008-08-06 11:00:00,27.7,1013.4,-1.2,48,15.7,59264,7.408,18.52,,80,,,0,,,,,,,,synop_v4,,,7,
07299,2008-08-06 12:00:00,28.2,1013.2,-0.9,49,16.5,50000,11.112,18.52,,30,,,0,0,,,,,,,og-post,,,,AAXX 06124 07299 02684 70306 10282 20165 39827 40132 56009 60001 81208 333 60007 81848 87275 90710 91110 93100 555 60005=
07299,2008-08-06 13:00:00,28.9,1012.6,-0.7,47,16.5,50000,7.408,18.52,,360,,,0,,,,,,,,og-post,,,,AAXX 06134 07299 22784 63604 10289 20165 39822 40126 58007 81202 333 60005 81850 86075 90710 91110 93100=
07299,2008-08-06 14:00:00,29.7,1012,-1,43,15.8,55000,7.408,14.816,,340,,,0,,,,,,,,og-post,,,,AAXX 06144 07299 22785 63404 10297 20158 39817 40120 58010 81231 333 60005 81850 83075 85078 90710 91108 93100=
07299,2008-08-06 15:00:00,30.1,1011.7,-1.2,41,15.4,55000,7.408,18.52,,300,,,0,0,,,,,,,og-post,,,,AAXX 06154 07299 22785 53004 10301 20154 39814 40117 57012 81201 333 60007 81850 85078 90710 91110 93100 555 60005=
07299,2008-08-06 16:00:00,30.4,1011.3,-1.2,40,15.3,55000,7.408,14.816,,280,,,0,,,,,,,,og-post,,,,AAXX 06164 07299 22785 52804 10304 20153 39811 40113 57012 81233 333 60005 81850 85078 90710 91108 93100=
07299,2008-08-06 17:00:00,29.9,1010.9,-1.2,40,14.8,55000,7.408,14.816,,280,,,0,,,,,,,,og-post,,,,AAXX 06174 07299 22785 52804 10299 20148 39806 40109 57012 81233 333 60005 81850 84078 90710 91108 93100=
07299,2008-08-06 18:00:00,29.2,1010.8,-1,44,15.7,55000,3.704,11.112,,270,17.1,30.7,0,0,,,,,,,og-post,,,,AAXX 06184 07299 02785 32702 10292 20157 39805 40108 56010 60002 81401 333 10307 20171 60007 81656 83078 90710 91106 93100 555 60005=
07299,2008-08-06 19:00:00,23.9,1011.1,-0.7,73,18.8,55000,3.704,7.408,,310,,,0,,,,,,,,og-post,,,,AAXX 06194 07299 22/85 23102 10239 20188 39803 40111 56007 80001 333 60005 82078 90710 91104 93100=
07299,2008-08-06 20:00:00,20.9,1011.7,-0.1,83,17.9,40000,3.704,7.408,,210,,,0,,,,,,,,og-post,,,,AAXX 06204 07299 22/82 12102 10209 20179 39805 40117 55001 80001 333 60005 81078 90710 91104 93100=
07299,2008-08-06 21:00:00,19.5,1012.1,0.4,86,17.1,30000,3.704,7.408,,150,,,0,0,,,,,,,og-post,,,,AAXX 06214 07299 22980 01502 10195 20171 39808 40121 53004 333 60007 90710 91104 93100 555 60005=
07299,2008-08-06 22:00:00,18.2,1012.2,0.4,90,16.5,30000,,7.408,,,,,0,,,,,,,,og-post,,,,AAXX 06224 07299 22980 00000 10182 20165 39807 40122 50004 333 60005 90710 91104 93100=
07299,2008-08-06 23:00:00,17.1,1012.2,0.1,92,15.8,30000,3.704,7.408,,270,,,0,,,,,,,,og-post,,,,AAXX 06234 07299 22980 02702 10171 20158 39806 40122 50001 333 60005 90710 91104 93100=
07299,2008-08-07 00:00:00,16.8,1011.7,-0.7,91,15.3,30000,7.408,7.408,,160,,,0,0,,,,,,,og-post,,,,AAXX 07004 07299 02980 01604 10168 20153 39801 40117 58007 60001 333 60007 90710 91104 93100 555 60005=
07299,2008-08-07 01:00:00,17.1,1011.1,-1.3,90,15.4,20000,3.704,11.112,,160,,,0,,,,,,,,og-post,,,,AAXX 07014 07299 26/70 /1602 10171 20154 39795 40111 58013 333 60005 90710 91106=
07299,2008-08-07 02:00:00,16.8,1010.2,-2,91,15.3,20000,7.408,11.112,,180,,,0,,,,,,,,og-post,,,,AAXX 07024 07299 26/70 /1804 10168 20153 39786 40102 58020 333 60005 90710 91106=
07299,2008-08-07 03:00:00,16.6,1010.3,-1.4,90,15,20000,7.408,11.112,,190,,,0,0,,,,,,,og-post,,,,AAXX 07034 07299 22/70 11904 10166 20150 39787 40103 55014 80001 333 60007 81075 90710 91106 93100 555 60005=
07299,2008-08-07 04:00:00,16.5,1010.1,-0.8,90,14.9,30000,7.408,11.112,,180,,,0,,,,,,,,og-post,,,,AAXX 07044 07299 22/80 11804 10165 20149 39785 40101 56008 80001 333 60005 81075 90710 91106 93100=
07299,2008-08-07 05:00:00,17.8,1009.8,-0.3,87,15.6,40000,7.408,14.816,,170,,,0,,,,,,,,og-post,,,,AAXX 07054 07299 22982 51704 10178 20156 39783 40098 58003 81032 333 60005 81364 85075 90710 91108 93100=
07299,2008-08-07 06:00:00,21.5,1009.1,-0.6,75,16.9,40000,11.112,14.816,,150,16.4,29.1,0,0,,,0,12.8,13,,og-post,,,,AAXX 07064 07299 02982 71506 10215 20169 39781 40091 58006 60002 82082 333 10291 20164 30013 55128 60007 70000 82364 86075 90710 91108 93100 555 60005=
07299,2008-08-07 07:00:00,22.4,1009.7,0.2,72,17.1,40000,7.408,18.52,,220,,,0,,,,,,,,og-post,,,,AAXX 07074 07299 22882 72204 10224 20171 39787 40097 53002 84082 333 60005 84358 87073 90710 91110 93100=
07299,2008-08-07 08:00:00,25,1009.4,0.4,61,17,40000,14.816,22.224,,150,,,0,,,,,,,,og-post,,,,AAXX 07084 07299 22982 61508 10250 20170 39787 40094 53004 81082 333 60005 81358 86073 90710 91112 93100=
07299,2008-08-07 09:00:00,27.4,1008.3,-0.3,51,16.4,30000,7.408,22.224,,200,,,0,0,,,,,,,og-post,,,,AAXX 07094 07299 22980 72004 10274 20164 39779 40083 58003 83082 333 60007 82359 86073 90710 91112 93100 555 60005=
07299,2008-08-07 10:00:00,28.7,1008.7,-0.4,49,16.9,30000,11.112,25.928,,290,,,0,,,,,,,,og-post,,,,AAXX 07104 07299 22680 72906 10287 20169 39784 40087 55004 81132 333 60005 81840 87073 90710 91114 93100=
07299,2008-08-07 11:00:00,29.3,1008.1,-0.9,49,17.5,30000,14.816,25.928,,280,,,0,,,,,,,,og-post,,,,AAXX 07114 07299 22680 72808 10293 20175 39779 40081 56009 81182 333 60005 81846 87073 90710 91114 93100=
07299,2008-08-07 12:00:00,28.3,1008.2,0.1,53,17.8,30000,18.52,31.484,,290,,,0,0,,,,,,,og-post,,,,AAXX 07124 07299 02780 72910 10283 20178 39779 40082 51001 60001 8117/ 333 60007 81850 87466 90710 91117 93100 555 60005=
07299,2008-08-07 13:00:00,27.7,1008.7,-0,53,17.2,30000,18.52,31.484,,270,,,0,,,,,,,,og-post,,,,AAXX 07134 07299 22780 72710 10277 20172 39783 40087 55000 8127/ 333 60005 81850 83363 87466 90710 91117 93100=
07299,2008-08-07 14:00:00,27.6,1008.8,0.5,53,17.2,30000,18.52,25.928,,270,,,0,,,,,,,14,og-post,,,,AAXX 07144 07299 21680 82710 10276 20172 39784 40088 53005 71422 8129/ 333 60005 81846 83360 87466 90710 91114 93100=
07299,2008-08-07 15:00:00,25,1009,0.4,57,15.9,20000,14.816,38.892,,260,,,,,,,,,,25,og-post,,,,AAXX 07154 07299 21670 82608 10250 20159 39783 40090 51004 72586 8199/ 333 69907 81846 81950 87361 90710 91121 93100 555 69905=
07299,2008-08-07 16:00:00,24.3,1008.5,-0.6,54,14.4,20000,7.408,22.224,,250,,,,,,,,,,25,og-post,,,,AAXX 07164 07299 21770 82504 10243 20144 39777 40085 58006 72586 8129/ 333 69905 81850 84360 87366 90710 91112 93100=
07299,2008-08-07 17:00:00,24.1,1008.6,-0.5,56,14.8,30000,7.408,11.112,,270,,,0,,,,,,,,og-post,,,,AAXX 07174 07299 22780 82704 10241 20148 39778 40086 55005 8129/ 333 60005 81850 85361 87466 90710 91106 93100=
07299,2008-08-07 18:00:00,21.4,1009.9,0.5,69,15.5,15000,18.52,35.188,,210,21.4,30.1,0.4,0.4,,0.4,,,,95,og-post,,,,AAXX 07184 07299 01665 82110 10214 20155 39788 40099 53005 69942 79598 8296/ 333 10301 20214 69947 82940 83358 87361 90710 91119 93100 555 69945=
07299,2008-08-07 19:00:00,19,1010,1,83,16,30000,7.408,29.632,,190,,,0.2,,,,,,,29,og-post,,,,AAXX 07194 07299 21680 71904 10190 20160 39787 40100 50010 72998 8196/ 333 69925 81835 81943 83360 87365 90710 91116 93100=
07299,2008-08-07 20:00:00,18.8,1010.4,1.2,82,15.7,20000,14.816,18.52,,150,,,0,,,,,,,17,og-post,,,,AAXX 07204 07299 21670 71508 10188 20157 39790 40104 51012 71792 8296/ 333 60005 81833 82940 84361 87364 90710 91110 93100=
07299,2008-08-07 21:00:00,18.4,1010.5,0.4,83,15.5,25000,3.704,22.224,,110,,,0,0.2,,,,,,29,og-post,,,,AAXX 07214 07299 21675 71102 10184 20155 39791 40105 53004 72998 8196/ 333 69927 81836 81940 83361 87365 90710 91112 93100 555 60005=
07299,2008-08-07 22:00:00,17.7,1011.2,1.1,87,15.5,25000,3.704,11.112,,300,,,0,,,,,,,15,og-post,,,,AAXX 07224 07299 21675 73002 10177 20155 39797 40112 53011 71522 8327/ 333 60005 83835 86365 90710 91106 93100=
07299,2008-08-07 23:00:00,18.1,1010.7,0.2,89,16.3,15000,,11.112,,,,,,,,,,,,80,og-post,,,,AAXX 07234 07299 21565 70000 10181 20163 39792 40107 50002 78086 85832 333 69905 85630 84365 86075 90710 91106 93100=
07299,2008-08-08 00:00:00,17.8,1010.3,-0.4,91,16.3,20000,7.408,11.112,,120,,,1,1,1,,,,,25,og-post,,,,AAXX 08004 07299 01570 71204 10178 20163 39788 40103 58004 60011 72598 83831 333 60017 83630 84360 85075 90710 91106 93100 555 60015=
07299,2008-08-08 01:00:00,17.9,1010.2,-1,89,16.1,20000,7.408,11.112,,160,,,0,,,,,,,,og-post,,,,AAXX 08014 07299 26/70 /1604 10179 20161 39787 40102 56010 333 60005 90710 91106=
07299,2008-08-08 02:00:00,18.4,1010.4,-0.2,82,15.3,20000,14.816,22.224,,250,,,0,,,,,,,,og-post,,,,AAXX 08024 07299 26/70 /2508 10184 20153 39790 40104 55002 333 60005 90710 91112=
07299,2008-08-08 03:00:00,18.1,1010.8,0.5,78,14.2,30000,14.816,29.632,,250,,,0,0,,,,,,,og-post,,,,AAXX 08034 07299 22580 52508 10181 20142 39793 40108 53005 84530 333 60007 81623 84640 90710 91116 93100 555 60005=
07299,2008-08-08 04:00:00,16.3,1011.3,0.9,82,13.2,30000,3.704,25.928,,200,,,0,,,,,,,,og-post,,,,AAXX 08044 07299 22580 22002 10163 20132 39796 40113 51009 81830 333 60005 81820 90710 91114 93100=
07299,2008-08-08 05:00:00,16.1,1011.9,0.9,81,12.8,30000,11.112,14.816,,160,,,0,,,,,,,,og-post,,,,AAXX 08054 07299 22580 21606 10161 20128 39801 40119 53009 82830 333 60005 81821 90710 91108 93100=
07299,2008-08-08 06:00:00,18.1,1011.5,0.7,73,13.2,30000,11.112,18.52,,210,15.7,21.3,0,0,,1,1.6,5.3,13,,og-post,,,,AAXX 08064 07299 02580 32106 10181 20132 39800 40115 51007 60012 81831 333 10213 20157 32013 55053 60007 70016 81823 90710 91110 93100 555 60005=
07299,2008-08-08 07:00:00,19.6,1011.3,0.2,59,11.4,25000,22.224,42.596,,250,,,0,,,,,,,,og-post,,,,AAXX 08074 07299 22575 22512 10196 20114 39799 40113 50002 81840 333 60005 81830 90710 91123 93100=
07299,2008-08-08 08:00:00,19.7,1011.3,-0.1,63,12.5,20000,18.52,53.708,,260,,,0,,,,,,,,og-post,,,,AAXX 08084 07299 22670 72610 10197 20125 39799 40113 57001 8183/ 333 60005 81834 87359 90710 91129 93100=
07299,2008-08-08 09:00:00,18.9,1012.1,0.6,68,12.9,20000,18.52,50.004,,260,,,0,0,,,,,,15,og-post,,,,AAXX 08094 07299 21570 72610 10189 20129 39806 40121 53006 71511 878// 333 60007 81826 87650 90710 91127 93100 555 60005=
07299,2008-08-08 10:00:00,20.3,1011.8,0.6,62,12.8,25000,29.632,50.004,,270,,,,,,,,,,25,og-post,,,,AAXX 08104 07299 21575 72716 10203 20128 39805 40118 50006 72586 8483/ 333 69905 81830 83650 87356 90710 91127 93100=
07299,2008-08-08 11:00:00,17.4,1012.8,1.2,80,13.9,8000,31.484,53.708,53.708,270,,,,,,,,,,80,og-post,,,,AAXX 08114 07299 21558 72717 10174 20139 39812 40128 51012 78086 8383/ 333 69905 81825 87357 91029 90710 91129 93100=
07299,2008-08-08 12:00:00,19.2,1012.7,0.5,70,13.6,30000,25.928,50.004,,250,,,0.2,0.2,0.2,,,,,25,og-post,,,,AAXX 08124 07299 01580 72514 10192 20136 39813 40127 53005 69921 72586 878// 333 69927 81826 83646 87656 90710 91127 93100 555 69925=
07299,2008-08-08 13:00:00,20.5,1012.7,1,63,13.2,28000,25.928,42.596,,240,,,0,,,,,,,,og-post,,,,AAXX 08134 07299 22578 72414 10205 20132 39814 40127 51010 8383/ 333 60005 81826 83650 87359 90710 91123 93100=
07299,2008-08-08 14:00:00,16.1,1014.1,1.3,82,13,6000,31.484,57.412,57.412,290,,,0.8,,,,,,,95,og-post,,,,AAXX 08144 07299 21556 72917 10161 20130 39823 40141 53013 79598 8593/ 333 69985 81830 83931 87359 91031 90710 91131 93100=
07299,2008-08-08 15:00:00,15.6,1014.7,1.6,88,13.6,8000,11.112,31.484,,230,,,5,6,,,,,,29,og-post,,,,AAXX 08154 07299 21558 72306 10156 20136 39828 40147 53016 72998 879// 333 60067 81830 81931 87650 90710 91117 93100 555 60055=
07299,2008-08-08 16:00:00,16.9,1014.3,1.2,88,14.9,28000,11.112,22.224,,140,,,0.2,,,,,,,,og-post,,,,AAXX 08164 07299 22578 71406 10169 20149 39826 40143 50012 8283/ 333 69925 81827 87358 90710 91112 93100=
07299,2008-08-08 17:00:00,17.3,1014.8,0.7,86,14.9,12000,3.704,14.816,,200,,,0,,,,,,,15,og-post,,,,AAXX 08174 07299 21562 72002 10173 20149 39831 40148 53007 71522 8493/ 333 60005 81830 81931 83656 87358 90710 91108 93100=
07299,2008-08-08 18:00:00,15.7,1015.1,0.4,88,13.7,16000,7.408,31.484,,170,15,22.2,0.2,0.4,,7,,,,80,og-post,,,,AAXX 08184 07299 01566 71704 10157 20137 39832 40151 53004 60072 78098 879// 333 10222 20150 69947 81830 81932 87656 90710 91117 93100 555 69925=
07299,2008-08-08 19:00:00,15.8,1015.3,0.8,88,13.8,20000,,11.112,,,,,0.6,,,,,,,25,og-post,,,,AAXX 08194 07299 21470 60000 10158 20138 39834 40153 51008 72586 84950 333 69965 81810 81930 84656 90710 91106 93100=
07299,2008-08-08 20:00:00,15.7,1015.9,0.9,86,13.4,15000,11.112,22.224,,250,,,0,,,,,,,15,og-post,,,,AAXX 08204 07299 21465 72506 10157 20134 39840 40159 53009 71522 82950 333 60005 81810 81930 87358 90710 91112 93100=
07299,2008-08-08 21:00:00,15.6,1016.3,1.1,87,13.4,20000,11.112,25.928,,250,,,0,0.6,,,,,,1,og-post,,,,AAXX 08214 07299 21570 72506 10156 20134 39844 40163 53011 70186 8285/ 333 69967 81823 87359 90710 91114 93100 555 60005=
07299,2008-08-08 22:00:00,15.9,1016.4,1.1,85,13.4,20000,14.816,22.224,,240,,,0,,,,,,,,og-post,,,,AAXX 08224 07299 22570 72408 10159 20134 39845 40164 51011 8485/ 333 60005 81823 84656 87359 90710 91112 93100=
07299,2008-08-08 23:00:00,16.1,1016.7,0.8,84,13.4,20000,18.52,25.928,,250,,,0,,,,,,,,og-post,,,,AAXX 08234 07299 22570 72510 10161 20134 39848 40167 51008 8385/ 333 60005 81823 83656 87359 90710 91114 93100=
07299,2008-08-09 00:00:00,16.2,1016.4,0.1,84,13.5,20000,18.52,31.484,,260,,,0,0,0.6,,,,,3,og-post,,,,AAXX 09004 07299 01570 72610 10162 20135 39845 40164 50001 69961 70386 878// 333 60007 81823 83643 87656 90710 91117 93100 555 60005=
07299,2008-08-09 01:00:00,16.3,1016.2,-0.2,83,13.4,20000,22.224,31.484,,260,,,0,,,,,,,,og-post,,,,AAXX 09014 07299 26/70 /2612 10163 20134 39843 40162 58002 333 60005 90710 91117=
07299,2008-08-09 02:00:00,15.9,1016.4,-0.3,85,13.4,20000,11.112,29.632,,250,,,0,,,,,,,,og-post,,,,AAXX 09024 07299 26/70 /2506 10159 20134 39845 40164 55003 333 60005 90710 91116=
07299,2008-08-09 03:00:00,15.6,1016.3,-0.1,86,13.3,20000,7.408,14.816,,230,,,0,0,,,,,,,og-post,,,,AAXX 09034 07299 22570 72304 10156 20133 39844 40163 56001 878// 333 60007 81820 87646 90710 91108 93100 555 60005=
07299,2008-08-09 04:00:00,15.6,1017,0.7,87,13.4,20000,11.112,25.928,,250,,,0,,,,,,,,og-post,,,,AAXX 09044 07299 22570 72506 10156 20134 39850 40170 53007 878// 333 60005 81823 87645 90710 91114 93100=
07299,2008-08-09 05:00:00,15.7,1017.4,0.8,86,13.4,20000,3.704,22.224,,160,,,0,,,,,,,,og-post,,,,AAXX 09054 07299 22570 71602 10157 20134 39854 40174 53008 878// 333 60005 81820 87644 90710 91112 93100=
07299,2008-08-09 06:00:00,16.1,1017.4,1.1,86,13.8,20000,11.112,18.52,,240,15.3,16.4,0,0,,0.6,7.4,3.4,14,,og-post,,,,AAXX 09064 07299 02570 72406 10161 20138 39855 40174 51011 69962 878// 333 10164 20153 30014 55034 60007 70074 81820 84645 87656 90710 91110 93100 555 60005=
07299,2008-08-09 07:00:00,16.9,1017.6,0.8,83,14,20000,7.408,14.816,,260,,,0,,,,,,,,og-post,,,,AAXX 09074 07299 22570 72604 10169 20140 39858 40176 51008 878// 333 60005 81820 87650 90710 91108 93100=
07299,2008-08-09 08:00:00,18.1,1017.5,0.4,78,14.2,20000,11.112,22.224,,240,,,0,,,,,,,,og-post,,,,AAXX 09084 07299 22570 72406 10181 20142 39858 40175 51004 8383/ 333 60005 83820 85359 90710 91112 93100=
07299,2008-08-09 09:00:00,19.7,1017.4,0.4,70,14.1,30000,14.816,25.928,,260,,,0,0,,,,,,,og-post,,,,AAXX 09094 07299 22580 62608 10197 20141 39859 40174 51004 86800 333 60007 84820 83650 90710 91114 93100 555 60005=
07299,2008-08-09 10:00:00,20.7,1017.1,-0.1,65,13.9,40000,18.52,29.632,,280,,,0,,,,,,,,og-post,,,,AAXX 09104 07299 22582 62810 10207 20139 39857 40171 58001 86800 333 60005 83823 84656 90710 91116 93100=
07299,2008-08-09 11:00:00,22.7,1017,-0,58,14,50000,14.816,29.632,,260,,,0,,,,,,,,og-post,,,,AAXX 09114 07299 22584 62608 10227 20140 39858 40170 54000 86800 333 60005 83830 84650 90710 91116 93100=
07299,2008-08-09 12:00:00,22.8,1016.8,-0.3,52,12.4,50000,18.52,29.632,,260,,,0,0,,,,,,,og-post,,,,AAXX 09124 07299 02684 52610 10228 20124 39856 40168 57003 60001 85800 333 60007 83836 83650 90710 91116 93100 555 60005=
07299,2008-08-09 13:00:00,23.2,1016.2,-0.6,53,13.1,50000,14.816,29.632,,270,,,0,,,,,,,,og-post,,,,AAXX 09134 07299 22684 32708 10232 20131 39851 40162 58006 83201 333 60005 82840 90710 91116 93100=
07299,2008-08-09 14:00:00,24.4,1015.7,-1.1,48,12.7,50000,14.816,38.892,,260,,,0,,,,,,,,og-post,,,,AAXX 09144 07299 22684 32608 10244 20127 39847 40157 58011 83200 333 60005 83843 90710 91121 93100=
07299,2008-08-09 15:00:00,24.3,1015.5,-1.1,46,11.9,50000,18.52,25.928,,270,,,0,0,,,,,,,og-post,,,,AAXX 09154 07299 22684 22710 10243 20119 39845 40155 56011 82101 333 60007 82846 90710 91114 93100 555 60005=
07299,2008-08-09 16:00:00,24.1,1015.1,-1,46,11.8,50000,14.816,25.928,,270,,,0,,,,,,,,og-post,,,,AAXX 09164 07299 22784 32708 10241 20118 39841 40151 57010 82101 333 60005 82850 90710 91114 93100=
07299,2008-08-09 17:00:00,23.4,1014.8,-1,46,11.1,50000,14.816,22.224,,260,,,0,,,,,,,,og-post,,,,AAXX 09174 07299 22784 42608 10234 20111 39837 40148 58010 81101 333 60005 81850 84075 90710 91112 93100=
07299,2008-08-09 18:00:00,21.4,1015.1,-0.7,57,12.5,50000,7.408,18.52,,270,16.1,24.4,0,0,,,,,,,og-post,,,,AAXX 09184 07299 02784 62704 10214 20125 39838 40151 55007 60002 81404 333 10244 20161 60007 81650 86075 90710 91110 93100 555 60005=
07299,2008-08-09 19:00:00,17.9,1015.6,-0.2,72,12.8,50000,11.112,14.816,,250,,,0,,,,,,,,og-post,,,,AAXX 09194 07299 22784 72506 10179 20128 39839 40156 55002 81501 333 60005 81650 87073 90710 91108 93100=
07299,2008-08-09 20:00:00,17,1015.8,0.3,77,12.9,50000,11.112,14.816,,230,,,0,,,,,,,,og-post,,,,AAXX 09204 07299 22784 72306 10170 20129 39840 40158 52003 81501 333 60005 81650 87073 90710 91108 93100=
07299,2008-08-09 21:00:00,16.4,1015.8,0.2,79,12.7,45000,11.112,14.816,,230,,,0,0,,,,,,,og-post,,,,AAXX 09214 07299 22783 72306 10164 20127 39840 40158 51002 81501 333 60007 81650 87073 90710 91108 93100 555 60005=
07299,2008-08-09 22:00:00,15.8,1016,0.2,80,12.4,40000,7.408,11.112,,180,,,0,,,,,,,,og-post,,,,AAXX 09224 07299 22/82 61804 10158 20124 39841 40160 52002 80001 333 60005 86073 90710 91106 93100=
07299,2008-08-09 23:00:00,14.8,1015.9,-0.1,86,12.5,30000,3.704,7.408,,120,,,0,,,,,,,,og-post,,,,AAXX 09234 07299 22/80 31202 10148 20125 39839 40159 58001 80001 333 60005 83073 90710 91104 93100=
07299,2008-08-10 00:00:00,12.5,1016.3,-0.1,90,10.9,30000,,3.704,,,,,0,0,,,,,,,og-post,,,,AAXX 10004 07299 02/80 20000 10125 20109 39840 40163 58001 60001 80001 333 60007 82073 90710 91102 93100 555 60005=
07299,2008-08-10 01:00:00,12,1015.5,-0.9,93,10.9,20000,,3.704,,,,,0,,,,,,,,og-post,,,,AAXX 10014 07299 26/70 /0000 10120 20109 39832 40155 58009 333 60005 90710 91102=
07299,2008-08-10 02:00:00,12,1015.2,-0.9,93,10.9,20000,3.704,7.408,,160,,,0,,,,,,,,og-post,,,,AAXX 10024 07299 26/70 /1602 10120 20109 39829 40152 58009 333 60005 90710 91104=
07299,2008-08-10 03:00:00,11.6,1015.2,-1.1,93,10.5,30000,3.704,7.408,,170,,,0,0,,,,,,,og-post,,,,AAXX 10034 07299 22/80 41702 10116 20105 39828 40152 56011 80001 333 60007 84073 90710 91104 93100 555 60005=
07299,2008-08-10 04:00:00,11.9,1015,-0.4,93,10.8,35000,7.408,11.112,,160,,,0,,,,,,,,og-post,,,,AAXX 10044 07299 22981 21604 10119 20108 39827 40150 55004 81031 333 60005 81360 90710 91106 93100=
07299,2008-08-10 05:00:00,12.6,1014.9,-0.3,92,11.3,40000,7.408,11.112,,150,,,0,,,,,,,,og-post,,,,AAXX 10054 07299 22982 11504 10126 20113 39827 40149 56003 81032 333 60005 81360 90710 91106 93100=
07299,2008-08-10 06:00:00,15.1,1014.7,0,83,12.2,45000,7.408,14.816,,120,11.1,21.1,0,0,,,0,8.4,9,,og-post,,,,AAXX 10064 07299 02983 11204 10151 20122 39827 40147 50000 60002 81032 333 10211 20111 30009 55084 60007 70000 81360 90710 91108 93100 555 60005=
07299,2008-08-10 07:00:00,17.4,1013.9,-0.6,73,12.5,45000,11.112,14.816,,110,,,0,,,,,,,,og-post,,,,AAXX 10074 07299 22983 11106 10174 20125 39822 40139 58006 81032 333 60005 81360 90710 91108 93100=
07299,2008-08-10 08:00:00,19.8,1013.4,-0.7,63,12.6,45000,7.408,22.224,,140,,,0,,,,,,,,og-post,,,,AAXX 10084 07299 22983 11404 10198 20126 39820 40134 58007 81031 333 60005 81360 90710 91112 93100=
07299,2008-08-10 09:00:00,22.6,1013,-0.9,52,12.2,45000,3.704,18.52,,140,,,0,0,,,,,,,og-post,,,,AAXX 10094 07299 22983 51402 10226 20122 39819 40130 56009 81034 333 60007 81363 85075 90710 91110 93100 555 60005=
07299,2008-08-10 10:00:00,23.9,1012.2,-0.9,49,12.5,45000,3.704,14.816,,190,,,0,,,,,,,,og-post,,,,AAXX 10104 07299 22683 61902 10239 20125 39813 40122 58009 81134 333 60005 81840 86075 90710 91108 93100=
07299,2008-08-10 11:00:00,25.3,1011.6,-1.2,42,11.5,45000,14.816,25.928,,260,,,0,,,,,,,,og-post,,,,AAXX 10114 07299 22683 62608 10253 20115 39808 40116 58012 81134 333 60005 81846 86075 90710 91114 93100=
07299,2008-08-10 12:00:00,26.1,1011.1,-1.4,40,11.4,45000,14.816,29.632,,280,,,0,0,,,,,,,og-post,,,,AAXX 10124 07299 02783 72808 10261 20114 39804 40111 57014 60001 81139 333 60007 81850 83365 86075 90710 91116 93100 555 60005=
07299,2008-08-10 13:00:00,26,1010.8,-1.3,41,11.7,45000,18.52,29.632,,300,,,0,,,,,,,,og-post,,,,AAXX 10134 07299 22783 73010 10260 20117 39801 40108 57013 81139 333 60005 81850 83365 85175 90710 91116 93100=
07299,2008-08-10 14:00:00,27.1,1010,-1.4,43,13.4,45000,14.816,29.632,,280,,,0,,,,,,,,og-post,,,,AAXX 10144 07299 22783 62808 10271 20134 39795 40100 57014 81131 333 60005 81850 85075 90710 91116 93100=
07299,2008-08-10 15:00:00,26.3,1009.9,-1.1,48,14.4,45000,18.52,29.632,,310,,,0,0,,,,,,,og-post,,,,AAXX 10154 07299 22783 43110 10263 20144 39793 40099 56011 81131 333 60007 81850 90710 91116 93100 555 60005=
07299,2008-08-10 16:00:00,24.5,1010,-0.8,52,14,45000,14.816,25.928,,310,,,0,,,,,,,,og-post,,,,AAXX 10164 07299 22783 23108 10245 20140 39792 40100 56008 81131 333 60005 81850 90710 91114 93100=
07299,2008-08-10 17:00:00,24.8,1009.8,-0.5,52,14.3,45000,7.408,22.224,,320,,,0,,,,,,,,og-post,,,,AAXX 10174 07299 22783 53204 10248 20143 39790 40098 57005 81131 333 60005 81850 85365 90710 91112 93100=
07299,2008-08-10 18:00:00,25.1,1009.7,-0.3,51,14.3,45000,7.408,11.112,,270,15.2,27.4,0,0,,,,,,,og-post,,,,AAXX 10184 07299 02783 52704 10251 20143 39790 40097 56003 60002 81131 333 10274 20152 60007 81856 85365 90710 91106 93100 555 60005=
07299,2008-08-10 19:00:00,21.7,1010.2,-0.1,69,15.8,45000,3.704,7.408,,240,,,0,,,,,,,,og-post,,,,AAXX 10194 07299 22983 32402 10217 20158 39791 40102 55001 81031 333 60005 81365 90710 91104 93100=
07299,2008-08-10 20:00:00,18.6,1010.8,0.4,80,15.1,30000,3.704,7.408,,240,,,0,,,,,,,,og-post,,,,AAXX 10204 07299 22980 12402 10186 20151 39794 40108 53004 81030 333 60005 81365 90710 91104 93100=
07299,2008-08-10 21:00:00,17.3,1011,0.4,83,14.4,20000,7.408,11.112,,230,,,0,0,,,,,,,og-post,,,,AAXX 10214 07299 26/70 /2304 10173 20144 39794 40110 51004 333 60007 90710 91106 555 60005=
07299,2008-08-10 22:00:00,16.2,1011.1,0.3,86,13.9,25000,3.704,3.704,,220,,,0,,,,,,,,og-post,,,,AAXX 10224 07299 22875 32202 10162 20139 39794 40111 51003 83030 333 60005 83358 90710 91102 93100=
07299,2008-08-10 23:00:00,15.6,1011.3,0.1,88,13.6,25000,,7.408,,,,,0,,,,,,,,og-post,,,,AAXX 10234 07299 22875 30000 10156 20136 39795 40113 53001 82031 333 60005 82358 90710 91104 93100=
07299,2008-08-11 00:00:00,15.5,1011.1,-0.1,90,13.9,25000,3.704,3.704,,150,,,0,0,,,,,,,og-post,,,,AAXX 11004 07299 02875 41502 10155 20139 39793 40111 58001 60001 82031 333 60007 82358 84075 90710 91102 93100 555 60005=
07299,2008-08-11 01:00:00,14.7,1010.8,-0.5,90,13.1,20000,3.704,7.408,,190,,,0,,,,,,,,og-post,,,,AAXX 11014 07299 26/70 /1902 10147 20131 39789 40108 58005 333 60005 90710 91104=
07299,2008-08-11 02:00:00,14.6,1010.5,-1,91,13.1,,3.704,7.408,,170,,,0,,,,,,,,og-post,,,,AAXX 11024 07299 26/// /1702 10146 20131 39786 40105 58010 333 60005 90710 91104=
07299,2008-08-11 03:00:00,14.8,1010,-1.2,92,13.5,20000,3.704,7.408,,180,,,0,0,,,,,,,og-post,,,,AAXX 11034 07299 22970 71802 10148 20135 39782 40100 56012 87030 333 60007 87363 90710 91104 93100 555 60005=
07299,2008-08-11 04:00:00,15.9,1009.8,-0.8,88,13.9,20000,7.408,14.816,,160,,,0,,,,,,,,og-post,,,,AAXX 11044 07299 22870 71604 10159 20139 39781 40098 56008 87070 333 60005 86358 87362 90710 91108 93100=
07299,2008-08-11 05:00:00,16.3,1010.1,-0.1,89,14.5,40000,7.408,14.816,,160,,,0,,,,,,,,og-post,,,,AAXX 11054 07299 22782 71604 10163 20145 39784 40101 55001 875// 333 60005 82650 87657 90710 91108 93100=
07299,2008-08-11 06:00:00,17.3,1009.5,-0.2,87,15.1,40000,11.112,14.816,,170,14,25,,,,,0,11.1,12,80,og-post,,,,AAXX 11064 07299 01782 71706 10173 20151 39780 40095 58002 69902 78086 8388/ 333 10250 20140 31012 55111 69907 79999 81850 83657 86358 90710 91108 93100 555 69905=
07299,2008-08-11 07:00:00,18.1,1009.1,-0.4,82,15,40000,14.816,22.224,,140,,,,,,,,,,25,og-post,,,,AAXX 11074 07299 21782 71408 10181 20150 39777 40091 58004 72586 8388/ 333 69905 81850 83657 86358 90710 91112 93100=
07299,2008-08-11 08:00:00,19.2,1008.7,-1.1,80,15.7,40000,11.112,22.224,,170,,,0,,,,,,,,og-post,,,,AAXX 11084 07299 22782 71706 10192 20157 39774 40087 56011 8388/ 333 60005 81850 83658 86360 90710 91112 93100=
07299,2008-08-11 09:00:00,21.3,1007.9,-1.1,71,15.8,40000,7.408,14.816,,100,,,0,,,,,,,2,og-post,,,,AAXX 11094 07299 21782 71004 10213 20158 39769 40079 58011 70286 8388/ 333 69907 81850 83658 86360 90710 91108 93100 555 60005=
07299,2008-08-11 10:00:00,23.7,1007.2,-1.3,60,15.5,40000,7.408,14.816,,100,,,0,,,,,,,,og-post,,,,AAXX 11104 07299 22782 71004 10237 20155 39764 40072 58013 8383/ 333 60005 81850 83658 86360 90710 91108 93100=
07299,2008-08-11 11:00:00,24.5,1006.6,-1.5,56,15.1,40000,3.704,11.112,,350,,,0,,,,,,,,og-post,,,,AAXX 11114 07299 22782 73502 10245 20151 39759 40066 57015 8383/ 333 60005 81850 83658 87360 90710 91106 93100=
07299,2008-08-11 12:00:00,24.5,1006.4,-1.2,60,16.2,30000,7.408,14.816,,320,,,0,0,,,,,,2,og-post,,,,AAXX 11124 07299 01780 73204 10245 20162 39757 40064 56012 69901 70286 8433/ 333 60007 81950 83658 87360 90710 91108 93100 555 60005=
07299,2008-08-11 13:00:00,22.1,1006.3,-1,80,18.5,30000,11.112,18.52,,300,,,0.2,,,,,,,29,og-post,,,,AAXX 11134 07299 21580 73006 10221 20185 39754 40063 56010 72998 8487/ 333 69925 81830 83641 87359 90710 91110 93100=
07299,2008-08-11 14:00:00,22,1006.6,-0.2,74,17.2,30000,14.816,22.224,,280,,,0,,,,,,,,og-post,,,,AAXX 11144 07299 22580 72808 10220 20172 39757 40066 55002 8387/ 333 60005 81830 83641 87360 90710 91112 93100=
07299,2008-08-11 15:00:00,19.3,1007.1,0.2,89,17.4,7000,3.704,25.928,,270,,,3,3,,,,,,61,og-post,,,,AAXX 11154 07299 21557 72702 10193 20174 39759 40071 53002 76198 878// 333 60037 81830 83633 87656 90710 91114 93100 555 60035=
07299,2008-08-11 16:00:00,19,1006.3,-0.3,91,17.5,10000,3.704,14.816,,100,,,0.8,,,,,,,21,og-post,,,,AAXX 11164 07299 21460 71002 10190 20175 39751 40063 58003 72162 8387/ 333 69985 81813 83640 87360 90710 91108 93100=
07299,2008-08-11 17:00:00,19.5,1005.4,-1.4,86,17.1,15000,7.408,14.816,,120,,,0,,,,,,,,og-post,,,,AAXX 11174 07299 22465 71204 10195 20171 39743 40054 58014 8383/ 333 60005 81813 83640 87358 90710 91108 93100=
07299,2008-08-11 18:00:00,19.5,1005.1,-1.8,86,17.1,15000,11.112,18.52,,130,17.2,25,0,0.8,,4,,,,3,og-post,,,,AAXX 11184 07299 01465 71306 10195 20171 39740 40051 56018 60042 70398 8583/ 333 10250 20172 69987 81813 85657 87361 90710 91110 93100 555 60005=
07299,2008-08-11 19:00:00,18.9,1004.9,-1.4,88,16.9,15000,7.408,11.112,,100,,,0,,,,,,,,og-post,,,,AAXX 11194 07299 22565 71004 10189 20169 39737 40049 56014 8487/ 333 60005 81820 84656 85359 90710 91106 93100=
07299,2008-08-11 20:00:00,18.9,1005.2,-0.4,86,16.5,12000,7.408,14.816,,130,,,0.2,,,,,,,61,og-post,,,,AAXX 11204 07299 21562 71304 10189 20165 39740 40052 55004 76162 8387/ 333 69925 81825 83656 87358 90710 91108 93100=
07299,2008-08-11 21:00:00,18.1,1005.6,0.4,92,16.8,6000,3.704,14.816,,160,,,2,2,,,,,,63,og-post,,,,AAXX 11214 07299 21556 81602 10181 20168 39743 40056 53004 76362 8587/ 333 60027 81825 85646 87357 90710 91108 93100 555 60025=
07299,2008-08-11 22:00:00,17.9,1004.7,-0.3,92,16.6,12000,14.816,22.224,,130,,,2,,,,,,,61,og-post,,,,AAXX 11224 07299 21562 81308 10179 20166 39734 40047 58003 76166 878// 333 60025 81825 83840 86656 90710 91112 93100=
07299,2008-08-11 23:00:00,17.5,1004.3,-1.1,92,16.2,20000,7.408,25.928,,170,,,,,,,,,,60,og-post,,,,AAXX 11234 07299 21670 81704 10175 20162 39730 40043 58011 76066 8587/ 333 69905 81840 85656 87360 90710 91114 93100=
07299,2008-08-12 00:00:00,17.6,1003.4,-2.2,91,16.1,20000,14.816,25.928,,120,,,,1,4,,,,,60,og-post,,,,AAXX 12004 07299 01670 81208 10176 20161 39721 40034 56022 60041 76062 878// 333 60017 81840 87650 90710 91114 93100 555 69905=
07299,2008-08-12 01:00:00,17.4,1002.8,-1.7,93,16.3,8000,11.112,22.224,,90,,,3,,,,,,,,og-post,,,,AAXX 12014 07299 26/58 /0906 10174 20163 39715 40028 58017 333 60035 90710 91112=
07299,2008-08-12 02:00:00,17.3,1002.5,-1.8,94,16.3,11000,3.704,22.224,,230,,,3,,,,,,,,og-post,,,,AAXX 12024 07299 26/61 /2302 10173 20163 39712 40025 56018 333 60035 90710 91112=
07299,2008-08-12 03:00:00,17.1,1001.4,-2,94,16.1,15000,7.408,22.224,,130,,,,5,,,,,,1,og-post,,,,AAXX 12034 07299 21365 71304 10171 20161 39701 40014 58020 70162 8287/ 333 60057 81808 86360 90710 91112 93100 555 69905=
07299,2008-08-12 04:00:00,17.3,1001.1,-1.9,94,16.3,12000,3.704,14.816,,140,,,0.2,,,,,,,61,og-post,,,,AAXX 12044 07299 21462 81402 10173 20163 39699 40011 56019 76162 8587/ 333 69925 81815 85646 87358 90710 91108 93100=
07299,2008-08-12 05:00:00,17.5,1001.5,-0.9,94,16.5,7000,7.408,11.112,,170,,,1,,,,,,,63,og-post,,,,AAXX 12054 07299 21557 81704 10175 20165 39703 40015 55009 76366 8587/ 333 60015 81820 85656 87359 90710 91106 93100=
07299,2008-08-12 06:00:00,17.8,1001.2,0,94,16.8,6000,11.112,18.52,,100,16.9,19.5,7,9,,18,21.6,1.1,17,63,og-post,,,,AAXX 12064 07299 01156 81006 10178 20168 39700 40012 50000 60182 76362 878// 333 10195 20169 32017 55011 60097 70216 81803 83630 87650 90710 91110 93100 555 60075=
07299,2008-08-12 07:00:00,18.1,1000.6,-0.4,93,16.9,10000,11.112,29.632,,130,,,0.2,,,,,,,95,og-post,,,,AAXX 12074 07299 21160 81306 10181 20169 39695 40006 58004 79596 878// 333 69925 81803 82925 87650 90710 91116 93100=
07299,2008-08-12 08:00:00,18.8,999.4,-2,90,17.1,12000,22.224,31.484,,110,,,1,,,,,,,91,og-post,,,,AAXX 12084 07299 21562 71112 10188 20171 39684 49994 58020 79196 8537/ 333 60015 81930 84650 87358 90710 91117 93100=
07299,2008-08-12 09:00:00,19.8,1000.3,-0.2,89,17.9,8000,7.408,29.632,,340,,,0.2,1,,,,,,60,og-post,,,,AAXX 12094 07299 21258 73404 10198 20179 39694 40003 55002 76096 879// 333 60017 81806 82930 87646 90710 91116 93100 555 69925=
07299,2008-08-12 10:00:00,17.2,1002.9,2.2,92,15.9,7000,3.704,42.596,,290,,,5,,,,,,,91,og-post,,,,AAXX 12104 07299 21357 72902 10172 20159 39716 40029 53022 79196 879// 333 60055 82807 82920 87643 90710 91123 93100=
07299,2008-08-12 11:00:00,17.2,1004.3,4.5,91,15.7,10000,7.408,25.928,,170,,,7,,,,,,,61,og-post,,,,AAXX 12114 07299 21460 71704 10172 20157 39729 40043 51045 76186 878// 333 60075 82812 87640 90710 91114 93100=
07299,2008-08-12 12:00:00,17.7,1004.1,2.8,91,16.2,9000,11.112,18.52,,100,,,1,13,14,,,,,61,og-post,,,,AAXX 12124 07299 01459 71006 10177 20162 39728 40041 51028 60141 76196 878// 333 60137 81812 87650 90710 91110 93100 555 60015=
07299,2008-08-12 13:00:00,18.1,1004.4,1.5,94,17.1,20000,11.112,18.52,,110,,,4,,,,,,,,og-post,,,,AAXX 12134 07299 26/70 /1106 10181 20171 39732 40044 51015 333 60045 90710 91110=
07299,2008-08-12 14:00:00,18,1005.2,1.2,92,16.7,7000,14.816,22.224,,140,,,3,,,,,,,61,og-post,,,,AAXX 12144 07299 21557 81408 10180 20167 39739 40052 53012 76166 878// 333 60035 81825 84634 87650 90710 91112 93100=
07299,2008-08-12 15:00:00,17.4,1005.6,1.3,91,15.9,7000,7.408,22.224,,250,,,5,11,,,,,,61,og-post,,,,AAXX 12154 07299 21457 82504 10174 20159 39742 40056 52013 76166 888// 333 60117 82817 83629 87636 90710 91112 93100 555 60055=
07299,2008-08-12 16:00:00,17.5,1005.1,0.6,93,16.4,9000,11.112,18.52,,110,,,2,,,,,,,61,og-post,,,,AAXX 12164 07299 21559 81106 10175 20164 39738 40051 50006 76166 878// 333 60025 83830 87643 90710 91110 93100=
07299,2008-08-12 17:00:00,17.7,1005.5,0.4,93,16.6,10000,14.816,25.928,,120,,,1,,,,,,,61,og-post,,,,AAXX 12174 07299 21360 81208 10177 20166 39742 40055 53004 76166 8687/ 333 60015 81807 83628 85650 90710 91114 93100=
07299,2008-08-12 18:00:00,17.2,1006.8,1.1,91,15.7,9000,11.112,14.816,,160,16.9,19.8,3,6,,31,,,,61,og-post,,,,AAXX 12184 07299 01459 81606 10172 20157 39754 40068 53011 60312 76166 8587/ 333 10198 20169 60067 81810 85650 87360 90710 91108 93100 555 60035=
07299,2008-08-12 19:00:00,16.9,1007.4,2.1,90,15.2,10000,7.408,22.224,,140,,,2,,,,,,,61,og-post,,,,AAXX 12194 07299 21460 81404 10169 20152 39759 40074 53021 76166 8387/ 333 60025 81810 83650 87360 90710 91112 93100=
07299,2008-08-12 20:00:00,16.4,1008.2,2.3,88,14.4,10000,18.52,29.632,,150,,,1,,,,,,,61,og-post,,,,AAXX 12204 07299 21460 71510 10164 20144 39766 40082 51023 76166 8287/ 333 60015 81813 83358 87360 90710 91116 93100=
07299,2008-08-12 21:00:00,16.1,1008.3,1.4,85,13.6,10000,14.816,22.224,,110,,,,3,,,,,,21,og-post,,,,AAXX 12214 07299 21460 71108 10161 20136 39767 40083 51014 72162 8387/ 333 60037 81813 83650 87360 90710 91112 93100 555 69905=
07299,2008-08-12 22:00:00,15.8,1009.6,1.9,87,13.6,10000,7.408,18.52,,130,,,0,,,,,,,,og-post,,,,AAXX 12224 07299 22560 71304 10158 20136 39779 40096 53019 8387/ 333 60005 81820 83650 87363 90710 91110 93100=
07299,2008-08-12 23:00:00,14.6,1010.4,2.1,91,13.1,13000,7.408,11.112,,170,,,0,,,,,,,,og-post,,,,AAXX 12234 07299 22663 41704 10146 20131 39785 40104 53021 81530 333 60005 81640 84358 90710 91106 93100=
07299,2008-08-13 00:00:00,14.2,1010.6,2,91,12.8,13000,7.408,11.112,,120,,,0,0,3,,,,,1,og-post,,,,AAXX 13004 07299 01/63 21204 10142 20128 39787 40106 51020 60031 70161 82030 333 60007 82358 90710 91106 93100 555 60005=
07299,2008-08-13 01:00:00,13.4,1010.5,0.6,89,11.6,20000,3.704,11.112,,110,,,0,,,,,,,,og-post,,,,AAXX 13014 07299 26/70 /1102 10134 20116 39785 40105 50006 333 60005 90710 91106=
07299,2008-08-13 02:00:00,11.5,1011.3,0.5,93,10.4,20000,7.408,11.112,,320,,,0,,,,,,,,og-post,,,,AAXX 13024 07299 26/70 /3204 10115 20104 39790 40113 53005 333 60005 90710 91106=
07299,2008-08-13 03:00:00,11.8,1011.3,0.4,92,10.5,15000,3.704,14.816,,340,,,0,0,,,,,,,og-post,,,,AAXX 13034 07299 23965 13402 10118 20105 39791 40113 53004 81030 333 60007 81363 90710 91108 93100 555 60005=
07299,2008-08-13 04:00:00,11.2,1011.9,1.2,93,10.1,15000,3.704,11.112,,250,,,0,,,,,,,,og-post,,,,AAXX 13044 07299 23965 12502 10112 20101 39796 40119 52012 81030 333 60005 81363 90710 91106 93100=
07299,2008-08-13 05:00:00,12.7,1012.4,1.3,93,11.6,15000,,14.816,,,,,0,,,,,,,,og-post,,,,AAXX 13054 07299 22665 20000 10127 20116 39802 40124 53013 8123/ 333 60005 81640 90710 91108 93100=
07299,2008-08-13 06:00:00,16.1,1012.7,1.8,82,13,18000,7.408,18.52,,130,11,17.2,0,0,,3,34.4,0,9,,og-post,,,,AAXX 13064 07299 02668 11304 10161 20130 39809 40127 53018 60032 81830 333 10172 20110 31009 55000 60007 70344 81833 90710 91110 93100 555 60005=
07299,2008-08-13 07:00:00,17.9,1013.1,1.9,69,12.1,30000,11.112,14.816,,150,,,0,,,,,,,,og-post,,,,AAXX 13074 07299 22580 21506 10179 20121 39815 40131 52019 82800 333 60005 81830 90710 91108 93100=
07299,2008-08-13 08:00:00,17.3,1013.9,2,68,11.3,30000,25.928,38.892,,260,,,0,,,,,,,,og-post,,,,AAXX 13084 07299 22580 42614 10173 20113 39822 40139 52020 83830 333 60005 82831 90710 91121 93100=
07299,2008-08-13 09:00:00,19.1,1013.9,1.5,65,12.4,30000,18.52,35.188,,250,,,0,0,,,,,,,og-post,,,,AAXX 13094 07299 22680 32510 10191 20124 39824 40139 51015 82830 333 60007 82833 90710 91119 93100 555 60005=
07299,2008-08-13 10:00:00,20.5,1014,1.1,53,10.6,40000,25.928,38.892,,260,,,0,,,,,,,,og-post,,,,AAXX 13104 07299 22682 32614 10205 20106 39826 40140 51011 82230 333 60005 82836 90710 91121 93100=
07299,2008-08-13 11:00:00,21.6,1013.8,0.4,53,11.6,50000,18.52,42.596,,290,,,0,,,,,,,,og-post,,,,AAXX 13114 07299 22684 32910 10216 20116 39826 40138 51004 82831 333 60005 82843 90710 91123 93100=
07299,2008-08-13 12:00:00,22.1,1013.8,0.2,49,10.9,50000,22.224,38.892,,260,,,0,0,,,,,,,og-post,,,,AAXX 13124 07299 02684 32612 10221 20109 39826 40138 51002 60001 83800 333 60007 82846 90710 91121 93100 555 60005=
07299,2008-08-13 13:00:00,22.4,1013.9,-0,43,9.2,50000,29.632,42.596,,270,,,0,,,,,,,,og-post,,,,AAXX 13134 07299 22684 22716 10224 20092 39827 40139 54000 82800 333 60005 82846 90710 91123 93100=
07299,2008-08-13 14:00:00,22.8,1014,0.3,43,9.6,60000,22.224,46.3,,270,,,0,,,,,,,,og-post,,,,AAXX 13144 07299 22786 12712 10228 20096 39829 40140 53003 81840 333 60005 81850 90710 91125 93100=
07299,2008-08-13 15:00:00,23.1,1014,0.4,42,9.5,60000,22.224,42.596,,280,,,0,0,,,,,,,og-post,,,,AAXX 13154 07299 22786 32812 10231 20095 39829 40140 53004 81841 333 60007 81850 90710 91123 93100 555 60005=
07299,2008-08-13 16:00:00,22.6,1014.4,0.5,40,8.3,60000,22.224,35.188,,280,,,0,,,,,,,,og-post,,,,AAXX 13164 07299 22786 52812 10226 20083 39832 40144 53005 81482 333 60005 81850 84076 90710 91119 93100=
07299,2008-08-13 17:00:00,21.2,1015,0.8,44,8.5,60000,14.816,29.632,,290,,,0,,,,,,,,og-post,,,,AAXX 13174 07299 22786 62908 10212 20085 39836 40150 53008 82432 333 60005 81850 86076 90710 91116 93100=
07299,2008-08-13 18:00:00,19.3,1015.7,1.2,53,9.5,60000,7.408,22.224,,260,16.2,23.4,0,0,,,,,,,og-post,,,,AAXX 13184 07299 02786 72604 10193 20095 39841 40157 53012 60002 82432 333 10234 20162 60007 81850 86075 90710 91112 93100 555 60005=
07299,2008-08-13 19:00:00,16.8,1016.3,1.3,72,11.7,60000,3.704,11.112,,230,,,0,,,,,,,,og-post,,,,AAXX 13194 07299 22786 72302 10168 20117 39845 40163 52013 81532 333 60005 81656 86075 90710 91106 93100=
07299,2008-08-13 20:00:00,14.6,1016.8,1.1,83,11.7,40000,,7.408,,,,,0,,,,,,,,og-post,,,,AAXX 13204 07299 22982 50000 10146 20117 39847 40168 51011 81032 333 60005 81365 85075 90710 91104 93100=
07299,2008-08-13 21:00:00,13.1,1017.2,0.8,87,11,30000,7.408,11.112,,160,,,0,0,,,,,,,og-post,,,,AAXX 13214 07299 22980 51604 10131 20110 39849 40172 51008 81032 333 60007 81365 85075 90710 91106 93100 555 60005=
07299,2008-08-13 22:00:00,12.5,1017.7,0.8,86,10.2,30000,3.704,7.408,,140,,,0,,,,,,,,og-post,,,,AAXX 13224 07299 22980 31402 10125 20102 39853 40177 53008 81032 333 60005 81365 83075 90710 91104 93100=
07299,2008-08-13 23:00:00,11.6,1018,0.8,88,9.7,20000,3.704,11.112,,100,,,0.2,,,,,,,,og-post,,,,AAXX 13234 07299 26/70 /1002 10116 20097 39855 40180 52008 333 69925 90710 91106=
07299,2008-08-14 00:00:00,11.2,1018.6,1.2,92,9.9,30000,,14.816,,,,,0,0.2,0.2,,,,,,og-post,,,,AAXX 14004 07299 02980 40000 10112 20099 39861 40186 53012 69921 81032 333 69927 81365 84075 90710 91108 93100 555 60005=
07299,2008-08-14 01:00:00,11.8,1018.8,1,89,10,,3.704,11.112,,160,,,0,,,,,,,,og-post,,,,AAXX 14014 07299 22/// /1602 10118 20100 39863 40188 52010 333 60005 90710 91106=
07299,2008-08-14 02:00:00,11.7,1019,1,90,10.1,20000,7.408,11.112,,170,,,0,,,,,,,,og-post,,,,AAXX 14024 07299 26/70 /1704 10117 20101 39865 40190 51010 333 60005 90710 91106=
07299,2008-08-14 03:00:00,10.9,1019,0.2,92,9.7,30000,3.704,7.408,,150,,,0,0,,,,,,,og-post,,,,AAXX 14034 07299 22780 51502 10109 20097 39864 40190 50002 81532 333 60007 81656 85075 90710 91104 93100 555 60005=
07299,2008-08-14 04:00:00,10.5,1018.4,-0.5,92,9.3,20000,3.704,7.408,,160,,,0,,,,,,,,og-post,,,,AAXX 14044 07299 26/70 /1602 10105 20093 39858 40184 58005 333 60005 90710 91104=
07299,2008-08-14 05:00:00,11.5,1018.7,-0.3,91,10.1,30000,7.408,11.112,,170,,,0,,,,,,,,og-post,,,,AAXX 14054 07299 22980 61704 10115 20101 39862 40187 55003 82032 333 60005 82359 85075 90710 91106 93100=
07299,2008-08-14 06:00:00,14,1018.3,-0.2,85,11.5,30000,7.408,14.816,,150,10.5,19.2,0,0,,0.2,0.2,10.7,8,,og-post,,,,AAXX 14064 07299 02880 71504 10140 20115 39861 40183 56002 69922 81032 333 10192 20105 30008 55107 60007 70002 81358 87075 90710 91108 93100 555 60005=
07299,2008-08-14 07:00:00,15.9,1018.1,0.3,73,11.1,30000,7.408,14.816,,160,,,0,,,,,,,,og-post,,,,AAXX 14074 07299 22580 71604 10159 20111 39861 40181 51003 81132 333 60005 81823 87075 90710 91108 93100=
07299,2008-08-14 08:00:00,18.7,1017.4,-0.6,62,11.3,30000,3.704,11.112,,140,,,0,,,,,,,,og-post,,,,AAXX 14084 07299 22580 71402 10187 20113 39857 40174 58006 81232 333 60005 81830 87075 90710 91106 93100=
07299,2008-08-14 09:00:00,20.4,1017.1,-0.5,59,12.1,30000,3.704,11.112,,220,,,0,0,,,,,,,og-post,,,,AAXX 14094 07299 22680 72202 10204 20121 39856 40171 56005 81232 333 60007 81833 87075 90710 91106 93100 555 60005=
07299,2008-08-14 10:00:00,21,1016.5,-0.9,56,11.9,30000,7.408,14.816,,340,,,0,,,,,,,,og-post,,,,AAXX 14104 07299 22680 73404 10210 20119 39851 40165 58009 81232 333 60005 81836 87075 90710 91108 93100=
07299,2008-08-14 11:00:00,21.5,1015.7,-1.2,56,12.4,45000,7.408,18.52,,320,,,0,,,,,,,,og-post,,,,AAXX 14114 07299 22683 73204 10215 20124 39844 40157 58012 81232 333 60005 81836 87075 90710 91110 93100=
07299,2008-08-14 12:00:00,22.5,1015.2,-1.6,55,13,35000,7.408,18.52,,340,,,0,0,,,,,,,og-post,,,,AAXX 14124 07299 02681 73404 10225 20130 39840 40152 56016 60001 82232 333 60007 82840 87075 90710 91110 93100 555 60005=
07299,2008-08-14 13:00:00,22.1,1014.7,-1.5,52,11.8,35000,11.112,18.52,,320,,,0,,,,,,,,og-post,,,,AAXX 14134 07299 22681 73206 10221 20118 39835 40147 56015 82232 333 60005 82840 87073 90710 91110 93100=
07299,2008-08-14 14:00:00,23.1,1014.2,-1.3,51,12.4,35000,3.704,11.112,,240,,,0,,,,,,,,og-post,,,,AAXX 14144 07299 22681 72402 10231 20124 39831 40142 56013 82206 333 60005 82840 87273 90710 91106 93100=
07299,2008-08-14 15:00:00,23.2,1013.6,-1.5,48,11.6,35000,3.704,11.112,,20,,,0,0,,,,,,,og-post,,,,AAXX 14154 07299 22681 70202 10232 20116 39825 40136 57015 81206 333 60007 81840 87273 90710 91106 93100 555 60005=
07299,2008-08-14 16:00:00,22.9,1013.5,-1,49,11.6,35000,3.704,11.112,,350,,,0,,,,,,,,og-post,,,,AAXX 14164 07299 22781 73502 10229 20116 39824 40135 56010 81206 333 60005 81850 85270 87073 90710 91106 93100=
07299,2008-08-14 17:00:00,21.8,1013,-1.3,57,12.9,35000,11.112,14.816,,310,,,0,,,,,,,,og-post,,,,AAXX 14174 07299 22781 73106 10218 20129 39818 40130 57013 81236 333 60005 81850 83363 87273 90710 91108 93100=
07299,2008-08-14 18:00:00,20.3,1012.8,-1,66,13.7,25000,7.408,14.816,,290,14.2,23.6,0,0,,,,,,,og-post,,,,AAXX 14184 07299 02775 72904 10203 20137 39815 40128 58010 60002 81236 333 10236 20142 60007 81850 83364 87273 90710 91108 93100 555 60005=
07299,2008-08-14 19:00:00,18.4,1013.6,-0.4,73,13.5,30000,7.408,11.112,,270,,,0,,,,,,,,og-post,,,,AAXX 14194 07299 22780 72704 10184 20135 39820 40136 55004 83828 333 60005 81850 83656 87273 90710 91106 93100=
07299,2008-08-14 20:00:00,18,1013.7,0.3,75,13.5,30000,7.408,18.52,,300,,,0,,,,,,,,og-post,,,,AAXX 14204 07299 22780 83004 10180 20135 39821 40137 53003 83828 333 60005 81850 83656 85460 90710 91110 93100=
07299,2008-08-14 21:00:00,17.7,1013.6,0.5,78,13.8,17000,14.816,18.52,,250,,,,,,,,,,61,og-post,,,,AAXX 14214 07299 21667 82508 10177 20138 39820 40136 50005 76162 8387/ 333 69907 81840 83656 86357 90710 91110 93100 555 69905=
07299,2008-08-14 22:00:00,14.7,1014.7,0.7,90,13.1,8000,18.52,29.632,,260,,,3,,,,,,,61,og-post,,,,AAXX 14224 07299 21558 82610 10147 20131 39827 40147 53007 76166 8557/ 333 60035 81620 85646 88357 90710 91116 93100=
07299,2008-08-14 23:00:00,13.7,1015.1,0.9,91,12.3,9000,14.816,35.188,,270,,,2,,,,,,,61,og-post,,,,AAXX 14234 07299 21459 82708 10137 20123 39830 40151 53009 76166 875// 333 60025 81715 83628 87638 90710 91119 93100=
07299,2008-08-15 00:00:00,13.5,1014.6,0.5,91,12.1,14000,7.408,22.224,,320,,,0.4,5,5,,,,,61,og-post,,,,AAXX 15004 07299 01464 83204 10135 20121 39825 40146 50005 60051 76162 8557/ 333 60057 81715 85641 87357 90710 91112 93100 555 69945=
07299,2008-08-15 01:00:00,13.3,1015,0.1,92,12,18000,7.408,11.112,,230,,,1,,,,,,,,og-post,,,,AAXX 15014 07299 26/68 /2304 10133 20120 39828 40150 52001 333 60015 90710 91106=
07299,2008-08-15 02:00:00,13.3,1013.9,-1.2,93,12.2,20000,,11.112,,,,,2,,,,,,,,og-post,,,,AAXX 15024 07299 26/70 /0000 10133 20122 39818 40139 58012 333 60025 90710 91106=
07299,2008-08-15 03:00:00,12.8,1013.7,-1,94,11.9,15000,3.704,11.112,,270,,,,3,,,,,,21,og-post,,,,AAXX 15034 07299 21365 72702 10128 20119 39815 40137 58010 72162 8283/ 333 60037 81809 87358 90710 91106 93100 555 69905=
07299,2008-08-15 04:00:00,13.1,1013.2,-1.7,93,12,15000,7.408,14.816,,290,,,0,,,,,,,,og-post,,,,AAXX 15044 07299 22265 72904 10131 20120 39811 40132 56017 8313/ 333 60005 81704 83808 87358 90710 91108 93100=
07299,2008-08-15 05:00:00,13.2,1013.3,-0.7,93,12.1,12000,7.408,18.52,,280,,,0,,,,,,,,og-post,,,,AAXX 15054 07299 22162 72804 10132 20121 39812 40133 55007 8513/ 333 60005 81703 85808 87358 90710 91110 93100=
07299,2008-08-15 06:00:00,13.3,1013,-0.6,92,12,12000,11.112,14.816,,320,12.8,20.2,0,0,,9,8.8,8.8,12,3,og-post,,,,AAXX 15064 07299 01262 83206 10133 20120 39809 40130 56006 60092 70362 8687/ 333 10202 20128 32012 55088 60007 70088 81703 83810 85650 90710 91108 93100 555 60005=
07299,2008-08-15 07:00:00,13.6,1013,-0.2,92,12.3,11000,11.112,18.52,,330,,,0,,,,,,,,og-post,,,,AAXX 15074 07299 22261 83306 10136 20123 39809 40130 58002 878// 333 60005 81703 84810 87650 90710 91110 93100=
07299,2008-08-15 08:00:00,14.3,1013.1,-0.1,90,12.7,11000,14.816,18.52,,340,,,0,,,,,,,,og-post,,,,AAXX 15084 07299 22261 83408 10143 20127 39811 40131 55001 878// 333 60005 87806 90710 91110 93100=
07299,2008-08-15 09:00:00,14.6,1013.1,0.3,87,12.5,12000,18.52,25.928,,340,,,0,0,,,,,,,og-post,,,,AAXX 15094 07299 22362 83410 10146 20125 39811 40131 53003 878// 333 60007 83808 87621 90710 91114 93100 555 60005=
07299,2008-08-15 10:00:00,14.4,1013.3,0.5,87,12.3,13000,14.816,22.224,,330,,,0,,,,,,,,og-post,,,,AAXX 15104 07299 22363 83308 10144 20123 39813 40133 52005 878// 333 60005 83809 87621 90710 91112 93100=
07299,2008-08-15 11:00:00,15,1013.5,0.4,86,12.7,12000,14.816,22.224,,330,,,,,,,,,,21,og-post,,,,AAXX 15114 07299 21462 83308 10150 20127 39816 40135 52004 72165 878// 333 69905 84811 87625 90710 91112 93100=
07299,2008-08-15 12:00:00,15.6,1013.4,0.3,82,12.5,12000,18.52,25.928,,350,,,0.2,0.2,0.2,,,,,20,og-post,,,,AAXX 15124 07299 01362 83510 10156 20125 39815 40134 51003 69921 72065 878// 333 69927 81806 83813 87650 90710 91114 93100 555 69925=
07299,2008-08-15 13:00:00,15.8,1013.4,0.3,78,12,12000,14.816,22.224,,340,,,0,,,,,,,,og-post,,,,AAXX 15134 07299 22362 83408 10158 20120 39816 40134 53003 873// 333 60005 81808 81915 83623 87656 90710 91112 93100=
07299,2008-08-15 14:00:00,16.6,1013.6,0.4,73,11.7,16000,18.52,25.928,,360,,,0,,,,,,,,og-post,,,,AAXX 15144 07299 22466 73610 10166 20117 39818 40136 53004 878// 333 60005 82815 87656 90710 91114 93100=
07299,2008-08-15 15:00:00,16.3,1014.1,0.8,72,11.2,18000,7.408,22.224,,360,,,0,0,,,,,,,og-post,,,,AAXX 15154 07299 22468 73604 10163 20112 39823 40141 53008 8383/ 333 60007 81815 83656 87358 90710 91112 93100 555 60005=
07299,2008-08-15 16:00:00,16.3,1014.4,0.9,72,11.2,18000,3.704,11.112,,320,,,0,,,,,,,15,og-post,,,,AAXX 15164 07299 21468 83202 10163 20112 39826 40144 53009 71522 8383/ 333 60005 81815 87360 90710 91106 93100=
07299,2008-08-15 17:00:00,16,1014.7,0.9,75,11.6,9000,14.816,25.928,,350,,,0,,,,,,,15,og-post,,,,AAXX 15174 07299 21459 83508 10160 20116 39828 40147 51009 71522 8533/ 333 60005 81815 82925 85650 87357 90710 91114 93100=
07299,2008-08-15 18:00:00,15.6,1014.7,0.5,81,12.4,25000,7.408,22.224,,300,13.3,16.7,,,,0.2,,,,21,og-post,,,,AAXX 15184 07299 01475 73004 10156 20124 39828 40147 51005 69922 72162 8333/ 333 10167 20133 69907 81815 81925 87357 90710 91112 93100 555 69905=
07299,2008-08-15 19:00:00,14.7,1015.3,0.7,83,11.8,20000,7.408,14.816,,270,,,0,,,,,,,,og-post,,,,AAXX 15194 07299 22470 62704 10147 20118 39833 40153 53007 83830 333 60005 81816 83650 85358 90710 91108 93100=
07299,2008-08-15 20:00:00,14,1016,1.1,88,12,18000,3.704,7.408,,250,,,0,,,,,,,,og-post,,,,AAXX 15204 07299 22568 62502 10140 20120 39839 40160 53011 82830 333 60005 81823 85359 90710 91104 93100=
07299,2008-08-15 21:00:00,12.5,1015.9,0.8,90,10.9,17000,7.408,11.112,,250,,,0,0,,,,,,,og-post,,,,AAXX 15214 07299 22567 52504 10125 20109 39836 40159 50008 81830 333 60007 81826 85359 90710 91106 93100 555 60005=
07299,2008-08-15 22:00:00,11.7,1016.4,0.6,92,10.4,15000,3.704,11.112,,140,,,0,,,,,,,,og-post,,,,AAXX 15224 07299 22765 41402 10117 20104 39840 40164 51006 81530 333 60005 81650 84359 90710 91106 93100=
07299,2008-08-15 23:00:00,10.6,1016.3,-0.1,93,9.5,15000,3.704,7.408,,210,,,0,,,,,,,,og-post,,,,AAXX 15234 07299 22765 42102 10106 20095 39838 40163 57001 81530 333 60005 81650 84359 90710 91104 93100=
07299,2008-08-16 00:00:00,9.8,1016.2,0,94,8.9,15000,3.704,11.112,,230,,,0,0,,,,,,,og-post,,,,AAXX 16004 07299 02765 32302 10098 20089 39836 40162 50000 60001 81530 333 60007 81650 83360 90710 91106 93100 555 60005=
07299,2008-08-16 01:00:00,9.5,1015.9,-0.9,94,8.6,20000,3.704,7.408,,130,,,0,,,,,,,,og-post,,,,AAXX 16014 07299 26/70 /1302 10095 20086 39832 40159 58009 333 60005 90710 91104=
07299,2008-08-16 02:00:00,8.9,1015.7,-0.9,94,8,14000,,7.408,,,,,0,,,,,,,,og-post,,,,AAXX 16024 07299 26/64 /0000 10089 20080 39830 40157 58009 333 60005 90710 91104=
07299,2008-08-16 03:00:00,9,1015.8,-0.5,95,8.2,12000,,7.408,,,,,0,0,,,,,,,og-post,,,,AAXX 16034 07299 22862 20000 10090 20082 39831 40158 55005 82030 333 60007 82358 90710 91104 93100 555 60005=
07299,2008-08-16 04:00:00,8.6,1015.8,-0.2,95,7.8,12000,3.704,7.408,,220,,,0,,,,,,,,og-post,,,,AAXX 16044 07299 22262 32202 10086 20078 39830 40158 56002 82830 333 60005 81805 83358 90710 91104 93100=
07299,2008-08-16 05:00:00,8.4,1016,0.3,95,7.6,12000,,7.408,,,,,0,,,,,,,,og-post,,,,AAXX 16054 07299 22262 30000 10084 20076 39832 40160 51003 82830 333 60005 81805 83358 90710 91104 93100=
07299,2008-08-16 06:00:00,11.2,1015.3,-0.3,96,10.6,12000,7.408,11.112,,130,8.1,15.6,0,0,,,0.2,0.1,6,,og-post,,,,AAXX 16064 07299 02262 21304 10112 20106 39829 40153 58003 60002 81830 333 10156 20081 30006 55001 60007 70002 81805 90710 91106 93100 555 60005=
07299,2008-08-16 07:00:00,13.9,1014.5,-0.6,88,11.9,15000,7.408,11.112,,110,,,0,,,,,,,,og-post,,,,AAXX 16074 07299 22165 11104 10139 20119 39824 40145 58006 81601 333 60005 81702 90710 91106 93100=
07299,2008-08-16 08:00:00,16,1013.9,-1.1,79,12.4,18000,3.704,11.112,,280,,,0,,,,,,,,og-post,,,,AAXX 16084 07299 22468 22802 10160 20124 39821 40139 56011 81101 333 60005 81813 90710 91106 93100=
07299,2008-08-16 09:00:00,18.4,1013.4,-1,66,11.9,25000,7.408,14.816,,70,,,0,0,,,,,,,og-post,,,,AAXX 16094 07299 22575 20704 10184 20119 39818 40134 56010 81101 333 60007 81826 90710 91108 93100 555 60005=
07299,2008-08-16 10:00:00,19.6,1012.6,-1.2,50,8.9,25000,18.52,29.632,,110,,,0,,,,,,,,og-post,,,,AAXX 16104 07299 22675 31110 10196 20089 39812 40126 58012 81101 333 60005 81836 83076 90710 91116 93100=
07299,2008-08-16 11:00:00,20.9,1012,-1.4,49,9.8,25000,25.928,35.188,,130,,,0,,,,,,,,og-post,,,,AAXX 16114 07299 22675 11314 10209 20098 39807 40120 58014 81101 333 60005 81840 90710 91119 93100=
07299,2008-08-16 12:00:00,21.3,1011.3,-1.7,46,9.2,25000,18.52,31.484,,100,,,0,0,,,,,,,og-post,,,,AAXX 16124 07299 02675 11010 10213 20092 39801 40113 57017 60001 81801 333 60007 81843 90710 91117 93100 555 60005=
07299,2008-08-16 13:00:00,21.9,1010.6,-1.7,43,8.8,25000,18.52,29.632,,80,,,0,,,,,,,,og-post,,,,AAXX 16134 07299 22675 30810 10219 20088 39795 40106 58017 81802 333 60005 81846 83073 90710 91116 93100=
07299,2008-08-16 14:00:00,21.2,1010,-1.9,51,10.7,30000,18.52,35.188,,360,,,0,,,,,,,,og-post,,,,AAXX 16144 07299 22780 73610 10212 20107 39788 40100 57019 81802 333 60005 81850 87073 90710 91119 93100=
07299,2008-08-16 15:00:00,22.2,1009.2,-1.9,50,11.3,30000,14.816,29.632,,360,,,0,0,,,,,,,og-post,,,,AAXX 16154 07299 22780 73608 10222 20113 39782 40092 56019 81102 333 60007 81850 87073 90710 91116 93100 555 60005=
07299,2008-08-16 16:00:00,21.8,1008.9,-1.5,50,10.9,40000,14.816,25.928,,360,,,0,,,,,,,,og-post,,,,AAXX 16164 07299 22782 73608 10218 20109 39778 40089 56015 81102 333 60005 81850 87073 90710 91114 93100=
07299,2008-08-16 17:00:00,21.7,1008.6,-1.2,41,7.9,40000,14.816,22.224,,120,,,0,,,,,,,,og-post,,,,AAXX 16174 07299 22782 71208 10217 20079 39775 40086 56012 81402 333 60005 81656 87073 90710 91112 93100=
07299,2008-08-16 18:00:00,20.1,1009.1,-0.4,46,8.1,30000,11.112,22.224,,120,11.3,22.5,0,0,,,,,,,og-post,,,,AAXX 16184 07299 02780 71206 10201 20081 39778 40091 55004 60002 81434 333 10225 20113 60007 81656 87073 90710 91112 93100 555 60005=
07299,2008-08-16 19:00:00,18,1009.4,0.1,64,11.1,45000,3.704,11.112,,170,,,0,,,,,,,,og-post,,,,AAXX 16194 07299 22983 71702 10180 20111 39779 40094 53001 82016 333 60005 82466 87073 90710 91106 93100=
07299,2008-08-16 20:00:00,14.1,1010,0.5,85,11.6,25000,3.704,7.408,,290,,,0,,,,,,,,og-post,,,,AAXX 16204 07299 22975 72902 10141 20116 39781 40100 51005 80006 333 60005 87073 90710 91104 93100=
07299,2008-08-16 21:00:00,13.5,1010.3,0.5,87,11.4,25000,3.704,7.408,,260,,,0,0,,,,,,,og-post,,,,AAXX 16214 07299 22975 72602 10135 20114 39783 40103 53005 80006 333 60007 87073 90710 91104 93100 555 60005=
07299,2008-08-16 22:00:00,12.4,1010.7,0.7,90,10.8,25000,3.704,7.408,,250,,,0,,,,,,,,og-post,,,,AAXX 16224 07299 22975 72502 10124 20108 39786 40107 53007 80006 333 60005 87073 90710 91104 93100=
07299,2008-08-16 23:00:00,11.7,1010.9,0.7,91,10.3,25000,3.704,7.408,,210,,,0,,,,,,,,og-post,,,,AAXX 16234 07299 22975 72102 10117 20103 39787 40109 51007 80006 333 60005 87073 90710 91104 93100=
07299,2008-08-17 00:00:00,11.3,1011,0.4,91,9.9,20000,3.704,3.704,,220,,,0,0,,,,,,,og-post,,,,AAXX 17004 07299 02970 72202 10113 20099 39787 40110 51004 60001 80006 333 60007 87073 90710 91102 93100 555 60005=
07299,2008-08-17 01:00:00,10.8,1010.9,0,93,9.7,10000,,3.704,,,,,0.2,,,,,,,,og-post,,,,AAXX 17014 07299 26/60 /0000 10108 20097 39786 40109 50000 333 69925 90710 91102=
07299,2008-08-17 02:00:00,10.2,1010.9,-0.2,94,9.3,13000,3.704,3.704,,240,,,0,,,,,,,,og-post,,,,AAXX 17024 07299 26/63 /2402 10102 20093 39785 40109 58002 333 60005 90710 91102=
07299,2008-08-17 03:00:00,9.5,1011.4,0.2,95,8.7,18000,3.704,7.408,,240,,,0,0.2,,,,,,,og-post,,,,AAXX 17034 07299 22968 72402 10095 20087 39789 40114 53002 81036 333 69927 81366 87073 90710 91104 555 60005=
07299,2008-08-17 04:00:00,8.7,1011.8,0.6,95,7.9,12000,3.704,7.408,,210,,,0,,,,,,,,og-post,,,,AAXX 17044 07299 22962 42102 10087 20079 39792 40118 53006 81032 333 60005 81363 83073 90710 91104=
07299,2008-08-17 05:00:00,9.6,1011.9,0.9,95,8.8,18000,7.408,7.408,,180,,,0,,,,,,,,og-post,,,,AAXX 17054 07299 22768 61804 10096 20088 39794 40119 51009 81535 333 60005 81650 86073 90710 91104=
07299,2008-08-17 06:00:00,12.3,1011.9,0.8,92,11,20000,7.408,11.112,,170,8.4,20,0,0,,0.2,0.2,11,7,,og-post,,,,AAXX 17064 07299 02770 71704 10123 20110 39797 40119 52008 69922 81585 333 10200 20084 30007 55110 60007 70002 81650 85360 86073 90710 91106 555 60005=
07299,2008-08-17 07:00:00,14.7,1011.8,0.7,80,11.3,25000,7.408,14.816,,170,,,0,,,,,,,,og-post,,,,AAXX 17074 07299 22775 71704 10147 20113 39799 40118 52007 81532 333 60005 81656 85363 86075 90710 91108 93100=
07299,2008-08-17 08:00:00,17.3,1011.9,0.9,67,11.1,25000,7.408,14.816,,160,,,0,,,,,,,,og-post,,,,AAXX 17084 07299 22675 71604 10173 20111 39803 40119 53009 81132 333 60005 81840 86075 90710 91108 93100=
07299,2008-08-17 09:00:00,19.4,1011.8,0.7,61,11.7,25000,7.408,14.816,,130,,,0,0,,,,,,,og-post,,,,AAXX 17094 07299 22675 71304 10194 20117 39804 40118 51007 81131 333 60007 81833 85075 90710 91108 93100 555 60005=
07299,2008-08-17 10:00:00,19.8,1011.8,0.5,62,12.3,25000,7.408,14.816,,160,,,0,,,,,,,,og-post,,,,AAXX 17104 07299 22675 71604 10198 20123 39804 40118 51005 81231 333 60005 81833 84359 85075 90710 91108 93100=
07299,2008-08-17 11:00:00,20.2,1011.9,0.3,62,12.7,25000,7.408,14.816,,130,,,,,,,,,,25,og-post,,,,AAXX 17114 07299 21675 71304 10202 20127 39806 40119 53003 72586 81261 333 69905 81836 85358 85075 90710 91108 93100=
07299,2008-08-17 12:00:00,20.2,1012.2,0.5,61,12.4,25000,14.816,22.224,,150,,,,,,,,,,25,og-post,,,,AAXX 17124 07299 01675 71508 10202 20124 39809 40122 53005 69901 72586 81262 333 69907 81840 85358 85075 90710 91112 93100 555 69905=
07299,2008-08-17 13:00:00,21.1,1011.9,0.3,58,12.5,25000,14.816,22.224,,120,,,0,,,,,,,15,og-post,,,,AAXX 17134 07299 21675 71208 10211 20125 39807 40119 50003 71522 878// 333 60005 81840 83650 85656 90710 91112 93100=
07299,2008-08-17 14:00:00,21.2,1011.8,0,60,13.1,15000,14.816,22.224,,130,,,,,,,,,,25,og-post,,,,AAXX 17144 07299 21665 71308 10212 20131 39806 40118 50000 72586 8583/ 333 69905 81840 85646 85358 90710 91112 93100=
07299,2008-08-17 15:00:00,20.4,1012.2,-0,67,14.1,20000,3.704,25.928,,30,,,0.2,0.2,,,,,,25,og-post,,,,AAXX 17154 07299 21570 70302 10204 20141 39809 40122 55000 72586 8186/ 333 69927 81830 86361 90710 91114 93100 555 69925=
07299,2008-08-17 16:00:00,21.3,1012,0.1,60,13.2,25000,7.408,14.816,,160,,,0,,,,,,,15,og-post,,,,AAXX 17164 07299 21575 61604 10213 20132 39808 40120 52001 71522 8286/ 333 60005 81830 85357 90710 91108 93100=
07299,2008-08-17 17:00:00,21.5,1011.9,0.1,60,13.4,25000,11.112,22.224,,160,,,0,,,,,,,,og-post,,,,AAXX 17174 07299 22675 51606 10215 20134 39807 40119 50001 83830 333 60005 81833 83650 90710 91112 93100=
07299,2008-08-17 18:00:00,19.6,1012.5,0.2,71,14.2,25000,11.112,18.52,,160,12.5,22,0,0,,0.2,,,,1,og-post,,,,AAXX 17184 07299 01675 11606 10196 20142 39811 40125 53002 69922 70186 81800 333 10220 20125 60007 81840 90710 91110 93100 555 60005=
07299,2008-08-17 19:00:00,17.4,1013.6,1.2,82,14.3,25000,7.408,11.112,,170,,,0,,,,,,,,og-post,,,,AAXX 17194 07299 22675 21704 10174 20143 39820 40136 53012 81801 333 60005 81840 90710 91106 93100=
07299,2008-08-17 20:00:00,16,1014.2,1.7,87,13.8,25000,7.408,11.112,,160,,,0,,,,,,,,og-post,,,,AAXX 17204 07299 22675 31604 10160 20138 39824 40142 52017 81831 333 60005 81840 90710 91106 93100=
07299,2008-08-17 21:00:00,16.3,1014.7,1.9,87,14.1,25000,11.112,11.112,,150,,,0,0,,,,,,,og-post,,,,AAXX 17214 07299 22675 61506 10163 20141 39829 40147 51019 85831 333 60007 81840 85650 90710 91106 93100 555 60005=
07299,2008-08-17 22:00:00,15.6,1015.1,1.2,89,13.8,20000,11.112,14.816,,160,,,0,,,,,,,,og-post,,,,AAXX 17224 07299 22670 51606 10156 20138 39832 40151 51012 81831 333 60005 81840 85073 90710 91108 93100=
07299,2008-08-17 23:00:00,15.3,1015.3,1,89,13.5,20000,7.408,14.816,,160,,,0,,,,,,,,og-post,,,,AAXX 17234 07299 22670 71604 10153 20135 39834 40153 51010 81831 333 60005 81840 85360 85073 90710 91108 93100=
07299,2008-08-18 00:00:00,15.2,1015.5,0.5,89,13.4,20000,7.408,18.52,,160,,,0,0,,,,,,,og-post,,,,AAXX 18004 07299 02670 71604 10152 20134 39835 40155 51005 60001 8383/ 333 60007 81840 83650 87358 90710 91110 93100 555 60005=
07299,2008-08-18 01:00:00,14.4,1015.6,0.3,90,12.8,20000,11.112,14.816,,160,,,0,,,,,,,,og-post,,,,AAXX 18014 07299 26/70 /1606 10144 20128 39835 40156 51003 333 60005 90710 91108=
07299,2008-08-18 02:00:00,14.2,1015.3,-0.2,89,12.4,20000,11.112,18.52,,160,,,0,,,,,,,,og-post,,,,AAXX 18024 07299 26/70 /1606 10142 20124 39832 40153 58002 333 60005 90710 91110=
07299,2008-08-18 03:00:00,13.6,1015.2,-0.3,90,12,20000,11.112,14.816,,170,,,0,0,,,,,,,og-post,,,,AAXX 18034 07299 22970 21706 10136 20120 39831 40152 58003 82031 333 60007 82361 90710 91108 555 60005=
07299,2008-08-18 04:00:00,12.9,1015.1,-0.5,92,11.6,20000,7.408,14.816,,170,,,0,,,,,,,,og-post,,,,AAXX 18044 07299 22970 11704 10129 20116 39829 40151 56005 81031 333 60005 81361 90710 91108=
07299,2008-08-18 05:00:00,12.9,1015.2,-0.2,92,11.6,25000,11.112,14.816,,180,,,0,,,,,,,,og-post,,,,AAXX 18054 07299 22975 21806 10129 20116 39830 40152 55002 82030 333 60005 81361 90710 91108=
07299,2008-08-18 06:00:00,15.7,1015.2,0.3,87,13.5,30000,11.112,18.52,,150,12.8,19.5,0,0,,,0.2,5,11,,og-post,,,,AAXX 18064 07299 02780 31506 10157 20135 39833 40152 53003 60002 81531 333 10195 20128 30011 55050 60007 70002 81656 90710 91110 93100 555 60005=
07299,2008-08-18 07:00:00,17.2,1015.2,0.7,82,14.1,30000,11.112,18.52,,150,,,0,,,,,,,,og-post,,,,AAXX 18074 07299 22680 21506 10172 20141 39835 40152 53007 81130 333 60005 81833 90710 91110 93100=
07299,2008-08-18 08:00:00,19.8,1015.1,0.7,73,14.8,40000,11.112,18.52,,130,,,0,,,,,,,,og-post,,,,AAXX 18084 07299 22682 31306 10198 20148 39837 40151 51007 81130 333 60005 81835 90710 91110 93100=
07299,2008-08-18 09:00:00,22.3,1014.5,0,62,14.7,50000,14.816,22.224,,150,,,0,0,,,,,,,og-post,,,,AAXX 18094 07299 22684 21508 10223 20147 39833 40145 50000 81130 333 60007 81840 90710 91112 93100 555 60005=
07299,2008-08-18 10:00:00,24.3,1013.8,-0.7,54,14.4,50000,11.112,22.224,,130,,,0,,,,,,,,og-post,,,,AAXX 18104 07299 22684 11306 10243 20144 39829 40138 58007 81200 333 60005 81843 90710 91112 93100=
07299,2008-08-18 11:00:00,25.8,1013.3,-1.2,50,14.6,50000,3.704,18.52,,330,,,0,,,,,,,,og-post,,,,AAXX 18114 07299 22784 23302 10258 20146 39825 40133 57012 82200 333 60005 82850 90710 91110 93100=
07299,2008-08-18 12:00:00,26.1,1012.6,-1.4,49,14.6,50000,11.112,18.52,,300,,,0,0,,,,,,,og-post,,,,AAXX 18124 07299 02784 23006 10261 20146 39819 40126 58014 60001 82200 333 60007 82850 90710 91110 93100 555 60005=
07299,2008-08-18 13:00:00,26.4,1012.3,-1.4,49,14.8,50000,7.408,18.52,,310,,,0,,,,,,,,og-post,,,,AAXX 18134 07299 22784 23104 10264 20148 39816 40123 56014 82200 333 60005 82850 90710 91110 93100=
07299,2008-08-18 14:00:00,27.8,1011.7,-1.2,48,15.8,50000,3.704,18.52,,270,,,0,,,,,,,,og-post,,,,AAXX 18144 07299 22784 22702 10278 20158 39812 40117 56012 81230 333 60005 81850 90710 91110 93100=
07299,2008-08-18 15:00:00,28.4,1011.2,-1.1,42,14.3,50000,7.408,18.52,,280,,,0,0,,,,,,,og-post,,,,AAXX 18154 07299 22784 12804 10284 20143 39808 40112 58011 81230 333 60007 81856 90710 91110 93100 555 60005=
07299,2008-08-18 16:00:00,28.2,1011,-1.1,43,14.4,50000,7.408,18.52,,300,,,0,,,,,,,,og-post,,,,AAXX 18164 07299 22884 23004 10282 20144 39805 40110 56011 81430 333 60005 81656 90710 91110 93100=
07299,2008-08-18 17:00:00,28.1,1011,-0.7,44,14.7,50000,7.408,14.816,,290,,,0,,,,,,,,og-post,,,,AAXX 18174 07299 22884 12904 10281 20147 39805 40110 56007 81440 333 60005 81656 90710 91108 93100=
07299,2008-08-18 18:00:00,27,1011.4,-0,53,16.6,50000,3.704,11.112,,300,15.7,28.9,0,0,,,,,,,og-post,,,,AAXX 18184 07299 02984 13002 10270 20166 39808 40114 55000 60002 81040 333 10289 20157 60007 81364 90710 91106 93100 555 60005=
07299,2008-08-18 19:00:00,21.4,1012.3,0.7,80,17.8,30000,3.704,7.408,,220,,,0,,,,,,,,og-post,,,,AAXX 18194 07299 22980 12202 10214 20178 39812 40123 53007 81040 333 60005 81364 90710 91104 93100=
07299,2008-08-18 20:00:00,19.7,1013.3,1.4,82,16.5,20000,3.704,11.112,,190,,,0,,,,,,,,og-post,,,,AAXX 18204 07299 22970 11902 10197 20165 39819 40133 53014 81040 333 60005 81364 90710 91106 93100=
07299,2008-08-18 21:00:00,18.1,1013.7,1.3,88,16.1,20000,3.704,11.112,,160,,,0,0,,,,,,,og-post,,,,AAXX 18214 07299 22970 31602 10181 20161 39821 40137 51013 83040 333 60007 83364 90710 91106 93100 555 60005=
07299,2008-08-18 22:00:00,16.7,1014,1.1,88,14.7,20000,7.408,11.112,,180,,,0,,,,,,,,og-post,,,,AAXX 18224 07299 22870 21804 10167 20147 39823 40140 51011 82030 333 60005 82358 90710 91106 93100=
07299,2008-08-18 23:00:00,16.6,1014.1,0.5,88,14.6,20000,3.704,7.408,,170,,,0,,,,,,,,og-post,,,,AAXX 18234 07299 22970 31702 10166 20146 39824 40141 51005 83030 333 60005 83358 90710 91104 93100=
07299,2008-08-19 00:00:00,16.6,1014.5,0.6,87,14.4,20000,7.408,14.816,,200,,,0.2,0.2,0.2,,,,,,og-post,,,,AAXX 19004 07299 02970 12004 10166 20144 39827 40145 53006 69921 81030 333 69927 81358 90710 91108 93100 555 69925=
07299,2008-08-19 01:00:00,16.5,1014.7,0.6,87,14.3,20000,3.704,14.816,,180,,,0,,,,,,,,og-post,,,,AAXX 19014 07299 26/70 /1802 10165 20143 39829 40147 52006 333 60005 90710 91108=
07299,2008-08-19 02:00:00,17.2,1014.8,0.7,86,14.8,20000,7.408,14.816,,180,,,0,,,,,,,,og-post,,,,AAXX 19024 07299 26/70 /1804 10172 20148 39831 40148 51007 333 60005 90710 91108=
07299,2008-08-19 03:00:00,16.8,1014.4,-0.1,87,14.6,20000,7.408,11.112,,170,,,0,0,,,,,,,og-post,,,,AAXX 19034 07299 22970 31704 10168 20146 39827 40144 58001 83030 333 60007 83359 90710 91106 93100 555 60005=
07299,2008-08-19 04:00:00,16.2,1014.3,-0.5,88,14.2,20000,11.112,14.816,,170,,,0,,,,,,,,og-post,,,,AAXX 19044 07299 22970 11706 10162 20142 39825 40143 58005 81030 333 60005 81359 90710 91108 93100=
07299,2008-08-19 05:00:00,15.9,1014.1,-0.7,88,13.9,20000,7.408,14.816,,180,,,0,,,,,,,,og-post,,,,AAXX 19054 07299 22970 31804 10159 20139 39823 40141 56007 83030 333 60005 83359 90710 91108 93100=
07299,2008-08-19 06:00:00,17.6,1014.1,-0.2,84,14.9,20000,7.408,14.816,,180,15.8,27,0,0,,0.2,0.2,12.5,14,,og-post,,,,AAXX 19064 07299 02970 51804 10176 20149 39825 40141 55002 69922 83081 333 10270 20158 30014 55125 60007 70002 83359 90710 91108 93100 555 60005=
07299,2008-08-19 07:00:00,19.5,1013.9,-0,78,15.6,30000,7.408,11.112,,140,,,0,,,,,,,14,og-post,,,,AAXX 19074 07299 21580 51404 10195 20156 39825 40139 55000 71422 81289 333 60005 81830 83366 90710 91106 93100=
07299,2008-08-19 08:00:00,22.1,1013.6,0.2,69,16.1,30000,3.704,14.816,,120,,,0,,,,,,,14,og-post,,,,AAXX 19084 07299 21580 51202 10221 20161 39825 40136 50002 71422 81282 333 60005 81830 84076 90710 91108 93100=
07299,2008-08-19 09:00:00,23.5,1013.2,-0.3,62,15.8,30000,3.704,11.112,,340,,,0,0,,,,,,,og-post,,,,AAXX 19094 07299 22680 63402 10235 20158 39822 40132 58003 81182 333 60007 81833 83365 85076 90710 91106 93100 555 60005=
07299,2008-08-19 10:00:00,25,1012.4,-1,55,15.3,30000,3.704,11.112,,320,,,0,,,,,,,,og-post,,,,AAXX 19104 07299 22680 63202 10250 20153 39816 40124 58010 81182 333 60005 81837 84366 90710 91106 93100=
07299,2008-08-19 11:00:00,25.2,1011.8,-1.4,60,16.9,40000,14.816,22.224,,290,,,0,,,,,,,,og-post,,,,AAXX 19114 07299 22682 62908 10252 20169 39811 40118 58014 82282 333 60005 82840 85365 90710 91112 93100=
07299,2008-08-19 12:00:00,25.7,1011.4,-1.5,57,16.5,35000,14.816,29.632,,290,,,0,0,,,,,,,og-post,,,,AAXX 19124 07299 02681 62908 10257 20165 39807 40114 56015 60001 83882 333 60007 83836 84075 90710 91116 93100 555 60005=
07299,2008-08-19 13:00:00,24.3,1011.6,-0.8,62,16.6,14000,14.816,25.928,,270,,,0,,,,,,,16,og-post,,,,AAXX 19134 07299 21664 72708 10243 20166 39808 40116 55008 71622 879// 333 60005 82835 82940 86648 90710 91114 93100=
07299,2008-08-19 14:00:00,20.9,1013.4,1.1,66,14.3,30000,22.224,57.412,,280,,,,,,,,,,25,og-post,,,,AAXX 19144 07299 21580 72812 10209 20143 39821 40134 53011 72586 879// 333 69905 81830 81936 86648 90710 91131 93100 91220 91529=
07299,2008-08-19 15:00:00,17.7,1015,2.7,87,15.5,12000,7.408,50.004,,260,,,0.4,0.4,,,,,,80,og-post,,,,AAXX 19154 07299 21562 82604 10177 20155 39834 40150 53027 78086 8497/ 333 69947 81820 81933 83648 88357 90710 91127 93100 91220 91529 555 69945=
07299,2008-08-19 16:00:00,17.3,1015.2,2.8,89,15.5,5000,3.704,14.816,,170,,,4,,,,,,,92,og-post,,,,AAXX 19164 07299 21450 81702 10173 20155 39835 40152 51028 79296 8597/ 333 60045 82715 81930 84641 88357 90710 91108 93100=
07299,2008-08-19 17:00:00,17.1,1013.7,-0.2,92,15.8,15000,7.408,14.816,,80,,,2,,,,,,,61,og-post,,,,AAXX 19174 07299 21165 80804 10171 20158 39820 40137 58002 76166 8557/ 333 60025 81703 83714 88361 90710 91108 93100=
07299,2008-08-19 18:00:00,17.2,1014.8,-0.3,91,15.7,20000,7.408,11.112,,190,17.1,26.3,0.2,7,,7,,,,21,og-post,,,,AAXX 19184 07299 01270 81904 10172 20157 39831 40148 55003 60072 72198 8657/ 333 10263 20171 60077 81705 86617 87360 90710 91106 93100 555 69925=
07299,2008-08-19 19:00:00,16.9,1015.3,0.1,89,15.1,12000,11.112,18.52,,260,,,0.2,,,,,,,60,og-post,,,,AAXX 19194 07299 21262 72606 10169 20151 39836 40153 53001 76062 875// 333 69925 81705 87616 90710 91110 93100=
07299,2008-08-19 20:00:00,16.8,1016,2.2,91,15.3,15000,7.408,14.816,,190,,,0.2,,,,,,,21,og-post,,,,AAXX 19204 07299 21365 71904 10168 20153 39842 40160 51022 72162 875// 333 69925 81708 87650 90710 91108 93100=
07299,2008-08-19 21:00:00,16.6,1016.2,1.3,89,14.8,15000,3.704,7.408,,330,,,0,0.4,,,,,,2,og-post,,,,AAXX 19214 07299 21465 73302 10166 20148 39844 40162 51013 70262 878// 333 69947 81810 87656 90710 91104 93100 555 60005=
07299,2008-08-19 22:00:00,15.8,1016.7,1.2,91,14.3,15000,7.408,14.816,,290,,,0,,,,,,,,og-post,,,,AAXX 19224 07299 22465 72904 10158 20143 39848 40167 51012 878// 333 60005 81810 87657 90710 91108 93100=
07299,2008-08-19 23:00:00,15.5,1016.8,0.6,92,14.2,15000,3.704,7.408,,260,,,0,,,,,,,,og-post,,,,AAXX 19234 07299 22465 72602 10155 20142 39848 40168 51006 878// 333 60005 81810 87657 90710 91104 93100=
07299,2008-08-20 00:00:00,15,1016.7,0.2,91,13.5,15000,7.408,11.112,,140,,,0,0,0.4,,,,,2,og-post,,,,AAXX 20004 07299 01465 71404 10150 20135 39847 40167 50002 69941 70262 8717/ 333 60007 81810 87359 90710 91106 93100 555 60005=
07299,2008-08-20 01:00:00,14.8,1016.7,-0.2,93,13.7,20000,3.704,7.408,,130,,,0,,,,,,,,og-post,,,,AAXX 20014 07299 26/70 /1302 10148 20137 39847 40167 57002 333 60005 90710 91104=
07299,2008-08-20 02:00:00,14.8,1016.7,-0.1,94,13.8,20000,3.704,7.408,,180,,,0,,,,,,,,og-post,,,,AAXX 20024 07299 26/70 /1802 10148 20138 39847 40167 55001 333 60005 90710 91104=
07299,2008-08-20 03:00:00,15.1,1016.6,0,88,13.1,12000,7.408,11.112,,220,,,0,0,,,,,,,og-post,,,,AAXX 20034 07299 22562 72204 10151 20131 39846 40166 50000 878// 333 60007 81830 87356 90710 91106 93100 555 60005=
07299,2008-08-20 04:00:00,15.5,1016.8,0.2,85,13,15000,7.408,18.52,,250,,,0,,,,,,,,og-post,,,,AAXX 20044 07299 22665 72504 10155 20130 39848 40168 53002 878// 333 60005 81840 87357 90710 91110 93100=
07299,2008-08-20 05:00:00,15.5,1017.3,0.6,86,13.2,20000,3.704,11.112,,260,,,0,,,,,,,,og-post,,,,AAXX 20054 07299 22570 72602 10155 20132 39853 40173 53006 8753/ 333 60005 81825 85627 87358 90710 91106 93100=
07299,2008-08-20 06:00:00,15.5,1017.6,1,86,13.2,20000,7.408,7.408,,170,14.3,17.3,0,0,,0.4,7.6,4,13,,og-post,,,,AAXX 20064 07299 02570 51704 10155 20132 39856 40176 53010 69942 84830 333 10173 20143 31013 55040 60007 70076 81820 84626 90710 91104 93100 555 60005=
07299,2008-08-20 07:00:00,16.3,1017.9,1.1,83,13.4,20000,7.408,14.816,,230,,,0,,,,,,,,og-post,,,,AAXX 20074 07299 22570 72304 10163 20134 39860 40179 51011 8683/ 333 60005 81820 86624 90710 91108 93100=
07299,2008-08-20 08:00:00,17.2,1018,0.9,79,13.5,25000,11.112,14.816,,260,,,0,,,,,,,,og-post,,,,AAXX 20084 07299 22575 72606 10172 20135 39862 40180 52009 8683/ 333 60005 81820 83828 85645 90710 91108 93100=
07299,2008-08-20 09:00:00,17.9,1018.4,1.1,75,13.4,25000,7.408,18.52,,230,,,0,0,,,,,,,og-post,,,,AAXX 20094 07299 22575 72304 10179 20134 39866 40184 53011 8683/ 333 60007 82825 83832 85645 90710 91110 93100 555 60005=
07299,2008-08-20 10:00:00,18.4,1018.4,0.8,71,13,25000,3.704,14.816,,230,,,0,,,,,,,,og-post,,,,AAXX 20104 07299 22575 72302 10184 20130 39867 40184 51008 8583/ 333 60005 82825 85635 85356 90710 91108 93100=
07299,2008-08-20 11:00:00,18.9,1018.3,0.5,70,13.3,25000,7.408,14.816,,300,,,0,,,,,,,,og-post,,,,AAXX 20114 07299 22575 73004 10189 20133 39867 40183 51005 8583/ 333 60005 82826 84635 85650 90710 91108 93100=
07299,2008-08-20 12:00:00,19.4,1018.4,0.1,68,13.3,30000,11.112,18.52,,300,,,0,0,,,,,,,og-post,,,,AAXX 20124 07299 02580 73006 10194 20133 39868 40184 53001 60001 8583/ 333 60007 82830 84643 87357 90710 91110 93100 555 60005=
07299,2008-08-20 13:00:00,20.3,1018.5,0.3,59,12,35188,14.816,22.224,,280,,,0,,,,,,,,synop_v4,,,7,
07299,2008-08-20 15:00:00,20.4,1018.9,0.4,57,11.6,40000,14.816,29.632,,260,,,0,0,,,,,,,og-post,,,,AAXX 20154 07299 22682 72608 10204 20116 39874 40189 53004 8183/ 333 60007 81840 87357 90710 91116 93100 555 60005=
07299,2008-08-20 16:00:00,20.2,1018.9,0.4,58,11.7,40000,14.816,29.632,,270,,,0,,,,,,,,og-post,,,,AAXX 20164 07299 22682 72708 10202 20117 39874 40189 51004 8183/ 333 60005 81840 86357 90710 91116 93100=
07299,2008-08-20 17:00:00,19.7,1019,0.3,59,11.5,40000,7.408,22.224,,270,,,0,,,,,,,,og-post,,,,AAXX 20174 07299 22682 72704 10197 20115 39874 40190 51003 8183/ 333 60005 81840 86357 90710 91112 93100=
07299,2008-08-20 18:00:00,19.8,1019.1,0.1,58,11.3,35000,11.112,18.52,,270,15.5,21.1,0,0,,,,,,,og-post,,,,AAXX 20184 07299 02681 62706 10198 20113 39875 40191 53001 60002 81130 333 10211 20155 60007 81848 85357 90710 91110 93100 555 60005=
07299,2008-08-20 19:00:00,17,1019.7,0.4,79,13.3,40000,3.704,11.112,,240,,,0,,,,,,,,og-post,,,,AAXX 20194 07299 22782 62402 10170 20133 39878 40197 53004 81430 333 60005 81650 86357 90710 91106 93100 94030 94135=
07299,2008-08-20 20:00:00,16.2,1020.4,1,83,13.3,40000,7.408,11.112,,260,,,0,,,,,,,,og-post,,,,AAXX 20204 07299 22882 62604 10162 20133 39884 40204 53010 86030 333 60005 86357 90710 91106 93100 94030 94135=
07299,2008-08-20 21:00:00,15.7,1020.6,1,85,13.2,35000,3.704,7.408,,200,,,0,0,,,,,,,og-post,,,,AAXX 20214 07299 22881 62002 10157 20132 39885 40206 51010 86030 333 60007 86357 90710 91104 93100 94030 94135 555 60005=
07299,2008-08-20 22:00:00,15.7,1020.8,0.9,84,13,35000,3.704,7.408,,160,,,0,,,,,,,,og-post,,,,AAXX 20224 07299 22881 61602 10157 20130 39887 40208 51009 86030 333 60005 86357 90710 91104 93100 94030 94135=
07299,2008-08-20 23:00:00,14.8,1020.8,0.2,87,12.7,35000,3.704,7.408,,150,,,0,,,,,,,,og-post,,,,AAXX 20234 07299 22881 51502 10148 20127 39886 40208 50002 85030 333 60005 85356 90710 91104 93100 94035 94135=
07299,2008-08-21 00:00:00,13.8,1021,0.1,90,12.2,30000,,7.408,,,,,0,0,,,,,,,og-post,,,,AAXX 21004 07299 02880 50000 10138 20122 39887 40210 51001 60001 85500 333 60007 85656 90710 91104 93100 94055 94155 555 60005=
07299,2008-08-21 01:00:00,12.8,1020.9,-0.2,91,11.4,20000,7.408,7.408,,160,,,0,,,,,,,,og-post,,,,AAXX 21014 07299 26/70 /1604 10128 20114 39885 40209 57002 333 60005 90710 91104=
07299,2008-08-21 02:00:00,11.5,1021.1,-0.1,93,10.4,3700,,7.408,,,,,0,,,,,,,,og-post,,,,AAXX 21024 07299 26/37 /0000 10115 20104 39885 40211 57001 333 60005 90710 91104=
07299,2008-08-21 03:00:00,10.6,1020.9,-0.4,94,9.7,25000,,3.704,,,,,0,0,,,,,,,og-post,,,,AAXX 21034 07299 22775 30000 10106 20097 39882 40209 58004 82501 333 60007 82656 90710 91102 93100 94050 94155 555 60005=
07299,2008-08-21 04:00:00,9.7,1021.1,-0.2,94,8.8,20000,,3.704,,,,,0,,,,,,,11,og-post,,,,AAXX 21044 07299 21770 40000 10097 20088 39883 40211 55002 71100 82501 333 60005 82656 83076 90710 91102 93100=
07299,2008-08-21 05:00:00,9.9,1021.3,-0,95,9.1,22000,,3.704,,,,,0,,,,,,,,og-post,,,,AAXX 21054 07299 22072 60000 10099 20091 39885 40213 55000 81631 333 60005 81701 85076 90710 91102 93100=
07299,2008-08-21 06:00:00,12.6,1021.1,0.5,95,11.8,25000,7.408,7.408,,180,9.5,19.6,0,0,,,0,1.3,7,,og-post,,,,AAXX 21064 07299 02775 71804 10126 20118 39887 40211 53005 60002 81531 333 10196 20095 30007 55013 60007 70000 81656 87076 90710 91104 93100 555 60005=
07299,2008-08-21 07:00:00,15.2,1020.9,0.5,86,12.9,30000,7.408,7.408,,180,,,0,,,,,,,,og-post,,,,AAXX 21074 07299 22780 71804 10152 20129 39888 40209 51005 81531 333 60005 81656 87076 90710 91104 93100=
07299,2008-08-21 08:00:00,17.5,1020.8,0.4,73,12.6,40000,3.704,11.112,,140,,,0,,,,,,,,og-post,,,,AAXX 21084 07299 22582 71402 10175 20126 39889 40208 51004 81831 333 60005 81820 87076 90710 91106 93100=
07299,2008-08-21 09:00:00,20.1,1020.5,0.2,62,12.6,40000,3.704,11.112,,130,,,0,0,,,,,,,og-post,,,,AAXX 21094 07299 22582 71302 10201 20126 39889 40205 51002 81831 333 60007 81826 87076 90710 91106 93100 555 60005=
07299,2008-08-21 12:00:00,22.4,1019,-1.2,44,9.6,50000,11.112,35.188,,290,,,0,0,,,,,,,og-post,,,,AAXX 21124 07299 02684 62906 10224 20096 39877 40190 56012 60001 83832 333 60007 82840 85076 90710 91119 93100 555 60005=
07299,2008-08-21 15:00:00,22.2,1018.5,-0.5,45,9.7,50000,7.408,14.816,,260,,,0,0,,,,,,,og-post,,,,AAXX 21154 07299 22784 52604 10222 20097 39872 40185 58005 83832 333 60007 81850 83656 90710 91108 93100 555 60005=
07299,2008-08-21 18:00:00,22,1018.2,-0.3,58,13.4,50000,3.704,11.112,,280,12.8,24,0,0,,,,,,,og-post,,,,AAXX 21184 07299 02784 12802 10220 20134 39869 40182 55003 60002 81831 333 10240 20128 60007 81850 90710 91106 93100 555 60005=
07299,2008-08-21 21:00:00,14.6,1019.6,0.5,86,12.3,30000,3.704,7.408,,180,,,0,0,,,,,,,og-post,,,,AAXX 21214 07299 22980 01802 10146 20123 39874 40196 51005 333 60007 90710 91104 93100 555 60005=
07299,2008-08-22 00:00:00,12.6,1019.2,-0.6,91,11.2,30000,3.704,11.112,,170,,,0,0,,,,,,,og-post,,,,AAXX 22004 07299 02980 01702 10126 20112 39868 40192 58006 60001 333 60007 90710 91106 93100 555 60005=
07299,2008-08-22 01:00:00,12.9,1018.5,-1.1,91,11.5,20000,7.408,11.112,,190,,,0,,,,,,,,og-post,,,,AAXX 22014 07299 26/70 /1904 10129 20115 39862 40185 58011 333 60005 90710 91106=
07299,2008-08-22 02:00:00,12.9,1017.9,-1.5,90,11.3,20000,11.112,14.816,,170,,,0,,,,,,,,og-post,,,,AAXX 22024 07299 26/70 /1706 10129 20113 39856 40179 58015 333 60005 90710 91108=
07299,2008-08-22 03:00:00,12.5,1017.4,-1.7,90,10.9,15000,11.112,11.112,,180,,,0,0,,,,,,,og-post,,,,AAXX 22034 07299 22865 11806 10125 20109 39851 40174 56017 81030 333 60007 81357 90710 91106 93100 555 60005=
07299,2008-08-22 04:00:00,11.8,1017.1,-1.5,91,10.4,15000,3.704,11.112,,200,,,0,,,,,,,,og-post,,,,AAXX 22044 07299 22965 12002 10118 20104 39847 40171 56015 81030 333 60005 81359 90710 91106 93100=
07299,2008-08-22 05:00:00,11.8,1016.7,-1.3,92,10.5,30000,7.408,11.112,,180,,,0,,,,,,,,og-post,,,,AAXX 22054 07299 22980 31804 10118 20105 39843 40167 56013 81033 333 60005 81360 83073 90710 91106 93100=
07299,2008-08-22 06:00:00,13.7,1015.9,-1.4,88,11.7,30000,7.408,11.112,,160,11.5,21.7,0,0,,,0,10.1,9,,og-post,,,,AAXX 22064 07299 02880 71604 10137 20117 39837 40159 58014 60002 82081 333 10217 20115 30009 55101 60007 70000 81357 86073 90710 91106 93100 555 60005=
07299,2008-08-22 07:00:00,15.8,1015.7,-0.9,79,12.2,45000,,11.112,,,,,0.2,,,,,,,,og-post,,,,AAXX 22074 07299 22783 70000 10158 20122 39838 40157 55009 81582 333 69925 81656 87073 90710 91106 93100=
07299,2008-08-22 08:00:00,16.1,1015.2,-1,81,12.8,45000,3.704,7.408,,310,,,0,,,,,,,,og-post,,,,AAXX 22084 07299 22783 73102 10161 20128 39833 40152 56010 81582 333 60005 81656 87073 90710 91104 93100=
07299,2008-08-22 09:00:00,17.7,1014.2,-1.1,76,13.4,40000,7.408,11.112,,310,,,0,0.2,,,,,,,og-post,,,,AAXX 22094 07299 22782 73104 10177 20134 39826 40142 58011 81582 333 69927 81656 83361 87073 90710 91106 93100 555 60005=
07299,2008-08-22 10:00:00,19.9,1013.4,-1.8,73,14.9,30000,3.704,11.112,,340,,,0,,,,,,,,og-post,,,,AAXX 22104 07299 22780 73402 10199 20149 39820 40134 58018 81582 333 60005 81656 84361 87070 90710 91106 93100=
07299,2008-08-22 11:00:00,21.6,1013.3,-1.2,62,14,18000,3.704,11.112,,250,,,0,,,,,,,,og-post,,,,AAXX 22114 07299 22568 82502 10216 20140 39821 40133 55012 8388/ 333 60005 81830 83656 87361 90710 91106 93100=
07299,2008-08-22 12:00:00,18.7,1015,1,80,15.2,12000,22.224,46.3,,270,,,,,0.2,,,,,61,og-post,,,,AAXX 22124 07299 01462 82712 10187 20152 39835 40150 53010 69921 76162 8537/ 333 69907 81815 81925 85650 87457 90710 91125 93100 555 69905=
07299,2008-08-22 13:00:00,17,1015.3,1.6,86,14.6,18000,7.408,35.188,,260,,,0.4,,,,,,,21,og-post,,,,AAXX 22134 07299 21468 82604 10170 20146 39836 40153 52016 72162 8587/ 333 69945 81813 85656 87458 90710 91119 93100=
07299,2008-08-22 14:00:00,17.1,1014.3,0.5,85,14.6,18000,3.704,14.816,,290,,,0.6,,,,,,,21,og-post,,,,AAXX 22144 07299 21368 72902 10171 20146 39826 40143 50005 72162 8587/ 333 69965 81806 85650 87458 90710 91108 93100=
07299,2008-08-22 15:00:00,18.1,1013.3,-1.8,82,15,20000,11.112,18.52,,120,,,0,1,,,,,,1,og-post,,,,AAXX 22154 07299 21470 51206 10181 20150 39817 40133 58018 70162 84830 333 60017 81811 84656 85358 90710 91110 93100 555 60005=
07299,2008-08-22 16:00:00,18.2,1013,-2,82,15.1,25000,7.408,14.816,,130,,,0,,,,,,,,og-post,,,,AAXX 22164 07299 22475 71304 10182 20151 39815 40130 56020 8683/ 333 60005 81815 86650 87358 90710 91108 93100=
07299,2008-08-22 17:00:00,18.3,1013.3,-0.8,83,15.4,25000,3.704,11.112,,150,,,0,,,,,,,,og-post,,,,AAXX 22174 07299 22575 71502 10183 20154 39818 40133 55008 8683/ 333 60005 81820 83630 85645 90710 91106 93100=
07299,2008-08-22 18:00:00,17.6,1013.8,0.5,84,14.9,13000,14.816,25.928,,260,13.8,21.7,0.4,0.4,,2,,,,80,og-post,,,,AAXX 22184 07299 01463 82608 10176 20149 39822 40138 53005 60022 78086 8687/ 333 10217 20138 69947 82815 82925 85645 87357 90710 91114 93100 555 69945=
07299,2008-08-22 19:00:00,16.3,1014.6,1.2,87,14.1,13000,7.408,29.632,,180,,,0.4,,,,,,,25,og-post,,,,AAXX 22194 07299 21463 71804 10163 20141 39828 40146 53012 72586 8387/ 333 69945 81815 83650 87358 90710 91116 93100=
07299,2008-08-22 20:00:00,15.3,1015,1.4,85,12.8,13000,3.704,14.816,,120,,,0,,,,,,,,og-post,,,,AAXX 22204 07299 22463 51202 10153 20128 39831 40150 51014 83830 333 60005 81816 83650 85360 90710 91108 93100=
07299,2008-08-22 21:00:00,15.8,1015.8,1.6,80,12.4,13000,11.112,22.224,,220,,,0,0.4,,,,,,1,og-post,,,,AAXX 22214 07299 21563 42206 10158 20124 39839 40158 53016 70186 83830 333 69947 81820 83650 90710 91112 93100 555 60005=
07299,2008-08-22 22:00:00,16.1,1016.7,2,80,12.6,13000,11.112,22.224,,250,,,0,,,,,,,,og-post,,,,AAXX 22224 07299 22563 62506 10161 20126 39848 40167 53020 86500 333 60005 86626 90710 91112 93100=
07299,2008-08-22 23:00:00,15.7,1016.9,1.7,83,12.8,13000,11.112,22.224,,250,,,0,,,,,,,,og-post,,,,AAXX 22234 07299 22563 62506 10157 20128 39849 40169 51017 82530 333 60005 82631 86356 90710 91112 93100=
07299,2008-08-23 00:00:00,14.8,1016.7,0.7,87,12.7,15000,7.408,22.224,,240,,,0,0,0.4,,,,,3,og-post,,,,AAXX 23004 07299 01565 62404 10148 20127 39847 40167 50007 69941 70386 84530 333 60007 84620 85358 90710 91112 93100 555 60005=
07299,2008-08-23 01:00:00,15.2,1016.5,-0.3,85,12.7,20000,3.704,22.224,,230,,,0,,,,,,,,og-post,,,,AAXX 23014 07299 26/70 /2302 10152 20127 39845 40165 58003 333 60005 90710 91112=
07299,2008-08-23 02:00:00,15.2,1016.2,-0.7,84,12.5,20000,7.408,14.816,,260,,,0,,,,,,,,og-post,,,,AAXX 23024 07299 26/70 /2604 10152 20125 39842 40162 57007 333 60005 90710 91108=
07299,2008-08-23 03:00:00,15.1,1016.3,-0.3,84,12.4,13000,11.112,18.52,,260,,,0,0,,,,,,,og-post,,,,AAXX 23034 07299 22663 72606 10151 20124 39843 40163 55003 875// 333 60007 87634 90710 91110 93100 555 60005=
07299,2008-08-23 04:00:00,14.5,1016.2,-0.4,86,12.2,13000,7.408,22.224,,250,,,0,,,,,,,,og-post,,,,AAXX 23044 07299 22663 72504 10145 20122 39841 40162 56004 8553/ 333 60005 81634 85656 87359 90710 91112 93100=
07299,2008-08-23 05:00:00,14.8,1016.1,0,86,12.5,13000,7.408,18.52,,250,,,0,,,,,,,,og-post,,,,AAXX 23054 07299 22463 72504 10148 20125 39841 40161 50000 878// 333 60005 81816 87650 90710 91110 93100=
07299,2008-08-23 06:00:00,15.1,1016.1,-0.2,85,12.6,13000,7.408,14.816,,280,14.5,17.5,0,0,,0.4,2,1.7,12,,og-post,,,,AAXX 23064 07299 02463 72804 10151 20126 39841 40161 56002 69942 8683/ 333 10175 20145 31012 55017 60007 70020 81816 86650 87360 90710 91108 93100 555 60005=
07299,2008-08-23 07:00:00,15.4,1016.1,-0,85,12.9,15000,7.408,14.816,,260,,,,,,,,,,25,og-post,,,,AAXX 23074 07299 21465 82604 10154 20129 39841 40161 54000 72586 878// 333 69905 82814 86650 90710 91108 93100=
07299,2008-08-23 08:00:00,15.9,1015.9,-0.1,86,13.6,18000,7.408,18.52,,280,,,,,,,,,,21,og-post,,,,AAXX 23084 07299 21468 82804 10159 20136 39840 40159 58001 72162 878// 333 69905 84814 87650 90710 91110 93100=
07299,2008-08-23 09:00:00,16.6,1015.8,-0.1,81,13.3,18000,11.112,22.224,,260,,,,,,,,,,60,og-post,,,,AAXX 23094 07299 21468 82606 10166 20133 39840 40158 57001 76086 878// 333 69907 85818 87650 90710 91112 93100 555 69905=
07299,2008-08-23 10:00:00,16.6,1015.7,-0.2,83,13.7,15000,14.816,29.632,,250,,,,,,,,,,21,og-post,,,,AAXX 23104 07299 21465 82508 10166 20137 39839 40157 57002 72162 878// 333 69905 81815 84650 87657 90710 91116 93100=
07299,2008-08-23 11:00:00,17.4,1015.2,-0.4,74,12.7,18000,18.52,29.632,,240,,,0,,,,,,,,og-post,,,,AAXX 23114 07299 22568 82410 10174 20127 39835 40152 58004 8385/ 333 60005 82820 87357 90710 91116 93100=
07299,2008-08-23 12:00:00,19,1014.5,-1,64,12,18000,14.816,25.928,,230,,,0,,,,,,,1,og-post,,,,AAXX 23124 07299 01568 72308 10190 20120 39830 40145 58010 69901 70186 8485/ 333 69907 82825 83656 90710 91114 93100 555 60005=
07299,2008-08-23 13:00:00,17.5,1014.5,-1.1,69,11.8,18000,18.52,31.484,,290,,,0,,,,,,,16,og-post,,,,AAXX 23134 07299 21568 72910 10175 20118 39828 40145 56011 71622 8593/ 333 60005 84830 82933 83357 90710 91117 93100=
07299,2008-08-23 14:00:00,17.5,1014.8,-0.4,70,12,18000,18.52,38.892,,240,,,0,,,,,,,15,og-post,,,,AAXX 23144 07299 21568 72410 10175 20120 39831 40148 55004 71522 8395/ 333 60005 81830 81933 87358 90710 91121 93100=
07299,2008-08-23 15:00:00,18.7,1014.3,-0.3,52,8.7,20000,29.632,46.3,,260,,,,,,,,,,25,og-post,,,,AAXX 23154 07299 21670 72616 10187 20087 39827 40143 58003 72586 8295/ 333 69907 81833 81936 83358 90710 91125 93100 555 69905=
07299,2008-08-23 16:00:00,18.5,1014.2,-0.3,53,8.7,20000,14.816,42.596,,270,,,0,,,,,,,,og-post,,,,AAXX 23164 07299 22670 72708 10185 20087 39826 40142 58003 82833 333 60005 81833 84363 90710 91123 93100=
07299,2008-08-23 17:00:00,18,1014.4,-0.4,57,9.4,25000,18.52,35.188,,270,,,0,,,,,,,,og-post,,,,AAXX 23174 07299 22675 72710 10180 20094 39827 40144 55004 8395/ 333 60005 81836 81940 85363 90710 91119 93100=
07299,2008-08-23 18:00:00,17.3,1014.9,0.4,60,9.5,8000,22.224,35.188,,280,15.1,19.9,0,0,,,,,,16,og-post,,,,AAXX 23184 07299 01558 72812 10173 20095 39831 40149 53004 69902 71686 83930 333 10199 20151 60007 81826 81933 83656 85363 90710 91119 93100 555 60005=
07299,2008-08-23 19:00:00,14.5,1016.1,1.5,82,11.5,20000,3.704,29.632,,300,,,0,,,,,,,,og-post,,,,AAXX 23194 07299 22570 73002 10145 20115 39840 40161 53015 879// 333 60005 81826 81933 83640 86656 90710 91116 93100=
07299,2008-08-23 20:00:00,13.3,1016.8,1.9,86,11,20000,3.704,7.408,,110,,,0,,,,,,,,og-post,,,,AAXX 23204 07299 22770 31102 10133 20110 39846 40168 53019 81530 333 60005 81650 90710 91104 93100=
07299,2008-08-23 21:00:00,12,1017.3,1.8,89,10.2,18000,3.704,7.408,,30,,,0,0,,,,,,,og-post,,,,AAXX 23214 07299 22668 60302 10120 20102 39849 40173 51018 84830 333 60007 81840 85650 90710 91104 93100 555 60005=
07299,2008-08-23 22:00:00,12.4,1017.4,1,90,10.8,18000,3.704,7.408,,220,,,0,,,,,,,,og-post,,,,AAXX 23224 07299 22668 72202 10124 20108 39850 40174 51010 878// 333 60005 84840 85650 90710 91104 93100=
07299,2008-08-23 23:00:00,12.8,1017.4,0.5,87,10.7,18000,7.408,11.112,,250,,,0,,,,,,,,og-post,,,,AAXX 23234 07299 22668 72504 10128 20107 39851 40174 51005 8683/ 333 60005 86645 84357 90710 91106 93100=
07299,2008-08-24 00:00:00,12.2,1017.4,0.1,88,10.3,18000,3.704,11.112,,80,,,0,0,,,,,,,og-post,,,,AAXX 24004 07299 02768 20802 10122 20103 39850 40174 50001 60001 81530 333 60007 81650 90710 91106 93100 555 60005=
07299,2008-08-24 01:00:00,10.4,1017.4,-0.2,91,9,20000,,7.408,,,,,0,,,,,,,,og-post,,,,AAXX 24014 07299 26/70 /0000 10104 20090 39848 40174 58002 333 60005 90710 91104=
07299,2008-08-24 02:00:00,9.9,1016.9,-0.8,93,8.8,17000,7.408,7.408,,170,,,0,,,,,,,,og-post,,,,AAXX 24024 07299 26/67 /1704 10099 20088 39843 40169 58008 333 60005 90710 91104=
07299,2008-08-24 03:00:00,8.7,1016.9,-0.9,93,7.6,10000,7.408,7.408,,200,,,0,0,,,,,,,og-post,,,,AAXX 24034 07299 22960 02004 10087 20076 39841 40169 57009 333 60007 90710 91104 555 60005=
07299,2008-08-24 04:00:00,8.1,1017.1,-0.6,94,7.2,10000,7.408,7.408,,200,,,0.2,,,,,,,,og-post,,,,AAXX 24044 07299 22160 12004 10081 20072 39842 40171 55006 81600 333 69925 81701 90710 91104=
07299,2008-08-24 05:00:00,9,1016.9,-0.1,95,8.2,2500,7.408,11.112,,170,,,0,,,,,,,40,og-post,,,,AAXX 24054 07299 21125 71704 10090 20082 39842 40169 56001 74011 876// 333 60005 87701 90710 91106=
07299,2008-08-24 06:00:00,10.5,1017.2,0.5,95,9.7,5000,7.408,14.816,,180,8.1,17.2,0,0.2,,0.2,0.2,1.2,5,,og-post,,,,AAXX 24064 07299 02150 51804 10105 20097 39846 40172 53005 69922 851// 333 10172 20081 30005 55012 69927 70002 85803 90710 91108 555 60005=
07299,2008-08-24 07:00:00,12.8,1016.9,0.4,89,11,10000,11.112,18.52,,150,,,0,,,,,,,,og-post,,,,AAXX 24074 07299 22260 11506 10128 20110 39846 40169 52004 811// 333 60005 81806 90710 91110=
07299,2008-08-24 08:00:00,15.2,1016.7,0.5,78,11.4,15000,7.408,18.52,,100,,,0,,,,,,,,og-post,,,,AAXX 24084 07299 22/65 11004 10152 20114 39847 40167 51005 80001 333 60005 81075 90710 91110=
07299,2008-08-24 09:00:00,17.1,1016.4,-0.1,67,10.9,15000,7.408,18.52,,110,,,0,0,,,,,,,og-post,,,,AAXX 24094 07299 22565 11104 10171 20109 39846 40164 58001 81101 333 60007 81830 90710 91110 555 60005=
07299,2008-08-24 10:00:00,19.2,1015.8,-0.4,59,11,25000,3.704,18.52,,140,,,0,,,,,,,,og-post,,,,AAXX 24104 07299 22675 21402 10192 20110 39842 40158 58004 81101 333 60005 81835 90710 91110=
07299,2008-08-24 11:00:00,20.7,1015.2,-0.9,49,9.6,30000,3.704,14.816,,220,,,0,,,,,,,,og-post,,,,AAXX 24114 07299 22680 22202 10207 20096 39838 40152 58009 81101 333 60005 81840 90710 91108=
07299,2008-08-24 12:00:00,21.2,1014.7,-1.2,43,8.1,30000,7.408,18.52,,230,,,0,0,,,,,,,og-post,,,,AAXX 24124 07299 02680 22304 10212 20081 39834 40147 57012 60001 81101 333 60007 81846 90710 91110 555 60005=
07299,2008-08-24 13:00:00,22.2,1014.2,-1.2,43,9,40000,3.704,18.52,,170,,,0,,,,,,,,og-post,,,,AAXX 24134 07299 22782 21702 10222 20090 39830 40142 57012 81101 333 60005 81850 90710 91110=
07299,2008-08-24 14:00:00,22.4,1013.9,-1.1,45,9.9,50000,11.112,14.816,,280,,,0,,,,,,,,og-post,,,,AAXX 24144 07299 22784 42806 10224 20099 39827 40139 57011 81101 333 60005 81850 84075 90710 91108=
07299,2008-08-24 15:00:00,22.3,1013.9,-0.7,44,9.5,50000,7.408,18.52,,330,,,0,0,,,,,,,og-post,,,,AAXX 24154 07299 22784 43304 10223 20095 39827 40139 56007 81401 333 60007 81656 84075 90710 91110 555 60005=
07299,2008-08-24 16:00:00,22.3,1013.8,-0.4,45,9.8,50000,11.112,14.816,,290,,,0,,,,,,,,og-post,,,,AAXX 24164 07299 22784 52906 10223 20098 39826 40138 56004 81431 333 60005 81656 84075 90710 91108=
07299,2008-08-24 17:00:00,21,1014,-0,50,10.2,50000,7.408,14.816,,270,,,0,,,,,,,,og-post,,,,AAXX 24174 07299 22884 62704 10210 20102 39827 40140 54000 81431 333 60005 81656 86075 90710 91108=
07299,2008-08-24 18:00:00,18.2,1014.6,0.3,61,10.6,50000,11.112,14.816,,280,10.5,22.9,0,0,,,,,,,og-post,,,,AAXX 24184 07299 02984 72806 10182 20106 39830 40146 53003 60002 82032 333 10229 20105 60007 82364 86075 90710 91108 555 60005=
07299,2008-08-24 19:00:00,16.9,1015.4,0.9,71,11.6,30000,3.704,18.52,,240,,,0,,,,,,,,og-post,,,,AAXX 24194 07299 22980 72402 10169 20116 39836 40154 53009 85032 333 60005 85361 87073 90710 91110 93100=
07299,2008-08-24 20:00:00,15.9,1016.1,1.5,77,11.9,30000,3.704,7.408,,210,,,0,,,,,,,,og-post,,,,AAXX 24204 07299 22980 72102 10159 20119 39842 40161 53015 8705/ 333 60005 82360 87362 90710 91104 93100=
07299,2008-08-24 21:00:00,16.1,1016.2,1.3,78,12.3,20000,7.408,11.112,,160,,,0,0,,,,,,,og-post,,,,AAXX 24214 07299 22770 71604 10161 20123 39843 40162 51013 8155/ 333 60007 81650 87360 90710 91106 93100 555 60005=
07299,2008-08-24 22:00:00,16.3,1016.6,1.1,77,12.3,20000,3.704,7.408,,140,,,0,,,,,,,,og-post,,,,AAXX 24224 07299 22770 71402 10163 20123 39847 40166 51011 875// 333 60005 87650 90710 91104 93100=
07299,2008-08-24 23:00:00,16.1,1016.6,0.5,80,12.6,20000,3.704,7.408,,110,,,0,,,,,,,,og-post,,,,AAXX 24234 07299 22770 71102 10161 20126 39847 40166 51005 8455/ 333 60005 84650 87362 90710 91104 93100=
07299,2008-08-25 00:00:00,15,1016.9,0.5,87,12.9,20000,,7.408,,,,,0,0,,,,,,,og-post,,,,AAXX 25004 07299 02770 70000 10150 20129 39849 40169 51005 60001 8355/ 333 60007 83650 87362 90710 91104 93100 555 60005=
07299,2008-08-25 01:00:00,14.6,1017,0.2,89,12.8,20000,3.704,7.408,,230,,,0,,,,,,,,og-post,,,,AAXX 25014 07299 26/70 /2302 10146 20128 39849 40170 53002 333 60005 90710 91104=
07299,2008-08-25 02:00:00,14.8,1016.6,-0.1,87,12.7,20000,7.408,11.112,,180,,,0,,,,,,,,og-post,,,,AAXX 25024 07299 26/70 /1804 10148 20127 39846 40166 58001 333 60005 90710 91106=
07299,2008-08-25 03:00:00,14.9,1016.7,-0.1,87,12.8,20000,,7.408,,,,,0,0,,,,,,,og-post,,,,AAXX 25034 07299 22770 70000 10149 20128 39847 40167 57001 8255/ 333 60007 82650 87358 90710 91104 93100 555 60005=
07299,2008-08-25 04:00:00,14.5,1017,-0,90,12.9,20000,,7.408,,,,,0,,,,,,,,og-post,,,,AAXX 25044 07299 22770 70000 10145 20129 39849 40170 55000 8255/ 333 60005 82650 87357 90710 91104 93100=
07299,2008-08-25 05:00:00,14.3,1017.5,0.8,91,12.9,20000,3.704,11.112,,230,,,0,,,,,,,,og-post,,,,AAXX 25054 07299 22570 72302 10143 20129 39854 40175 53008 8485/ 333 60005 81823 84648 87358 90710 91106 93100=
07299,2008-08-25 06:00:00,14.9,1017.6,0.8,88,12.9,20000,7.408,11.112,,190,14.2,18.2,0,0,,,0,10.5,14,,og-post,,,,AAXX 25064 07299 02770 71904 10149 20129 39855 40176 51008 60002 8155/ 333 10182 20142 30014 55105 60007 70000 81650 87357 90710 91106 93100 555 60005=
07299,2008-08-25 07:00:00,16,1017.7,0.9,82,12.9,25000,7.408,14.816,,150,,,0,,,,,,,,og-post,,,,AAXX 25074 07299 22775 61504 10160 20129 39858 40177 51009 81570 333 60005 81650 83357 86361 90710 91108 93100=
07299,2008-08-25 08:00:00,17.4,1018,0.8,76,13.1,30000,3.704,7.408,,170,,,0,,,,,,,,og-post,,,,AAXX 25084 07299 22580 51702 10174 20131 39862 40180 53008 81130 333 60005 81821 85362 90710 91104 93100 94032 94902=
07299,2008-08-25 09:00:00,20.2,1017.9,0.9,62,12.7,35000,3.704,14.816,,150,,,0,0,,,,,,,og-post,,,,AAXX 25094 07299 22581 41502 10202 20127 39864 40179 51009 81230 333 60007 81824 84362 90710 91108 93100 94032 94906 555 60005=
07299,2008-08-25 10:00:00,20.8,1017.7,0.5,59,12.5,40000,7.408,18.52,,280,,,0,,,,,,,,og-post,,,,AAXX 25104 07299 22582 52804 10208 20125 39863 40177 50005 82231 333 60005 82832 83362 90710 91110 93100=
07299,2008-08-25 11:00:00,22.3,1017.6,0.1,54,12.5,50000,11.112,25.928,,260,,,0,,,,,,,,og-post,,,,AAXX 25114 07299 22684 32606 10223 20125 39863 40176 51001 82231 333 60005 82836 90710 91114 93100=
07299,2008-08-25 12:00:00,22.4,1017.5,-0.2,55,12.9,60000,11.112,25.928,,300,,,0,0,,,,,,,og-post,,,,AAXX 25124 07299 02686 23006 10224 20129 39862 40175 57002 60001 82231 333 60007 82840 90710 91114 93100 555 60005=
07299,2008-08-25 13:00:00,23.6,1017.3,-0.1,53,13.5,60000,11.112,29.632,,250,,,0,,,,,,,,og-post,,,,AAXX 25134 07299 22686 22506 10236 20135 39862 40173 57001 81231 333 60005 81843 90710 91116 93100=
07299,2008-08-25 14:00:00,23.8,1017.3,-0.1,51,13.1,60000,11.112,29.632,,270,,,0,,,,,,,,og-post,,,,AAXX 25144 07299 22686 22706 10238 20131 39862 40173 56001 81231 333 60005 81845 90710 91116 93100=
07299,2008-08-25 15:00:00,23.4,1017.6,0.2,52,13,60000,18.52,31.484,,280,,,0,0,,,,,,,og-post,,,,AAXX 25154 07299 22686 32810 10234 20130 39864 40176 53002 81831 333 60007 81845 90710 91117 93100 555 60005=
07299,2008-08-25 16:00:00,22.8,1018,0.6,54,13,60000,18.52,29.632,,290,,,0,,,,,,,,og-post,,,,AAXX 25164 07299 22686 52910 10228 20130 39868 40180 53006 83841 333 60005 81846 83657 90710 91116 93100=
07299,2008-08-25 17:00:00,22.1,1018.2,0.7,56,12.9,50000,18.52,25.928,,270,,,0,,,,,,,,og-post,,,,AAXX 25174 07299 22684 42710 10221 20129 39869 40182 51007 82831 333 60005 81846 90710 91114 93100=
07299,2008-08-25 18:00:00,19.9,1019.1,1,67,13.6,45000,7.408,25.928,,270,14.9,23.9,0,0,,,,,,,og-post,,,,AAXX 25184 07299 02683 42704 10199 20136 39875 40191 53010 60002 81850 333 10239 20149 60007 81840 83357 90710 91114 93100 555 60005=
07299,2008-08-25 19:00:00,18.6,1020,1.5,77,14.5,30000,7.408,11.112,,240,,,0,,,,,,,,og-post,,,,AAXX 25194 07299 22680 62404 10186 20145 39883 40200 53015 86800 333 60005 82846 85657 90710 91106 93100=
07299,2008-08-25 20:00:00,19,1020.6,2,75,14.5,30000,7.408,11.112,,230,,,0,,,,,,,,og-post,,,,AAXX 25204 07299 22680 72304 10190 20145 39889 40206 52020 878// 333 60005 81846 87657 90710 91106 93100=
07299,2008-08-25 21:00:00,18.7,1020.9,1.7,77,14.6,30000,,7.408,,,,,0,0,,,,,,,og-post,,,,AAXX 25214 07299 22680 70000 10187 20146 39892 40209 51017 8157/ 333 60007 81646 87357 90710 91104 93100 555 60005=
07299,2008-08-25 22:00:00,18.1,1021.2,1.1,81,14.8,30000,3.704,7.408,,310,,,0,,,,,,,,og-post,,,,AAXX 25224 07299 22680 73102 10181 20148 39894 40212 51011 8157/ 333 60005 81646 87357 90710 91104 93100=
07299,2008-08-25 23:00:00,17.8,1021.3,0.6,84,15.1,30000,3.704,7.408,,100,,,0,,,,,,,,og-post,,,,AAXX 25234 07299 22780 71002 10178 20151 39895 40213 51006 8157/ 333 60005 81650 87357 90710 91104 93100=
07299,2008-08-26 00:00:00,16.1,1021.9,0.6,88,14.1,30000,3.704,7.408,,320,,,0,0,,,,,,,og-post,,,,AAXX 26004 07299 02780 53202 10161 20141 39898 40219 53006 60001 81570 333 60007 81650 84358 90710 91104 93100 555 60005=
07299,2008-08-26 01:00:00,15.1,1021.9,0.3,92,13.8,20000,3.704,7.408,,190,,,0,,,,,,,,og-post,,,,AAXX 26014 07299 26/70 /1902 10151 20138 39897 40219 50003 333 60005 90710 91104=
07299,2008-08-26 02:00:00,14.3,1022.4,0.6,92,13,20000,7.408,11.112,,260,,,0,,,,,,,,og-post,,,,AAXX 26024 07299 26/70 /2604 10143 20130 39901 40224 52006 333 60005 90710 91106=
07299,2008-08-26 03:00:00,13.4,1022.8,0.6,94,12.5,10000,,7.408,,,,,0,0,,,,,,,og-post,,,,AAXX 26034 07299 22760 20000 10134 20125 39904 40228 53006 81501 333 60007 81650 90710 91104 93100 555 60005=
07299,2008-08-26 04:00:00,12.8,1023,0.7,94,11.9,10000,3.704,7.408,,270,,,0,,,,,,,,og-post,,,,AAXX 26044 07299 22760 22702 10128 20119 39905 40230 51007 81501 333 60005 81650 90710 91104 93100=
07299,2008-08-26 05:00:00,12.7,1023.3,0.7,95,11.9,10000,,7.408,,,,,0,,,,,,,,og-post,,,,AAXX 26054 07299 22260 60000 10127 20119 39908 40233 52007 85601 333 60005 85706 83075 90710 91104 93100=
07299,2008-08-26 06:00:00,14.4,1023.4,0.8,95,13.6,10000,3.704,3.704,,330,12.4,19.9,0,0,,,0,8.7,10,,og-post,,,,AAXX 26064 07299 02260 73302 10144 20136 39911 40234 53008 60002 876// 333 10199 20124 30010 55087 60007 70000 87706 90710 91102 93100 555 60005=
07299,2008-08-26 07:00:00,15.4,1023.8,1.1,95,14.6,10000,3.704,11.112,,340,,,0,,,,,,,,og-post,,,,AAXX 26074 07299 22160 73402 10154 20146 39916 40238 53011 878// 333 60005 83803 87606 90710 91106 93100=
07299,2008-08-26 08:00:00,16.1,1024,1.1,91,14.6,9000,,7.408,,,,,0,,,,,,,,og-post,,,,AAXX 26084 07299 22159 70000 10161 20146 39919 40240 51011 878// 333 60005 81803 87605 90710 91104 93100=
07299,2008-08-26 09:00:00,18.6,1023.8,0.8,82,15.5,18000,3.704,11.112,,20,,,0,0,,,,,,,og-post,,,,AAXX 26094 07299 22468 70202 10186 20155 39920 40238 51008 81101 333 60007 81810 86076 90710 91106 93100 555 60005=
07299,2008-08-26 10:00:00,20.9,1023.4,0.2,71,15.4,18000,7.408,14.816,,10,,,0,,,,,,,,og-post,,,,AAXX 26104 07299 22568 70104 10209 20154 39918 40234 50002 81201 333 60005 81820 87076 90710 91108 93100=
07299,2008-08-26 11:00:00,22.4,1022.9,-0.3,61,14.5,25000,11.112,18.52,,40,,,0,,,,,,,,og-post,,,,AAXX 26114 07299 22575 70406 10224 20145 39915 40229 58003 82201 333 60005 82825 87076 90710 91110 93100=
07299,2008-08-26 12:00:00,23,1022.8,-0.5,61,15.1,25000,11.112,18.52,,360,,,0,0,,,,,,,og-post,,,,AAXX 26124 07299 02675 73606 10230 20151 39915 40228 56005 60001 81201 333 60007 81833 87076 90710 91110 93100 555 60005=
07299,2008-08-26 13:00:00,23.5,1022.5,-0.6,55,13.9,30000,11.112,25.928,,330,,,0,,,,,,,,og-post,,,,AAXX 26134 07299 22680 73306 10235 20139 39912 40225 58006 81201 333 60005 81840 87076 90710 91114 93100=
07299,2008-08-26 14:00:00,24.2,1022.1,-0.7,57,15.1,30000,14.816,22.224,,360,,,0,,,,,,,,og-post,,,,AAXX 26144 07299 22680 73608 10242 20151 39909 40221 58007 81201 333 60005 81843 87076 90710 91112 93100=
07299,2008-08-26 15:00:00,24.2,1022,-0.8,53,14,30000,11.112,22.224,,360,,,0,0,,,,,,,og-post,,,,AAXX 26154 07299 22680 73606 10242 20140 39908 40220 56008 81101 333 60007 81846 87076 90710 91112 93100 555 60005=
07299,2008-08-26 16:00:00,24,1021.8,-0.7,54,14.1,30000,14.816,25.928,,350,,,0,,,,,,,,og-post,,,,AAXX 26164 07299 22780 63508 10240 20141 39906 40218 56007 81101 333 60005 81850 86076 90710 91114 93100=
07299,2008-08-26 17:00:00,23.6,1021.7,-0.4,57,14.6,30000,11.112,22.224,,350,,,0,,,,,,,,og-post,,,,AAXX 26174 07299 22780 63506 10236 20146 39905 40217 56004 81401 333 60005 81650 86076 90710 91112 93100=
07299,2008-08-26 18:00:00,21,1021.9,-0.3,63,13.7,30000,11.112,18.52,,320,14.4,24.3,0,0,,,,,,,og-post,,,,AAXX 26184 07299 02780 63206 10210 20137 39904 40219 56003 60002 81401 333 10243 20144 60007 81656 86076 90710 91110 93100 555 60005=
07299,2008-08-26 19:00:00,18,1022.6,0.2,75,13.5,30000,7.408,11.112,,320,,,0,,,,,,,,og-post,,,,AAXX 26194 07299 22880 63204 10180 20135 39907 40226 53002 81401 333 60005 81656 86076 90710 91106 93100=
07299,2008-08-26 20:00:00,17.5,1022.9,0.5,78,13.6,25000,11.112,22.224,,320,,,0,,,,,,,,og-post,,,,AAXX 26204 07299 22/75 63206 10175 20136 39910 40229 53005 80001 333 60005 86076 90710 91112 93100=
07299,2008-08-26 21:00:00,15.8,1023.3,0.8,82,12.7,20000,11.112,11.112,,310,,,0,0,,,,,,,og-post,,,,AAXX 26214 07299 22/70 33106 10158 20127 39912 40233 51008 80001 333 60007 83076 90710 91106 93100 555 60005=
07299,2008-08-26 22:00:00,15.4,1023.6,0.7,84,12.7,20000,7.408,18.52,,330,,,0,,,,,,,,og-post,,,,AAXX 26224 07299 22/70 33304 10154 20127 39914 40236 51007 80001 333 60005 83076 90710 91110 93100=
07299,2008-08-26 23:00:00,14.9,1023.7,0.4,87,12.8,20000,7.408,11.112,,320,,,0,,,,,,,,og-post,,,,AAXX 26234 07299 22/70 33204 10149 20128 39914 40237 51004 80001 333 60005 83076 90710 91106 93100=
07299,2008-08-27 00:00:00,13.7,1023.8,0.2,89,11.9,20000,7.408,14.816,,310,,,0,0,,,,,,,og-post,,,,AAXX 27004 07299 02/70 33104 10137 20119 39914 40238 51002 60001 80001 333 60007 83076 90710 91108 93100 555 60005=
07299,2008-08-27 01:00:00,13.3,1023.6,-0.2,92,12,19000,3.704,7.408,,60,,,0,,,,,,,,og-post,,,,AAXX 27014 07299 26/69 /0602 10133 20120 39912 40236 58002 333 60005 90710 91104=
07299,2008-08-27 02:00:00,12.1,1023.6,-0.4,92,10.8,9000,3.704,3.704,,260,,,0,,,,,,,,og-post,,,,AAXX 27024 07299 26/59 /2602 10121 20108 39910 40236 58004 333 60005 90710 91102=
07299,2008-08-27 03:00:00,11.8,1023.5,-0.5,94,10.9,6000,,3.704,,,,,0,0,,,,,,,og-post,,,,AAXX 27034 07299 22/56 20000 10118 20109 39909 40235 56005 80001 333 60007 82075 90710 91102 93100 555 60005=
07299,2008-08-27 04:00:00,11.2,1023.7,-0.2,94,10.3,7000,3.704,3.704,,240,,,0.2,,,,,,,,og-post,,,,AAXX 27044 07299 22057 32402 10112 20103 39910 40237 55002 82631 333 69925 82701 90710 91102 93100=
07299,2008-08-27 05:00:00,11.2,1023.5,-0.2,95,10.4,9000,3.704,3.704,,200,,,0,,,,,,,,og-post,,,,AAXX 27054 07299 22059 52002 10112 20104 39908 40235 58002 81601 333 60005 81701 85075 90710 91102 93100=
07299,2008-08-27 06:00:00,13,1023.3,-0.1,95,12.2,9000,,7.408,,,10.9,20.7,0,0.2,,0.2,0.2,9.2,8,,og-post,,,,AAXX 27064 07299 02/59 50000 10130 20122 39908 40233 58001 69922 80001 333 10207 20109 30008 55092 69927 70002 85075 90710 91104 93100 555 60005=
07299,2008-08-27 07:00:00,16.6,1023,-0,82,13.5,9000,,7.408,,,,,0,,,,,,,,og-post,,,,AAXX 27074 07299 22/59 50000 10166 20135 39910 40230 55000 80001 333 60005 85075 90710 91104 93100=
07299,2008-08-27 08:00:00,18.9,1023,0.4,74,14.2,20000,3.704,7.408,,10,,,0,,,,,,,,og-post,,,,AAXX 27084 07299 26/70 /0102 10189 20142 39912 40230 53004 333 60005 90710 91104=
07299,2008-08-27 09:00:00,20.6,1022.8,0.4,70,14.9,20000,3.704,11.112,,360,,,0,0,,,,,,,og-post,,,,AAXX 27094 07299 26/70 /3602 10206 20149 39912 40228 51004 333 60007 90710 91106 555 60005=
07299,2008-08-27 10:00:00,22,1022.2,-0.2,62,14.4,15000,7.408,14.816,,280,,,0,,,,,,,,og-post,,,,AAXX 27104 07299 22565 32804 10220 20144 39908 40222 58002 81101 333 60005 81826 83075 90710 91108 93100=
07299,2008-08-27 11:00:00,23.3,1021.7,-0.8,59,14.8,15000,7.408,14.816,,360,,,0,,,,,,,,og-post,,,,AAXX 27114 07299 22565 33604 10233 20148 39904 40217 58008 81101 333 60005 81830 83075 90710 91108 93100=
07299,2008-08-27 12:00:00,24.3,1021.3,-1.1,55,14.7,15000,11.112,22.224,,30,,,0,0,,,,,,,og-post,,,,AAXX 27124 07299 02665 30306 10243 20147 39901 40213 56011 60001 81101 333 60007 81836 83075 90710 91112 93100 555 60005=
07299,2008-08-27 13:00:00,25.4,1020.6,-1.2,54,15.4,15000,7.408,18.52,,30,,,0,,,,,,,,og-post,,,,AAXX 27134 07299 22665 30304 10254 20154 39896 40206 58012 81101 333 60005 81840 83075 90710 91110 93100=
07299,2008-08-27 14:00:00,25.8,1020.1,-1.3,48,14,15000,7.408,22.224,,30,,,0,,,,,,,,og-post,,,,AAXX 27144 07299 22665 30304 10258 20140 39891 40201 58013 81101 333 60005 81843 90710 91112 93100=
07299,2008-08-27 15:00:00,26.2,1019.7,-1.3,46,13.7,20000,7.408,18.52,,10,,,0,0,,,,,,,og-post,,,,AAXX 27154 07299 22670 30104 10262 20137 39888 40197 56013 81101 333 60007 81846 90710 91110 93100 555 60005=
07299,2008-08-27 16:00:00,25.9,1019.3,-1.2,48,14,20000,11.112,22.224,,10,,,0,,,,,,,,og-post,,,,AAXX 27164 07299 22670 30106 10259 20140 39884 40193 56012 81101 333 60005 81846 90710 91112 93100=
07299,2008-08-27 17:00:00,25.1,1019.2,-0.9,53,14.8,20000,11.112,18.52,,10,,,0,,,,,,,,og-post,,,,AAXX 27174 07299 22770 20106 10251 20148 39882 40192 56009 81401 333 60005 81650 90710 91110 93100=
07299,2008-08-27 18:00:00,22.2,1019.5,-0.5,64,15.1,20000,7.408,18.52,,350,13.2,26.5,0,0,,,,,,,og-post,,,,AAXX 27184 07299 02770 23504 10222 20151 39882 40195 55005 60002 82401 333 10265 20132 60007 82650 90710 91110 93100 555 60005=
07299,2008-08-27 19:00:00,18.6,1020.2,0.1,81,15.3,20000,7.408,11.112,,310,,,0,,,,,,,,og-post,,,,AAXX 27194 07299 22770 13104 10186 20153 39885 40202 53001 81400 333 60005 81650 90710 91106 93100=
07299,2008-08-27 20:00:00,17.6,1020.8,0.8,86,15.2,20000,3.704,14.816,,220,,,0,,,,,,,,og-post,,,,AAXX 27204 07299 22770 12202 10176 20152 39890 40208 53008 81400 333 60005 81656 90710 91108 93100=
07299,2008-08-27 21:00:00,16,1021.3,1,90,14.4,20000,3.704,7.408,,230,,,0,0,,,,,,,og-post,,,,AAXX 27214 07299 22970 02302 10160 20144 39893 40213 52010 333 60007 90710 91104 93100 555 60005=
07299,2008-08-27 22:00:00,15.6,1021.5,0.9,92,14.3,20000,,7.408,,,,,0,,,,,,,,og-post,,,,AAXX 27224 07299 22970 00000 10156 20143 39894 40215 51009 333 60005 90710 91104 93100=
07299,2008-08-27 23:00:00,15.6,1021.1,-0.1,93,14.5,20000,3.704,11.112,,310,,,0,,,,,,,,og-post,,,,AAXX 27234 07299 22970 03102 10156 20145 39890 40211 58001 333 60005 90710 91106 93100=
07299,2008-08-28 00:00:00,15.1,1021.1,-0.3,93,14,12000,3.704,3.704,,50,,,0,0,,,,,,,og-post,,,,AAXX 28004 07299 02962 00502 10151 20140 39890 40211 58003 60001 333 60007 90710 91102 93100 555 60005=
07299,2008-08-28 01:00:00,14.8,1021.2,-0.4,94,13.8,5000,,3.704,,,,,0,,,,,,,,og-post,,,,AAXX 28014 07299 26/50 /0000 10148 20138 39890 40212 56004 333 60005 90710 91102=
07299,2008-08-28 02:00:00,14.2,1021.1,-0.1,95,13.4,1600,,3.704,,,,,0,,,,,,,,og-post,,,,AAXX 28024 07299 26/16 /0000 10142 20134 39889 40211 58001 333 60005 90710 91102=
07299,2008-08-28 03:00:00,13.8,1021.2,-0.1,95,13,4000,3.704,7.408,,360,,,0,0,,,,,,10,og-post,,,,AAXX 28034 07299 21940 03602 10138 20130 39889 40212 57001 71000 333 60007 90710 91104 93100 555 60005=
07299,2008-08-28 04:00:00,13.8,1021,-0.3,95,13,4000,3.704,7.408,,310,,,0,,,,,,,10,og-post,,,,AAXX 28044 07299 21340 63102 10138 20130 39887 40210 58003 71011 86600 333 60005 86708 90710 91104 93100=
07299,2008-08-28 05:00:00,14,1021.4,0.2,95,13.2,3000,3.704,11.112,,260,,,0,,,,,,,10,og-post,,,,AAXX 28054 07299 21330 82602 10140 20132 39891 40214 53002 71022 876// 333 60005 87707 90710 91106 93100=
07299,2008-08-28 06:00:00,14.7,1021.6,0.5,96,14.1,3000,7.408,7.408,,330,12.9,22,0,0,,,0,12.5,11,10,og-post,,,,AAXX 28064 07299 01230 83304 10147 20141 39894 40216 53005 60002 71011 876// 333 10220 20129 30011 55125 60007 70000 87706 90710 91104 93100 555 60005=
07299,2008-08-28 07:00:00,15.3,1021.8,0.9,94,14.3,3000,7.408,14.816,,330,,,0,,,,,,,10,og-post,,,,AAXX 28074 07299 21230 83304 10153 20143 39897 40218 52009 71022 876// 333 60005 83704 87707 90710 91108 93100=
07299,2008-08-28 08:00:00,16.2,1021.7,0.6,90,14.6,3500,,14.816,,,,,0,,,,,,,10,og-post,,,,AAXX 28084 07299 21335 80000 10162 20146 39897 40217 51006 71022 876// 333 60005 87707 90710 91108 93100=
07299,2008-08-28 09:00:00,17.6,1021.8,0.5,85,15,5000,11.112,14.816,,360,,,0,0,,,,,,,og-post,,,,AAXX 28094 07299 22450 83606 10176 20150 39899 40218 51005 876// 333 60007 87710 90710 91108 93100 555 60005=
07299,2008-08-28 10:00:00,19.5,1021.4,0,78,15.6,7000,3.704,18.52,,20,,,0.2,,,,,,,,og-post,,,,AAXX 28104 07299 22457 70202 10195 20156 39897 40214 50000 876// 333 69925 87715 90710 91110 93100=
07299,2008-08-28 11:00:00,20.5,1020.8,-0.4,74,15.7,8000,11.112,18.52,,330,,,0,,,,,,,,og-post,,,,AAXX 28114 07299 22458 73306 10205 20157 39893 40208 58004 876// 333 60005 87718 90710 91110 93100=
07299,2008-08-28 12:00:00,21.2,1020.5,-0.9,71,15.7,10000,7.408,18.52,,290,,,0,0.2,0.2,,,,,,og-post,,,,AAXX 28124 07299 02460 52904 10212 20157 39891 40205 58009 69921 85600 333 69927 85719 90710 91110 93100 555 60005=
07299,2008-08-28 13:00:00,22,1020.1,-0.9,67,15.6,11000,11.112,18.52,,300,,,0,,,,,,,,og-post,,,,AAXX 28134 07299 22561 23006 10220 20156 39888 40201 56009 82130 333 60005 82822 90710 91110 93100=
07299,2008-08-28 14:00:00,22.7,1019.6,-1,66,16,15000,11.112,18.52,,300,,,0,,,,,,,,og-post,,,,AAXX 28144 07299 22565 33006 10227 20160 39883 40196 58010 81102 333 60005 81826 90710 91110 93100=
07299,2008-08-28 15:00:00,23.5,1019,-1.1,62,15.8,15000,7.408,18.52,,300,,,0,0,,,,,,,og-post,,,,AAXX 28154 07299 22565 33004 10235 20158 39878 40190 58011 81102 333 60007 81828 90710 91110 93100 555 60005=
07299,2008-08-28 16:00:00,23.3,1018.7,-1.3,64,16.1,16000,11.112,25.928,,300,,,0,,,,,,,,og-post,,,,AAXX 28164 07299 22566 23006 10233 20161 39875 40187 56013 81102 333 60005 81830 90710 91114 93100=
07299,2008-08-28 17:00:00,22.4,1018.9,-0.7,70,16.7,14000,11.112,22.224,,10,,,0,,,,,,,,og-post,,,,AAXX 28174 07299 22564 10106 10224 20167 39876 40189 55007 81101 333 60005 81828 90710 91112 93100=
07299,2008-08-28 18:00:00,19.5,1019.2,-0.3,80,16,13000,7.408,14.816,,330,14.7,23.7,0,0,,0.2,,,,,og-post,,,,AAXX 28184 07299 02563 23304 10195 20160 39876 40192 56003 69922 81131 333 10237 20147 60007 81828 90710 91108 93100 555 60005=
07299,2008-08-28 19:00:00,17.1,1020.1,0.7,88,15.1,11000,7.408,11.112,,290,,,0,,,,,,,,og-post,,,,AAXX 28194 07299 22561 22904 10171 20151 39882 40201 53007 81131 333 60005 81828 90710 91106 93100=
07299,2008-08-28 20:00:00,17.9,1020.2,0.8,88,15.9,10000,11.112,14.816,,310,,,0,,,,,,,,og-post,,,,AAXX 28204 07299 22560 53106 10179 20159 39884 40202 53008 85500 333 60005 85629 90710 91108 93100=
07299,2008-08-28 21:00:00,17,1020.5,1,85,14.5,10000,11.112,25.928,,330,,,0,0,,,,,,,og-post,,,,AAXX 28214 07299 22660 33306 10170 20145 39886 40205 51010 83500 333 60007 83633 90710 91114 93100 555 60005=
07299,2008-08-28 22:00:00,15.7,1021.1,0.8,87,13.5,10000,14.816,22.224,,320,,,0,,,,,,,,og-post,,,,AAXX 28224 07299 22660 33208 10157 20135 39890 40211 53008 83500 333 60005 83633 90710 91112 93100=
07299,2008-08-28 23:00:00,14.4,1021.2,0.6,88,12.4,10000,7.408,14.816,,310,,,0,,,,,,,,og-post,,,,AAXX 28234 07299 22660 33104 10144 20124 39890 40212 51006 83500 333 60005 83633 90710 91108 93100=
07299,2008-08-29 00:00:00,13.2,1021,0,90,11.6,9000,7.408,11.112,,260,,,0,0,,,,,,,og-post,,,,AAXX 29004 07299 02659 12604 10132 20116 39886 40210 50000 60001 81500 333 60007 81633 90710 91106 93100 555 60005=
07299,2008-08-29 01:00:00,12.4,1020.9,-0.6,92,11.1,6000,3.704,11.112,,260,,,0,,,,,,,,og-post,,,,AAXX 29014 07299 26/56 /2602 10124 20111 39884 40209 58006 333 60005 90710 91106=
07299,2008-08-29 02:00:00,12,1020.8,-0.7,93,10.9,4800,3.704,7.408,,250,,,0,,,,,,,,og-post,,,,AAXX 29024 07299 26/48 /2502 10120 20109 39883 40208 56007 333 60005 90710 91104=
07299,2008-08-29 03:00:00,11.5,1020.7,-0.5,94,10.6,6000,3.704,7.408,,220,,,0,0,,,,,,,og-post,,,,AAXX 29034 07299 22556 32202 10115 20106 39881 40207 57005 83500 333 60007 83628 90710 91104 93100 555 60005=
07299,2008-08-29 04:00:00,10.8,1020.6,-0.4,94,9.9,5000,3.704,7.408,,240,,,0,,,,,,,,og-post,,,,AAXX 29044 07299 22350 52402 10108 20099 39880 40206 57004 85600 333 60005 85709 90710 91104 93100=
07299,2008-08-29 05:00:00,12.6,1020.8,0.1,95,11.8,5000,3.704,3.704,,230,,,0,,,,,,,,og-post,,,,AAXX 29054 07299 22350 72302 10126 20118 39884 40208 53001 87600 333 60005 87708 90710 91102 93100=
07299,2008-08-29 06:00:00,13.7,1020.8,0.4,95,12.9,5000,,7.408,,,10.6,19.5,0,0,,,0.2,5.8,8,,og-post,,,,AAXX 29064 07299 02350 70000 10137 20129 39885 40208 53004 60002 875// 333 10195 20106 30008 55058 60007 70002 83708 87628 90710 91104 93100 555 60005=
07299,2008-08-29 07:00:00,14.8,1020.7,0.5,91,13.3,5000,,3.704,,,,,0,,,,,,,,og-post,,,,AAXX 29074 07299 22350 70000 10148 20133 39885 40207 51005 875// 333 60005 84707 87627 90710 91102 93100=
07299,2008-08-29 08:00:00,16.2,1020.6,0.2,84,13.5,8000,,3.704,,,,,0,,,,,,,,og-post,,,,AAXX 29084 07299 22358 70000 10162 20135 39886 40206 52002 875// 333 60005 82707 87626 90710 91102 93100=
07299,2008-08-29 09:00:00,18.2,1020.2,-0.1,79,14.5,8000,3.704,11.112,,310,,,0,0,,,,,,,og-post,,,,AAXX 29094 07299 22558 73102 10182 20145 39884 40202 58001 875// 333 60007 87629 90710 91106 93100 555 60005=
07299,2008-08-29 10:00:00,20.5,1019.8,-0.2,69,14.6,8000,3.704,18.52,,10,,,0,,,,,,,,og-post,,,,AAXX 29104 07299 22558 40102 10205 20146 39883 40198 58002 82801 333 60005 81820 83075 90710 91110 93100=
07299,2008-08-29 11:00:00,22,1019.3,-0.6,63,14.6,8000,3.704,11.112,,100,,,0,,,,,,,,og-post,,,,AAXX 29114 07299 22558 31002 10220 20146 39880 40193 58006 81101 333 60005 81826 83075 90710 91106 93100=
07299,2008-08-29 12:00:00,22.5,1019,-0.7,63,15.1,10000,3.704,14.816,,260,,,0,0,,,,,,,og-post,,,,AAXX 29124 07299 02560 32602 10225 20151 39877 40190 58007 60001 81101 333 60007 81830 83075 90710 91108 93100 555 60005=
07299,2008-08-29 13:00:00,23.2,1018.3,-1.2,59,14.7,10000,7.408,18.52,,360,,,0,,,,,,,,og-post,,,,AAXX 29134 07299 22560 33604 10232 20147 39871 40183 58012 81101 333 60005 81830 83075 90710 91110 93100=
07299,2008-08-29 14:00:00,24.1,1017.6,-1.5,57,15.1,12000,11.112,22.224,,360,,,0,,,,,,,,og-post,,,,AAXX 29144 07299 22662 33606 10241 20151 39865 40176 58015 81101 333 60005 81833 83075 90710 91112 93100=
07299,2008-08-29 15:00:00,24.1,1017,-1.7,56,14.8,12000,11.112,22.224,,340,,,0,0,,,,,,,og-post,,,,AAXX 29154 07299 22662 33406 10241 20148 39860 40170 57017 81101 333 60007 81840 83075 90710 91112 93100 555 60005=
07299,2008-08-29 16:00:00,23.6,1016.8,-1.4,57,14.6,20000,14.816,22.224,,350,,,0,,,,,,,,og-post,,,,AAXX 29164 07299 26/70 /3508 10236 20146 39857 40168 56014 333 60005 90710 91112=
07299,2008-08-29 17:00:00,22.2,1017,-0.8,63,14.8,13000,14.816,25.928,,340,,,0,,,,,,,,og-post,,,,AAXX 29174 07299 22963 33408 10222 20148 39858 40170 55008 80001 333 60005 83075 90710 91114 93100=
07299,2008-08-29 18:00:00,20.3,1017.5,-0,69,14.4,13000,14.816,22.224,,330,13.8,24.2,0,0,,,,,,,og-post,,,,AAXX 29184 07299 02963 33308 10203 20144 39860 40175 55000 60002 80001 333 10242 20138 60007 83075 90710 91112 93100 555 60005=
07299,2008-08-29 19:00:00,18.3,1018.1,0.7,76,14,15000,11.112,18.52,,310,,,0,,,,,,,,og-post,,,,AAXX 29194 07299 22/65 23106 10183 20140 39864 40181 53007 80001 333 60005 82073 90710 91110 93100=
07299,2008-08-29 20:00:00,17.2,1018.8,1.2,81,13.9,15000,11.112,18.52,,320,,,0,,,,,,,,og-post,,,,AAXX 29204 07299 22965 03206 10172 20139 39870 40188 53012 333 60005 90710 91110 93100=
07299,2008-08-29 21:00:00,15.9,1019.3,1.3,86,13.6,13000,7.408,14.816,,320,,,0,0,,,,,,,og-post,,,,AAXX 29214 07299 22963 03204 10159 20136 39873 40193 51013 333 60007 90710 91108 93100 555 60005=
07299,2008-08-29 22:00:00,14.9,1019.5,0.9,90,13.3,11000,11.112,14.816,,300,,,0,,,,,,,,og-post,,,,AAXX 29224 07299 22961 03006 10149 20133 39874 40195 51009 333 60005 90710 91108 93100=
07299,2008-08-29 23:00:00,14.3,1019.6,0.4,90,12.7,7000,7.408,14.816,,310,,,0,,,,,,,,og-post,,,,AAXX 29234 07299 22957 03104 10143 20127 39874 40196 51004 333 60005 90710 91108 93100=
07299,2008-08-30 00:00:00,13.6,1019.4,-0.3,92,12.3,7000,3.704,7.408,,290,,,0,0,,,,,,,og-post,,,,AAXX 30004 07299 03957 02902 10136 20123 39871 40194 58003 60001 333 60007 90710 91104 555 60005=
07299,2008-08-30 01:00:00,12.5,1019.3,-0.5,93,11.4,,,3.704,,,,,0,,,,,,,,og-post,,,,AAXX 30014 07299 26/// /0000 10125 20114 39869 40193 58005 333 60005 90710 91102=
07299,2008-08-30 02:00:00,12,1019.3,-0.6,94,11.1,4800,3.704,3.704,,240,,,0,,,,,,,,og-post,,,,AAXX 30024 07299 26/48 /2402 10120 20111 39868 40193 56006 333 60005 90710 91102=
07299,2008-08-30 03:00:00,11.3,1018.9,-0.7,95,10.5,5000,,3.704,,,,,0,0,,,,,,,og-post,,,,AAXX 30034 07299 22950 00000 10113 20105 39864 40189 58007 333 60007 90710 91102 93100 555 60005=
07299,2008-08-30 04:00:00,11,1018.8,-0.7,95,10.2,4000,3.704,3.704,,240,,,0,,,,,,,10,og-post,,,,AAXX 30044 07299 21140 52402 10110 20102 39862 40188 58007 71011 85630 333 60005 85703 90710 91102 93100=
07299,2008-08-30 05:00:00,12.1,1018.8,-0.4,95,11.3,1500,,3.704,,,,,0.2,,,,,,,10,og-post,,,,AAXX 30054 07299 21015 70000 10121 20113 39864 40188 55004 71022 876// 333 69925 87701 90710 91102 93100=
07299,2008-08-30 06:00:00,13.4,1018.8,0.1,96,12.8,100,,3.704,,,10.9,20.1,0,0.2,,0.2,0.2,8.4,9,47,og-post,,,,AAXX 30064 07299 01/01 90000 10134 20128 39865 40188 53001 69922 74741 333 10201 20109 30009 55084 69927 70002 90710 91102 93100 555 60005=
07299,2008-08-30 07:00:00,14.3,1018.8,0.4,96,13.7,300,,3.704,,,,,0,,,,,,,42,og-post,,,,AAXX 30074 07299 21003 70000 10143 20137 39866 40188 51004 74244 876// 333 60005 87700 90710 91102 93100=
07299,2008-08-30 08:00:00,16.1,1018.4,0.2,96,15.5,5000,3.704,7.408,,350,,,0,,,,,,,28,og-post,,,,AAXX 30084 07299 21950 03502 10161 20155 39865 40184 52002 72841 333 60005 90710 91104 93100=
07299,2008-08-30 09:00:00,20.6,1017.8,-0.1,69,14.7,11000,7.408,18.52,,50,,,0,0,,,,,,3,og-post,,,,AAXX 30094 07299 21461 10504 10206 20147 39864 40178 58001 70341 81100 333 60007 81816 90710 91110 93100 555 60005=
07299,2008-08-30 10:00:00,22.2,1017.3,-0.5,65,15.3,12000,7.408,18.52,,40,,,0,,,,,,,,og-post,,,,AAXX 30104 07299 22962 00404 10222 20153 39861 40173 58005 333 60005 90710 91110 93100=
07299,2008-08-30 11:00:00,23.1,1016.6,-1.1,66,16.4,14000,7.408,18.52,,360,,,0,,,,,,,,og-post,,,,AAXX 30114 07299 22964 03604 10231 20164 39855 40166 58011 333 60005 90710 91110 93100=
07299,2008-08-30 12:00:00,24.6,1015.9,-1.4,62,16.8,14000,11.112,22.224,,360,,,0,0,,,,,,2,og-post,,,,AAXX 30124 07299 01964 03606 10246 20168 39850 40159 58014 60001 70241 333 60007 90710 91112 93100 555 60005=
07299,2008-08-30 13:00:00,25.7,1015.1,-1.8,61,17.6,16000,11.112,22.224,,10,,,0,,,,,,,,og-post,,,,AAXX 30134 07299 22966 10106 10257 20176 39843 40151 58018 80001 333 60005 81070 90710 91112 93100=
07299,2008-08-30 14:00:00,26.3,1014.4,-1.8,59,17.6,16000,11.112,22.224,,360,,,0,,,,,,,,og-post,,,,AAXX 30144 07299 22966 13606 10263 20176 39837 40144 58018 80001 333 60005 81070 90710 91112 93100=
07299,2008-08-30 15:00:00,26.6,1013.9,-1.8,59,17.9,17000,14.816,25.928,,360,,,0,0,,,,,,,og-post,,,,AAXX 30154 07299 22967 13608 10266 20179 39832 40139 56018 80001 333 60007 81070 90710 91114 93100 555 60005=
07299,2008-08-30 16:00:00,26.4,1013.7,-1.3,62,18.5,18000,14.816,18.52,,360,,,0,,,,,,,,og-post,,,,AAXX 30164 07299 22968 13608 10264 20185 39830 40137 56013 80001 333 60005 81070 90710 91110 93100=
07299,2008-08-30 17:00:00,25.4,1013.7,-0.8,65,18.3,18000,14.816,18.52,,350,,,0,,,,,,,,og-post,,,,AAXX 30174 07299 22968 13508 10254 20183 39829 40137 56008 80001 333 60005 81070 90710 91110 93100=
07299,2008-08-30 18:00:00,23.7,1013.9,-0.2,71,18.1,18000,11.112,18.52,,10,13.4,26.7,0,0,,,,,,,og-post,,,,AAXX 30184 07299 02968 10106 10237 20181 39830 40139 55002 60002 80001 333 10267 20134 60007 81070 90710 91110 93100 555 60005=
07299,2008-08-30 19:00:00,19.9,1014.6,0.2,84,17.1,13000,3.704,11.112,,350,,,0,,,,,,,,og-post,,,,AAXX 30194 07299 22963 13502 10199 20171 39832 40146 53002 80001 333 60005 81070 90710 91106 93100=
07299,2008-08-30 20:00:00,18.2,1015.2,0.8,90,16.5,13000,,7.408,,,,,0,,,,,,,,og-post,,,,AAXX 30204 07299 22963 10000 10182 20165 39836 40152 53008 80001 333 60005 81070 90710 91104 93100=
07299,2008-08-30 21:00:00,16.4,1015.5,0.7,92,15.1,10000,,3.704,,,,,0,0,,,,,,,og-post,,,,AAXX 30214 07299 22960 00000 10164 20151 39837 40155 51007 333 60007 90710 91102 93100 555 60005=
07299,2008-08-30 22:00:00,15.6,1015.6,0.6,93,14.5,10000,,7.408,,,,,0,,,,,,,,og-post,,,,AAXX 30224 07299 22960 00000 10156 20145 39837 40156 51006 333 60005 90710 91104 93100=
07299,2008-08-30 23:00:00,14.8,1015.6,0,94,13.8,10000,3.704,3.704,,220,,,0,,,,,,,,og-post,,,,AAXX 30234 07299 22960 02202 10148 20138 39836 40156 50000 333 60005 90710 91102 93100=
07299,2008-08-31 00:00:00,14.6,1015.4,-0.3,95,13.8,10000,3.704,7.408,,240,,,0,0,,,,,,,og-post,,,,AAXX 31004 07299 02960 02402 10146 20138 39834 40154 58003 60001 333 60007 90710 91104 93100 555 60005=
07299,2008-08-31 01:00:00,13.9,1015.3,-0.5,95,13.1,5000,3.704,7.408,,240,,,0,,,,,,,,og-post,,,,AAXX 31014 07299 26/50 /2402 10139 20131 39832 40153 56005 333 60005 90710 91104=
07299,2008-08-31 02:00:00,13,1015.2,-0.6,95,12.2,6000,3.704,7.408,,240,,,0,,,,,,,,og-post,,,,AAXX 31024 07299 26/56 /2402 10130 20122 39830 40152 58006 333 60005 90710 91104=
07299,2008-08-31 03:00:00,12.9,1015,-0.6,95,12.1,8000,,3.704,,,,,0,0,,,,,,,og-post,,,,AAXX 31034 07299 22958 00000 10129 20121 39828 40150 58006 333 60007 90710 91102 93100 555 60005=
07299,2008-08-31 04:00:00,12.8,1014.8,-0.7,95,12,10000,,7.408,,,,,0.2,,,,,,,,og-post,,,,AAXX 31044 07299 22960 00000 10128 20120 39826 40148 56007 333 69925 90710 91104 93100=
07299,2008-08-31 05:00:00,12.8,1015,-0.2,95,12,10000,7.408,7.408,,190,,,0,,,,,,,,og-post,,,,AAXX 31054 07299 22560 11904 10128 20120 39828 40150 55002 81801 333 60005 81820 90710 91104 93100=
07299,2008-08-31 06:00:00,16.1,1014.9,0.3,91,14.6,12000,11.112,14.816,,180,12.5,23.4,0,0.2,,0.2,0.2,10.3,10,,og-post,,,,AAXX 31064 07299 02562 51806 10161 20146 39831 40149 53003 69922 81831 333 10234 20125 30010 55103 69927 70002 81820 85073 90710 91108 93100 555 60005=
07299,2008-08-31 07:00:00,19,1014.6,0.5,82,15.9,15000,7.408,14.816,,170,,,0,,,,,,,,og-post,,,,AAXX 31074 07299 22765 71704 10190 20159 39831 40146 51005 81531 333 60005 81650 87073 90710 91108 93100=
07299,2008-08-31 08:00:00,21,1014.6,0.6,70,15.3,15000,11.112,18.52,,140,,,0,,,,,,,,og-post,,,,AAXX 31084 07299 22865 71406 10210 20153 39833 40146 52006 81582 333 60005 81656 87073 90710 91110 93100=
07299,2008-08-31 09:00:00,22.9,1014.7,0.5,67,16.4,18000,11.112,18.52,,140,,,0,0,,,,,,,og-post,,,,AAXX 31094 07299 22968 71406 10229 20164 39836 40147 53005 81032 333 60007 81360 87073 90710 91110 93100 555 60005=
07299,2008-08-31 10:00:00,25.2,1014.6,0.7,57,16.1,18000,7.408,14.816,,150,,,0,,,,,,,,og-post,,,,AAXX 31104 07299 22968 71504 10252 20161 39838 40146 51007 81032 333 60005 81360 87073 90710 91108 93100=
07299,2008-08-31 11:00:00,25.6,1014.5,0.3,59,17,18000,7.408,11.112,,60,,,0,,,,,,,,og-post,,,,AAXX 31114 07299 22968 70604 10256 20170 39837 40145 50003 81032 333 60005 81360 87073 90710 91106 93100=
07299,2008-08-31 12:00:00,26.4,1014.1,-0.3,57,17.2,18000,3.704,14.816,,20,,,0,0,,,,,,,og-post,,,,AAXX 31124 07299 02968 50202 10264 20172 39834 40141 58003 60001 81032 333 60007 81365 84073 90710 91108 93100 555 60005=
07299,2008-08-31 13:00:00,27.6,1013.7,-0.7,50,16.2,20000,3.704,14.816,,300,,,0,,,,,,,,og-post,,,,AAXX 31134 07299 22670 23002 10276 20162 39831 40137 58007 81102 333 60005 81846 90710 91108 93100=
07299,2008-08-31 14:00:00,28.6,1013.2,-1,47,16.2,20000,14.816,22.224,,250,,,0,,,,,,,,og-post,,,,AAXX 31144 07299 22770 22508 10286 20162 39827 40132 57010 81102 333 60005 81850 90710 91112 93100=
07299,2008-08-31 15:00:00,28.9,1012.8,-0.9,50,17.4,25000,11.112,22.224,,260,,,0,0,,,,,,,og-post,,,,AAXX 31154 07299 22775 32606 10289 20174 39824 40128 58009 81282 333 60007 81850 83073 90710 91112 93100 555 60005=
07299,2008-08-31 16:00:00,28.1,1012.6,-1,54,17.9,20000,11.112,22.224,,260,,,0,,,,,,,,og-post,,,,AAXX 31164 07299 22770 42606 10281 20179 39821 40126 56010 81902 333 60005 81950 84073 90710 91112 93100=
07299,2008-08-31 17:00:00,27,1012.9,-0.5,59,18.3,18000,11.112,18.52,,250,,,0,,,,,,,,og-post,,,,AAXX 31174 07299 22768 42506 10270 20183 39823 40129 55005 81902 333 60005 81950 83073 90710 91110 93100=
07299,2008-08-31 18:00:00,24.1,1013.1,-0.2,70,18.3,18000,7.408,22.224,,260,16.1,29,0,0,,,,,,,og-post,,,,AAXX 31184 07299 02768 32604 10241 20183 39822 40131 56002 60002 81983 333 10290 20161 60007 81950 90710 91112 93100 555 60005=
07299,2008-08-31 19:00:00,21.5,1013.9,0.7,81,18.1,18000,7.408,14.816,,200,,,0,,,,,,,,og-post,,,,AAXX 31194 07299 22968 22004 10215 20181 39827 40139 53007 81083 333 60005 81360 90710 91108 93100=
07299,2008-08-31 20:00:00,21,1014.8,1.3,82,17.8,18000,11.112,14.816,,230,,,0,,,,,,,,og-post,,,,AAXX 31204 07299 22968 32306 10210 20178 39835 40148 53013 82083 333 60005 82360 90710 91108 93100=
07299,2008-08-31 21:00:00,19.4,1015.1,1.5,87,17.2,19000,3.704,11.112,,200,,,0,0,,,,,,,og-post,,,,AAXX 31214 07299 26/69 /2002 10194 20172 39837 40151 51015 333 60007 90710 91106 555 60005=
07299,2008-08-31 22:00:00,19.5,1015.2,1,89,17.6,15000,7.408,14.816,,70,,,0,,,,,,,13,og-post,,,,AAXX 31224 07299 21765 70704 10195 20176 39838 40152 51010 71322 82982 333 60005 82950 85361 85073 90710 91108 93100=
07299,2008-08-31 23:00:00,19.7,1015.2,0.3,89,17.8,13000,11.112,18.52,,170,,,0,,,,,,,15,og-post,,,,AAXX 31234 07299 21763 71706 10197 20178 39838 40152 51003 71522 8298/ 333 60005 82950 87358 90710 91110 93100=
07299,2008-09-01 00:00:00,20.2,1015.4,0.3,86,17.8,2000,18.52,25.928,,180,,,1,1,1,,,,,97,og-post,,,,AAXX 01004 07299 01520 81810 10202 20178 39840 40154 53003 60011 79798 879// 333 60017 84825 86933 90710 91114 93100 555 60015=
07299,2008-09-01 01:00:00,18.5,1017,1.5,88,16.5,20000,11.112,38.892,,120,,,6,,,,,,,,og-post,,,,AAXX 01014 07299 26/70 /1206 10185 20165 39854 40170 53015 333 60065 90710 91121=
07299,2008-09-01 02:00:00,16.9,1017.4,1.8,90,15.2,20000,3.704,14.816,,350,,,,,,,,,,,og-post,,,,AAXX 01024 07299 26/70 /3502 10169 20152 39856 40174 53018 333 69905 90710 91108=
07299,2008-09-01 03:00:00,15.7,1017.5,1.5,92,14.4,9000,3.704,7.408,,280,,,,5,,,,,,0,og-post,,,,AAXX 01034 07299 21659 72802 10157 20144 39855 40175 50015 70098 81532 333 60057 81645 85363 85073 90710 91104 555 69905=
07299,2008-09-01 04:00:00,16.1,1017.3,0.1,94,15.1,8000,3.704,7.408,,180,,,0,,,,,,,,og-post,,,,AAXX 01044 07299 22258 71802 10161 20151 39854 40173 50001 82532 333 60005 81703 85357 85073 90710 91104=
07299,2008-09-01 05:00:00,15.9,1017.5,-0.1,95,15.1,6000,,11.112,,,,,0,,,,,,,11,og-post,,,,AAXX 01054 07299 21256 70000 10159 20151 39856 40175 55001 71111 82882 333 60005 81703 86357 85073 90710 91106=
07299,2008-09-01 06:00:00,16.9,1018.1,0.8,94,15.9,7000,7.408,11.112,,100,15.7,23.9,0,0,,6,6,9.6,13,11,og-post,,,,AAXX 01064 07299 01257 71004 10169 20159 39863 40181 53008 60062 71198 85880 333 10239 20157 32013 55096 60007 70060 81805 85650 86359 90710 91106 555 60005=
07299,2008-09-01 07:00:00,17.9,1018.1,1,86,15.5,15000,11.112,18.52,,240,,,0,,,,,,,,og-post,,,,AAXX 01074 07299 22565 72406 10179 20155 39864 40181 51010 8588/ 333 60005 81830 84650 86359 90710 91110 93100=
07299,2008-09-01 08:00:00,19.6,1018.3,1.2,81,16.2,15000,7.408,14.816,,250,,,0,,,,,,,,og-post,,,,AAXX 01084 07299 22465 72504 10196 20162 39868 40183 51012 8487/ 333 60005 81816 83630 86358 90710 91108 93100=
07299,2008-09-01 09:00:00,19.8,1018.6,0.9,82,16.6,20000,7.408,22.224,,220,,,0,0,,,,,,,og-post,,,,AAXX 01094 07299 22570 72204 10198 20166 39871 40186 53009 8687/ 333 60007 84820 83630 86358 90710 91112 93100 555 60005=
07299,2008-09-01 10:00:00,21,1018.4,0.5,76,16.6,20000,11.112,18.52,,250,,,0,,,,,,,,og-post,,,,AAXX 01104 07299 22570 72506 10210 20166 39870 40184 50005 873// 333 60005 83821 81930 85650 90710 91110 93100=
07299,2008-09-01 11:00:00,19.1,1018.7,0.3,89,17.2,8000,11.112,31.484,,250,,,0.8,,,,,,,80,og-post,,,,AAXX 01114 07299 21558 72506 10191 20172 39871 40187 51003 78086 873// 333 69985 82825 81933 85656 90710 91117 93100=
07299,2008-09-01 12:00:00,20.2,1018.5,-0.2,84,17.4,20000,11.112,14.816,,250,,,,0.8,0.8,,,,,25,og-post,,,,AAXX 01124 07299 01670 72506 10202 20174 39870 40185 56002 69981 72586 8387/ 333 69987 81835 87359 90710 91108 93100 555 69905=
07299,2008-09-01 13:00:00,21.2,1018.2,-0.2,76,16.8,20000,11.112,22.224,,240,,,0,,,,,,,,og-post,,,,AAXX 01134 07299 22670 72406 10212 20168 39868 40182 58002 8387/ 333 60005 81836 87360 90710 91112 93100=
07299,2008-09-01 14:00:00,22.6,1017.7,-0.6,67,16.2,20000,14.816,22.224,,260,,,0,,,,,,,,og-post,,,,AAXX 01144 07299 22670 72608 10226 20162 39865 40177 58006 8387/ 333 60005 81833 87360 90710 91112 93100=
07299,2008-09-01 15:00:00,23,1017.3,-0.9,65,16.1,20000,18.52,29.632,,270,,,0,0,,,,,,,og-post,,,,AAXX 01154 07299 22670 52710 10230 20161 39861 40173 58009 83270 333 60007 82833 90710 91116 93100 555 60005=
07299,2008-09-01 16:00:00,21.9,1017.4,-0.7,67,15.5,20000,22.224,35.188,,290,,,0,,,,,,,,og-post,,,,AAXX 01164 07299 22570 42912 10219 20155 39861 40174 56007 82230 333 60005 82830 90710 91119 93100=
07299,2008-09-01 17:00:00,21.5,1017.7,-0.2,67,15.1,20000,18.52,29.632,,280,,,0,,,,,,,,og-post,,,,AAXX 01174 07299 22670 42810 10215 20151 39864 40177 55002 82230 333 60005 82835 83357 90710 91116 93100=
07299,2008-09-01 18:00:00,19.4,1018.4,0.7,76,15.1,20000,11.112,25.928,,270,16.9,23.6,0,0,,0.8,,,,,og-post,,,,AAXX 01184 07299 02670 52706 10194 20151 39868 40184 53007 69982 81231 333 10236 20169 60007 81833 83357 90710 91114 93100 555 60005=
07299,2008-09-01 19:00:00,18.4,1018.9,1.1,81,15.1,18000,3.704,11.112,,230,,,0,,,,,,,,og-post,,,,AAXX 01194 07299 22668 72302 10184 20151 39872 40189 53011 81231 333 60005 81836 86357 90710 91106 93100=
07299,2008-09-01 20:00:00,18.2,1019.2,1.1,81,14.9,18000,7.408,11.112,,240,,,0,,,,,,,,og-post,,,,AAXX 01204 07299 22668 72404 10182 20149 39875 40192 51011 875// 333 60005 83636 87656 90710 91106 93100=
07299,2008-09-01 21:00:00,17.8,1019.1,0.5,83,14.9,18000,3.704,11.112,,250,,,0,0,,,,,,,og-post,,,,AAXX 01214 07299 22668 72502 10178 20149 39873 40191 50005 875// 333 60007 82636 87650 90710 91106 93100 555 60005=
07299,2008-09-01 22:00:00,16.6,1019.1,0,88,14.6,18000,3.704,7.408,,220,,,0,,,,,,,,og-post,,,,AAXX 01224 07299 22668 72202 10166 20146 39872 40191 50000 875// 333 60005 82636 87650 90710 91104 93100=
07299,2008-09-01 23:00:00,16.3,1019,-0.4,91,14.8,18000,3.704,7.408,,210,,,0,,,,,,,,og-post,,,,AAXX 01234 07299 22668 72102 10163 20148 39871 40190 56004 878// 333 60005 81833 87650 90710 91104 93100=
07299,2008-09-02 00:00:00,16.5,1018.6,-0.6,89,14.7,18000,,7.408,,,,,0,0,,,,,,,og-post,,,,AAXX 02004 07299 02668 70000 10165 20147 39867 40186 58006 60001 878// 333 60007 81833 87648 90710 91104 93100 555 60005=
07299,2008-09-02 01:00:00,16.3,1018,-1.1,90,14.7,20000,3.704,7.408,,130,,,0,,,,,,,,og-post,,,,AAXX 02014 07299 26/70 /1302 10163 20147 39861 40180 58011 333 60005 90710 91104=
07299,2008-09-02 02:00:00,14.5,1017.8,-1.3,92,13.2,11000,3.704,7.408,,230,,,0,,,,,,,,og-post,,,,AAXX 02024 07299 26/61 /2302 10145 20132 39857 40178 58013 333 60005 90710 91104=
07299,2008-09-02 03:00:00,14.5,1017.4,-1.4,94,13.5,12000,,7.408,,,,,0,0,,,,,,,og-post,,,,AAXX 02034 07299 22662 70000 10145 20135 39853 40174 56014 875// 333 60007 87642 90710 91104 93100 555 60005=
07299,2008-09-02 04:00:00,13.9,1017,-1.3,93,12.8,12000,,3.704,,,,,0,,,,,,,,og-post,,,,AAXX 02044 07299 22662 30000 10139 20128 39848 40170 58013 83500 333 60005 83643 90710 91102 93100=
07299,2008-09-02 05:00:00,13.1,1016.7,-1.2,94,12.2,20000,3.704,3.704,,230,,,0,,,,,,,,og-post,,,,AAXX 02054 07299 22670 32302 10131 20122 39845 40167 56012 82501 333 60005 82634 90710 91102 93100=
07299,2008-09-02 06:00:00,13.9,1016.5,-0.9,95,13.1,20000,3.704,3.704,,260,13,19.3,0,0,,,0.8,4.1,11,,og-post,,,,AAXX 02064 07299 02570 32602 10139 20131 39844 40165 56009 60002 82501 333 10193 20130 30011 55041 60007 70008 82631 90710 91102 93100 555 60005=
07299,2008-09-02 07:00:00,15.9,1016.4,-0.3,91,14.4,25000,3.704,7.408,,310,,,0,,,,,,,,og-post,,,,AAXX 02074 07299 22575 73102 10159 20144 39845 40164 55003 85830 333 60005 81826 85632 90710 91104 93100=
07299,2008-09-02 08:00:00,18.9,1015.6,-0.4,79,15.2,25000,3.704,7.408,,130,,,0,,,,,,,,og-post,,,,AAXX 02084 07299 22575 51302 10189 20152 39841 40156 58004 82831 333 60005 81826 83358 90710 91104 93100=
07299,2008-09-02 09:00:00,20.4,1014.9,-0.9,66,13.8,25000,7.408,18.52,,210,,,0,0,,,,,,,og-post,,,,AAXX 02094 07299 22575 52104 10204 20138 39835 40149 58009 81131 333 60007 81826 84073 90710 91110 93100 555 60005=
07299,2008-09-02 10:00:00,21.8,1014.1,-1.6,63,14.4,35000,3.704,14.816,,110,,,0,,,,,,,,og-post,,,,AAXX 02104 07299 22581 61102 10218 20144 39829 40141 58016 81101 333 60005 81830 86073 90710 91108 93100=
07299,2008-09-02 11:00:00,22.4,1013.4,-1.8,60,14.3,35000,3.704,14.816,,250,,,0,,,,,,,,og-post,,,,AAXX 02114 07299 22581 72502 10224 20143 39823 40134 57018 83102 333 60005 83833 87073 90710 91108 93100=
07299,2008-09-02 12:00:00,23.5,1012.7,-1.9,57,14.5,40000,11.112,18.52,,280,,,0,0,,,,,,,og-post,,,,AAXX 02124 07299 02682 72806 10235 20145 39817 40127 58019 60001 82141 333 60007 82838 87073 90710 91110 93100 555 60005=
07299,2008-09-02 13:00:00,23,1012.2,-1.7,53,12.9,40000,7.408,25.928,,290,,,0,,,,,,,,og-post,,,,AAXX 02134 07299 22682 72904 10230 20129 39812 40122 56017 82141 333 60005 82840 87073 90710 91114 93100=
07299,2008-09-02 14:00:00,24.2,1011.4,-1.8,50,13.1,45000,11.112,31.484,,290,,,0,,,,,,,,og-post,,,,AAXX 02144 07299 22683 72906 10242 20131 39805 40114 57018 82141 333 60005 82843 87073 90710 91117 93100=
07299,2008-09-02 15:00:00,23.9,1010.8,-1.7,53,13.7,45000,7.408,18.52,,270,,,0,0,,,,,,,og-post,,,,AAXX 02154 07299 22683 72704 10239 20137 39799 40108 58017 81141 333 60007 81843 87073 90710 91110 93100 555 60005=
07299,2008-09-02 16:00:00,22.8,1010.8,-1.4,55,13.3,45000,11.112,18.52,,310,,,0,,,,,,,,og-post,,,,AAXX 02164 07299 22/83 73106 10228 20133 39798 40108 56014 80002 333 60005 87073 90710 91110 93100=
07299,2008-09-02 17:00:00,22.2,1010.7,-0.9,59,13.8,40000,3.704,18.52,,250,,,0,,,,,,,,og-post,,,,AAXX 02174 07299 22/82 72502 10222 20138 39796 40107 56009 80002 333 60005 87073 90710 91110 93100=
07299,2008-09-02 18:00:00,20.7,1010.8,-0.3,75,16.1,20000,,7.408,,,14,24.4,0,0,,,,,,,og-post,,,,AAXX 02184 07299 06/70 /0000 10207 20161 39796 40108 56003 60002 333 10244 20140 60007 90710 91104 555 60005=
07299,2008-09-02 19:00:00,17.5,1011.3,-0.2,85,14.9,30000,3.704,7.408,,220,,,0,,,,,,,,og-post,,,,AAXX 02194 07299 22980 72202 10175 20149 39797 40113 55002 81032 333 60005 81364 87073 90710 91104 93100=
07299,2008-09-02 20:00:00,16.4,1011.7,0.4,90,14.8,20000,,11.112,,,,,0,,,,,,,,og-post,,,,AAXX 02204 07299 22970 70000 10164 20148 39800 40117 53004 81032 333 60005 81364 87073 90710 91106 93100=
07299,2008-09-02 21:00:00,16,1011.4,0.3,90,14.4,20000,7.408,11.112,,170,,,0,0,,,,,,,og-post,,,,AAXX 02214 07299 22/70 51704 10160 20144 39797 40114 50003 80002 333 60007 85073 90710 91106 93100 555 60005=
07299,2008-09-02 22:00:00,16,1010.8,-0.5,90,14.4,20000,11.112,18.52,,160,,,0,,,,,,,,og-post,,,,AAXX 02224 07299 22/70 51606 10160 20144 39791 40108 58005 80002 333 60005 85073 90710 91110 93100=
07299,2008-09-02 23:00:00,16.5,1010.5,-1.1,88,14.5,20000,7.408,14.816,,190,,,0,,,,,,,,og-post,,,,AAXX 02234 07299 22870 51904 10165 20145 39789 40105 57011 81032 333 60005 81358 85073 90710 91108 93100=
07299,2008-09-03 00:00:00,16.3,1011,-0.5,89,14.5,20000,3.704,14.816,,200,,,0,0,,,,,,,og-post,,,,AAXX 03004 07299 02870 72002 10163 20145 39793 40110 55005 60001 82032 333 60007 82358 87073 90710 91108 93100 555 60005=
07299,2008-09-03 01:00:00,16.8,1011.2,0.5,88,14.8,20000,7.408,14.816,,180,,,0,,,,,,,,og-post,,,,AAXX 03014 07299 26/70 /1804 10168 20148 39796 40112 53005 333 60005 90710 91108=
07299,2008-09-03 02:00:00,15.8,1011,0.4,90,14.2,19000,3.704,14.816,,120,,,0,,,,,,,,og-post,,,,AAXX 03024 07299 26/69 /1202 10158 20142 39793 40110 50004 333 60005 90710 91108=
07299,2008-09-03 03:00:00,14.6,1011.2,-0.1,93,13.5,20000,7.408,11.112,,220,,,0,0,,,,,,,og-post,,,,AAXX 03034 07299 22870 62204 10146 20135 39793 40112 58001 82072 333 60007 82358 85073 90710 91106 93100 555 60005=
07299,2008-09-03 04:00:00,14.4,1010.8,-0.7,93,13.3,20000,7.408,11.112,,190,,,0,,,,,,,,og-post,,,,AAXX 03044 07299 22870 61904 10144 20133 39789 40108 57007 82072 333 60005 82358 85073 90710 91106 93100=
07299,2008-09-03 05:00:00,13.9,1010.7,-0.6,93,12.8,20000,3.704,11.112,,170,,,0.2,,,,,,,,og-post,,,,AAXX 03054 07299 22870 51702 10139 20128 39787 40107 58006 81032 333 69925 81358 84073 90710 91106 93100=
07299,2008-09-03 06:00:00,15.4,1010.5,-0.5,92,14.1,20000,7.408,11.112,,180,13.9,20.3,0,0.2,,0.2,0.2,8.4,11,,og-post,,,,AAXX 03064 07299 02870 71804 10154 20141 39787 40105 56005 69922 81032 333 10203 20139 30011 55084 69927 70002 81358 87073 90710 91106 93100 555 60005=
07299,2008-09-03 07:00:00,18.4,1010.1,-0.2,81,15.1,22000,7.408,11.112,,190,,,0,,,,,,,,og-post,,,,AAXX 03074 07299 22472 71904 10184 20151 39787 40101 56002 81132 333 60005 81811 87073 90710 91106 93100=
07299,2008-09-03 08:00:00,21.2,1009.3,-0.5,67,14.8,25000,3.704,14.816,,180,,,0,,,,,,,,og-post,,,,AAXX 03084 07299 22575 71802 10212 20148 39782 40093 58005 81131 333 60005 81825 87073 90710 91108 93100=
07299,2008-09-03 09:00:00,23.4,1008.5,-1.1,58,14.7,25000,3.704,7.408,,30,,,0,0,,,,,,,og-post,,,,AAXX 03094 07299 22675 70302 10234 20147 39776 40085 58011 81132 333 60007 81836 87073 90710 91104 93100 555 60005=
07299,2008-09-03 10:00:00,23.8,1007.6,-1.8,54,13.9,25000,3.704,11.112,,90,,,0,,,,,,,,og-post,,,,AAXX 03104 07299 22675 70902 10238 20139 39768 40076 58018 81132 333 60005 81840 87073 90710 91106 93100=
07299,2008-09-03 11:00:00,23.9,1006.7,-2.3,55,14.3,25000,3.704,11.112,,360,,,0,,,,,,,,og-post,,,,AAXX 03114 07299 22675 73602 10239 20143 39759 40067 58023 81102 333 60005 81840 83070 87073 90710 91106 93100=
07299,2008-09-03 12:00:00,24.8,1006.2,-1.9,56,15.4,25000,14.816,25.928,,310,,,0,0,,,,,,,og-post,,,,AAXX 03124 07299 02675 73108 10248 20154 39756 40062 56019 60001 81802 333 60007 81840 87073 90710 91114 93100 555 60005=
07299,2008-09-03 13:00:00,24.8,1005.3,-2.1,58,16,22000,11.112,18.52,,350,,,0,,,,,,,,og-post,,,,AAXX 03134 07299 22672 73506 10248 20160 39747 40053 57021 82802 333 60005 81841 87073 90710 91110 93100=
07299,2008-09-03 14:00:00,25.2,1004,-2.4,56,15.8,20000,7.408,14.816,,340,,,0,,,,,,,,og-post,,,,AAXX 03144 07299 22670 73404 10252 20158 39735 40040 58024 8499/ 333 60005 81839 81943 83656 90710 91108 93100=
07299,2008-09-03 15:00:00,16.8,1006.6,-0.1,89,15,3500,35.188,87.044,64.82,270,,,3,3,,,,,,95,og-post,,,,AAXX 03154 07299 21535 82719 10168 20150 39751 40066 55001 79598 879// 333 60037 83826 83938 91035 90710 91147 93100 555 60035=
07299,2008-09-03 16:00:00,16.3,1008.1,1.8,91,14.8,4000,11.112,38.892,,340,,,4,,,,,,,92,og-post,,,,AAXX 03164 07299 21440 83406 10163 20148 39765 40081 53018 79298 879// 333 60045 81811 81938 86643 90710 91121 93100=
07299,2008-09-03 17:00:00,16.2,1009.1,4,91,14.7,5000,18.52,29.632,,280,,,4,,,,,,,81,og-post,,,,AAXX 03174 07299 21450 82810 10162 20147 39775 40091 51040 78188 878// 333 60045 81816 87648 90710 91116 93100=
07299,2008-09-03 18:00:00,16.2,1009.1,1.8,92,14.9,19000,3.704,18.52,,80,15.5,25.6,2,11,,14,,,,60,og-post,,,,AAXX 03184 07299 01469 70802 10162 20149 39775 40091 51018 60142 76098 8287/ 333 10256 20155 60117 81816 87359 90710 91110 93100 555 60025=
07299,2008-09-03 19:00:00,16.4,1009.8,1.7,93,15.3,19000,11.112,14.816,,120,,,0.2,,,,,,,60,og-post,,,,AAXX 03194 07299 21469 71206 10164 20153 39782 40098 51017 76066 8387/ 333 69925 81816 83646 87361 90710 91108 93100=
07299,2008-09-03 20:00:00,16.4,1010,0.9,93,15.3,15000,7.408,11.112,,110,,,,,,,,,,60,og-post,,,,AAXX 03204 07299 21465 71104 10164 20153 39784 40100 53009 76066 8487/ 333 69905 81818 84646 87359 90710 91106 93100=
07299,2008-09-03 21:00:00,16.5,1009.7,0.6,92,15.2,15000,11.112,18.52,,100,,,,0.2,,,,,,60,og-post,,,,AAXX 03214 07299 21565 71006 10165 20152 39781 40097 50006 76062 8487/ 333 69927 81820 84646 87360 90710 91110 93100 555 69905=
07299,2008-09-03 22:00:00,16.2,1009.3,-0.6,92,14.9,15000,11.112,14.816,,130,,,0.2,,,,,,,21,og-post,,,,AAXX 03224 07299 21565 31306 10162 20149 39777 40093 58006 72161 81830 333 69925 81820 83360 90710 91108 93100=
07299,2008-09-03 23:00:00,16.1,1009.3,-0.6,93,15,15000,3.704,11.112,,150,,,0,,,,,,,,og-post,,,,AAXX 03234 07299 22565 51502 10161 20150 39777 40093 56006 81830 333 60005 81820 85360 90710 91106 93100=
07299,2008-09-04 00:00:00,16.1,1009.1,-0.5,94,15.1,7000,3.704,7.408,,310,,,0,0.2,0.4,,,,,,og-post,,,,AAXX 04004 07299 06/57 /3102 10161 20151 39775 40091 56005 69941 333 69927 90710 91104 555 60005=
07299,2008-09-04 01:00:00,16.1,1008.6,-0.7,94,15.1,7000,,3.704,,,,,0,,,,,,,,og-post,,,,AAXX 04014 07299 26/57 /0000 10161 20151 39770 40086 58007 333 60005 90710 91102=
07299,2008-09-04 02:00:00,16,1008.4,-0.9,95,15.2,4100,3.704,7.408,,180,,,0.2,,,,,,,,og-post,,,,AAXX 04024 07299 26/41 /1802 10160 20152 39768 40084 57009 333 69925 90710 91104=
07299,2008-09-04 03:00:00,15.9,1008.3,-0.8,95,15.1,4500,,3.704,,,,,,0.2,,,,,,60,og-post,,,,AAXX 04034 07299 21245 70000 10159 20151 39767 40083 56008 76062 878// 333 69927 84704 83820 85643 90710 91102 93100 555 69905=
07299,2008-09-04 04:00:00,16,1008,-0.6,95,15.2,6000,,3.704,,,,,,,,,,,,60,og-post,,,,AAXX 04044 07299 21256 70000 10160 20152 39764 40080 57006 76062 878// 333 69905 84705 85620 85643 90710 91102 93100=
07299,2008-09-04 05:00:00,16,1008,-0.4,95,15.2,7000,3.704,7.408,,110,,,0.2,,,,,,,21,og-post,,,,AAXX 04054 07299 21257 71102 10160 20152 39764 40080 56004 72162 875// 333 69925 84704 85617 87646 90710 91104 93100=
07299,2008-09-04 06:00:00,16.1,1008.3,0.1,95,15.3,4000,,11.112,,,15.9,16.8,0,0.2,,0.8,14.2,6.7,15,10,og-post,,,,AAXX 04064 07299 01240 70000 10161 20153 39767 40083 53001 69982 71062 875// 333 10168 20159 32015 55067 69927 70142 83704 84620 87636 90710 91106 93100 555 60005=
07299,2008-09-04 07:00:00,16.6,1008.3,0.4,95,15.8,7000,3.704,3.704,,240,,,0.4,,,,,,,60,og-post,,,,AAXX 04074 07299 21357 72402 10166 20158 39768 40083 53004 76062 875// 333 69945 83706 83620 87640 90710 91102 93100=
07299,2008-09-04 08:00:00,17.1,1008.9,1,91,15.6,10000,3.704,11.112,,180,,,,,,,,,,21,og-post,,,,AAXX 04084 07299 21360 71802 10171 20156 39774 40089 53010 72162 875// 333 69905 81706 85623 87640 90710 91106 93100=
07299,2008-09-04 09:00:00,17.1,1009.5,1.3,90,15.4,10000,3.704,11.112,,250,,,0.8,1,,,,,,60,og-post,,,,AAXX 04094 07299 21460 72502 10171 20154 39780 40095 53013 76062 878// 333 60017 83813 87620 90710 91106 93100 555 69985=
07299,2008-09-04 10:00:00,16.7,1009.6,1.2,89,14.9,13000,7.408,14.816,,320,,,0.2,,,,,,,60,og-post,,,,AAXX 04104 07299 21463 73204 10167 20149 39780 40096 51012 76066 878// 333 69925 82812 85620 87650 90710 91108 93100=
07299,2008-09-04 11:00:00,17.1,1009.2,0.3,89,15.3,13000,7.408,11.112,,340,,,0.4,,,,,,,60,og-post,,,,AAXX 04114 07299 21463 73404 10171 20153 39777 40092 50003 76066 8687/ 333 69945 82812 85640 87359 90710 91106 93100=
07299,2008-09-04 12:00:00,18.6,1008.5,-0.8,84,15.8,15000,3.704,11.112,,30,,,,0.6,2,,,,,21,og-post,,,,AAXX 04124 07299 01465 70302 10186 20158 39772 40085 58008 60021 72162 8593/ 333 69967 82812 81926 84643 87358 90710 91106 93100 555 69905=
07299,2008-09-04 13:00:00,15.8,1009.8,0.1,90,14.2,8000,14.816,35.188,,270,,,5,,,,,,,80,og-post,,,,AAXX 04134 07299 21458 72708 10158 20142 39781 40098 53001 78086 878// 333 60055 81710 87650 90710 91119 93100=
07299,2008-09-04 14:00:00,15.5,1010.3,0.8,90,13.9,10000,14.816,22.224,,290,,,1,,,,,,,61,og-post,,,,AAXX 04144 07299 21460 72908 10155 20139 39785 40103 53008 76186 878// 333 60015 81810 87640 90710 91112 93100=
07299,2008-09-04 15:00:00,15.5,1010.4,1.4,89,13.7,8000,7.408,22.224,,250,,,0.6,6,,,,,,61,og-post,,,,AAXX 04154 07299 21458 72504 10155 20137 39786 40104 51014 76186 8587/ 333 60067 81813 85640 87358 90710 91112 93100 555 69965=
07299,2008-09-04 16:00:00,15.5,1009.9,0.1,89,13.7,10000,7.408,11.112,,180,,,,,,,,,,21,og-post,,,,AAXX 04164 07299 21460 71804 10155 20137 39782 40099 50001 72162 8687/ 333 69905 81813 85646 87358 90710 91106 93100=
07299,2008-09-04 17:00:00,15.7,1009.7,-0.6,89,13.9,10000,3.704,11.112,,170,,,0.4,,,,,,,,og-post,,,,AAXX 04174 07299 22460 71702 10157 20139 39780 40097 58006 8683/ 333 69945 81813 85650 86358 90710 91106 93100=
07299,2008-09-04 18:00:00,15.8,1009.3,-1,89,14,20000,7.408,11.112,,110,15.4,18.7,0,0.4,,9,,,,,og-post,,,,AAXX 04184 07299 06/70 /1104 10158 20140 39776 40093 56010 60092 333 10187 20154 69947 90710 91106 555 60005=
07299,2008-09-04 19:00:00,15.4,1009.6,-0.4,90,13.8,18000,3.704,14.816,,170,,,0,,,,,,,,og-post,,,,AAXX 04194 07299 22468 71702 10154 20138 39779 40096 55004 8683/ 333 60005 81810 86650 86358 90710 91108 93100=
07299,2008-09-04 20:00:00,15.8,1009.3,-0.3,91,14.3,18000,14.816,22.224,,150,,,0,,,,,,,,og-post,,,,AAXX 04204 07299 22468 71508 10158 20143 39776 40093 56003 8583/ 333 60005 81810 85650 87359 90710 91112 93100=
07299,2008-09-04 21:00:00,15.6,1008.7,-0.6,92,14.3,18000,7.408,18.52,,130,,,0,0,,,,,,,og-post,,,,AAXX 04214 07299 22468 71304 10156 20143 39770 40087 58006 8483/ 333 60007 81810 83650 86359 90710 91110 93100 555 60005=
07299,2008-09-04 22:00:00,14.9,1008.5,-1.1,93,13.8,15000,,11.112,,,,,0,,,,,,,,og-post,,,,AAXX 04224 07299 22465 70000 10149 20138 39767 40085 58011 8483/ 333 60005 81810 83650 86359 90710 91106 93100=
07299,2008-09-04 23:00:00,15.3,1007.8,-1.5,93,14.2,13000,3.704,18.52,,330,,,0.2,,,,,,,60,og-post,,,,AAXX 04234 07299 21463 73302 10153 20142 39761 40078 57015 76062 8483/ 333 69925 81810 83650 87359 90710 91110 93100=
07299,2008-09-05 00:00:00,15.5,1009.4,0.6,94,14.5,7000,7.408,14.816,,190,,,1,1,1,,,,,61,og-post,,,,AAXX 05004 07299 01457 71904 10155 20145 39777 40094 53006 60011 76162 8493/ 333 60017 81810 81945 83650 87359 90710 91108 93100 555 60015=
07299,2008-09-05 01:00:00,15.5,1008.5,0.1,94,14.5,14000,3.704,14.816,,170,,,0.8,,,,,,,,og-post,,,,AAXX 05014 07299 26/64 /1702 10155 20145 39768 40085 50001 333 69985 90710 91108=
07299,2008-09-05 02:00:00,14.1,1008.5,0.5,94,13.1,200,3.704,7.408,,290,,,,,,,,,,,og-post,,,,AAXX 05024 07299 26/02 /2902 10141 20131 39766 40085 50005 333 69905 90710 91104=
07299,2008-09-05 03:00:00,13.6,1008.7,-0.8,95,12.8,8000,3.704,11.112,,250,,,,0.8,,,,,,,og-post,,,,AAXX 05034 07299 23658 32502 10136 20128 39768 40087 55008 81502 333 69987 81633 83073 90710 91106 555 69905=
07299,2008-09-05 04:00:00,13.9,1008.2,-0.5,95,13.1,9000,11.112,11.112,,180,,,0,,,,,,,,og-post,,,,AAXX 05044 07299 26/59 /1806 10139 20131 39763 40082 58005 333 60005 90710 91106=
07299,2008-09-05 05:00:00,12.7,1008.6,0.1,95,11.9,5000,3.704,11.112,,190,,,0,,,,,,,11,og-post,,,,AAXX 05054 07299 21050 71902 10127 20119 39766 40086 53001 71111 81682 333 60005 81701 86073 90710 91106=
07299,2008-09-05 06:00:00,14.3,1008.3,-0.3,96,13.7,7000,7.408,11.112,,180,12.7,15.8,0,0,,2,10.6,0,10,3,og-post,,,,AAXX 05064 07299 01057 71804 10143 20137 39765 40083 56003 60022 70361 82282 333 10158 20127 32010 55000 60007 70106 81701 86073 90710 91106 93100 555 60005=
07299,2008-09-05 07:00:00,16.4,1007.5,-0.3,94,15.4,14000,7.408,11.112,,130,,,0,,,,,,,,og-post,,,,AAXX 05074 07299 22264 61304 10164 20154 39760 40075 58003 81432 333 60005 81703 84073 90710 91106 93100=
07299,2008-09-05 08:00:00,19.2,1007,-0.9,80,15.7,35000,14.816,22.224,,120,,,0,,,,,,,,og-post,,,,AAXX 05084 07299 22481 71208 10192 20157 39758 40070 57009 84532 333 60005 81710 83658 90710 91112 93100=
07299,2008-09-05 09:00:00,20.1,1006.6,-1,76,15.7,40000,18.52,25.928,,110,,,0,0,,,,,,,og-post,,,,AAXX 05094 07299 22482 71110 10201 20157 39755 40066 56010 8383/ 333 60007 81816 83657 87360 90710 91114 93100 555 60005=
07299,2008-09-05 10:00:00,21.5,1006.1,-0.9,70,15.8,60000,22.224,31.484,,110,,,0,,,,,,,,og-post,,,,AAXX 05104 07299 22586 71112 10215 20158 39751 40061 58009 8183/ 333 60005 81823 87362 90710 91117 93100=
07299,2008-09-05 11:00:00,21.2,1005.7,-1.1,71,15.7,60000,18.52,35.188,,110,,,0,,,,,,,,og-post,,,,AAXX 05114 07299 22586 71110 10212 20157 39747 40057 57011 8113/ 333 60005 81823 87361 90710 91119 93100=
07299,2008-09-05 12:00:00,23.3,1004.8,-1.5,63,15.9,60000,18.52,31.484,,110,,,0,0,,,,,,,og-post,,,,AAXX 05124 07299 02586 61110 10233 20159 39741 40048 58015 60001 81232 333 60007 81828 86073 90710 91117 93100 555 60005=
07299,2008-09-05 13:00:00,24.9,1003.9,-1.6,60,16.6,60000,18.52,25.928,,100,,,0,,,,,,,,og-post,,,,AAXX 05134 07299 22586 71010 10249 20166 39734 40039 58016 81232 333 60005 81831 87073 90710 91114 93100=
07299,2008-09-05 14:00:00,25.4,1003.1,-2.1,61,17.3,60000,22.224,31.484,,110,,,0,,,,,,,,og-post,,,,AAXX 05144 07299 22686 71112 10254 20173 39726 40031 58021 81132 333 60005 81833 87073 90710 91117 93100=
07299,2008-09-05 15:00:00,25.4,1002.4,-2.1,63,17.8,60000,14.816,31.484,,100,,,0,0,,,,,,,og-post,,,,AAXX 05154 07299 22686 71008 10254 20178 39720 40024 56021 81132 333 60007 81833 87073 90710 91117 93100 555 60005=
07299,2008-09-05 16:00:00,26,1001.9,-1.8,59,17.4,55000,14.816,25.928,,110,,,0,,,,,,,,og-post,,,,AAXX 05164 07299 22685 71108 10260 20174 39715 40019 56018 81132 333 60005 81833 87073 90710 91114 93100=
07299,2008-09-05 17:00:00,25.4,1001.5,-1.5,61,17.3,50000,14.816,29.632,,100,,,0,,,,,,,,og-post,,,,AAXX 05174 07299 22684 71008 10254 20173 39711 40015 56015 81132 333 60005 81833 87073 90710 91116 93100=
07299,2008-09-05 18:00:00,22.8,1001.4,-1.4,67,16.4,45000,11.112,22.224,,110,14.3,26.2,0,0,,,,,,,og-post,,,,AAXX 05184 07299 02683 71106 10228 20164 39707 40014 57014 60002 81102 333 10262 20143 60007 81833 87073 90710 91112 93100 555 60005=
07299,2008-09-05 19:00:00,20,1002.4,-0.1,74,15.2,45000,11.112,14.816,,170,,,0,,,,,,,,og-post,,,,AAXX 05194 07299 22683 71706 10200 20152 39714 40024 55001 81102 333 60005 81833 87073 90710 91108 93100=
07299,2008-09-05 20:00:00,19.7,1002.7,0.6,78,15.8,30000,14.816,18.52,,160,,,0,,,,,,,,og-post,,,,AAXX 05204 07299 22980 31608 10197 20158 39717 40027 53006 83030 333 60005 83363 90710 91110 93100=
07299,2008-09-05 21:00:00,18.7,1003.3,1.6,85,16.1,30000,7.408,18.52,,200,,,0,0,,,,,,,og-post,,,,AAXX 05214 07299 22980 32004 10187 20161 39721 40033 51016 83030 333 60007 83363 90710 91110 93100 555 60005=
07299,2008-09-05 22:00:00,18.7,1003.9,1.4,87,16.5,30000,7.408,22.224,,190,,,0,,,,,,,,og-post,,,,AAXX 05224 07299 22980 31904 10187 20165 39727 40039 53014 83030 333 60005 83362 90710 91112 93100=
07299,2008-09-05 23:00:00,17.5,1005.4,2.3,89,15.7,30000,3.704,18.52,,150,,,0,,,,,,,,og-post,,,,AAXX 05234 07299 22980 51502 10175 20157 39740 40054 53023 83031 333 60005 83362 85075 90710 91110 93100=
07299,2008-09-06 00:00:00,17.5,1006.4,2.9,88,15.5,30000,7.408,11.112,,160,,,0,0,,,,,,,og-post,,,,AAXX 06004 07299 02980 51604 10175 20155 39750 40064 53029 60001 83031 333 60007 83362 85075 90710 91106 93100 555 60005=
07299,2008-09-06 01:00:00,18.3,1006.5,2.2,80,14.8,20000,7.408,14.816,,180,,,0,,,,,,,,og-post,,,,AAXX 06014 07299 26/70 /1804 10183 20148 39752 40065 51022 333 60005 90710 91108=
07299,2008-09-06 02:00:00,17,1006.8,1.2,86,14.6,20000,3.704,11.112,,130,,,0,,,,,,,,og-post,,,,AAXX 06024 07299 26/70 /1302 10170 20146 39753 40068 51012 333 60005 90710 91106=
07299,2008-09-06 03:00:00,15.6,1006.9,0.3,89,13.8,15000,3.704,7.408,,200,,,0,0,,,,,,,og-post,,,,AAXX 06034 07299 22665 52002 10156 20138 39753 40069 51003 85500 333 60007 85646 90710 91104 93100 555 60005=
07299,2008-09-06 04:00:00,15.6,1006.9,0.1,93,14.5,15000,3.704,7.408,,190,,,0,,,,,,,,og-post,,,,AAXX 06044 07299 22665 51902 10156 20145 39753 40069 52001 85500 333 60005 85646 90710 91104 93100=
07299,2008-09-06 05:00:00,16.1,1007.6,0.8,92,14.8,15000,3.704,7.408,,220,,,0,,,,,,,,og-post,,,,AAXX 06054 07299 22665 52202 10161 20148 39760 40076 53008 85500 333 60005 85643 90710 91104 93100=
07299,2008-09-06 06:00:00,17,1007.7,0.9,91,15.5,15000,,7.408,,,15.2,22.6,0,0,,,0,8.3,13,,og-post,,,,AAXX 06064 07299 02465 70000 10170 20155 39762 40077 53009 60002 8583/ 333 10226 20152 30013 55083 60007 70000 81816 85650 86363 90710 91104 93100 555 60005=
07299,2008-09-06 07:00:00,18,1007.8,1.2,87,15.8,15000,7.408,14.816,,80,,,0,,,,,,,,og-post,,,,AAXX 06074 07299 22565 70804 10180 20158 39764 40078 51012 8583/ 333 60005 81820 85656 87363 90710 91108 93100=
07299,2008-09-06 08:00:00,18.3,1008.5,1.1,83,15.4,15000,3.704,14.816,,60,,,0,,,,,,,,og-post,,,,AAXX 06084 07299 22565 70602 10183 20154 39771 40085 53011 8683/ 333 60005 81820 85656 87360 90710 91108 93100=
07299,2008-09-06 09:00:00,19.1,1008.3,0.9,82,16,15000,,14.816,,,,,,,,,,,,21,og-post,,,,AAXX 06094 07299 21565 70000 10191 20160 39770 40083 51009 72162 8683/ 333 69907 81820 83639 85650 90710 91108 93100 555 69905=
07299,2008-09-06 10:00:00,18,1009.9,1.9,83,15.1,15000,14.816,25.928,,280,,,,,,,,,,60,og-post,,,,AAXX 06104 07299 21565 72808 10180 20151 39784 40099 53019 76062 878// 333 69905 83821 85628 87650 90710 91114 93100=
07299,2008-09-06 11:00:00,17.8,1010,1.5,78,13.9,20000,11.112,31.484,,270,,,,,,,,,,,og-post,,,,AAXX 06114 07299 26/70 /2706 10178 20139 39785 40100 53015 333 69905 90710 91117=
07299,2008-09-06 12:00:00,19.7,1009.9,1.5,71,14.3,20000,11.112,22.224,,280,,,,,,,,,,21,og-post,,,,AAXX 06124 07299 01570 72806 10197 20143 39786 40099 51015 69901 72162 8683/ 333 69907 83823 83640 86361 90710 91112 93100 555 69905=
07299,2008-09-06 13:00:00,19.2,1010.2,0.4,69,13.4,20000,14.816,22.224,,260,,,0,,,,,,,,og-post,,,,AAXX 06134 07299 22570 72608 10192 20134 39788 40102 52004 8687/ 333 60005 84830 83650 87360 90710 91112 93100=
07299,2008-09-06 14:00:00,18.2,1010.4,0.3,71,12.9,15000,11.112,29.632,,260,,,0,,,,,,,,og-post,,,,AAXX 06144 07299 22565 72606 10182 20129 39789 40104 53003 8687/ 333 60005 82830 83833 85656 90710 91116 93100=
07299,2008-09-06 15:00:00,17.4,1010.4,0.2,76,13.1,15000,3.704,18.52,,270,,,,,,,,,,60,og-post,,,,AAXX 06154 07299 21565 72702 10174 20131 39788 40104 50002 76062 8687/ 333 69907 81830 86656 87360 90710 91110 93100 555 69905=
07299,2008-09-06 16:00:00,16,1011.2,0.7,84,13.3,12000,7.408,14.816,,280,,,,,,,,,,61,og-post,,,,AAXX 06164 07299 21562 82804 10160 20133 39795 40112 53007 76166 8687/ 333 69905 81830 86657 87359 90710 91108 93100=
07299,2008-09-06 17:00:00,15.4,1011.1,0.4,90,13.8,9000,7.408,14.816,,160,,,0.8,,,,,,,61,og-post,,,,AAXX 06174 07299 21559 81604 10154 20138 39793 40111 52004 76166 8687/ 333 69985 82830 84643 87357 90710 91108 93100=
07299,2008-09-06 18:00:00,15.6,1011.4,0.9,91,14.1,15000,7.408,14.816,,110,15.4,19.9,,0.8,,0.8,,,,21,og-post,,,,AAXX 06184 07299 01565 71104 10156 20141 39796 40114 51009 69982 72162 8497/ 333 10199 20154 69987 81826 81930 83643 87358 90710 91108 93100 555 69905=
07299,2008-09-06 19:00:00,15.2,1012.4,1.1,91,13.7,18000,7.408,14.816,,130,,,0.2,,,,,,,61,og-post,,,,AAXX 06194 07299 21568 71304 10152 20137 39805 40124 53011 76162 8197/ 333 69925 81826 81930 87359 90710 91108 93100=
07299,2008-09-06 20:00:00,14.8,1012.7,1.5,91,13.3,15000,7.408,14.816,,110,,,1,,,,,,,61,og-post,,,,AAXX 06204 07299 21565 71104 10148 20133 39808 40127 51015 76166 8187/ 333 60015 81826 87360 90710 91108 93100=
07299,2008-09-06 21:00:00,14.6,1012.8,1.2,92,13.3,17000,7.408,14.816,,120,,,0.2,1,,,,,,61,og-post,,,,AAXX 06214 07299 21567 71204 10146 20133 39809 40128 51012 76162 8187/ 333 60017 81826 87359 90710 91108 93100 555 69925=
07299,2008-09-06 22:00:00,14.6,1012.8,0.2,93,13.5,16000,7.408,14.816,,150,,,0.2,,,,,,,61,og-post,,,,AAXX 06224 07299 21566 71504 10146 20135 39809 40128 50002 76166 8387/ 333 69925 81826 83645 87359 90710 91108 93100=
07299,2008-09-06 23:00:00,14.5,1012.2,-0.3,92,13.2,17000,11.112,14.816,,110,,,,,,,,,,60,og-post,,,,AAXX 06234 07299 21567 71106 10145 20132 39803 40122 58003 76066 878// 333 69905 81826 87647 90710 91108 93100=
07299,2008-09-07 00:00:00,14.6,1012.7,-0.1,92,13.3,14000,7.408,14.816,,120,,,,0.2,2,,,,,21,og-post,,,,AAXX 07004 07299 01564 71204 10146 20133 39808 40127 55001 60021 72162 878// 333 69927 81831 87650 90710 91108 93100 555 69905=
07299,2008-09-07 01:00:00,14.4,1012.4,-0.2,92,13.1,20000,7.408,7.408,,150,,,0,,,,,,,,og-post,,,,AAXX 07014 07299 26/70 /1504 10144 20131 39805 40124 57002 333 60005 90710 91104=
07299,2008-09-07 02:00:00,14.2,1012.7,0.4,93,13.1,16000,3.704,11.112,,210,,,0,,,,,,,,og-post,,,,AAXX 07024 07299 26/66 /2102 10142 20131 39807 40127 51004 333 60005 90710 91106=
07299,2008-09-07 03:00:00,14.3,1012.7,-0.1,94,13.3,20000,7.408,11.112,,180,,,0,0,,,,,,,og-post,,,,AAXX 07034 07299 22570 71804 10143 20133 39807 40127 56001 8553/ 333 60007 85632 87357 90710 91106 93100 555 60005=
07299,2008-09-07 04:00:00,14.4,1012.5,0.1,94,13.4,15000,3.704,11.112,,200,,,0,,,,,,,,og-post,,,,AAXX 07044 07299 22565 72002 10144 20134 39806 40125 50001 875// 333 60005 87628 90710 91106 93100=
07299,2008-09-07 05:00:00,14.1,1012.8,-0,91,12.7,20000,7.408,22.224,,240,,,0,,,,,,,,og-post,,,,AAXX 07054 07299 22270 62404 10141 20127 39808 40128 55000 86500 333 60005 81705 84640 90710 91112 93100=
07299,2008-09-07 06:00:00,14.2,1013.8,1.1,84,11.5,30000,11.112,22.224,,250,14,15.6,0,0,,2,2.4,0.2,13,,og-post,,,,AAXX 07064 07299 02480 72506 10142 20115 39818 40138 53011 60022 878// 333 10156 20140 31013 55002 60007 70024 81811 83645 87657 90710 91112 93100 555 60005=
07299,2008-09-07 07:00:00,14.5,1014.1,1.5,83,11.6,30000,3.704,14.816,,210,,,0,,,,,,,,og-post,,,,AAXX 07074 07299 22480 72102 10145 20116 39821 40141 53015 86840 333 60005 81813 86650 90710 91108 93100=
07299,2008-09-07 08:00:00,15.2,1014.3,1.6,78,11.4,35000,7.408,14.816,,240,,,0,,,,,,,,og-post,,,,AAXX 07084 07299 22481 72404 10152 20114 39824 40143 51016 84870 333 60005 81816 84656 85357 90710 91108 93100=
07299,2008-09-07 09:00:00,16.9,1014.4,0.8,66,10.5,40000,14.816,29.632,,260,,,0,0,,,,,,,og-post,,,,AAXX 07094 07299 22582 62608 10169 20105 39826 40144 51008 82830 333 60007 81820 85357 90710 91116 93100 94030 94135 555 60005=
07299,2008-09-07 10:00:00,18.9,1014.2,0.5,56,9.9,40000,18.52,29.632,,260,,,0,,,,,,,,og-post,,,,AAXX 07104 07299 22582 52610 10189 20099 39826 40142 51005 83830 333 60005 82826 83640 90710 91116 93100=
07299,2008-09-07 11:00:00,18.8,1014.2,0.2,57,10.1,40000,14.816,29.632,,280,,,0,,,,,,,,og-post,,,,AAXX 07114 07299 22582 52808 10188 20101 39826 40142 51002 83830 333 60005 82830 83650 90710 91116 93100=
07299,2008-09-07 12:00:00,19.3,1014,-0.1,53,9.5,50000,14.816,29.632,,260,,,0,0,,,,,,,og-post,,,,AAXX 07124 07299 02584 62608 10193 20095 39825 40140 58001 60001 85830 333 60007 81831 85650 90710 91116 93100 555 60005=
07299,2008-09-07 13:00:00,19.9,1014.1,0.1,56,10.9,60000,14.816,25.928,,270,,,0,,,,,,,,og-post,,,,AAXX 07134 07299 22686 42708 10199 20109 39827 40141 53001 83830 333 60005 81835 83650 90710 91114 93100=
07299,2008-09-07 14:00:00,21,1013.6,-0.3,51,10.5,60000,18.52,29.632,,270,,,0,,,,,,,,og-post,,,,AAXX 07144 07299 22686 22710 10210 20105 39823 40136 58003 81830 333 60005 81838 90710 91116 93100=
07299,2008-09-07 15:00:00,21,1013.5,-0.2,44,8.3,60000,18.52,31.484,,260,,,0,0,,,,,,,og-post,,,,AAXX 07154 07299 22686 22610 10210 20083 39822 40135 58002 81830 333 60007 81838 90710 91117 93100 555 60005=
07299,2008-09-07 16:00:00,20.8,1013.7,-0.2,49,9.7,50000,14.816,29.632,,260,,,0,,,,,,,,og-post,,,,AAXX 07164 07299 22584 32608 10208 20097 39824 40137 55002 82830 333 60005 81830 90710 91116 93100=
07299,2008-09-07 17:00:00,18,1014.5,0.5,57,9.4,50000,11.112,25.928,,290,,,0,,,,,,,,og-post,,,,AAXX 07174 07299 22684 42906 10180 20094 39828 40145 53005 82851 333 60005 81836 83358 90710 91114 93100=
07299,2008-09-07 18:00:00,17.2,1015,0.9,63,10.1,45000,18.52,25.928,,280,14.1,21.3,0,0,,,,,,,og-post,,,,AAXX 07184 07299 02683 52810 10172 20101 39832 40150 53009 60002 81831 333 10213 20141 60007 81836 84358 90710 91114 93100 555 60005=
07299,2008-09-07 19:00:00,15.2,1016,1.6,75,10.8,30000,3.704,25.928,,260,,,0,,,,,,,,og-post,,,,AAXX 07194 07299 22680 52602 10152 20108 39840 40160 53016 81831 333 60005 81836 83358 90710 91114 93100=
07299,2008-09-07 20:00:00,13.8,1016.8,1.8,85,11.3,20000,3.704,11.112,,210,,,0,,,,,,,,og-post,,,,AAXX 07204 07299 22670 62102 10138 20113 39846 40168 53018 81830 333 60005 81836 85358 90710 91106 93100=
07299,2008-09-07 21:00:00,14.2,1016.8,1.5,85,11.7,20000,7.408,11.112,,190,,,0,0,,,,,,,og-post,,,,AAXX 07214 07299 22670 61904 10142 20117 39847 40168 51015 81830 333 60007 81836 85358 90710 91106 93100 555 60005=
07299,2008-09-07 22:00:00,14.4,1016.9,0.8,83,11.6,20000,7.408,11.112,,180,,,0,,,,,,,,og-post,,,,AAXX 07224 07299 22670 71804 10144 20116 39848 40169 51008 81830 333 60005 81836 87358 90710 91106 93100=
07299,2008-09-07 23:00:00,14.6,1017,0.3,83,11.7,20000,7.408,11.112,,170,,,0,,,,,,,,og-post,,,,AAXX 07234 07299 22770 71704 10146 20117 39849 40170 52003 81830 333 60005 81650 87358 90710 91106 93100=
07299,2008-09-08 00:00:00,13.6,1017,0.1,87,11.5,20000,7.408,11.112,,190,,,0,0,,,,,,,og-post,,,,AAXX 08004 07299 02870 71904 10136 20115 39848 40170 50001 60001 87030 333 60007 83357 86359 90710 91106 93100 555 60005=
07299,2008-09-08 01:00:00,13.8,1017.2,0.2,90,12.2,20000,7.408,11.112,,170,,,0,,,,,,,,og-post,,,,AAXX 08014 07299 26/70 /1704 10138 20122 39850 40172 53002 333 60005 90710 91106=
07299,2008-09-08 02:00:00,13.2,1017.1,-0,91,11.8,20000,3.704,11.112,,170,,,0,,,,,,,,og-post,,,,AAXX 08024 07299 26/70 /1702 10132 20118 39849 40171 54000 333 60005 90710 91106=
07299,2008-09-08 03:00:00,13,1017.5,0.4,91,11.6,15000,3.704,11.112,,210,,,0,0,,,,,,,og-post,,,,AAXX 08034 07299 22765 72102 10130 20116 39852 40175 53004 8353/ 333 60007 83656 86358 90710 91106 555 60005=
07299,2008-09-08 04:00:00,12.7,1017.8,0.5,92,11.4,15000,7.408,11.112,,190,,,0,,,,,,,,og-post,,,,AAXX 08044 07299 22665 71904 10127 20114 39855 40178 53005 8483/ 333 60005 82833 84656 85359 90710 91106=
07299,2008-09-08 05:00:00,12.7,1018.1,0.9,91,11.3,15000,7.408,11.112,,170,,,0,,,,,,,,og-post,,,,AAXX 08054 07299 22665 71704 10127 20113 39858 40181 52009 8383/ 333 60005 81833 83644 87359 90710 91106 93100=
07299,2008-09-08 06:00:00,13,1018.7,1.2,90,11.4,20000,11.112,14.816,,160,12.6,17.1,0,0,,,0,6.5,11,,og-post,,,,AAXX 08064 07299 02570 71606 10130 20114 39864 40187 53012 60002 8583/ 333 10171 20126 30011 55065 60007 70000 81820 85628 85359 90710 91108 93100 555 60005=
07299,2008-09-08 07:00:00,13.8,1018.9,1.2,86,11.5,20000,11.112,18.52,,160,,,0,,,,,,,,og-post,,,,AAXX 08074 07299 22570 71606 10138 20115 39867 40189 51012 878// 333 60005 81820 86624 90710 91110 93100=
07299,2008-09-08 08:00:00,16.6,1018.9,1.1,74,11.9,20000,7.408,14.816,,120,,,0,,,,,,,,og-post,,,,AAXX 08084 07299 22570 31204 10166 20119 39870 40189 51011 81131 333 60005 81825 90710 91108 93100=
07299,2008-09-08 09:00:00,18.8,1018.8,0.6,65,12.1,20000,7.408,11.112,,110,,,0,0,,,,,,,og-post,,,,AAXX 08094 07299 22570 31104 10188 20121 39871 40188 51006 82131 333 60007 82830 90710 91106 93100 555 60005=
07299,2008-09-08 10:00:00,19,1018.8,0.4,63,11.8,30000,,14.816,,,,,0,,,,,,,,og-post,,,,AAXX 08104 07299 22680 50000 10190 20118 39871 40188 51004 83231 333 60005 83835 90710 91108 93100=
07299,2008-09-08 11:00:00,20.4,1018.2,-0.3,55,11.1,30000,3.704,18.52,,210,,,0,,,,,,,,og-post,,,,AAXX 08114 07299 22680 72102 10204 20111 39867 40182 58003 81201 333 60005 81840 86075 90710 91110 93100=
07299,2008-09-08 12:00:00,20.4,1017.9,-0.6,57,11.6,30000,3.704,14.816,,320,,,0,0,,,,,,,og-post,,,,AAXX 08124 07299 02680 63202 10204 20116 39864 40179 58006 60001 81201 333 60007 81843 85075 90710 91108 93100 555 60005=
07299,2008-09-08 13:00:00,21.4,1017.6,-0.9,52,11.1,30000,3.704,11.112,,80,,,0,,,,,,,,og-post,,,,AAXX 08134 07299 22680 30802 10214 20111 39862 40176 56009 81201 333 60005 81843 90710 91106 93100=
07299,2008-09-08 14:00:00,22.3,1017.1,-0.9,50,11.4,30000,7.408,14.816,,270,,,0.2,,,,,,,,og-post,,,,AAXX 08144 07299 22680 22704 10223 20114 39858 40171 58009 81101 333 69925 81845 90710 91108 93100=
07299,2008-09-08 15:00:00,22.8,1016.8,-0.8,50,11.8,30000,3.704,18.52,,280,,,0,0,,,,,,,og-post,,,,AAXX 08154 07299 22680 22802 10228 20118 39856 40168 57008 81101 333 60007 81845 90710 91110 93100 555 60005=
07299,2008-09-08 16:00:00,21.4,1016.9,-0.7,53,11.4,30000,7.408,14.816,,60,,,0,,,,,,,,og-post,,,,AAXX 08164 07299 22680 10604 10214 20114 39855 40169 56007 81101 333 60005 81846 90710 91108 93100=
07299,2008-09-08 17:00:00,21.1,1016.8,-0.4,58,12.5,30000,7.408,11.112,,10,,,0,,,,,,,,og-post,,,,AAXX 08174 07299 22780 10104 10211 20125 39854 40168 56004 81101 333 60005 81850 90710 91106 93100=
07299,2008-09-08 18:00:00,17.3,1017.2,-0.1,81,14,30000,3.704,11.112,,330,13.1,23,0,0,,,,,,,og-post,,,,AAXX 08184 07299 02780 13302 10173 20140 39854 40172 55001 60002 81401 333 10230 20131 60007 81650 90710 91106 93100 555 60005=
07299,2008-09-08 19:00:00,14.2,1018.2,0.5,89,12.4,60000,3.704,7.408,,230,,,0,,,,,,,,og-post,,,,AAXX 08194 07299 22986 12302 10142 20124 39860 40182 53005 80001 333 60005 81075 90710 91104 93100=
07299,2008-09-08 20:00:00,13.3,1018.6,0.9,91,11.9,50000,,7.408,,,,,0,,,,,,,,og-post,,,,AAXX 08204 07299 22984 10000 10133 20119 39863 40186 53009 80001 333 60005 81075 90710 91104 93100=
07299,2008-09-08 21:00:00,12.1,1018.7,0.8,93,11,40000,3.704,7.408,,220,,,0,0,,,,,,,og-post,,,,AAXX 08214 07299 22982 02202 10121 20110 39863 40187 51008 333 60007 90710 91104 93100 555 60005=
07299,2008-09-08 22:00:00,12,1018.9,0.5,93,10.9,35000,3.704,7.408,,170,,,0,,,,,,,,og-post,,,,AAXX 08224 07299 22981 01702 10120 20109 39865 40189 51005 333 60005 90710 91104 93100=
07299,2008-09-08 23:00:00,11,1019.1,0.2,93,9.9,30000,3.704,7.408,,190,,,0,,,,,,,,og-post,,,,AAXX 08234 07299 22980 01902 10110 20099 39865 40191 52002 333 60005 90710 91104 93100=
07299,2008-09-09 00:00:00,10.9,1018.9,0,94,10,25000,7.408,11.112,,180,,,0,0,,,,,,11,og-post,,,,AAXX 09004 07299 01975 01804 10109 20100 39863 40189 50000 60001 71100 333 60007 90710 91106 93100 555 60005=
07299,2008-09-09 01:00:00,9.7,1019.2,-0,94,8.8,6000,3.704,7.408,,250,,,0,,,,,,,,og-post,,,,AAXX 09014 07299 26/56 /2502 10097 20088 39865 40192 55000 333 60005 90710 91104=
07299,2008-09-09 02:00:00,8.9,1019.1,-0.2,95,8.1,12000,3.704,7.408,,200,,,0,,,,,,,,og-post,,,,AAXX 09024 07299 26/62 /2002 10089 20081 39863 40191 57002 333 60005 90710 91104=
07299,2008-09-09 03:00:00,10.2,1019.1,0.1,95,9.4,25000,11.112,14.816,,190,,,0,0,,,,,,,og-post,,,,AAXX 09034 07299 22975 11906 10102 20094 39864 40191 51001 81030 333 60007 81362 90710 91108 93100 555 60005=
07299,2008-09-09 04:00:00,10.6,1018.8,-0.3,94,9.7,30000,11.112,18.52,,180,,,0.2,,,,,,,,og-post,,,,AAXX 09044 07299 22980 01806 10106 20097 39862 40188 57003 333 69925 90710 91110 93100=
07299,2008-09-09 05:00:00,10.2,1019,-0,93,9.1,30000,11.112,14.816,,180,,,0,,,,,,,11,og-post,,,,AAXX 09054 07299 22980 11806 10102 20091 39863 40190 54000 71100 80001 333 60005 81076 90710 91108 93100=
07299,2008-09-09 06:00:00,11.5,1019.2,0.3,92,10.2,40000,11.112,18.52,,180,8.5,17,0,0.2,,0.2,0.2,8.4,5,,og-post,,,,AAXX 09064 07299 02982 21806 10115 20102 39867 40192 53003 69922 80001 333 10170 20085 30005 55084 69927 70002 82076 90710 91110 93100 555 60005=
07299,2008-09-09 07:00:00,14.4,1018.9,0.5,86,12.1,50000,7.408,14.816,,160,,,0,,,,,,,,og-post,,,,AAXX 09074 07299 22/84 21604 10144 20121 39867 40189 51005 80001 333 60005 82076 90710 91108 93100=
07299,2008-09-09 08:00:00,17.1,1018.4,0.2,72,12,50000,11.112,18.52,,140,,,0,,,,,,,,og-post,,,,AAXX 09084 07299 22/84 11406 10171 20120 39865 40184 50002 80001 333 60005 81076 90710 91110 93100=
07299,2008-09-09 09:00:00,19.5,1017.7,-0.6,65,12.7,50000,11.112,22.224,,130,,,0,0,,,,,,,og-post,,,,AAXX 09094 07299 22/84 11306 10195 20127 39861 40177 58006 80001 333 60007 81076 90710 91112 93100 555 60005=
07299,2008-09-09 10:00:00,21.9,1016.9,-1.1,60,13.8,50000,7.408,14.816,,110,,,0,,,,,,,,og-post,,,,AAXX 09104 07299 22984 01104 10219 20138 39856 40169 58011 333 60005 90710 91108 93100=
07299,2008-09-09 11:00:00,23.8,1016.1,-1.4,55,14.2,50000,11.112,22.224,,110,,,0,,,,,,,,og-post,,,,AAXX 09114 07299 22/84 11106 10238 20142 39850 40161 58014 80001 333 60005 81075 90710 91112 93100=
07299,2008-09-09 12:00:00,25.3,1016,-1,43,11.8,50000,11.112,22.224,,90,,,0,0,,,,,,,og-post,,,,AAXX 09124 07299 02/84 10906 10253 20118 39851 40160 55010 60001 80001 333 60007 81075 90710 91112 93100 555 60005=
07299,2008-09-09 13:00:00,26.1,1015.5,-0.9,44,12.9,50000,11.112,18.52,,110,,,0,,,,,,,,og-post,,,,AAXX 09134 07299 22/84 21106 10261 20129 39847 40155 56009 80001 333 60005 82075 90710 91110 93100=
07299,2008-09-09 14:00:00,26.5,1015,-0.8,43,12.9,50000,11.112,25.928,,80,,,0,,,,,,,,og-post,,,,AAXX 09144 07299 22/84 30806 10265 20129 39842 40150 58008 80002 333 60005 83075 90710 91114 93100=
07299,2008-09-09 15:00:00,26.1,1014.9,-1,41,11.8,50000,11.112,29.632,,90,,,0,0,,,,,,,og-post,,,,AAXX 09154 07299 22984 40906 10261 20118 39841 40149 56010 81032 333 60007 81362 84075 90710 91116 93100 555 60005=
07299,2008-09-09 16:00:00,25.5,1015.3,-0.3,49,14,40000,7.408,18.52,,60,,,0,,,,,,,,og-post,,,,AAXX 09164 07299 22982 70604 10255 20140 39844 40153 55003 81032 333 60005 81363 87075 90710 91110 93100=
07299,2008-09-09 17:00:00,23.7,1015.1,0,56,14.4,40000,7.408,14.816,,60,,,0,,,,,,,,og-post,,,,AAXX 09174 07299 22982 70604 10237 20144 39841 40151 50000 83032 333 60005 83363 87075 90710 91108 93100=
07299,2008-09-09 18:00:00,22.4,1015.5,0.2,61,14.5,40000,3.704,11.112,,80,11.6,27,0,0,,,,,,,og-post,,,,AAXX 09184 07299 02982 70802 10224 20145 39843 40155 51002 60002 84072 333 10270 20116 60007 84364 87075 90710 91106 93100 555 60005=
07299,2008-09-09 19:00:00,20.3,1015.8,-0,79,16.5,20000,,7.408,,,,,0,,,,,,,,og-post,,,,AAXX 09194 07299 22970 70000 10203 20165 39844 40158 55000 8707/ 333 60005 87362 90710 91104 93100=
07299,2008-09-09 20:00:00,20.3,1016,0.4,75,15.7,20000,3.704,14.816,,200,,,0,,,,,,,,og-post,,,,AAXX 09204 07299 22970 72002 10203 20157 39846 40160 53004 8707/ 333 60005 87362 90710 91108 93100=
07299,2008-09-09 21:00:00,18.2,1016.5,0.7,82,15.1,20000,7.408,11.112,,200,,,0,0,,,,,,,og-post,,,,AAXX 09214 07299 22970 22004 10182 20151 39849 40165 53007 82030 333 60007 82362 90710 91106 93100 555 60005=
07299,2008-09-09 22:00:00,18.3,1017.1,1,80,14.8,20000,7.408,14.816,,200,,,0,,,,,,,,og-post,,,,AAXX 09224 07299 22970 52004 10183 20148 39854 40171 53010 85030 333 60005 85361 90710 91108 93100=
07299,2008-09-09 23:00:00,17.4,1017.7,1.3,82,14.3,20000,3.704,14.816,,170,,,0,,,,,,,,og-post,,,,AAXX 09234 07299 22970 11702 10174 20143 39859 40177 53013 81030 333 60005 81361 90710 91108 93100=
07299,2008-09-10 00:00:00,16.6,1018,1.1,86,14.2,20000,7.408,14.816,,170,,,0,0,,,,,,,og-post,,,,AAXX 10004 07299 02970 11704 10166 20142 39861 40180 51011 60001 81030 333 60007 81361 90710 91108 93100 555 60005=
07299,2008-09-10 01:00:00,15.8,1018.1,0.7,88,13.8,20000,3.704,14.816,,180,,,0,,,,,,,,og-post,,,,AAXX 10014 07299 26/70 /1802 10158 20138 39861 40181 51007 333 60005 90710 91108=
07299,2008-09-10 02:00:00,15,1018.4,0.4,90,13.4,20000,3.704,11.112,,190,,,0,,,,,,,,og-post,,,,AAXX 10024 07299 26/70 /1902 10150 20134 39863 40184 52004 333 60005 90710 91106=
07299,2008-09-10 03:00:00,14.7,1018.7,0.5,92,13.4,20000,7.408,11.112,,200,,,0,0,,,,,,,og-post,,,,AAXX 10034 07299 22970 12004 10147 20134 39866 40187 53005 81030 333 60007 81362 90710 91106 93100 555 60005=
07299,2008-09-10 04:00:00,15.5,1019,0.9,91,14,20000,7.408,14.816,,190,,,0,,,,,,,,og-post,,,,AAXX 10044 07299 22970 71904 10155 20140 39870 40190 53009 8707/ 333 60005 87362 90710 91108 93100=
07299,2008-09-10 05:00:00,15.7,1019,0.7,90,14.1,20000,7.408,11.112,,170,,,0,,,,,,,,og-post,,,,AAXX 10054 07299 22970 71704 10157 20141 39870 40190 51007 8707/ 333 60005 87361 90710 91106 93100=
07299,2008-09-10 06:00:00,16,1018.8,0.2,89,14.2,20000,11.112,14.816,,200,14.4,22.4,0,0,,,0,9.8,12,,og-post,,,,AAXX 10064 07299 02970 72006 10160 20142 39868 40188 50002 60002 8707/ 333 10224 20144 30012 55098 60007 70000 87362 90710 91108 93100 555 60005=
07299,2008-09-10 07:00:00,16.8,1018.7,-0.1,86,14.4,30000,7.408,14.816,,180,,,0,,,,,,,,og-post,,,,AAXX 10074 07299 22980 71804 10168 20144 39868 40187 58001 8707/ 333 60005 87358 90710 91108 93100=
07299,2008-09-10 08:00:00,18.2,1018.3,-0.4,81,14.9,40000,7.408,14.816,,130,,,0,,,,,,,,og-post,,,,AAXX 10084 07299 22982 71304 10182 20149 39866 40183 57004 8707/ 333 60005 82358 87361 90710 91108 93100=
07299,2008-09-10 09:00:00,20,1018.3,-0,74,15.2,35000,7.408,18.52,,160,,,0,0,,,,,,,og-post,,,,AAXX 10094 07299 22681 71604 10200 20152 39868 40183 55000 8118/ 333 60007 81840 83358 86361 90710 91110 93100 555 60005=
07299,2008-09-10 10:00:00,22.6,1017.8,-0.3,63,15.2,35000,7.408,11.112,,150,,,0,,,,,,,,og-post,,,,AAXX 10104 07299 22681 61504 10226 20152 39866 40178 58003 81172 333 60005 81840 85361 90710 91106 93100=
07299,2008-09-10 11:00:00,23.4,1017.3,-0.4,56,14.1,30000,3.704,11.112,,10,,,0,,,,,,,,og-post,,,,AAXX 10114 07299 22680 60102 10234 20141 39862 40173 58004 81292 333 60005 81840 86361 90710 91106 93100=
07299,2008-09-10 12:00:00,24.9,1016.8,-1,51,14.1,35000,3.704,11.112,,100,,,0,0,,,,,,,og-post,,,,AAXX 10124 07299 02681 41002 10249 20141 39858 40168 58010 60001 81282 333 60007 81840 83361 90710 91106 93100 555 60005=
07299,2008-09-10 13:00:00,25.9,1016.5,-0.9,49,14.4,25000,3.704,11.112,,70,,,0,,,,,,,,og-post,,,,AAXX 10134 07299 22675 70702 10259 20144 39856 40165 56009 8128/ 333 60005 81840 86361 90710 91106 93100=
07299,2008-09-10 14:00:00,26.4,1016,-1,52,15.8,23000,3.704,11.112,,30,,,0,,,,,,,,og-post,,,,AAXX 10144 07299 22673 50302 10264 20158 39852 40160 57010 81282 333 60005 81846 84361 90710 91106 93100=
07299,2008-09-10 15:00:00,24.9,1015.8,-0.9,57,15.8,25000,7.408,18.52,,260,,,0,0,,,,,,,og-post,,,,AAXX 10154 07299 22675 62604 10249 20158 39849 40158 58009 81282 333 60007 81846 86358 90710 91110 93100 555 60005=
07299,2008-09-10 16:00:00,25.2,1015.8,-0.7,57,16.1,25000,7.408,14.816,,290,,,0,,,,,,,,og-post,,,,AAXX 10164 07299 22675 32904 10252 20161 39849 40158 56007 81232 333 60005 81846 90710 91108 93100=
07299,2008-09-10 17:00:00,23.4,1015.7,-0.5,72,18.1,23000,3.704,7.408,,290,,,0,,,,,,,,og-post,,,,AAXX 10174 07299 22773 52902 10234 20181 39847 40157 56005 81232 333 60005 81850 84358 90710 91104 93100=
07299,2008-09-10 18:00:00,21,1015.8,-0.4,82,17.8,23000,3.704,7.408,,310,16,26.6,0,0,,,,,,,og-post,,,,AAXX 10184 07299 02773 23102 10210 20178 39845 40158 58004 60002 81430 333 10266 20160 60007 81650 90710 91104 93100 555 60005=
07299,2008-09-10 19:00:00,18.2,1016.5,-0,89,16.4,20000,,7.408,,,,,0,,,,,,,,og-post,,,,AAXX 10194 07299 22970 10000 10182 20164 39849 40165 55000 81030 333 60005 81358 90710 91104 93100=
07299,2008-09-10 20:00:00,16.8,1016.7,0.2,92,15.5,15000,3.704,7.408,,310,,,0,,,,,,,,og-post,,,,AAXX 10204 07299 22965 03102 10168 20155 39849 40167 53002 333 60005 90710 91104 93100=
07299,2008-09-10 21:00:00,16.9,1016.6,0.3,92,15.6,15000,,7.408,,,,,0,0,,,,,,,og-post,,,,AAXX 10214 07299 22965 00000 10169 20156 39848 40166 50003 333 60007 90710 91104 93100 555 60005=
07299,2008-09-10 22:00:00,15.6,1016.2,-0.6,93,14.5,12000,3.704,7.408,,270,,,0,,,,,,,,og-post,,,,AAXX 10224 07299 22962 02702 10156 20145 39843 40162 58006 333 60005 90710 91104 93100=
07299,2008-09-10 23:00:00,15.1,1016,-0.9,94,14.1,19000,,3.704,,,,,0,,,,,,,,og-post,,,,AAXX 10234 07299 26/69 /0000 10151 20141 39840 40160 58009 333 60005 90710 91102=
07299,2008-09-11 00:00:00,14.7,1015.5,-1.3,95,13.9,7000,,3.704,,,,,0,0,,,,,,11,og-post,,,,AAXX 11004 07299 01957 00000 10147 20139 39835 40155 57013 60001 71100 333 60007 90710 91102 93100 555 60005=
07299,2008-09-11 01:00:00,14.1,1015,-1.4,95,13.3,100,3.704,7.408,,310,,,0.2,,,,,,,,og-post,,,,AAXX 11014 07299 26/01 /3102 10141 20133 39829 40150 58014 333 69925 90710 91104=
07299,2008-09-11 02:00:00,14.3,1014.4,-1.6,96,13.7,100,3.704,7.408,,310,,,0,,,,,,,,og-post,,,,AAXX 11024 07299 26/01 /3102 10143 20137 39824 40144 57016 333 60005 90710 91104=
07299,2008-09-11 03:00:00,13.2,1014.3,-1.3,96,12.6,3000,,7.408,,,,,0,0.2,,,,,,10,og-post,,,,AAXX 11034 07299 21030 20000 10132 20126 39822 40143 56013 71000 81630 333 69927 81701 90710 91104 93100 555 60005=
07299,2008-09-11 04:00:00,12.9,1014.1,-1,96,12.3,7000,3.704,7.408,,270,,,0,,,,,,,11,og-post,,,,AAXX 11044 07299 21957 12702 10129 20123 39819 40141 56010 71100 81031 333 60005 81364 90710 91104 93100=
07299,2008-09-11 05:00:00,12.6,1014.1,-0.5,96,12,8000,3.704,7.408,,230,,,0,,,,,,,11,og-post,,,,AAXX 11054 07299 21958 22302 10126 20120 39819 40141 56005 71100 82030 333 60005 82364 90710 91104 93100=
07299,2008-09-11 06:00:00,13.7,1013.7,-0.7,96,13.1,7000,,7.408,,,12.5,20.7,0,0,,0.2,0.2,4,11,,og-post,,,,AAXX 11064 07299 02957 30000 10137 20131 39816 40137 58007 69922 82031 333 10207 20125 31011 55040 60007 70002 82364 90710 91104 93100 555 60005=
07299,2008-09-11 07:00:00,15.6,1013.1,-0.6,96,15,9000,3.704,3.704,,190,,,0,,,,,,,,og-post,,,,AAXX 11074 07299 22959 31902 10156 20150 39813 40131 58006 82031 333 60005 82364 90710 91102 93100=
07299,2008-09-11 08:00:00,17.8,1012.5,-0.9,90,16.1,9000,,7.408,,,,,0,,,,,,,,og-post,,,,AAXX 11084 07299 22959 30000 10178 20161 39810 40125 56009 82031 333 60005 82364 90710 91104 93100=
07299,2008-09-11 09:00:00,21.7,1011.8,-0.8,73,16.6,10000,3.704,11.112,,70,,,0,0,,,,,,,og-post,,,,AAXX 11094 07299 22960 30702 10217 20166 39807 40118 58008 83031 333 60007 83364 90710 91106 93100 555 60005=
07299,2008-09-11 10:00:00,23.3,1011.5,-0.6,63,15.9,11000,11.112,29.632,,100,,,0,,,,,,,,og-post,,,,AAXX 11104 07299 22761 61006 10233 20159 39806 40115 56006 82552 333 60005 82650 84364 86075 90710 91116 93100=
07299,2008-09-11 11:00:00,24.1,1011.2,-0.6,63,16.6,12000,3.704,14.816,,120,,,0,,,,,,,,og-post,,,,AAXX 11114 07299 22662 71202 10241 20166 39804 40112 56006 83882 333 60005 82833 86363 87075 90710 91108 93100=
07299,2008-09-11 12:00:00,24,1011,-0.6,70,18.2,12000,7.408,7.408,,130,,,,,,,,,,80,og-post,,,,AAXX 11124 07299 01662 71304 10240 20182 39802 40110 58006 69901 78086 8387/ 333 69907 82833 85360 87363 90710 91104 93100 555 69905=
07299,2008-09-11 13:00:00,25.3,1010.1,-1.3,63,17.7,20000,3.704,14.816,,30,,,,,,,,,,,og-post,,,,AAXX 11134 07299 26/70 /0302 10253 20177 39794 40101 58013 333 69905 90710 91108=
07299,2008-09-11 14:00:00,26.4,1009,-1.9,61,18.3,12000,14.816,25.928,,110,,,0.2,,,,,,,,og-post,,,,AAXX 11144 07299 22662 71108 10264 20183 39785 40090 58019 82932 333 69925 81933 84360 87073 90710 91114 93100=
07299,2008-09-11 15:00:00,26.8,1008.6,-2,52,16.1,12000,11.112,22.224,,90,,,0,0.2,,,,,,1,og-post,,,,AAXX 11154 07299 21662 40906 10268 20161 39781 40086 56020 70186 81232 333 69927 81840 83360 90710 91112 93100 555 60005=
07299,2008-09-11 16:00:00,26.5,1008.3,-1.5,53,16.1,12000,14.816,22.224,,110,,,0,,,,,,,,og-post,,,,AAXX 11164 07299 22662 51108 10265 20161 39778 40083 56015 81232 333 60005 81840 84362 90710 91112 93100=
07299,2008-09-11 17:00:00,25,1008.1,-1,62,17.2,15000,11.112,22.224,,90,,,0,,,,,,,,og-post,,,,AAXX 11174 07299 22965 50906 10250 20172 39775 40081 56010 83081 333 60005 83363 85073 90710 91112 93100=
07299,2008-09-11 18:00:00,23.2,1007.6,-1.4,69,17.2,15000,7.408,18.52,,100,13.7,27.1,0,0,,0.2,,,,3,og-post,,,,AAXX 11184 07299 01965 71004 10232 20172 39768 40076 58014 69922 70386 85082 333 10271 20137 60007 85363 86073 90710 91110 93100 555 60005=
07299,2008-09-11 19:00:00,21.2,1008.2,-0.6,76,16.8,15000,7.408,11.112,,110,,,0,,,,,,,,og-post,,,,AAXX 11194 07299 22765 71104 10212 20168 39772 40082 55006 81382 333 60005 81950 84363 87073 90710 91106 93100=
07299,2008-09-11 20:00:00,21.1,1008.3,-0.3,76,16.7,14000,3.704,18.52,,160,,,0,,,,,,,,og-post,,,,AAXX 11204 07299 22764 71602 10211 20167 39772 40083 56003 81382 333 60005 81950 85363 86073 90710 91110 93100=
07299,2008-09-11 21:00:00,18.3,1008.1,0.1,92,17,10000,7.408,14.816,,340,,,0,0,,,,,,13,og-post,,,,AAXX 11214 07299 21760 53404 10183 20170 39768 40081 50001 71322 81982 333 60007 81950 85362 90710 91108 93100 555 60005=
07299,2008-09-11 22:00:00,17.1,1007.6,-1,93,16,5000,3.704,11.112,,330,,,0,,,,,,,11,og-post,,,,AAXX 11224 07299 21950 43302 10171 20160 39761 40076 58010 71111 83082 333 60005 83362 83073 90710 91106 93100=
07299,2008-09-11 23:00:00,16.8,1007.3,-1.4,95,16,4500,11.112,14.816,,330,,,0,,,,,,,10,og-post,,,,AAXX 11234 07299 21945 73306 10168 20160 39758 40073 57014 71011 85082 333 60005 85362 85073 90710 91108 93100=
07299,2008-09-12 00:00:00,17,1006.8,-1.5,95,16.2,2100,3.704,11.112,,300,,,0,0,,,,,,10,og-post,,,,AAXX 12004 07299 01121 73002 10170 20162 39753 40068 56015 60001 71011 81682 333 60007 81701 86362 85073 90710 91106 93100 555 60005=
07299,2008-09-12 01:00:00,18.7,1007.9,0.4,90,17,16000,14.816,42.596,,260,,,0,,,,,,,,og-post,,,,AAXX 12014 07299 26/66 /2608 10187 20170 39766 40079 53004 333 60005 90710 91123=
07299,2008-09-12 02:00:00,19.3,1008.6,1.5,86,16.9,20000,7.408,31.484,,260,,,0,,,,,,,,og-post,,,,AAXX 12024 07299 26/70 /2604 10193 20169 39773 40086 53015 333 60005 90710 91117=
07299,2008-09-12 03:00:00,17.3,1009.5,2.7,89,15.5,9000,11.112,31.484,,230,,,1,1,,,,,,61,og-post,,,,AAXX 12034 07299 21459 82306 10173 20155 39780 40095 51027 76162 8587/ 333 60017 83813 84650 87358 90710 91117 555 60015=
07299,2008-09-12 04:00:00,16.9,1009.2,1.1,88,14.9,15000,7.408,22.224,,260,,,0.8,,,,,,,21,og-post,,,,AAXX 12044 07299 21465 82604 10169 20149 39776 40092 50011 72162 8587/ 333 69985 81813 85650 87357 90710 91112=
07299,2008-09-12 05:00:00,16.9,1009.9,1,88,14.9,17000,7.408,18.52,,210,,,0,,,,,,,,og-post,,,,AAXX 12054 07299 22467 82104 10169 20149 39783 40099 51010 8687/ 333 60005 81813 84625 85650 90710 91110=
07299,2008-09-12 06:00:00,17.3,1010.6,1,85,14.8,23000,14.816,22.224,,240,16,23.1,0,0.8,,2,2.2,6.4,15,3,og-post,,,,AAXX 12064 07299 01473 72408 10173 20148 39790 40106 53010 60022 70362 8687/ 333 10231 20160 32015 55064 69987 70022 81815 85650 87358 90710 91112 93100 555 60005=
07299,2008-09-12 07:00:00,16.3,1011.8,2.4,85,13.8,25000,29.632,46.3,,250,,,0,,,,,,,,og-post,,,,AAXX 12074 07299 22375 72516 10163 20138 39801 40118 53024 8573/ 333 60005 85709 86358 90710 91125 93100=
07299,2008-09-12 08:00:00,15.9,1012.7,2.6,84,13.2,28000,29.632,50.004,,260,,,0,,,,,,,,og-post,,,,AAXX 12084 07299 22478 72616 10159 20132 39809 40127 53026 8653/ 333 60005 83713 85656 87358 90710 91127 93100=
07299,2008-09-12 09:00:00,15.6,1013.9,3,82,12.5,30000,25.928,46.3,,250,,,0,0,,,,,,,og-post,,,,AAXX 12094 07299 22480 72514 10156 20125 39820 40139 52030 878// 333 60007 81816 86643 87656 90710 91125 93100 555 60005=
07299,2008-09-12 10:00:00,15.7,1014.1,2.1,80,12.3,40000,25.928,42.596,,260,,,0,,,,,,,,og-post,,,,AAXX 12104 07299 22482 72614 10157 20123 39822 40141 51021 875// 333 60005 84715 87649 90710 91123 93100=
07299,2008-09-12 11:00:00,15.5,1014.3,1.5,79,11.9,40000,25.928,38.892,,260,,,0,,,,,,,,og-post,,,,AAXX 12114 07299 22482 72614 10155 20119 39824 40143 51015 875// 333 60005 81713 87646 90710 91121 93100=
07299,2008-09-12 12:00:00,16.1,1014.6,0.7,76,11.9,45000,25.928,46.3,,260,,,0,0,,,,,,,og-post,,,,AAXX 12124 07299 02483 72614 10161 20119 39828 40146 53007 60001 878// 333 60007 81715 87645 90710 91125 93100 555 60005=
07299,2008-09-12 13:00:00,16,1015,0.9,79,12.4,45000,18.52,35.188,,260,,,0,,,,,,,,og-post,,,,AAXX 12134 07299 22483 72610 10160 20124 39831 40150 53009 878// 333 60005 81715 87635 90710 91119 93100=
07299,2008-09-12 14:00:00,16.7,1014.8,0.6,75,12.2,40000,22.224,31.484,,270,,,0,,,,,,,,og-post,,,,AAXX 12144 07299 22582 72712 10167 20122 39830 40148 50006 878// 333 60005 81821 87641 90710 91117=
07299,2008-09-12 15:00:00,16.6,1014.8,0.2,72,11.5,35000,18.52,29.632,,260,,,0,0,,,,,,,og-post,,,,AAXX 12154 07299 22581 72610 10166 20115 39830 40148 51002 878// 333 60007 81823 87639 90710 91116 93100 555 60005=
07299,2008-09-12 16:00:00,15.9,1015,-0,78,12.1,30000,14.816,29.632,,260,,,0,,,,,,,,og-post,,,,AAXX 12164 07299 22580 72608 10159 20121 39831 40150 55000 878// 333 60005 81823 87638 90710 91116 93100=
07299,2008-09-12 17:00:00,15.3,1015,0.1,80,11.9,40000,14.816,25.928,,260,,,0,,,,,,,,og-post,,,,AAXX 12174 07299 22582 72608 10153 20119 39831 40150 52001 878// 333 60005 81823 87644 90710 91114 93100=
07299,2008-09-12 18:00:00,14.9,1015.3,0.3,83,12,12000,3.704,18.52,,250,14.8,17.5,0,0,,,,,,15,og-post,,,,AAXX 12184 07299 01462 72502 10149 20120 39833 40153 53003 60002 71522 878// 333 10175 20148 60007 81818 87633 90710 91110 93100 555 60005=
07299,2008-09-12 19:00:00,14.7,1015.7,0.6,86,12.4,12000,3.704,11.112,,240,,,0,,,,,,,,og-post,,,,AAXX 12194 07299 22462 72402 10147 20124 39837 40157 53006 878// 333 60005 81818 87636 90710 91106 93100=
07299,2008-09-12 20:00:00,14.4,1016.2,1,86,12.1,12000,,11.112,,,,,0,,,,,,,,og-post,,,,AAXX 12204 07299 22462 70000 10144 20121 39841 40162 53010 878// 333 60005 81818 83635 87650 90710 91106 93100=
07299,2008-09-12 21:00:00,14.2,1015.9,0.5,85,11.7,12000,,7.408,,,,,0,0,,,,,,,og-post,,,,AAXX 12214 07299 22562 70000 10142 20117 39838 40159 50005 878// 333 60007 81820 83643 87656 90710 91104 93100 555 60005=
07299,2008-09-12 22:00:00,13.9,1015.6,-0.2,87,11.8,12000,3.704,11.112,,240,,,0,,,,,,,,og-post,,,,AAXX 12224 07299 22562 72402 10139 20118 39835 40156 58002 878// 333 60005 81820 85636 87650 90710 91106 93100=
07299,2008-09-12 23:00:00,13.8,1015.4,-0.7,89,12,16000,,7.408,,,,,0,,,,,,,,og-post,,,,AAXX 12234 07299 26/66 /0000 10138 20120 39833 40154 56007 333 60005 90710 91104=
07299,2008-09-13 00:00:00,13.4,1015.4,-0.6,93,12.3,8000,11.112,14.816,,270,,,2,2,2,,,,,,og-post,,,,AAXX 13004 07299 03358 82706 10134 20123 39832 40154 56006 60021 878// 333 60027 82809 85632 87650 90710 91108 93100 555 60025=
07299,2008-09-13 01:00:00,13.2,1015.2,-0.6,93,12.1,,11.112,18.52,,280,,,1,,,,,,,,og-post,,,,AAXX 13014 07299 26/// /2806 10132 20121 39830 40152 58006 333 60015 90710 91110=
07299,2008-09-13 02:00:00,12.8,1015,-0.6,94,11.9,6000,11.112,18.52,,290,,,3,,,,,,,,og-post,,,,AAXX 13024 07299 26/56 /2906 10128 20119 39828 40150 56006 333 60035 90710 91110=
07299,2008-09-13 03:00:00,12.8,1014.5,-0.9,94,11.9,8000,11.112,18.52,,310,,,2,6,,,,,,,og-post,,,,AAXX 13034 07299 26/58 /3106 10128 20119 39823 40145 58009 333 60067 90710 91110 555 60025=
07299,2008-09-13 04:00:00,12.7,1013.9,-1.2,94,11.8,9000,7.408,18.52,,310,,,0.8,,,,,,,63,og-post,,,,AAXX 13044 07299 21359 83104 10127 20118 39817 40139 58012 76366 885// 333 69985 85707 83618 87626 90710 91110 93100=
07299,2008-09-13 05:00:00,12.6,1014,-1,94,11.7,7000,11.112,18.52,,320,,,2,,,,,,,63,og-post,,,,AAXX 13054 07299 21357 83206 10126 20117 39818 40140 55010 76366 887// 333 60025 87707 90710 91110 93100=
07299,2008-09-13 06:00:00,12.6,1013.9,-0.5,94,11.7,6000,11.112,14.816,,300,12.6,14.8,2,5,,13,12.6,0,13,63,og-post,,,,AAXX 13064 07299 01256 83006 10126 20117 39817 40139 56005 60132 76362 887// 333 10148 20126 32013 55000 60057 70126 87705 90710 91108 93100 555 60025=
07299,2008-09-13 07:00:00,12.6,1013.8,-0.1,95,11.8,6000,11.112,14.816,,320,,,3,,,,,,,61,og-post,,,,AAXX 13074 07299 21256 83206 10126 20118 39816 40138 58001 76166 887// 333 60035 84705 85707 87618 90710 91108 93100=
07299,2008-09-13 08:00:00,12.7,1013.5,-0.5,94,11.8,7000,11.112,18.52,,330,,,2,,,,,,,61,og-post,,,,AAXX 13084 07299 21257 83306 10127 20118 39813 40135 58005 76166 885// 333 60025 83705 83707 85619 90710 91110 93100=
07299,2008-09-13 09:00:00,12.9,1013.2,-0.7,94,12,4000,14.816,22.224,,340,,,1,5,,,,,,61,og-post,,,,AAXX 13094 07299 21240 83408 10129 20120 39810 40132 58007 76166 885// 333 60057 86705 88618 90710 91112 93100 555 60015=
07299,2008-09-13 10:00:00,12.9,1012.8,-0.9,94,12,3000,11.112,22.224,,330,,,1,,,,,,,61,og-post,,,,AAXX 13104 07299 21230 83306 10129 20120 39807 40128 57009 76166 885// 333 60015 86704 88618 90710 91112 93100=
07299,2008-09-13 11:00:00,12.8,1012.5,-0.9,95,12,3000,11.112,18.52,,300,,,2,,,,,,,61,og-post,,,,AAXX 13114 07299 21230 83006 10128 20120 39804 40125 57009 76166 885// 333 60025 82703 85713 88623 90710 91110 93100=
07299,2008-09-13 12:00:00,12.8,1012.6,-0.5,95,12,4000,11.112,14.816,,280,,,3,6,11,,,,,63,og-post,,,,AAXX 13124 07299 01240 82806 10128 20120 39805 40126 55005 60111 76366 885// 333 60067 83704 83713 88620 90710 91108 93100 555 60035=
07299,2008-09-13 13:00:00,13,1012.4,-0.4,94,12.1,4500,11.112,14.816,,290,,,3,,,,,,,63,og-post,,,,AAXX 13134 07299 21245 82906 10130 20121 39803 40124 56004 76366 885// 333 60035 81704 83715 88623 90710 91108 93100=
07299,2008-09-13 14:00:00,13,1012.1,-0.4,94,12.1,7000,11.112,18.52,,300,,,2,,,,,,,61,og-post,,,,AAXX 13144 07299 21257 83006 10130 20121 39800 40121 58004 76166 885// 333 60025 81705 84709 88620 90710 91110 93100=
07299,2008-09-13 15:00:00,13.1,1011.9,-0.7,94,12.2,9000,7.408,14.816,,310,,,1,5,,,,,,61,og-post,,,,AAXX 13154 07299 21359 83104 10131 20122 39798 40119 57007 76166 885// 333 60057 83709 88623 90710 91108 93100 555 60015=
07299,2008-09-13 16:00:00,12.8,1011.6,-0.8,94,11.9,9000,3.704,11.112,,300,,,2,,,,,,,63,og-post,,,,AAXX 13164 07299 21259 83002 10128 20119 39795 40116 57008 76366 885// 333 60025 81705 85708 88617 90710 91106 93100=
07299,2008-09-13 17:00:00,12.8,1012.1,-0,94,11.9,4500,3.704,7.408,,260,,,4,,,,,,,63,og-post,,,,AAXX 13174 07299 21245 82602 10128 20119 39800 40121 55000 76366 885// 333 60045 84705 85714 88617 90710 91104 93100=
07299,2008-09-13 18:00:00,12.5,1012.2,0.2,95,11.7,6000,7.408,11.112,,320,12.5,13.2,4,10,,27,,,,63,og-post,,,,AAXX 13184 07299 01156 83204 10125 20117 39800 40122 53002 60272 76366 885// 333 10132 20125 60107 81702 85704 88616 90710 91106 93100 555 60045=
07299,2008-09-13 19:00:00,12.5,1013,1.2,95,11.7,6000,3.704,14.816,,330,,,2,,,,,,,61,og-post,,,,AAXX 13194 07299 21256 83302 10125 20117 39808 40130 53012 76166 887// 333 60025 82703 87708 90710 91108 93100=
07299,2008-09-13 20:00:00,12.6,1013.5,1.3,95,11.8,5000,3.704,11.112,,300,,,3,,,,,,,63,og-post,,,,AAXX 13204 07299 21250 83002 10126 20118 39813 40135 53013 76366 887// 333 60035 87703 90710 91106 93100=
07299,2008-09-13 21:00:00,12.7,1013.8,1.6,95,11.9,6000,7.408,11.112,,340,,,3,7,,,,,,61,og-post,,,,AAXX 13214 07299 21156 83404 10127 20119 39816 40138 51016 76166 887// 333 60077 81702 87703 90710 91106 93100 555 60035=
07299,2008-09-13 22:00:00,12.7,1013.8,0.9,95,11.9,5000,,11.112,,,,,3,,,,,,,63,og-post,,,,AAXX 13224 07299 21150 80000 10127 20119 39816 40138 51009 76366 885// 333 60035 81701 85704 87650 90710 91106 93100=
07299,2008-09-13 23:00:00,12.7,1013.9,0.5,95,11.9,6000,11.112,18.52,,360,,,3,,,,,,,63,og-post,,,,AAXX 13234 07299 21156 83606 10127 20119 39817 40139 51005 76366 887// 333 60035 81701 87704 90710 91110 93100=
07299,2008-09-14 00:00:00,12.4,1013.9,0.1,95,11.6,3000,11.112,22.224,,350,,,2,8,15,,,,,63,og-post,,,,AAXX 14004 07299 01230 83506 10124 20116 39817 40139 50001 60151 76366 887// 333 60087 86704 87709 90710 91112 93100 555 60025=
07299,2008-09-14 01:00:00,11.6,1014.1,0.1,95,10.8,3700,18.52,25.928,,340,,,1,,,,,,,,og-post,,,,AAXX 14014 07299 26/37 /3410 10116 20108 39818 40141 52001 333 60015 90710 91114=
07299,2008-09-14 02:00:00,10.8,1014.7,0.4,95,10,4200,22.224,29.632,,350,,,2,,,,,,,,og-post,,,,AAXX 14024 07299 26/42 /3512 10108 20100 39822 40147 53004 333 60025 90710 91116=
07299,2008-09-14 03:00:00,10,1015.3,1,94,9.1,4000,18.52,29.632,,350,,,1,4,,,,,,61,og-post,,,,AAXX 14034 07299 21240 83510 10100 20091 39827 40153 53010 76162 885// 333 60047 85704 87646 90710 91116 93100 555 60015=
07299,2008-09-14 04:00:00,9.6,1016,1.6,94,8.7,5000,14.816,25.928,,350,,,0.8,,,,,,,61,og-post,,,,AAXX 14044 07299 21250 83508 10096 20087 39834 40160 53016 76166 885// 333 69985 82704 87640 90710 91114 93100=
07299,2008-09-14 05:00:00,8.9,1016.7,1.7,94,8,5000,11.112,18.52,,330,,,2,,,,,,,61,og-post,,,,AAXX 14054 07299 21250 83306 10089 20080 39839 40167 52017 76166 885// 333 60025 81705 87640 90710 91110 93100=
07299,2008-09-14 06:00:00,8.3,1017.3,1.8,94,7.4,5000,14.816,25.928,,330,8.2,12.8,,3,,22,49,0,8,21,og-post,,,,AAXX 14064 07299 01250 83308 10083 20074 39845 40173 51018 60222 72162 885// 333 10128 20082 32008 55000 60037 70490 85704 87642 90710 91114 93100 555 69905=
07299,2008-09-14 07:00:00,7.7,1018.1,1.9,93,6.6,7000,18.52,29.632,,330,,,0,,,,,,,,og-post,,,,AAXX 14074 07299 22257 83310 10077 20066 39852 40181 53019 875// 333 60005 85704 87642 90710 91116 93100=
07299,2008-09-14 08:00:00,7.8,1018.7,1.8,93,6.7,8000,14.816,29.632,,340,,,0,,,,,,,,og-post,,,,AAXX 14084 07299 22258 73408 10078 20067 39857 40187 51018 875// 333 60005 85706 85642 90710 91116 93100=
07299,2008-09-14 09:00:00,10.6,1018.5,1.4,87,8.5,10000,11.112,29.632,,360,,,0,0,,,,,,,og-post,,,,AAXX 14094 07299 22460 63606 10106 20085 39859 40185 51014 84130 333 60007 84811 84360 90710 91116 93100 555 60005=
07299,2008-09-14 10:00:00,12.1,1018.3,0.7,75,7.8,10000,14.816,22.224,,350,,,0,,,,,,,,og-post,,,,AAXX 14104 07299 22460 63508 10121 20078 39859 40183 51007 86800 333 60005 84816 83641 90710 91112 93100=
07299,2008-09-14 11:00:00,12.4,1018.2,0,72,7.5,20000,14.816,25.928,,10,,,0,,,,,,,,og-post,,,,AAXX 14114 07299 22570 60108 10124 20075 39858 40182 50000 86800 333 60005 85824 90710 91114 93100=
07299,2008-09-14 12:00:00,13.1,1018.3,0.1,73,8.4,20000,14.816,29.632,,360,,,0,0,,,,,,,og-post,,,,AAXX 14124 07299 02570 73608 10131 20084 39860 40183 53001 60001 878// 333 60007 86832 90710 91116 93100 555 60005=
07299,2008-09-14 13:00:00,13.3,1018.6,0.4,67,7.3,20000,22.224,31.484,,10,,,0,,,,,,,,og-post,,,,AAXX 14134 07299 22570 70112 10133 20073 39863 40186 53004 878// 333 60005 84832 85650 90710 91117 93100=
07299,2008-09-14 14:00:00,13.1,1019.1,1,68,7.3,20000,22.224,35.188,,360,,,0,,,,,,,,og-post,,,,AAXX 14144 07299 22570 73612 10131 20073 39867 40191 53010 878// 333 60005 83832 86638 90710 91119 93100=
07299,2008-09-14 15:00:00,13.2,1019.6,1.1,67,7.2,20000,18.52,31.484,,10,,,0,0,,,,,,,og-post,,,,AAXX 14154 07299 22570 70110 10132 20072 39872 40196 53011 878// 333 60007 83832 87639 90710 91117 93100 555 60005=
07299,2008-09-14 16:00:00,12.7,1020,1.4,68,7,20000,22.224,38.892,,350,,,0,,,,,,,,og-post,,,,AAXX 14164 07299 22670 73512 10127 20070 39876 40200 51014 878// 333 60005 81833 87645 90710 91121 93100=
07299,2008-09-14 17:00:00,12.3,1020.5,1.2,68,6.6,20000,18.52,31.484,,360,,,0,,,,,,,,og-post,,,,AAXX 14174 07299 22670 73610 10123 20066 39880 40205 51012 878// 333 60005 81833 87643 90710 91117 93100=
07299,2008-09-14 18:00:00,11.7,1020.8,1,72,6.8,20000,14.816,29.632,,350,7.6,13.8,0,0,,,,,,,og-post,,,,AAXX 14184 07299 02570 73508 10117 20068 39882 40208 51010 60002 875// 333 10138 20076 60007 87630 90710 91116 93100 555 60005=
07299,2008-09-14 19:00:00,11.3,1021.3,1.1,74,6.8,20000,14.816,22.224,,350,,,0,,,,,,,,og-post,,,,AAXX 14194 07299 22570 73508 10113 20068 39887 40213 53011 875// 333 60005 87630 90710 91112 93100=
07299,2008-09-14 20:00:00,10.5,1021.6,1,82,7.6,20000,7.408,22.224,,320,,,0,,,,,,,,og-post,,,,AAXX 14204 07299 22570 73204 10105 20076 39889 40216 51010 875// 333 60005 87630 90710 91112 93100=
07299,2008-09-14 21:00:00,9.8,1021.3,0.2,86,7.6,20000,7.408,14.816,,320,,,0,0,,,,,,,og-post,,,,AAXX 14214 07299 22570 73204 10098 20076 39885 40213 50002 875// 333 60007 82630 87650 90710 91108 93100 555 60005=
07299,2008-09-14 22:00:00,9.1,1021,-0.7,88,7.2,18000,7.408,14.816,,340,,,0,,,,,,,,og-post,,,,AAXX 14224 07299 22768 73404 10091 20072 39881 40210 58007 875// 333 60005 87650 90710 91108 93100=
07299,2008-09-14 23:00:00,8.7,1020.6,-1.2,88,6.8,18000,7.408,14.816,,330,,,0,,,,,,,,og-post,,,,AAXX 14234 07299 22768 73304 10087 20068 39877 40206 57012 875// 333 60005 87650 90710 91108 93100=
07299,2008-09-15 00:00:00,9,1020.2,-1.2,86,6.8,18000,11.112,14.816,,310,,,0,0,,,,,,,og-post,,,,AAXX 15004 07299 02568 73106 10090 20068 39873 40202 57012 60001 875// 333 60007 81625 83650 87656 90710 91108 93100 555 60005=
07299,2008-09-15 01:00:00,8.7,1020,-1,89,7,17000,14.816,22.224,,310,,,0,,,,,,,,og-post,,,,AAXX 15014 07299 26/67 /3108 10087 20070 39871 40200 56010 333 60005 90710 91112=
07299,2008-09-15 02:00:00,8.6,1020.1,-0.5,88,6.7,20000,11.112,22.224,,310,,,0,,,,,,,,og-post,,,,AAXX 15024 07299 26/70 /3106 10086 20067 39872 40201 55005 333 60005 90710 91112=
07299,2008-09-15 03:00:00,6.7,1020.6,0.2,90,5.2,12000,14.816,22.224,,320,,,0,0,,,,,,,og-post,,,,AAXX 15034 07299 22462 33208 10067 20052 39874 40206 53002 81630 333 60007 81710 83357 90710 91112 93100 555 60005=
07299,2008-09-15 04:00:00,5.8,1020.7,0.3,91,4.4,12000,18.52,25.928,,330,,,0,,,,,,,,og-post,,,,AAXX 15044 07299 22362 23310 10058 20044 39874 40207 51003 82630 333 60005 82706 90710 91114 93100=
07299,2008-09-15 05:00:00,4.9,1021.1,0.5,92,3.7,9000,7.408,25.928,,340,,,0,,,,,,,,og-post,,,,AAXX 15054 07299 22359 23404 10049 20037 39877 40211 53005 82130 333 60005 82806 90710 91114 93100=
07299,2008-09-15 06:00:00,5.5,1021.4,0.7,94,4.6,8000,11.112,14.816,,310,4.4,11.7,0,0,,,0,1.2,3,,og-post,,,,AAXX 15064 07299 02258 73106 10055 20046 39881 40214 53007 60002 876// 333 10117 20044 31003 55012 60007 70000 87705 90710 91108 93100 555 60005=
07299,2008-09-15 07:00:00,5.9,1021.9,1.2,92,4.7,8000,18.52,25.928,,330,,,0,,,,,,,,og-post,,,,AAXX 15074 07299 22258 73310 10059 20047 39886 40219 53012 875// 333 60005 87606 90710 91114 93100=
07299,2008-09-15 08:00:00,7.6,1021.9,1,87,5.6,14000,7.408,22.224,,40,,,0,,,,,,,,og-post,,,,AAXX 15084 07299 22364 70404 10076 20056 39888 40219 51010 878// 333 60005 81807 87610 90710 91112 93100=
07299,2008-09-15 09:00:00,9,1021.7,0.8,79,5.6,15000,3.704,14.816,,340,,,0,0,,,,,,,og-post,,,,AAXX 15094 07299 22465 73402 10090 20056 39888 40217 51008 878// 333 60007 81812 87615 90710 91108 93100 555 60005=
07299,2008-09-15 10:00:00,10.3,1021.6,0.2,78,6.6,18000,11.112,22.224,,360,,,0,,,,,,,,og-post,,,,AAXX 15104 07299 22468 63606 10103 20066 39888 40216 51002 86800 333 60005 82815 85618 90710 91112 93100=
07299,2008-09-15 11:00:00,11.2,1021.3,-0.1,71,6.1,20000,11.112,25.928,,10,,,0,,,,,,,,og-post,,,,AAXX 15114 07299 22570 50106 10112 20061 39886 40213 58001 84130 333 60005 84820 90710 91114 93100=
07299,2008-09-15 12:00:00,11.9,1020.9,-0.5,69,6.4,20000,11.112,22.224,,360,,,0,0,,,,,,,og-post,,,,AAXX 15124 07299 02570 73606 10119 20064 39883 40209 58005 60001 878// 333 60007 81820 87625 90710 91112 93100 555 60005=
07299,2008-09-15 13:00:00,11.5,1020.6,-0.9,71,6.4,25000,11.112,18.52,,340,,,0,,,,,,,,og-post,,,,AAXX 15134 07299 22575 73406 10115 20064 39880 40206 56009 878// 333 60005 81830 87650 90710 91110 93100=
07299,2008-09-15 14:00:00,12.9,1020.2,-0.7,65,6.5,25000,7.408,14.816,,340,,,0,,,,,,,,og-post,,,,AAXX 15144 07299 22575 73404 10129 20065 39878 40202 58007 878// 333 60005 81830 87657 90710 91108 93100=
07299,2008-09-15 15:00:00,12.8,1020.1,-0.6,67,6.8,25000,,14.816,,,,,0,0,,,,,,,og-post,,,,AAXX 15154 07299 22575 70000 10128 20068 39877 40201 56006 878// 333 60007 83832 87656 90710 91108 93100 555 60005=
07299,2008-09-15 16:00:00,12.3,1020.1,-0.4,71,7.2,25000,3.704,14.816,,170,,,0,,,,,,,,og-post,,,,AAXX 15164 07299 22575 71702 10123 20072 39876 40201 56004 878// 333 60005 81830 87650 90710 91108 93100=
07299,2008-09-15 17:00:00,11.7,1020.3,-0,83,8.9,20000,3.704,7.408,,310,,,0,,,,,,,,og-post,,,,AAXX 15174 07299 22670 73102 10117 20089 39878 40203 55000 878// 333 60005 81840 87656 90710 91104 93100=
07299,2008-09-15 18:00:00,11.2,1020.6,0.3,73,6.5,15000,11.112,18.52,,360,5.5,13.1,0,0,,,,,,,og-post,,,,AAXX 15184 07299 02665 73606 10112 20065 39880 40206 53003 60002 878// 333 10131 20055 60007 81840 87650 90710 91110 93100 555 60005=
07299,2008-09-15 19:00:00,10.6,1021.1,0.7,78,6.9,15000,11.112,18.52,,350,,,0,,,,,,,,og-post,,,,AAXX 15194 07299 22665 73506 10106 20069 39884 40211 53007 875// 333 60005 87646 90710 91110 93100=
07299,2008-09-15 20:00:00,10.1,1021.4,0.8,79,6.6,15000,14.816,31.484,,350,,,0,,,,,,,,og-post,,,,AAXX 15204 07299 22665 73508 10101 20066 39886 40214 52008 875// 333 60005 87643 90710 91117 93100=
07299,2008-09-15 21:00:00,9.4,1021.6,0.7,84,6.8,13000,14.816,22.224,,340,,,0,0,,,,,,,og-post,,,,AAXX 15214 07299 22663 73408 10094 20068 39887 40216 51007 875// 333 60007 87643 90710 91112 93100 555 60005=
07299,2008-09-15 22:00:00,9.1,1021.5,0.2,86,6.9,13000,11.112,14.816,,320,,,0,,,,,,,,og-post,,,,AAXX 15224 07299 22663 73206 10091 20069 39886 40215 50002 875// 333 60005 87646 90710 91108 93100=
07299,2008-09-15 23:00:00,8.5,1021.4,-0.1,88,6.6,13000,11.112,14.816,,330,,,0,,,,,,,,og-post,,,,AAXX 15234 07299 22563 73306 10085 20066 39884 40214 58001 875// 333 60005 84622 87650 90710 91108 93100=
07299,2008-09-16 00:00:00,7.7,1021.3,-0.5,89,6,13000,11.112,14.816,,320,,,0,0,,,,,,,og-post,,,,AAXX 16004 07299 02563 73206 10077 20060 39882 40213 58005 60001 875// 333 60007 82622 87643 90710 91108 93100 555 60005=
07299,2008-09-16 01:00:00,6.6,1021.4,-0.4,92,5.4,5000,11.112,14.816,,320,,,0,,,,,,,,og-post,,,,AAXX 16014 07299 26/50 /3206 10066 20054 39882 40214 56004 333 60005 90710 91108=
07299,2008-09-16 02:00:00,5.5,1021.3,-0.4,94,4.6,3500,7.408,14.816,,310,,,0,,,,,,,,og-post,,,,AAXX 16024 07299 26/35 /3104 10055 20046 39880 40213 57004 333 60005 90710 91108=
07299,2008-09-16 03:00:00,6.3,1021.3,-0.1,95,5.6,3000,3.704,14.816,,330,,,0,0,,,,,,10,og-post,,,,AAXX 16034 07299 21130 73302 10063 20056 39881 40213 55001 71022 875// 333 60007 83703 87640 90710 91108 93100 555 60005=
07299,2008-09-16 04:00:00,6.4,1021.2,-0.2,95,5.7,3500,3.704,7.408,,280,,,0,,,,,,,10,og-post,,,,AAXX 16044 07299 21235 72802 10064 20057 39880 40212 56002 71022 875// 333 60005 85704 87640 90710 91104 93100=
07299,2008-09-16 05:00:00,5.2,1021.6,0.2,95,4.5,4500,3.704,11.112,,300,,,0,,,,,,,10,og-post,,,,AAXX 16054 07299 21245 43002 10052 20045 39882 40216 53002 71011 84600 333 60005 83703 90710 91106 93100=
07299,2008-09-16 06:00:00,5.1,1021.9,0.4,95,4.4,500,3.704,7.408,,320,4.7,11.2,0,0,,,0,1.4,2,41,og-post,,,,AAXX 16064 07299 01205 53202 10051 20044 39885 40219 53004 60002 74141 85500 333 10112 20047 31002 55014 60007 70000 83703 84640 90710 91104 93100 555 60005=
07299,2008-09-16 07:00:00,6.1,1022,0.7,95,5.4,1100,7.408,11.112,,340,,,0,,,,,,,40,og-post,,,,AAXX 16074 07299 21011 73404 10061 20054 39887 40220 52007 74042 87600 333 60005 86701 85638 90710 91106 93100=
07299,2008-09-16 09:00:00,10.3,1021.6,0.3,82,7.4,15000,7.408,18.52,,320,,,0,0,,,,,,3,og-post,,,,AAXX 16094 07299 21365 63204 10103 20074 39888 40216 53003 70342 86800 333 60007 83808 85643 90710 91110 93100 555 60005=
07299,2008-09-16 10:00:00,11,1021.5,0.1,78,7.3,18000,14.816,18.52,,20,,,0,,,,,,,,og-post,,,,AAXX 16104 07299 22468 70208 10110 20073 39888 40215 53001 878// 333 60005 81815 87648 90710 91110 93100=
07299,2008-09-16 11:00:00,12.1,1020.7,-0.2,79,8.6,20000,11.112,22.224,,20,,,0,,,,,,,,og-post,,,,AAXX 16114 07299 22470 70206 10121 20086 39882 40207 58002 878// 333 60005 81816 87646 90710 91112 93100 94050 94153=
07299,2008-09-16 12:00:00,13.3,1020.6,-0.6,67,7.3,28000,7.408,18.52,,360,,,0,0,,,,,,1,og-post,,,,AAXX 16124 07299 01578 73604 10133 20073 39882 40206 57006 60001 70142 878// 333 60007 81821 87650 90710 91110 93100 555 60005=
07299,2008-09-16 14:00:00,15,1020,-0.4,51,5,35000,7.408,31.484,,360,,,0,,,,,,,,og-post,,,,AAXX 16144 07299 22581 63604 10150 20050 39878 40200 58004 86800 333 60005 82830 85650 90710 91117 93100=
07299,2008-09-16 15:00:00,14.1,1020,-0.6,59,6.2,40000,7.408,18.52,,20,,,0,0,,,,,,,og-post,,,,AAXX 16154 07299 22582 70204 10141 20062 39876 40200 57006 878// 333 60007 81831 83645 86650 90710 91110 93100 555 60005=
07299,2008-09-16 16:00:00,13.7,1020,-0.3,58,5.6,40000,7.408,18.52,,30,,,0,,,,,,,,og-post,,,,AAXX 16164 07299 22682 70304 10137 20056 39877 40200 55003 878// 333 60005 81833 87650 90710 91110 93100=
07299,2008-09-16 17:00:00,13.1,1020.3,0.1,63,6.2,40000,7.408,14.816,,40,,,0,,,,,,,,og-post,,,,AAXX 16174 07299 22682 70404 10131 20062 39879 40203 53001 874// 333 60005 81633 87650 90710 91108 93100=
07299,2008-09-16 18:00:00,12.1,1020.2,0.1,58,4.1,35000,11.112,14.816,,90,5,15.1,0,0,,,,,,,og-post,,,,AAXX 16184 07299 02681 60906 10121 20041 39877 40202 50001 60002 85501 333 10151 20050 60007 81633 85650 90710 91108 93100 555 60005=
07299,2008-09-16 19:00:00,10.2,1021.1,0.6,67,4.4,20000,7.408,11.112,,110,,,0,,,,,,,,og-post,,,,AAXX 16194 07299 22770 31104 10102 20044 39883 40211 53006 82501 333 60005 82650 90710 91106 93100=
07299,2008-09-16 21:00:00,5.6,1021.8,0.8,89,3.9,20000,,7.408,,,,,0,0,,,,,,,og-post,,,,AAXX 16214 07299 22/70 10000 10056 20039 39885 40218 50008 80001 333 60007 81076 90710 91104 93100 555 60005=
07299,2008-09-17 00:00:00,3.3,1022.1,-0,94,2.4,15000,3.704,3.704,,230,,,0,0,,,,,,,og-post,,,,AAXX 17004 07299 02/65 12302 10033 20024 39885 40221 55000 60001 80001 333 60007 81076 90710 91102 93100 555 60005=
07299,2008-09-17 01:00:00,2.7,1022,-0.2,95,2,2600,,7.408,,,,,0,,,,,,,,og-post,,,,AAXX 17014 07299 26/26 /0000 10027 20020 39883 40220 58002 333 60005 90710 91104=
07299,2008-09-17 03:00:00,1.9,1021.8,-0.5,95,1.2,14000,3.704,3.704,,270,,,0,0,,,,,,40,og-post,,,,AAXX 17034 07299 21064 22702 10019 20012 39880 40218 57005 74000 81601 333 60007 81701 90710 91102 93100 555 60005=
07299,2008-09-17 04:00:00,4.3,1021.5,-0.3,95,3.6,200,3.704,7.408,,330,,,0,,,,,,,47,og-post,,,,AAXX 17044 07299 21/02 93302 10043 20036 39880 40215 56003 74741 333 60005 90710 91104 93100=
07299,2008-09-17 06:00:00,4.7,1021.8,0.4,96,4.1,400,3.704,7.408,,320,1.7,12.1,0,0,,,0,1,,43,og-post,,,,AAXX 17064 07299 01/04 93202 10047 20041 39884 40218 53004 60002 74341 333 10121 20017 30/// 55010 60007 70000 90710 91104 93100 555 60005=
07299,2008-09-17 07:00:00,5.3,1021.9,0.5,96,4.7,800,7.408,11.112,,330,,,0,,,,,,,42,og-post,,,,AAXX 17074 07299 21108 83304 10053 20047 39885 40219 51005 74244 886// 333 60005 88702 90710 91106 93100=
07299,2008-09-17 08:00:00,6.1,1022,0.5,96,5.5,3000,7.408,11.112,,330,,,0,,,,,,,28,og-post,,,,AAXX 17084 07299 21130 73304 10061 20055 39887 40220 52005 72842 876// 333 60005 87703 90710 91106 93100=
07299,2008-09-17 09:00:00,9.3,1021.5,0.2,87,7.2,8000,3.704,11.112,,60,,,0,0,,,,,,1,og-post,,,,AAXX 17094 07299 21358 60602 10093 20072 39886 40215 50002 70142 83101 333 60007 83807 85075 90710 91106 93100 555 60005=
07299,2008-09-17 10:00:00,10.8,1021.1,0,70,5.6,9000,7.408,18.52,,90,,,0,,,,,,,,og-post,,,,AAXX 17104 07299 22459 70904 10108 20056 39884 40211 50000 84801 333 60005 81815 84625 85075 90710 91110 93100=
07299,2008-09-17 11:00:00,11.2,1020.9,-0.4,70,5.9,10000,11.112,25.928,,40,,,0,,,,,,,,og-post,,,,AAXX 17114 07299 22560 70406 10112 20059 39883 40209 58004 85801 333 60005 81820 85628 85075 90710 91114 93100=
07299,2008-09-17 12:00:00,12,1020.7,-0.5,64,5.4,15000,18.52,29.632,,120,,,0,0,,,,,,2,og-post,,,,AAXX 17124 07299 01565 71210 10120 20054 39881 40207 58005 60001 70242 878// 333 60007 81825 87629 90710 91116 93100 555 60005=
07299,2008-09-17 13:00:00,12.7,1020.3,-0.6,64,6.1,15000,11.112,25.928,,90,,,0,,,,,,,,og-post,,,,AAXX 17134 07299 22565 70906 10127 20061 39878 40203 57006 878// 333 60005 81827 87630 90710 91114 93100=
07299,2008-09-17 14:00:00,12.7,1020,-0.8,61,5.4,15000,11.112,25.928,,110,,,0,,,,,,,,og-post,,,,AAXX 17144 07299 22565 71106 10127 20054 39875 40200 58008 878// 333 60005 81828 87631 90710 91114 93100=
07299,2008-09-17 15:00:00,12.9,1019.7,-0.8,60,5.3,15000,11.112,22.224,,110,,,0,0,,,,,,,og-post,,,,AAXX 17154 07299 22565 71106 10129 20053 39873 40197 56008 875// 333 60007 87631 90710 91112 93100 555 60005=
07299,2008-09-17 16:00:00,12.5,1019.8,-0.5,64,5.9,15000,14.816,18.52,,120,,,0,,,,,,,,og-post,,,,AAXX 17164 07299 22565 71208 10125 20059 39873 40198 56005 87502 333 60005 85632 87075 90710 91110 93100=
07299,2008-09-17 17:00:00,12.3,1020,0.2,66,6.1,12000,11.112,18.52,,120,,,0,,,,,,,,og-post,,,,AAXX 17174 07299 22562 71206 10123 20061 39875 40200 53002 875// 333 60005 87633 90710 91110 93100=
07299,2008-09-17 18:00:00,11.9,1020.5,0.6,66,5.8,13000,3.704,11.112,,90,4.7,13.4,0,0,,,,,,,og-post,,,,AAXX 17184 07299 02663 70902 10119 20058 39879 40205 53006 60002 875// 333 10134 20047 60007 87633 90710 91106 93100 555 60005=
07299,2008-09-17 19:00:00,11,1020.9,0.9,74,6.6,12000,3.704,11.112,,80,,,0,,,,,,,,og-post,,,,AAXX 17194 07299 22662 70802 10110 20066 39882 40209 52009 85501 333 60005 85635 87075 90710 91106 93100=
07299,2008-09-17 20:00:00,8.2,1021.5,0.9,85,5.8,12000,3.704,7.408,,340,,,0,,,,,,,,og-post,,,,AAXX 17204 07299 22662 73402 10082 20058 39885 40215 52009 82502 333 60005 82635 87075 90710 91104 93100=
07299,2008-09-17 21:00:00,6.6,1021.7,0.6,89,4.9,10000,7.408,7.408,,310,,,0,0,,,,,,,og-post,,,,AAXX 17214 07299 22660 73104 10066 20049 39885 40217 51006 81502 333 60007 81635 87075 90710 91104 93100 555 60005=
07299,2008-09-17 22:00:00,5.4,1021.9,0.3,92,4.2,8000,3.704,7.408,,300,,,0,,,,,,,,og-post,,,,AAXX 17224 07299 22658 73002 10054 20042 39885 40219 51003 81501 333 60005 81635 87075 90710 91104 93100=
07299,2008-09-17 23:00:00,5,1022.1,0.2,94,4.1,7000,3.704,7.408,,320,,,0,,,,,,,,og-post,,,,AAXX 17234 07299 22957 53202 10050 20041 39887 40221 53002 80001 333 60005 85075 90710 91104 93100=
07299,2008-09-18 00:00:00,4.3,1021.9,-0.1,94,3.4,6000,3.704,7.408,,320,,,0,0,,,,,,11,og-post,,,,AAXX 18004 07299 01956 63202 10043 20034 39884 40219 58001 60001 71122 80001 333 60007 86075 90710 91104 93100 555 60005=
07299,2008-09-18 01:00:00,3.7,1022,-0.1,94,2.8,3800,3.704,7.408,,330,,,0,,,,,,,,og-post,,,,AAXX 18014 07299 26/38 /3302 10037 20028 39884 40220 58001 333 60005 90710 91104=
07299,2008-09-18 02:00:00,3.7,1021.7,-0.6,95,3,4700,3.704,7.408,,330,,,0,,,,,,,,og-post,,,,AAXX 18024 07299 26/47 /3302 10037 20030 39881 40217 57006 333 60005 90710 91104=
07299,2008-09-18 03:00:00,5.5,1021.5,-0.2,95,4.8,7000,11.112,14.816,,30,,,0,0,,,,,,11,og-post,,,,AAXX 18034 07299 21957 70306 10055 20048 39882 40215 55002 71122 81032 333 60007 81365 87075 90710 91108 93100 555 60005=
07299,2008-09-18 04:00:00,4.6,1021.8,-0.1,91,3.3,6000,3.704,18.52,,310,,,0,,,,,,,11,og-post,,,,AAXX 18044 07299 21156 73102 10046 20033 39883 40218 55001 71122 81632 333 60005 81702 87075 90710 91110 93100=
07299,2008-09-18 05:00:00,3.5,1021.9,0.2,94,2.6,6000,3.704,7.408,,290,,,0,,,,,,,11,og-post,,,,AAXX 18054 07299 21956 72902 10035 20026 39883 40219 51002 71122 83032 333 60005 83364 86075 90710 91104 93100=
07299,2008-09-18 06:00:00,4.1,1021.6,-0.1,95,3.4,8000,,7.408,,,3.4,11.9,0,0,,,0,1.3,,,og-post,,,,AAXX 18064 07299 02958 70000 10041 20034 39881 40216 58001 60002 81032 333 10119 20034 30/// 55013 60007 70000 81364 87075 90710 91104 93100 555 60005=
07299,2008-09-18 07:00:00,8.8,1021.3,-0,84,6.2,7000,14.816,25.928,,100,,,0,,,,,,,,og-post,,,,AAXX 18074 07299 22/57 71008 10088 20062 39884 40213 55000 80002 333 60005 87073 90710 91114 93100=
07299,2008-09-18 08:00:00,10.7,1021.3,0.4,78,7,7000,14.816,25.928,,100,,,0,,,,,,,,og-post,,,,AAXX 18084 07299 22457 71008 10107 20070 39886 40213 53004 81102 333 60005 81814 87073 90710 91114 93100=
07299,2008-09-18 09:00:00,11.9,1021.3,0.6,74,7.4,7000,18.52,29.632,,110,,,0,0,,,,,,,og-post,,,,AAXX 18094 07299 22457 71110 10119 20074 39887 40213 51006 81132 333 60007 81816 87073 90710 91116 93100 555 60005=
07299,2008-09-18 10:00:00,13.2,1020.9,0.2,71,8.1,10000,14.816,29.632,,110,,,1,,,,,,,,og-post,,,,AAXX 18104 07299 22560 71108 10132 20081 39885 40209 50002 81132 333 60015 81821 87073 90710 91116 93100=
07299,2008-09-18 11:00:00,13.2,1020.6,-0.5,72,8.3,12000,14.816,22.224,,90,,,0,,,,,,,,og-post,,,,AAXX 18114 07299 22562 70908 10132 20083 39882 40206 58005 81132 333 60005 81821 85362 87073 90710 91112 93100=
07299,2008-09-18 12:00:00,13.9,1020.1,-0.9,71,8.7,12000,14.816,22.224,,100,,,0,1,1,,,,,,og-post,,,,AAXX 18124 07299 02562 71008 10139 20087 39878 40201 58009 60011 81131 333 60017 81821 83361 87073 90710 91112 93100 555 60005=
07299,2008-09-18 13:00:00,13.2,1020.4,-0.4,74,8.7,11000,11.112,22.224,,80,,,0,,,,,,,,og-post,,,,AAXX 18134 07299 22861 70806 10132 20087 39880 40204 55004 8707/ 333 60005 81357 87360 90710 91112 93100=
07299,2008-09-18 14:00:00,13.1,1020.4,-0.2,76,9,10000,7.408,22.224,,80,,,0,,,,,,,21,og-post,,,,AAXX 18144 07299 21860 70804 10131 20090 39880 40204 56002 72122 8707/ 333 60005 81358 87360 90710 91112 93100=
07299,2008-09-18 15:00:00,13,1020.4,0.3,76,8.9,9000,7.408,14.816,,110,,,0,0,,,,,,,og-post,,,,AAXX 18154 07299 22859 71104 10130 20089 39880 40204 51003 8707/ 333 60007 81358 87360 90710 91108 93100 555 60005=
07299,2008-09-18 16:00:00,12.6,1020.6,0.1,77,8.7,8000,7.408,14.816,,90,,,0,,,,,,,,og-post,,,,AAXX 18164 07299 22958 80904 10126 20087 39881 40206 53001 8807/ 333 60005 85360 88361 90710 91108 93100=
07299,2008-09-18 17:00:00,12.2,1021.2,0.7,81,9,8000,3.704,14.816,,60,,,0,,,,,,,,og-post,,,,AAXX 18174 07299 22658 80602 10122 20090 39887 40212 53007 8457/ 333 60005 84648 87361 90710 91108 93100=
07299,2008-09-18 18:00:00,11.7,1021.2,0.6,82,8.7,8000,3.704,14.816,,50,4.3,14,0,0,,,,,,,og-post,,,,AAXX 18184 07299 02658 80502 10117 20087 39886 40212 50006 60002 8357/ 333 10140 20043 60007 83647 87361 90710 91108 93100 555 60005=
07299,2008-09-18 19:00:00,11.2,1021.1,0.4,85,8.8,8000,3.704,14.816,,70,,,0,,,,,,,,og-post,,,,AAXX 18194 07299 22758 80702 10112 20088 39885 40211 50004 8257/ 333 60005 82650 87362 90710 91108 93100=
07299,2008-09-18 20:00:00,11.2,1021.4,0.1,85,8.8,8000,7.408,14.816,,40,,,0,,,,,,,,og-post,,,,AAXX 18204 07299 22758 80404 10112 20088 39888 40214 53001 8257/ 333 60005 82650 87361 90710 91108 93100=
07299,2008-09-18 21:00:00,11.2,1021.5,0.3,85,8.8,8000,3.704,14.816,,70,,,0,0,,,,,,,og-post,,,,AAXX 18214 07299 22758 80702 10112 20088 39889 40215 53003 8257/ 333 60007 82650 87360 90710 91108 93100 555 60005=
07299,2008-09-18 22:00:00,10.8,1021.2,0,89,9.1,7000,7.408,11.112,,70,,,0,,,,,,,,og-post,,,,AAXX 18224 07299 22757 70704 10108 20091 39885 40212 50000 8157/ 333 60005 81650 87360 90710 91106 93100=
07299,2008-09-18 23:00:00,10.5,1021,-0.5,91,9.1,7000,7.408,14.816,,20,,,0,,,,,,,,og-post,,,,AAXX 18234 07299 22757 70204 10105 20091 39883 40210 58005 8157/ 333 60005 81650 87360 90710 91108 93100=
07299,2008-09-19 00:00:00,10.3,1020.6,-1,91,8.9,6000,3.704,11.112,,270,,,0,0,,,,,,,og-post,,,,AAXX 19004 07299 02/56 72702 10103 20089 39879 40206 57010 60001 8707/ 333 60007 87360 90710 91106 93100 555 60005=
07299,2008-09-19 01:00:00,10,1020.4,-0.8,93,8.9,4500,7.408,11.112,,350,,,0,,,,,,,,og-post,,,,AAXX 19014 07299 26/45 /3504 10100 20089 39877 40204 57008 333 60005 90710 91106=
07299,2008-09-19 02:00:00,9.6,1020.1,-1,94,8.7,3900,7.408,11.112,,330,,,0,,,,,,,,og-post,,,,AAXX 19024 07299 26/39 /3304 10096 20087 39873 40201 57010 333 60005 90710 91106=
07299,2008-09-19 03:00:00,9.1,1020.4,-0.3,94,8.2,4000,11.112,14.816,,320,,,0,0,,,,,,10,og-post,,,,AAXX 19034 07299 21640 53206 10091 20082 39876 40204 55003 71022 81570 333 60007 81640 85360 90710 91108 93100 555 60005=
07299,2008-09-19 04:00:00,8.8,1020.8,0.2,95,8,4000,7.408,11.112,,280,,,0,,,,,,,10,og-post,,,,AAXX 19044 07299 21540 42804 10088 20080 39879 40208 53002 71011 83530 333 60005 83630 90710 91106 93100=
07299,2008-09-19 05:00:00,8.6,1021,0.7,95,7.8,4000,7.408,7.408,,170,,,0,,,,,,,10,og-post,,,,AAXX 19054 07299 21540 51704 10086 20078 39881 40210 51007 71011 85500 333 60005 85625 90710 91104 93100=
07299,2008-09-19 06:00:00,8.2,1021.6,1,95,7.4,4500,11.112,11.112,,340,8,11.7,0,0,,,0,4.2,7,10,og-post,,,,AAXX 19064 07299 01545 53406 10082 20074 39886 40216 53010 60002 71011 83530 333 10117 20080 30007 55042 60007 70000 83625 84360 90710 91106 93100 555 60005=
07299,2008-09-19 07:00:00,10,1021.9,1.2,95,9.2,4000,3.704,14.816,,340,,,0,,,,,,,10,og-post,,,,AAXX 19074 07299 21240 73402 10100 20092 39891 40219 53012 71022 85530 333 60005 82704 85626 87360 90710 91108 93100=
07299,2008-09-19 08:00:00,11,1021.9,1.2,92,9.8,4500,3.704,7.408,,310,,,0,,,,,,,10,og-post,,,,AAXX 19084 07299 21245 73102 10110 20098 39892 40219 51012 71022 875// 333 60005 85705 87623 90710 91104 93100=
07299,2008-09-19 09:00:00,12.7,1022.2,1.1,85,10.2,7000,7.408,14.816,,310,,,0,0,,,,,,,og-post,,,,AAXX 19094 07299 22357 73104 10127 20102 39897 40222 52011 878// 333 60007 81807 85622 85635 90710 91108 93100 555 60005=
07299,2008-09-19 10:00:00,14.6,1022.2,0.8,79,11,8000,7.408,18.52,,10,,,0,,,,,,,,og-post,,,,AAXX 19104 07299 22458 50104 10146 20110 39899 40222 53008 85800 333 60005 81810 85636 90710 91110 93100=
07299,2008-09-19 11:00:00,15.9,1022,0.7,70,10.4,8000,7.408,14.816,,360,,,0,,,,,,,,og-post,,,,AAXX 19114 07299 22458 33604 10159 20104 39899 40220 51007 82801 333 60005 81816 90710 91108 93100=
07299,2008-09-19 12:00:00,17.1,1022,0.3,69,11.4,12000,7.408,14.816,,310,,,0,0,,,,,,,og-post,,,,AAXX 19124 07299 02662 23104 10171 20114 39900 40220 51003 60001 82800 333 60007 81836 90710 91108 93100 555 60005=
07299,2008-09-19 13:00:00,18.2,1021.9,0.1,66,11.7,12000,7.408,18.52,,300,,,0,,,,,,,,og-post,,,,AAXX 19134 07299 22662 13004 10182 20117 39900 40219 52001 81100 333 60005 81840 90710 91110 93100=
07299,2008-09-19 14:00:00,18.7,1021.8,0,66,12.2,14000,11.112,18.52,,330,,,0,,,,,,,,og-post,,,,AAXX 19144 07299 22664 23306 10187 20122 39900 40218 50000 82200 333 60005 81840 90710 91110 93100=
07299,2008-09-19 15:00:00,18.1,1022,0.1,67,11.9,15000,14.816,22.224,,350,,,0,0,,,,,,,og-post,,,,AAXX 19154 07299 22665 23508 10181 20119 39901 40220 53001 82800 333 60007 81840 90710 91112 93100 555 60005=
07299,2008-09-19 16:00:00,17,1022.4,0.5,68,11.1,15000,14.816,22.224,,320,,,0,,,,,,,,og-post,,,,AAXX 19164 07299 22665 33208 10170 20111 39904 40224 53005 83800 333 60005 81840 90710 91112 93100=
07299,2008-09-19 17:00:00,15.4,1023.1,0.9,75,11,12000,11.112,18.52,,320,,,0,,,,,,,,og-post,,,,AAXX 19174 07299 22662 33206 10154 20110 39909 40231 53009 82801 333 60005 81840 90710 91110 93100=
07299,2008-09-19 18:00:00,13.6,1023.9,1.4,80,10.2,12000,11.112,22.224,,330,8.2,19,0,0,,,,,,,og-post,,,,AAXX 19184 07299 02662 53306 10136 20102 39915 40239 53014 60002 83831 333 10190 20082 60007 81840 83650 90710 91112 93100 555 60005=
07299,2008-09-19 19:00:00,12.6,1024.1,1.1,84,10,13000,11.112,14.816,,300,,,0,,,,,,,,og-post,,,,AAXX 19194 07299 22763 63006 10126 20100 39915 40241 51011 82531 333 60005 82650 85073 90710 91108 93100=
07299,2008-09-19 20:00:00,12.4,1024.5,1.1,84,9.8,14000,14.816,22.224,,310,,,0,,,,,,,,og-post,,,,AAXX 19204 07299 22664 73108 10124 20098 39919 40245 51011 875// 333 60005 87637 90710 91112 93100=
07299,2008-09-19 21:00:00,12.8,1024.9,0.8,79,9.3,16000,11.112,25.928,,340,,,,,,,,,,21,og-post,,,,AAXX 19214 07299 21566 73406 10128 20093 39923 40249 53008 72162 875// 333 69907 87627 90710 91114 93100 555 69905=
07299,2008-09-19 22:00:00,12.2,1025.1,0.9,79,8.7,16000,11.112,18.52,,340,,,0,,,,,,,,og-post,,,,AAXX 19224 07299 22666 73406 10122 20087 39925 40251 51009 875// 333 60005 87635 90710 91110 93100=
07299,2008-09-19 23:00:00,10.7,1025.4,0.6,87,8.6,18000,11.112,11.112,,300,,,0,,,,,,,,og-post,,,,AAXX 19234 07299 22668 73006 10107 20086 39926 40254 52006 875// 333 60005 87635 90710 91106 93100=
07299,2008-09-20 00:00:00,10.2,1025.7,0.6,83,7.4,18000,7.408,11.112,,320,,,0,0,,,,,,1,og-post,,,,AAXX 20004 07299 01668 73204 10102 20074 39928 40257 52006 69901 70162 875// 333 60007 87645 90710 91106 93100 555 60005=
07299,2008-09-20 01:00:00,10.4,1026,0.7,85,8,20000,7.408,11.112,,320,,,0,,,,,,,,og-post,,,,AAXX 20014 07299 26/70 /3204 10104 20080 39931 40260 53007 333 60005 90710 91106=
07299,2008-09-20 02:00:00,9.7,1026,0.4,88,7.8,20000,7.408,11.112,,310,,,0,,,,,,,,og-post,,,,AAXX 20024 07299 26/70 /3104 10097 20078 39930 40260 50004 333 60005 90710 91106=
07299,2008-09-20 03:00:00,9.2,1026,0.2,85,6.8,20000,7.408,11.112,,330,,,0,0,,,,,,,og-post,,,,AAXX 20034 07299 22770 73304 10092 20068 39930 40260 51002 875// 333 60007 87650 90710 91106 93100 555 60005=
07299,2008-09-20 04:00:00,7.6,1026.3,-0,90,6.1,20000,7.408,11.112,,320,,,0,,,,,,,,og-post,,,,AAXX 20044 07299 22670 53204 10076 20061 39931 40263 55000 84501 333 60005 84646 90710 91106 93100=
07299,2008-09-20 05:00:00,7.8,1026.7,0.5,90,6.3,18000,11.112,14.816,,320,,,0,,,,,,,,og-post,,,,AAXX 20054 07299 22768 73206 10078 20063 39935 40267 53005 875// 333 60005 87650 90710 91108 93100=
07299,2008-09-20 06:00:00,8,1027.4,1.2,89,6.3,20000,7.408,14.816,,320,7.4,13.5,0,0,,,0,6.3,5,,og-post,,,,AAXX 20064 07299 02670 73204 10080 20063 39942 40274 53012 69902 875// 333 10135 20074 30005 55063 60007 79999 87640 90710 91108 93100 555 60005=
07299,2008-09-20 07:00:00,8.7,1027.7,1.5,88,6.8,16000,7.408,11.112,,320,,,0,,,,,,,,og-post,,,,AAXX 20074 07299 22666 63204 10087 20068 39946 40277 52015 86500 333 60005 86643 90710 91106 93100=
07299,2008-09-20 08:00:00,9.8,1027.7,1.2,86,7.6,18000,11.112,11.112,,310,,,0,,,,,,,,og-post,,,,AAXX 20084 07299 22468 33106 10098 20076 39947 40277 51012 83800 333 60005 81816 83650 90710 91106 93100=
07299,2008-09-20 09:00:00,12.5,1027.5,0.5,73,7.8,18000,7.408,18.52,,10,,,0,0,,,,,,,og-post,,,,AAXX 20094 07299 22568 10104 10125 20078 39948 40275 51005 81800 333 60007 81820 90710 91110 93100 555 60005=
07299,2008-09-20 10:00:00,13.8,1027,-0.1,69,8.2,18000,7.408,22.224,,360,,,0,,,,,,,,og-post,,,,AAXX 20104 07299 22568 13604 10138 20082 39945 40270 58001 81800 333 60005 81823 90710 91112 93100=
07299,2008-09-20 11:00:00,15,1026.4,-0.7,57,6.6,20000,11.112,22.224,,340,,,0,,,,,,,,og-post,,,,AAXX 20114 07299 22570 13406 10150 20066 39940 40264 58007 81100 333 60005 81830 90710 91112 93100=
07299,2008-09-20 12:00:00,16,1026,-1.1,52,6.2,25000,11.112,25.928,,360,,,0,0,,,,,,,og-post,,,,AAXX 20124 07299 02675 13606 10160 20062 39937 40260 58011 60001 81100 333 60007 81836 90710 91114 93100 555 60005=
07299,2008-09-20 13:00:00,17.1,1025.4,-1.2,48,6,25000,11.112,25.928,,70,,,0,,,,,,,,og-post,,,,AAXX 20134 07299 22675 10706 10171 20060 39933 40254 56012 81100 333 60005 81843 90710 91114 93100=
07299,2008-09-20 14:00:00,17,1024.8,-1.2,50,6.5,30000,18.52,29.632,,360,,,0,,,,,,,,og-post,,,,AAXX 20144 07299 22680 13610 10170 20065 39927 40248 58012 81100 333 60005 81847 90710 91116 93100=
07299,2008-09-20 15:00:00,16.7,1024.7,-1.1,49,5.9,30000,18.52,35.188,,10,,,0,0,,,,,,,og-post,,,,AAXX 20154 07299 22780 10110 10167 20059 39925 40247 58011 81400 333 60007 81650 90710 91119 93100 555 60005=
07299,2008-09-20 16:00:00,16.4,1024.8,-0.7,52,6.5,30000,11.112,29.632,,30,,,0,,,,,,,,og-post,,,,AAXX 20164 07299 22780 30306 10164 20065 39926 40248 55007 83400 333 60005 83650 90710 91116 93100=
07299,2008-09-20 17:00:00,14.9,1025.1,-0.2,50,4.6,30000,11.112,22.224,,100,,,0,,,,,,,,og-post,,,,AAXX 20174 07299 22780 41006 10149 20046 39927 40251 55002 84500 333 60005 84650 90710 91112 93100=
07299,2008-09-20 18:00:00,13.2,1025.3,0.2,53,3.8,30000,14.816,25.928,,100,8,17.5,0,0,,,,,,,og-post,,,,AAXX 20184 07299 02780 11008 10132 20038 39927 40253 51002 60002 81500 333 10175 20080 60007 81650 90710 91114 93100 555 60005=
07299,2008-09-20 19:00:00,12.4,1025.7,0.4,53,3.1,25000,14.816,31.484,,100,,,0,,,,,,,,og-post,,,,AAXX 20194 07299 22775 21008 10124 20031 39930 40257 53004 82500 333 60005 82650 90710 91117 93100=
07299,2008-09-20 20:00:00,11.1,1026.4,0.8,57,2.9,25000,11.112,29.632,,80,,,0,,,,,,,,og-post,,,,AAXX 20204 07299 22775 20806 10111 20029 39935 40264 53008 82500 333 60005 82650 90710 91116 93100=
07299,2008-09-20 21:00:00,7.8,1026.4,0.5,79,4.4,25000,,14.816,,,,,0,0,,,,,,,og-post,,,,AAXX 20214 07299 22775 10000 10078 20044 39932 40264 50005 81500 333 60007 81650 90710 91108 93100 555 60005=
07299,2008-09-20 22:00:00,6.4,1026.3,-0.2,86,4.2,20000,11.112,14.816,,350,,,0,,,,,,,,og-post,,,,AAXX 20224 07299 26/70 /3506 10064 20042 39929 40263 58002 333 60005 90710 91108=
07299,2008-09-20 23:00:00,5.8,1025.9,-1,88,4,25000,7.408,18.52,,320,,,0,,,,,,,,og-post,,,,AAXX 20234 07299 22775 13204 10058 20040 39925 40259 57010 81500 333 60005 81650 90710 91110 93100=
07299,2008-09-21 00:00:00,5,1025.7,-1.1,89,3.3,25000,11.112,14.816,,310,,,0,0,,,,,,,og-post,,,,AAXX 21004 07299 02775 13106 10050 20033 39922 40257 57011 60001 81500 333 60007 81650 90710 91108 93100 555 60005=
07299,2008-09-21 01:00:00,4.4,1025.6,-0.8,90,2.9,18000,3.704,14.816,,300,,,0,,,,,,,,og-post,,,,AAXX 21014 07299 26/68 /3002 10044 20029 39920 40256 56008 333 60005 90710 91108=
07299,2008-09-21 02:00:00,3.8,1025.4,-0.8,91,2.5,20000,,7.408,,,,,0,,,,,,,,og-post,,,,AAXX 21024 07299 26/70 /0000 10038 20025 39917 40254 56008 333 60005 90710 91104=
07299,2008-09-21 03:00:00,2.5,1025,-0.9,93,1.5,15000,3.704,7.408,,230,,,0,0,,,,,,,og-post,,,,AAXX 21034 07299 22765 12302 10025 20015 39912 40250 58009 81500 333 60007 81650 90710 91104 93100 555 60005=
07299,2008-09-21 04:00:00,2.1,1024.7,-1.2,94,1.2,15000,3.704,7.408,,240,,,0,,,,,,,,og-post,,,,AAXX 21044 07299 22765 32402 10021 20012 39908 40247 57012 81501 333 60005 81650 83073 90710 91104 93100=
07299,2008-09-21 05:00:00,1.8,1024.6,-1,94,0.9,2500,3.704,7.408,,270,,,0,,,,,,,,og-post,,,,AAXX 21054 07299 22025 32702 10018 20009 39907 40246 56010 82601 333 60005 82701 83073 90710 91104 93100=
07299,2008-09-21 06:00:00,2.3,1024.8,-0.1,95,1.6,700,,3.704,,,1.6,13.1,0,0,,,0,7.8,-1,41,og-post,,,,AAXX 21064 07299 01007 50000 10023 20016 39910 40248 55001 60002 74141 82601 333 10131 20016 30101 55078 60007 70000 82701 85073 90710 91102 93100 555 60005=
07299,2008-09-21 07:00:00,4.7,1024.9,0.6,95,4,2500,7.408,7.408,,340,,,0,,,,,,,28,og-post,,,,AAXX 21074 07299 21125 63404 10047 20040 39914 40249 53006 72842 81132 333 60005 81802 86073 90710 91104 93100=
07299,2008-09-21 08:00:00,6,1024.3,0.2,92,4.8,6000,,7.408,,,,,0,,,,,,,12,og-post,,,,AAXX 21084 07299 21156 70000 10060 20048 39909 40243 50002 71222 81152 333 60005 81803 84362 87073 90710 91104 93100=
07299,2008-09-21 09:00:00,7.5,1023.8,-0.3,86,5.3,8000,7.408,11.112,,330,,,0,0,,,,,,12,og-post,,,,AAXX 21094 07299 21258 73304 10075 20053 39906 40238 58003 71242 81152 333 60007 81804 84363 87073 90710 91106 93100 555 60005=
07299,2008-09-21 10:00:00,9.9,1022.8,-1.4,75,5.7,11000,7.408,14.816,,340,,,0,,,,,,,,og-post,,,,AAXX 21104 07299 22461 73404 10099 20057 39899 40228 58014 81132 333 60005 81813 84363 87073 90710 91108 93100=
07299,2008-09-21 11:00:00,11.2,1022.1,-1.4,69,5.7,14000,14.816,22.224,,350,,,0,,,,,,,,og-post,,,,AAXX 21114 07299 22564 73508 10112 20057 39894 40221 58014 81132 333 60005 81820 85363 87073 90710 91112 93100=
07299,2008-09-21 12:00:00,13.2,1021.3,-1.7,61,5.9,20000,18.52,25.928,,360,,,0,0,,,,,,1,og-post,,,,AAXX 21124 07299 01670 43610 10132 20059 39889 40213 56017 60001 70141 81132 333 60007 81833 83363 90710 91114 93100 555 60005=
07299,2008-09-21 13:00:00,15.2,1020.2,-1.9,52,5.4,20000,7.408,22.224,,280,,,0,,,,,,,,og-post,,,,AAXX 21134 07299 22670 32804 10152 20054 39880 40202 58019 81132 333 60005 81840 90710 91112 93100=
07299,2008-09-21 14:00:00,15.9,1019.7,-1.9,48,4.9,20000,7.408,18.52,,80,,,0,,,,,,,,og-post,,,,AAXX 21144 07299 22670 40804 10159 20049 39876 40197 56019 81131 333 60005 81843 84073 90710 91110 93100=
07299,2008-09-21 15:00:00,16.3,1019.2,-1.7,47,5,30000,7.408,18.52,,30,,,0,0,,,,,,,og-post,,,,AAXX 21154 07299 22680 30304 10163 20050 39872 40192 56017 81131 333 60007 81846 83073 90710 91110 93100 555 60005=
07299,2008-09-21 16:00:00,15.9,1019.3,-0.8,52,6.1,30000,3.704,14.816,,30,,,0,,,,,,,,og-post,,,,AAXX 21164 07299 22780 50302 10159 20061 39872 40193 56008 84431 333 60005 84650 83073 90710 91108 93100=
07299,2008-09-21 17:00:00,14.8,1019.3,-0.5,53,5.3,30000,11.112,14.816,,120,,,0,,,,,,,,og-post,,,,AAXX 21174 07299 22780 51206 10148 20053 39871 40193 56005 84431 333 60005 83650 83073 90710 91108 93100=
07299,2008-09-21 18:00:00,12.6,1019.8,0.1,59,4.8,30000,7.408,14.816,,80,2.2,16.7,0,0,,,,,,,og-post,,,,AAXX 21184 07299 02780 30804 10126 20048 39873 40198 53001 60002 81431 333 10167 20022 60007 81650 83073 90710 91108 93100 555 60005=
07299,2008-09-21 19:00:00,8,1020.5,0.3,87,6,20000,3.704,11.112,,330,,,0,,,,,,,,og-post,,,,AAXX 21194 07299 22770 13302 10080 20060 39875 40205 53003 81500 333 60005 81650 90710 91106 93100=
07299,2008-09-21 20:00:00,6,1020.9,0.5,90,4.5,20000,3.704,7.408,,280,,,0,,,,,,,,og-post,,,,AAXX 21204 07299 22770 12802 10060 20045 39876 40209 51005 81500 333 60005 81650 90710 91104 93100=
07299,2008-09-21 21:00:00,5.6,1020.8,0.2,93,4.6,18000,3.704,7.408,,320,,,0,0,,,,,,,og-post,,,,AAXX 21214 07299 22768 13202 10056 20046 39875 40208 50002 81500 333 60007 81650 90710 91104 93100 555 60005=
07299,2008-09-21 22:00:00,5.2,1020.7,-0.1,94,4.3,18000,3.704,11.112,,240,,,0,,,,,,,,og-post,,,,AAXX 21224 07299 22768 12402 10052 20043 39874 40207 58001 81500 333 60005 81650 90710 91106 93100=
07299,2008-09-21 23:00:00,4.9,1020.8,-0.2,94,4,18000,,7.408,,,,,0,,,,,,,,og-post,,,,AAXX 21234 07299 22768 10000 10049 20040 39874 40208 56002 81500 333 60005 81650 90710 91104 93100=
07299,2008-09-22 00:00:00,4.7,1020.6,-0.3,95,4,16000,,3.704,,,,,0,0,,,,,,,og-post,,,,AAXX 22004 07299 02766 10000 10047 20040 39872 40206 58003 60001 81500 333 60007 81650 90710 91102 93100 555 60005=
07299,2008-09-22 01:00:00,3.8,1020.3,-0.6,95,3.1,14000,3.704,7.408,,120,,,0,,,,,,,,og-post,,,,AAXX 22014 07299 26/64 /1202 10038 20031 39868 40203 58006 333 60005 90710 91104=
07299,2008-09-22 02:00:00,2.9,1020.3,-0.7,95,2.2,5000,,7.408,,,,,0,,,,,,,,og-post,,,,AAXX 22024 07299 26/50 /0000 10029 20022 39867 40203 56007 333 60005 90710 91104=
07299,2008-09-22 03:00:00,2.5,1020.2,-0.7,95,1.8,8000,,7.408,,,,,0,0,,,,,,,og-post,,,,AAXX 22034 07299 22158 20000 10025 20018 39865 40202 56007 82600 333 60007 82703 90710 91104 93100 555 60005=
07299,2008-09-22 04:00:00,1.5,1020,-0.5,95,0.8,4500,3.704,7.408,,290,,,0,,,,,,,10,og-post,,,,AAXX 22044 07299 21245 22902 10015 20008 39862 40200 58005 71000 82600 333 60005 82704 90710 91104 93100=
07299,2008-09-22 05:00:00,2.3,1020.1,-0.3,96,1.7,900,3.704,7.408,,220,,,0,,,,,,,41,og-post,,,,AAXX 22054 07299 21009 22202 10023 20017 39864 40201 55003 74140 82600 333 60005 82700 90710 91104 93100=
07299,2008-09-22 06:00:00,4.1,1020.1,0.1,96,3.5,100,,7.408,,,1.5,12.6,0,0,,,0,5,-1,46,og-post,,,,AAXX 22064 07299 01001 60000 10041 20035 39866 40201 53001 60002 74641 86600 333 10126 20015 30101 55050 60007 70000 86701 90710 91104 93100 555 60005=
07299,2008-09-22 07:00:00,5.4,1020.1,0.5,96,4.8,200,7.408,11.112,,340,,,0,,,,,,,43,og-post,,,,AAXX 22074 07299 21/02 93404 10054 20048 39868 40201 53005 74344 333 60005 90710 91106 93100=
07299,2008-09-22 08:00:00,6.7,1020.1,0.6,96,6.1,2200,7.408,11.112,,300,,,0,,,,,,,28,og-post,,,,AAXX 22084 07299 21122 73004 10067 20061 39870 40201 52006 72842 876// 333 60005 87702 90710 91106 93100=
07299,2008-09-22 09:00:00,7.4,1020.1,0.5,96,6.8,4500,7.408,14.816,,340,,,0,0,,,,,,10,og-post,,,,AAXX 22094 07299 21245 83404 10074 20068 39871 40201 51005 71042 886// 333 60007 88703 90710 91108 93100 555 60005=
07299,2008-09-22 10:00:00,8.7,1019.6,-0.1,92,7.5,6000,7.408,14.816,,330,,,0,,,,,,,,og-post,,,,AAXX 22104 07299 22256 83304 10087 20075 39867 40196 58001 885// 333 60005 87605 90710 91108 93100=
07299,2008-09-22 11:00:00,10.4,1019.2,-0.5,84,7.8,9000,7.408,18.52,,10,,,0,,,,,,,,og-post,,,,AAXX 22114 07299 22359 70104 10104 20078 39865 40192 58005 875// 333 60005 87608 90710 91110 93100=
07299,2008-09-22 12:00:00,12.7,1018.1,-1.3,78,9,11000,11.112,22.224,,350,,,0,0,,,,,,1,og-post,,,,AAXX 22124 07299 01461 43506 10127 20090 39857 40181 58013 60001 70141 84800 333 60007 84815 90710 91112 93100 555 60005=
07299,2008-09-22 13:00:00,13.8,1017.3,-1.6,75,9.4,14000,11.112,29.632,,340,,,0,,,,,,,,og-post,,,,AAXX 22134 07299 22564 53406 10138 20094 39851 40173 58016 85800 333 60005 85820 90710 91116 93100=
07299,2008-09-22 14:00:00,14.9,1016.7,-1.9,69,9.3,15000,14.816,25.928,,350,,,0,,,,,,,,og-post,,,,AAXX 22144 07299 22565 33508 10149 20093 39846 40167 56019 83800 333 60005 82821 90710 91114 93100=
07299,2008-09-22 15:00:00,14.4,1016.7,-1.1,70,9,13000,18.52,29.632,,350,,,0,0,,,,,,15,og-post,,,,AAXX 22154 07299 21563 63510 10144 20090 39846 40167 56011 71511 86300 333 60007 83826 82933 84645 90710 91116 93100 555 60005=
07299,2008-09-22 16:00:00,14.9,1016.4,-0.8,66,8.6,12000,7.408,22.224,,70,,,0,,,,,,,15,og-post,,,,AAXX 22164 07299 21462 70704 10149 20086 39843 40164 56008 71522 873// 333 60005 81816 82931 86645 90710 91112 93100=
07299,2008-09-22 17:00:00,13,1016.8,-0.1,79,9.4,13000,7.408,22.224,,20,,,,,,,,,,25,og-post,,,,AAXX 22174 07299 21563 70204 10130 20094 39845 40168 55001 72586 873// 333 69905 81820 82931 83646 85650 90710 91112 93100=
07299,2008-09-22 18:00:00,10.9,1017.6,0.4,81,7.8,18000,7.408,14.816,,340,4.3,15.4,0,,,,,,,1,og-post,,,,AAXX 22184 07299 01568 73404 10109 20078 39850 40176 53004 69902 70186 8483/ 333 10154 20043 69907 81820 83646 85359 90710 91108 93100 555 60005=
07299,2008-09-22 19:00:00,9,1018.1,1,85,6.6,18000,14.816,18.52,,340,,,0,,,,,,,,og-post,,,,AAXX 22194 07299 22568 53408 10090 20066 39853 40181 53010 82830 333 60005 81820 84360 90710 91110 93100=
07299,2008-09-22 20:00:00,9,1018.2,0.9,89,7.3,15000,11.112,14.816,,300,,,0,,,,,,,,og-post,,,,AAXX 22204 07299 22565 53006 10090 20073 39854 40182 51009 82830 333 60005 81820 83360 90710 91108 93100=
07299,2008-09-22 21:00:00,8.9,1018,0.2,90,7.4,15000,7.408,14.816,,310,,,0,0,,,,,,,og-post,,,,AAXX 22214 07299 22565 73104 10089 20074 39852 40180 50002 82830 333 60007 81820 86357 90710 91108 93100 555 60005=
07299,2008-09-22 22:00:00,9.3,1018,-0.1,90,7.7,12000,3.704,18.52,,330,,,0,,,,,,,,og-post,,,,AAXX 22224 07299 22562 73302 10093 20077 39852 40180 58001 878// 333 60005 81820 87656 90710 91110 93100=
07299,2008-09-22 23:00:00,8.7,1017.8,-0.4,91,7.3,11000,11.112,14.816,,330,,,,,,,,,,,og-post,,,,AAXX 22234 07299 26/61 /3306 10087 20073 39850 40178 57004 333 69905 90710 91108=
07299,2008-09-23 00:00:00,9.1,1017.6,-0.4,91,7.7,12000,11.112,18.52,,320,,,0,,,,,,,3,og-post,,,,AAXX 23004 07299 01562 73206 10091 20077 39848 40176 58004 69901 70386 878// 333 69907 83830 87638 90710 91110 93100 555 60005=
07299,2008-09-23 01:00:00,8.1,1017.4,-0.7,94,7.2,5000,11.112,18.52,,320,,,0,,,,,,,,og-post,,,,AAXX 23014 07299 26/50 /3206 10081 20072 39845 40174 58007 333 60005 90710 91110=
07299,2008-09-23 02:00:00,7.8,1017.1,-0.8,95,7,2900,11.112,14.816,,320,,,0,,,,,,,,og-post,,,,AAXX 23024 07299 26/29 /3206 10078 20070 39842 40171 58008 333 60005 90710 91108=
07299,2008-09-23 03:00:00,8,1017.2,-0.5,95,7.2,2700,14.816,18.52,,340,,,0,0,,,,,,,og-post,,,,AAXX 23034 07299 26/27 /3408 10080 20072 39843 40172 55005 333 60007 90710 91110 555 60005=
07299,2008-09-23 04:00:00,7.7,1017.3,-0.1,95,7,2000,11.112,18.52,,310,,,0,,,,,,,10,og-post,,,,AAXX 23044 07299 21120 83106 10077 20070 39844 40173 55001 71022 886// 333 60005 88702 90710 91110 93100=
07299,2008-09-23 05:00:00,7.8,1017.7,0.6,95,7,3000,11.112,14.816,,330,,,0,,,,,,,10,og-post,,,,AAXX 23054 07299 21130 83306 10078 20070 39848 40177 53006 71022 886// 333 60005 83702 88704 90710 91108 93100=
07299,2008-09-23 06:00:00,7.6,1018,0.7,94,6.7,3600,11.112,18.52,,330,7.6,10.7,0,0,,,0,3.1,6,10,og-post,,,,AAXX 23064 07299 01236 83306 10076 20067 39850 40180 53007 69902 71022 886// 333 10107 20076 31006 55031 60007 79999 82703 88706 90710 91110 93100 555 60005=
07299,2008-09-23 07:00:00,7.9,1018,0.7,93,6.8,4500,11.112,18.52,,10,,,0,,,,,,,10,og-post,,,,AAXX 23074 07299 21245 70106 10079 20068 39851 40180 51007 71022 875// 333 60005 83705 87612 90710 91110 93100=
07299,2008-09-23 08:00:00,8.3,1018.4,0.7,91,6.9,7000,11.112,18.52,,360,,,0,,,,,,,,og-post,,,,AAXX 23084 07299 22357 73606 10083 20069 39855 40184 53007 876// 333 60005 87707 90710 91110 93100=
07299,2008-09-23 09:00:00,9.3,1018.3,0.5,86,7.1,8000,11.112,22.224,,350,,,0,0,,,,,,,og-post,,,,AAXX 23094 07299 22358 73506 10093 20071 39855 40183 51005 876// 333 60007 87709 90710 91112 93100 555 60005=
07299,2008-09-23 10:00:00,10.1,1018.1,0.3,85,7.7,10000,11.112,38.892,,340,,,0,,,,,,,,og-post,,,,AAXX 23104 07299 22460 73406 10101 20077 39854 40181 50003 878// 333 60005 85811 86640 90710 91121 93100=
07299,2008-09-23 11:00:00,11.8,1017.7,-0.3,79,8.3,15000,11.112,22.224,,350,,,0,,,,,,,,og-post,,,,AAXX 23114 07299 22465 53506 10118 20083 39852 40177 58003 85800 333 60005 82815 85649 90710 91112 93100=
07299,2008-09-23 12:00:00,13.3,1017,-0.8,66,7.1,18000,14.816,25.928,,340,,,0,0,,,,,,,og-post,,,,AAXX 23124 07299 02568 33408 10133 20071 39847 40170 58008 60001 83800 333 60007 81825 83650 90710 91114 93100 555 60005=
07299,2008-09-23 13:00:00,13.8,1016.3,-1.3,66,7.6,20000,11.112,25.928,,350,,,0,,,,,,,,og-post,,,,AAXX 23134 07299 26/70 /3506 10138 20076 39841 40163 58013 333 60005 90710 91114=
07299,2008-09-23 14:00:00,14.8,1015.8,-1.6,60,7.1,18000,11.112,22.224,,10,,,0,,,,,,,,og-post,,,,AAXX 23144 07299 22668 40106 10148 20071 39837 40158 57016 84800 333 60005 81833 90710 91112 93100=
07299,2008-09-23 15:00:00,15.2,1015.4,-1.3,60,7.5,18000,11.112,22.224,,10,,,0,0,,,,,,,og-post,,,,AAXX 23154 07299 22668 40106 10152 20075 39834 40154 56013 84800 333 60007 81835 83656 90710 91112 93100 555 60005=
07299,2008-09-23 16:00:00,14.3,1015.5,-0.7,62,7.1,20000,11.112,22.224,,350,,,0,,,,,,,,og-post,,,,AAXX 23164 07299 22670 63506 10143 20071 39834 40155 56007 86800 333 60005 81835 85650 90710 91112 93100=
07299,2008-09-23 17:00:00,13.4,1015.9,-0,69,7.8,20000,11.112,18.52,,360,,,0,,,,,,,,og-post,,,,AAXX 23174 07299 22670 63606 10134 20078 39837 40159 55000 86800 333 60005 81835 86656 90710 91110 93100=
07299,2008-09-23 18:00:00,10.6,1016.6,0.7,80,7.3,18000,11.112,18.52,,340,7.5,15.5,0,0,,,,,,,og-post,,,,AAXX 23184 07299 02668 53406 10106 20073 39840 40166 53007 60002 85800 333 10155 20075 60007 81835 84656 90710 91110 93100 555 60005=
07299,2008-09-23 21:00:00,8.3,1017.9,0.9,87,6.3,18000,7.408,11.112,,330,,,0,0,,,,,,,og-post,,,,AAXX 23214 07299 22668 53304 10083 20063 39850 40179 51009 85500 333 60007 81643 85656 90710 91106 93100 555 60005=
07299,2008-09-23 22:00:00,7.1,1018.1,0.7,91,5.7,14000,3.704,11.112,,320,,,0,,,,,,,,og-post,,,,AAXX 23224 07299 22764 13202 10071 20057 39851 40181 51007 81500 333 60005 81650 90710 91106 93100=
07299,2008-09-23 23:00:00,5.9,1018.1,0.1,93,4.9,8000,3.704,3.704,,240,,,0,,,,,,,,og-post,,,,AAXX 23234 07299 22958 02402 10059 20049 39849 40181 50001 333 60005 90710 91102 93100=
07299,2008-09-24 00:00:00,5.2,1018.4,0.1,94,4.3,5000,,3.704,,,,,0,0,,,,,,11,og-post,,,,AAXX 24004 07299 01050 10000 10052 20043 39851 40184 53001 60001 71111 81600 333 60007 81701 90710 91102 93100 555 60005=
07299,2008-09-24 01:00:00,4.3,1018.4,-0.1,94,3.4,4000,,7.408,,,,,0,,,,,,,,og-post,,,,AAXX 24014 07299 26/40 /0000 10043 20034 39850 40184 56001 333 60005 90710 91104=
07299,2008-09-24 02:00:00,3.5,1018.7,0.3,95,2.8,2700,3.704,3.704,,240,,,0,,,,,,,,og-post,,,,AAXX 24024 07299 26/27 /2402 10035 20028 39852 40187 52003 333 60005 90710 91102=
07299,2008-09-24 03:00:00,3.6,1018.9,0.3,95,2.9,3000,3.704,3.704,,180,,,0,0,,,,,,40,og-post,,,,AAXX 24034 07299 21030 11802 10036 20029 39854 40189 53003 74000 81600 333 60007 81701 90710 91102 93100 555 60005=
07299,2008-09-24 04:00:00,2.4,1019.3,0.7,95,1.7,3000,,3.704,,,,,0,,,,,,,40,og-post,,,,AAXX 24044 07299 21030 10000 10024 20017 39857 40193 53007 74000 81600 333 60005 81701 90710 91102 93100=
07299,2008-09-24 05:00:00,2,1019.9,1,95,1.3,700,3.704,3.704,,280,,,0,,,,,,,41,og-post,,,,AAXX 24054 07299 21007 32802 10020 20013 39862 40199 53010 74140 83630 333 60005 83700 90710 91102 93100=
07299,2008-09-24 06:00:00,3.2,1020.3,1.3,96,2.6,700,,3.704,,,1.7,11,0,0,,,0,3.1,-1,41,og-post,,,,AAXX 24064 07299 01007 80000 10032 20026 39867 40203 53013 60002 74141 886// 333 10110 20017 30101 55031 60007 70000 88701 90710 91102 93100 555 60005=
07299,2008-09-24 07:00:00,5.5,1020.5,1.5,96,4.9,400,,3.704,,,,,0,,,,,,,47,og-post,,,,AAXX 24074 07299 21/04 90000 10055 20049 39872 40205 52015 74744 333 60005 90710 91102 93100=
07299,2008-09-24 08:00:00,6.1,1020.9,1.5,96,5.5,400,3.704,7.408,,250,,,0,,,,,,,45,og-post,,,,AAXX 24084 07299 21/04 92502 10061 20055 39877 40209 52015 74544 333 60005 90710 91104 93100=
07299,2008-09-24 09:00:00,7.5,1021.3,1.5,96,6.9,4000,3.704,7.408,,300,,,0,0,,,,,,28,og-post,,,,AAXX 24094 07299 21140 73002 10075 20069 39882 40213 52015 72842 876// 333 60007 87703 90710 91104 93100 555 60005=
07299,2008-09-24 10:00:00,9.9,1020.8,0.8,87,7.8,10000,3.704,11.112,,330,,,0,,,,,,,,og-post,,,,AAXX 24104 07299 22360 53302 10099 20078 39880 40208 50008 81101 333 60005 81808 85075 90710 91106 93100=
07299,2008-09-24 11:00:00,12.7,1020.4,0.2,68,7,15000,3.704,14.816,,30,,,0,,,,,,,,og-post,,,,AAXX 24114 07299 22465 20302 10127 20070 39879 40204 50002 81101 333 60005 81816 90710 91108 93100=
07299,2008-09-24 12:00:00,14.1,1020,-0.5,64,7.4,18000,3.704,11.112,,90,,,0,0,,,,,,1,og-post,,,,AAXX 24124 07299 01568 60902 10141 20074 39877 40200 57005 60001 70141 81101 333 60007 81825 86075 90710 91106 93100 555 60005=
07299,2008-09-24 13:00:00,14.9,1019.8,-0.4,64,8.2,18000,7.408,18.52,,350,,,0,,,,,,,,og-post,,,,AAXX 24134 07299 22668 63504 10149 20082 39876 40198 57004 81101 333 60005 81833 86075 90710 91110 93100=
07299,2008-09-24 14:00:00,15.5,1019.6,-0.4,57,7,18000,7.408,18.52,,30,,,0,,,,,,,,og-post,,,,AAXX 24144 07299 22668 60304 10155 20070 39875 40196 56004 81801 333 60005 81836 86075 90710 91110 93100=
07299,2008-09-24 15:00:00,16,1019.2,-0.5,61,8.5,18000,11.112,22.224,,40,,,0,0,,,,,,,og-post,,,,AAXX 24154 07299 22668 60406 10160 20085 39872 40192 58005 84801 333 60007 81840 84657 90710 91112 93100 555 60005=
07299,2008-09-24 16:00:00,15.8,1019.6,-0.1,62,8.5,18000,7.408,14.816,,30,,,0,,,,,,,,og-post,,,,AAXX 24164 07299 22668 70304 10158 20085 39875 40196 55001 878// 333 60005 81840 87657 90710 91108 93100=
07299,2008-09-24 17:00:00,14.4,1020,0.3,71,9.2,25000,11.112,14.816,,350,,,0,,,,,,,,og-post,,,,AAXX 24174 07299 22675 73506 10144 20092 39878 40200 53003 878// 333 60005 81840 87657 90710 91108 93100=
07299,2008-09-24 18:00:00,13.1,1020.7,1.1,78,9.4,25000,11.112,18.52,,340,3.3,16.5,0,0,,,,,,,og-post,,,,AAXX 24184 07299 02675 73406 10131 20094 39883 40207 53011 60002 8583/ 333 10165 20033 60007 81840 85657 85363 90710 91110 93100 555 60005=
07299,2008-09-24 19:00:00,12.4,1021.4,1.4,82,9.4,25000,11.112,11.112,,330,,,0,,,,,,,,og-post,,,,AAXX 24194 07299 22675 73306 10124 20094 39889 40214 53014 8113/ 333 60005 81840 87358 90710 91106 93100=
07299,2008-09-24 20:00:00,12.1,1021.8,1.5,83,9.3,15000,11.112,18.52,,340,,,0,,,,,,,,og-post,,,,AAXX 24204 07299 22665 73406 10121 20093 39893 40218 51015 8253/ 333 60005 82636 87358 90710 91110 93100=
07299,2008-09-24 21:00:00,11.8,1022.3,1.4,84,9.2,15000,7.408,14.816,,330,,,0,0,,,,,,,og-post,,,,AAXX 24214 07299 22765 73304 10118 20092 39897 40223 51014 875// 333 60007 87650 90710 91108 93100 555 60005=
07299,2008-09-24 22:00:00,11.6,1022.4,1,87,9.5,15000,7.408,11.112,,330,,,0,,,,,,,,og-post,,,,AAXX 24224 07299 22665 73304 10116 20095 39898 40224 51010 875// 333 60005 87639 90710 91106 93100=
07299,2008-09-24 23:00:00,11.4,1022.7,0.8,89,9.7,15000,11.112,14.816,,330,,,0,,,,,,,,og-post,,,,AAXX 24234 07299 22665 73306 10114 20097 39901 40227 51008 875// 333 60005 87639 90710 91108 93100=
07299,2008-09-25 00:00:00,10.3,1022.9,0.4,91,8.9,13000,7.408,11.112,,330,,,0,0,,,,,,,og-post,,,,AAXX 25004 07299 02663 73304 10103 20089 39901 40229 51004 60001 8453/ 333 60007 84646 87359 90710 91106 93100 555 60005=
07299,2008-09-25 01:00:00,9.8,1022.9,0.2,93,8.7,10000,3.704,11.112,,300,,,0,,,,,,,,og-post,,,,AAXX 25014 07299 26/60 /3002 10098 20087 39901 40229 51002 333 60005 90710 91106=
07299,2008-09-25 02:00:00,9.3,1023.1,0.1,93,8.2,17000,3.704,7.408,,290,,,0,,,,,,,,og-post,,,,AAXX 25024 07299 26/67 /2902 10093 20082 39902 40231 53001 333 60005 90710 91104=
07299,2008-09-25 03:00:00,8.6,1023.5,0.4,94,7.7,13000,7.408,11.112,,290,,,0,0,,,,,,,og-post,,,,AAXX 25034 07299 22963 72904 10086 20077 39905 40235 53004 87030 333 60007 87359 90710 91106 93100 555 60005=
07299,2008-09-25 04:00:00,8.8,1023.7,0.6,94,7.9,9000,11.112,14.816,,320,,,0,,,,,,,,og-post,,,,AAXX 25044 07299 22959 73206 10088 20079 39907 40237 53006 87030 333 60005 87359 90710 91108 93100=
07299,2008-09-25 05:00:00,8.8,1024.2,1,94,7.9,8000,7.408,14.816,,310,,,0,,,,,,,,og-post,,,,AAXX 25054 07299 22758 73104 10088 20079 39912 40242 53010 855// 333 60005 87650 90710 91108 93100=
07299,2008-09-25 06:00:00,9,1024.6,1.1,94,8.1,8000,3.704,14.816,,320,8,13.1,0,0,,,0,6.5,6,,og-post,,,,AAXX 25064 07299 02658 73202 10090 20081 39916 40246 53011 60002 8553/ 333 10131 20080 30006 55065 60007 70000 85646 86357 90710 91108 93100 555 60005=
07299,2008-09-25 07:00:00,9.6,1024.6,1,93,8.5,9000,7.408,14.816,,320,,,0,,,,,,,,og-post,,,,AAXX 25074 07299 22659 73204 10096 20085 39917 40246 51010 8553/ 333 60005 85646 86357 90710 91108 93100=
07299,2008-09-25 08:00:00,10.9,1024.9,0.9,90,9.3,8000,11.112,18.52,,10,,,0,,,,,,,,og-post,,,,AAXX 25084 07299 22458 70106 10109 20093 39921 40249 52009 878// 333 60005 83710 83843 85656 90710 91110 93100=
07299,2008-09-25 09:00:00,12.2,1025,0.7,85,9.8,10000,11.112,22.224,,360,,,0,0,,,,,,,og-post,,,,AAXX 25094 07299 22460 73606 10122 20098 39924 40250 53007 878// 333 60007 84810 85644 90710 91112 93100 555 60005=
07299,2008-09-25 10:00:00,12.2,1024.8,0.5,84,9.6,12000,14.816,22.224,,360,,,0,,,,,,,,og-post,,,,AAXX 25104 07299 22462 73608 10122 20096 39922 40248 50005 878// 333 60005 82812 87643 90710 91112 93100=
07299,2008-09-25 11:00:00,13.6,1024.7,0.1,75,9.3,15000,14.816,25.928,,10,,,0,,,,,,,,og-post,,,,AAXX 25114 07299 22565 70108 10136 20093 39922 40247 51001 878// 333 60005 84821 87643 90710 91114 93100=
07299,2008-09-25 12:00:00,13.4,1024.8,-0,75,9.1,15000,14.816,29.632,,10,,,0,0,,,,,,,og-post,,,,AAXX 25124 07299 02565 70108 10134 20091 39923 40248 55000 60001 878// 333 60007 82823 87640 90710 91116 93100 555 60005=
07299,2008-09-25 13:00:00,13.6,1025,0.3,75,9.3,15000,11.112,25.928,,10,,,0,,,,,,,,og-post,,,,AAXX 25134 07299 22565 70106 10136 20093 39925 40250 53003 878// 333 60005 82823 87636 90710 91114 93100=
07299,2008-09-25 14:00:00,13.8,1024.9,0.2,80,10.4,15000,11.112,25.928,,360,,,0,,,,,,,,og-post,,,,AAXX 25144 07299 22565 73606 10138 20104 39925 40249 50002 878// 333 60005 82830 87640 90710 91114 93100=
07299,2008-09-25 15:00:00,12.9,1025,0.2,83,10.1,15000,11.112,29.632,,350,,,,,,,,,,25,og-post,,,,AAXX 25154 07299 21565 73506 10129 20101 39925 40250 51002 72586 878// 333 69907 82827 87640 90710 91116 93100 555 69905=
07299,2008-09-25 16:00:00,12.4,1025.4,0.3,84,9.8,15000,18.52,25.928,,350,,,,,,,,,,25,og-post,,,,AAXX 25164 07299 21565 73510 10124 20098 39928 40254 53003 72586 878// 333 69905 81830 87646 90710 91114 93100=
07299,2008-09-25 17:00:00,12.4,1025.7,0.7,84,9.8,15000,11.112,25.928,,360,,,0,,,,,,,,og-post,,,,AAXX 25174 07299 22665 73606 10124 20098 39931 40257 53007 878// 333 60005 81836 87646 90710 91114 93100=
07299,2008-09-25 18:00:00,11.5,1026.2,0.9,86,9.2,15000,11.112,18.52,,350,9,14.3,0,,,,,,,2,og-post,,,,AAXX 25184 07299 01665 73506 10115 20092 39934 40262 52009 69902 70286 8587/ 333 10143 20090 69907 81840 85650 87359 90710 91110 93100 555 60005=
07299,2008-09-25 19:00:00,11.9,1026.5,1,84,9.3,15000,11.112,22.224,,10,,,0,,,,,,,,og-post,,,,AAXX 25194 07299 22665 70106 10119 20093 39938 40265 53010 878// 333 60005 81843 87656 90710 91112 93100=
07299,2008-09-25 20:00:00,11.8,1026.9,1.1,84,9.2,15000,7.408,22.224,,10,,,0,,,,,,,,og-post,,,,AAXX 25204 07299 22665 70104 10118 20092 39942 40269 53011 875// 333 60005 87642 90710 91112 93100=
07299,2008-09-25 21:00:00,11.5,1027.1,0.9,85,9.1,15000,3.704,14.816,,360,,,0,0,,,,,,,og-post,,,,AAXX 25214 07299 22665 73602 10115 20091 39943 40271 51009 875// 333 60007 87638 90710 91108 93100 555 60005=
07299,2008-09-25 22:00:00,10.9,1027.2,0.5,88,9,15000,7.408,14.816,,350,,,0,,,,,,,,og-post,,,,AAXX 25224 07299 22665 73504 10109 20090 39943 40272 51005 875// 333 60005 87636 90710 91108 93100=
07299,2008-09-25 23:00:00,10.6,1027.2,0.1,88,8.7,15000,14.816,22.224,,10,,,0,,,,,,,,og-post,,,,AAXX 25234 07299 22665 70108 10106 20087 39943 40272 51001 875// 333 60005 82636 85656 90710 91112 93100=
07299,2008-09-26 00:00:00,10.5,1027.2,-0.1,87,8.4,15000,18.52,25.928,,10,,,0,0,,,,,,,og-post,,,,AAXX 26004 07299 02665 70110 10105 20084 39943 40272 58001 60001 875// 333 60007 81636 87650 90710 91114 93100 555 60005=
07299,2008-09-26 01:00:00,9.5,1027.6,0.3,92,8.3,12000,14.816,25.928,,10,,,0,,,,,,,,og-post,,,,AAXX 26014 07299 26/62 /0108 10095 20083 39946 40276 53003 333 60005 90710 91114=
07299,2008-09-26 02:00:00,9,1027.5,0.1,93,7.9,8000,18.52,25.928,,360,,,0,,,,,,,,og-post,,,,AAXX 26024 07299 26/58 /3610 10090 20079 39944 40275 50001 333 60005 90710 91114=
07299,2008-09-26 03:00:00,8.3,1027.8,0.4,94,7.4,6000,14.816,25.928,,340,,,0,0,,,,,,,og-post,,,,AAXX 26034 07299 22256 73408 10083 20074 39946 40278 51004 875// 333 60007 87604 90710 91114 93100 555 60005=
07299,2008-09-26 04:00:00,8.6,1028.1,0.2,94,7.7,6000,18.52,22.224,,340,,,0,,,,,,,,og-post,,,,AAXX 26044 07299 22256 73410 10086 20077 39949 40281 53002 875// 333 60005 83605 86640 90710 91112 93100=
07299,2008-09-26 05:00:00,8.4,1028.2,0.7,94,7.5,6000,7.408,25.928,,310,,,0,,,,,,,,og-post,,,,AAXX 26054 07299 22256 73104 10084 20075 39950 40282 51007 875// 333 60005 83605 86646 90710 91114 93100=
07299,2008-09-26 06:00:00,8.4,1028.7,0.9,94,7.5,4500,11.112,18.52,,340,8.1,11.9,0,0,,,0,0,8,10,og-post,,,,AAXX 26064 07299 01245 73406 10084 20075 39955 40287 53009 60002 71022 875// 333 10119 20081 30008 55000 60007 79999 85605 86640 90710 91110 93100 555 60005=
07299,2008-09-26 07:00:00,8.7,1029.2,1.1,93,7.6,5000,14.816,22.224,,330,,,0,,,,,,,,og-post,,,,AAXX 26074 07299 22250 73308 10087 20076 39960 40292 53011 875// 333 60005 85605 86640 90710 91112 93100=
07299,2008-09-26 08:00:00,9.8,1029.1,1,90,8.2,6000,14.816,22.224,,330,,,0,,,,,,,,og-post,,,,AAXX 26084 07299 22256 63308 10098 20082 39961 40291 51010 86500 333 60005 83706 85646 90710 91112 93100=
07299,2008-09-26 09:00:00,11.8,1029,0.6,80,8.5,8000,14.816,25.928,,360,,,0,0,,,,,,,og-post,,,,AAXX 26094 07299 22358 53608 10118 20085 39962 40290 51006 85800 333 60007 81808 84640 90710 91114 93100 555 60005=
07299,2008-09-26 10:00:00,12.4,1028.8,0.1,79,8.9,9000,7.408,22.224,,320,,,0,,,,,,,,og-post,,,,AAXX 26104 07299 22459 73204 10124 20089 39961 40288 50001 878// 333 60005 82815 87640 90710 91112 93100=
07299,2008-09-26 11:00:00,14.5,1028.2,-0.2,60,6.8,18000,7.408,14.816,,350,,,0,,,,,,,,og-post,,,,AAXX 26114 07299 22568 63504 10145 20068 39957 40282 58002 86800 333 60005 82826 85643 90710 91108 93100=
07299,2008-09-26 12:00:00,16.8,1027.8,-0.6,53,7.2,18000,3.704,11.112,,350,,,0,0,,,,,,,og-post,,,,AAXX 26124 07299 02668 53502 10168 20072 39956 40278 58006 60001 85800 333 60007 81836 84650 90710 91106 93100 555 60005=
07299,2008-09-26 13:00:00,15.9,1027.6,-0.8,55,6.9,20000,7.408,14.816,,330,,,0,,,,,,,,og-post,,,,AAXX 26134 07299 22670 43304 10159 20069 39953 40276 57008 84800 333 60005 81843 84650 90710 91108 93100=
07299,2008-09-26 14:00:00,17.1,1027.3,-0.6,46,5.4,25000,14.816,25.928,,80,,,0,,,,,,,,og-post,,,,AAXX 26144 07299 22775 20808 10171 20054 39951 40273 56006 82100 333 60005 82850 90710 91114 93100=
07299,2008-09-26 15:00:00,16.4,1027.8,-0.2,47,5.1,25000,14.816,35.188,,80,,,0,0,,,,,,,og-post,,,,AAXX 26154 07299 22775 20808 10164 20051 39955 40278 55002 82400 333 60007 82656 90710 91119 93100 555 60005=
07299,2008-09-26 16:00:00,16.1,1028,0.4,48,5.1,25000,11.112,31.484,,70,,,0,,,,,,,,og-post,,,,AAXX 26164 07299 22775 20706 10161 20051 39957 40280 53004 82400 333 60005 82656 90710 91117 93100=
07299,2008-09-26 17:00:00,14.4,1028.5,0.8,52,4.7,25000,7.408,22.224,,80,,,0,,,,,,,,og-post,,,,AAXX 26174 07299 22775 10804 10144 20047 39960 40285 53008 81400 333 60005 81650 90710 91112 93100=
07299,2008-09-26 18:00:00,13.7,1029.2,1.2,52,4,25000,14.816,29.632,,80,8.5,17.7,0,0,,,,,,,og-post,,,,AAXX 26184 07299 02775 10808 10137 20040 39966 40292 53012 60002 81400 333 10177 20085 60007 81650 90710 91116 93100 555 60005=
07299,2008-09-26 19:00:00,11.7,1029.9,1.3,62,4.7,20000,7.408,22.224,,80,,,0,,,,,,,,og-post,,,,AAXX 26194 07299 22770 10804 10117 20047 39970 40299 53013 81500 333 60005 81656 90710 91112 93100=
07299,2008-09-26 20:00:00,11.3,1030,1.1,61,4.1,20000,7.408,18.52,,50,,,0,,,,,,,,og-post,,,,AAXX 26204 07299 22970 00504 10113 20041 39971 40300 51011 333 60005 90710 91110 93100=
07299,2008-09-26 21:00:00,8.7,1030.2,0.4,74,4.3,20000,3.704,14.816,,30,,,0,0,,,,,,,og-post,,,,AAXX 26214 07299 22970 00302 10087 20043 39970 40302 50004 333 60007 90710 91108 93100 555 60005=
07299,2008-09-26 22:00:00,6.7,1030.4,-0.1,85,4.4,20000,7.408,11.112,,310,,,0,,,,,,,,og-post,,,,AAXX 26224 07299 22970 03104 10067 20044 39969 40304 58001 333 60005 90710 91106 93100=
07299,2008-09-26 23:00:00,5.6,1030.2,-0.5,87,3.6,20000,7.408,14.816,,310,,,0,,,,,,,,og-post,,,,AAXX 26234 07299 22970 03104 10056 20036 39966 40302 58005 333 60005 90710 91108 93100=
07299,2008-09-27 00:00:00,5.1,1030.1,-0.7,90,3.6,10000,7.408,11.112,,250,,,0,0,,,,,,,og-post,,,,AAXX 27004 07299 02960 02504 10051 20036 39964 40301 57007 60001 333 60007 90710 91106 93100 555 60005=
07299,2008-09-27 01:00:00,3.6,1030.1,-0.7,92,2.4,9000,7.408,11.112,,290,,,0,,,,,,,,og-post,,,,AAXX 27014 07299 26/59 /2904 10036 20024 39962 40301 56007 333 60005 90710 91106=
07299,2008-09-27 02:00:00,3.4,1030.2,-0.3,93,2.4,8000,3.704,11.112,,270,,,0,,,,,,,,og-post,,,,AAXX 27024 07299 26/58 /2702 10034 20024 39963 40302 55003 333 60005 90710 91106=
07299,2008-09-27 03:00:00,2.7,1030.2,-0.2,94,1.8,8000,7.408,7.408,,300,,,0,0,,,,,,,og-post,,,,AAXX 27034 07299 22958 03004 10027 20018 39962 40302 56002 333 60007 90710 91104 93100 555 60005=
07299,2008-09-27 04:00:00,2.6,1030.4,0.2,94,1.7,8000,3.704,7.408,,230,,,0,,,,,,,,og-post,,,,AAXX 27044 07299 22958 02302 10026 20017 39964 40304 53002 333 60005 90710 91104 93100=
07299,2008-09-27 05:00:00,1.7,1030.6,0.2,94,0.8,8000,3.704,7.408,,270,,,0,,,,,,,11,og-post,,,,AAXX 27054 07299 21358 12702 10017 20008 39965 40306 53002 71100 81500 333 60005 81708 90710 91104 93100=
07299,2008-09-27 06:00:00,1.6,1031,0.7,95,0.9,8000,,3.704,,,1.4,13.8,0,0,,,0,4,-1,11,og-post,,,,AAXX 27064 07299 01658 10000 10016 20009 39969 40310 53007 60002 71100 81500 333 10138 20014 30101 55040 60007 70000 81640 90710 91102 93100 555 60005=
07299,2008-09-27 07:00:00,4,1030.6,0.4,96,3.4,7000,,3.704,,,,,0,,,,,,,,og-post,,,,AAXX 27074 07299 22057 30000 10040 20034 39968 40306 50004 83600 333 60005 81701 83636 90710 91102 93100=
07299,2008-09-27 08:00:00,7.5,1030.2,0.3,95,6.8,8000,7.408,14.816,,340,,,0,,,,,,,,og-post,,,,AAXX 27084 07299 22158 23404 10075 20068 39968 40302 51003 82800 333 60005 81703 90710 91108 93100=
07299,2008-09-27 09:00:00,10.1,1029.6,-0.3,82,7.2,12000,3.704,11.112,,20,,,0,0,,,,,,,og-post,,,,AAXX 27094 07299 22362 10202 10101 20072 39966 40296 58003 81130 333 60007 81808 90710 91106 93100 555 60005=
07299,2008-09-27 10:00:00,12.6,1028.5,-1,66,6.4,15000,3.704,11.112,,340,,,0,,,,,,,,og-post,,,,AAXX 27104 07299 22565 13402 10126 20064 39958 40285 58010 81100 333 60005 81820 90710 91106 93100=
07299,2008-09-27 11:00:00,13.7,1028,-1.4,65,7.2,15000,7.408,14.816,,340,,,0,,,,,,,,og-post,,,,AAXX 27114 07299 22565 13404 10137 20072 39954 40280 58014 81100 333 60005 81825 90710 91108 93100=
07299,2008-09-27 12:00:00,15.3,1027.1,-1.9,60,7.6,15000,7.408,18.52,,360,,,0,0,,,,,,,og-post,,,,AAXX 27124 07299 02565 33604 10153 20076 39947 40271 56019 60001 83800 333 60007 81825 90710 91110 93100 555 60005=
07299,2008-09-27 13:00:00,15.6,1026.4,-1.7,62,8.4,15000,7.408,18.52,,330,,,0,,,,,,,,og-post,,,,AAXX 27134 07299 22665 53304 10156 20084 39941 40264 58017 85800 333 60005 83836 84650 90710 91110 93100=
07299,2008-09-27 14:00:00,16.1,1026.2,-1.4,55,7.1,15000,3.704,18.52,,40,,,0,,,,,,,,og-post,,,,AAXX 27144 07299 22765 70402 10161 20071 39939 40262 56014 87800 333 60005 83850 86656 90710 91110 93100=
07299,2008-09-27 15:00:00,16.6,1025.9,-0.9,55,7.5,15000,7.408,18.52,,140,,,0,0,,,,,,,og-post,,,,AAXX 27154 07299 22765 51404 10166 20075 39937 40259 56009 85800 333 60007 82850 85656 90710 91110 93100 555 60005=
07299,2008-09-27 16:00:00,16,1025.9,-0.5,53,6.4,15000,18.52,29.632,,120,,,0,,,,,,,,og-post,,,,AAXX 27164 07299 22765 61210 10160 20064 39936 40259 57005 86800 333 60005 81850 86656 90710 91116 93100=
07299,2008-09-27 17:00:00,15.2,1026.1,-0.3,57,6.7,15000,7.408,29.632,,100,,,0,,,,,,,,og-post,,,,AAXX 27174 07299 22765 71004 10152 20067 39937 40261 55003 87500 333 60005 81650 87656 90710 91116 93100=
07299,2008-09-27 18:00:00,13.9,1026.1,-0.1,66,7.7,15000,7.408,11.112,,40,1.6,16.8,0,0,,,,,,,og-post,,,,AAXX 27184 07299 02765 70404 10139 20077 39936 40261 57001 60002 87500 333 10168 20016 60007 87656 90710 91106 93100 555 60005=
07299,2008-09-27 19:00:00,9.8,1026.7,0.1,85,7.4,15000,,7.408,,,,,0,,,,,,,,og-post,,,,AAXX 27194 07299 22765 30000 10098 20074 39937 40267 52001 83500 333 60005 83656 90710 91104 93100=
07299,2008-09-27 20:00:00,7.7,1027,0.1,88,5.8,15000,3.704,7.408,,230,,,0,,,,,,,,og-post,,,,AAXX 27204 07299 22765 32302 10077 20058 39938 40270 53001 83500 333 60005 83656 90710 91104 93100=
07299,2008-09-27 21:00:00,6.4,1027.1,0.1,92,5.2,13000,3.704,7.408,,210,,,0,0,,,,,,,og-post,,,,AAXX 27214 07299 22763 12102 10064 20052 39937 40271 50001 81500 333 60007 81656 90710 91104 93100 555 60005=
07299,2008-09-27 22:00:00,5.5,1026.9,-0.3,93,4.5,12000,,3.704,,,,,0,,,,,,,,og-post,,,,AAXX 27224 07299 22762 10000 10055 20045 39934 40269 58003 81500 333 60005 81656 90710 91102 93100=
07299,2008-09-27 23:00:00,3.9,1027.1,-0.4,93,2.9,12000,3.704,7.408,,280,,,0,,,,,,,,og-post,,,,AAXX 27234 07299 22962 02802 10039 20029 39934 40271 56004 333 60005 90710 91104 93100=
07299,2008-09-28 00:00:00,3.9,1027,-0.4,94,3,10000,7.408,7.408,,200,,,0,0,,,,,,,og-post,,,,AAXX 28004 07299 02960 02004 10039 20030 39933 40270 56004 60001 333 60007 90710 91104 93100 555 60005=
07299,2008-09-28 01:00:00,4,1027,-0.1,93,3,1200,0,,,0,,,0,,,,,,,,wg-a,,,,AAXX 28014 07299 12/12 /0000 10040 20030 39933 40270 56001 60005 90100=
07299,2008-09-28 02:00:00,4,1026.8,-0.2,93,3,4900,3.704,,,170,,,0,,,,,,,,wg-a,,,,AAXX 28024 07299 12/49 01702 10040 20030 39931 40268 58002 60005 80000 90200=
07299,2008-09-28 03:00:00,2.5,1027,-0.2,95,1.8,7000,,7.408,,,,,0,0,,,,,,,og-post,,,,AAXX 28034 07299 22057 10000 10025 20018 39931 40270 57002 81600 333 60007 81701 90710 91104 93100 555 60005=
07299,2008-09-28 04:00:00,2,1027.1,-0.1,93,1,7000,0,,3.704,0,,,0,,,,,,,11,wg-a,,,,AAXX 28044 07299 12057 /0000 10020 20010 39932 40271 55001 60005 71100 81600 90400 333 91002=
07299,2008-09-28 05:00:00,1,1027.6,0.4,100,1,6000,0,,3.704,0,,,0,,,,,,,11,wg-a,,,,AAXX 28054 07299 12056 /0000 10010 20010 39935 40276 53004 60005 71100 81600 90500 333 91002=
07299,2008-09-28 06:00:00,2.1,1027.7,0.7,96,1.5,2500,3.704,7.408,,210,1.2,13.8,0,0,,,0,7.2,-1,11,og-post,,,,AAXX 28064 07299 01025 12102 10021 20015 39937 40277 53007 60002 71100 81600 333 10138 20012 30101 55072 60007 70000 81701 90710 91104 93100 555 60005=
07299,2008-09-28 07:00:00,5.5,1027.3,0.6,96,4.9,4000,7.408,11.112,,170,,,0,,,,,,,40,og-post,,,,AAXX 28074 07299 21140 11704 10055 20049 39938 40273 51006 74000 81600 333 60005 81702 90710 91106 93100=
07299,2008-09-28 08:00:00,8.7,1027.3,0.7,88,6.8,7000,3.704,11.112,,70,,,0,,,,,,,,og-post,,,,AAXX 28084 07299 22157 10702 10087 20068 39942 40273 53007 81601 333 60005 81702 90710 91106 93100=
07299,2008-09-28 09:00:00,11,1026.6,0,76,6.9,13000,7.408,11.112,,150,,,0,0,,,,,,,og-post,,,,AAXX 28094 07299 22463 21504 10110 20069 39938 40266 50000 81101 333 60007 81810 90710 91106 93100 555 60005=
07299,2008-09-28 10:00:00,13.6,1026.3,0,67,7.6,15000,7.408,14.816,,130,,,0,,,,,,,,og-post,,,,AAXX 28104 07299 22565 31304 10136 20076 39938 40263 50000 81104 333 60005 81821 83076 90710 91108 93100=
07299,2008-09-28 11:00:00,15.1,1025.3,-1.3,62,7.9,18000,3.704,11.112,,50,,,0,,,,,,,,og-post,,,,AAXX 28114 07299 22568 50502 10151 20079 39930 40253 58013 81104 333 60005 81828 85076 90710 91106 93100=
07299,2008-09-28 12:00:00,15.6,1024.6,-1.5,56,6.9,20000,7.408,14.816,,10,,,0,0,,,,,,,og-post,,,,AAXX 28124 07299 02570 50104 10156 20069 39923 40246 58015 60001 81101 333 60007 81830 83171 90710 91108 93100 555 60005=
07299,2008-09-28 13:00:00,17,1023.6,-2.3,53,7.4,23000,3.704,11.112,,20,,,0,,,,,,,,og-post,,,,AAXX 28134 07299 22673 50202 10170 20074 39915 40236 56023 81101 333 60005 81835 85076 90710 91106 93100=
07299,2008-09-28 14:00:00,17.5,1023,-1.9,48,6.4,25000,3.704,11.112,,100,,,0,,,,,,,,og-post,,,,AAXX 28144 07299 22675 41002 10175 20064 39910 40230 56019 81101 333 60005 81840 84076 90710 91106 93100=
07299,2008-09-28 15:00:00,17.2,1022.7,-1.6,50,6.7,28000,7.408,11.112,,10,,,0,0,,,,,,,og-post,,,,AAXX 28154 07299 22678 30104 10172 20067 39907 40227 56016 81401 333 60007 81645 83076 90710 91106 93100 555 60005=
07299,2008-09-28 16:00:00,17.8,1022.4,-1.1,47,6.3,26000,,11.112,,,,,0,,,,,,,,og-post,,,,AAXX 28164 07299 22976 20000 10178 20063 39904 40224 56011 80001 333 60005 82076 90710 91106 93100=
07299,2008-09-28 17:00:00,13.5,1022.7,-0.7,73,8.8,25000,3.704,3.704,,340,,,0,,,,,,,,og-post,,,,AAXX 28174 07299 22975 33402 10135 20088 39903 40227 56007 80001 333 60005 83076 90710 91102 93100=
07299,2008-09-28 18:00:00,9,1023.5,-0.2,87,7,21000,3.704,7.408,,240,2.1,17.8,0,0,,,,,,,og-post,,,,AAXX 28184 07299 02971 42402 10090 20070 39905 40235 55002 60002 81031 333 10178 20021 60007 81366 84076 90710 91104 93100 555 60005=
07299,2008-09-28 19:00:00,8.9,1023.9,0.5,91,7.5,18000,3.704,7.408,,190,,,0,,,,,,,,og-post,,,,AAXX 28194 07299 22668 51902 10089 20075 39909 40239 53005 84501 333 60005 84646 83076 90710 91104 93100=
07299,2008-09-28 20:00:00,9.7,1024,0.8,90,8.1,15000,3.704,7.408,,140,,,0,,,,,,,,og-post,,,,AAXX 28204 07299 22765 71402 10097 20081 39911 40240 52008 875// 333 60005 87650 90710 91104 93100=
07299,2008-09-28 21:00:00,9.3,1024,0.6,89,7.6,15000,3.704,7.408,,150,,,0,0,,,,,,,og-post,,,,AAXX 28214 07299 22665 41502 10093 20076 39911 40240 51006 84500 333 60007 84646 90710 91104 93100 555 60005=
07299,2008-09-28 22:00:00,8.2,1024.1,0.1,91,6.8,6000,7.408,14.816,,170,,,0,,,,,,,,og-post,,,,AAXX 28224 07299 26/56 /1704 10082 20068 39910 40241 50001 333 60005 90710 91108=
07299,2008-09-28 23:00:00,8,1023.6,-0.6,92,6.8,7000,11.112,14.816,,170,,,0,,,,,,,40,og-post,,,,AAXX 28234 07299 21957 01706 10080 20068 39905 40236 58006 74000 333 60005 90710 91108 93100=
07299,2008-09-29 00:00:00,7,1023.3,-1,92,5.8,6000,7.408,14.816,,160,,,0,0,,,,,,40,og-post,,,,AAXX 29004 07299 01956 01604 10070 20058 39901 40233 58010 60001 74011 333 60007 90710 91108 93100 555 60005=
07299,2008-09-29 01:00:00,6.8,1022.9,-1.3,93,5.7,4800,7.408,11.112,,190,,,0,,,,,,,,og-post,,,,AAXX 29014 07299 26/48 /1904 10068 20057 39897 40229 56013 333 60005 90710 91106=
07299,2008-09-29 02:00:00,6.5,1022.4,-1.3,93,5.5,2300,11.112,14.816,,180,,,0,,,,,,,,og-post,,,,AAXX 29024 07299 26/23 /1806 10065 20055 39892 40224 58013 333 60005 90710 91108=
07299,2008-09-29 03:00:00,6.3,1022,-1.3,93,5.3,6000,11.112,14.816,,180,,,0,0,,,,,,40,og-post,,,,AAXX 29034 07299 21956 01806 10063 20053 39888 40220 56013 74000 333 60007 90710 91108 93100 555 60005=
07299,2008-09-29 04:00:00,5.9,1021.8,-1.2,93,4.9,5000,11.112,18.52,,180,,,0,,,,,,,40,og-post,,,,AAXX 29044 07299 21950 01806 10059 20049 39885 40218 56012 74000 333 60005 90710 91110 93100=
07299,2008-09-29 05:00:00,5.2,1021.8,-0.7,94,4.3,4000,11.112,14.816,,180,,,0,,,,,,,40,og-post,,,,AAXX 29054 07299 21940 01806 10052 20043 39884 40218 56007 74000 333 60005 90710 91108 93100=
07299,2008-09-29 06:00:00,5.4,1021.9,-0.3,95,4.7,800,7.408,14.816,,180,5.1,9.8,0,0,,,0,10.6,4,46,og-post,,,,AAXX 29064 07299 01008 71804 10054 20047 39885 40219 55003 60002 74641 87600 333 10098 20051 30004 55106 60007 70000 86701 87707 90710 91108 93100 555 60005=
07299,2008-09-29 07:00:00,7.1,1021.5,-0.1,96,6.5,1200,11.112,22.224,,160,,,0,,,,,,,28,og-post,,,,AAXX 29074 07299 21112 51606 10071 20065 39884 40215 57001 72841 85600 333 60005 85701 90710 91112 93100=
07299,2008-09-29 08:00:00,9.2,1021.1,-0.1,91,7.8,4000,14.816,22.224,,150,,,0,,,,,,,10,og-post,,,,AAXX 29084 07299 21140 11508 10092 20078 39882 40211 58001 71011 81600 333 60005 81702 90710 91112 93100=
07299,2008-09-29 09:00:00,11.6,1020.5,-0.6,83,8.8,7000,11.112,18.52,,150,,,0,0,,,,,,1,og-post,,,,AAXX 29094 07299 21357 11506 10116 20088 39879 40205 58006 70141 81100 333 60007 81806 90710 91110 93100 555 60005=
07299,2008-09-29 10:00:00,14.1,1019.8,-0.9,70,8.7,12000,7.408,18.52,,150,,,0,,,,,,,,og-post,,,,AAXX 29104 07299 22562 51504 10141 20087 39875 40198 58009 81132 333 60005 81820 84073 90710 91110 93100=
07299,2008-09-29 11:00:00,17.2,1018.7,-1.5,57,8.6,15000,7.408,25.928,,220,,,0,,,,,,,,og-post,,,,AAXX 29114 07299 22665 42204 10172 20086 39868 40187 58015 81132 333 60005 81833 90710 91114 93100=
07299,2008-09-29 12:00:00,,,,,,,,,,,,,0,0,0,,,,,,og-post,,,,AAXX 29124 07299 06/// ///// 1//// 2//// 3//// 4//// 6///1 333 6///7 555 6///5=
07299,2008-09-29 13:00:00,,,,,,,,,,,,,0,,,,,,,,og-post,,,,AAXX 29134 07299 1//// 2//// 3//// 4//// 333 6///5=
07299,2008-09-29 14:00:00,,,,,,22000,20.372,35.188,,270,,,0,,,,,,,,og-post,,,,AAXX 29144 07299 22672 72711 1//// 2//// 39851 4//// 81132 333 6///5 81841 87073 90710 91119=
07299,2008-09-29 15:00:00,,,-1.1,,,50000,16.668,35.188,,280,,,0,0,,,,,,0,og-post,,,,AAXX 29154 07299 24984 /2809 1//// 2//// 39847 4//// 57011 700// 333 6///7 90710 91119 555 60005=
07299,2008-09-29 16:00:00,,,,,,30000,11.112,,,290,,,0,,,,,,,,og-post,,,,AAXX 29164 07299 22680 72906 1//// 2//// 39849 4//// 81132 333 6///5 81841 84366 86073=
07299,2008-09-29 17:00:00,,,0.3,,,25000,3.704,12.964,,280,,,0,,,,,,,,og-post,,,,AAXX 29174 07299 22675 72802 1//// 2//// 39854 4//// 52003 81132 333 6///5 81841 84366 85073 90710 91107=
07299,2008-09-29 18:00:00,13,,1,82,10,20000,5.556,9.26,,240,,,0,0,,,,,,,og-post,,,,AAXX 29184 07299 02770 72403 10130 20100 39857 4//// 53010 60002 81132 333 1//// 2//// 60007 81850 86366 90710 91105 93100 555 60005=
07299,2008-09-29 19:00:00,12,,1.1,88,10,18000,5.556,7.408,,270,,,0,,,,,,,,og-post,,,,AAXX 29194 07299 22768 72703 10120 20100 39860 4//// 51011 81132 333 60005 81850 84363 85073 90710 91104 93100=
07299,2008-09-29 20:00:00,12,,0.6,88,10,18000,,7.408,,,,,0,,,,,,,,og-post,,,,AAXX 29204 07299 22768 70000 10120 20100 39860 4//// 51006 82531 333 60005 81650 84362 90710 91104 93100=
07299,2008-09-29 21:00:00,11,,0.3,87,9,16000,,3.704,,,,,0,0,,,,,,,og-post,,,,AAXX 29214 07299 22666 70000 10110 20090 39860 4//// 51003 85531 333 60007 83643 84656 85362 90710 91102 93100 555 60005=
07299,2008-09-29 22:00:00,11,,-0,87,9,15000,,7.408,,,,,0,,,,,,,,og-post,,,,AAXX 29224 07299 22665 50000 10110 20090 39860 4//// 54000 83531 333 60005 81643 83657 90710 91104 93100=
07299,2008-09-29 23:00:00,11,,-0.2,94,10,13000,,9.26,,,,,0,,,,,,,,og-post,,,,AAXX 29234 07299 22663 70000 10110 20100 39858 4//// 58002 85530 333 60005 81643 85657 90710 91105 93100=
07299,2008-09-30 00:00:00,11,,-0.4,87,9,13000,,5.556,,,,,0,0,,,,,,,og-post,,,,AAXX 30004 07299 03663 70000 10110 20090 39856 4//// 58004 60001 86501 333 60007 81645 86657 90710 91103 93100 555 60005=
07299,2008-09-30 03:00:00,10,,,93,9,10000,7.408,14.816,,160,,,0,0,,,,,,,og-post,,,,AAXX 30034 07299 22760 71604 10100 20090 39846 4//// 5//// 86501 333 60007 81650 86657 85075 90710 91108 93100 555 60005=
07299,2008-09-30 04:00:00,11,,,87,9,10000,5.556,11.112,,130,,,0,,,,,,,,og-post,,,,AAXX 30044 07299 22660 71303 10110 20090 39846 4//// 86501 333 60005 81643 86657 87075 90710 91106 93100=
07299,2008-09-30 05:00:00,12,,,82,9,15000,11.112,20.372,,260,,,0,,,,,,,,og-post,,,,AAXX 30054 07299 22665 72606 10120 20090 39846 4//// 5//// 875// 333 60005 82643 87657 90710 91111 93100=
07299,2008-09-30 06:00:00,11.5,,0.1,82,8.5,17000,7.408,20.372,,250,9.5,12,0,0,,,0,34.1,,,og-post,,,,AAXX 30064 07299 02667 82504 10115 20085 39847 4//// 53001 60002 86802 333 10120 20095 30/// 55341 60007 70000 81843 86656 86075 90710 91111 93100 555 60005=
07299,2008-09-30 07:00:00,,,-0.2,,,15000,12.964,18.52,,250,,,0,,,,,,,,og-post,,,,AAXX 30074 07299 22665 72507 1//// 2//// 39844 4//// 58002 86802 333 60005 81843 86657 86075 90710 91110 93100=
07299,2008-09-30 08:00:00,,,-0.3,,,12000,16.668,24.076,,240,,,0,,,,,,,,og-post,,,,AAXX 30084 07299 22862 72409 1//// 2//// 39843 4//// 58003 86832 333 60005 84656 83366 86075 90710 91113 93100=
07299,2008-09-30 09:00:00,,,-0.4,,,12000,12.964,25.928,,270,,,0,0,,,,,,,og-post,,,,AAXX 30094 07299 22562 72707 1//// 2//// 39843 4//// 56004 84832 333 60007 81820 84656 85363 90710 91114 93100 555 60005=
07299,2008-09-30 10:00:00,15.1,1016,-0.5,66,8.8,12000,7.408,16.668,,280,,,0,,,,,,,,og-post,,,,AAXX 30104 07299 22562 72804 10151 20088 39839 40160 58005 84832 333 6///5 81823 83656 85363 90710 91109 93100=
07299,2008-09-30 11:00:00,14.7,1015.8,-0.6,69,9.1,12000,14.816,20.372,,310,,,0,,,,,,,,og-post,,,,AAXX 30114 07299 22562 73108 10147 20091 39837 40158 58006 8487/ 333 6///5 83830 85361 87364 90710 91111 93100=
07299,2008-09-30 12:00:00,14.8,1015.5,-0.9,67,8.7,12000,14.816,27.78,,280,,,0,0,0,,,,,,og-post,,,,AAXX 30124 07299 02562 72808 10148 20087 39834 40155 56009 6///1 8587/ 333 6///7 83832 84649 87361 90710 91115 93100 555 60005=
07299,2008-09-30 13:00:00,16,1014.8,-1.1,60,8.2,15000,22.224,,,270,,,0,,,,,,,,og-post,,,,AAXX 30134 07299 22565 72712 10160 20082 39828 40148 57011 8587/ 333 6///5 83832 83656 87360 93100=
07299,2008-09-30 14:00:00,15.2,1014.5,,61,7.7,15000,18.52,,,250,,,0,,,,,,,,og-post,,,,AAXX 30144 07299 22665 82510 10152 20077 39825 40145 8687/ 333 6///5 84833 84656 87360 93100=
07299,2008-09-30 15:00:00,14.1,1014.2,,68,8.3,15000,18.52,,,270,,,0,0,,,,,,,og-post,,,,AAXX 30154 07299 22665 72710 10141 20083 39821 40142 8587/ 333 6///7 85833 83656 87360 93100 555 6///5=
07299,2008-09-30 16:00:00,13.6,1013.8,-1.2,72,8.6,15000,18.52,37.04,,260,,,0,,,,,,,,og-post,,,,AAXX 30164 07299 22565 72610 10136 20086 39816 40138 58012 8687/ 333 60005 81823 85634 87360 90710 91120 93100=
07299,2008-09-30 17:00:00,12.8,1013.9,-0.9,78,9.1,12000,14.816,27.78,,260,,,0,,,,,,,,og-post,,,,AAXX 30174 07299 22562 72608 10128 20091 39816 40139 56009 8687/ 333 60005 81823 83633 85657 90710 91115 93100=
07299,2008-09-30 18:00:00,12.2,1014.1,-0.3,82,9.2,9000,9.26,31.484,,270,,,0,0,,0,,,,60,og-post,,,,AAXX 30184 07299 01559 82705 10122 20092 39818 40141 55003 6///2 76062 868// 333 1//// 2//// 60007 81823 83633 85657 90710 91117 93100 555 60005=
07299,2008-09-30 20:00:00,,,,,,16000,11.112,,,260,,,0,,,,,,,,og-post,,,,AAXX 30204 07299 22766 82606 1//// 2//// 39819 4//// 8157/ 333 6///5 81650 87361 93100=
07299,2008-09-30 21:00:00,,,,,,16000,25.928,,,250,,,0,0,,,,,,60,og-post,,,,AAXX 30214 07299 21766 82514 1//// 2//// 39816 4//// 76062 8457/ 333 6///7 84656 87361 93100 555 6///5=
07299,2008-09-30 23:00:00,,,,,,20000,18.52,,,250,,,0,,,,,,,21,og-post,,,,AAXX 30234 07299 21770 82510 1//// 2//// 39812 4//// 72162 8387/ 333 6///5 81850 83656 87361 93100=
07299,2008-10-01 01:00:00,,,,,,4400,20.372,,,240,,,0,,,,,,,,og-post,,,,AAXX 01014 07299 26/44 /2411 1//// 2//// 39807 4//// 333 6///5=
07299,2008-10-01 02:00:00,,,,,,35000,20.372,,,240,,,0,,,,,,,,og-post,,,,AAXX 01024 07299 26/81 /2411 1//// 2//// 39803 4//// 333 6///5=
07299,2008-10-01 03:00:00,,,,,,11000,20.372,,,240,,,0,0,,,,,,,og-post,,,,AAXX 01034 07299 26/61 /2411 1//// 2//// 39798 4//// 333 6///7 555 6///5=
07299,2008-10-01 04:00:00,,,,,,4400,20.372,,,240,,,0,,,,,,,,og-post,,,,AAXX 01044 07299 26/44 /2411 1//// 2//// 39793 4//// 333 6///5=
07299,2008-10-01 05:00:00,,,,,,4400,16.668,,,240,,,0,,,,,,,,og-post,,,,AAXX 01054 07299 26/44 /2409 1//// 2//// 39792 4//// 333 6///5=
07299,2008-10-01 06:00:00,,,,,,4400,27.78,,53.708,250,,,0,0,,0,,,,,og-post,,,,AAXX 01064 07299 06/44 /2515 1//// 2//// 39794 4//// 6///2 333 1//// 2//// 55/// 6///7 7//// 91029 555 6///5=
07299,2008-10-01 07:00:00,,,,,,4400,33.336,,53.708,240,,,0,,,,,,,,og-post,,,,AAXX 01074 07299 26/44 /2418 1//// 2//// 39792 4//// 333 6///5 91029=
07299,2008-10-01 08:00:00,,,,,,25000,31.484,,51.856,250,,,0,,,,,,,,og-post,,,,AAXX 01084 07299 26/75 /2517 1//// 2//// 39799 4//// 333 6///5 91028=
07299,2008-10-01 09:00:00,,,,,,35000,31.484,,55.56,250,,,0,0,,,,,,,og-post,,,,AAXX 01094 07299 26/81 /2517 1//// 2//// 39802 4//// 333 6///7 91030 555 6///5=
07299,2008-10-01 10:00:00,14.4,1012.4,,68,8.6,13000,27.78,,,250,,,0,,,,,,,,og-post,,,,AAXX 01104 07299 22563 72515 10144 20086 39803 40124 8683/ 333 6///5 81820 86642 87359 93100=
07299,2008-10-01 11:00:00,,,,,,13000,29.632,,,260,,,0,,,,,,,,og-post,,,,AAXX 01114 07299 22463 72616 1//// 2//// 39802 4//// 878// 333 6///5 81816 87630 93100=
07299,2008-10-01 12:00:00,16.4,1011.1,,61,8.9,20000,25.928,55.56,,260,,,0,0,0,,,,,,og-post,,,,AAXX 01124 07299 02570 72614 10164 20089 39793 40111 6///1 878// 333 6///7 81830 87643 90710 91130 93100 555 60005=
07299,2008-10-01 13:00:00,17.1,1010.7,-1.3,58,8.8,35000,33.336,57.412,57.412,240,,,0,,,,,,,0,og-post,,,,AAXX 01134 07299 24681 72418 10171 20088 39790 40107 58013 700// 333 60005 91031 90710 91131=
07299,2008-10-01 14:00:00,16.8,1010.4,-1.5,59,8.7,18000,27.78,57.412,48.152,250,,,0,,,,,,,,og-post,,,,AAXX 01144 07299 22668 62515 10168 20087 39787 40104 56015 86800 333 6///5 81833 86650 91026 90710 91131 93100=
07299,2008-10-01 15:00:00,,,,,,13000,24.076,,,230,,,0,0,,,,,,,og-post,,,,AAXX 01154 07299 22663 72313 1//// 2//// 39784 4//// 878// 333 6///7 81833 87650 93100 555 6///5=
07299,2008-10-01 16:00:00,15.7,1010.2,-0.6,62,8.4,4400,22.224,40.744,,260,,,0,,,,,,,10,og-post,,,,AAXX 01164 07299 24644 82612 10157 20084 39784 40102 56006 710// 333 60005 90710 91122=
07299,2008-10-01 17:00:00,14.8,1010.3,-0.3,67,8.7,20000,22.224,44.448,,240,,,0,,,,,,,,og-post,,,,AAXX 01174 07299 22570 72412 10148 20087 39784 40103 56003 8683/ 333 60005 81820 83650 85657 90710 91124 93100=
07299,2008-10-01 18:00:00,14.7,1010.5,0.1,66,8.4,20000,16.668,31.484,,240,12.5,17.6,0,0,,0,,,,,og-post,,,,AAXX 01184 07299 02570 72409 10147 20084 39785 40105 53001 6///2 8683/ 333 10176 20125 6///7 81820 85657 85363 90710 91117 93100 555 6///5=
07299,2008-10-01 19:00:00,,,,,,20000,16.668,,,250,,,0,,,,,,,,og-post,,,,AAXX 01194 07299 22570 72509 1//// 2//// 39784 4//// 8683/ 333 6///5 81820 86656 87363 93100=
07299,2008-10-01 20:00:00,15.1,1010.4,0.1,62,7.9,20000,20.372,38.892,,240,,,0,,,,,,,,og-post,,,,AAXX 01204 07299 22570 82411 10151 20079 39785 40104 52001 8683/ 333 6///5 81820 83640 85657 90710 91121 93100=
07299,2008-10-01 21:00:00,14.9,1010.3,-0.1,64,8.1,20000,12.964,27.78,,230,,,0,0,,,,,,,og-post,,,,AAXX 01214 07299 22570 82307 10149 20081 39784 40103 57001 8683/ 333 6///7 81820 83646 85656 90710 91115 93100 555 60005=
07299,2008-10-01 22:00:00,14.6,1010.4,0,68,8.8,15000,14.816,31.484,,240,,,,,,,,,,21,og-post,,,,AAXX 01224 07299 21565 82408 10146 20088 39784 40104 50000 72162 8683/ 333 69905 81820 83635 85657 90710 91117 93100=
07299,2008-10-01 23:00:00,13.3,1010.7,0.1,79,9.7,15000,7.408,46.3,,260,,,0,,,,,,,,og-post,,,,AAXX 01234 07299 22565 82604 10133 20097 39786 40107 53001 8683/ 333 60005 81820 83635 85650 90710 91125 93100=
07299,2008-10-02 00:00:00,13.9,1010.4,0,74,9.3,15000,18.52,38.892,,230,,,0,,0,,,,,3,og-post,,,,AAXX 02004 07299 01565 82310 10139 20093 39784 40104 50000 6///1 70362 8683/ 333 69907 81820 83636 85650 90710 91121 93100 555 60005=
07299,2008-10-02 01:00:00,13.3,1010.2,-0.3,77,9.4,4400,20.372,38.892,,230,,,0,,,,,,,10,og-post,,,,AAXX 02014 07299 24744 62311 10133 20094 39781 40102 58003 710// 333 60005 90710 91121=
07299,2008-10-02 02:00:00,12.9,1009.9,-0.8,77,9,4400,12.964,35.188,,230,,,0,,,,,,,10,og-post,,,,AAXX 02024 07299 24544 82307 10129 20090 39778 40099 58008 710// 333 60005 90710 91119=
07299,2008-10-02 03:00:00,12.9,1009.6,-0.9,75,8.6,15000,16.668,25.928,,230,,,0,0,,,,,,1,og-post,,,,AAXX 02034 07299 21565 62309 10129 20086 39775 40096 57009 701// 8453/ 333 60007 83631 85358 90710 91114 93100 555 60005=
07299,2008-10-02 04:00:00,12.5,1009.4,-0.9,77,8.6,15000,14.816,27.78,,250,,,0,,,,,,,,og-post,,,,AAXX 02044 07299 22565 52508 10125 20086 39772 40094 57009 8253/ 333 60005 82631 84358 90710 91115 93100=
07299,2008-10-02 05:00:00,12.2,1009,-1,78,8.5,20000,12.964,27.78,,250,,,0,,,,,,,,og-post,,,,AAXX 02054 07299 22570 62507 10122 20085 39768 40090 58010 82530 333 60005 82631 85358 90710 91115 93100=
07299,2008-10-02 06:00:00,12.5,1009.1,-0.6,79,9,11000,16.668,27.78,,260,9.6,15.2,,,,0,,1.7,11,61,og-post,,,,AAXX 02064 07299 01561 72609 10125 20090 39769 40091 55006 6///2 761// 86830 333 10152 20117 31011 55017 69907 7//// 81820 85650 87358 90710 91115 93100 555 69905=
07299,2008-10-02 07:00:00,9.6,1010.9,1.2,92,8.4,6000,16.668,46.3,,280,,,2,,,,,,,61,og-post,,,,AAXX 02074 07299 21456 72809 10096 20084 39784 40109 53012 76166 878// 333 60025 81815 87630 90710 91125 93100=
07299,2008-10-02 08:00:00,10.8,1011.1,1.9,88,8.9,20000,11.112,29.632,,270,,,,,,,,,,21,og-post,,,,AAXX 02084 07299 21570 72706 10108 20089 39787 40111 53019 72162 878// 333 69905 81820 85631 90710 91116 93100=
07299,2008-10-02 09:00:00,12.6,1010.9,1.8,73,7.9,20000,16.668,38.892,,250,,,0,2,,,,,,3,og-post,,,,AAXX 02094 07299 21570 52509 10126 20079 39787 40109 51018 70362 8384/ 333 60027 81828 83656 90710 91121 93100 555 60005=
07299,2008-10-02 10:00:00,13.4,1010.5,0,71,8.2,30000,11.112,35.188,,290,,,0,,,,,,,,og-post,,,,AAXX 02104 07299 22580 72906 10134 20082 39784 40105 50000 878// 333 6///5 82830 87646 90710 91119 93100=
07299,2008-10-02 11:00:00,14.3,1010.1,-0.6,57,5.9,20000,20.372,46.3,,250,,,0,,,,,,,,og-post,,,,AAXX 02114 07299 22670 72511 10143 20059 39781 40101 58006 878// 333 60005 81836 87650 90710 91125 93100=
07299,2008-10-02 12:00:00,14.7,1009.5,-1.2,52,4.9,30000,24.076,40.744,,250,,,0,0,2,,,,,1,og-post,,,,AAXX 02124 07299 01680 72513 10147 20049 39775 40095 58012 60021 70162 8383/ 333 60007 81843 83650 86364 90710 91122 93100 555 60005=
07299,2008-10-02 13:00:00,14,1009.2,-1.2,53,4.6,30000,20.372,38.892,,260,,,0,,,,,,,,og-post,,,,AAXX 02134 07299 22680 72611 10140 20046 39772 40092 57012 878// 333 60005 81843 87650 90710 91121 93100=
07299,2008-10-02 14:00:00,14.2,1009.2,-0.9,55,5.3,30000,18.52,37.04,,270,,,0,,,,,,,,og-post,,,,AAXX 02144 07299 22680 72710 10142 20053 39772 40092 56009 878// 333 60005 81843 87656 90710 91120 93100=
07299,2008-10-02 15:00:00,12.8,1009.4,-0.3,66,6.6,30000,14.816,33.336,,260,,,0,0,,,,,,25,og-post,,,,AAXX 02154 07299 21680 72608 10128 20066 39772 40094 56003 72586 878// 333 6///7 81833 87643 90710 91118 93100 555 6///5=
07299,2008-10-02 16:00:00,13.7,1008.9,-0.3,59,5.8,30000,18.52,29.632,,260,,,0,,,,,,,,og-post,,,,AAXX 02164 07299 22680 72610 10137 20058 39769 40089 58003 8183/ 333 60005 81833 87363 90710 91116 93100=
07299,2008-10-02 17:00:00,12.4,1008.6,-0.8,61,5.1,30000,9.26,29.632,,260,,,0,,,,,,,,og-post,,,,AAXX 02174 07299 22680 72605 10124 20051 39764 40086 58008 8183/ 333 6///5 81833 87363 90710 91116 93100=
07299,2008-10-02 18:00:00,,,,,,20000,5.556,,,160,,14,0,0,,0,,,,1,og-post,,,,AAXX 02184 07299 01670 71603 1//// 2//// 39768 4//// 6///2 70186 8127/ 333 1//// 2//// 6///7 81833 87363 93100 555 6///5=
07299,2008-10-02 19:00:00,,,,,,18000,9.26,,,160,,,0,,,,,,,,og-post,,,,AAXX 02194 07299 22668 71605 1//// 2//// 39768 4//// 878// 333 6///5 81833 87656 93100=
07299,2008-10-02 20:00:00,10.7,1009.7,0.9,72,5.9,18000,,12.964,,,,,0,,,,,,,,og-post,,,,AAXX 02204 07299 22668 60000 10107 20059 39773 40097 53009 85830 333 60005 81833 83650 85358 90710 91107 93100=
07299,2008-10-02 21:00:00,10.3,1009.7,0.5,79,6.8,18000,,7.408,,,,,0,0,,,,,,,og-post,,,,AAXX 02214 07299 22568 70000 10103 20068 39773 40097 52005 875// 333 60007 83633 87649 90710 91104 93100 555 60005=
07299,2008-10-03 00:00:00,8,1010.3,0.3,91,6.6,60000,3.704,11.112,,240,,,0,0,0,,,,,0,og-post,,,,AAXX 03004 07299 04586 82402 10080 20066 39776 40103 50003 6///1 700// 333 6///7 90710 91106 555 60005=
07299,2008-10-03 02:00:00,8.4,1009.9,-0.5,91,7,50000,1.852,7.408,,310,,,0,,,,,,,0,og-post,,,,AAXX 03024 07299 24584 83101 10084 20070 39772 40099 57005 700// 333 60005 90710 91104=
07299,2008-10-03 03:00:00,8.2,1009.7,-0.6,92,7,13000,7.408,14.816,,260,,,0.2,0.2,,,,,,21,og-post,,,,AAXX 03034 07299 21663 72604 10082 20070 39770 40097 57006 721// 875// 333 69927 83634 87650 90710 91108 93100 555 69925=
07299,2008-10-03 04:00:00,7.8,1009.8,-0.3,90,6.3,8000,7.408,14.816,,270,,,1,,,,,,,61,og-post,,,,AAXX 03044 07299 21658 72704 10078 20063 39771 40098 55003 76162 875// 333 60015 87640 90710 91108 93100=
07299,2008-10-03 05:00:00,7.7,1009.7,-0.2,93,6.6,10000,7.408,11.112,,160,,,0.2,,,,,,,61,og-post,,,,AAXX 03054 07299 21460 71604 10077 20066 39770 40097 56002 76166 878// 333 69925 81810 83620 87633 90710 91106 93100=
07299,2008-10-03 06:00:00,7.2,1010.4,0.6,90,5.7,7000,14.816,24.076,,240,7.2,11.1,1,2,,3,4.4,1.5,6,61,og-post,,,,AAXX 03064 07299 01457 72408 10072 20057 39776 40104 53006 60032 761// 878// 333 10111 20072 32006 55015 60027 70044 81810 84636 87646 90710 91113 93100 555 60015=
07299,2008-10-03 07:00:00,7.3,1011.1,1.2,91,5.9,20000,5.556,16.668,,190,,,0.6,,,,,,,21,og-post,,,,AAXX 03074 07299 21470 71903 10073 20059 39783 40111 53012 72162 878// 333 69965 81810 85633 87656 90710 91109 93100=
07299,2008-10-03 08:00:00,8.1,1011.6,1.8,85,5.7,20000,9.26,20.372,,250,,,0,,,,,,,15,og-post,,,,AAXX 03084 07299 21470 72505 10081 20057 39788 40116 51018 71522 878// 333 60005 81810 83633 86657 90710 91111 93100=
07299,2008-10-03 09:00:00,8.5,1011.8,,83,5.8,12000,7.408,,,270,,,0,0.6,,,,,,16,og-post,,,,AAXX 03094 07299 21462 72704 10085 20058 39791 40118 71662 878// 333 69967 81810 85820 93100 555 60005=
07299,2008-10-03 10:00:00,,,,,,12000,14.816,,,270,,,0,,,,,,,25,og-post,,,,AAXX 03104 07299 21462 72708 1//// 2//// 39796 4//// 72586 878// 333 6///5 81810 86640 93100=
07299,2008-10-03 11:00:00,,,,,,20000,12.964,,,250,,,0,,,,,,,,og-post,,,,AAXX 03114 07299 22470 72507 1//// 2//// 39799 4//// 878// 333 6///5 83815 85643 93100=
07299,2008-10-03 12:00:00,,,,,,20000,14.816,,,270,,,0,0,0,,,,,25,og-post,,,,AAXX 03124 07299 01570 52708 1//// 2//// 39795 4//// 6///1 72586 85800 333 6///7 83820 83650 93100 555 6///5=
07299,2008-10-03 13:00:00,11.5,1011.7,-0.3,70,6.2,20000,20.372,38.892,,250,,,0.2,,,,,,,25,og-post,,,,AAXX 03134 07299 21570 32511 10115 20062 39793 40117 58003 72586 83800 333 69925 82823 90710 91121 93100=
07299,2008-10-03 14:00:00,11.7,1012,-0.3,68,6,20000,11.112,51.856,,260,,,,,,,,,,25,og-post,,,,AAXX 03144 07299 21670 42606 10117 20060 39796 40120 55003 72586 84800 333 69905 82836 83656 90710 91128 93100=
07299,2008-10-03 15:00:00,12.5,1011.6,-0.2,59,4.7,30000,14.816,35.188,,240,,,0,0.2,,,,,,3,og-post,,,,AAXX 03154 07299 21680 62408 10125 20047 39793 40116 58002 70386 86800 333 69927 82836 86656 90710 91119 93100 555 60005=
07299,2008-10-03 16:00:00,9.6,1012.2,0.3,74,5.2,20000,11.112,35.188,,270,,,0,,,,,,,16,og-post,,,,AAXX 03164 07299 21670 52706 10096 20052 39796 40122 52003 71622 85800 333 60005 82836 84657 90710 91119 93100=
07299,2008-10-03 17:00:00,8.6,1012.6,0.3,76,4.6,30000,9.26,20.372,,250,,,0,,,,,,,,og-post,,,,AAXX 03174 07299 22680 22505 10086 20046 39799 40126 53003 82800 333 60005 81836 90710 91111 93100=
07299,2008-10-03 18:00:00,6.7,1013.2,0.9,86,4.5,20000,5.556,18.52,,150,6.7,12.5,0,0,,2,,,,3,og-post,,,,AAXX 03184 07299 01570 31503 10067 20045 39802 40132 52009 60022 70386 83900 333 10125 20067 60007 81930 90710 91110 93100 555 60005=
07299,2008-10-03 19:00:00,7.1,1014.2,1.6,81,4.1,20000,16.668,38.892,,260,,,0,,,,,,,,og-post,,,,AAXX 03194 07299 22570 72609 10071 20041 39812 40142 53016 878// 333 60005 81830 87640 90710 91121 93100=
07299,2008-10-03 20:00:00,6.8,1014.7,1.8,84,4.3,20000,18.52,31.484,,240,,,,,,,,,,80,og-post,,,,AAXX 03204 07299 21570 62410 10068 20043 39817 40147 53018 78086 82860 333 69905 81830 86357 90710 91117 93100=
07299,2008-10-03 21:00:00,6.9,1015.2,2,85,4.6,20000,18.52,37.04,,250,,,,,,,,,,25,og-post,,,,AAXX 03214 07299 21570 72510 10069 20046 39822 40152 51020 72586 878// 333 69907 81825 86646 90710 91120 93100 555 69905=
07299,2008-10-03 22:00:00,6.8,1015.7,1.5,87,4.8,20000,20.372,33.336,,260,,,0,,,,,,,,og-post,,,,AAXX 03224 07299 22570 72611 10068 20048 39827 40157 52015 8386/ 333 60005 81830 83650 85359 90710 91118 93100=
07299,2008-10-03 23:00:00,7,1016,1.3,87,5,20000,20.372,35.188,,250,,,0,,,,,,,,og-post,,,,AAXX 03234 07299 22570 72511 10070 20050 39830 40160 51013 878// 333 60005 81830 87650 90710 91119 93100=
07299,2008-10-04 00:00:00,6.5,1016.4,1.1,87,4.5,20000,18.52,31.484,,250,,,0,0,,,,,,1,og-post,,,,AAXX 04004 07299 01570 52510 10065 20045 39833 40164 51011 69901 70186 83860 333 60007 81830 83650 90710 91117 93100 555 60005=
07299,2008-10-04 01:00:00,6.2,1016.7,0.8,88,4.4,40000,16.668,29.632,,250,,,0,,,,,,,0,og-post,,,,AAXX 04014 07299 24982 /2509 10062 20044 39835 40167 52008 700// 333 60005 90710 91116=
07299,2008-10-04 02:00:00,6.9,1016.6,0.5,86,4.7,35000,12.964,25.928,,230,,,0,,,,,,,61,og-post,,,,AAXX 04024 07299 24481 82307 10069 20047 39835 40166 51005 761// 333 60005 90710 91114=
07299,2008-10-04 03:00:00,6.7,1016.9,0.5,85,4.4,20000,20.372,35.188,,250,,,0.2,0.2,,,,,,80,og-post,,,,AAXX 04034 07299 21470 72511 10067 20044 39838 40169 53005 780// 878// 333 69927 81815 87656 90710 91119 93100 555 69925=
07299,2008-10-04 04:00:00,6.7,1017.4,0.8,84,4.2,20000,16.668,35.188,,250,,,,,,,,,,3,og-post,,,,AAXX 04044 07299 21470 72509 10067 20042 39843 40174 53008 70386 878// 333 69905 81815 85620 87656 90710 91119 93100=
07299,2008-10-04 05:00:00,6.5,1017.9,1.2,85,4.2,20000,14.816,33.336,,250,,,0,,,,,,,,og-post,,,,AAXX 04054 07299 22470 72508 10065 20042 39847 40179 53012 878// 333 60005 81815 85620 85656 90710 91118 93100=
07299,2008-10-04 06:00:00,6.6,1018.5,1.5,89,4.9,15000,22.224,37.04,,250,6.1,7.3,,,,0.2,2.2,2.9,5,80,og-post,,,,AAXX 04064 07299 01465 72512 10066 20049 39853 40185 53015 69922 780// 878// 333 10073 20061 31005 55029 69907 70022 81815 85633 85650 90710 91120 93100 555 69905=
07299,2008-10-04 07:00:00,7,1019.5,2.1,91,5.6,18000,18.52,33.336,,250,,,0.2,,,,,,,80,og-post,,,,AAXX 04074 07299 21468 72510 10070 20056 39864 40195 53021 78086 878// 333 69925 81813 83631 86656 90710 91118 93100=
07299,2008-10-04 08:00:00,7.7,1020.7,2.9,88,5.8,14000,16.668,29.632,,270,,,,,,,,,,80,og-post,,,,AAXX 04084 07299 21464 72709 10077 20058 39876 40207 53029 78086 878// 333 69905 81815 84636 86656 90710 91116 93100=
07299,2008-10-04 09:00:00,9.5,1021,2.8,81,6.4,30000,14.816,22.224,,270,,,,0.2,,,,,,25,og-post,,,,AAXX 04094 07299 21480 72708 10095 20064 39881 40210 51028 72586 8583/ 333 69927 82816 83643 85357 90710 91112 93100 555 69905=
07299,2008-10-04 12:00:00,8.7,1021.9,0.8,86,6.5,7000,18.52,40.744,,260,,,0.4,0.4,0.6,,,,,80,og-post,,,,AAXX 04124 07299 01457 72610 10087 20065 39889 40219 51008 69961 78086 873// 333 69947 81813 85823 81925 85641 90710 91122 93100 555 69945=
07299,2008-10-04 15:00:00,11.5,1021.3,-0.3,58,3.5,50000,14.816,27.78,,260,,,0,1,,,,,,14,og-post,,,,AAXX 04154 07299 21584 52608 10115 20035 39886 40213 58003 71482 82231 333 60017 81823 83358 90710 91115 93100 555 60005=
07299,2008-10-04 18:00:00,5.9,1022.4,0.4,86,3.7,30000,,5.556,,,5.9,12.2,0,0,,2,,,,1,og-post,,,,AAXX 04184 07299 01680 60000 10059 20037 39890 40224 53004 60022 70186 81431 333 10122 20059 60007 81636 85076 90710 91103 93100 555 60005=
07299,2008-10-04 21:00:00,3.2,1022.9,0.2,92,2,20000,1.852,9.26,,200,,,0,0,,,,,,,og-post,,,,AAXX 04214 07299 22/70 32001 10032 20020 39892 40229 50002 80001 333 60007 83073 90710 91105 93100 555 60005=
07299,2008-10-05 00:00:00,2.5,1021.7,-1.3,94,1.6,20000,7.408,11.112,,120,,,0,0,,,,,,,og-post,,,,AAXX 05004 07299 02/70 51204 10025 20016 39879 40217 56013 60001 80001 333 60007 85073 90710 91106 93100 555 60005=
07299,2008-10-05 03:00:00,1.8,1020.4,-1.3,96,1.2,12000,7.408,12.964,,160,,,0,0,,,,,,0,og-post,,,,AAXX 05034 07299 21/62 21604 10018 20012 39866 40204 58013 700// 80001 333 60007 82073 90710 91107 93100 555 60005=
07299,2008-10-05 06:00:00,,,,,,30000,9.26,,,170,,,0,0,,0,,2.4,,,og-post,,,,AAXX 05064 07299 02180 51705 1//// 2//// 39856 4//// 6///2 81631 333 1//// 2//// 31/// 55024 6///7 7//// 81703 84073 93100 555 6///5=
07299,2008-10-05 09:00:00,8.7,1017.9,-0.6,75,4.5,15000,11.112,20.372,,150,,,0,0,,,,,,,og-post,,,,AAXX 05094 07299 22465 71506 10087 20045 39850 40179 56006 81131 333 60007 81810 87073 90710 91111 93100 555 60005=
07299,2008-10-05 12:00:00,14.7,1014.6,-2.5,49,4.1,55000,16.668,25.928,,120,,,0,0,,,,,,,og-post,,,,AAXX 05124 07299 02985 71209 10147 20041 39825 40146 58025 60001 81042 333 60007 81360 87073 90710 91114 93100 555 60005=
07299,2008-10-05 15:00:00,15.4,1012.9,-1.6,53,5.9,55000,7.408,18.52,,110,,,0,0,,,,,,,og-post,,,,AAXX 05154 07299 22985 71104 10154 20059 39809 40129 56016 82046 333 60007 81359 87273 90710 91110 93100 555 60005=
07299,2008-10-05 18:00:00,10.9,1013.5,0.1,82,7.9,50000,5.556,7.408,,250,2.3,16.3,0,0,,,,,,14,og-post,,,,AAXX 05184 07299 01784 72503 10109 20079 39810 40135 53001 60002 71422 8117/ 333 10163 20023 60007 81650 87360 90710 91104 93100 555 60005=
07299,2008-10-05 21:00:00,10.9,1014.8,1.3,88,9,25000,9.26,14.816,,110,,,0.2,0.4,,,,,,21,og-post,,,,AAXX 05214 07299 21675 71105 10109 20090 39823 40148 51013 72162 8657/ 333 69947 82640 85650 87357 90710 91108 93100 555 69925=
07299,2008-10-06 00:00:00,11.4,1015.5,0.7,84,8.8,25000,7.408,18.52,,190,,,0,0,0.4,,,,,16,og-post,,,,AAXX 06004 07299 01675 71904 10114 20088 39830 40155 53007 69941 71662 878// 333 60007 81833 87642 90710 91110 93100 555 60005=
07299,2008-10-06 03:00:00,10.9,1015.6,0.1,89,9.2,35000,3.704,16.668,,60,,,0,,,,,,,1,og-post,,,,AAXX 06034 07299 21681 30602 10109 20092 39831 40156 50001 701// 82530 333 69907 82640 90710 91109 93100 555 60005=
07299,2008-10-06 06:00:00,9.9,1017.4,1.6,94,9,35000,3.704,11.112,,150,8.5,14.6,0,0,,0.4,0.4,8.3,6,1,og-post,,,,AAXX 06064 07299 01581 61502 10099 20090 39847 40174 53016 69942 701// 83830 333 10146 20085 31006 55083 60007 70004 81830 83640 85357 90710 91106 93100 555 60005=
07299,2008-10-06 09:00:00,16.9,1017.9,1.3,67,10.7,35000,18.52,31.484,,260,,,0,0,,,,,,,og-post,,,,AAXX 06094 07299 22681 62610 10169 20107 39860 40179 51013 85830 333 60007 81840 85656 90710 91117 93100 555 60005=
07299,2008-10-06 12:00:00,16.1,1018.8,0.8,76,11.9,20000,12.964,35.188,,270,,,0,0,0,,,,,,og-post,,,,AAXX 06124 07299 02670 72707 10161 20119 39868 40188 51008 6///1 878// 333 6///7 82835 87650 90710 91119 93100 555 60005=
07299,2008-10-06 15:00:00,14.8,1018.7,-0.3,88,12.8,7000,11.112,16.668,,330,,,0.8,0.8,,,,,,80,og-post,,,,AAXX 06154 07299 21457 73306 10148 20128 39865 40187 55003 78086 878// 333 69987 81815 83830 87650 90710 91109 93100 555 69985=
07299,2008-10-06 17:00:00,13,1019.5,0.9,94,12.1,9000,1.852,14.816,,60,,,0.6,,,,,,,60,og-post,,,,AAXX 06174 07299 21459 70601 10130 20121 39871 40195 52009 76062 878// 333 69965 81710 87646 90710 91108 93100=
07299,2008-10-06 18:00:00,12.9,1019.8,0.9,97,12.4,8000,5.556,9.26,,110,9.8,18,1,2,,0,,,,60,og-post,,,,AAXX 06184 07299 01458 71103 10129 20124 39874 40198 51009 6///2 76086 878// 333 10180 20098 60027 81810 85616 87644 90710 91105 93100 555 60015=
07299,2008-10-06 19:00:00,12.9,1020,0.7,97,12.4,12000,3.704,9.26,,140,,,,,,,,,,60,og-post,,,,AAXX 06194 07299 21462 71402 10129 20124 39876 40200 52007 76062 878// 333 69905 81810 84614 87627 90710 91105 93100=
07299,2008-10-06 20:00:00,13,1020.1,0.6,98,12.7,6000,5.556,7.408,,140,,,0.2,,,,,,,60,og-post,,,,AAXX 06204 07299 21456 71403 10130 20127 39877 40201 51006 76066 878// 333 69925 81810 83616 87623 90710 91104 93100=
07299,2008-10-06 21:00:00,13.2,1020.1,0.3,97,12.7,12000,7.408,11.112,,150,,,,0.2,,,,,,21,og-post,,,,AAXX 06214 07299 21462 71504 10132 20127 39877 40201 51003 72162 878// 333 69927 81813 83623 87635 90710 91106 93100 555 69905=
07299,2008-10-06 22:00:00,13.3,1020,0,98,13,4000,7.408,12.964,,160,,,0.6,,,,,,,60,og-post,,,,AAXX 06224 07299 21440 71604 10133 20130 39876 40200 50000 76062 878// 333 69965 81813 87626 90710 91107 93100=
07299,2008-10-06 23:00:00,13,1020,-0.1,98,12.7,6000,9.26,12.964,,150,,,,,,,,,,21,og-post,,,,AAXX 06234 07299 21456 71505 10130 20127 39876 40200 57001 72162 8583/ 333 69905 81813 85626 87357 90710 91107 93100=
07299,2008-10-07 00:00:00,13,1020,-0.1,98,12.7,6000,7.408,11.112,,160,,,0,0.6,0.8,,,,,3,og-post,,,,AAXX 07004 07299 01456 71604 10130 20127 39876 40200 56001 69981 70362 878// 333 69967 81813 85626 87650 90710 91106 93100 555 60005=
07299,2008-10-07 01:00:00,11.5,1020.2,-0,96,10.9,100,,11.112,,,,,0,,,,,,,45,og-post,,,,AAXX 07014 07299 24501 /0000 10115 20109 39876 40202 54000 745// 333 60005 90710 91106=
07299,2008-10-07 02:00:00,10,1020.1,-0.3,97,9.5,300,5.556,9.26,,180,,,0,,,,,,,45,og-post,,,,AAXX 07024 07299 24003 /1803 10100 20095 39873 40201 58003 745// 333 60005 90710 91105=
07299,2008-10-07 03:00:00,11.1,1019.8,-0.4,99,10.9,100,7.408,9.26,,170,,,0,0,,,,,,45,og-post,,,,AAXX 07034 07299 21/01 91704 10111 20109 39872 40198 57004 745// 333 60007 90710 91105 93100 555 60005=
07299,2008-10-07 04:00:00,10.9,1019.7,-0.6,99,10.7,400,5.556,11.112,,200,,,0.2,,,,,,,43,og-post,,,,AAXX 07044 07299 21/04 92003 10109 20107 39870 40197 56006 74344 333 69925 90710 91106 93100=
07299,2008-10-07 05:00:00,10.7,1019.4,-0.6,100,10.7,4500,11.112,14.816,,170,,,0,,,,,,,28,og-post,,,,AAXX 07054 07299 21045 51706 10107 20107 39867 40194 58006 72842 83530 333 60005 81701 83650 90710 91108 93100=
07299,2008-10-07 06:00:00,10.3,1019.1,-0.8,99,10.1,3000,9.26,12.964,,170,9.6,13.3,0,0.2,,1,,,7,10,og-post,,,,AAXX 07064 07299 01030 61705 10103 20101 39864 40191 58008 60012 710// 83830 333 10133 20096 32007 55/// 69927 7//// 81701 83650 90710 91107 93100 555 60005=
07299,2008-10-07 07:00:00,10.7,1019,-0.7,99,10.5,8000,9.26,16.668,,180,,,0,,,,,,,,og-post,,,,AAXX 07074 07299 22058 61805 10107 20105 39863 40190 56007 83830 333 60005 81701 85361 90710 91109 93100=
07299,2008-10-07 08:00:00,11.9,1018.6,-0.6,99,11.7,8000,5.556,,,190,,,0,,,,,,,,og-post,,,,AAXX 07084 07299 22158 61903 10119 20117 39861 40186 56006 83830 333 6///5 81702 83656 85368 93100=
07299,2008-10-07 09:00:00,14.1,1017.9,-0.7,90,12.5,10000,9.26,12.964,,150,,,0,0,,,,,,,og-post,,,,AAXX 07094 07299 22260 61505 10141 20125 39857 40179 58007 83830 333 60007 81804 85370 90710 91107 93100 555 60005=
07299,2008-10-07 10:00:00,15.7,1017.2,-1.1,85,13.2,15000,9.26,14.816,,110,,,0,,,,,,,,og-post,,,,AAXX 07104 07299 22465 61105 10157 20132 39852 40172 58011 82830 333 60005 81816 86370 90710 91108 93100=
07299,2008-10-07 11:00:00,17.7,1016.6,-1.3,77,13.6,15000,9.26,20.372,,100,,,0,,,,,,,,og-post,,,,AAXX 07114 07299 22565 61005 10177 20136 39848 40166 57013 81230 333 60005 81820 84360 90710 91111 93100=
07299,2008-10-07 12:00:00,19.5,1015.6,-1.7,68,13.4,55000,11.112,18.52,,130,,,0,0,,,,,,0,og-post,,,,AAXX 07124 07299 04985 71306 10195 20134 39840 40156 58017 60001 700// 333 60007 90710 91110 555 60005=
07299,2008-10-07 13:00:00,19.9,1015.2,-1.5,65,13.1,25000,5.556,16.668,,120,,,0,,,,,,,,og-post,,,,AAXX 07134 07299 22575 71203 10199 20131 39837 40152 56015 81230 333 60005 81830 86362 90710 91109 93100=
07299,2008-10-07 14:00:00,19.7,1014.9,-1.4,64,12.7,25000,11.112,16.668,,80,,,0,,,,,,,,og-post,,,,AAXX 07144 07299 22675 70806 10197 20127 39834 40149 56014 81230 333 60005 81833 87361 90710 91109 93100=
07299,2008-10-07 15:00:00,19.7,1014.4,-1.1,67,13.4,25000,9.26,20.372,,90,,,,,,,,,,25,og-post,,,,AAXX 07154 07299 21675 70905 10197 20134 39829 40144 58011 72586 81230 333 69907 81833 83358 87361 90710 91111 93100 555 69905=
07299,2008-10-07 16:00:00,18.5,1013.8,-1.5,73,13.6,25000,11.112,20.372,,110,,,0,,,,,,,,og-post,,,,AAXX 07164 07299 22675 71106 10185 20136 39822 40138 58015 81230 333 60005 81833 83359 87361 90710 91111 93100=
07299,2008-10-07 17:00:00,17.4,1013.7,-1.4,79,13.7,25000,9.26,20.372,,110,,,0,,,,,,,,og-post,,,,AAXX 07174 07299 22675 71105 10174 20137 39820 40137 56014 81130 333 60005 81833 87363 90710 91111 93100=
07299,2008-10-07 18:00:00,16.4,1014.3,-0.5,80,12.9,25000,5.556,18.52,,110,10.3,20.5,0,0,,,,,,1,og-post,,,,AAXX 07184 07299 01675 61103 10164 20129 39824 40143 55005 69902 70186 81130 333 10205 20103 60007 81833 85366 90710 91110 93100 555 60005=
07299,2008-10-07 19:00:00,14.5,1014.4,0.1,90,12.9,20000,5.556,16.668,,170,,,0,,,,,,,,og-post,,,,AAXX 07194 07299 22770 61703 10145 20129 39823 40144 53001 81530 333 60005 81650 86365 90710 91109 93100=
07299,2008-10-07 20:00:00,13.8,1014.8,0.6,91,12.4,20000,7.408,11.112,,180,,,0,,,,,,,,og-post,,,,AAXX 07204 07299 22970 41804 10138 20124 39826 40148 52006 84030 333 60005 84365 90710 91106 93100=
07299,2008-10-07 21:00:00,13.4,1015,0.4,92,12.1,15000,9.26,12.964,,180,,,0,0,,,,,,,og-post,,,,AAXX 07214 07299 22965 51805 10134 20121 39828 40150 53004 82031 333 60007 82365 84075 90710 91107 93100 555 60005=
07299,2008-10-07 22:00:00,13.4,1015.1,0.6,92,12.1,15000,7.408,14.816,,180,,,0,,,,,,,,og-post,,,,AAXX 07224 07299 22965 71804 10134 20121 39829 40151 51006 83032 333 60005 83365 85073 90710 91108 93100=
07299,2008-10-07 23:00:00,13.6,1015.1,0.3,93,12.5,15000,9.26,12.964,,190,,,0,,,,,,,,og-post,,,,AAXX 07234 07299 22965 71905 10136 20125 39829 40151 51003 84032 333 60005 84360 85073 90710 91107 93100=
07299,2008-10-08 00:00:00,13.4,1015.2,0.2,93,12.3,15000,9.26,14.816,,180,,,0,0,,,,,,,og-post,,,,AAXX 08004 07299 02965 71805 10134 20123 39830 40152 52002 60001 84032 333 60007 84360 85073 90710 91108 93100 555 60005=
07299,2008-10-08 01:00:00,12.9,1015.2,0,93,11.8,13000,9.26,14.816,,170,,,0,,,,,,,0,og-post,,,,AAXX 08014 07299 24963 81705 10129 20118 39829 40152 50000 700// 333 60005 90710 91108=
07299,2008-10-08 02:00:00,13.3,1015,-0.1,93,12.2,17000,9.26,18.52,,200,,,0,,,,,,,0,og-post,,,,AAXX 08024 07299 24667 82005 10133 20122 39828 40150 58001 700// 333 60005 90710 91110=
07299,2008-10-08 03:00:00,13.1,1015.2,-0.1,93,12,15000,5.556,16.668,,200,,,0,0,,,,,,2,og-post,,,,AAXX 08034 07299 21765 72003 10131 20120 39829 40152 55001 702// 8557/ 333 60007 85656 87364 90710 91109 555 60005=
07299,2008-10-08 04:00:00,12.2,1015.5,0.2,95,11.4,15000,5.556,11.112,,180,,,0,,,,,,,,og-post,,,,AAXX 08044 07299 22765 71803 10122 20114 39831 40155 53002 8457/ 333 60005 84656 87364 90710 91106=
07299,2008-10-08 05:00:00,11.9,1015.5,0.3,94,11,15000,9.26,12.964,,150,,,0,,,,,,,,og-post,,,,AAXX 08054 07299 22765 71505 10119 20110 39831 40155 51003 81572 333 60005 81656 84365 87073 90710 91107 93100=
07299,2008-10-08 06:00:00,10.8,1016,0.5,96,10.2,15000,5.556,11.112,,130,10.8,16.4,0,0,,,0,2.5,10,2,og-post,,,,AAXX 08064 07299 01865 71303 10108 20102 39834 40160 53005 60002 702// 81572 333 10164 20108 30010 55025 60007 79999 81656 84361 87073 90710 91106 93100 555 60005=
07299,2008-10-08 07:00:00,13.6,1016,0.7,92,12.3,12000,9.26,14.816,,150,,,0,,,,,,,,og-post,,,,AAXX 08074 07299 22862 71505 10136 20123 39838 40160 53007 81572 333 60005 81656 85366 87073 90710 91108 93100=
07299,2008-10-08 08:00:00,13.9,1016.3,1,91,12.5,12000,7.408,14.816,,170,,,0,,,,,,,,og-post,,,,AAXX 08084 07299 22862 71704 10139 20125 39841 40163 52010 8153/ 333 60005 81656 84359 87364 90710 91108 93100=
07299,2008-10-08 09:00:00,15.5,1016,0.6,85,13,12000,7.408,11.112,,160,,,0,0,,,,,,,og-post,,,,AAXX 08094 07299 22562 71604 10155 20130 39840 40160 50006 81131 333 60007 81820 85359 87072 90710 91106 93100 555 60005=
07299,2008-10-08 10:00:00,17.9,1015.7,0.2,73,13,12000,5.556,11.112,,150,,,0,,,,,,,,og-post,,,,AAXX 08104 07299 22562 71503 10179 20130 39840 40157 51002 81131 333 60005 81820 84359 87072 90710 91106 93100=
07299,2008-10-08 11:00:00,19.3,1015.4,-0.3,65,12.6,15000,1.852,11.112,,130,,,0,,,,,,,,og-post,,,,AAXX 08114 07299 22565 71301 10193 20126 39838 40154 58003 81132 333 60005 81826 87073 90710 91106 93100=
07299,2008-10-08 12:00:00,20,1015.3,-0.2,60,12,15000,1.852,7.408,,360,,,0,0,,,,,,,og-post,,,,AAXX 08124 07299 02565 73601 10200 20120 39838 40153 57002 60001 81131 333 60007 81830 83363 85365 90710 91104 93100 555 60005=
07299,2008-10-08 13:00:00,19.3,1015.4,-0.2,64,12.3,20000,,7.408,,,,,0,,,,,,,,og-post,,,,AAXX 08134 07299 22670 70000 10193 20123 39838 40154 56002 8113/ 333 60005 81833 87362 90710 91104 93100=
07299,2008-10-08 14:00:00,19.6,1015.5,0.1,63,12.4,20000,3.704,9.26,,330,,,0,,,,,,,,og-post,,,,AAXX 08144 07299 22670 73302 10196 20124 39839 40155 53001 8123/ 333 60005 81833 87363 90710 91105 93100=
07299,2008-10-08 15:00:00,18.8,1015.6,0.2,68,12.8,15000,9.26,12.964,,340,,,0,0,,,,,,,og-post,,,,AAXX 08154 07299 22665 73405 10188 20128 39840 40156 53002 8127/ 333 60007 81833 87361 90710 91107 93100 555 60005=
07299,2008-10-08 16:00:00,18.3,1016.1,0.6,73,13.4,15000,7.408,12.964,,310,,,0,,,,,,,,og-post,,,,AAXX 08164 07299 22665 73104 10183 20134 39844 40161 53006 8127/ 333 60005 81835 83360 87362 90710 91107 93100=
07299,2008-10-08 17:00:00,16.9,1017,1.2,81,13.6,15000,12.964,24.076,,270,,,0,,,,,,,,og-post,,,,AAXX 08174 07299 22565 72707 10169 20136 39851 40170 53012 8587/ 333 60005 81820 85635 87357 90710 91113 93100=
07299,2008-10-08 18:00:00,16.4,1018.1,2.1,81,13.1,15000,11.112,22.224,,300,10.9,20.5,0,0,,,,,,,og-post,,,,AAXX 08184 07299 02665 73006 10164 20131 39861 40181 53021 60002 8257/ 333 10205 20109 60007 82633 87360 90710 91112 93100 555 60005=
07299,2008-10-08 19:00:00,15.6,1018.6,2.1,84,12.9,15000,18.52,27.78,,340,,,0,,,,,,,,og-post,,,,AAXX 08194 07299 22665 73410 10156 20129 39865 40186 51021 8457/ 333 60005 83633 87360 90710 91115 93100=
07299,2008-10-08 20:00:00,15,1019.3,2,85,12.5,15000,20.372,29.632,,350,,,0,,,,,,,,og-post,,,,AAXX 08204 07299 22665 73511 10150 20125 39871 40193 51020 8587/ 333 60005 81833 85650 87360 90710 91116 93100=
07299,2008-10-08 21:00:00,14.2,1020.1,1.7,90,12.6,12000,14.816,25.928,,330,,,,,,,,,,60,og-post,,,,AAXX 08214 07299 21662 73308 10142 20126 39878 40201 53017 76062 8587/ 333 69907 81833 85646 87359 90710 91114 93100 555 69905=
07299,2008-10-08 22:00:00,14,1020.6,1.8,90,12.4,15000,14.816,24.076,,320,,,,,,,,,,21,og-post,,,,AAXX 08224 07299 21465 73208 10140 20124 39883 40206 51018 72162 8587/ 333 69905 84611 85646 87359 90710 91113 93100=
07299,2008-10-08 23:00:00,13.9,1021,1.6,93,12.8,5000,12.964,25.928,,350,,,,,,,,,,60,og-post,,,,AAXX 08234 07299 21350 73507 10139 20128 39887 40210 51016 76062 878// 333 69905 84709 87640 90710 91114 93100=
07299,2008-10-09 00:00:00,13.4,1021.8,1.6,95,12.6,3500,16.668,27.78,,340,,,3,3,3,,,,,63,og-post,,,,AAXX 09004 07299 01335 73409 10134 20126 39894 40218 53016 60031 76362 878// 333 60037 86708 87631 90710 91115 93100 555 60035=
07299,2008-10-09 01:00:00,13.1,1022.4,1.6,97,12.6,4700,12.964,29.632,,340,,,2,,,,,,,61,og-post,,,,AAXX 09014 07299 24347 83407 10131 20126 39899 40224 53016 761// 333 60025 90710 91116=
07299,2008-10-09 02:00:00,12.8,1023,1.8,97,12.3,6000,7.408,24.076,,330,,,,,,,,,,0,og-post,,,,AAXX 09024 07299 24356 83304 10128 20123 39905 40230 52018 700// 333 69905 90710 91113=
07299,2008-10-09 03:00:00,12.8,1023.4,1.5,97,12.3,6000,9.26,16.668,,320,,,,2,,,,,,60,og-post,,,,AAXX 09034 07299 21256 83205 10128 20123 39909 40234 51015 760/6 877// 333 60027 87706 90710 91109 93100 555 69905=
07299,2008-10-09 04:00:00,12.7,1023.9,1.4,97,12.2,5000,11.112,16.668,,320,,,,,,,,,,60,og-post,,,,AAXX 09044 07299 21250 83206 10127 20122 39913 40239 51014 76062 877// 333 69905 87705 90710 91109 93100=
07299,2008-10-09 05:00:00,12.6,1024.5,1.4,98,12.3,3200,12.964,20.372,,320,,,2,,,,,,,63,og-post,,,,AAXX 09054 07299 21232 83207 10126 20123 39919 40245 53014 76366 877// 333 60025 87704 90710 91111 93100=
07299,2008-10-09 06:00:00,12.4,1025.6,2,97,11.9,2500,12.964,20.372,,340,12.4,16.5,1,3,,7,7,2.7,12,61,og-post,,,,AAXX 09064 07299 01225 83407 10124 20119 39929 40256 53020 60072 761// 877// 333 10165 20124 32012 55027 60037 70070 87705 90710 91111 93100 555 60015=
07299,2008-10-09 07:00:00,12.5,1026.5,2.5,97,12,2800,11.112,20.372,,330,,,0.2,,,,,,,61,og-post,,,,AAXX 09074 07299 21228 83306 10125 20120 39938 40265 53025 76166 877// 333 69925 87705 90710 91111 93100=
07299,2008-10-09 08:00:00,12.4,1027.6,3,97,11.9,2700,7.408,14.816,,320,,,0.2,,,,,,,61,og-post,,,,AAXX 09084 07299 21227 83204 10124 20119 39949 40276 53030 76166 877// 333 69925 87704 90710 91108 93100=
07299,2008-10-09 09:00:00,12.6,1028.2,2.6,97,12.1,2500,9.26,16.668,,330,,,0.6,1,,,,,,60,og-post,,,,AAXX 09094 07299 21225 83305 10126 20121 39955 40282 51026 76066 877// 333 60017 87704 90710 91109 93100 555 69965=
07299,2008-10-09 10:00:00,12.8,1029.1,2.6,96,12.2,2600,7.408,14.816,,320,,,,,,,,,,60,og-post,,,,AAXX 09104 07299 21226 83204 10128 20122 39964 40291 51026 76066 877// 333 69905 87704 90710 91108 93100=
07299,2008-10-09 11:00:00,13.2,1029.7,2.1,95,12.4,2500,11.112,16.668,,330,,,,,,,,,,21,og-post,,,,AAXX 09114 07299 21225 83306 10132 20124 39970 40297 52021 72162 877// 333 69905 87704 90710 91109 93100=
07299,2008-10-09 12:00:00,13.4,1029.7,1.5,94,12.5,2500,7.408,14.816,,340,,,0,,1,,,,,10,og-post,,,,AAXX 09124 07299 01225 83404 10134 20125 39970 40297 51015 60011 71062 877// 333 69907 87704 90710 91108 93100 555 60005=
07299,2008-10-09 13:00:00,13.6,1029.7,0.6,93,12.5,2800,9.26,12.964,,320,,,0,,,,,,,10,og-post,,,,AAXX 09134 07299 21228 83205 10136 20125 39970 40297 51006 71022 877// 333 60005 87706 90710 91107 93100=
07299,2008-10-09 14:00:00,14.2,1030,0.4,93,13.1,2800,12.964,16.668,,320,,,0,,,,,,,10,og-post,,,,AAXX 09144 07299 21328 83207 10142 20131 39974 40300 53004 71022 877// 333 60005 87706 90710 91109 93100=
07299,2008-10-09 15:00:00,13.9,1030.3,0.7,92,12.6,4500,11.112,16.668,,330,,,0,0,,,,,,10,og-post,,,,AAXX 09154 07299 21345 83306 10139 20126 39977 40303 53007 71022 877// 333 60007 87706 90710 91109 93100 555 60005=
07299,2008-10-09 16:00:00,13.6,1030.6,0.9,92,12.3,4500,7.408,16.668,,340,,,0,,,,,,,10,og-post,,,,AAXX 09164 07299 21345 83404 10136 20123 39979 40306 51009 71022 877// 333 60005 87709 90710 91109 93100=
07299,2008-10-09 17:00:00,13.5,1031.2,1.1,93,12.4,4500,9.26,12.964,,310,,,0,,,,,,,10,og-post,,,,AAXX 09174 07299 21345 83105 10135 20124 39985 40312 53011 71022 877// 333 60005 87709 90710 91107 93100=
07299,2008-10-09 18:00:00,13.5,1031.8,1.4,93,12.4,4500,9.26,14.816,,340,12.4,14.2,0,0,,1,,,,10,og-post,,,,AAXX 09184 07299 01345 83405 10135 20124 39991 40318 53014 60012 71022 877// 333 10142 20124 60007 87707 90710 91108 93100 555 60005=
07299,2008-10-09 19:00:00,13.4,1032.3,1.6,94,12.5,4500,11.112,16.668,,320,,,,,,,,,,21,og-post,,,,AAXX 09194 07299 21345 83206 10134 20125 39995 40323 51016 72162 877// 333 69905 87709 90710 91109 93100=
07299,2008-10-09 20:00:00,13.4,1032.9,1.6,93,12.3,4500,9.26,16.668,,330,,,0,,,,,,,10,og-post,,,,AAXX 09204 07299 21345 83305 10134 20123 30001 40329 52016 71022 877// 333 60005 87708 90710 91109 93100=
07299,2008-10-09 21:00:00,13.3,1033.2,1.3,94,12.4,4500,7.408,18.52,,330,,,0,,,,,,,10,og-post,,,,AAXX 09214 07299 21345 83304 10133 20124 30004 40332 51013 71062 877// 333 69907 87708 90710 91110 93100 555 60005=
07299,2008-10-09 22:00:00,12.8,1033.4,1,95,12,4500,7.408,14.816,,320,,,0,,,,,,,10,og-post,,,,AAXX 09224 07299 21345 83204 10128 20120 30005 40334 51010 71022 877// 333 60005 87709 90710 91108 93100=
07299,2008-10-09 23:00:00,12.8,1033.2,0.2,95,12,4500,7.408,9.26,,310,,,0,,,,,,,10,og-post,,,,AAXX 09234 07299 21345 83104 10128 20120 30003 40332 50002 71022 877// 333 60005 87709 90710 91105 93100=
07299,2008-10-10 00:00:00,12.7,1033.1,-0.2,94,11.8,4500,5.556,11.112,,320,,,0,0,,,,,,10,og-post,,,,AAXX 10004 07299 01345 83203 10127 20118 30002 40331 58002 69901 71062 877// 333 60007 87709 90710 91106 93100 555 60005=
07299,2008-10-10 01:00:00,12.6,1033.2,-0.2,95,11.8,7000,5.556,12.964,,330,,,0,,,,,,,0,og-post,,,,AAXX 10014 07299 24357 83303 10126 20118 30003 40332 55002 700// 333 60005 90710 91107=
07299,2008-10-10 02:00:00,12.6,1033.4,0.2,96,12,6000,9.26,12.964,,340,,,0,,,,,,,0,og-post,,,,AAXX 10024 07299 24256 83405 10126 20120 30005 40334 53002 700// 333 60005 90710 91107=
07299,2008-10-10 03:00:00,12.6,1033.5,0.4,96,12,4000,9.26,16.668,,350,,,0,0,,,,,,0,og-post,,,,AAXX 10034 07299 21240 83505 10126 20120 30006 40335 52004 700// 876// 333 60007 87704 90710 91109 93100 555 60005=
07299,2008-10-10 04:00:00,12.6,1033.6,0.4,96,12,4500,5.556,16.668,,330,,,0,,,,,,,0,og-post,,,,AAXX 10044 07299 21245 83303 10126 20120 30007 40336 51004 700// 876// 333 60005 87705 90710 91109 93100=
07299,2008-10-10 05:00:00,12.6,1034.1,0.7,96,12,4500,5.556,9.26,,330,,,0,,,,,,,10,og-post,,,,AAXX 10054 07299 21245 83303 10126 20120 30012 40341 53007 71022 875// 333 60005 85705 87623 90710 91105 93100=
07299,2008-10-10 06:00:00,12.6,1034,0.5,96,12,4000,3.704,11.112,,290,12.5,13.5,0,0,,,1,0,12,10,og-post,,,,AAXX 10064 07299 01340 82902 10126 20120 30011 40340 50005 69902 71022 876// 333 10135 20125 31012 55000 60007 70010 87709 90710 91106 93100 555 60005=
07299,2008-10-10 07:00:00,12.6,1034.5,0.9,97,12.1,4000,5.556,9.26,,340,,,0,,,,,,,10,og-post,,,,AAXX 10074 07299 21240 83403 10126 20121 30016 40345 52009 71022 886// 333 60005 88706 90710 91105 93100=
07299,2008-10-10 08:00:00,12.9,1034.7,0.6,95,12.1,4000,1.852,5.556,,290,,,0,,,,,,,10,og-post,,,,AAXX 10084 07299 21240 82901 10129 20121 30018 40347 53006 71022 886// 333 60005 88705 90710 91103 93100=
07299,2008-10-10 09:00:00,15.4,1034.3,0.6,82,12.3,7000,5.556,11.112,,80,,,0,0,,,,,,,og-post,,,,AAXX 10094 07299 22357 50803 10154 20123 30017 40343 51006 85800 333 60007 82807 85631 90710 91106 93100 555 60005=
07299,2008-10-10 10:00:00,17.2,1033.6,-0.4,70,11.7,12000,14.816,22.224,,130,,,0,,,,,,,,og-post,,,,AAXX 10104 07299 22562 31308 10172 20117 30012 40336 58004 83800 333 60005 82820 90710 91112 93100=
07299,2008-10-10 11:00:00,17.7,1033,-1.1,66,11.3,12000,9.26,24.076,,100,,,0,,,,,,,,og-post,,,,AAXX 10114 07299 22562 31005 10177 20113 30007 40330 58011 83800 333 60005 82826 90710 91113 93100=
07299,2008-10-10 12:00:00,18.4,1032.6,-1.3,61,10.7,15000,5.556,16.668,,50,,,0,0,,,,,,,og-post,,,,AAXX 10124 07299 02565 30503 10184 20107 30004 40326 56013 60001 83800 333 60007 82829 90710 91109 93100 555 60005=
07299,2008-10-10 13:00:00,19.4,1031.8,-1.5,58,10.9,15000,5.556,14.816,,150,,,0,,,,,,,,og-post,,,,AAXX 10134 07299 22565 41503 10194 20109 39997 40318 58015 83801 333 60005 82831 90710 91108 93100=
07299,2008-10-10 14:00:00,19.5,1031.7,-1.1,59,11.3,15000,7.408,16.668,,150,,,0,,,,,,,,og-post,,,,AAXX 10144 07299 22565 41504 10195 20113 39996 40317 56011 83801 333 60005 82832 90710 91109 93100=
07299,2008-10-10 15:00:00,19.1,1031.5,-1,61,11.4,15000,9.26,18.52,,80,,,0,0,,,,,,,og-post,,,,AAXX 10154 07299 22665 50805 10191 20114 39994 40315 56010 84801 333 60007 82833 83650 90710 91110 93100 555 60005=
07299,2008-10-10 16:00:00,17.8,1031.5,-0.5,69,12,15000,5.556,12.964,,100,,,0,,,,,,,,og-post,,,,AAXX 10164 07299 22665 31003 10178 20120 39992 40315 57005 82401 333 60005 81633 90710 91107 93100=
07299,2008-10-10 17:00:00,15.9,1031.9,-0.2,75,11.5,12000,9.26,14.816,,110,,,0,,,,,,,,og-post,,,,AAXX 10174 07299 22762 21105 10159 20115 39994 40319 55002 82501 333 60005 82650 90710 91108 93100=
07299,2008-10-10 18:00:00,14.1,1032.6,0.5,81,10.9,10000,5.556,16.668,,100,12.5,19.6,0,0,,,,,,,og-post,,,,AAXX 10184 07299 02760 21003 10141 20109 39999 40326 53005 60002 81501 333 10196 20125 60007 81650 90710 91109 93100 555 60005=
07299,2008-10-10 19:00:00,14,1032.7,0.8,82,11,12000,9.26,16.668,,100,,,0,,,,,,,,og-post,,,,AAXX 10194 07299 22/62 11005 10140 20110 30000 40327 52008 80001 333 60005 81073 90710 91109 93100=
07299,2008-10-10 20:00:00,13.2,1032.9,0.7,85,10.7,10000,5.556,16.668,,120,,,0,,,,,,,,og-post,,,,AAXX 10204 07299 22560 31203 10132 20107 30001 40329 51007 83501 333 60005 83629 90710 91109 93100=
07299,2008-10-10 21:00:00,13.4,1032.9,0.2,84,10.7,9000,14.816,20.372,,140,,,0,0,,,,,,,og-post,,,,AAXX 10214 07299 22559 21408 10134 20107 30001 40329 51002 82501 333 60007 82629 90710 91111 93100 555 60005=
07299,2008-10-10 22:00:00,13.5,1032.6,-0.2,81,10.3,10000,12.964,27.78,,120,,,0,,,,,,,,og-post,,,,AAXX 10224 07299 22560 31207 10135 20103 39998 40326 58002 81501 333 60005 81629 83073 90710 91115 93100=
07299,2008-10-10 23:00:00,12.7,1032.7,-0.3,86,10.4,8000,5.556,22.224,,150,,,0,,,,,,,,og-post,,,,AAXX 10234 07299 22558 31503 10127 20104 39998 40327 57003 81501 333 60005 83625 90710 91112 93100=
07299,2008-10-11 00:00:00,10.3,1032.9,-0.4,91,8.9,8000,,7.408,,,,,0,0,,,,,,,og-post,,,,AAXX 11004 07299 02558 10000 10103 20089 39997 40329 56004 60001 81501 333 60007 81625 90710 91104 93100 555 60005=
07299,2008-10-11 01:00:00,10.3,1032.3,-0.6,94,9.4,4100,7.408,14.816,,180,,,0,,,,,,,10,og-post,,,,AAXX 11014 07299 24941 /1804 10103 20094 39992 40323 58006 710// 333 60005 90710 91108=
07299,2008-10-11 02:00:00,9.6,1032,-1,95,8.8,3800,5.556,9.26,,180,,,0,,,,,,,10,og-post,,,,AAXX 11024 07299 24938 /1803 10096 20088 39988 40320 58010 710// 333 60005 90710 91105=
07299,2008-10-11 03:00:00,8.1,1032,-1.1,94,7.2,4000,3.704,7.408,,180,,,0,0,,,,,,10,og-post,,,,AAXX 11034 07299 21540 61802 10081 20072 39986 40320 56011 710// 86501 333 60007 81625 86073 90710 91104 93100 555 60005=
07299,2008-10-11 04:00:00,9.4,1031.6,-0.8,96,8.8,4000,9.26,14.816,,180,,,0,,,,,,,10,og-post,,,,AAXX 11044 07299 21/40 31805 10094 20088 39984 40316 56008 71011 80001 333 60005 83073 90710 91108 93100=
07299,2008-10-11 05:00:00,8.7,1031.7,-0.4,96,8.1,4500,9.26,14.816,,170,,,0,,,,,,,10,og-post,,,,AAXX 11054 07299 21/45 11705 10087 20081 39984 40317 56004 71000 80001 333 60005 81073 90710 91108 93100=
07299,2008-10-11 06:00:00,8.4,1032,-0,97,8,6000,7.408,12.964,,170,7.9,14.1,0,0,,,0,6.8,6,1,og-post,,,,AAXX 11064 07299 01/56 61704 10084 20080 39986 40320 55000 60002 701// 80001 333 10141 20079 30006 55068 60007 70000 86073 90710 91107 93100 555 60005=
07299,2008-10-11 07:00:00,10.3,1032,0.5,94,9.4,8000,9.26,14.816,,170,,,0,,,,,,,,og-post,,,,AAXX 11074 07299 22/58 71705 10103 20094 39989 40320 53005 80001 333 60005 87073 90710 91108 93100=
07299,2008-10-11 08:00:00,13.4,1031.9,0.7,87,11.3,8000,9.26,16.668,,170,,,0,,,,,,,,og-post,,,,AAXX 11084 07299 22/58 71705 10134 20113 39991 40319 52007 80001 333 60005 87073 90710 91109 93100=
07299,2008-10-11 09:00:00,16.3,1031.7,0.7,75,11.9,9000,11.112,16.668,,140,,,0,0,,,,,,,og-post,,,,AAXX 11094 07299 22/59 71406 10163 20119 39993 40317 51007 80001 333 60007 87073 90710 91109 93100 555 60005=
07299,2008-10-11 10:00:00,18,1031.3,0.2,69,12.2,12000,9.26,18.52,,140,,,0,,,,,,,,og-post,,,,AAXX 11104 07299 22/62 71405 10180 20122 39991 40313 50002 80001 333 60005 87073 90710 91110 93100=
07299,2008-10-11 11:00:00,19.5,1030.7,-0.4,64,12.5,15000,9.26,18.52,,150,,,0,,,,,,,,og-post,,,,AAXX 11114 07299 22/65 71505 10195 20125 39987 40307 58004 80001 333 60005 87073 90710 91110 93100=
07299,2008-10-11 12:00:00,20.9,1030.3,-0.9,53,11,25000,5.556,14.816,,140,,,0,0,,,,,,,og-post,,,,AAXX 11124 07299 02/75 71403 10209 20110 39984 40303 58009 60001 80001 333 60007 87073 90710 91108 93100 555 60005=
07299,2008-10-11 13:00:00,21.8,1029.9,-1,53,11.8,25000,7.408,12.964,,120,,,0,,,,,,,,og-post,,,,AAXX 11134 07299 22/75 71204 10218 20118 39981 40299 56010 80001 333 60005 87073 90710 91107 93100=
07299,2008-10-11 14:00:00,22.5,1029.4,-1,49,11.2,40000,3.704,12.964,,150,,,0,,,,,,,,og-post,,,,AAXX 11144 07299 22/82 71502 10225 20112 39977 40294 57010 80001 333 60005 87073 90710 91107 93100=
07299,2008-10-11 15:00:00,22.5,1029.1,-1,50,11.6,40000,3.704,7.408,,110,,,0,0,,,,,,,og-post,,,,AAXX 11154 07299 22/82 61102 10225 20116 39974 40291 57010 80001 333 60007 86073 90710 91104 93100 555 60005=
07299,2008-10-11 16:00:00,21.5,1029,-0.9,51,10.9,40000,1.852,9.26,,100,,,0,,,,,,,,og-post,,,,AAXX 11164 07299 22/82 61001 10215 20109 39972 40290 56009 80001 333 60005 86073 90710 91105 93100=
07299,2008-10-11 17:00:00,16.8,1029.2,-0.8,80,13.3,40000,3.704,7.408,,190,,,0,,,,,,,,og-post,,,,AAXX 11174 07299 22/82 61902 10168 20133 39969 40292 57008 80001 333 60005 86073 90710 91104 93100=
07299,2008-10-11 18:00:00,13.9,1029.9,-0.1,85,11.4,20000,,7.408,,,8.4,22.7,0,0,,,,,,,og-post,,,,AAXX 11184 07299 02/70 30000 10139 20114 39973 40299 55001 60002 80001 333 10227 20084 60007 83073 90710 91104 93100 555 60005=
07299,2008-10-11 19:00:00,12.2,1030.3,0.3,93,11.1,18000,3.704,7.408,,220,,,0,,,,,,,,og-post,,,,AAXX 11194 07299 22/68 52202 10122 20111 39975 40303 53003 80001 333 60005 85073 90710 91104 93100=
07299,2008-10-11 20:00:00,11.5,1030.6,0.8,95,10.7,15000,3.704,5.556,,170,,,0,,,,,,,,og-post,,,,AAXX 11204 07299 22/65 31702 10115 20107 39977 40306 51008 80001 333 60005 83073 90710 91103 93100=
07299,2008-10-11 21:00:00,11.9,1030.4,0.2,93,10.8,10000,5.556,12.964,,190,,,0,0,,,,,,,og-post,,,,AAXX 11214 07299 22/60 31903 10119 20108 39975 40304 50002 80001 333 60007 83073 90710 91107 93100 555 60005=
07299,2008-10-11 22:00:00,10,1030.6,0,93,8.9,9000,1.852,12.964,,240,,,0,,,,,,,,og-post,,,,AAXX 11224 07299 22/59 32401 10100 20089 39975 40306 50000 80001 333 60005 83073 90710 91107 93100=
07299,2008-10-11 23:00:00,8.4,1030.9,-0.1,95,7.6,7000,3.704,7.408,,230,,,0.2,,,,,,,,og-post,,,,AAXX 11234 07299 22/57 12302 10084 20076 39976 40309 55001 80001 333 69925 81073 90710 91104 93100=
07299,2008-10-12 00:00:00,10.1,1031.3,0.7,98,9.8,7000,7.408,11.112,,210,,,0,0.2,0.2,,,,,,og-post,,,,AAXX 12004 07299 02/57 12104 10101 20098 39982 40313 53007 69921 80001 333 69927 81073 90710 91106 93100 555 60005=
07299,2008-10-12 01:00:00,9.6,1031.1,0.4,97,9.1,5000,3.704,12.964,,130,,,0,,,,,,,0,og-post,,,,AAXX 12014 07299 24950 /1302 10096 20091 39979 40311 50004 700// 333 60005 90710 91107=
07299,2008-10-12 02:00:00,9.8,1030.4,-0.3,98,9.5,6000,9.26,12.964,,180,,,0,,,,,,,0,og-post,,,,AAXX 12024 07299 24956 /1805 10098 20095 39973 40304 58003 700// 333 60005 90710 91107=
07299,2008-10-12 03:00:00,10,1030.3,-1,97,9.5,8000,7.408,12.964,,190,,,0,0,,,,,,2,og-post,,,,AAXX 12034 07299 21958 01904 10100 20095 39972 40303 56010 702// 333 60007 90710 91107 93100 555 60005=
07299,2008-10-12 04:00:00,9.8,1029.9,-1.1,95,9,8000,9.26,16.668,,170,,,0,,,,,,,,og-post,,,,AAXX 12044 07299 22/58 61705 10098 20090 39968 40299 56011 80002 333 60005 86071 90710 91109 93100=
07299,2008-10-12 05:00:00,9.9,1029.9,-0.5,96,9.3,7000,9.26,16.668,,180,,,0,,,,,,,,og-post,,,,AAXX 12054 07299 22/57 61805 10099 20093 39968 40299 56005 80002 333 60005 86071 90710 91109 93100=
07299,2008-10-12 06:00:00,9.4,1030,-0.4,97,8.9,4000,9.26,16.668,,170,8.4,13.8,0.2,0.2,,0.4,0.4,10,6,10,og-post,,,,AAXX 12064 07299 01/40 71705 10094 20089 39968 40300 56004 69942 710// 80001 333 10138 20084 30006 55100 69927 70004 87073 90710 91109 93100 555 69925=
07299,2008-10-12 07:00:00,10.8,1030.1,0.3,98,10.5,3500,9.26,14.816,,180,,,0,,,,,,,40,og-post,,,,AAXX 12074 07299 21135 71805 10108 20105 39971 40301 53003 74022 81601 333 60005 81701 87075 90710 91108 93100=
07299,2008-10-12 08:00:00,13.1,1030,0.5,90,11.5,7000,7.408,16.668,,130,,,0,,,,,,,,og-post,,,,AAXX 12084 07299 22257 71304 10131 20115 39973 40300 53005 81102 333 60005 81806 87075 90710 91109 93100=
07299,2008-10-12 09:00:00,14.7,1029.7,0.4,83,11.8,11000,7.408,16.668,,130,,,0,0,,,,,,,og-post,,,,AAXX 12094 07299 22961 71304 10147 20118 39972 40297 51004 81038 333 60007 81366 87275 90710 91109 93100 555 60005=
07299,2008-10-12 10:00:00,16.1,1029.4,-0.1,79,12.5,15000,7.408,12.964,,160,,,0,,,,,,,,og-post,,,,AAXX 12104 07299 22965 81604 10161 20125 39970 40294 58001 82037 333 60005 82368 88275 90710 91107 93100=
07299,2008-10-12 11:00:00,18.4,1028.8,-0.6,70,12.8,19000,9.26,16.668,,120,,,0,,,,,,,,og-post,,,,AAXX 12114 07299 22969 71205 10184 20128 39967 40288 58006 82038 333 60005 82363 87275 90710 91109 93100=
07299,2008-10-12 12:00:00,19.3,1028,-1.2,65,12.6,25000,7.408,16.668,,140,,,0,0,,,,,,,og-post,,,,AAXX 12124 07299 02975 71404 10193 20126 39960 40280 58012 60001 82038 333 60007 82363 87275 90710 91109 93100 555 60005=
07299,2008-10-12 13:00:00,20.8,1027.1,-1.7,61,13,25000,5.556,11.112,,130,,,0,,,,,,,14,og-post,,,,AAXX 12134 07299 21975 71303 10208 20130 39953 40271 58017 71422 81088 333 60005 81363 84275 87076 90710 91106 93100=
07299,2008-10-12 14:00:00,21.9,1026.1,-2.2,55,12.4,35000,5.556,12.964,,100,,,0,,,,,,,,og-post,,,,AAXX 12144 07299 22981 51003 10219 20124 39945 40261 57022 81082 333 60005 81363 85076 90710 91107 93100=
07299,2008-10-12 15:00:00,22.1,1025.6,-2,52,11.8,40000,3.704,16.668,,110,,,0,0,,,,,,,og-post,,,,AAXX 12154 07299 22982 61102 10221 20118 39940 40256 56020 83032 333 60007 83366 85076 90710 91109 93100 555 60005=
07299,2008-10-12 16:00:00,19.8,1025.5,-1.6,65,13,40000,7.408,12.964,,60,,,0,,,,,,,,og-post,,,,AAXX 12164 07299 22982 60604 10198 20130 39937 40255 56016 81031 333 60005 81366 86076 90710 91107 93100=
07299,2008-10-12 17:00:00,17.2,1025.8,-0.8,76,12.9,25000,1.852,11.112,,100,,,0,,,,,,,,og-post,,,,AAXX 12174 07299 22975 71001 10172 20129 39937 40258 56008 85051 333 60005 85367 86076 90710 91106 93100=
07299,2008-10-12 18:00:00,14.5,1026.1,-0.3,88,12.5,18000,,9.26,,,9.4,22.2,0,0,,,,,,,og-post,,,,AAXX 12184 07299 02968 70000 10145 20125 39937 40261 56003 60002 83031 333 10222 20094 60007 83367 86076 90710 91105 93100 555 60005=
07299,2008-10-12 19:00:00,12.4,1026.6,0.2,94,11.5,18000,3.704,7.408,,220,,,0,,,,,,,,og-post,,,,AAXX 12194 07299 22/68 62202 10124 20115 39939 40266 53002 80001 333 60005 86076 90710 91104 93100=
07299,2008-10-12 20:00:00,12.2,1026.7,0.3,96,11.6,12000,5.556,9.26,,200,,,0,,,,,,,,og-post,,,,AAXX 12204 07299 22/62 52003 10122 20116 39940 40267 53003 80001 333 60005 85076 90710 91105 93100=
07299,2008-10-12 21:00:00,13.1,1026.2,-0.1,92,11.8,12000,9.26,12.964,,160,,,0,0,,,,,,,og-post,,,,AAXX 12214 07299 22/62 51605 10131 20118 39936 40262 58001 80001 333 60007 85076 90710 91107 93100 555 60005=
07299,2008-10-12 22:00:00,12.7,1026,-0.5,95,11.9,12000,9.26,14.816,,180,,,0,,,,,,,,og-post,,,,AAXX 12224 07299 22/62 71805 10127 20119 39934 40260 58005 80001 333 60005 87076 90710 91108 93100=
07299,2008-10-12 23:00:00,12.5,1025.9,-0.8,93,11.4,12000,11.112,16.668,,170,,,0,,,,,,,,og-post,,,,AAXX 12234 07299 22/62 71706 10125 20114 39932 40259 56008 80001 333 60005 87076 90710 91109 93100=
07299,2008-10-13 00:00:00,11.9,1026,-0.3,94,11,10000,11.112,14.816,,180,,,0,0,,,,,,,og-post,,,,AAXX 13004 07299 02/60 71806 10119 20110 39933 40260 55003 60001 80001 333 60007 87076 90710 91108 93100 555 60005=
07299,2008-10-13 01:00:00,11.7,1025.9,-0.3,94,10.8,8000,9.26,14.816,,190,,,0,,,,,,,0,og-post,,,,AAXX 13014 07299 24958 /1905 10117 20108 39931 40259 57003 700// 333 60005 90710 91108=
07299,2008-10-13 02:00:00,11.4,1025.4,-0.6,94,10.5,8000,11.112,14.816,,180,,,0,,,,,,,0,og-post,,,,AAXX 13024 07299 24958 61806 10114 20105 39926 40254 58006 700// 333 60005 90710 91108=
07299,2008-10-13 03:00:00,11.2,1024.9,-1.2,94,10.3,12000,9.26,16.668,,180,,,0,0,,,,,,0,og-post,,,,AAXX 13034 07299 21962 61805 10112 20103 39921 40249 58012 700// 81031 333 60007 81365 86073 90710 91109 93100 555 60005=
07299,2008-10-13 04:00:00,10.7,1024.6,-1.3,93,9.6,12000,9.26,14.816,,180,,,0.2,,,,,,,,og-post,,,,AAXX 13044 07299 22962 61805 10107 20096 39918 40246 56013 81031 333 69925 81365 86073 90710 91108 93100=
07299,2008-10-13 05:00:00,10.7,1024,-1.4,94,9.8,8000,11.112,16.668,,180,,,0,,,,,,,,og-post,,,,AAXX 13054 07299 22958 51806 10107 20098 39912 40240 57014 81031 333 60005 81365 85073 90710 91109 93100=
07299,2008-10-13 06:00:00,10.9,1024,-0.9,95,10.1,8000,12.964,18.52,,180,10.6,14.5,0,0.2,,0.2,0.2,8.7,9,3,og-post,,,,AAXX 13064 07299 01958 51807 10109 20101 39912 40240 56009 69922 703// 85031 333 10145 20106 30009 55087 69927 70002 84366 83073 90710 91110 93100 555 60005=
07299,2008-10-13 07:00:00,11.9,1024,-0.5,94,11,7000,9.26,16.668,,180,,,0,,,,,,,,og-post,,,,AAXX 13074 07299 22957 71805 10119 20110 39913 40240 55005 8703/ 333 60005 82364 87369 90710 91109 93100=
07299,2008-10-13 08:00:00,13.4,1024.2,0.5,88,11.5,12000,11.112,16.668,,160,,,0,,,,,,,,og-post,,,,AAXX 13084 07299 22962 71606 10134 20115 39917 40242 53005 8703/ 333 60005 81362 87364 90710 91109 93100=
07299,2008-10-13 09:00:00,15.9,1024,0.6,78,12.1,14000,12.964,20.372,,150,,,0,0,,,,,,,og-post,,,,AAXX 13094 07299 22964 71507 10159 20121 39918 40240 52006 83031 333 60007 81364 83370 86076 90710 91111 93100 555 60005=
07299,2008-10-13 10:00:00,16.9,1023.3,0.1,76,12.6,15000,11.112,16.668,,150,,,0,,,,,,,,og-post,,,,AAXX 13104 07299 22965 71506 10169 20126 39912 40233 50001 86031 333 60005 86363 83076 90710 91109 93100=
07299,2008-10-13 11:00:00,19,1022.5,-1,66,12.5,15000,9.26,18.52,,150,,,0,,,,,,,,og-post,,,,AAXX 13114 07299 22965 31505 10190 20125 39907 40225 58010 81031 333 60005 81370 90710 91110 93100=
07299,2008-10-13 12:00:00,21.1,1021.8,-1.6,55,11.7,20000,7.408,12.964,,130,,,0,0,,,,,,,og-post,,,,AAXX 13124 07299 02970 21304 10211 20117 39902 40218 56016 60001 81031 333 60007 82360 90710 91107 93100 555 60005=
07299,2008-10-13 13:00:00,22.3,1021,-1.6,53,12.3,25000,5.556,12.964,,120,,,0,,,,,,,,og-post,,,,AAXX 13134 07299 22975 41203 10223 20123 39896 40210 58016 84030 333 60005 84363 90710 91107 93100=
07299,2008-10-13 14:00:00,23.2,1020.5,-1.5,52,12.8,25000,3.704,11.112,,170,,,0,,,,,,,,og-post,,,,AAXX 13144 07299 22975 11702 10232 20128 39892 40205 56015 81030 333 60005 81366 90710 91106 93100=
07299,2008-10-13 15:00:00,22.7,1020.4,-1.2,58,14,25000,7.408,14.816,,300,,,0,0,,,,,,,og-post,,,,AAXX 13154 07299 22975 13004 10227 20140 39890 40204 56012 81030 333 60007 81362 90710 91108 93100 555 60005=
07299,2008-10-13 16:00:00,20.3,1020.6,-0.6,70,14.6,25000,5.556,12.964,,280,,,0,,,,,,,,og-post,,,,AAXX 13164 07299 22975 22803 10203 20146 39890 40206 56006 82030 333 60005 82361 90710 91107 93100=
07299,2008-10-13 17:00:00,17.3,1021.1,-0.1,81,14,25000,5.556,9.26,,250,,,0,,,,,,,,og-post,,,,AAXX 13174 07299 22975 22503 10173 20140 39891 40211 55001 82030 333 60005 82365 90710 91105 93100=
07299,2008-10-13 18:00:00,15.6,1021.8,0.6,89,13.8,25000,5.556,7.408,,210,10.9,23.8,0,0,,,,,,,og-post,,,,AAXX 13184 07299 02975 22103 10156 20138 39896 40218 53006 60002 82030 333 10238 20109 60007 82365 90710 91104 93100 555 60005=
07299,2008-10-13 19:00:00,14.8,1022.3,1,91,13.3,20000,3.704,12.964,,170,,,0,,,,,,,,og-post,,,,AAXX 13194 07299 22970 21702 10148 20133 39900 40223 53010 82031 333 60005 82365 90710 91107 93100=
07299,2008-10-13 20:00:00,13.7,1022.8,1.3,94,12.8,17000,3.704,7.408,,180,,,0,,,,,,,,og-post,,,,AAXX 13204 07299 22667 31802 10137 20128 39904 40228 51013 81531 333 60005 81643 83359 90710 91104 93100=
07299,2008-10-13 21:00:00,13.9,1023.2,1.2,94,12.9,15000,3.704,9.26,,170,,,0,0,,,,,,,og-post,,,,AAXX 13214 07299 22665 51702 10139 20129 39908 40232 52012 83531 333 60007 83644 84359 90710 91105 93100 555 60005=
07299,2008-10-13 22:00:00,14.5,1023,0.7,93,13.4,18000,5.556,9.26,,190,,,0,,,,,,,,og-post,,,,AAXX 13224 07299 22668 61903 10145 20134 39907 40230 51007 85830 333 60005 81836 85646 90710 91105 93100=
07299,2008-10-13 23:00:00,14.1,1023,0.2,93,13,16000,,9.26,,,,,0,,,,,,,,og-post,,,,AAXX 13234 07299 22666 50000 10141 20130 39906 40230 50002 84530 333 60005 84638 83362 90710 91105 93100=
07299,2008-10-14 00:00:00,13.5,1022.9,-0.3,95,12.7,13000,9.26,12.964,,160,,,0,0,,,,,,,og-post,,,,AAXX 14004 07299 02663 31605 10135 20127 39905 40229 57003 60001 83530 333 60007 83640 90710 91107 93100 555 60005=
07299,2008-10-14 01:00:00,12.9,1022.8,-0.4,94,12,9000,3.704,11.112,,140,,,0,,,,,,,0,og-post,,,,AAXX 14014 07299 24959 /1402 10129 20120 39903 40228 58004 700// 333 60005 90710 91106=
07299,2008-10-14 02:00:00,12.6,1022.4,-0.7,97,12.1,8000,5.556,9.26,,180,,,0,,,,,,,0,og-post,,,,AAXX 14024 07299 24958 /1803 10126 20121 39899 40224 58007 700// 333 60005 90710 91105=
07299,2008-10-14 03:00:00,13,1022.2,-0.8,97,12.5,10000,5.556,9.26,,190,,,0,0,,,,,,3,og-post,,,,AAXX 14034 07299 21660 51903 10130 20125 39897 40222 57008 70311 85530 333 60007 85634 90710 91105 93100 555 60005=
07299,2008-10-14 04:00:00,12.9,1022.3,-0.5,96,12.3,10000,5.556,9.26,,220,,,0,,,,,,,,og-post,,,,AAXX 14044 07299 22560 62203 10129 20123 39898 40223 55005 86800 333 60005 81829 86635 90710 91105 93100=
07299,2008-10-14 05:00:00,12.9,1022.2,-0.2,96,12.3,9000,5.556,9.26,,200,,,0,,,,,,,,og-post,,,,AAXX 14054 07299 22559 52003 10129 20123 39897 40222 56002 85800 333 60005 81824 85629 90710 91105 93100=
07299,2008-10-14 06:00:00,13.1,1022.5,0.3,95,12.3,10000,5.556,11.112,,180,12.1,15.6,0,0,,,0,5.9,10,1,og-post,,,,AAXX 14064 07299 01560 71803 10131 20123 39900 40225 53003 60002 70111 85830 333 10156 20121 30010 55059 60007 70000 81823 85628 85358 90710 91106 93100 555 60005=
07299,2008-10-14 07:00:00,13.9,1022.8,0.6,94,12.9,10000,7.408,11.112,,180,,,0,,,,,,,,og-post,,,,AAXX 14074 07299 22560 51804 10139 20129 39904 40228 53006 82530 333 60005 82630 85358 90710 91106 93100=
07299,2008-10-14 08:00:00,16.3,1022.6,0.8,85,13.8,10000,11.112,14.816,,150,,,0,,,,,,,,og-post,,,,AAXX 14084 07299 22560 71506 10163 20138 39905 40226 51008 8253/ 333 60005 82630 86358 90710 91108 93100=
07299,2008-10-14 09:00:00,17.8,1022.7,0.7,78,13.9,10000,5.556,14.816,,140,,,0,0,,,,,,,og-post,,,,AAXX 14094 07299 22660 71403 10178 20139 39907 40227 51007 8253/ 333 60007 82633 86357 90710 91108 93100 555 60005=
07299,2008-10-14 10:00:00,20.4,1021.9,-0.1,68,14.3,15000,7.408,16.668,,170,,,0,,,,,,,,og-post,,,,AAXX 14104 07299 22665 51704 10204 20143 39903 40219 58001 82530 333 60005 82634 84359 90710 91109 93100=
07299,2008-10-14 11:00:00,22.6,1021.3,-0.6,61,14.7,15000,11.112,20.372,,210,,,0,,,,,,,,og-post,,,,AAXX 14114 07299 22565 42106 10226 20147 39899 40213 58006 81131 333 60005 81828 83075 90710 91111 93100=
07299,2008-10-14 12:00:00,21.3,1020.8,-1.4,66,14.7,15000,12.964,22.224,,290,,,0,0,,,,,,,og-post,,,,AAXX 14124 07299 02565 42907 10213 20147 39893 40208 58014 60001 81801 333 60007 81830 83075 90710 91112 93100 555 60005=
07299,2008-10-14 13:00:00,22.7,1020,-1.6,59,14.3,15000,12.964,25.928,,280,,,0,,,,,,,,og-post,,,,AAXX 14134 07299 22665 32807 10227 20143 39887 40200 58016 81231 333 60005 81836 90710 91114 93100=
07299,2008-10-14 14:00:00,23,1019.6,-1.6,55,13.5,15000,14.816,25.928,,260,,,0,,,,,,,,og-post,,,,AAXX 14144 07299 22665 22608 10230 20135 39883 40196 56016 81231 333 60005 81840 90710 91114 93100=
07299,2008-10-14 15:00:00,22,1019.6,-1.1,61,14.1,15000,11.112,24.076,,270,,,0,0,,,,,,,og-post,,,,AAXX 14154 07299 22665 22706 10220 20141 39882 40196 56011 81201 333 60007 81845 90710 91113 93100 555 60005=
07299,2008-10-14 16:00:00,19.6,1019.9,-0.5,71,14.2,15000,16.668,24.076,,270,,,0,,,,,,,,og-post,,,,AAXX 14164 07299 22765 42709 10196 20142 39882 40199 56005 81801 333 60005 81850 83075 90710 91113 93100=
07299,2008-10-14 17:00:00,17.2,1020.5,0.3,84,14.5,15000,12.964,24.076,,330,,,0,,,,,,,,og-post,,,,AAXX 14174 07299 22565 63307 10172 20145 39886 40205 53003 83401 333 60005 83625 85075 90710 91113 93100=
07299,2008-10-14 18:00:00,16.2,1021.3,1,87,14,12000,11.112,18.52,,320,13.1,23.2,0,0,,,,,,,og-post,,,,AAXX 14184 07299 02562 73206 10162 20140 39892 40213 53010 60002 84401 333 10232 20131 60007 84621 85075 90710 91110 93100 555 60005=
07299,2008-10-14 19:00:00,15,1021.6,1.2,89,13.2,12000,7.408,18.52,,300,,,0,,,,,,,,og-post,,,,AAXX 14194 07299 22562 73004 10150 20132 39894 40216 51012 84401 333 60005 84621 85075 90710 91110 93100=
07299,2008-10-14 20:00:00,15.2,1021.9,1.1,88,13.2,12000,3.704,11.112,,300,,,0,,,,,,,,og-post,,,,AAXX 14204 07299 22562 73002 10152 20132 39897 40219 51011 875// 333 60005 87629 90710 91106 93100=
07299,2008-10-14 21:00:00,14,1022,0.4,91,12.6,12000,3.704,5.556,,300,,,0,0,,,,,,,og-post,,,,AAXX 14214 07299 22562 73002 10140 20126 39896 40220 50004 875// 333 60007 87630 90710 91103 93100 555 60005=
07299,2008-10-14 22:00:00,12.6,1022.2,0.3,93,11.5,7000,1.852,7.408,,260,,,0,,,,,,,,og-post,,,,AAXX 14224 07299 22557 72601 10126 20115 39897 40222 51003 81501 333 60005 81630 87076 90710 91104 93100=
07299,2008-10-14 23:00:00,11.9,1022.1,-0.2,97,11.4,3000,3.704,5.556,,330,,,0,,,,,,,10,og-post,,,,AAXX 14234 07299 21730 73302 10119 20114 39895 40221 58002 71022 82501 333 60005 82650 87076 90710 91103 93100=
07299,2008-10-15 00:00:00,11.5,1021.8,-0.5,97,11,4500,1.852,5.556,,230,,,0,0,,,,,,10,og-post,,,,AAXX 15004 07299 01745 72301 10115 20110 39891 40218 58005 60001 71022 82501 333 60007 82650 87072 90710 91103 93100 555 60005=
07299,2008-10-15 01:00:00,11.3,1021.6,-0.8,97,10.8,2800,,5.556,,,,,0,,,,,,,10,og-post,,,,AAXX 15014 07299 24928 /0000 10113 20108 39889 40216 57008 710// 333 60005 90710 91103=
07299,2008-10-15 02:00:00,11.4,1021.6,-0.6,98,11.1,3300,,5.556,,,,,0,,,,,,,10,og-post,,,,AAXX 15024 07299 24633 80000 10114 20111 39889 40216 56006 710// 333 60005 90710 91103=
07299,2008-10-15 03:00:00,12.1,1021.3,-0.4,98,11.8,4500,3.704,5.556,,200,,,0,0,,,,,,10,og-post,,,,AAXX 15034 07299 21645 72002 10121 20118 39887 40213 57004 710// 85501 333 60007 85640 86071 90710 91103 93100 555 60005=
07299,2008-10-15 04:00:00,11.7,1021.2,-0.3,98,11.4,4000,1.852,7.408,,130,,,0,,,,,,,10,og-post,,,,AAXX 15044 07299 21640 71301 10117 20114 39886 40212 58003 71022 8353/ 333 60005 83633 85370 90710 91104 93100=
07299,2008-10-15 05:00:00,12.1,1020.9,-0.5,98,11.8,4000,5.556,7.408,,190,,,0,,,,,,,10,og-post,,,,AAXX 15054 07299 21540 71903 10121 20118 39884 40209 57005 71022 875// 333 60005 87621 90710 91104 93100=
07299,2008-10-15 06:00:00,12.8,1021.3,0.1,98,12.5,4500,,5.556,,,10.8,16.3,0,0,,,0,6.1,9,10,og-post,,,,AAXX 15064 07299 01545 70000 10128 20125 39888 40213 53001 60002 710// 875// 333 10163 20108 30009 55061 60007 70000 87624 90710 91103 93100 555 60005=
07299,2008-10-15 07:00:00,13.6,1021.5,0.5,98,13.3,4500,5.556,9.26,,180,,,0,,,,,,,10,og-post,,,,AAXX 15074 07299 21545 71803 10136 20133 39891 40215 53005 71022 875// 333 60005 83623 87646 90710 91105 93100=
07299,2008-10-15 08:00:00,14.5,1021.6,0.9,96,13.9,4500,,7.408,,,,,0,,,,,,,10,og-post,,,,AAXX 15084 07299 21445 70000 10145 20139 39893 40216 51009 71022 875// 333 60005 85619 87646 90710 91104 93100=
07299,2008-10-15 09:00:00,16.9,1021.3,0.5,86,14.5,7000,7.408,12.964,,260,,,0,0,,,,,,,og-post,,,,AAXX 15094 07299 22457 62604 10169 20145 39893 40213 51005 86500 333 60007 84618 83640 90710 91107 93100 555 60005=
07299,2008-10-15 10:00:00,18.1,1021,0,83,15.2,10000,12.964,24.076,,290,,,0,,,,,,,,og-post,,,,AAXX 15104 07299 22460 62907 10181 20152 39891 40210 50000 86800 333 60005 83816 85630 90710 91113 93100=
07299,2008-10-15 11:00:00,19.7,1020.1,-0.9,73,14.7,10000,12.964,25.928,,280,,,0,,,,,,,,og-post,,,,AAXX 15114 07299 22560 52807 10197 20147 39884 40201 58009 85800 333 60005 83820 90710 91114 93100=
07299,2008-10-15 12:00:00,19.8,1019.1,-1.8,72,14.6,11000,12.964,25.928,,290,,,0,0,,,,,,,og-post,,,,AAXX 15124 07299 02561 32907 10198 20146 39875 40191 58018 60001 83800 333 60007 82820 90710 91114 93100 555 60005=
07299,2008-10-15 13:00:00,19.8,1018.7,-2,72,14.6,11000,14.816,29.632,,300,,,0,,,,,,,,og-post,,,,AAXX 15134 07299 22561 33008 10198 20146 39871 40187 56020 83800 333 60005 82825 90710 91116 93100=
07299,2008-10-15 14:00:00,19.1,1018.6,-1.5,73,14.1,12000,16.668,29.632,,310,,,0,,,,,,,,og-post,,,,AAXX 15144 07299 22562 33109 10191 20141 39869 40186 56015 83800 333 60005 83825 90710 91116 93100=
07299,2008-10-15 15:00:00,18.2,1018.5,-0.8,75,13.7,11000,9.26,27.78,,280,,,0,0,,,,,,,og-post,,,,AAXX 15154 07299 22561 62805 10182 20137 39867 40185 56008 83801 333 60007 83825 86073 90710 91115 93100 555 60005=
07299,2008-10-15 16:00:00,17.3,1018.6,-0.4,79,13.6,11000,7.408,18.52,,290,,,0,,,,,,,,og-post,,,,AAXX 15164 07299 22561 72904 10173 20136 39867 40186 56004 83235 333 60005 82825 83363 87073 90710 91110 93100=
07299,2008-10-15 17:00:00,16.3,1018.8,-0.1,83,13.4,11000,3.704,9.26,,280,,,0,,,,,,,,og-post,,,,AAXX 15174 07299 22561 72802 10163 20134 39868 40188 55001 83235 333 60005 82825 83363 87073 90710 91105 93100=
07299,2008-10-15 18:00:00,15.6,1018.7,-0.1,87,13.4,11000,5.556,11.112,,170,12.8,20.2,0,0,,,,,,,og-post,,,,AAXX 15184 07299 02561 71703 10156 20134 39866 40187 58001 60002 8485/ 333 10202 20128 60007 82825 83649 87362 90710 91106 93100 555 60005=
07299,2008-10-15 19:00:00,14.7,1018.7,-0.2,90,13.1,11000,,9.26,,,,,0,,,,,,,,og-post,,,,AAXX 15194 07299 22561 70000 10147 20131 39865 40187 58002 8357/ 333 60005 83630 87362 90710 91105 93100=
07299,2008-10-15 20:00:00,14.9,1018.6,-0.3,91,13.4,11000,1.852,14.816,,140,,,0,,,,,,,,og-post,,,,AAXX 15204 07299 22561 71401 10149 20134 39865 40186 56003 878// 333 60005 83826 85649 90710 91108 93100=
07299,2008-10-15 21:00:00,16.2,1018.3,-0.3,83,13.3,11000,5.556,14.816,,230,,,0,0,,,,,,,og-post,,,,AAXX 15214 07299 22561 72303 10162 20133 39863 40183 58003 878// 333 60007 82820 87629 90710 91108 93100 555 60005=
07299,2008-10-15 22:00:00,16.5,1018.2,-0.3,77,12.5,11000,14.816,33.336,,260,,,0,,,,,,,,og-post,,,,AAXX 15224 07299 22561 72608 10165 20125 39862 40182 57003 878// 333 60005 82820 87630 90710 91118 93100=
07299,2008-10-15 23:00:00,16,1018.2,-0.3,78,12.2,15000,11.112,27.78,,250,,,,,,,,,,60,og-post,,,,AAXX 15234 07299 21565 72506 10160 20122 39862 40182 56003 76062 878// 333 69905 82820 87630 90710 91115 93100=
07299,2008-10-16 00:00:00,15,1017.9,-0.5,85,12.5,50000,11.112,20.372,,250,,,0.2,0.2,0.2,,,,,0,og-post,,,,AAXX 16004 07299 04784 82506 10150 20125 39858 40179 58005 69921 700// 333 69927 90710 91111 555 69925=
07299,2008-10-16 01:00:00,14.5,1017.8,-0.6,89,12.7,35000,12.964,27.78,,220,,,0.4,,,,,,,0,og-post,,,,AAXX 16014 07299 24681 82207 10145 20127 39856 40178 58006 700// 333 69945 90710 91115=
07299,2008-10-16 02:00:00,14.6,1017.2,-1.1,89,12.8,60000,12.964,27.78,,230,,,,,,,,,,0,og-post,,,,AAXX 16024 07299 24586 82307 10146 20128 39851 40172 57011 700// 333 69905 90710 91115=
07299,2008-10-16 03:00:00,14.7,1016.7,-1.2,88,12.7,15000,5.556,16.668,,210,,,,0.4,,,,,,60,og-post,,,,AAXX 16034 07299 21565 72103 10147 20127 39846 40167 58012 760// 878// 333 69947 82828 87640 90710 91109 93100 555 69905=
07299,2008-10-16 04:00:00,15.1,1016.4,-1.3,85,12.6,15000,12.964,20.372,,240,,,0,,,,,,,60,og-post,,,,AAXX 16044 07299 21565 72407 10151 20126 39843 40164 56013 76066 878// 333 6///5 82830 87643 90710 91111 93100=
07299,2008-10-16 05:00:00,15,1015.5,-1.6,86,12.7,15000,7.408,22.224,,240,,,,,,,,,,60,og-post,,,,AAXX 16054 07299 21565 72404 10150 20127 39835 40155 58016 76066 878// 333 69905 82830 87640 90710 91112 93100=
07299,2008-10-16 06:00:00,14.3,1015,-1.7,92,13,10000,3.704,12.964,,120,14.3,16.8,0.4,0,,0,,3.3,13,60,og-post,,,,AAXX 16064 07299 01560 71202 10143 20130 39829 40150 58017 6///2 760/6 878// 333 10168 20143 32013 55033 6///7 7//// 82830 87650 90710 91107 93100 555 69945=
07299,2008-10-16 07:00:00,14.1,1015.2,-1.2,95,13.3,5000,1.852,5.556,,80,,,1,,,,,,,60,og-post,,,,AAXX 16074 07299 21450 70801 10141 20133 39831 40152 55012 76066 878// 333 60015 81813 87625 90710 91103 93100=
07299,2008-10-16 08:00:00,14.2,1014.9,-0.7,97,13.7,9000,3.704,7.408,,150,,,2,,,,,,,61,og-post,,,,AAXX 16084 07299 21359 71502 10142 20137 39828 40149 56007 76166 875// 333 60025 81707 87632 90710 91104 93100=
07299,2008-10-16 09:00:00,14.6,1014.9,-0.1,94,13.6,10000,12.964,24.076,,230,,,1,4,,,,,,61,og-post,,,,AAXX 16094 07299 21360 72307 10146 20136 39828 40149 58001 76166 875// 333 60047 81707 84618 87630 90710 91113 93100 555 60015=
07299,2008-10-16 10:00:00,14.8,1014.6,-0.5,91,13.3,13000,12.964,33.336,,240,,,0.4,,,,,,,61,og-post,,,,AAXX 16104 07299 21463 72407 10148 20133 39826 40146 56005 76166 878// 333 69945 81810 83618 87634 90710 91118 93100=
07299,2008-10-16 11:00:00,15.7,1013.9,-0.8,86,13.4,15000,5.556,18.52,,230,,,0.4,,,,,,,21,og-post,,,,AAXX 16114 07299 21465 72303 10157 20134 39820 40139 58008 72162 8587/ 333 69945 82816 84634 87358 90710 91110 93100=
07299,2008-10-16 12:00:00,16.9,1013.1,-1.5,81,13.6,18000,14.816,27.78,,240,,,0,0.8,5,,,,,3,og-post,,,,AAXX 16124 07299 01568 72408 10169 20136 39813 40131 58015 60051 70362 8483/ 333 69987 82822 83628 86357 90710 91115 93100 555 60005=
07299,2008-10-16 13:00:00,16.6,1012.7,-1.7,84,13.9,10000,20.372,33.336,,250,,,,,,,,,,80,og-post,,,,AAXX 16134 07299 21460 72511 10166 20139 39809 40127 56017 78086 8583/ 333 69905 82816 85625 86357 90710 91118 93100=
07299,2008-10-16 14:00:00,12.3,1014.7,0.4,90,10.7,8000,22.224,46.3,,310,,,0.6,,,,,,,80,og-post,,,,AAXX 16144 07299 21458 73112 10123 20107 39824 40147 53004 78086 878// 333 69965 82811 87628 90710 91125 93100=
07299,2008-10-16 15:00:00,12.3,1015.2,1.5,86,10,20000,12.964,22.224,,250,,,,0.6,,,,,,25,og-post,,,,AAXX 16154 07299 21470 72507 10123 20100 39828 40152 53015 72586 878// 333 69967 81813 87644 90710 91112 93100 555 69905=
07299,2008-10-16 16:00:00,12.1,1015.6,2.3,89,10.3,30000,18.52,27.78,,250,,,0.2,,,,,,,25,og-post,,,,AAXX 16164 07299 21480 72510 10121 20103 39832 40156 51023 72586 8583/ 333 69925 81813 85644 87357 90710 91115 93100=
07299,2008-10-16 17:00:00,11.9,1016.1,1.3,88,10,15000,18.52,27.78,,240,,,,,,,,,,80,og-post,,,,AAXX 16174 07299 21465 72410 10119 20100 39837 40161 53013 78086 878// 333 69905 81816 87643 90710 91115 93100=
07299,2008-10-16 18:00:00,12.3,1016.5,1.3,88,10.4,10000,16.668,29.632,,240,11.8,17.4,,0.2,,6,,,,25,og-post,,,,AAXX 16184 07299 01460 72409 10123 20104 39841 40165 52013 60062 72586 878// 333 10174 20118 69927 81816 85630 87357 90710 91116 93100 555 69905=
07299,2008-10-16 19:00:00,12.1,1017.4,1.8,92,10.8,11000,11.112,25.928,,270,,,0.4,,,,,,,60,og-post,,,,AAXX 16194 07299 21461 72706 10121 20108 39850 40174 53018 76062 878// 333 69945 83816 83633 87656 90710 91114 93100=
07299,2008-10-16 20:00:00,11.2,1018.1,1.8,89,9.5,11000,14.816,24.076,,250,,,0.2,,,,,,,60,og-post,,,,AAXX 16204 07299 21461 72508 10112 20095 39855 40181 53018 76066 878// 333 69925 82816 87656 90710 91113 93100=
07299,2008-10-16 21:00:00,10.7,1018.9,2.1,90,9.1,12000,11.112,31.484,,300,,,,0.6,,,,,,60,og-post,,,,AAXX 16214 07299 21462 73006 10107 20091 39862 40189 51021 76062 878// 333 69967 82816 87650 90710 91117 93100 555 69905=
07299,2008-10-16 22:00:00,10.5,1019.3,1.6,91,9.1,12000,7.408,18.52,,290,,,0.2,,,,,,,21,og-post,,,,AAXX 16224 07299 21462 72904 10105 20091 39866 40193 51016 72162 878// 333 69925 82812 83630 87656 90710 91110 93100=
07299,2008-10-16 23:00:00,10.3,1019.3,1.1,91,8.9,12000,5.556,24.076,,310,,,0,,,,,,,21,og-post,,,,AAXX 16234 07299 21462 73103 10103 20089 39866 40193 51011 72122 8783/ 333 60005 82816 83628 85656 90710 91113 93100=
07299,2008-10-17 00:00:00,9.8,1019.4,0.4,93,8.7,12000,11.112,18.52,,260,,,0,0.2,0.8,,,,,1,og-post,,,,AAXX 17004 07299 01462 72606 10098 20087 39866 40194 51004 69981 70162 8783/ 333 69927 81816 83633 87358 90710 91110 93100 555 60005=
07299,2008-10-17 01:00:00,9.5,1019.8,0.4,94,8.6,19000,7.408,18.52,,260,,,0,,,,,,,0,og-post,,,,AAXX 17014 07299 24569 82604 10095 20086 39870 40198 53004 700// 333 60005 90710 91110=
07299,2008-10-17 02:00:00,8,1020,0.4,92,6.8,17000,5.556,12.964,,350,,,0,,,,,,,0,og-post,,,,AAXX 17024 07299 24567 /3503 10080 20068 39870 40200 52004 700// 333 60005 90710 91107=
07299,2008-10-17 03:00:00,5.8,1020.5,0.6,96,5.2,4000,5.556,9.26,,310,,,0,0,,,,,,12,og-post,,,,AAXX 17034 07299 21240 33103 10058 20052 39872 40205 51006 712// 83800 333 60007 81704 90710 91105 93100 555 60005=
07299,2008-10-17 04:00:00,6.5,1020.5,0.3,97,6.1,4000,3.704,7.408,,250,,,0,,,,,,,12,og-post,,,,AAXX 17044 07299 21240 42502 10065 20061 39873 40205 53003 71200 84800 333 60005 81704 84639 90710 91104 93100=
07299,2008-10-17 05:00:00,6.4,1020.9,0.6,97,6,5000,3.704,7.408,,90,,,0,,,,,,,12,og-post,,,,AAXX 17054 07299 21250 60902 10064 20060 39876 40209 53006 71211 83801 333 60005 81704 83633 90710 91104 93100=
07299,2008-10-17 06:00:00,5.2,1021.3,0.7,97,4.8,1500,,7.408,,,5.2,12.4,0,0,,0.8,6.4,0,3,40,og-post,,,,AAXX 17064 07299 01115 40000 10052 20048 39879 40213 53007 69982 740// 82601 333 10124 20052 32003 55000 60007 70064 82702 83073 90710 91104 93100 555 60005=
07299,2008-10-17 07:00:00,6.5,1021.8,1.2,98,6.2,2000,,3.704,,,,,0,,,,,,,40,og-post,,,,AAXX 17074 07299 21020 40000 10065 20062 39885 40218 53012 74041 82801 333 60005 81701 83073 90710 91102 93100=
07299,2008-10-17 08:00:00,8.5,1022,1.4,91,7.1,6000,3.704,9.26,,340,,,0,,,,,,,,og-post,,,,AAXX 17084 07299 22156 73402 10085 20071 39890 40220 53014 878// 333 60005 81803 85806 85610 90710 91105 93100=
07299,2008-10-17 09:00:00,8.1,1022.4,1.4,89,6.4,10000,9.26,14.816,,340,,,0,0,,,,,,3,og-post,,,,AAXX 17094 07299 21360 73405 10081 20064 39893 40224 51014 70341 878// 333 60007 85808 86610 90710 91108 93100 555 60005=
07299,2008-10-17 10:00:00,9.4,1022.2,0.8,83,6.7,12000,7.408,16.668,,360,,,0,,,,,,,,og-post,,,,AAXX 17104 07299 22462 23604 10094 20067 39893 40222 51008 82200 333 60005 82810 90710 91109 93100=
07299,2008-10-17 11:00:00,11.1,1021.5,-0.2,76,7,18000,3.704,12.964,,340,,,0,,,,,,,,og-post,,,,AAXX 17114 07299 22468 13402 10111 20070 39888 40215 58002 81200 333 60005 81816 90710 91107 93100=
07299,2008-10-17 12:00:00,12.8,1020.7,-1.1,59,5,45000,3.704,11.112,,340,,,0,0,,,,,,1,og-post,,,,AAXX 17124 07299 01583 23402 10128 20050 39882 40207 58011 60001 70141 82200 333 60007 82828 90710 91106 93100 555 60005=
07299,2008-10-17 13:00:00,13,1020.4,-1.4,45,1.3,45000,3.704,20.372,,310,,,0,,,,,,,,og-post,,,,AAXX 17134 07299 22683 13102 10130 20013 39879 40204 56014 81201 333 60005 81845 90710 91111 93100=
07299,2008-10-17 14:00:00,13.3,1020.2,-1.1,49,2.8,50000,11.112,18.52,,340,,,0,,,,,,,,og-post,,,,AAXX 17144 07299 22684 13406 10133 20028 39877 40202 56011 81201 333 60005 81845 90710 91110 93100=
07299,2008-10-17 15:00:00,13,1020.1,-0.6,48,2.2,50000,9.26,16.668,,350,,,0,0,,,,,,,og-post,,,,AAXX 17154 07299 22684 13505 10130 20022 39876 40201 56006 81801 333 60007 81845 90710 91109 93100 555 60005=
07299,2008-10-17 16:00:00,11.5,1020.4,-0.2,55,2.8,40000,9.26,16.668,,350,,,0,,,,,,,,og-post,,,,AAXX 17164 07299 22682 13505 10115 20028 39877 40204 55002 81801 333 60005 81845 90710 91109 93100=
07299,2008-10-17 17:00:00,7.6,1021.2,0.4,78,4,40000,5.556,14.816,,300,,,0,,,,,,,,og-post,,,,AAXX 17174 07299 22782 13003 10076 20040 39881 40212 53004 81501 333 60005 81650 90710 91108 93100=
07299,2008-10-17 18:00:00,5.9,1021.8,0.8,83,3.2,25000,5.556,7.408,,310,4.9,13.8,0,0,,0,,,,,og-post,,,,AAXX 17184 07299 02775 13103 10059 20032 39884 40218 53008 6///2 81501 333 10138 20049 6///7 81650 90710 91104 93100 555 6///5=
07299,2008-10-17 19:00:00,5.2,1021.7,0.6,89,3.5,25000,5.556,9.26,,310,,,0,,,,,,,,og-post,,,,AAXX 17194 07299 22775 13103 10052 20035 39883 40217 50006 81501 333 60005 81650 90710 91105 93100=
07299,2008-10-17 20:00:00,5.2,1022,0.5,92,4,13000,1.852,7.408,,290,,,0,,,,,,,,og-post,,,,AAXX 17204 07299 22763 32901 10052 20040 39886 40220 52005 83501 333 60005 83650 90710 91104 93100=
07299,2008-10-17 21:00:00,4,1022.3,0.3,93,3,13000,3.704,5.556,,240,,,0,0,,,,,,,og-post,,,,AAXX 17214 07299 22763 12402 10040 20030 39887 40223 53003 8150/ 333 60007 81650 90710 91103 93100 555 60005=
07299,2008-10-17 22:00:00,3.4,1022.3,0.3,95,2.7,13000,,5.556,,,,,0,,,,,,,,og-post,,,,AAXX 17224 07299 22963 00000 10034 20027 39886 40223 50003 333 60005 90710 91103 93100=
07299,2008-10-17 23:00:00,2.1,1022.3,-0.1,95,1.4,13000,3.704,5.556,,270,,,0,,,,,,,,og-post,,,,AAXX 17234 07299 22963 02702 10021 20014 39885 40223 58001 333 60005 90710 91103 93100=
07299,2008-10-18 00:00:00,2.1,1022,-0.5,97,1.7,6000,,5.556,,,,,0,0,,,,,,,og-post,,,,AAXX 18004 07299 02956 00000 10021 20017 39882 40220 58005 60001 333 60007 90710 91103 93100 555 60005=
07299,2008-10-18 01:00:00,1.1,1022.1,-0.5,96,0.5,4100,1.852,5.556,,250,,,0,,,,,,,10,og-post,,,,AAXX 18014 07299 24941 /2501 10011 20005 39881 40221 57005 710// 333 60005 90710 91103=
07299,2008-10-18 02:00:00,1.8,1021.9,-0.5,97,1.4,3800,1.852,5.556,,190,,,0,,,,,,,10,og-post,,,,AAXX 18024 07299 24938 /1901 10018 20014 39880 40219 56005 710// 333 60005 90710 91103=
07299,2008-10-18 03:00:00,0.9,1021.6,-0.6,97,0.5,5000,1.852,5.556,,220,,,0,0,,,,,,0,og-post,,,,AAXX 18034 07299 21350 12201 10009 20005 39876 40216 58006 700// 81600 333 60007 81708 90710 91103 93100 555 60005=
07299,2008-10-18 04:00:00,0.5,1021.5,-0.6,97,0.1,4500,3.704,5.556,,230,,,0,,,,,,,10,og-post,,,,AAXX 18044 07299 21245 12302 10005 20001 39875 40215 57006 71000 81600 333 60005 81704 90710 91103 93100=
07299,2008-10-18 05:00:00,0.1,1021.6,-0.5,97,-0.3,2500,3.704,5.556,,270,,,0,,,,,,,10,og-post,,,,AAXX 18054 07299 21025 22702 10001 21003 39875 40216 56005 71000 82600 333 60005 82701 90710 91103 93100=
07299,2008-10-18 06:00:00,0.1,1021.9,0.2,97,-0.3,600,1.852,3.704,,260,-0.1,6.3,0,0,,,,8.6,-2,41,og-post,,,,AAXX 18064 07299 01006 62601 10001 21003 39878 40219 53002 60002 741// 83601 333 10063 21001 31102 55086 60007 7//// 83701 86075 90710 91102 93100 555 60005=
07299,2008-10-18 07:00:00,0.8,1022.3,0.8,98,0.5,2500,,3.704,,,,,0,,,,,,,10,og-post,,,,AAXX 18074 07299 21025 60000 10008 20005 39883 40223 53008 71042 81602 333 60005 81701 86073 90710 91102 93100=
07299,2008-10-18 08:00:00,4.6,1021.9,0.9,96,4,7000,3.704,5.556,,160,,,0,,,,,,,,og-post,,,,AAXX 18084 07299 22057 61602 10046 20040 39884 40219 51009 81602 333 60005 81701 86073 90710 91103 93100=
07299,2008-10-18 09:00:00,7.1,1021.5,0.5,82,4.2,15000,3.704,7.408,,200,,,0,0,,,,,,1,og-post,,,,AAXX 18094 07299 21365 72002 10071 20042 39883 40215 50005 70142 81602 333 60007 81706 87073 90710 91104 93100 555 60005=
07299,2008-10-18 10:00:00,9.6,1021.2,0,71,4.6,20000,1.852,7.408,,330,,,0,,,,,,,,og-post,,,,AAXX 18104 07299 22570 73301 10096 20046 39883 40212 50000 81102 333 60005 81820 87073 90710 91104 93100=
07299,2008-10-18 11:00:00,11.4,1020.7,-0.4,63,4.6,25000,3.704,9.26,,80,,,0,,,,,,,,og-post,,,,AAXX 18114 07299 22/75 70802 10114 20046 39880 40207 58004 80002 333 60005 87073 90710 91105 93100=
07299,2008-10-18 12:00:00,12.5,1020.1,-0.7,59,4.7,28000,5.556,12.964,,50,,,0,0,,,,,,1,og-post,,,,AAXX 18124 07299 01/78 30503 10125 20047 39876 40201 58007 60001 70141 80002 333 60007 83073 90710 91107 93100 555 60005=
07299,2008-10-18 13:00:00,13.7,1019.5,-1.2,52,4,28000,1.852,7.408,,350,,,0,,,,,,,,og-post,,,,AAXX 18134 07299 22/78 43501 10137 20040 39871 40195 58012 80002 333 60005 84073 90710 91104 93100=
07299,2008-10-18 14:00:00,14.1,1019.7,-0.7,53,4.7,28000,5.556,14.816,,320,,,0,,,,,,,,og-post,,,,AAXX 18144 07299 22778 73203 10141 20047 39873 40197 55007 86502 333 60005 86650 83073 90710 91108 93100=
07299,2008-10-18 15:00:00,13.5,1019.8,-0.2,59,5.6,28000,3.704,11.112,,320,,,0,0,,,,,,,og-post,,,,AAXX 18154 07299 22678 73202 10135 20056 39874 40198 55002 81804 333 60007 81836 87073 90710 91106 93100 555 60005=
07299,2008-10-18 16:00:00,13.5,1019.9,0.4,58,5.4,28000,,5.556,,,,,0,,,,,,,,og-post,,,,AAXX 18164 07299 22778 70000 10135 20054 39875 40199 52004 81502 333 60005 81650 87073 90710 91103 93100=
07299,2008-10-18 17:00:00,10,1020.9,0.8,78,6.3,28000,3.704,5.556,,260,,,0,,,,,,,,og-post,,,,AAXX 18174 07299 22778 72602 10100 20063 39881 40209 53008 84502 333 60005 84650 86073 90710 91103 93100=
07299,2008-10-18 18:00:00,7.8,1021.8,1.3,88,5.9,25000,,5.556,,,0.1,14.7,0,0,,,,,,,og-post,,,,AAXX 18184 07299 02775 60000 10078 20059 39887 40218 53013 60002 81502 333 10147 20001 60007 81650 85073 90710 91103 93100 555 60005=
07299,2008-10-18 19:00:00,6.7,1022.5,1.7,93,5.6,20000,5.556,7.408,,240,,,0,,,,,,,,og-post,,,,AAXX 18194 07299 22/70 52403 10067 20056 39892 40225 51017 80002 333 60005 85073 90710 91104 93100=
07299,2008-10-18 20:00:00,6.5,1023.3,1.9,93,5.4,16000,1.852,7.408,,150,,,0,,,,,,,,og-post,,,,AAXX 18204 07299 22666 61501 10065 20054 39900 40233 53019 84502 333 60005 84648 84073 90710 91104 93100=
07299,2008-10-18 21:00:00,5.7,1024,1.9,94,4.8,15000,,3.704,,,,,0,0,,,,,,,og-post,,,,AAXX 18214 07299 22665 40000 10057 20048 39906 40240 53019 84500 333 60007 84643 90710 91102 93100 555 60005=
07299,2008-10-18 22:00:00,6.1,1024.2,1.6,96,5.5,15000,1.852,5.556,,310,,,0,,,,,,,,og-post,,,,AAXX 18224 07299 22665 53101 10061 20055 39908 40242 51016 85500 333 60005 85643 90710 91103 93100=
07299,2008-10-18 23:00:00,7.2,1024.3,1,96,6.6,15000,1.852,3.704,,290,,,0,,,,,,,,og-post,,,,AAXX 18234 07299 22665 62901 10072 20066 39910 40243 51010 86500 333 60005 86643 90710 91102 93100=
07299,2008-10-19 00:00:00,7.6,1024.4,0.6,94,6.7,15000,,5.556,,,,,0,0,,,,,,,og-post,,,,AAXX 19004 07299 02665 70000 10076 20067 39912 40244 52006 60001 875// 333 60007 87636 90710 91103 93100 555 60005=
07299,2008-10-19 01:00:00,6,1024.8,0.6,95,5.3,5000,5.556,5.556,,300,,,0,,,,,,,0,og-post,,,,AAXX 19014 07299 24650 /3003 10060 20053 39914 40248 52006 700// 333 60005 90710 91103=
07299,2008-10-19 02:00:00,4.8,1025,0.4,96,4.2,300,,3.704,,,,,0,,,,,,,45,og-post,,,,AAXX 19024 07299 24903 /0000 10048 20042 39914 40250 51004 745// 333 60005 90710 91102=
07299,2008-10-19 03:00:00,3.5,1025.2,0.2,97,3.1,7000,3.704,9.26,,320,,,0,0,,,,,,0,og-post,,,,AAXX 19034 07299 21157 33202 10035 20031 39914 40252 51002 700// 81630 333 60007 81702 83358 90710 91105 93100 555 60005=
07299,2008-10-19 04:00:00,3.2,1025.3,0.1,97,2.8,10000,3.704,5.556,,220,,,0,,,,,,,,og-post,,,,AAXX 19044 07299 22160 32202 10032 20028 39915 40253 53001 83500 333 60005 81702 83636 90710 91103 93100=
07299,2008-10-19 05:00:00,2.5,1025.3,0,97,2.1,8000,1.852,5.556,,220,,,0,,,,,,,,og-post,,,,AAXX 19054 07299 22158 12201 10025 20021 39914 40253 50000 81600 333 60005 81702 90710 91103 93100=
07299,2008-10-19 06:00:00,1.4,1026,0.5,97,1,700,7.408,9.26,,340,1,7.9,0,0,,,0,8,-1,41,og-post,,,,AAXX 19064 07299 01007 73404 10014 20010 39919 40260 53005 60002 741// 83602 333 10079 20010 30101 55080 60007 70000 83701 85073 90710 91105 93100 555 60005=
07299,2008-10-19 07:00:00,3.8,1026.4,1.1,99,3.7,300,3.704,11.112,,280,,,0,,,,,,,46,og-post,,,,AAXX 19074 07299 21003 62802 10038 20037 39926 40264 53011 74644 85602 333 60005 85701 83073 90710 91106 93100=
07299,2008-10-19 08:00:00,5.9,1026.5,1.6,99,5.8,1800,,5.556,,,,,0,,,,,,,28,og-post,,,,AAXX 19084 07299 21018 50000 10059 20058 39930 40265 51016 72841 82602 333 60005 82701 85073 90710 91103 93100=
07299,2008-10-19 09:00:00,7.4,1026.3,1.1,98,7.1,5000,,7.408,,,,,0,0,,,,,,0,og-post,,,,AAXX 19094 07299 24150 70000 10074 20071 39930 40263 51011 700// 333 60007 90710 91104 555 60005=
07299,2008-10-19 10:00:00,9.8,1025.9,0.3,86,7.6,10000,5.556,9.26,,330,,,0,,,,,,,,og-post,,,,AAXX 19104 07299 22360 33303 10098 20076 39929 40259 50003 81101 333 60005 81809 83073 90710 91105 93100=
07299,2008-10-19 11:00:00,12.9,1025.1,-0.5,74,8.4,20000,3.704,11.112,,350,,,0,,,,,,,,og-post,,,,AAXX 19114 07299 22970 23502 10129 20084 39925 40251 58005 80001 333 60005 82073 90710 91106 93100=
07299,2008-10-19 12:00:00,14.7,1024.1,-1.3,64,8,20000,3.704,9.26,,10,,,0,0,,,,,,3,og-post,,,,AAXX 19124 07299 01970 30102 10147 20080 39917 40241 58013 60001 70341 80001 333 60007 83073 90710 91105 93100 555 60005=
07299,2008-10-19 13:00:00,15,1023.4,-1.8,65,8.5,25000,7.408,14.816,,360,,,0,,,,,,,,og-post,,,,AAXX 19134 07299 22975 33604 10150 20085 39911 40234 58018 80001 333 60005 83073 90710 91108 93100=
07299,2008-10-19 14:00:00,15.6,1023.1,-1.7,59,7.6,25000,5.556,16.668,,10,,,0,,,,,,,,og-post,,,,AAXX 19144 07299 22975 20103 10156 20076 39908 40231 56017 80001 333 60005 82073 90710 91109 93100=
07299,2008-10-19 15:00:00,15.9,1022.7,-1.2,59,7.9,25000,3.704,12.964,,330,,,0,0,,,,,,,og-post,,,,AAXX 19154 07299 22975 23302 10159 20079 39905 40227 56012 80001 333 60007 82073 90710 91107 93100 555 60005=
07299,2008-10-19 16:00:00,15.5,1022.6,-0.8,63,8.5,30000,1.852,5.556,,290,,,0,,,,,,,,og-post,,,,AAXX 19164 07299 22980 32901 10155 20085 39903 40226 56008 80001 333 60005 83073 90710 91103 93100=
07299,2008-10-19 17:00:00,10.7,1023.3,-0.3,86,8.5,25000,1.852,3.704,,270,,,0,,,,,,,,og-post,,,,AAXX 19174 07299 22975 42701 10107 20085 39905 40233 55003 80001 333 60005 84073 90710 91102 93100=
07299,2008-10-19 18:00:00,8.4,1023.8,0.2,92,7.2,20000,,5.556,,,1.5,16.3,0,0,,,,,,,og-post,,,,AAXX 19184 07299 02970 40000 10084 20072 39907 40238 53002 60002 80001 333 10163 20015 60007 84073 90710 91103 93100 555 60005=
07299,2008-10-19 19:00:00,7.6,1024,0.5,93,6.5,18000,,3.704,,,,,0,,,,,,,,og-post,,,,AAXX 19194 07299 22/68 60000 10076 20065 39908 40240 51005 80004 333 60005 86073 90710 91102 93100=
07299,2008-10-19 20:00:00,6.8,1024.2,0.4,96,6.2,18000,3.704,5.556,,210,,,0,,,,,,,,og-post,,,,AAXX 19204 07299 22/68 52102 10068 20062 39909 40242 51004 80001 333 60005 85073 90710 91103 93100=
07299,2008-10-19 21:00:00,5.9,1024.2,0.1,95,5.2,18000,,5.556,,,,,0,0,,,,,,,og-post,,,,AAXX 19214 07299 22/68 60000 10059 20052 39908 40242 50001 80001 333 60007 86073 90710 91103 93100 555 60005=
07299,2008-10-19 22:00:00,6.3,1024.1,0.1,97,5.9,12000,7.408,11.112,,210,,,0,,,,,,,,og-post,,,,AAXX 19224 07299 22/62 62104 10063 20059 39907 40241 50001 80001 333 60005 86073 90710 91106 93100=
07299,2008-10-19 23:00:00,7.6,1023.7,-0.4,95,6.8,10000,9.26,14.816,,170,,,0,,,,,,,,og-post,,,,AAXX 19234 07299 22/60 31705 10076 20068 39905 40237 58004 80001 333 60005 83073 90710 91108 93100=
07299,2008-10-20 00:00:00,7.8,1023.8,-0.2,95,7,15000,11.112,16.668,,180,,,0,0,,,,,,,og-post,,,,AAXX 20004 07299 02/65 21806 10078 20070 39906 40238 55002 60001 80001 333 60007 82073 90710 91109 93100 555 60005=
07299,2008-10-20 01:00:00,7.9,1023.7,-0.2,94,7,8000,11.112,16.668,,190,,,0.2,,,,,,,0,og-post,,,,AAXX 20014 07299 24958 /1906 10079 20070 39905 40237 56002 700// 333 69925 90710 91109=
07299,2008-10-20 02:00:00,8.1,1023.1,-0.5,94,7.2,8000,12.964,18.52,,180,,,0,,,,,,,0,og-post,,,,AAXX 20024 07299 24958 /1807 10081 20072 39900 40231 58005 700// 333 60005 90710 91110=
07299,2008-10-20 03:00:00,8,1023.1,-0.6,94,7.1,8000,11.112,18.52,,180,,,0,0.2,,,,,,3,og-post,,,,AAXX 20034 07299 21758 41806 10080 20071 39900 40231 56006 703// 83501 333 69927 83650 90710 91110 93100 555 60005=
07299,2008-10-20 04:00:00,7.6,1023,-0.7,94,6.7,8000,11.112,18.52,,180,,,0,,,,,,,,og-post,,,,AAXX 20044 07299 22758 21806 10076 20067 39898 40230 56007 81501 333 60005 81650 90710 91110 93100=
07299,2008-10-20 05:00:00,7.7,1022.5,-0.6,95,6.9,8000,12.964,18.52,,180,,,0,,,,,,,,og-post,,,,AAXX 20054 07299 22758 21807 10077 20069 39894 40225 58006 81501 333 60005 81650 90710 91110 93100=
07299,2008-10-20 06:00:00,7.8,1022.2,-0.9,96,7.2,8000,12.964,20.372,,180,5.5,8.5,0,0,,0.2,0.2,7.3,3,3,og-post,,,,AAXX 20064 07299 01758 71807 10078 20072 39891 40222 57009 69922 703// 875// 333 10085 20055 30003 55073 60007 70002 87650 90710 91111 93100 555 60005=
07299,2008-10-20 07:00:00,9.2,1022.4,-0.4,93,8.1,9000,11.112,22.224,,180,,,0,,,,,,,,og-post,,,,AAXX 20074 07299 22759 11806 10092 20081 39894 40224 55004 81500 333 60005 81650 90710 91112 93100=
07299,2008-10-20 08:00:00,12.2,1022.3,0.3,85,9.8,12000,9.26,18.52,,170,,,0,,,,,,,,og-post,,,,AAXX 20084 07299 22462 21705 10122 20098 39897 40223 53003 82800 333 60005 81810 90710 91110 93100=
07299,2008-10-20 09:00:00,13.9,1022.2,0.7,78,10.1,15000,9.26,18.52,,160,,,0,0,,,,,,,og-post,,,,AAXX 20094 07299 22465 21605 10139 20101 39898 40222 51007 82800 333 60007 81815 90710 91110 93100 555 60005=
07299,2008-10-20 10:00:00,14.9,1021.9,0.2,76,10.7,20000,7.408,12.964,,150,,,0,,,,,,,,og-post,,,,AAXX 20104 07299 22570 61504 10149 20107 39896 40219 50002 86800 333 60005 81820 86650 90710 91107 93100=
07299,2008-10-20 11:00:00,18,1021,-0.6,65,11.3,20000,7.408,14.816,,150,,,0,,,,,,,,og-post,,,,AAXX 20114 07299 22570 21504 10180 20113 39891 40210 58006 82800 333 60005 81826 90710 91108 93100=
07299,2008-10-20 12:00:00,20,1019.8,-1.6,61,12.2,20000,5.556,12.964,,120,,,0,0,,,,,,,og-post,,,,AAXX 20124 07299 02570 11203 10200 20122 39882 40198 58016 60001 81800 333 60007 81830 90710 91107 93100 555 60005=
07299,2008-10-20 13:00:00,20.7,1018.8,-2.3,60,12.7,30000,7.408,25.928,,130,,,0,,,,,,,,og-post,,,,AAXX 20134 07299 22680 11304 10207 20127 39873 40188 58023 81100 333 60005 81836 90710 91114 93100=
07299,2008-10-20 14:00:00,21.1,1018,-2.6,57,12.2,30000,7.408,16.668,,130,,,0,,,,,,,,og-post,,,,AAXX 20144 07299 22680 11304 10211 20122 39865 40180 56026 81100 333 60005 81840 90710 91109 93100=
07299,2008-10-20 15:00:00,20.8,1017.2,-2.5,57,12,30000,11.112,16.668,,130,,,0,0,,,,,,,og-post,,,,AAXX 20154 07299 22680 11306 10208 20120 39857 40172 56025 81100 333 60007 81840 90710 91109 93100 555 60005=
07299,2008-10-20 16:00:00,18.3,1016.8,-2.2,67,12.1,30000,7.408,16.668,,130,,,0,,,,,,,,og-post,,,,AAXX 20164 07299 22680 21304 10183 20121 39851 40168 56022 82800 333 60005 81840 90710 91109 93100=
07299,2008-10-20 17:00:00,14.7,1017.1,-1.5,81,11.5,30000,5.556,9.26,,230,,,0,,,,,,,,og-post,,,,AAXX 20174 07299 22680 32303 10147 20115 39850 40171 56015 83800 333 60005 81846 83656 90710 91105 93100=
07299,2008-10-20 18:00:00,14.1,1017,-0.9,83,11.3,20000,5.556,9.26,,160,7.8,21.2,0,0,,,,,,,og-post,,,,AAXX 20184 07299 02670 11603 10141 20113 39848 40170 56009 60002 81800 333 10212 20078 60007 81846 90710 91105 93100 555 60005=
07299,2008-10-20 19:00:00,11.4,1017.6,-0,90,9.8,20000,1.852,5.556,,260,,,0,,,,,,,,og-post,,,,AAXX 20194 07299 22870 12601 10114 20098 39851 40176 55000 81500 333 60005 81656 90710 91103 93100=
07299,2008-10-20 20:00:00,11.1,1017.9,0.3,96,10.5,20000,7.408,9.26,,170,,,0,,,,,,,,og-post,,,,AAXX 20204 07299 22970 31704 10111 20105 39853 40179 53003 83030 333 60005 83362 90710 91105 93100=
07299,2008-10-20 21:00:00,12.3,1017.6,0.4,94,11.4,15000,5.556,11.112,,150,,,0,0,,,,,,,og-post,,,,AAXX 20214 07299 22765 71503 10123 20114 39852 40176 51004 8153/ 333 6///7 81656 87362 90710 91106 93100 555 6///5=
07299,2008-10-20 22:00:00,13,1017.3,-0.1,89,11.2,15000,7.408,14.816,,180,,,0,,,,,,,,og-post,,,,AAXX 20224 07299 22965 71804 10130 20112 39850 40173 58001 8703/ 333 60005 81360 87362 90710 91108 93100=
07299,2008-10-20 23:00:00,12.8,1017.1,-0.6,90,11.2,15000,7.408,11.112,,160,,,0,,,,,,,,og-post,,,,AAXX 20234 07299 22765 71604 10128 20112 39847 40171 58006 8553/ 333 60005 85656 86362 90710 91106 93100=
07299,2008-10-21 00:00:00,13.1,1016.9,-0.6,87,11,15000,5.556,11.112,,180,,,0,0,0,,,,,,og-post,,,,AAXX 21004 07299 02765 71803 10131 20110 39846 40169 56006 6///1 875// 333 60007 87650 90710 91106 93100 555 60005=
07299,2008-10-21 01:00:00,12.7,1016.8,-0.6,88,10.8,17000,5.556,11.112,,220,,,0,,,,,,,0,og-post,,,,AAXX 21014 07299 24767 82203 10127 20108 39844 40168 56006 700// 333 60005 90710 91106=
07299,2008-10-21 02:00:00,12.7,1016.1,-0.9,90,11.1,18000,9.26,12.964,,170,,,0.2,,,,,,,0,og-post,,,,AAXX 21024 07299 24668 81705 10127 20111 39838 40161 58009 700// 333 69925 90710 91107=
07299,2008-10-21 03:00:00,12.7,1015.6,-1.3,92,11.4,,5.556,12.964,,150,,,,0.2,,,,,,21,og-post,,,,AAXX 21034 07299 217// 71503 10127 20114 39833 40156 58013 721// 875// 333 69927 87650 90710 91107 93100 555 69905=
07299,2008-10-21 04:00:00,12.2,1015.3,-1.5,94,11.3,,3.704,9.26,,160,,,0,,,,,,,,og-post,,,,AAXX 21044 07299 227// 71602 10122 20113 39829 40153 56015 8353/ 333 60005 83650 85360 90710 91105 93100=
07299,2008-10-21 05:00:00,11.5,1014.9,-1.3,95,10.7,15000,3.704,9.26,,180,,,0,,,,,,,,og-post,,,,AAXX 21054 07299 22665 71802 10115 20107 39825 40149 56013 8283/ 333 60005 81840 86359 90710 91105 93100=
07299,2008-10-21 06:00:00,10.8,1015.1,-0.7,96,10.2,9000,,7.408,,,10.5,13.9,,,,0.2,0.2,8.1,9,80,og-post,,,,AAXX 21064 07299 01659 70000 10108 20102 39826 40151 55007 69922 780// 8387/ 333 10139 20105 31009 55081 69907 70002 81840 83650 87358 90710 91104 93100 555 69905=
07299,2008-10-21 07:00:00,12,1015.2,-0.1,97,11.5,13000,3.704,7.408,,240,,,0.2,,,,,,,80,og-post,,,,AAXX 21074 07299 21663 72402 10120 20115 39828 40152 55001 78086 8687/ 333 69925 81840 86650 87358 90710 91104 93100=
07299,2008-10-21 08:00:00,14.6,1014.5,0,94,13.6,15000,11.112,16.668,,150,,,0.2,,,,,,,25,og-post,,,,AAXX 21084 07299 21565 71506 10146 20136 39825 40145 50000 72586 83889 333 69925 81830 83650 85361 90710 91109 93100=
07299,2008-10-21 09:00:00,14.8,1014.6,-0,91,13.3,15000,9.26,18.52,,180,,,,0.4,,,,,,25,og-post,,,,AAXX 21094 07299 21565 71805 10148 20133 39826 40146 54000 72586 8388/ 333 69947 81825 83648 87360 90710 91110 93100 555 69905=
07299,2008-10-21 10:00:00,16.8,1013.9,-0.7,84,14.1,30000,11.112,14.816,,140,,,0,,,,,,,14,og-post,,,,AAXX 21104 07299 21580 71406 10168 20141 39821 40139 58007 71422 8587/ 333 60005 81825 85650 87357 90710 91108 93100=
07299,2008-10-21 11:00:00,17.5,1013.4,-0.8,79,13.8,15000,11.112,14.816,,130,,,0,,,,,,,,og-post,,,,AAXX 21114 07299 22565 71306 10175 20138 39817 40134 58008 8387/ 333 60005 81826 83650 87360 90710 91108 93100=
07299,2008-10-21 12:00:00,18.1,1012.3,1.9,77,14,15000,11.112,18.52,,130,,,0,0,0.4,,,,,3,og-post,,,,AAXX 21124 07299 01565 71306 10181 20140 39807 40123 5/019 69941 70382 8487/ 333 60007 81826 83646 87357 90710 91110 93100 555 60005=
07299,2008-10-21 13:00:00,17.8,1012,-1.7,84,15.1,4500,5.556,16.668,,170,,,1,,,,,,,81,og-post,,,,AAXX 21134 07299 21545 71703 10178 20151 39804 40120 56017 78186 8537/ 333 60015 81820 81930 85646 87358 90710 91109 93100=
07299,2008-10-21 14:00:00,16.3,1012.5,-1,92,15,3000,14.816,24.076,,310,,,4,,,,,,,95,og-post,,,,AAXX 21144 07299 21430 83108 10163 20150 39807 40125 55010 79598 879// 333 60045 82813 83930 86636 90710 91113 93100=
07299,2008-10-21 15:00:00,16.2,1012.9,0.4,90,14.6,10000,9.26,24.076,,300,,,,5,,,,,,29,og-post,,,,AAXX 21154 07299 21360 83005 10162 20146 39811 40129 53004 72998 879// 333 60057 81708 83928 85640 90710 91113 93100 555 69905=
07299,2008-10-21 16:00:00,15.3,1013,0.7,92,14,10000,1.852,27.78,,220,,,0.8,,,,,,,25,og-post,,,,AAXX 21164 07299 21360 82201 10153 20140 39811 40130 53007 72586 879// 333 69985 81706 81928 83641 87656 90710 91115 93100=
07299,2008-10-21 17:00:00,14.9,1013.4,0.7,96,14.3,12000,5.556,9.26,,110,,,0.2,,,,,,,61,og-post,,,,AAXX 21174 07299 21362 81103 10149 20143 39814 40134 51007 76186 8587/ 333 69925 81706 84650 88358 90710 91105 93100=
07299,2008-10-21 18:00:00,14.6,1013.7,0.6,97,14.1,9000,1.852,11.112,,140,10.8,18.1,0.2,1,,7,,,,61,og-post,,,,AAXX 21184 07299 01359 81401 10146 20141 39817 40137 53006 60072 76198 8687/ 333 10181 20108 60017 81706 84816 88359 90710 91106 93100 555 69925=
07299,2008-10-21 19:00:00,14.4,1013.8,0.7,97,13.9,12000,1.852,9.26,,290,,,0.2,,,,,,,60,og-post,,,,AAXX 21194 07299 21462 82901 10144 20139 39818 40138 51007 76066 8687/ 333 69925 84814 83626 88359 90710 91105 93100=
07299,2008-10-21 20:00:00,14.6,1014.2,0.8,98,14.3,7000,1.852,7.408,,310,,,0.8,,,,,,,61,og-post,,,,AAXX 21204 07299 21357 83101 10146 20143 39822 40142 53008 76166 878// 333 69985 81709 85812 87623 90710 91104 93100=
07299,2008-10-21 21:00:00,14.5,1014.6,0.8,98,14.2,9000,3.704,7.408,,220,,,0.4,1,,,,,,60,og-post,,,,AAXX 21214 07299 21459 82202 10145 20142 39825 40146 53008 76066 878// 333 60017 82814 84623 87633 90710 91104 93100 555 69945=
07299,2008-10-21 22:00:00,11,1015.4,1.1,96,10.4,8000,20.372,38.892,,340,,,0.4,,,,,,,61,og-post,,,,AAXX 21224 07299 21158 83411 10110 20104 39829 40154 52011 76166 878// 333 69945 81703 85812 87633 90710 91121 93100=
07299,2008-10-21 23:00:00,10.9,1015.5,0.8,96,10.3,8000,18.52,31.484,,330,,,0.2,,,,,,,60,og-post,,,,AAXX 21234 07299 21258 83310 10109 20103 39830 40155 51008 76066 878// 333 69925 85806 87620 90710 91117 93100=
07299,2008-10-22 00:00:00,10.5,1015.4,0.3,96,9.9,10000,18.52,29.632,,340,,,0.2,0.8,2,,,,,60,og-post,,,,AAXX 22004 07299 01260 83410 10105 20099 39828 40154 50003 60021 76066 878// 333 69987 85805 87630 90710 91116 93100 555 69925=
07299,2008-10-22 01:00:00,10.3,1015.7,0.2,97,9.8,7000,20.372,35.188,,340,,,0.6,,,,,,,61,og-post,,,,AAXX 22014 07299 24257 83411 10103 20098 39831 40157 53002 761// 333 69965 90710 91119=
07299,2008-10-22 02:00:00,9.5,1015.9,0.2,96,8.9,10000,25.928,46.3,,340,,,,,,,,,,61,og-post,,,,AAXX 22024 07299 24260 83414 10095 20089 39832 40159 53002 761// 333 69905 90710 91125=
07299,2008-10-22 03:00:00,8.4,1016.5,0.8,95,7.6,15000,27.78,42.596,,350,,,0.4,1,,,,,,21,og-post,,,,AAXX 22034 07299 21265 83515 10084 20076 39836 40165 53008 721// 878// 333 60017 85806 87630 90710 91123 93100 555 69945=
07299,2008-10-22 04:00:00,8.2,1017.1,1.1,96,7.6,15000,18.52,40.744,,330,,,0.2,,,,,,,,og-post,,,,AAXX 22044 07299 22265 83310 10082 20076 39842 40171 53011 878// 333 69925 85804 87630 90710 91122 93100=
07299,2008-10-22 05:00:00,8,1017.5,1.4,96,7.4,12000,22.224,38.892,,340,,,0.2,,,,,,,60,og-post,,,,AAXX 22054 07299 21262 83412 10080 20074 39846 40175 52014 76062 878// 333 69925 85805 87630 90710 91121 93100=
07299,2008-10-22 06:00:00,7.9,1018.2,1.6,96,7.3,9000,18.52,37.04,,340,7.9,14.7,0.4,0.8,,4,11,0.5,8,60,og-post,,,,AAXX 22064 07299 01259 83410 10079 20073 39852 40182 52016 60042 760// 877// 333 10147 20079 32008 55005 69987 70110 87705 90710 91120 93100 555 69945=
07299,2008-10-22 07:00:00,7.9,1019.3,2.1,96,7.3,9000,20.372,31.484,,330,,,0.2,,,,,,,60,og-post,,,,AAXX 22074 07299 21259 83311 10079 20073 39863 40193 53021 76066 877// 333 69925 87706 90710 91117 93100=
07299,2008-10-22 08:00:00,7.7,1020.3,2.6,97,7.3,4500,22.224,35.188,,330,,,0.6,,,,,,,63,og-post,,,,AAXX 22084 07299 21245 83312 10077 20073 39872 40203 53026 76366 877// 333 69965 87705 90710 91119 93100=
07299,2008-10-22 09:00:00,7.4,1021.1,2.8,96,6.8,4200,24.076,37.04,,340,,,0.4,1,,,,,,63,og-post,,,,AAXX 22094 07299 21242 83413 10074 20068 39880 40211 51028 76366 877// 333 60017 87705 90710 91120 93100 555 69945=
07299,2008-10-22 10:00:00,7.3,1021.8,2.3,96,6.7,5000,22.224,40.744,,340,,,0,,,,,,,63,og-post,,,,AAXX 22104 07299 21250 83412 10073 20067 39886 40218 51023 76366 877// 333 6///5 87705 90710 91122 93100=
07299,2008-10-22 11:00:00,7.1,1022,1.6,96,6.5,5000,22.224,38.892,,340,,,0.4,,,,,,,63,og-post,,,,AAXX 22114 07299 21250 83412 10071 20065 39888 40220 51016 76366 877// 333 69945 87706 90710 91121 93100=
07299,2008-10-22 12:00:00,6.8,1022.6,1.3,95,6.1,8000,27.78,40.744,,340,,,1,2,3,,,,,60,og-post,,,,AAXX 22124 07299 01358 83415 10068 20061 39893 40226 51013 60031 76066 877// 333 60027 87706 90710 91122 93100 555 60015=
07299,2008-10-22 13:00:00,6.6,1023.4,1.5,96,6,4000,25.928,40.744,,330,,,0.8,,,,,,,63,og-post,,,,AAXX 22134 07299 21240 83314 10066 20060 39901 40234 53015 76366 877// 333 69985 87706 90710 91122 93100=
07299,2008-10-22 14:00:00,6.5,1024.2,2,95,5.8,9000,22.224,38.892,,330,,,0.8,,,,,,,61,og-post,,,,AAXX 22144 07299 21359 83312 10065 20058 39908 40242 53020 76166 877// 333 69985 87708 90710 91121 93100=
07299,2008-10-22 15:00:00,6.4,1025.2,2.5,96,5.8,8000,22.224,38.892,,330,,,2,3,,,,,,61,og-post,,,,AAXX 22154 07299 21258 83312 10064 20058 39918 40252 53025 76166 877// 333 60037 87706 90710 91121 93100 555 60025=
07299,2008-10-22 16:00:00,6,1026.3,2.7,95,5.3,8000,24.076,35.188,,330,,,1,,,,,,,61,og-post,,,,AAXX 22164 07299 21258 83313 10060 20053 39928 40263 53027 76166 877// 333 60015 87706 90710 91119 93100=
07299,2008-10-22 17:00:00,5.5,1028,3.6,94,4.6,12000,22.224,37.04,,330,,,0.6,,,,,,,60,og-post,,,,AAXX 22174 07299 21362 83312 10055 20046 39944 40280 53036 76066 875// 333 69965 85706 83622 87650 90710 91120 93100=
07299,2008-10-22 18:00:00,5.4,1029.2,3.7,95,4.7,11000,16.668,31.484,,330,5.4,7.9,0.4,2,,8,,,,60,og-post,,,,AAXX 22184 07299 01361 83309 10054 20047 39955 40292 53037 60082 76066 875// 333 10079 20054 60027 83807 87621 90710 91117 93100 555 69945=
07299,2008-10-22 19:00:00,5.4,1030,3.5,96,4.8,10000,11.112,20.372,,330,,,0.6,,,,,,,58,og-post,,,,AAXX 22194 07299 21260 83306 10054 20048 39963 40300 51035 75866 885// 333 69965 82705 86621 88640 90710 91111 93100=
07299,2008-10-22 20:00:00,5.4,1030.6,2.5,96,4.8,9000,7.408,14.816,,320,,,0.4,,,,,,,58,og-post,,,,AAXX 22204 07299 21259 83204 10054 20048 39969 40306 51025 75866 8752/ 333 69945 82705 86640 88457 90710 91108 93100=
07299,2008-10-22 21:00:00,5.4,1030.8,1.6,96,4.8,11000,3.704,11.112,,330,,,0.4,1,,,,,,58,og-post,,,,AAXX 22214 07299 21161 83302 10054 20048 39971 40308 51016 75866 8672/ 333 60017 81703 84705 85640 90710 91106 93100 555 69945=
07299,2008-10-22 22:00:00,5.6,1031,1,96,5,12000,5.556,9.26,,320,,,,,,,,,,58,og-post,,,,AAXX 22224 07299 21262 83203 10056 20050 39973 40310 51010 75866 877// 333 69905 81703 85707 85640 90710 91105 93100=
07299,2008-10-22 23:00:00,5.6,1030.8,0.2,97,5.2,9000,7.408,11.112,,330,,,,,,,,,,58,og-post,,,,AAXX 22234 07299 21159 83304 10056 20052 39971 40308 50002 75866 877// 333 69905 83703 85707 85615 90710 91106 93100=
07299,2008-10-23 00:00:00,5.7,1030.6,-0.2,97,5.3,5000,5.556,11.112,,340,,,0.2,0.2,2,,,,,40,og-post,,,,AAXX 23004 07299 01050 83403 10057 20053 39969 40306 58002 60021 74065 875// 333 69927 82701 83707 85616 90710 91106 93100 555 69925=
07299,2008-10-23 01:00:00,5.9,1030.5,-0.4,97,5.5,6000,3.704,9.26,,340,,,0,,,,,,,0,og-post,,,,AAXX 23014 07299 24256 83402 10059 20055 39969 40305 56004 700// 333 60005 90710 91105=
07299,2008-10-23 02:00:00,5.8,1030.2,-0.5,97,5.4,8000,5.556,9.26,,340,,,0,,,,,,,0,og-post,,,,AAXX 23024 07299 24458 83403 10058 20054 39966 40302 57005 700// 333 60005 90710 91105=
07299,2008-10-23 03:00:00,4.8,1030.1,-0.6,97,4.4,4000,7.408,9.26,,310,,,0,0,,,,,,40,og-post,,,,AAXX 23034 07299 21140 73104 10048 20044 39963 40301 58006 740// 8653/ 333 60007 82702 83615 85650 90710 91105 93100 555 60005=
07299,2008-10-23 04:00:00,5,1030.2,-0.4,98,4.7,2200,7.408,14.816,,330,,,0,,,,,,,40,og-post,,,,AAXX 23044 07299 21022 53304 10050 20047 39965 40302 55004 74022 84630 333 60005 81701 84704 90710 91108 93100=
07299,2008-10-23 05:00:00,5.1,1030.2,-0.1,98,4.8,2000,9.26,14.816,,330,,,0,,,,,,,40,og-post,,,,AAXX 23054 07299 21020 73305 10051 20048 39965 40302 56001 74022 876// 333 60005 81701 87702 90710 91108 93100=
07299,2008-10-23 06:00:00,5.1,1030.1,0.1,97,4.7,4500,5.556,14.816,,340,4.5,5.9,0,0,,2,9.8,0,4,10,og-post,,,,AAXX 23064 07299 01145 83403 10051 20047 39964 40301 50001 60022 710// 886// 333 10059 20045 32004 55000 60007 70098 81702 87704 90710 91108 93100 555 60005=
07299,2008-10-23 07:00:00,5.1,1030.4,0.2,96,4.5,6000,7.408,11.112,,320,,,0,,,,,,,,og-post,,,,AAXX 23074 07299 22256 73204 10051 20045 39967 40304 53002 876// 333 60005 87705 90710 91106 93100=
07299,2008-10-23 08:00:00,4.8,1030.8,0.5,96,4.2,4000,7.408,12.964,,320,,,0,,,,,,,10,og-post,,,,AAXX 23084 07299 21140 73204 10048 20042 39970 40308 53005 71022 876// 333 60005 87703 90710 91107 93100=
07299,2008-10-23 09:00:00,5,1030.7,0.5,96,4.4,4500,9.26,14.816,,330,,,0,0,,,,,,10,og-post,,,,AAXX 23094 07299 21145 73305 10050 20044 39969 40307 50005 71022 876// 333 60007 87703 90710 91108 93100 555 60005=
07299,2008-10-23 10:00:00,5.2,1030.4,0,93,4.2,6000,9.26,16.668,,340,,,0,,,,,,,,og-post,,,,AAXX 23104 07299 22256 73405 10052 20042 39967 40304 50000 876// 333 60005 87705 90710 91109 93100=
07299,2008-10-23 11:00:00,6.8,1029.5,-1,89,5.1,8000,7.408,16.668,,320,,,0,,,,,,,,og-post,,,,AAXX 23114 07299 22358 73204 10068 20051 39960 40295 58010 878// 333 60005 83808 86640 90710 91109 93100=
07299,2008-10-23 12:00:00,8,1028.8,-1.4,85,5.6,10000,5.556,14.816,,320,,,0,0,,,,,,,og-post,,,,AAXX 23124 07299 02460 73203 10080 20056 39955 40288 58014 60001 878// 333 60007 82810 86636 90710 91108 93100 555 60005=
07299,2008-10-23 13:00:00,8.9,1028,-1.9,83,6.2,10000,5.556,14.816,,310,,,0,,,,,,,,og-post,,,,AAXX 23134 07299 22460 73103 10089 20062 39948 40280 57019 878// 333 60005 82811 87636 90710 91108 93100=
07299,2008-10-23 14:00:00,9.6,1027.3,-1.8,81,6.5,15000,1.852,11.112,,300,,,0,,,,,,,,og-post,,,,AAXX 23144 07299 22565 73001 10096 20065 39942 40273 57018 878// 333 60005 82820 87636 90710 91106 93100=
07299,2008-10-23 15:00:00,9.8,1027,-1.6,79,6.3,15000,,7.408,,,,,0,0,,,,,,,og-post,,,,AAXX 23154 07299 22565 70000 10098 20063 39939 40270 56016 878// 333 60007 81827 87636 90710 91104 93100 555 60005=
07299,2008-10-23 16:00:00,9.5,1026.8,-1.1,76,5.5,20000,5.556,14.816,,110,,,0,,,,,,,,og-post,,,,AAXX 23164 07299 22570 71103 10095 20055 39937 40268 56011 878// 333 60005 81830 87636 90710 91108 93100=
07299,2008-10-23 17:00:00,9.2,1026.8,-0.5,72,4.4,20000,7.408,12.964,,100,,,0,,,,,,,,og-post,,,,AAXX 23174 07299 22570 71004 10092 20044 39937 40268 56005 878// 333 60005 81830 87635 90710 91107 93100=
07299,2008-10-23 18:00:00,9.1,1026.8,-0.2,71,4.1,15000,5.556,14.816,,80,4.8,9.8,0,0,,,,,,,og-post,,,,AAXX 23184 07299 02565 70803 10091 20041 39937 40268 56002 60002 878// 333 10098 20048 60007 81830 87635 90710 91108 93100 555 60005=
07299,2008-10-23 19:00:00,9,1026.8,-0.1,71,4,12000,7.408,16.668,,90,,,0,,,,,,,,og-post,,,,AAXX 23194 07299 22562 70904 10090 20040 39936 40268 58001 878// 333 60005 81820 87631 90710 91109 93100=
07299,2008-10-23 20:00:00,8.5,1026.8,-0.1,76,4.5,12000,5.556,9.26,,80,,,0,,,,,,,,og-post,,,,AAXX 23204 07299 22562 70803 10085 20045 39936 40268 57001 878// 333 60005 81820 87631 90710 91105 93100=
07299,2008-10-23 21:00:00,8.5,1026.7,-0.2,77,4.7,12000,7.408,12.964,,90,,,0,0,,,,,,,og-post,,,,AAXX 23214 07299 22562 70904 10085 20047 39935 40267 57002 878// 333 60007 81820 87630 90710 91107 93100 555 60005=
07299,2008-10-23 22:00:00,8.3,1026.8,-0,78,4.7,12000,3.704,11.112,,70,,,0,,,,,,,,og-post,,,,AAXX 23224 07299 22562 70702 10083 20047 39936 40268 55000 878// 333 60005 81820 87629 90710 91106 93100=
07299,2008-10-23 23:00:00,7.8,1026.5,-0.4,85,5.4,12000,,3.704,,,,,0,,,,,,,,og-post,,,,AAXX 23234 07299 22562 70000 10078 20054 39932 40265 58004 878// 333 60005 81820 87628 90710 91102 93100=
07299,2008-10-24 00:00:00,7.5,1026.1,-0.7,90,6,12000,1.852,3.704,,330,,,0,0,,,,,,,og-post,,,,AAXX 24004 07299 02562 73301 10075 20060 39928 40261 58007 60001 878// 333 60007 81820 87626 90710 91102 93100 555 60005=
07299,2008-10-24 01:00:00,6.7,1025.8,-1.2,92,5.5,12000,,5.556,,,,,0,,,,,,,0,og-post,,,,AAXX 24014 07299 24562 70000 10067 20055 39924 40258 57012 700// 333 60005 90710 91103=
07299,2008-10-24 02:00:00,4.7,1025.8,-1,94,3.8,5000,3.704,5.556,,240,,,0,,,,,,,0,og-post,,,,AAXX 24024 07299 24550 72402 10047 20038 39922 40258 56010 700// 333 60005 90710 91103=
07299,2008-10-24 03:00:00,3.6,1025.9,-0.7,96,3,8000,3.704,5.556,,240,,,0,0,,,,,,1,og-post,,,,AAXX 24034 07299 21558 22402 10036 20030 39921 40259 56007 701// 82500 333 60007 82626 90710 91103 93100 555 60005=
07299,2008-10-24 04:00:00,3.3,1026,-0.2,97,2.9,5000,3.704,5.556,,210,,,0,,,,,,,11,og-post,,,,AAXX 24044 07299 21550 22102 10033 20029 39922 40260 55002 71100 82500 333 60005 82626 90710 91103 93100=
07299,2008-10-24 05:00:00,2.8,1026.4,0.3,96,2.2,4000,3.704,9.26,,210,,,0,,,,,,,10,og-post,,,,AAXX 24054 07299 21240 22102 10028 20022 39925 40264 53003 71000 82500 333 60005 81705 90710 91105 93100=
07299,2008-10-24 06:00:00,1.6,1026.4,0.3,96,1,3200,,5.556,,,1.6,9.1,0,0,,,0,0,-0,10,og-post,,,,AAXX 24064 07299 01232 20000 10016 20010 39924 40264 50003 60002 710// 82500 333 10091 20016 30100 55000 60007 70000 81705 90710 91103 93100 555 60005=
07299,2008-10-24 07:00:00,2,1026.9,0.7,97,1.6,4000,,3.704,,,,,0,,,,,,,10,og-post,,,,AAXX 24074 07299 21240 20000 10020 20016 39929 40269 53007 71000 82500 333 60005 81703 90710 91102 93100=
07299,2008-10-24 08:00:00,5.9,1026.8,0.8,93,4.9,4500,,5.556,,,,,0,,,,,,,10,og-post,,,,AAXX 24084 07299 21245 10000 10059 20049 39933 40268 53008 71000 81600 333 60005 81703 90710 91103 93100=
07299,2008-10-24 09:00:00,8.8,1026.5,0.9,78,5.2,6000,1.852,7.408,,160,,,0,0,,,,,,,og-post,,,,AAXX 24094 07299 22456 11601 10088 20052 39933 40265 51009 81100 333 60007 81810 90710 91104 93100 555 60005=
07299,2008-10-24 10:00:00,10.4,1026.3,0.4,73,5.8,9000,1.852,9.26,,30,,,0,,,,,,,,og-post,,,,AAXX 24104 07299 22459 20301 10104 20058 39933 40263 51004 82100 333 60005 82815 90710 91105 93100=
07299,2008-10-24 11:00:00,10.6,1026.3,-0,68,4.9,12000,3.704,11.112,,360,,,0,,,,,,,,og-post,,,,AAXX 24114 07299 22462 23602 10106 20049 39933 40263 54000 82100 333 60005 82816 90710 91106 93100=
07299,2008-10-24 12:00:00,11.6,1025.7,-0.4,67,5.7,14000,5.556,12.964,,40,,,0,0,,,,,,,og-post,,,,AAXX 24124 07299 02464 20403 10116 20057 39929 40257 58004 60001 81130 333 60007 81818 90710 91107 93100 555 60005=
07299,2008-10-24 13:00:00,12,1025.4,-0.7,66,5.8,14000,7.408,14.816,,360,,,0,,,,,,,,og-post,,,,AAXX 24134 07299 22564 23604 10120 20058 39926 40254 58007 81130 333 60005 81820 90710 91108 93100=
07299,2008-10-24 14:00:00,12.2,1025.3,-0.7,65,5.8,14000,5.556,16.668,,20,,,0,,,,,,,,og-post,,,,AAXX 24144 07299 22864 10203 10122 20058 39926 40253 56007 81030 333 60005 81358 90710 91109 93100=
07299,2008-10-24 15:00:00,12.6,1025.6,-0,62,5.5,15000,3.704,11.112,,350,,,0,0,,,,,,,og-post,,,,AAXX 24154 07299 22865 13502 10126 20055 39929 40256 55000 81030 333 60007 81358 90710 91106 93100 555 60005=
07299,2008-10-24 16:00:00,11.2,1026.1,0.6,70,5.9,15000,7.408,11.112,,10,,,0,,,,,,,,og-post,,,,AAXX 24164 07299 22865 10104 10112 20059 39932 40261 53006 81030 333 60005 81358 90710 91106 93100=
07299,2008-10-24 17:00:00,7,1027.4,1.4,88,5.1,15000,3.704,11.112,,300,,,0,,,,,,,,og-post,,,,AAXX 24174 07299 22865 23002 10070 20051 39940 40274 53014 82030 333 60005 82357 90710 91106 93100=
07299,2008-10-24 18:00:00,4.9,1028.5,1.9,93,3.9,12000,3.704,5.556,,230,1.2,13.5,0,0,,,,,,,og-post,,,,AAXX 24184 07299 02862 12302 10049 20039 39948 40285 53019 60002 81030 333 10135 20012 60007 81357 90710 91103 93100 555 60005=
07299,2008-10-24 19:00:00,4,1029.1,2.1,96,3.4,10000,5.556,5.556,,260,,,0,,,,,,,,og-post,,,,AAXX 24194 07299 22960 02603 10040 20034 39953 40291 51021 333 60005 90710 91103 93100=
07299,2008-10-24 20:00:00,3.5,1029.8,1.9,95,2.8,9000,,9.26,,,,,0,,,,,,,,og-post,,,,AAXX 24204 07299 22959 00000 10035 20028 39959 40298 51019 333 60005 90710 91105 93100=
07299,2008-10-24 21:00:00,2.4,1030.6,1.7,97,2,7000,,5.556,,,,,0,0,,,,,,11,og-post,,,,AAXX 24214 07299 21957 00000 10024 20020 39965 40306 53017 71100 333 60007 90710 91103 93100 555 60005=
07299,2008-10-24 22:00:00,1.6,1031.2,1.7,97,1.2,4000,1.852,5.556,,280,,,0,,,,,,,11,og-post,,,,AAXX 24224 07299 21/40 12801 10016 20012 39970 40312 51017 71100 80001 333 60005 81075 90710 91103 93100=
07299,2008-10-24 23:00:00,1.3,1031.6,1.4,97,0.9,4000,,5.556,,,,,0,,,,,,,10,og-post,,,,AAXX 24234 07299 21/40 10000 10013 20009 39973 40316 51014 71000 80001 333 60005 81075 90710 91103 93100=
07299,2008-10-25 00:00:00,0.6,1032,1.1,97,0.2,1500,,5.556,,,,,0,0,,,,,,10,og-post,,,,AAXX 25004 07299 01015 20000 10006 20002 39976 40320 51011 60001 710// 82600 333 60007 82701 90710 91103 93100 555 60005=
07299,2008-10-25 01:00:00,1.4,1032.5,1.2,98,1.1,100,,5.556,,,,,0,,,,,,,45,og-post,,,,AAXX 25014 07299 24/01 90000 10014 20011 39982 40325 53012 745// 333 60005 90710 91103=
07299,2008-10-25 02:00:00,0.9,1032.6,1,98,0.6,100,,3.704,,,,,0,,,,,,,45,og-post,,,,AAXX 25024 07299 24/01 90000 10009 20006 39983 40326 51010 745// 333 60005 90710 91102=
07299,2008-10-25 03:00:00,3.7,1032.3,0.7,99,3.6,200,7.408,11.112,,170,,,0,0,,,,,,45,og-post,,,,AAXX 25034 07299 21/02 91704 10037 20036 39983 40323 51007 745// 333 60007 90710 91106 93100 555 60005=
07299,2008-10-25 04:00:00,4,1032.6,0.5,99,3.9,300,3.704,11.112,,190,,,0,,,,,,,45,og-post,,,,AAXX 25044 07299 21/03 91902 10040 20039 39987 40326 53005 74544 333 60005 90710 91106 93100=
07299,2008-10-25 05:00:00,4,1032.7,0.5,99,3.9,400,5.556,11.112,,180,,,0,,,,,,,43,og-post,,,,AAXX 25054 07299 21/04 91803 10040 20039 39988 40327 53005 74344 333 60005 90710 91106 93100=
07299,2008-10-25 06:00:00,3.8,1033,0.7,99,3.7,800,3.704,9.26,,120,0.1,5.1,0,0,,,0,9.3,-2,42,og-post,,,,AAXX 25064 07299 01008 81202 10038 20037 39990 40330 51007 60002 742/4 886// 333 10051 20001 30102 55093 60007 70000 88701 90710 91105 93100 555 60005=
07299,2008-10-25 07:00:00,4,1033.7,1,99,3.9,1000,3.704,11.112,,130,,,0,,,,,,,28,og-post,,,,AAXX 25074 07299 21110 71302 10040 20039 39997 40337 53010 72842 876// 333 60005 87702 90710 91106 93100=
07299,2008-10-25 08:00:00,4.7,1034.2,1.5,99,4.6,1800,5.556,9.26,,170,,,0,,,,,,,10,og-post,,,,AAXX 25084 07299 21118 61703 10047 20046 30003 40342 53015 71022 86600 333 60005 86702 90710 91105 93100=
07299,2008-10-25 09:00:00,5.8,1033.8,1,96,5.2,3000,7.408,12.964,,180,,,0,0,,,,,,10,og-post,,,,AAXX 25094 07299 21230 51804 10058 20052 30000 40338 50010 71042 85500 333 60007 85703 90710 91107 93100 555 60005=
07299,2008-10-25 10:00:00,8.8,1033,-0.1,81,5.7,5000,3.704,12.964,,170,,,0,,,,,,,,og-post,,,,AAXX 25104 07299 22450 11702 10088 20057 39996 40330 58001 81130 333 60005 81813 90710 91107 93100=
07299,2008-10-25 11:00:00,11.4,1031.8,-1.5,69,5.9,9000,3.704,11.112,,130,,,0,,,,,,,,og-post,,,,AAXX 25114 07299 22959 11302 10114 20059 39988 40318 58015 81030 333 60005 81363 90710 91106 93100=
07299,2008-10-25 12:00:00,12.1,1031.3,-1.6,66,5.9,10000,5.556,12.964,,330,,,0,0,,,,,,2,og-post,,,,AAXX 25124 07299 01960 13303 10121 20059 39984 40313 57016 60001 70241 81030 333 60007 81363 90710 91107 93100 555 60005=
07299,2008-10-25 13:00:00,12.7,1031,-1.5,63,5.8,13000,9.26,18.52,,340,,,0,,,,,,,,og-post,,,,AAXX 25134 07299 22963 13405 10127 20058 39981 40310 56015 81030 333 60005 81363 90710 91110 93100=
07299,2008-10-25 14:00:00,13.2,1030.9,-0.7,59,5.4,13000,11.112,18.52,,10,,,0,,,,,,,,og-post,,,,AAXX 25144 07299 22963 10106 10132 20054 39981 40309 56007 81030 333 60005 81363 90710 91110 93100=
07299,2008-10-25 15:00:00,13.6,1030.5,-0.7,52,3.9,18000,1.852,12.964,,330,,,0,0,,,,,,,og-post,,,,AAXX 25154 07299 22968 13301 10136 20039 39977 40305 58007 81030 333 60007 81363 90710 91107 93100 555 60005=
07299,2008-10-25 16:00:00,11.4,1030.9,-0.2,59,3.7,18000,3.704,11.112,,10,,,0,,,,,,,,og-post,,,,AAXX 25164 07299 22968 10102 10114 20037 39979 40309 55002 81030 333 60005 81363 90710 91106 93100=
07299,2008-10-25 17:00:00,7.5,1031.6,-0,82,4.6,30000,,7.408,,,,,0,,,,,,,,og-post,,,,AAXX 25174 07299 22980 00000 10075 20046 39981 40316 55000 333 60005 90710 91104 93100=
07299,2008-10-25 18:00:00,5.7,1031.7,0.3,85,3.4,30000,5.556,7.408,,230,3.7,13.9,0,0,,,,,,,og-post,,,,AAXX 25184 07299 02980 02303 10057 20034 39980 40317 50003 60002 333 10139 20037 60007 90710 91104 93100 555 60005=
07299,2008-10-25 19:00:00,3.9,1032.5,0.6,93,2.9,15000,7.408,9.26,,310,,,0,,,,,,,,og-post,,,,AAXX 25194 07299 22965 03104 10039 20029 39985 40325 53006 333 60005 90710 91105 93100=
07299,2008-10-25 20:00:00,3.8,1032.7,0.6,94,2.9,15000,5.556,9.26,,220,,,0,,,,,,,,og-post,,,,AAXX 25204 07299 22965 02203 10038 20029 39987 40327 53006 333 60005 90710 91105 93100=
07299,2008-10-25 21:00:00,3.4,1032.6,0.6,94,2.5,10000,,7.408,,,,,0,0,,,,,,,og-post,,,,AAXX 25214 07299 22960 00000 10034 20025 39986 40326 50006 333 60007 90710 91104 93100 555 60005=
07299,2008-10-25 22:00:00,1.9,1032.8,0.1,95,1.2,10000,,5.556,,,,,0,,,,,,,,og-post,,,,AAXX 25224 07299 22960 00000 10019 20012 39986 40328 51001 333 60005 90710 91103 93100=
07299,2008-10-25 23:00:00,1.9,1032.6,-0.3,96,1.3,7000,3.704,7.408,,210,,,0,,,,,,,,og-post,,,,AAXX 25234 07299 22957 02102 10019 20013 39984 40326 58003 333 60005 90710 91104 93100=
07299,2008-10-26 00:00:00,2.2,1032.2,-0.6,97,1.8,7000,5.556,7.408,,180,,,0,0,,,,,,,og-post,,,,AAXX 26004 07299 02957 01803 10022 20018 39980 40322 58006 60001 333 60007 90710 91104 93100 555 60005=
07299,2008-10-26 01:00:00,2.6,1031.6,-1.1,97,2.2,3800,9.26,14.816,,160,,,0,,,,,,,10,og-post,,,,AAXX 26014 07299 24938 /1605 10026 20022 39975 40316 58011 710// 333 60005 90710 91108=
07299,2008-10-26 02:00:00,3.1,1031,-1.4,96,2.5,4100,3.704,12.964,,160,,,0,,,,,,,10,og-post,,,,AAXX 26024 07299 24941 /1602 10031 20025 39970 40310 58014 710// 333 60005 90710 91107=
07299,2008-10-26 03:00:00,2.9,1030.2,-1.8,97,2.5,4000,5.556,9.26,,200,,,0,0,,,,,,10,og-post,,,,AAXX 26034 07299 21940 02003 10029 20025 39962 40302 58018 710// 333 60007 90710 91105 93100 555 60005=
07299,2008-10-26 04:00:00,2.1,1029.9,-1.7,97,1.7,3000,7.408,11.112,,210,,,0,,,,,,,10,og-post,,,,AAXX 26044 07299 21930 02104 10021 20017 39958 40299 56017 71000 333 60005 90710 91106 93100=
07299,2008-10-26 05:00:00,3.7,1029.3,-1.6,97,3.3,4000,9.26,14.816,,180,,,0,,,,,,,10,og-post,,,,AAXX 26054 07299 21940 01805 10037 20033 39954 40293 56016 71000 333 60005 90710 91108 93100=
07299,2008-10-26 06:00:00,2.8,1029.4,-0.8,93,1.8,5000,7.408,18.52,,170,1.5,5.6,0,0,,,0,7.8,-1,2,og-post,,,,AAXX 26064 07299 01950 01704 10028 20018 39954 40294 56008 60002 702// 333 10056 20015 30101 55078 60007 70000 90710 91110 93100 555 60005=
07299,2008-10-26 07:00:00,4.2,1029.9,0.3,96,3.6,6000,7.408,12.964,,210,,,0,,,,,,,,og-post,,,,AAXX 26074 07299 22956 22104 10042 20036 39961 40299 53003 80001 333 60005 82073 90710 91107 93100=
07299,2008-10-26 08:00:00,6.7,1029.6,0.7,84,4.2,7000,9.26,14.816,,150,,,0,,,,,,,,og-post,,,,AAXX 26084 07299 22/57 51505 10067 20042 39961 40296 52007 80004 333 60005 85073 90710 91108 93100=
07299,2008-10-26 09:00:00,9.6,1028.5,0,78,5.9,9000,14.816,18.52,,150,,,0,0,,,,,,,og-post,,,,AAXX 26094 07299 22959 61508 10096 20059 39954 40285 50000 81034 333 60007 81363 86073 90710 91110 93100 555 60005=
07299,2008-10-26 10:00:00,11.8,1027.6,-1.3,71,6.7,14000,14.816,22.224,,130,,,0,,,,,,,,og-post,,,,AAXX 26104 07299 22964 71308 10118 20067 39948 40276 58013 81034 333 60005 81363 87073 90710 91112 93100=
07299,2008-10-26 11:00:00,13.6,1026.7,-2,60,6,20000,11.112,18.52,,140,,,0,,,,,,,,og-post,,,,AAXX 26114 07299 22970 71406 10136 20060 39941 40267 57020 81032 333 60005 81363 87073 90710 91110 93100=
07299,2008-10-26 12:00:00,15,1025.3,-2.5,57,6.5,30000,11.112,16.668,,160,,,0,0,,,,,,,og-post,,,,AAXX 26124 07299 02980 71606 10150 20065 39929 40253 58025 60001 81032 333 60007 81360 83170 87073 90710 91109 93100 555 60005=
07299,2008-10-26 13:00:00,16.4,1024,-3,52,6.5,30000,9.26,16.668,,120,,,0,,,,,,,,og-post,,,,AAXX 26134 07299 22980 71205 10164 20065 39918 40240 58030 81032 333 60005 81360 83170 87073 90710 91109 93100=
07299,2008-10-26 14:00:00,16.2,1023.4,-2.9,53,6.6,30000,3.704,12.964,,200,,,0,,,,,,,,og-post,,,,AAXX 26144 07299 22980 72002 10162 20066 39912 40234 56029 81031 333 60005 81360 84170 87073 90710 91107 93100=
07299,2008-10-26 15:00:00,16,1022.9,-2.2,57,7.5,35000,5.556,9.26,,170,,,0,0,,,,,,,og-post,,,,AAXX 26154 07299 22981 71703 10160 20075 39907 40229 56022 81032 333 60007 81360 83365 87073 90710 91105 93100 555 60005=
07299,2008-10-26 16:00:00,13.4,1022.8,-1.5,73,8.7,30000,3.704,9.26,,200,,,0,,,,,,,,og-post,,,,AAXX 26164 07299 22980 72002 10134 20087 39903 40228 56015 81036 333 60005 81360 87273 90710 91105 93100=
07299,2008-10-26 17:00:00,10.3,1023.1,-1,84,7.7,28000,3.704,9.26,,250,,,0,,,,,,,,og-post,,,,AAXX 26174 07299 22978 72502 10103 20077 39902 40231 56010 81036 333 60005 81360 87270 90710 91105 93100=
07299,2008-10-26 18:00:00,9.2,1023,-0.7,88,7.3,18000,7.408,9.26,,190,2.3,16.6,0,0,,,,,,,og-post,,,,AAXX 26184 07299 02968 71904 10092 20073 39900 40230 56007 60002 81036 333 10166 20023 60007 81360 87270 90710 91105 93100 555 60005=
07299,2008-10-26 19:00:00,8.4,1022.8,-0.6,91,7,16000,1.852,9.26,,250,,,0,,,,,,,,og-post,,,,AAXX 26194 07299 22966 52501 10084 20070 39897 40228 58006 81031 333 60005 81360 85073 90710 91105 93100=
07299,2008-10-26 20:00:00,8.2,1022.1,-1.2,92,7,10000,7.408,11.112,,180,,,0,,,,,,,,og-post,,,,AAXX 26204 07299 22960 51804 10082 20070 39890 40221 58012 81031 333 60005 81360 85073 90710 91106 93100=
07299,2008-10-26 21:00:00,8.5,1021.3,-1.7,90,7,9000,7.408,18.52,,180,,,0,0,,,,,,,og-post,,,,AAXX 26214 07299 22959 51804 10085 20070 39883 40213 58017 81031 333 60007 81360 85073 90710 91110 93100 555 60005=
07299,2008-10-26 22:00:00,8.1,1020.7,-2,92,6.9,9000,9.26,14.816,,190,,,0,,,,,,,,og-post,,,,AAXX 26224 07299 22959 51905 10081 20069 39877 40207 56020 81031 333 60005 81360 85073 90710 91108 93100=
07299,2008-10-26 23:00:00,7.9,1019.8,-2.2,92,6.7,9000,9.26,14.816,,170,,,0,,,,,,,,og-post,,,,AAXX 26234 07299 22959 71705 10079 20067 39868 40198 58022 81031 333 60005 82368 87073 90710 91108 93100=
07299,2008-10-27 00:00:00,8,1019,-2.3,92,6.8,9000,12.964,18.52,,160,,,0,0,,,,,,,og-post,,,,AAXX 27004 07299 02959 71607 10080 20068 39860 40190 58023 60001 84031 333 60007 84368 87073 90710 91110 93100 555 60005=
07299,2008-10-27 01:00:00,7.7,1018,-2.7,92,6.5,8000,11.112,20.372,,150,,,0,,,,,,,0,og-post,,,,AAXX 27014 07299 24958 81506 10077 20065 39850 40180 57027 700// 333 60005 90710 91111=
07299,2008-10-27 02:00:00,7.6,1016.8,-3,91,6.2,8000,11.112,14.816,,170,,,0,,,,,,,0,og-post,,,,AAXX 27024 07299 24958 81706 10076 20062 39838 40168 58030 700// 333 60005 90710 91108=
07299,2008-10-27 03:00:00,7.7,1015.2,-3.7,91,6.3,10000,9.26,18.52,,170,,,0,0,,,,,,0,og-post,,,,AAXX 27034 07299 21960 71705 10077 20063 39823 40152 58037 700// 85032 333 60007 81362 85367 87070 90710 91110 93100 555 60005=
07299,2008-10-27 04:00:00,7.5,1014.7,-3.2,89,5.8,10000,11.112,16.668,,180,,,0,,,,,,,,og-post,,,,AAXX 27044 07299 22960 71806 10075 20058 39818 40147 56032 85032 333 60005 81361 83365 87070 90710 91109 93100=
07299,2008-10-27 05:00:00,7.6,1013.6,-3.1,88,5.7,10000,11.112,24.076,,160,,,0,,,,,,,,og-post,,,,AAXX 27054 07299 22960 71606 10076 20057 39807 40136 56031 83032 333 60005 83368 87070 90710 91113 93100=
07299,2008-10-27 06:00:00,7.4,1012.7,-2.5,89,5.7,13000,7.408,18.52,,160,7.4,9.3,0,0,,,0,7.2,5,3,og-post,,,,AAXX 27064 07299 01963 71604 10074 20057 39798 40127 58025 60002 703// 85032 333 10093 20074 30005 55072 60007 70000 85366 87070 90710 91110 93100 555 60005=
07299,2008-10-27 07:00:00,7.6,1012.9,-1.8,90,6.1,13000,3.704,11.112,,220,,,0,,,,,,,,og-post,,,,AAXX 27074 07299 22863 72202 10076 20061 39800 40129 55018 8703/ 333 60005 85357 87366 90710 91106 93100=
07299,2008-10-27 08:00:00,9,1012.8,-0.6,84,6.4,20000,5.556,11.112,,160,,,0,,,,,,,,og-post,,,,AAXX 27084 07299 22870 71603 10090 20064 39801 40128 55006 8705/ 333 60005 84357 87364 90710 91106 93100=
07299,2008-10-27 09:00:00,9.8,1012.9,0.5,85,7.4,20000,5.556,14.816,,90,,,0,0,,,,,,,og-post,,,,AAXX 27094 07299 22870 80903 10098 20074 39803 40129 52005 8705/ 333 60007 87357 90710 91108 93100 555 60005=
07299,2008-10-27 10:00:00,10.9,1012.9,0.4,81,7.8,20000,5.556,12.964,,30,,,0,,,,,,,14,og-post,,,,AAXX 27104 07299 21570 80303 10109 20078 39804 40129 52004 71422 8185/ 333 60005 81830 84358 88461 90710 91107 93100=
07299,2008-10-27 11:00:00,12.5,1011.9,-0.5,71,7.4,15000,14.816,24.076,,260,,,,,,,,,,21,og-post,,,,AAXX 27114 07299 21565 82608 10125 20074 39796 40119 58005 72162 8185/ 333 69905 81826 85357 88460 90710 91113 93100=
07299,2008-10-27 12:00:00,12.7,1011.2,-1.3,72,7.8,15000,11.112,22.224,,240,,,,,,,,,,60,og-post,,,,AAXX 27124 07299 01565 82406 10127 20078 39790 40112 58013 69901 76062 878// 333 69907 81826 87656 90710 91112 93100 555 69905=
07299,2008-10-27 13:00:00,12.2,1010.2,-2.4,83,9.4,15000,9.26,12.964,,150,,,,,,,,,,60,og-post,,,,AAXX 27134 07299 21565 81505 10122 20094 39780 40102 58024 76066 878// 333 69905 81826 87650 90710 91107 93100=
07299,2008-10-27 14:00:00,11.6,1010.2,-1.7,88,9.7,8000,7.408,11.112,,180,,,,,,,,,,60,og-post,,,,AAXX 27144 07299 21558 81804 10116 20097 39779 40102 56017 76062 878// 333 69905 81820 87650 90710 91106 93100=
07299,2008-10-27 15:00:00,11.4,1009.9,-1.4,89,9.6,9000,,7.408,,,,,,,,,,,,60,og-post,,,,AAXX 27154 07299 21559 80000 10114 20096 39776 40099 56014 76062 878// 333 69907 81820 87646 90710 91104 93100 555 69905=
07299,2008-10-27 16:00:00,10.8,1009.7,-0.7,91,9.4,5000,,11.112,,,,,0,,,,,,,60,og-post,,,,AAXX 27164 07299 21450 80000 10108 20094 39773 40097 58007 76066 878// 333 6///5 82816 87643 90710 91106 93100=
07299,2008-10-27 17:00:00,10.2,1009.8,-0.5,97,9.7,4000,5.556,9.26,,70,,,,,,,,,,58,og-post,,,,AAXX 27174 07299 21340 80703 10102 20097 39774 40098 55005 75866 878// 333 69905 84809 87640 90710 91105 93100=
07299,2008-10-27 18:00:00,10.1,1010.1,0.1,97,9.6,5000,3.704,9.26,,80,7.2,12.9,,,,,,,,51,og-post,,,,AAXX 27184 07299 01250 80802 10101 20096 39777 40101 53001 69902 75165 877// 333 10129 20072 69907 84705 87630 90710 91105 93100 555 69905=
07299,2008-10-27 19:00:00,10.1,1010,0.3,97,9.6,5000,1.852,7.408,,140,,,,,,,,,,58,og-post,,,,AAXX 27194 07299 21350 81401 10101 20096 39776 40100 50003 75865 877// 333 69905 82708 87628 90710 91104 93100=
07299,2008-10-27 20:00:00,10.1,1009.4,-0.4,98,9.8,4000,3.704,9.26,,120,,,,,,,,,,58,og-post,,,,AAXX 27204 07299 21140 81202 10101 20098 39770 40094 58004 75866 877// 333 69905 81702 85710 87622 90710 91105 93100=
07299,2008-10-27 21:00:00,10.1,1009.3,-0.8,98,9.8,2500,3.704,9.26,,190,,,0.4,0.4,,,,,,59,og-post,,,,AAXX 27214 07299 21125 81902 10101 20098 39769 40093 57008 75965 877// 333 69947 85703 87709 90710 91105 93100 555 69945=
07299,2008-10-27 22:00:00,10.2,1009,-1,99,10,1500,5.556,11.112,,180,,,1,,,,,,,59,og-post,,,,AAXX 27224 07299 21115 81803 10102 20100 39766 40090 56010 75966 877// 333 60015 86702 87710 90710 91106 93100=
07299,2008-10-27 23:00:00,10.2,1008.8,-0.6,99,10,1200,7.408,14.816,,170,,,1,,,,,,,59,og-post,,,,AAXX 27234 07299 21112 81704 10102 20100 39764 40088 58006 75966 877// 333 60015 87703 90710 91108 93100=
07299,2008-10-28 00:00:00,9.9,1008.7,-0.6,98,9.6,1200,3.704,7.408,,310,,,1,4,4,,,,,59,og-post,,,,AAXX 28004 07299 01112 83102 10099 20096 39763 40087 56006 60041 75965 877// 333 60047 85703 85709 90710 91104 93100 555 60015=
07299,2008-10-28 01:00:00,7.5,1010,0.6,96,6.9,9000,16.668,37.04,,320,,,2,,,,,,,61,og-post,,,,AAXX 28014 07299 24359 83209 10075 20069 39772 40100 53006 761// 333 60025 90710 91120=
07299,2008-10-28 02:00:00,7.3,1010.6,1.4,97,6.9,4700,14.816,29.632,,300,,,0.6,,,,,,,61,og-post,,,,AAXX 28024 07299 24247 83008 10073 20069 39778 40106 53014 761// 333 69965 90710 91116=
07299,2008-10-28 03:00:00,7.3,1010.8,1.7,96,6.7,6000,5.556,22.224,,250,,,0,0,,,,,,58,og-post,,,,AAXX 28034 07299 21256 82503 10073 20067 39780 40108 51017 758// 877// 333 6///7 84706 87716 90710 91112 93100 555 6///5=
07299,2008-10-28 04:00:00,7.5,1010.6,0.6,96,6.9,7000,5.556,7.408,,220,,,,,,,,,,21,og-post,,,,AAXX 28044 07299 21257 82203 10075 20069 39778 40106 50006 72165 877// 333 69905 81706 87714 90710 91104 93100=
07299,2008-10-28 05:00:00,7.3,1010.7,0.1,96,6.7,10000,,5.556,,,,,0,,,,,,,,og-post,,,,AAXX 28054 07299 22460 80000 10073 20067 39779 40107 51001 875// 333 60005 81712 85724 87650 90710 91103 93100=
07299,2008-10-28 06:00:00,6.8,1011.1,0.2,97,6.4,12000,1.852,5.556,,210,6.8,10.2,0,,,0,,0,6,1,og-post,,,,AAXX 28064 07299 01462 82101 10068 20064 39782 40111 53002 6///2 701// 8177/ 333 10102 20068 32006 55000 69907 7//// 81712 87361 90710 91103 93100 555 60005=
07299,2008-10-28 07:00:00,7,1011.5,0.8,96,6.4,20000,3.704,7.408,,210,,,0,,,,,,,,og-post,,,,AAXX 28074 07299 22470 72102 10070 20064 39786 40115 53008 8177/ 333 60005 81712 87361 90710 91104 93100=
07299,2008-10-28 08:00:00,7.6,1011.7,1,92,6.4,20000,1.852,9.26,,220,,,0,,,,,,,,og-post,,,,AAXX 28084 07299 22470 72201 10076 20064 39789 40117 52010 8177/ 333 60005 81815 87358 90710 91105 93100=
07299,2008-10-28 09:00:00,8.2,1011.8,0.9,89,6.5,20000,3.704,9.26,,170,,,0,0,,,,,,,og-post,,,,AAXX 28094 07299 22470 71702 10082 20065 39791 40118 51009 8187/ 333 60007 81817 87359 90710 91105 93100 555 60005=
07299,2008-10-28 10:00:00,8.6,1011.7,0.4,86,6.4,15000,3.704,7.408,,190,,,0.2,,,,,,,60,og-post,,,,AAXX 28104 07299 21465 71902 10086 20064 39790 40117 50004 76062 8487/ 333 69925 81815 84632 87359 90710 91104 93100=
07299,2008-10-28 11:00:00,8.8,1011.2,-0.4,87,6.8,15000,3.704,7.408,,200,,,,,,,,,,60,og-post,,,,AAXX 28114 07299 21465 72002 10088 20068 39785 40112 58004 76066 878// 333 69905 81815 87638 90710 91104 93100=
07299,2008-10-28 12:00:00,8.9,1010.5,-1.2,88,7,12000,5.556,7.408,,210,,,0.4,0.6,0.6,,,,,61,og-post,,,,AAXX 28124 07299 01462 72103 10089 20070 39779 40105 58012 69961 76162 878// 333 69967 82812 87640 90710 91104 93100 555 69945=
07299,2008-10-28 13:00:00,9.1,1010.4,-1.2,87,7,12000,1.852,9.26,,210,,,0.2,,,,,,,61,og-post,,,,AAXX 28134 07299 21462 72101 10091 20070 39778 40104 56012 76166 878// 333 69925 82812 87640 90710 91105 93100=
07299,2008-10-28 14:00:00,9.2,1010.1,-1,88,7.3,12000,7.408,11.112,,170,,,0.2,,,,,,,60,og-post,,,,AAXX 28144 07299 21462 71704 10092 20073 39775 40101 56010 76066 878// 333 69925 82810 87640 90710 91106 93100=
07299,2008-10-28 15:00:00,8.6,1010.1,-0.4,90,7.1,12000,9.26,14.816,,160,,,,0.4,,,,,,60,og-post,,,,AAXX 28154 07299 21462 71605 10086 20071 39775 40101 56004 76066 878// 333 69947 82813 83626 87656 90710 91108 93100 555 69905=
07299,2008-10-28 16:00:00,8.2,1010.2,-0.3,90,6.7,15000,5.556,12.964,,180,,,,,,,,,,60,og-post,,,,AAXX 28164 07299 21465 71803 10082 20067 39775 40102 56003 76066 878// 333 69905 81814 87640 90710 91107 93100=
07299,2008-10-28 17:00:00,7.7,1010.6,0.3,90,6.2,10000,,5.556,,,,,0.4,,,,,,,61,og-post,,,,AAXX 28174 07299 21460 70000 10077 20062 39778 40106 53003 76166 878// 333 69945 81814 87631 90710 91103 93100=
07299,2008-10-28 18:00:00,7.5,1010.6,0.3,95,6.8,10000,1.852,1.852,,240,6.5,9.2,0.4,0.8,,2,,,,61,og-post,,,,AAXX 28184 07299 01460 72401 10075 20068 39778 40106 52003 60022 76166 878// 333 10092 20065 69987 81815 87634 90710 91101 93100 555 69945=
07299,2008-10-28 19:00:00,7.2,1010.2,-0.1,94,6.3,10000,1.852,3.704,,170,,,0.6,,,,,,,61,og-post,,,,AAXX 28194 07299 21560 71701 10072 20063 39774 40102 58001 76166 878// 333 69965 81820 87636 90710 91102 93100=
07299,2008-10-28 20:00:00,6.9,1009.9,-0.7,96,6.3,8000,5.556,5.556,,330,,,0.6,,,,,,,61,og-post,,,,AAXX 28204 07299 21258 73303 10069 20063 39771 40099 58007 76166 878// 333 69965 83805 87640 90710 91103 93100=
07299,2008-10-28 21:00:00,6.9,1009.9,-0.7,97,6.5,4000,7.408,11.112,,350,,,1,2,,,,,,61,og-post,,,,AAXX 28214 07299 21140 83504 10069 20065 39771 40099 56007 76166 877// 333 60027 81702 85706 87633 90710 91106 93100 555 60015=
07299,2008-10-28 22:00:00,6.7,1009.7,-0.6,97,6.3,5000,9.26,12.964,,10,,,2,,,,,,,61,og-post,,,,AAXX 28224 07299 21350 80105 10067 20063 39768 40097 57006 76166 877// 333 60025 85707 87623 90710 91107 93100=
07299,2008-10-28 23:00:00,6.4,1009.5,-0.5,96,5.8,7000,7.408,12.964,,10,,,0.8,,,,,,,60,og-post,,,,AAXX 28234 07299 21357 80104 10064 20058 39766 40095 58005 76066 877// 333 69985 85708 87623 90710 91107 93100=
07299,2008-10-29 00:00:00,5.8,1008.9,-1.1,94,4.9,8000,3.704,14.816,,10,,,1,4,6,,,,,61,og-post,,,,AAXX 29004 07299 01358 80102 10058 20049 39760 40089 58011 60061 76166 877// 333 60047 83709 87630 90710 91108 93100 555 60015=
07299,2008-10-29 01:00:00,5.7,1008.4,-1.3,96,5.1,8000,5.556,9.26,,340,,,1,,,,,,,61,og-post,,,,AAXX 29014 07299 24558 63403 10057 20051 39755 40084 58013 761// 333 60015 90710 91105=
07299,2008-10-29 02:00:00,5.9,1008,-1.5,97,5.5,7000,5.556,9.26,,300,,,1,,,,,,,61,og-post,,,,AAXX 29024 07299 24157 83003 10059 20055 39751 40080 56015 761// 333 60015 90710 91105=
07299,2008-10-29 03:00:00,6,1007.8,-1.1,97,5.6,5000,5.556,11.112,,330,,,1,3,,,,,,61,og-post,,,,AAXX 29034 07299 21150 83303 10060 20056 39749 40078 56011 761/6 877// 333 60037 81703 85705 87620 90710 91106 93100 555 60015=
07299,2008-10-29 04:00:00,5.6,1008,-0.4,94,4.7,8000,7.408,14.816,,360,,,1,,,,,,,60,og-post,,,,AAXX 29044 07299 21258 83604 10056 20047 39751 40080 55004 76066 877// 333 60015 83706 83620 87643 90710 91108 93100=
07299,2008-10-29 05:00:00,5.3,1008.5,0.4,94,4.4,7000,3.704,11.112,,330,,,0.8,,,,,,,61,og-post,,,,AAXX 29054 07299 21257 83302 10053 20044 39755 40085 53004 76166 877// 333 69985 82706 85621 87643 90710 91106 93100=
07299,2008-10-29 06:00:00,5.1,1008.7,0.8,95,4.4,7000,3.704,7.408,,270,5.1,7.5,2,3,,12,14,0,5,61,og-post,,,,AAXX 29064 07299 01257 82702 10051 20044 39757 40087 52008 60122 761/6 877// 333 10075 20051 32005 55000 60037 70140 81705 84618 87630 90710 91104 93100 555 60025=
07299,2008-10-29 07:00:00,4.9,1009.1,0.9,96,4.3,7000,3.704,7.408,,300,,,2,,,,,,,61,og-post,,,,AAXX 29074 07299 21257 83002 10049 20043 39760 40091 51009 76166 877// 333 60025 83705 87616 90710 91104 93100=
07299,2008-10-29 08:00:00,4.9,1008.8,0.3,95,4.2,7000,11.112,18.52,,310,,,0.8,,,,,,,61,og-post,,,,AAXX 29084 07299 21257 83106 10049 20042 39758 40088 50003 76166 877// 333 69985 83706 87623 90710 91110 93100=
07299,2008-10-29 09:00:00,4.9,1008.6,-0.1,95,4.2,6000,11.112,16.668,,330,,,1,4,,,,,,61,og-post,,,,AAXX 29094 07299 21256 83306 10049 20042 39756 40086 58001 76166 877// 333 60047 84706 87621 90710 91109 93100 555 60015=
07299,2008-10-29 10:00:00,5,1008.3,-0.7,95,4.3,6000,11.112,18.52,,320,,,1,,,,,,,61,og-post,,,,AAXX 29104 07299 21256 83206 10050 20043 39753 40083 58007 76166 877// 333 60015 85706 87610 90710 91110 93100=
07299,2008-10-29 11:00:00,5.1,1007.8,-1,94,4.2,8000,11.112,20.372,,360,,,0.6,,,,,,,63,og-post,,,,AAXX 29114 07299 21358 83606 10051 20042 39748 40078 58010 76366 875// 333 69965 84706 87610 90710 91111 93100=
07299,2008-10-29 12:00:00,5.5,1007.3,-1.2,93,4.5,10000,11.112,20.372,,360,,,0.4,2,6,,,,,63,og-post,,,,AAXX 29124 07299 01360 83606 10055 20045 39744 40073 57012 60061 76366 878// 333 60027 82706 85810 87615 90710 91111 93100 555 69945=
07299,2008-10-29 13:00:00,5.6,1006.5,-1.7,92,4.4,10000,11.112,18.52,,360,,,0.2,,,,,,,61,og-post,,,,AAXX 29134 07299 21360 83606 10056 20044 39736 40065 58017 76166 878// 333 69925 82706 85810 87630 90710 91110 93100=
07299,2008-10-29 14:00:00,5.5,1005.9,-1.8,94,4.6,11000,7.408,14.816,,350,,,0.6,,,,,,,63,og-post,,,,AAXX 29144 07299 21361 83504 10055 20046 39730 40059 58018 76366 878// 333 69965 82708 85815 87620 90710 91108 93100=
07299,2008-10-29 15:00:00,5.4,1005,-2.3,93,4.4,15000,3.704,14.816,,10,,,0.2,1,,,,,,61,og-post,,,,AAXX 29154 07299 21465 80102 10054 20044 39721 40050 58023 76166 878// 333 60017 82710 85816 87633 90710 91108 93100 555 69925=
07299,2008-10-29 16:00:00,5.2,1005,-1.5,95,4.5,4000,5.556,9.26,,340,,,0,,,,,,,63,og-post,,,,AAXX 29164 07299 21340 83403 10052 20045 39721 40050 56015 76366 878// 333 6///5 83809 87626 90710 91105 93100=
07299,2008-10-29 17:00:00,4.9,1004.5,-1.4,95,4.2,6000,9.26,14.816,,350,,,1,,,,,,,61,og-post,,,,AAXX 29174 07299 21356 83505 10049 20042 39716 40045 56014 76166 878// 333 60015 83808 87626 90710 91108 93100=
07299,2008-10-29 18:00:00,4.8,1004,-1,95,4.1,8000,7.408,18.52,,350,4.7,5.7,0.8,0,,0,,,,61,og-post,,,,AAXX 29184 07299 01358 83504 10048 20041 39711 40040 58010 6///2 76166 878// 333 10057 20047 6///7 83808 87625 90710 91110 93100 555 69985=
07299,2008-10-29 19:00:00,4.7,1003.3,-1.7,95,4,8000,9.26,16.668,,350,,,1,,,,,,,61,og-post,,,,AAXX 29194 07299 21258 83505 10047 20040 39704 40033 58017 76166 878// 333 60015 83705 85811 87630 90710 91109 93100=
07299,2008-10-29 20:00:00,4,1002.9,-1.6,93,3,8000,7.408,,16.668,340,,,2,,,,,,,61,wg-a,,,,AAXX 29204 07299 12458 83404 10040 20030 39700 40029 56016 60025 76166 878// 92000 333 91009=
07299,2008-10-29 21:00:00,4.1,1002.7,-1.3,93,3.1,8000,3.704,12.964,,310,,,2,4,,,,,,61,og-post,,,,AAXX 29214 07299 21458 83102 10041 20031 39698 40027 56013 76166 878// 333 60047 83810 87620 90710 91107 93100 555 60025=
07299,2008-10-29 22:00:00,3.7,1001.6,-1.8,92,2.5,9000,5.556,14.816,,350,,,1,,,,,,,61,og-post,,,,AAXX 29224 07299 21359 83503 10037 20025 39686 40016 58018 76166 878// 333 60015 82809 87616 90710 91108 93100=
07299,2008-10-29 23:00:00,3,1001,-2,93,2,8000,1.852,,12.964,240,,,2,,,,,,,61,wg-a,,,,AAXX 29234 07299 12458 82401 10030 20020 39680 40010 58020 60025 76166 878// 92300 333 91007=
07299,2008-10-30 00:00:00,2.4,1000.5,-2.4,94,1.5,8000,7.408,11.112,,240,,,1,5,9,,,,,61,og-post,,,,AAXX 30004 07299 01358 82404 10024 20015 39674 40005 56024 60091 76166 878// 333 60057 82808 87610 90710 91106 93100 555 60015=
07299,2008-10-30 01:00:00,2.2,1000.1,-1.6,94,1.3,8000,9.26,14.816,,280,,,1,,,,,,,68,og-post,,,,AAXX 30014 07299 24358 82805 10022 20013 39670 40001 56016 768// 333 60015 90710 91108=
07299,2008-10-30 02:00:00,1.8,1000,-1.1,94,0.9,6000,3.704,14.816,,240,,,1,,,,,,,68,og-post,,,,AAXX 30024 07299 24256 82402 10018 20009 39669 40000 56011 768// 333 60015 90710 91108=
07299,2008-10-30 03:00:00,1.1,999.6,-1,95,0.4,5000,5.556,7.408,,100,,,2,4,,,,,,68,og-post,,,,AAXX 30034 07299 21350 81003 10011 20004 39664 49996 58010 768/7 878// 333 60047 82807 87614 90710 91104 93100 555 60025=
07299,2008-10-30 04:00:00,0.3,999.6,-0.7,97,-0.1,2500,5.556,7.408,,150,,,1,,,,,,,71,og-post,,,,AAXX 30044 07299 21125 81503 10003 21001 39663 49996 57007 77177 877// 333 60015 82702 87708 90710 91104 93100=
07299,2008-10-30 05:00:00,1.4,999,-1.1,98,1.1,4500,9.26,20.372,,240,,,0,,,,,,,68,og-post,,,,AAXX 30054 07299 21145 82405 10014 20011 39658 49990 57011 76877 877// 333 6///5 82702 87712 90710 91111 93100=
07299,2008-10-30 06:00:00,2.5,998.6,-0.8,92,1.3,9000,16.668,29.632,,240,0.3,4.8,,0,,0,,0,0,23,og-post,,,,AAXX 30064 07299 01359 82409 10025 20013 39656 49986 57008 6///2 723// 878// 333 10048 20003 32000 55000 6///7 7//// 81809 83620 87640 90710 91116 93100 555 69905=
07299,2008-10-30 07:00:00,2.8,998.9,-0.4,92,1.6,10000,9.26,24.076,,250,,,0.2,,,,,,,60,og-post,,,,AAXX 30074 07299 21560 82505 10028 20016 39659 49989 55004 76062 878// 333 69925 83820 87640 90710 91113 93100=
07299,2008-10-30 08:00:00,3.4,998.9,0.2,90,1.9,14000,5.556,16.668,,200,,,,,,,,,,21,og-post,,,,AAXX 30084 07299 21564 82003 10034 20019 39660 49989 53002 72162 878// 333 69905 81820 87649 90710 91109 93100=
07299,2008-10-30 09:00:00,4.1,998.9,0.5,81,1.1,18000,3.704,12.964,,210,,,0,0.2,,,,,,2,og-post,,,,AAXX 30094 07299 21568 72102 10041 20011 39661 49989 51005 70262 878// 333 69927 81820 87650 90710 91107 93100 555 60005=
07299,2008-10-30 10:00:00,4.8,998.9,0.3,85,2.5,18000,5.556,11.112,,90,,,0,,,,,,,,og-post,,,,AAXX 30104 07299 22468 70903 10048 20025 39662 49989 52003 8483/ 333 60005 81810 84646 85361 90710 91106 93100=
07299,2008-10-30 11:00:00,5.8,999.1,0.5,79,2.4,18000,5.556,16.668,,120,,,0,,,,,,,,og-post,,,,AAXX 30114 07299 22468 71203 10058 20024 39665 49991 53005 84831 333 60005 82816 83646 85071 90710 91109 93100=
07299,2008-10-30 12:00:00,6.5,998.4,-0.2,75,2.4,25000,11.112,20.372,,110,,,0,0,0.2,,,,,1,og-post,,,,AAXX 30124 07299 01475 41106 10065 20024 39659 49984 58002 69921 70161 81201 333 60007 81817 83075 90710 91111 93100 555 60005=
07299,2008-10-30 13:00:00,6.4,998.3,-0.4,73,1.9,25000,12.964,18.52,,110,,,0,,,,,,,,og-post,,,,AAXX 30134 07299 22575 51107 10064 20019 39658 49983 58004 81204 333 60005 81823 85075 90710 91110 93100=
07299,2008-10-30 14:00:00,6,997.9,-1.2,71,1.1,25000,16.668,27.78,,90,,,0,,,,,,,,og-post,,,,AAXX 30144 07299 22575 60909 10060 20011 39653 49979 56012 81204 333 60005 81825 86075 90710 91115 93100=
07299,2008-10-30 15:00:00,5.4,998.6,-0,76,1.5,25000,20.372,29.632,,130,,,0,0,,,,,,,og-post,,,,AAXX 30154 07299 22575 71311 10054 20015 39659 49986 55000 8582/ 333 60007 81825 85648 87458 90710 91116 93100 555 60005=
07299,2008-10-30 16:00:00,4.5,999,0.4,80,1.3,15000,16.668,33.336,,110,,,0,,,,,,,60,og-post,,,,AAXX 30164 07299 21565 81109 10045 20013 39662 49990 53004 76062 878// 333 6///5 81825 87650 90710 91118 93100=
07299,2008-10-30 17:00:00,4.6,999.1,1,79,1.3,15000,12.964,24.076,,110,,,,,,,,,,21,og-post,,,,AAXX 30174 07299 21565 81107 10046 20013 39663 49991 51010 72162 878// 333 69905 81825 87650 90710 91113 93100=
07299,2008-10-30 18:00:00,4.5,999.9,1.2,80,1.3,15000,14.816,25.928,,120,2.5,7.2,0,,,0.2,,,,1,og-post,,,,AAXX 30184 07299 01565 81208 10045 20013 39671 49999 53012 69922 70161 878// 333 10072 20025 69907 81825 87656 90710 91114 93100 555 60005=
07299,2008-10-30 19:00:00,4.4,1000.4,1.4,81,1.4,15000,14.816,25.928,,110,,,0,,,,,,,,og-post,,,,AAXX 30194 07299 22565 81108 10044 20014 39676 40004 53014 878// 333 60005 81825 87656 90710 91114 93100=
07299,2008-10-30 20:00:00,4.6,1000.3,1.2,81,1.6,15000,18.52,25.928,,110,,,0,,,,,,,,og-post,,,,AAXX 30204 07299 22565 81110 10046 20016 39675 40003 50012 878// 333 60005 81825 87656 90710 91114 93100=
07299,2008-10-30 21:00:00,3.9,1000.6,0.6,82,1.1,15000,7.408,24.076,,110,,,0,0,,,,,,,og-post,,,,AAXX 30214 07299 22565 81104 10039 20011 39677 40006 51006 8683/ 333 60007 81825 85656 87358 90710 91113 93100 555 60005=
07299,2008-10-30 22:00:00,4.3,1001,0.5,80,1.2,12000,14.816,24.076,,140,,,0,,,,,,,,og-post,,,,AAXX 30224 07299 22562 61408 10043 20012 39681 40010 53005 86800 333 60005 81830 85656 90710 91113 93100=
07299,2008-10-30 23:00:00,4,1001.5,1.1,83,1.4,12000,5.556,24.076,,90,,,0,,,,,,,,og-post,,,,AAXX 30234 07299 22562 60903 10040 20014 39686 40015 53011 86800 333 60005 81830 85657 90710 91113 93100=
07299,2008-10-31 00:00:00,3.6,1002.1,1.4,84,1.1,12000,14.816,20.372,,110,,,0,0,,,,,,,og-post,,,,AAXX 31004 07299 02562 71108 10036 20011 39691 40021 53014 60001 8783/ 333 60007 81830 85362 90710 91111 93100 555 60005=
07299,2008-10-31 01:00:00,4,1002.8,1.7,83,1.4,20000,14.816,22.224,,120,,,0,,,,,,,0,og-post,,,,AAXX 31014 07299 24970 81208 10040 20014 39698 40028 53017 700// 333 60005 90710 91112=
07299,2008-10-31 02:00:00,4,1002.9,1.3,83,1.4,20000,16.668,25.928,,120,,,0,,,,,,,0,og-post,,,,AAXX 31024 07299 24870 81209 10040 20014 39699 40029 51013 700// 333 60005 90710 91114=
07299,2008-10-31 03:00:00,4.3,1003.5,1.4,82,1.5,12000,14.816,27.78,,120,,,0,0,,,,,,3,og-post,,,,AAXX 31034 07299 21562 71208 10043 20015 39705 40035 52014 703// 8387/ 333 60007 81826 83650 85358 90710 91115 93100 555 60005=
07299,2008-10-31 04:00:00,4.4,1003.9,1.1,81,1.4,12000,24.076,38.892,,120,,,0,,,,,,,,og-post,,,,AAXX 31044 07299 22562 71213 10044 20014 39709 40039 53011 8387/ 333 60005 81826 83650 87358 90710 91121 93100=
07299,2008-10-31 05:00:00,4,1004.3,1.4,82,1.2,12000,22.224,37.04,,130,,,0,,,,,,,,og-post,,,,AAXX 31054 07299 22562 71312 10040 20012 39713 40043 51014 8387/ 333 60005 81826 83650 87356 90710 91120 93100=
07299,2008-10-31 06:00:00,4,1004.2,0.7,82,1.2,15000,22.224,37.04,,110,3.3,4.6,0,0,,,0.2,2.2,2,3,og-post,,,,AAXX 31064 07299 01565 71112 10040 20012 39712 40042 51007 60002 703// 8387/ 333 10046 20033 31002 55022 60007 70002 81826 83357 86360 90710 91120 93100 555 60005=
07299,2008-10-31 07:00:00,3.9,1004.6,0.7,85,1.6,15000,22.224,37.04,,130,,,0.2,,,,,,,60,og-post,,,,AAXX 31074 07299 21565 71312 10039 20016 39716 40046 52007 76062 8387/ 333 69925 81826 85656 87358 90710 91120 93100=
07299,2008-10-31 08:00:00,4,1006.2,1.8,87,2,9000,16.668,31.484,,140,,,0.2,,,,,,,60,og-post,,,,AAXX 31084 07299 21559 71409 10040 20020 39731 40062 53018 76062 858// 333 69925 81820 87646 90710 91117 93100=
07299,2008-10-31 09:00:00,3.8,1007.3,3,92,2.6,5000,11.112,25.928,,120,,,2,3,,,,,,61,og-post,,,,AAXX 31094 07299 21450 71206 10038 20026 39742 40073 53030 76162 878// 333 60037 81816 83631 87645 90710 91114 93100 555 60025=
07299,2008-10-31 10:00:00,4.1,1007.4,2.7,93,3.1,5000,7.408,16.668,,110,,,2,,,,,,,61,og-post,,,,AAXX 31104 07299 21450 71104 10041 20031 39743 40074 51027 76166 878// 333 60025 81816 85650 87656 90710 91109 93100=
07299,2008-10-31 11:00:00,4.5,1008.1,1.9,90,3,8000,12.964,20.372,,140,,,0.2,,,,,,,60,og-post,,,,AAXX 31114 07299 21458 71407 10045 20030 39750 40081 51019 76062 8587/ 333 69925 81816 85650 87357 90710 91111 93100=
07299,2008-10-31 12:00:00,5.1,1008,0.8,91,3.8,10000,7.408,18.52,,150,,,0.2,2,5,,,,,60,og-post,,,,AAXX 31124 07299 01460 71504 10051 20038 39750 40080 52008 60051 76062 8587/ 333 60027 81813 85617 87356 90710 91110 93100 555 69925=
07299,2008-10-31 13:00:00,5.7,1007.4,0.2,84,3.2,10000,9.26,24.076,,100,,,,,,,,,,21,og-post,,,,AAXX 31134 07299 21460 71005 10057 20032 39745 40074 50002 72162 8387/ 333 69905 81813 83617 87357 90710 91113 93100=
07299,2008-10-31 14:00:00,5.7,1007.5,-0.4,84,3.2,12000,11.112,20.372,,110,,,,,,,,,,61,og-post,,,,AAXX 31144 07299 21462 71106 10057 20032 39746 40075 55004 76162 878// 333 69905 81813 87656 90710 91111 93100=
07299,2008-10-31 15:00:00,5.4,1007.3,-0.6,85,3.1,10000,16.668,24.076,,120,,,0.2,0.2,,,,,,61,og-post,,,,AAXX 31154 07299 21460 71209 10054 20031 39744 40073 56006 76162 878// 333 69927 81813 87650 90710 91113 93100 555 69925=
07299,2008-10-31 16:00:00,5,1007.3,-0.2,90,3.5,6000,5.556,20.372,,110,,,0,,,,,,,61,og-post,,,,AAXX 31164 07299 21456 71103 10050 20035 39743 40073 58002 76166 878// 333 6///5 81813 83645 87656 90710 91111 93100=
07299,2008-10-31 17:00:00,4.8,1007.3,-0.3,92,3.6,7000,5.556,14.816,,70,,,0.6,,,,,,,61,og-post,,,,AAXX 31174 07299 21457 70703 10048 20036 39743 40073 56003 76166 8657/ 333 69965 85613 83656 87361 90710 91108 93100=
07299,2008-10-31 18:00:00,4.7,1007.6,0.2,93,3.7,6000,3.704,9.26,,50,3.8,5.9,,2,,7,,,,21,og-post,,,,AAXX 31184 07299 01456 70502 10047 20037 39746 40076 53002 60072 72162 875// 333 10059 20038 60027 87612 90710 91105 93100 555 69905=
07299,2008-10-31 19:00:00,4.4,1007.6,0.2,93,3.4,6000,3.704,12.964,,40,,,0,,,,,,,,og-post,,,,AAXX 31194 07299 22456 60402 10044 20034 39745 40076 50002 85530 333 60005 85611 85366 90710 91107 93100=
07299,2008-10-31 20:00:00,3.9,1006.9,-0.5,95,3.2,6000,3.704,9.26,,70,,,0,,,,,,,,og-post,,,,AAXX 31204 07299 22456 70702 10039 20032 39738 40069 58005 8153/ 333 60005 81611 87363 90710 91105 93100=
07299,2008-10-31 21:00:00,4.1,1006.5,-1.2,95,3.4,6000,5.556,7.408,,100,,,0,0,,,,,,,og-post,,,,AAXX 31214 07299 22456 71003 10041 20034 39734 40065 58012 875// 333 60007 87615 90710 91104 93100 555 60005=
07299,2008-10-31 22:00:00,3.4,1006.2,-1.4,95,2.7,4000,3.704,9.26,,40,,,0,,,,,,,10,og-post,,,,AAXX 31224 07299 21440 30402 10034 20027 39731 40062 56014 71011 81530 333 60005 81616 83362 90710 91105 93100=
07299,2008-10-31 23:00:00,2.3,1006.6,-0.5,94,1.4,4000,,9.26,,,,,0,,,,,,,10,og-post,,,,AAXX 31234 07299 21440 50000 10023 20014 39733 40066 55005 71011 81530 333 60005 81616 85361 90710 91105 93100=
07299,2008-11-01 00:00:00,2,1006.2,-0.5,95,1.3,4000,3.704,12.964,,110,,,0,0,,,,,,10,og-post,,,,AAXX 01004 07299 01240 31102 10020 20013 39729 40062 58005 60001 71011 81630 333 60007 81705 83361 90710 91107 93100 555 60005=
07299,2008-11-01 01:00:00,0.8,1006.5,-0.1,96,0.2,2600,3.704,5.556,,200,,,0,,,,,,,10,og-post,,,,AAXX 01014 07299 24926 /2002 10008 20002 39730 40065 57001 710// 333 60005 90710 91103=
07299,2008-11-01 02:00:00,1.2,1006.6,-0.1,97,0.8,2900,5.556,9.26,,220,,,0,,,,,,,10,og-post,,,,AAXX 01024 07299 24329 82203 10012 20008 39732 40066 55001 710// 333 60005 90710 91105=
07299,2008-11-01 03:00:00,2.3,1006.2,0,98,2,4000,7.408,12.964,,170,,,0,0,,,,,,10,og-post,,,,AAXX 01034 07299 21340 71704 10023 20020 39729 40062 50000 710// 875// 333 60007 87607 90710 91107 93100 555 60005=
07299,2008-11-01 04:00:00,2.9,1006.7,0.5,97,2.5,4500,,9.26,,,,,0,,,,,,,10,og-post,,,,AAXX 01044 07299 21345 70000 10029 20025 39735 40067 53005 71022 875// 333 60005 87607 90710 91105 93100=
07299,2008-11-01 05:00:00,3.2,1006.5,0.1,97,2.8,4500,7.408,9.26,,160,,,0,,,,,,,10,og-post,,,,AAXX 01054 07299 21345 71604 10032 20028 39733 40065 53001 71022 875// 333 60005 87607 90710 91105 93100=
07299,2008-11-01 06:00:00,3.5,1006.4,0.4,93,2.5,6000,11.112,18.52,,120,0.6,4.8,0,0,,,6.8,0,-1,3,og-post,,,,AAXX 01064 07299 01356 81206 10035 20025 39733 40064 51004 60002 703// 885// 333 10048 20006 31101 55000 60007 70068 88607 90710 91110 93100 555 60005=
07299,2008-11-01 07:00:00,3.7,1007,0.4,93,2.7,6000,7.408,14.816,,120,,,0,,,,,,,,og-post,,,,AAXX 01074 07299 22356 81204 10037 20027 39739 40070 53004 885// 333 60005 88607 90710 91108 93100=
07299,2008-11-01 08:00:00,4,1007.3,0.9,92,2.8,7000,7.408,18.52,,130,,,0,,,,,,,,og-post,,,,AAXX 01084 07299 22357 81304 10040 20028 39742 40073 53009 885// 333 60005 88607 90710 91110 93100=
07299,2008-11-01 09:00:00,5,1006.9,0.6,90,3.5,7000,5.556,14.816,,120,,,0,0,,,,,,,og-post,,,,AAXX 01094 07299 22357 71203 10050 20035 39739 40069 50006 875// 333 60007 87608 90710 91108 93100 555 60005=
07299,2008-11-01 10:00:00,6.6,1007.2,0.5,84,4.1,10000,5.556,14.816,,90,,,0,,,,,,,,og-post,,,,AAXX 01104 07299 22360 70903 10066 20041 39744 40072 53005 84502 333 60005 84609 87073 90710 91108 93100=
07299,2008-11-01 11:00:00,7.2,1007.3,0.4,79,3.8,12000,5.556,16.668,,50,,,0,,,,,,,,og-post,,,,AAXX 01114 07299 22462 70503 10072 20038 39746 40073 53004 81532 333 60005 81612 83366 87073 90710 91109 93100=
07299,2008-11-01 12:00:00,8.6,1006.4,0,76,4.6,14000,11.112,18.52,,120,,,0,0,,,,,,,og-post,,,,AAXX 01124 07299 02464 71206 10086 20046 39739 40064 50000 60001 81532 333 60007 81613 87073 90710 91110 93100 555 60005=
07299,2008-11-01 13:00:00,8.9,1006.6,-0.3,74,4.5,12000,5.556,16.668,,80,,,0,,,,,,,,og-post,,,,AAXX 01134 07299 22962 70803 10089 20045 39741 40066 57003 85032 333 60005 85361 87073 90710 91109 93100=
07299,2008-11-01 14:00:00,8.4,1007.1,-0.1,75,4.2,16000,7.408,22.224,,80,,,0,,,,,,,,og-post,,,,AAXX 01144 07299 22966 70804 10084 20042 39745 40071 55001 86032 333 60005 86361 87073 90710 91112 93100=
07299,2008-11-01 15:00:00,7.8,1006.7,0.2,79,4.4,17000,9.26,14.816,,70,,,0,0,,,,,,,og-post,,,,AAXX 01154 07299 22967 70705 10078 20044 39741 40067 50002 8703/ 333 60007 87361 90710 91108 93100 555 60005=
07299,2008-11-01 16:00:00,7.2,1008.4,1.5,84,4.7,17000,,16.668,,,,,0,,,,,,,,og-post,,,,AAXX 01164 07299 22967 70000 10072 20047 39756 40084 53015 8703/ 333 60005 87361 90710 91109 93100=
07299,2008-11-01 17:00:00,7,1009.1,1.8,84,4.5,16000,9.26,14.816,,120,,,0,,,,,,,,og-post,,,,AAXX 01174 07299 22966 71205 10070 20045 39763 40091 53018 8707/ 333 60005 87361 90710 91108 93100=
07299,2008-11-01 18:00:00,6.4,1010.6,3.6,89,4.7,15000,5.556,12.964,,180,3.5,9.4,0,0,,,,,,,og-post,,,,AAXX 01184 07299 02965 71803 10064 20047 39777 40106 52036 60002 86031 333 10094 20035 60007 86362 87073 90710 91107 93100 555 60005=
07299,2008-11-01 19:00:00,5.3,1011.1,2.4,88,3.5,12000,3.704,12.964,,130,,,0,,,,,,,,og-post,,,,AAXX 01194 07299 22962 71302 10053 20035 39780 40111 51024 83031 333 60005 83364 85073 90710 91107 93100=
07299,2008-11-01 20:00:00,5.2,1012.1,2.7,91,3.8,12000,11.112,14.816,,160,,,0,,,,,,,,og-post,,,,AAXX 01204 07299 22962 61606 10052 20038 39790 40121 51027 85031 333 60005 85363 85073 90710 91108 93100=
07299,2008-11-01 21:00:00,5.5,1013.1,2.3,91,4.1,8000,11.112,16.668,,160,,,0,0,,,,,,,og-post,,,,AAXX 01214 07299 22958 71606 10055 20041 39800 40131 53023 8703/ 333 6///7 87362 90710 91109 93100 555 6///5=
07299,2008-11-01 22:00:00,5.6,1014.5,3.3,90,4.1,8000,5.556,11.112,,190,,,0,,,,,,,,og-post,,,,AAXX 01224 07299 22958 71903 10056 20041 39813 40145 53033 8703/ 333 60005 87361 90710 91106 93100=
07299,2008-11-01 23:00:00,5.6,1015.4,3.2,91,4.2,8000,5.556,9.26,,200,,,0,,,,,,,,og-post,,,,AAXX 01234 07299 22958 72003 10056 20042 39822 40154 52032 8703/ 333 60005 87361 90710 91105 93100=
07299,2008-11-02 00:00:00,5.4,1015.3,2.1,91,4,7000,5.556,9.26,,170,,,0,0,0,,,,,,og-post,,,,AAXX 02004 07299 02957 71703 10054 20040 39821 40153 50021 6///1 8703/ 333 60007 87361 90710 91105 93100 555 60005=
07299,2008-11-02 01:00:00,5,1015.6,1,93,4,5000,7.408,11.112,,160,,,0,,,,,,,0,og-post,,,,AAXX 02014 07299 24950 81604 10050 20040 39823 40156 51010 700// 333 60005 90710 91106=
07299,2008-11-02 02:00:00,5,1015.8,0.3,92,3.8,6000,9.26,14.816,,170,,,0,,,,,,,0,og-post,,,,AAXX 02024 07299 24956 /1705 10050 20038 39825 40158 53003 700// 333 60005 90710 91108=
07299,2008-11-02 03:00:00,5.7,1015.8,0.5,92,4.5,8000,11.112,16.668,,150,,,0,0,,,,,,0,og-post,,,,AAXX 02034 07299 21958 71506 10057 20045 39826 40158 52005 700// 8703/ 333 60007 87362 90710 91109 93100 555 60005=
07299,2008-11-02 04:00:00,5.2,1016.2,0.6,94,4.3,6000,5.556,16.668,,160,,,0,,,,,,,,og-post,,,,AAXX 02044 07299 22956 71603 10052 20043 39829 40162 53006 8703/ 333 60005 87362 90710 91109 93100=
07299,2008-11-02 05:00:00,5.7,1015.9,0.2,93,4.7,8000,11.112,16.668,,180,,,0,,,,,,,,og-post,,,,AAXX 02054 07299 22958 71806 10057 20047 39827 40159 50002 87032 333 60005 85364 87073 90710 91109 93100=
07299,2008-11-02 06:00:00,5.9,1016.6,0.8,91,4.5,10000,11.112,16.668,,170,4.7,6.6,0,0,,,0,2.2,4,3,og-post,,,,AAXX 02064 07299 01960 71706 10059 20045 39834 40166 53008 60002 703// 8703/ 333 10066 20047 30004 55022 60007 70000 87363 90710 91109 93100 555 60005=
07299,2008-11-02 07:00:00,5.9,1016.3,0.2,90,4.4,15000,1.852,18.52,,60,,,0,,,,,,,,og-post,,,,AAXX 02074 07299 22465 70601 10059 20044 39831 40163 50002 8113/ 333 60005 81816 85363 87366 90710 91110 93100=
07299,2008-11-02 08:00:00,6.6,1015.9,0.1,87,4.6,18000,9.26,18.52,,60,,,0,,,,,,,,og-post,,,,AAXX 02084 07299 22468 70605 10066 20046 39828 40159 50001 81132 333 60005 81815 83365 87075 90710 91110 93100=
07299,2008-11-02 09:00:00,9.4,1015.6,-0.5,77,5.6,20000,5.556,9.26,,30,,,0,0,,,,,,1,og-post,,,,AAXX 02094 07299 22570 70303 10094 20056 39829 40156 55005 70122 81132 333 60007 81820 87075 90710 91105 93100 555 60005=
07299,2008-11-02 10:00:00,10.5,1015.4,-0.3,77,6.6,25000,5.556,12.964,,360,,,0,,,,,,,,og-post,,,,AAXX 02104 07299 22575 73603 10105 20066 39828 40154 56003 81172 333 60005 81822 83368 87074 90710 91107 93100=
07299,2008-11-02 11:00:00,10.8,1014.6,-0.7,79,7.3,30000,11.112,14.816,,360,,,0,,,,,,,,og-post,,,,AAXX 02114 07299 22580 73606 10108 20073 39821 40146 58007 81172 333 60005 81825 83368 87075 90710 91108 93100=
07299,2008-11-02 12:00:00,11.5,1013.7,-1.6,76,7.4,30000,5.556,14.816,,10,,,0,0,,,,,,,og-post,,,,AAXX 02124 07299 02580 70103 10115 20074 39813 40137 58016 60001 81172 333 60007 81830 83368 87075 90710 91108 93100 555 60005=
07299,2008-11-02 13:00:00,11.8,1012.7,-2.5,76,7.7,30000,3.704,11.112,,360,,,0,,,,,,,,og-post,,,,AAXX 02134 07299 22680 73602 10118 20077 39803 40127 58025 81172 333 60005 81833 84368 87075 90710 91106 93100=
07299,2008-11-02 14:00:00,11.8,1011.9,-2.5,77,7.9,30000,11.112,14.816,,360,,,0,,,,,,,,og-post,,,,AAXX 02144 07299 22980 73606 10118 20079 39796 40119 56025 83072 333 60005 81363 83370 87075 90710 91108 93100=
07299,2008-11-02 15:00:00,10.7,1011.6,-2.1,83,7.9,25000,5.556,12.964,,360,,,0,0,,,,,,,og-post,,,,AAXX 02154 07299 22975 73603 10107 20079 39792 40116 56021 82072 333 60007 82366 87075 90710 91107 93100 555 60005=
07299,2008-11-02 16:00:00,9.1,1011.5,-1.4,90,7.5,20000,9.26,16.668,,360,,,0,,,,,,,,og-post,,,,AAXX 02164 07299 22570 73605 10091 20075 39789 40115 56014 81172 333 60005 81830 87075 90710 91109 93100=
07299,2008-11-02 17:00:00,7.6,1011.8,-0.6,94,6.7,12000,7.408,12.964,,330,,,0,,,,,,,,og-post,,,,AAXX 02174 07299 22962 73304 10076 20067 39790 40118 55006 81032 333 60005 81366 87073 90710 91107 93100=
07299,2008-11-02 18:00:00,7,1011.8,-0.3,95,6.3,8000,3.704,12.964,,310,5.8,12,0,0,,,,,,,og-post,,,,AAXX 02184 07299 02958 73102 10070 20063 39789 40118 56003 60002 81032 333 10120 20058 60007 81366 87073 90710 91107 93100 555 60005=
07299,2008-11-02 19:00:00,7.4,1011.5,-0.2,98,7.1,4000,,9.26,,,,,0,,,,,,,10,og-post,,,,AAXX 02194 07299 21340 70000 10074 20071 39787 40115 58002 71022 86632 333 60005 86706 87073 90710 91105 93100=
07299,2008-11-02 20:00:00,7.6,1011,-0.8,97,7.2,3500,,9.26,,,,,0,,,,,,,10,og-post,,,,AAXX 02204 07299 21235 80000 10076 20072 39782 40110 58008 71022 886// 333 60005 88706 90710 91105 93100=
07299,2008-11-02 21:00:00,8,1010.7,-0.9,98,7.7,3500,1.852,5.556,,110,,,0,0,,,,,,10,og-post,,,,AAXX 02214 07299 21235 81101 10080 20077 39780 40107 57009 71022 886// 333 60007 88706 90710 91103 93100 555 60005=
07299,2008-11-02 22:00:00,8.2,1010.7,-0.7,97,7.8,3000,,5.556,,,,,0,,,,,,,10,og-post,,,,AAXX 02224 07299 21230 80000 10082 20078 39780 40107 56007 71022 886// 333 60005 88704 90710 91103 93100=
07299,2008-11-02 23:00:00,8.6,1012.2,1.3,97,8.2,3500,12.964,24.076,,260,,,0,,,,,,,10,og-post,,,,AAXX 02234 07299 21235 82607 10086 20082 39795 40122 53013 71022 886// 333 60005 88705 90710 91113 93100=
07299,2008-11-03 00:00:00,7.9,1012.7,1.9,97,7.5,4500,5.556,11.112,,200,,,0,0,,,,,,10,og-post,,,,AAXX 03004 07299 01345 72003 10079 20075 39799 40127 53019 60001 71022 8663/ 333 60007 86707 87368 90710 91106 93100 555 60005=
07299,2008-11-03 01:00:00,8.2,1012.1,1.4,97,7.8,3000,9.26,12.964,,120,,,0,,,,,,,10,og-post,,,,AAXX 03014 07299 24230 81205 10082 20078 39794 40121 50014 710// 333 60005 90710 91107=
07299,2008-11-03 02:00:00,7.4,1012.4,0,97,7,3100,7.408,16.668,,170,,,0,,,,,,,10,og-post,,,,AAXX 03024 07299 24231 81704 10074 20070 39795 40124 50000 710// 333 60005 90710 91109=
07299,2008-11-03 03:00:00,7.2,1011.7,-1.1,97,6.8,4500,7.408,16.668,,180,,,0,0,,,,,,10,og-post,,,,AAXX 03034 07299 21345 71804 10072 20068 39788 40117 58011 710// 8163/ 333 60007 81706 87367 90710 91109 93100 555 60005=
07299,2008-11-03 04:00:00,6.9,1012.1,-0.2,97,6.5,4800,,14.816,,,,,0,,,,,,,10,og-post,,,,AAXX 03044 07299 21348 70000 10069 20065 39792 40121 55002 71022 8163/ 333 60005 81706 87365 90710 91108 93100=
07299,2008-11-03 05:00:00,5.9,1012.2,-0.3,97,5.5,4500,3.704,5.556,,210,,,0,,,,,,,10,og-post,,,,AAXX 03054 07299 21345 72102 10059 20055 39792 40122 56003 71022 8163/ 333 60005 81706 86362 87367 90710 91103 93100=
07299,2008-11-03 06:00:00,6.5,1012.2,0.4,98,6.2,4500,5.556,12.964,,250,5.5,8.7,0,0,,,0,2.6,4,10,og-post,,,,AAXX 03064 07299 01245 72503 10065 20062 39792 40122 51004 60002 710// 8163/ 333 10087 20055 30004 55026 60007 70000 81705 87360 90710 91107 93100 555 60005=
07299,2008-11-03 07:00:00,7.2,1013.1,1,97,6.8,9000,11.112,18.52,,270,,,0,,,,,,,,og-post,,,,AAXX 03074 07299 22259 72706 10072 20068 39802 40131 53010 8163/ 333 60005 81705 87360 90710 91110 93100=
07299,2008-11-03 08:00:00,8.6,1013.3,1.4,98,8.3,700,7.408,16.668,,360,,,0,,,,,,,42,og-post,,,,AAXX 03084 07299 21107 73604 10086 20083 39806 40133 53014 74242 8663/ 333 60005 86702 87360 90710 91109 93100=
07299,2008-11-03 09:00:00,9.1,1013.6,1.7,98,8.8,4000,5.556,11.112,,60,,,0,0,,,,,,10,og-post,,,,AAXX 03094 07299 21240 60603 10091 20088 39809 40136 51017 71042 84631 333 60007 83704 84360 90710 91106 93100 555 60005=
07299,2008-11-03 10:00:00,12.1,1013,0.5,80,8.8,8000,1.852,14.816,,60,,,0,,,,,,,,og-post,,,,AAXX 03104 07299 22458 30601 10121 20088 39807 40130 50005 81131 333 60005 81810 90710 91108 93100=
07299,2008-11-03 11:00:00,13.5,1012.4,-0.3,77,9.5,10000,5.556,11.112,,320,,,0,,,,,,,,og-post,,,,AAXX 03114 07299 22560 23203 10135 20095 39803 40124 58003 81131 333 60005 81820 90710 91106 93100=
07299,2008-11-03 12:00:00,14.1,1012.4,-0.6,70,8.7,20000,5.556,12.964,,310,,,0,0,,,,,,3,og-post,,,,AAXX 03124 07299 01570 33103 10141 20087 39803 40124 56006 60001 70341 81131 333 60007 81830 83073 90710 91107 93100 555 60005=
07299,2008-11-03 13:00:00,15.9,1012.3,-0.3,67,9.8,25000,1.852,11.112,,290,,,0,,,,,,,,og-post,,,,AAXX 03134 07299 22675 62901 10159 20098 39804 40123 55003 81131 333 60005 81833 86073 90710 91106 93100=
07299,2008-11-03 14:00:00,15.2,1012.3,0,68,9.3,25000,1.852,11.112,,290,,,0,,,,,,,,og-post,,,,AAXX 03144 07299 22675 72901 10152 20093 39803 40123 50000 81132 333 60005 81840 86073 90710 91106 93100=
07299,2008-11-03 15:00:00,13.9,1012.6,0.2,76,9.7,25000,7.408,11.112,,320,,,0,0,,,,,,,og-post,,,,AAXX 03154 07299 22975 73204 10139 20097 39805 40126 53002 83032 333 60007 83362 87071 90710 91106 93100 555 60005=
07299,2008-11-03 16:00:00,12.4,1013,0.3,82,9.4,20000,5.556,12.964,,300,,,0,,,,,,,,og-post,,,,AAXX 03164 07299 22970 73003 10124 20094 39807 40130 53003 84032 333 60005 83361 86071 90710 91107 93100=
07299,2008-11-03 17:00:00,11.3,1014,1.3,88,9.4,15000,,7.408,,,,,0,,,,,,,,og-post,,,,AAXX 03174 07299 22965 70000 10113 20094 39816 40140 53013 85032 333 60005 85361 87071 90710 91104 93100=
07299,2008-11-03 18:00:00,10.6,1014.4,1.4,92,9.4,12000,,,,,6.4,16.2,0,0,,,,,,,og-post,,,,AAXX 03184 07299 02962 70000 10106 20094 39819 40144 53014 60002 8705/ 333 10162 20064 60007 83360 87361 93100 555 60005=
07299,2008-11-03 19:00:00,10.1,1014.6,1.3,93,9,12000,5.556,11.112,,310,,,0,,,,,,,,og-post,,,,AAXX 03194 07299 22962 73103 10101 20090 39820 40146 51013 8705/ 333 60005 84361 87366 90710 91106 93100=
07299,2008-11-03 20:00:00,10.1,1015,0.8,94,9.2,10000,5.556,9.26,,310,,,0,,,,,,,14,og-post,,,,AAXX 03204 07299 21560 73103 10101 20092 39824 40150 53008 71422 8157/ 333 60005 81622 84359 87362 90710 91105 93100=
07299,2008-11-03 21:00:00,9.9,1015.6,1,95,9.1,8000,1.852,12.964,,260,,,0,0,,,,,,14,og-post,,,,AAXX 03214 07299 21258 72601 10099 20091 39829 40156 53010 71422 8167/ 333 60007 81706 87359 90710 91107 93100 555 60005=
07299,2008-11-03 22:00:00,9.5,1015.9,1.2,96,8.9,6000,5.556,7.408,,300,,,,,,,,,,21,og-post,,,,AAXX 03224 07299 21256 73003 10095 20089 39832 40159 52012 72122 8167/ 333 69905 81705 87358 90710 91104 93100=
07299,2008-11-03 23:00:00,8.8,1016.7,1.5,96,8.2,4500,5.556,7.408,,240,,,0,,,,,,,10,og-post,,,,AAXX 03234 07299 21245 62403 10088 20082 39839 40167 53015 71022 82670 333 60005 82705 85359 90710 91104 93100=
07299,2008-11-04 00:00:00,7.9,1017.1,1.3,97,7.5,3000,1.852,5.556,,200,,,0,,,,,,,40,og-post,,,,AAXX 04004 07299 01230 72001 10079 20075 39842 40171 52013 69901 74062 8663/ 333 69907 86704 90710 91103 93100 555 60005=
07299,2008-11-04 01:00:00,9,1017.2,1.2,98,8.7,600,,7.408,,,,,0,,,,,,,45,og-post,,,,AAXX 04014 07299 24106 80000 10090 20087 39844 40172 51012 745// 333 60005 90710 91104=
07299,2008-11-04 02:00:00,9.2,1017.2,0.5,98,8.9,200,1.852,5.556,,300,,,0,,,,,,,45,og-post,,,,AAXX 04024 07299 24/02 93001 10092 20089 39844 40172 51005 745// 333 60005 90710 91103=
07299,2008-11-04 03:00:00,9.1,1017.3,0.3,99,9,200,5.556,7.408,,270,,,0,0,,,,,,45,og-post,,,,AAXX 04034 07299 21/02 92703 10091 20090 39845 40173 52003 74542 333 60007 90710 91104 93100 555 60005=
07299,2008-11-04 04:00:00,9.2,1017.1,-0.1,99,9.1,200,,5.556,,,,,,,,,,,,50,og-post,,,,AAXX 04044 07299 21/02 90000 10092 20091 39843 40171 58001 75044 333 69905 90710 91103 93100=
07299,2008-11-04 05:00:00,9.2,1017.2,-0,99,9.1,200,,5.556,,,,,,,,,,,,50,og-post,,,,AAXX 04054 07299 21/02 90000 10092 20091 39844 40172 54000 75055 333 69905 90710 91103 93100=
07299,2008-11-04 06:00:00,9.2,1016.8,-0.5,99,9.1,400,3.704,7.408,,320,7.9,10.6,0.2,0.2,,0.2,0.2,4.7,6,50,og-post,,,,AAXX 04064 07299 01004 83202 10092 20091 39840 40168 58005 69922 75054 886// 333 10106 20079 31006 55047 69927 70002 84700 88702 90710 91104 93100 555 69925=
07299,2008-11-04 07:00:00,9.1,1016.9,-0.2,99,9,400,9.26,12.964,,350,,,,,,,,,,50,og-post,,,,AAXX 04074 07299 21004 83505 10091 20090 39841 40169 57002 75055 886// 333 69905 88701 90710 91107 93100=
07299,2008-11-04 08:00:00,9.1,1017.1,-0.1,99,9,400,5.556,14.816,,10,,,,,,,,,,50,og-post,,,,AAXX 04084 07299 21/04 90103 10091 20090 39843 40171 55001 75055 333 69905 90710 91108 93100=
07299,2008-11-04 09:00:00,9.5,1016.5,-0.2,99,9.4,1800,7.408,12.964,,350,,,,,,,,,,28,og-post,,,,AAXX 04094 07299 21118 83504 10095 20094 39838 40165 58002 72854 886// 333 69907 88703 90710 91107 93100 555 69905=
07299,2008-11-04 10:00:00,9.6,1016.3,-0.5,98,9.3,4000,11.112,16.668,,10,,,0,,,,,,,10,og-post,,,,AAXX 04104 07299 21240 80106 10096 20093 39836 40163 58005 71022 886// 333 60005 82704 88710 90710 91109 93100=
07299,2008-11-04 11:00:00,10,1015.7,-1.2,94,9.1,6000,11.112,16.668,,350,,,0,,,,,,,,og-post,,,,AAXX 04114 07299 22356 83506 10100 20091 39831 40157 57012 886// 333 60005 85707 88612 90710 91109 93100=
07299,2008-11-04 12:00:00,9.5,1015.3,-1.2,95,8.7,4500,12.964,18.52,,360,,,0,0,,,,,,10,og-post,,,,AAXX 04124 07299 01245 83607 10095 20087 39826 40153 58012 69901 71054 886// 333 60007 86704 88608 90710 91110 93100 555 60005=
07299,2008-11-04 13:00:00,9.2,1014.1,-2.2,95,8.4,4000,11.112,16.668,,360,,,0,,,,,,,10,og-post,,,,AAXX 04134 07299 21140 83606 10092 20084 39814 40141 58022 71022 886// 333 60005 82703 88704 90710 91109 93100=
07299,2008-11-04 14:00:00,9.5,1013.8,-1.9,93,8.4,4500,5.556,11.112,,350,,,0,,,,,,,10,og-post,,,,AAXX 04144 07299 21145 83503 10095 20084 39812 40138 56019 71022 886// 333 60005 82703 88707 90710 91106 93100=
07299,2008-11-04 15:00:00,9.5,1012.8,-2.4,93,8.4,6000,5.556,9.26,,30,,,0,0,,,,,,,og-post,,,,AAXX 04154 07299 22156 80303 10095 20084 39802 40128 56024 886// 333 60007 82703 88707 90710 91105 93100 555 60005=
07299,2008-11-04 16:00:00,9.2,1011.7,-2.3,95,8.4,4500,11.112,14.816,,350,,,0,,,,,,,10,og-post,,,,AAXX 04164 07299 21145 83506 10092 20084 39791 40117 58023 71022 886// 333 60005 82703 88706 90710 91108 93100=
07299,2008-11-04 17:00:00,9,1011,-2.8,96,8.4,4500,5.556,12.964,,340,,,0,,,,,,,10,og-post,,,,AAXX 04174 07299 21245 83403 10090 20084 39784 40110 56028 71022 885// 333 60005 83704 88615 90710 91107 93100=
07299,2008-11-04 18:00:00,8.9,1010.5,-2.3,96,8.3,4000,,12.964,,,8.9,10,0,0,,,,,,10,og-post,,,,AAXX 04184 07299 01440 80000 10089 20083 39779 40105 56023 69902 71022 8357/ 333 10100 20089 60007 83617 88364 90710 91107 93100 555 60005=
07299,2008-11-04 19:00:00,9.1,1010.3,-1.4,97,8.6,4000,,7.408,,,,,0,,,,,,,10,og-post,,,,AAXX 04194 07299 21240 80000 10091 20086 39777 40103 56014 71022 885// 333 60005 83705 85611 85616 90710 91104 93100=
07299,2008-11-04 20:00:00,8.8,1009.1,-1.9,96,8.2,5000,,9.26,,,,,0,,,,,,,,og-post,,,,AAXX 04204 07299 22250 80000 10088 20082 39765 40091 58019 8665/ 333 60005 84704 84621 87363 90710 91105 93100=
07299,2008-11-04 21:00:00,8.6,1008.1,-2.4,97,8.2,4000,,7.408,,,,,0,0,,,,,,10,og-post,,,,AAXX 04214 07299 21240 80000 10086 20082 39755 40081 58024 71022 876// 333 60007 85704 83625 90710 91104 93100 555 60005=
07299,2008-11-04 22:00:00,8.2,1007.4,-2.9,97,7.8,4000,,7.408,,,,,0,,,,,,,10,og-post,,,,AAXX 04224 07299 21140 80000 10082 20078 39748 40074 56029 71022 8665/ 333 60005 85703 87362 90710 91104 93100=
07299,2008-11-04 23:00:00,8.4,1007.7,-1.4,98,8.1,3000,,5.556,,,,,0,,,,,,,10,og-post,,,,AAXX 04234 07299 21130 80000 10084 20081 39751 40077 55014 71022 8665/ 333 60005 85702 87362 90710 91103 93100=
07299,2008-11-05 00:00:00,8.7,1007.7,-0.3,98,8.4,500,,7.408,,,,,0,0,,,,,,45,og-post,,,,AAXX 05004 07299 01/05 90000 10087 20084 39752 40077 55003 60001 74542 333 60007 90710 91104 93100 555 60005=
07299,2008-11-05 01:00:00,8.5,1007.6,0.2,99,8.4,100,,9.26,,,,,0,,,,,,,45,og-post,,,,AAXX 05014 07299 24/01 90000 10085 20084 39750 40076 50002 745// 333 60005 90710 91105=
07299,2008-11-05 02:00:00,8,1008.3,0.6,99,7.9,100,,7.408,,,,,0,,,,,,,45,og-post,,,,AAXX 05024 07299 24/01 90000 10080 20079 39757 40083 53006 745// 333 60005 90710 91104=
07299,2008-11-05 03:00:00,7,1008.8,0.8,99,6.9,200,3.704,7.408,,330,,,0,0,,,,,,43,og-post,,,,AAXX 05034 07299 21/02 93302 10070 20069 39760 40088 53008 743// 333 60007 90710 91104 93100 555 60005=
07299,2008-11-05 04:00:00,6.5,1009.2,1.3,99,6.4,800,7.408,11.112,,240,,,0,,,,,,,42,og-post,,,,AAXX 05044 07299 21008 62404 10065 20064 39763 40092 51013 74244 86600 333 60005 86701 90710 91106 93100=
07299,2008-11-05 05:00:00,5.8,1009.6,0.9,99,5.7,4000,5.556,11.112,,190,,,0,,,,,,,28,og-post,,,,AAXX 05054 07299 21040 41903 10058 20057 39766 40096 52009 72841 82601 333 60005 82701 83071 90710 91106 93100=
07299,2008-11-05 06:00:00,6.7,1010.9,2,99,6.6,3000,7.408,11.112,,190,5.3,9.2,0,0,,,0,0,3,11,og-post,,,,AAXX 05064 07299 01130 71904 10067 20066 39780 40109 53020 60002 711// 876// 333 10092 20053 31003 55000 60007 79999 82702 87611 90710 91106 93100 555 60005=
07299,2008-11-05 07:00:00,6.9,1011,1.8,99,6.8,1600,3.704,11.112,,110,,,0,,,,,,,10,og-post,,,,AAXX 05074 07299 21016 71102 10069 20068 39781 40110 51018 71022 876// 333 60005 82701 87709 90710 91106 93100=
07299,2008-11-05 08:00:00,8,1011.4,2.1,100,8,2100,5.556,11.112,,110,,,0,,,,,,,10,og-post,,,,AAXX 05084 07299 21021 81103 10080 20080 39787 40114 51021 71022 886// 333 60005 81701 88709 90710 91106 93100=
07299,2008-11-05 09:00:00,9.2,1011.7,1.1,98,8.9,6000,,11.112,,,,,0,0,,,,,,,og-post,,,,AAXX 05094 07299 22156 70000 10092 20089 39791 40117 53011 878// 333 60007 81802 85611 87616 90710 91106 93100 555 60005=
07299,2008-11-05 10:00:00,9.8,1012.2,1.5,95,9,6000,5.556,11.112,,50,,,0,,,,,,,,og-post,,,,AAXX 05104 07299 22256 80503 10098 20090 39796 40122 51015 878// 333 60005 83805 87611 90710 91106 93100=
07299,2008-11-05 11:00:00,10.1,1012.5,1.3,89,8.4,7000,1.852,7.408,,10,,,0,,,,,,,,og-post,,,,AAXX 05114 07299 22257 80101 10101 20084 39800 40125 52013 888// 333 60005 81805 88611 90710 91104 93100=
07299,2008-11-05 12:00:00,10.7,1012.8,1.2,86,8.5,8000,5.556,14.816,,310,,,0,0,,,,,,,og-post,,,,AAXX 05124 07299 02258 83103 10107 20085 39803 40128 51012 60001 888// 333 60007 81805 88610 90710 91108 93100 555 60005=
07299,2008-11-05 13:00:00,11.1,1013,1,84,8.5,10000,,9.26,,,,,0,,,,,,,,og-post,,,,AAXX 05134 07299 22260 70000 10111 20085 39806 40130 52010 878// 333 60005 81805 87613 90710 91105 93100=
07299,2008-11-05 14:00:00,11.2,1013.4,1,84,8.6,10000,3.704,7.408,,10,,,0,,,,,,,,og-post,,,,AAXX 05144 07299 22460 70102 10112 20086 39810 40134 53010 8583/ 333 60005 81810 85614 87360 90710 91104 93100=
07299,2008-11-05 15:00:00,10.8,1013.6,0.8,84,8.2,10000,,9.26,,,,,0,0,,,,,,,og-post,,,,AAXX 05154 07299 22460 70000 10108 20082 39811 40136 51008 8183/ 333 60007 81810 87361 90710 91105 93100 555 60005=
07299,2008-11-05 16:00:00,10.3,1014,0.8,89,8.6,9000,5.556,11.112,,140,,,0,,,,,,,,og-post,,,,AAXX 05164 07299 22459 71403 10103 20086 39814 40140 51008 8183/ 333 60005 81810 87361 90710 91106 93100=
07299,2008-11-05 17:00:00,9.7,1014.2,0.6,91,8.3,8000,5.556,12.964,,60,,,0,,,,,,,,og-post,,,,AAXX 05174 07299 22458 70603 10097 20083 39816 40142 53006 8183/ 333 60005 81810 87364 90710 91107 93100=
07299,2008-11-05 18:00:00,8.9,1014.5,0.7,93,7.8,6000,3.704,11.112,,320,6.6,11.3,0,0,,,,,,,og-post,,,,AAXX 05184 07299 02456 73202 10089 20078 39818 40145 51007 60002 8183/ 333 10113 20066 60007 81810 83361 87368 90710 91106 93100 555 60005=
07299,2008-11-05 19:00:00,8.1,1015.1,0.8,95,7.3,4500,,7.408,,,,,0,,,,,,,10,og-post,,,,AAXX 05194 07299 21445 70000 10081 20073 39822 40151 53008 71022 8113/ 333 60005 81814 83361 87369 90710 91104 93100=
07299,2008-11-05 20:00:00,6.6,1015.9,1.2,97,6.2,4000,5.556,7.408,,250,,,0,,,,,,,10,og-post,,,,AAXX 05204 07299 21940 72503 10066 20062 39828 40159 53012 71022 8103/ 333 60005 81361 83369 90710 91104 93100=
07299,2008-11-05 21:00:00,5.6,1016.5,1.5,97,5.2,4000,,3.704,,,,,0,0,,,,,,40,og-post,,,,AAXX 05214 07299 21/40 20000 10056 20052 39833 40165 53015 74011 8203/ 333 60007 82366 90710 91102 93100 555 60005=
07299,2008-11-05 22:00:00,4.7,1016.6,1.1,98,4.4,2000,,7.408,,,,,0,,,,,,,40,og-post,,,,AAXX 05224 07299 21420 50000 10047 20044 39833 40166 51011 74011 85500 333 60005 85618 90710 91104 93100=
07299,2008-11-05 23:00:00,5.8,1016.6,0.6,99,5.7,2000,,3.704,,,,,0,,,,,,,40,og-post,,,,AAXX 05234 07299 21120 80000 10058 20057 39834 40166 51006 74022 88600 333 60005 87702 88615 90710 91102 93100=
07299,2008-11-06 00:00:00,6.8,1016.8,0.4,98,6.5,3000,,,,,,,0,0,,,,,,10,og-post,,,,AAXX 06004 07299 01130 80000 10068 20065 39837 40168 53004 60001 71011 88600 333 60007 88703 90710 91100 93100 555 60005=
07299,2008-11-06 01:00:00,7.1,1016.3,0,98,6.8,2700,,7.408,,,,,0,,,,,,,10,og-post,,,,AAXX 06014 07299 24127 80000 10071 20068 39833 40163 50000 710// 333 60005 90710 91104=
07299,2008-11-06 02:00:00,7.4,1016.6,0.2,98,7.1,2000,,5.556,,,,,0,,,,,,,10,og-post,,,,AAXX 06024 07299 24120 80000 10074 20071 39836 40166 52002 710// 333 60005 90710 91103=
07299,2008-11-06 03:00:00,7.7,1016.6,-0.1,98,7.4,1500,,5.556,,,,,0,0,,,,,,10,og-post,,,,AAXX 06034 07299 21415 80000 10077 20074 39836 40166 56001 710// 885// 333 60007 88610 90710 91103 93100 555 60005=
07299,2008-11-06 04:00:00,7.8,1016.4,0.2,98,7.5,1500,,,,,,,0,,,,,,,10,og-post,,,,AAXX 06044 07299 21315 80000 10078 20075 39835 40164 50002 71022 885// 333 60005 88608 90710 91100 93100=
07299,2008-11-06 05:00:00,8,1016.4,-0.1,98,7.7,1500,3.704,5.556,,270,,,0,,,,,,,10,og-post,,,,AAXX 06054 07299 21215 82702 10080 20077 39835 40164 57001 71022 886// 333 60005 88705 90710 91103 93100=
07299,2008-11-06 06:00:00,8.2,1016.3,-0.2,99,8.1,1500,5.556,7.408,,260,3.8,8.8,0,0,,,0,0,2,10,og-post,,,,AAXX 06064 07299 01115 82603 10082 20081 39834 40163 57002 60002 710// 886// 333 10088 20038 30002 55000 60007 70000 83702 88708 90710 91104 93100 555 60005=
07299,2008-11-06 07:00:00,8.4,1016.6,0.2,98,8.1,3100,5.556,9.26,,300,,,0,,,,,,,10,og-post,,,,AAXX 06074 07299 24231 83003 10084 20081 39837 40166 53002 710// 333 60005 90710 91105=
07299,2008-11-06 08:00:00,8.6,1016.6,0.3,97,8.2,3000,7.408,11.112,,340,,,0,,,,,,,10,og-post,,,,AAXX 06084 07299 21230 73404 10086 20082 39838 40166 53003 71022 876// 333 60005 86706 87610 90710 91106 93100=
07299,2008-11-06 09:00:00,8.9,1016.7,0.5,95,8.1,3500,5.556,11.112,,340,,,0,0,,,,,,10,og-post,,,,AAXX 06094 07299 21235 83403 10089 20081 39839 40167 51005 71022 876// 333 60007 87705 90710 91106 93100 555 60005=
07299,2008-11-06 10:00:00,9.1,1016.8,0.3,93,8,5000,,7.408,,,,,0,,,,,,,,og-post,,,,AAXX 06104 07299 22350 70000 10091 20080 39840 40168 52003 876// 333 60005 86706 87613 90710 91104 93100=
07299,2008-11-06 11:00:00,9.5,1016.4,0.1,89,7.8,6000,5.556,9.26,,330,,,0,,,,,,,,og-post,,,,AAXX 06114 07299 22356 73303 10095 20078 39837 40164 50001 876// 333 60005 85707 87613 90710 91105 93100=
07299,2008-11-06 12:00:00,9.4,1016.1,-0.5,87,7.3,8000,9.26,14.816,,350,,,0,0,,,,,,,og-post,,,,AAXX 06124 07299 02358 73505 10094 20073 39834 40161 58005 60001 876// 333 60007 85707 87613 90710 91108 93100 555 60005=
07299,2008-11-06 13:00:00,9.6,1015.9,-0.8,85,7.2,8000,7.408,12.964,,310,,,0,,,,,,,,og-post,,,,AAXX 06134 07299 22358 73104 10096 20072 39832 40159 56008 875// 333 60005 84708 87615 90710 91107 93100=
07299,2008-11-06 14:00:00,9.6,1016,-0.4,85,7.2,9000,3.704,9.26,,290,,,0,,,,,,,,og-post,,,,AAXX 06144 07299 22359 72902 10096 20072 39833 40160 55004 875// 333 60005 83708 87615 90710 91105 93100=
07299,2008-11-06 15:00:00,9.6,1015.8,-0.3,85,7.2,9000,,9.26,,,,,0,0,,,,,,,og-post,,,,AAXX 06154 07299 22359 70000 10096 20072 39831 40158 57003 875// 333 60007 83708 87618 90710 91105 93100 555 60005=
07299,2008-11-06 16:00:00,9.5,1015.7,-0.2,86,7.3,8000,1.852,5.556,,260,,,0,,,,,,,,og-post,,,,AAXX 06164 07299 22358 72601 10095 20073 39830 40157 58002 875// 333 60005 83708 87620 90710 91103 93100=
07299,2008-11-06 17:00:00,9.2,1016.1,-0,90,7.6,7000,,5.556,,,,,0,,,,,,,,og-post,,,,AAXX 06174 07299 22357 70000 10092 20076 39833 40161 55000 875// 333 60005 83708 87619 90710 91103 93100=
07299,2008-11-06 18:00:00,9.1,1016.1,0.2,91,7.7,5000,1.852,7.408,,230,8.2,9.7,0,0,,,,,,,og-post,,,,AAXX 06184 07299 02350 72301 10091 20077 39833 40161 53002 60002 875// 333 10097 20082 60007 83708 87619 90710 91104 93100 555 60005=
07299,2008-11-06 19:00:00,9,1016.4,0.6,91,7.6,5000,,3.704,,,,,0,,,,,,,,og-post,,,,AAXX 06194 07299 22450 70000 10090 20076 39836 40164 52006 875// 333 60005 87616 90710 91102 93100=
07299,2008-11-06 20:00:00,8.9,1016.7,0.6,91,7.5,6000,,,,,,,0,,,,,,,,og-post,,,,AAXX 06204 07299 22556 70000 10089 20075 39839 40167 53006 875// 333 60005 87626 90710 91100 93100=
07299,2008-11-06 21:00:00,8.9,1016.4,0.3,92,7.7,6000,3.704,9.26,,150,,,0,0,,,,,,,og-post,,,,AAXX 06214 07299 22556 81502 10089 20077 39836 40164 50003 875// 333 60007 87628 90710 91105 93100 555 60005=
07299,2008-11-06 22:00:00,8.8,1016.1,-0.3,93,7.7,5000,1.852,3.704,,100,,,0,,,,,,,,og-post,,,,AAXX 06224 07299 22550 81001 10088 20077 39833 40161 58003 885// 333 60005 88629 90710 91102 93100=
07299,2008-11-06 23:00:00,7.6,1016.2,-0.7,95,6.8,4000,1.852,5.556,,150,,,0,,,,,,,10,og-post,,,,AAXX 06234 07299 21540 71501 10076 20068 39832 40162 56007 71022 875// 333 60005 87625 90710 91103 93100=
07299,2008-11-07 00:00:00,7.5,1016.3,-0.3,96,6.9,4000,3.704,7.408,,170,,,0,0,,,,,,10,og-post,,,,AAXX 07004 07299 01540 71702 10075 20069 39833 40163 55003 60001 71022 875// 333 60007 83625 87644 90710 91104 93100 555 60005=
07299,2008-11-07 01:00:00,7.7,1016.1,-0.1,97,7.3,4200,3.704,7.408,,160,,,0,,,,,,,10,og-post,,,,AAXX 07014 07299 24642 81602 10077 20073 39832 40161 54001 710// 333 60005 90710 91104=
07299,2008-11-07 02:00:00,7.9,1016,-0.1,96,7.3,4000,,7.408,,,,,0,,,,,,,10,og-post,,,,AAXX 07024 07299 24640 80000 10079 20073 39831 40160 58001 710// 333 60005 90710 91104=
07299,2008-11-07 03:00:00,8,1015.9,-0.3,96,7.4,5000,5.556,7.408,,180,,,0,0,,,,,,1,og-post,,,,AAXX 07034 07299 21650 71803 10080 20074 39830 40159 57003 701// 875// 333 60007 87646 90710 91104 93100 555 60005=
07299,2008-11-07 04:00:00,8.1,1016,-0.1,95,7.3,6000,5.556,9.26,,130,,,0,,,,,,,,og-post,,,,AAXX 07044 07299 22756 71303 10081 20073 39831 40160 55001 875// 333 60005 87650 90710 91105 93100=
07299,2008-11-07 05:00:00,8.1,1015.8,-0.2,95,7.3,6000,5.556,7.408,,200,,,0,,,,,,,,og-post,,,,AAXX 07054 07299 22556 72003 10081 20073 39829 40158 58002 878// 333 60005 81830 87650 90710 91104 93100=
07299,2008-11-07 06:00:00,8.2,1015.9,-0,95,7.4,6000,5.556,7.408,,180,7.1,9.1,0,0,,,0,0,6,3,og-post,,,,AAXX 07064 07299 01556 81803 10082 20074 39830 40159 54000 60002 703// 888// 333 10091 20071 30006 55000 60007 70000 81830 88650 90710 91104 93100 555 60005=
07299,2008-11-07 07:00:00,8.4,1016.3,0.3,94,7.5,6000,5.556,9.26,,170,,,0,,,,,,,,og-post,,,,AAXX 07074 07299 22456 81703 10084 20075 39834 40163 53003 888// 333 60005 81815 88650 90710 91105 93100=
07299,2008-11-07 08:00:00,9,1016.5,0.8,92,7.8,6000,5.556,9.26,,180,,,0,,,,,,,,og-post,,,,AAXX 07084 07299 22456 81803 10090 20078 39837 40165 53008 888// 333 60005 81815 87650 90710 91105 93100=
07299,2008-11-07 09:00:00,10.3,1016.7,1,86,8.1,8000,5.556,9.26,,170,,,0,0,,,,,,,og-post,,,,AAXX 07094 07299 22458 81703 10103 20081 39840 40167 51010 888// 333 60007 82816 87650 90710 91105 93100 555 60005=
07299,2008-11-07 10:00:00,12.4,1016.4,0.6,74,7.9,10000,7.408,12.964,,110,,,0,,,,,,,,og-post,,,,AAXX 07104 07299 22560 31104 10124 20079 39840 40164 51006 83801 333 60005 81820 83073 90710 91107 93100=
07299,2008-11-07 11:00:00,13.9,1015.8,-0.1,66,7.6,11000,7.408,14.816,,140,,,0,,,,,,,,og-post,,,,AAXX 07114 07299 22561 31404 10139 20076 39836 40158 58001 83801 333 60005 81823 83073 90710 91108 93100=
07299,2008-11-07 12:00:00,14.6,1015.5,-0.6,63,7.6,12000,7.408,16.668,,120,,,0,0,,,,,,,og-post,,,,AAXX 07124 07299 02562 31204 10146 20076 39834 40155 58006 60001 83801 333 60007 81830 83073 90710 91109 93100 555 60005=
07299,2008-11-07 13:00:00,15.4,1015,-1,59,7.4,12000,7.408,16.668,,110,,,0,,,,,,,,og-post,,,,AAXX 07134 07299 22562 31104 10154 20074 39830 40150 57010 83801 333 60005 81830 83073 90710 91109 93100=
07299,2008-11-07 14:00:00,14.5,1015.1,-0.6,62,7.3,15000,7.408,14.816,,100,,,0,,,,,,,,og-post,,,,AAXX 07144 07299 22665 51004 10145 20073 39830 40151 56006 83801 333 60005 82833 83656 90710 91108 93100=
07299,2008-11-07 15:00:00,14,1015.2,-0.4,64,7.3,15000,5.556,12.964,,100,,,0,0,,,,,,,og-post,,,,AAXX 07154 07299 22665 61003 10140 20073 39830 40152 56004 86800 333 60007 82836 85656 90710 91107 93100 555 60005=
07299,2008-11-07 16:00:00,12.6,1015.8,0.4,67,6.6,15000,5.556,12.964,,90,,,0,,,,,,,,og-post,,,,AAXX 07164 07299 22665 60903 10126 20066 39834 40158 53004 86800 333 60005 81836 85656 90710 91107 93100=
07299,2008-11-07 17:00:00,9.2,1017.1,1.3,86,7,12000,5.556,11.112,,240,,,0,,,,,,,13,og-post,,,,AAXX 07174 07299 21662 72403 10092 20070 39843 40171 53013 71322 83930 333 60005 82933 86357 90710 91106 93100=
07299,2008-11-07 18:00:00,10.7,1017.6,2,83,7.9,10000,11.112,20.372,,220,8.2,15.7,0.2,0.2,,0.2,,,,25,og-post,,,,AAXX 07184 07299 01660 72206 10107 20079 39850 40176 53020 69922 72586 8393/ 333 10157 20082 69927 81933 86359 90710 91111 93100 555 69925=
07299,2008-11-07 19:00:00,9.5,1018,1.8,90,7.9,11000,7.408,12.964,,160,,,0,,,,,,,,og-post,,,,AAXX 07194 07299 22661 71604 10095 20079 39852 40180 51018 878// 333 60005 81840 87656 90710 91107 93100=
07299,2008-11-07 20:00:00,7.8,1018.8,1.5,94,6.9,10000,3.704,7.408,,210,,,0,,,,,,,,og-post,,,,AAXX 07204 07299 22760 52102 10078 20069 39858 40188 51015 85500 333 60005 85656 90710 91104 93100=
07299,2008-11-07 21:00:00,7.1,1019.6,1.5,95,6.4,10000,1.852,11.112,,160,,,0,0,,,,,,,og-post,,,,AAXX 07214 07299 22660 61601 10071 20064 39865 40196 53015 86500 333 60007 86646 90710 91106 93100 555 60005=
07299,2008-11-07 22:00:00,6.8,1019.9,1.5,95,6.1,10000,5.556,12.964,,150,,,0,,,,,,,,og-post,,,,AAXX 07224 07299 22660 31503 10068 20061 39867 40199 51015 83500 333 60005 83643 90710 91107 93100=
07299,2008-11-07 23:00:00,6.1,1020.3,1.2,96,5.5,10000,1.852,11.112,,180,,,0,,,,,,,,og-post,,,,AAXX 07234 07299 22960 71801 10061 20055 39870 40203 51012 8703/ 333 60005 87362 90710 91106 93100=
07299,2008-11-08 00:00:00,6.5,1020.4,0.7,96,5.9,10000,9.26,12.964,,160,,,0,0,,,,,,,og-post,,,,AAXX 08004 07299 02760 71605 10065 20059 39872 40204 52007 60001 8553/ 333 60007 85650 87362 90710 91107 93100 555 60005=
07299,2008-11-08 01:00:00,7,1020.6,0.7,93,5.9,7000,11.112,16.668,,150,,,0,,,,,,,0,og-post,,,,AAXX 08014 07299 24557 81506 10070 20059 39874 40206 51007 700// 333 60005 90710 91109=
07299,2008-11-08 02:00:00,7.2,1021,0.8,92,6,7000,11.112,18.52,,160,,,0,,,,,,,0,og-post,,,,AAXX 08024 07299 24557 81606 10072 20060 39878 40210 53008 700// 333 60005 90710 91110=
07299,2008-11-08 03:00:00,7.2,1021.2,0.8,91,5.8,8000,9.26,14.816,,160,,,0,0,,,,,,0,og-post,,,,AAXX 08034 07299 21558 71605 10072 20058 39880 40212 52008 700// 875// 333 60007 87629 90710 91108 93100 555 60005=
07299,2008-11-08 04:00:00,7.4,1021.6,1,92,6.2,8000,7.408,16.668,,160,,,0,,,,,,,,og-post,,,,AAXX 08044 07299 22458 71604 10074 20062 39884 40216 52010 875// 333 60005 85616 87640 90710 91109 93100=
07299,2008-11-08 05:00:00,7.3,1021.8,0.8,93,6.2,7000,5.556,11.112,,180,,,0,,,,,,,,og-post,,,,AAXX 08054 07299 22557 71803 10073 20062 39886 40218 52008 875// 333 60005 87620 90710 91106 93100=
07299,2008-11-08 06:00:00,7.2,1022.1,0.9,93,6.1,7000,5.556,12.964,,170,5.6,10.7,0,0,,,0.2,4.1,4,1,og-post,,,,AAXX 08064 07299 01557 71703 10072 20061 39889 40221 51009 60002 701// 875// 333 10107 20056 30004 55041 60007 70002 87623 90710 91107 93100 555 60005=
07299,2008-11-08 07:00:00,7.4,1022.7,1.1,93,6.3,8000,7.408,12.964,,180,,,0,,,,,,,,og-post,,,,AAXX 08074 07299 22558 71804 10074 20063 39895 40227 53011 875// 333 60005 87632 90710 91107 93100=
07299,2008-11-08 08:00:00,7.9,1022.9,1.2,91,6.5,9000,5.556,12.964,,170,,,0,,,,,,,,og-post,,,,AAXX 08084 07299 22659 71703 10079 20065 39898 40229 52012 875// 333 60005 85636 83657 90710 91107 93100=
07299,2008-11-08 09:00:00,8.9,1022.9,1,88,7,10000,9.26,11.112,,150,,,0,0,,,,,,,og-post,,,,AAXX 08094 07299 22660 71505 10089 20070 39899 40229 51010 875// 333 60007 83636 87657 90710 91106 93100 555 60005=
07299,2008-11-08 10:00:00,10.7,1022.7,0.4,81,7.6,12000,5.556,11.112,,130,,,0,,,,,,,,og-post,,,,AAXX 08104 07299 22562 71303 10107 20076 39899 40227 51004 878// 333 60005 81830 87358 90710 91106 93100=
07299,2008-11-08 11:00:00,13.2,1022.2,0.1,69,7.6,15000,3.704,7.408,,170,,,0,,,,,,,,og-post,,,,AAXX 08114 07299 22565 61702 10132 20076 39897 40222 50001 81231 333 60005 81830 84358 90710 91104 93100=
07299,2008-11-08 12:00:00,14.1,1021.6,-0.7,62,6.9,15000,1.852,5.556,,140,,,0,0,,,,,,,og-post,,,,AAXX 08124 07299 02665 61401 10141 20069 39892 40216 58007 60001 81231 333 60007 81835 85075 90710 91103 93100 555 60005=
07299,2008-11-08 13:00:00,13.5,1021.3,-1,70,8.1,20000,1.852,7.408,,340,,,0,,,,,,,,og-post,,,,AAXX 08134 07299 22670 73401 10135 20081 39889 40213 58010 83801 333 60005 81836 83657 86075 90710 91104 93100=
07299,2008-11-08 14:00:00,13.8,1021.2,-0.9,66,7.6,30000,,9.26,,,,,0,,,,,,,,og-post,,,,AAXX 08144 07299 22680 70000 10138 20076 39888 40212 56009 83801 333 60005 81840 83650 86075 90710 91105 93100=
07299,2008-11-08 15:00:00,12.9,1021.6,-0.1,71,7.8,30000,,5.556,,,,,0,0,,,,,,,og-post,,,,AAXX 08154 07299 22680 70000 10129 20078 39891 40216 55001 85801 333 60007 81845 85650 86075 90710 91103 93100 555 60005=
07299,2008-11-08 16:00:00,11.8,1021.8,0.3,81,8.6,30000,,3.704,,,,,0,,,,,,,,og-post,,,,AAXX 08164 07299 22780 70000 10118 20086 39892 40218 53003 83801 333 60005 81850 83656 86075 90710 91102 93100=
07299,2008-11-08 17:00:00,10,1022.6,0.9,90,8.4,20000,5.556,7.408,,230,,,0,,,,,,,,og-post,,,,AAXX 08174 07299 22670 72303 10100 20084 39897 40226 53009 82432 333 60005 82643 83362 86073 90710 91104 93100=
07299,2008-11-08 18:00:00,8.9,1022.9,0.8,90,7.3,20000,,7.408,,,7.2,14.5,0,0,,,,,,,og-post,,,,AAXX 08184 07299 02670 40000 10089 20073 39899 40229 53008 60002 81502 333 10145 20072 60007 81640 84073 90710 91104 93100 555 60005=
07299,2008-11-08 19:00:00,7.3,1023.3,0.9,95,6.6,15000,7.408,11.112,,160,,,0,,,,,,,,og-post,,,,AAXX 08194 07299 22665 31604 10073 20066 39901 40233 51009 81502 333 60005 81640 90710 91106 93100=
07299,2008-11-08 20:00:00,7.5,1023.8,0.9,95,6.8,9000,7.408,11.112,,170,,,0,,,,,,,,og-post,,,,AAXX 08204 07299 22659 31704 10075 20068 39906 40238 53009 81502 333 6///5 81640 90710 91106 93100=
07299,2008-11-08 22:00:00,6.4,1024.2,0.7,95,5.7,6000,12.964,18.52,,160,,,0.2,,,,,,,,og-post,,,,AAXX 08224 07299 22656 31607 10064 20057 39908 40242 50007 81502 333 69925 81640 90710 91110 93100=
07299,2008-11-08 23:00:00,5.7,1024.4,0.3,96,5.1,4000,9.26,14.816,,180,,,0,,,,,,,10,og-post,,,,AAXX 08234 07299 21640 31805 10057 20051 39909 40244 51003 71000 81502 333 60005 81640 90710 91108 93100=
07299,2008-11-09 00:00:00,5.2,1024.4,-0.1,95,4.5,4000,7.408,12.964,,160,,,0,0.2,0.2,,,,,10,og-post,,,,AAXX 09004 07299 01640 31604 10052 20045 39909 40244 56001 69921 71000 81502 333 69927 81640 90710 91107 93100 555 60005=
07299,2008-11-09 01:00:00,5.4,1024.2,0.1,96,4.8,3800,9.26,16.668,,170,,,0,,,,,,,10,og-post,,,,AAXX 09014 07299 24938 /1705 10054 20048 39907 40242 50001 710// 333 60005 90710 91109=
07299,2008-11-09 02:00:00,4.9,1024.3,-0.2,95,4.2,3500,7.408,18.52,,160,,,0,,,,,,,10,og-post,,,,AAXX 09024 07299 24935 /1604 10049 20042 39907 40243 57002 710// 333 60005 90710 91110=
07299,2008-11-09 03:00:00,5,1024.1,-0.3,96,4.4,5000,9.26,12.964,,180,,,0,0,,,,,,0,og-post,,,,AAXX 09034 07299 21650 71805 10050 20044 39906 40241 56003 700// 8157/ 333 60007 81633 87360 90710 91107 93100 555 60005=
07299,2008-11-09 04:00:00,4.9,1024.2,-0.1,95,4.2,4000,11.112,14.816,,180,,,0,,,,,,,10,og-post,,,,AAXX 09044 07299 21640 51806 10049 20042 39906 40242 57001 71022 81530 333 60005 81633 84360 90710 91108 93100=
07299,2008-11-09 05:00:00,5.7,1024.1,-0,96,5.1,7000,14.816,20.372,,160,,,0,,,,,,,,og-post,,,,AAXX 09054 07299 22657 61608 10057 20051 39907 40241 55000 81530 333 60005 81633 84359 86366 90710 91111 93100=
07299,2008-11-09 06:00:00,6,1024.5,0.5,95,5.3,10000,9.26,20.372,,160,4.1,9.1,0,0,,0.2,0.2,2.6,2,1,og-post,,,,AAXX 09064 07299 01960 71605 10060 20053 39911 40245 53005 69922 701// 86032 333 10091 20041 31002 55026 60007 70002 84359 85368 87073 90710 91111 93100 555 60005=
07299,2008-11-09 07:00:00,6.4,1025,1,95,5.7,8000,7.408,14.816,,170,,,0,,,,,,,,og-post,,,,AAXX 09074 07299 22758 71704 10064 20057 39916 40250 53010 85532 333 60005 85656 83360 87073 90710 91108 93100=
07299,2008-11-09 08:00:00,7.4,1025.3,1.3,93,6.3,8000,7.408,14.816,,180,,,0,,,,,,,,og-post,,,,AAXX 09084 07299 22658 71804 10074 20063 39920 40253 52013 875// 333 60005 81840 87656 90710 91108 93100=
07299,2008-11-09 09:00:00,9.2,1025.3,1.1,88,7.3,10000,7.408,12.964,,160,,,0,0,,,,,,,og-post,,,,AAXX 09094 07299 22560 71604 10092 20073 39922 40253 51011 8585/ 333 60007 81820 85650 85357 90710 91107 93100 555 60005=
07299,2008-11-09 10:00:00,10.7,1025.4,0.9,80,7.4,15000,9.26,14.816,,140,,,0,,,,,,,,og-post,,,,AAXX 09104 07299 22565 71405 10107 20074 39925 40254 51009 8685/ 333 60005 81823 86645 87357 90710 91108 93100=
07299,2008-11-09 11:00:00,12.4,1024.9,0.2,73,7.7,20000,7.408,14.816,,140,,,0,,,,,,,,og-post,,,,AAXX 09114 07299 22570 71404 10124 20077 39922 40249 50002 82832 333 60005 81826 84357 87073 90710 91108 93100=
07299,2008-11-09 12:00:00,15.7,1024.1,-0.4,60,8,30000,14.816,33.336,,210,,,0,0,,,,,,,og-post,,,,AAXX 09124 07299 02580 72108 10157 20080 39918 40241 58004 60001 84832 333 60007 81831 84645 87073 90710 91118 93100 555 60005=
07299,2008-11-09 13:00:00,16.6,1023.8,-0.9,57,8,20000,18.52,37.04,,230,,,0,,,,,,,15,og-post,,,,AAXX 09134 07299 21570 72310 10166 20080 39916 40238 56009 71522 8385/ 333 60005 81831 83648 86365 90710 91120 93100=
07299,2008-11-09 14:00:00,15.9,1024.1,-0.4,60,8.1,20000,20.372,37.04,,250,,,0,,,,,,,15,og-post,,,,AAXX 09144 07299 21570 72511 10159 20081 39918 40241 55004 71522 8685/ 333 60005 81830 86648 85360 90710 91120 93100=
07299,2008-11-09 15:00:00,12.7,1025.1,0.7,83,9.9,18000,12.964,22.224,,300,,,0.2,0.2,,,,,,60,og-post,,,,AAXX 09154 07299 21568 83007 10127 20099 39925 40251 53007 76062 878// 333 69927 81830 83648 87657 90710 91112 93100 555 69925=
07299,2008-11-09 16:00:00,11.9,1025.4,1.1,88,10,15000,7.408,16.668,,240,,,0.4,,,,,,,21,og-post,,,,AAXX 09164 07299 21565 82404 10119 20100 39927 40254 52011 72162 878// 333 69945 81830 87657 90710 91109 93100=
07299,2008-11-09 17:00:00,11.1,1025.6,1,93,10,18000,9.26,12.964,,150,,,,,,,,,,60,og-post,,,,AAXX 09174 07299 21568 81505 10111 20100 39928 40256 51010 76062 878// 333 69905 81830 87656 90710 91107 93100=
07299,2008-11-09 18:00:00,11.1,1025.4,0.1,93,10,20000,5.556,16.668,,160,6.1,17,,0.4,,0.6,,,,21,og-post,,,,AAXX 09184 07299 01570 81603 10111 20100 39926 40254 50001 69962 72162 878// 333 10170 20061 69947 81830 87656 90710 91109 93100 555 69905=
07299,2008-11-09 19:00:00,11.1,1025.2,-0.3,91,9.7,20000,11.112,20.372,,170,,,0,,,,,,,,og-post,,,,AAXX 09194 07299 22670 71706 10111 20097 39924 40252 58003 8585/ 333 60005 81836 85656 85358 90710 91111 93100=
07299,2008-11-09 20:00:00,10.9,1025.2,-0.4,92,9.7,20000,11.112,24.076,,160,,,0.2,,,,,,,,og-post,,,,AAXX 09204 07299 22770 71606 10109 20097 39924 40252 56004 878// 333 69925 81850 87656 90710 91113 93100=
07299,2008-11-09 21:00:00,10.7,1025.6,0.1,92,9.5,20000,7.408,20.372,,170,,,0,0.2,,,,,,,og-post,,,,AAXX 09214 07299 22770 71704 10107 20095 39927 40256 53001 878// 333 69927 81850 87657 90710 91111 93100 555 60005=
07299,2008-11-09 22:00:00,10.6,1025.4,0.1,92,9.4,20000,9.26,12.964,,170,,,,,,,,,,60,og-post,,,,AAXX 09224 07299 21770 71705 10106 20094 39925 40254 50001 76062 8487/ 333 69905 81850 84657 87359 90710 91107 93100=
07299,2008-11-09 23:00:00,10.4,1025.3,0,91,9,20000,11.112,16.668,,170,,,0.2,,,,,,,60,og-post,,,,AAXX 09234 07299 21770 71706 10104 20090 39924 40253 50000 76066 8257/ 333 69925 82650 87359 90710 91109 93100=
07299,2008-11-10 00:00:00,10.4,1025.2,-0.4,90,8.8,20000,11.112,16.668,,160,,,,0.2,0.4,,,,,21,og-post,,,,AAXX 10004 07299 01770 71606 10104 20088 39923 40252 56004 69941 72162 8257/ 333 69927 82650 87360 90710 91109 93100 555 69905=
07299,2008-11-10 01:00:00,9.7,1025.1,-0.4,91,8.3,20000,7.408,14.816,,130,,,0,,,,,,,0,og-post,,,,AAXX 10014 07299 21770 71304 10097 20083 39921 40251 57004 700// 81531 333 60005 81650 85360 87075 90710 91108 93100=
07299,2008-11-10 02:00:00,8.1,1025.3,-0.3,93,7,19000,5.556,11.112,,130,,,0,,,,,,,0,og-post,,,,AAXX 10024 07299 24969 /1303 10081 20070 39921 40253 56003 700// 333 60005 90710 91106=
07299,2008-11-10 03:00:00,8.6,1024.9,-0.5,93,7.5,20000,12.964,16.668,,160,,,0,0,,,,,,1,og-post,,,,AAXX 10034 07299 21970 71607 10086 20075 39918 40249 58005 701// 84031 333 60007 84362 87075 90710 91109 93100 555 60005=
07299,2008-11-10 04:00:00,8.2,1025,-0.3,93,7.1,20000,11.112,16.668,,160,,,0,,,,,,,,og-post,,,,AAXX 10044 07299 22770 71606 10082 20071 39918 40250 57003 81531 333 60005 81650 84362 87075 90710 91109 93100=
07299,2008-11-10 05:00:00,8.5,1024.9,-0.3,93,7.4,20000,9.26,16.668,,160,,,0,,,,,,,,og-post,,,,AAXX 10054 07299 22770 71605 10085 20074 39918 40249 56003 8453/ 333 60005 81650 84656 87362 90710 91109 93100=
07299,2008-11-10 06:00:00,8.6,1025,0.1,91,7.2,20000,9.26,16.668,,160,7.7,11.4,0,0,,0.4,1,1.1,5,2,og-post,,,,AAXX 10064 07299 01770 71605 10086 20072 39919 40250 53001 69942 702// 8154/ 333 10114 20077 31005 55011 60007 70010 81650 87357 90710 91109 93100 555 60005=
07299,2008-11-10 07:00:00,8.7,1025.6,0.7,89,7,30000,5.556,20.372,,180,,,0,,,,,,,,og-post,,,,AAXX 10074 07299 22780 71803 10087 20070 39925 40256 53007 81541 333 60005 81650 86357 90710 91111 93100=
07299,2008-11-10 08:00:00,9.6,1025.7,0.9,86,7.4,40000,9.26,16.668,,160,,,0,,,,,,,,og-post,,,,AAXX 10084 07299 22782 71605 10096 20074 39927 40257 53009 81541 333 60005 81650 83359 85366 90710 91109 93100=
07299,2008-11-10 09:00:00,12.4,1025.3,0.7,76,8.3,45000,11.112,18.52,,160,,,0,0,,,,,,,og-post,,,,AAXX 10094 07299 22583 61606 10124 20083 39926 40253 50007 81841 333 60007 81826 84367 90710 91110 93100 555 60005=
07299,2008-11-10 10:00:00,14.4,1024.7,-0.3,64,7.7,45000,16.668,22.224,,150,,,0,,,,,,,,og-post,,,,AAXX 10104 07299 22583 61509 10144 20077 39922 40247 58003 82841 333 60005 81830 83368 85076 90710 91112 93100=
07299,2008-11-10 11:00:00,16.4,1023.4,-1.5,60,8.6,50000,11.112,22.224,,140,,,0,,,,,,,14,og-post,,,,AAXX 10114 07299 21584 61406 10164 20086 39912 40234 58015 71422 83841 333 60005 81832 83656 85368 90710 91112 93100=
07299,2008-11-10 12:00:00,18.2,1022.4,-2.2,48,7,50000,11.112,20.372,,130,,,0,0,,,,,,,og-post,,,,AAXX 10124 07299 02684 61306 10182 20070 39904 40224 58022 60001 83841 333 60007 81843 84365 85075 90710 91111 93100 555 60005=
07299,2008-11-10 13:00:00,18.5,1021.6,-2.5,48,7.3,70000,18.52,44.448,,260,,,0,,,,,,,,og-post,,,,AAXX 10134 07299 22688 72610 10185 20073 39897 40216 56025 81141 333 60005 81846 84369 86075 90710 91124 93100=
07299,2008-11-10 14:00:00,18,1021.3,-1.9,50,7.4,70000,14.816,25.928,,250,,,0,,,,,,,,og-post,,,,AAXX 10144 07299 22688 62508 10180 20074 39893 40213 56019 81141 333 60005 81848 86075 90710 91114 93100=
07299,2008-11-10 15:00:00,16.7,1021.1,-1.4,52,6.8,70000,9.26,20.372,,160,,,0,0,,,,,,,og-post,,,,AAXX 10154 07299 22688 61605 10167 20068 39890 40211 56014 81141 333 60007 81848 83361 85075 90710 91111 93100 94030 94135 555 60005=
07299,2008-11-10 16:00:00,14.2,1021.3,-0.8,66,7.9,70000,5.556,11.112,,180,,,0,,,,,,,,og-post,,,,AAXX 10164 07299 22788 61803 10142 20079 39889 40213 56008 81441 333 60005 81850 83361 85075 90710 91106 93100 94030 94135=
07299,2008-11-10 17:00:00,10.7,1021.8,-0.3,82,7.8,45000,3.704,9.26,,190,,,0,,,,,,,,og-post,,,,AAXX 10174 07299 22983 61902 10107 20078 39890 40218 55003 83041 333 60005 83364 85075 90710 91105 93100 94135=
07299,2008-11-10 18:00:00,10,1021.8,-0.1,85,7.6,40000,7.408,11.112,,160,8.4,19.2,0,0,,,,,,,og-post,,,,AAXX 10184 07299 02982 61604 10100 20076 39889 40218 57001 60002 84041 333 10192 20084 60007 81359 84362 90710 91106 93100 555 60005=
07299,2008-11-10 19:00:00,9.1,1021.2,-0.6,85,6.7,35000,3.704,12.964,,150,,,0,,,,,,,,og-post,,,,AAXX 10194 07299 22981 41502 10091 20067 39883 40212 58006 82041 333 60005 82362 83075 90710 91107 93100=
07299,2008-11-10 20:00:00,7.6,1021.2,-0.9,90,6.1,30000,3.704,5.556,,230,,,0,,,,,,,,og-post,,,,AAXX 10204 07299 22980 32302 10076 20061 39881 40212 57009 82041 333 60005 82362 90710 91103 93100=
07299,2008-11-10 21:00:00,7.2,1021.4,-0.7,91,5.8,25000,7.408,12.964,,240,,,0,0,,,,,,,og-post,,,,AAXX 10214 07299 22975 52404 10072 20058 39882 40214 55007 83042 333 60007 83360 84075 90710 91107 93100 555 60005=
07299,2008-11-10 22:00:00,8,1021,-0.4,91,6.6,25000,3.704,7.408,,190,,,0,,,,,,,,og-post,,,,AAXX 10224 07299 22775 61902 10080 20066 39879 40210 58004 83532 333 60005 83656 85360 90710 91104 93100=
07299,2008-11-10 23:00:00,8.6,1020.1,-1,83,5.9,25000,7.408,12.964,,170,,,0,,,,,,,,og-post,,,,AAXX 10234 07299 22875 41704 10086 20059 39871 40201 58010 83032 333 60005 83357 90710 91107 93100=
07299,2008-11-11 00:00:00,8.2,1019.1,-2.1,87,6.2,25000,7.408,16.668,,190,,,0,0,,,,,,,og-post,,,,AAXX 11004 07299 02875 41904 10082 20062 39861 40191 58021 60001 83032 333 60007 83357 90710 91109 93100 555 60005=
07299,2008-11-11 01:00:00,8.4,1018.1,-2.7,84,5.9,21000,7.408,16.668,,170,,,0,,,,,,,0,og-post,,,,AAXX 11014 07299 24971 /1704 10084 20059 39852 40181 58027 700// 333 60005 90710 91109=
07299,2008-11-11 02:00:00,8.5,1017.5,-2.5,82,5.6,24000,7.408,14.816,,170,,,0,,,,,,,0,og-post,,,,AAXX 11024 07299 24974 /1704 10085 20056 39846 40175 56025 700// 333 60005 90710 91108=
07299,2008-11-11 03:00:00,7.2,1016.9,-2.2,87,5.2,25000,11.112,14.816,,140,,,0,0,,,,,,0,og-post,,,,AAXX 11034 07299 21975 51406 10072 20052 39839 40169 56022 700// 82041 333 60007 82361 85073 90710 91108 93100 555 60005=
07299,2008-11-11 04:00:00,6,1016.6,-1.8,87,4,20000,1.852,16.668,,130,,,0,,,,,,,,og-post,,,,AAXX 11044 07299 22970 61301 10060 20040 39834 40166 56018 81041 333 60005 81361 86073 90710 91109 93100=
07299,2008-11-11 05:00:00,5.9,1016.4,-1.4,90,4.4,20000,5.556,9.26,,200,,,0,,,,,,,,og-post,,,,AAXX 11054 07299 22970 42003 10059 20044 39832 40164 56014 81041 333 60005 81363 84073 90710 91105 93100=
07299,2008-11-11 06:00:00,5.2,1016.5,-0.7,92,4,20000,5.556,7.408,,240,5.2,10.3,0,0,,,0,6.3,3,3,og-post,,,,AAXX 11064 07299 01970 62403 10052 20040 39832 40165 56007 60002 703// 81042 333 10103 20052 30003 55063 60007 70000 81363 86071 90710 91104 93100 555 60005=
07299,2008-11-11 07:00:00,5.9,1016.8,0.2,93,4.9,25000,5.556,9.26,,220,,,0,,,,,,,,og-post,,,,AAXX 11074 07299 22675 72203 10059 20049 39836 40168 53002 8115/ 333 60005 81833 85356 85365 90710 91105 93100=
07299,2008-11-11 08:00:00,7.4,1016.9,0.7,92,6.2,20000,,5.556,,,,,0,,,,,,,,og-post,,,,AAXX 11084 07299 22670 70000 10074 20062 39839 40169 53007 8115/ 333 60005 81833 86656 86362 90710 91103 93100=
07299,2008-11-11 09:00:00,9.4,1017,1,87,7.3,20000,5.556,9.26,,110,,,,,,,,,,60,og-post,,,,AAXX 11094 07299 21570 71103 10094 20073 39842 40170 52010 76062 818// 333 69907 81830 83640 87650 90710 91105 93100 555 69905=
07299,2008-11-11 10:00:00,12.4,1016.7,0.7,82,9.4,15000,1.852,20.372,,30,,,,,,,,,,60,og-post,,,,AAXX 11104 07299 21565 70301 10124 20094 39843 40167 51007 76066 818// 333 69905 81830 83640 87650 90710 91111 93100=
07299,2008-11-11 11:00:00,15.4,1016.4,0.4,67,9.3,17000,25.928,46.3,,240,,,0.2,,,,,,,60,og-post,,,,AAXX 11114 07299 21567 72414 10154 20093 39843 40164 51004 76062 878// 333 69925 81826 83636 86643 90710 91125 93100=
07299,2008-11-11 12:00:00,10.6,1018,1.1,82,7.7,12000,27.78,50.004,48.152,280,,,0,0,0,,,,,80,og-post,,,,AAXX 11124 07299 01562 82815 10106 20077 39853 40180 53011 6///1 78086 878// 333 6///7 81820 87640 91026 90710 91127 93100 555 6///5=
07299,2008-11-11 13:00:00,9.7,1019.1,2,88,7.8,12000,12.964,38.892,,270,,,0.4,,,,,,,25,og-post,,,,AAXX 11134 07299 21562 82707 10097 20078 39863 40191 53020 72586 878// 333 69945 82826 83640 87357 90710 91121 93100=
07299,2008-11-11 14:00:00,9.8,1019.4,2.3,82,6.9,17000,14.816,27.78,,250,,,0,,,,,,,,og-post,,,,AAXX 11144 07299 22567 82508 10098 20069 39866 40194 51023 8583/ 333 60005 82826 85650 87358 90710 91115 93100=
07299,2008-11-11 15:00:00,9.5,1019.6,1.5,85,7.1,18000,9.26,18.52,,230,,,0.2,0.6,,,,,,21,og-post,,,,AAXX 11154 07299 21568 82305 10095 20071 39868 40196 51015 72186 8584/ 333 69967 82826 85650 87358 90710 91110 93100 555 69925=
07299,2008-11-11 16:00:00,9,1020,0.8,81,5.9,18000,,14.816,,,,,0,,,,,,,,og-post,,,,AAXX 11164 07299 22568 70000 10090 20059 39871 40200 52008 878// 333 60005 82826 85650 87656 90710 91108 93100=
07299,2008-11-11 17:00:00,8.6,1020.3,0.7,87,6.6,18000,5.556,7.408,,260,,,0,,,,,,,,og-post,,,,AAXX 11174 07299 22568 72603 10086 20066 39873 40203 52007 878// 333 60005 82826 83650 87657 90710 91104 93100=
07299,2008-11-11 18:00:00,7.5,1020.6,0.7,93,6.4,18000,5.556,7.408,,210,5,15.7,0,0,,0,,,,3,og-post,,,,AAXX 11184 07299 01568 72103 10075 20064 39875 40206 51007 6///2 70386 878// 333 10157 20050 60007 81826 83650 85357 90710 91104 93100 555 60005=
07299,2008-11-11 19:00:00,7.2,1020.6,0.3,91,5.8,35000,,9.26,,,,,0,,,,,,,,og-post,,,,AAXX 11194 07299 22781 70000 10072 20058 39874 40206 50003 8157/ 333 60005 81650 86365 90710 91105 93100=
07299,2008-11-11 20:00:00,6.4,1020.8,0.2,93,5.3,30000,,9.26,,,,,0,,,,,,,,og-post,,,,AAXX 11204 07299 22680 70000 10064 20053 39875 40208 51002 81532 333 60005 81640 86363 87075 90710 91105 93100=
07299,2008-11-11 21:00:00,6.3,1021,0.2,94,5.4,25000,5.556,7.408,,250,,,0,0,,,,,,,og-post,,,,AAXX 11214 07299 22475 72503 10063 20054 39877 40210 53002 8383/ 333 60007 81810 83630 85363 90710 91104 93100 555 60005=
07299,2008-11-11 22:00:00,6.5,1020.7,0.1,94,5.6,25000,3.704,11.112,,190,,,0,,,,,,,,og-post,,,,AAXX 11224 07299 22475 71902 10065 20056 39875 40207 50001 82832 333 60005 81810 85364 87075 90710 91106 93100=
07299,2008-11-11 23:00:00,5.6,1020.6,-0.2,95,4.9,25000,1.852,7.408,,250,,,0,,,,,,,,og-post,,,,AAXX 11234 07299 22575 72501 10056 20049 39873 40206 58002 81532 333 60005 81626 86361 87075 90710 91104 93100=
07299,2008-11-12 00:00:00,5.2,1020.4,-0.7,96,4.6,25000,1.852,5.556,,220,,,0,0,,,,,,14,og-post,,,,AAXX 12004 07299 01575 72201 10052 20046 39870 40204 57007 60001 71422 81532 333 60007 81626 86362 87075 90710 91103 93100 555 60005=
07299,2008-11-12 01:00:00,5.5,1020.2,-0.6,97,5.1,12000,,5.556,,,,,0,,,,,,,0,og-post,,,,AAXX 12014 07299 24962 80000 10055 20051 39869 40202 56006 700// 333 60005 90710 91103=
07299,2008-11-12 02:00:00,5.4,1020.4,-0.3,97,5,15000,1.852,5.556,,250,,,0,,,,,,,0,og-post,,,,AAXX 12024 07299 24665 82501 10054 20050 39870 40204 55003 700// 333 60005 90710 91103=
07299,2008-11-12 03:00:00,5.6,1020.2,-0.1,97,5.2,17000,3.704,7.408,,150,,,0,0,,,,,,15,og-post,,,,AAXX 12034 07299 21667 81502 10056 20052 39869 40202 57001 71522 8257/ 333 60007 82636 87361 90710 91104 93100 555 60005=
07299,2008-11-12 04:00:00,5.6,1020.4,0.2,97,5.2,18000,,7.408,,,,,0,,,,,,,15,og-post,,,,AAXX 12044 07299 21568 80000 10056 20052 39871 40204 53002 71522 8387/ 333 60005 81830 83642 87361 90710 91104 93100=
07299,2008-11-12 05:00:00,5.6,1020.4,0.1,97,5.2,18000,,16.668,,,,,0,,,,,,,15,og-post,,,,AAXX 12054 07299 21568 80000 10056 20052 39871 40204 53001 71522 8487/ 333 60005 81830 84649 87363 90710 91109 93100=
07299,2008-11-12 06:00:00,5.3,1020.5,0.2,97,4.9,18000,,5.556,,,5.2,7.5,0,0,,,1.8,0.2,4,3,og-post,,,,AAXX 12064 07299 01568 80000 10053 20049 39871 40205 51002 60002 70322 8487/ 333 10075 20052 32004 55002 60007 70018 81830 84650 87366 90710 91103 93100 555 60005=
07299,2008-11-12 07:00:00,4.8,1020.7,0.2,97,4.4,20000,,7.408,,,,,0,,,,,,,,og-post,,,,AAXX 12074 07299 22570 70000 10048 20044 39873 40207 53002 82872 333 60005 81830 83368 87075 90710 91104 93100=
07299,2008-11-12 08:00:00,5.6,1021.1,0.6,98,5.3,11000,,7.408,,,,,0,,,,,,,,og-post,,,,AAXX 12084 07299 22561 70000 10056 20053 39877 40211 53006 82872 333 60005 81830 87075 90710 91104 93100=
07299,2008-11-12 09:00:00,7.9,1020.7,0.5,93,6.8,15000,5.556,7.408,,170,,,0,0,,,,,,,og-post,,,,AAXX 12094 07299 22465 71703 10079 20068 39876 40207 50005 82832 333 60007 81815 87075 90710 91104 93100 555 60005=
07299,2008-11-12 10:00:00,11,1020.3,0.3,68,5.3,17000,3.704,9.26,,150,,,0,,,,,,,,og-post,,,,AAXX 12104 07299 22567 71502 10110 20053 39876 40203 51003 82832 333 60005 81820 87073 90710 91105 93100=
07299,2008-11-12 11:00:00,11.6,1019.8,-0.5,65,5.2,30000,,9.26,,,,,0,,,,,,,,og-post,,,,AAXX 12114 07299 22580 70000 10116 20052 39872 40198 58005 84832 333 60005 83825 87073 90710 91105 93100=
07299,2008-11-12 12:00:00,11.5,1019.6,-0.6,61,4.2,35000,1.852,9.26,,360,,,0,0,,,,,,,og-post,,,,AAXX 12124 07299 02581 73601 10115 20042 39870 40196 58006 60001 83852 333 60007 82825 83365 85073 90710 91105 93100 555 60005=
07299,2008-11-12 13:00:00,11.5,1019.3,-0.9,64,4.9,35000,,9.26,,,,,0,,,,,,,15,og-post,,,,AAXX 12134 07299 21581 70000 10115 20049 39867 40193 56009 71522 82852 333 60005 81826 85365 87070 90710 91105 93100=
07299,2008-11-12 14:00:00,11,1019.2,-0.7,63,4.2,35000,,3.704,,,,,0,,,,,,,15,og-post,,,,AAXX 12144 07299 21581 70000 10110 20042 39865 40192 57007 71522 82852 333 60005 81826 86363 87070 90710 91102 93100=
07299,2008-11-12 15:00:00,10.6,1019.4,-0.3,68,4.9,50000,,5.556,,,,,0,0,,,,,,,og-post,,,,AAXX 12154 07299 22584 70000 10106 20049 39867 40194 55003 82872 333 60007 81826 85361 87070 90710 91103 93100 555 60005=
07299,2008-11-12 16:00:00,9.2,1019.7,0.1,80,5.9,50000,5.556,11.112,,300,,,0,,,,,,,,og-post,,,,AAXX 12164 07299 22584 73003 10092 20059 39868 40197 53001 83872 333 60005 81826 85361 86070 90710 91106 93100=
07299,2008-11-12 17:00:00,8.8,1020.2,0.7,83,6.1,35000,5.556,9.26,,270,,,0,,,,,,,,og-post,,,,AAXX 12174 07299 22581 72703 10088 20061 39872 40202 53007 878// 333 60005 81826 87650 90710 91105 93100=
07299,2008-11-12 18:00:00,8.5,1020.5,0.8,82,5.6,35000,,9.26,,,4.8,11.9,0,0,,,,,,,og-post,,,,AAXX 12184 07299 02581 70000 10085 20056 39875 40205 53008 60002 878// 333 10119 20048 60007 81826 87656 90710 91105 93100 555 60005=
07299,2008-11-12 19:00:00,8.1,1020.8,0.9,87,6.1,25000,3.704,5.556,,230,,,0,,,,,,,,og-post,,,,AAXX 12194 07299 22775 72302 10081 20061 39877 40208 51009 878// 333 60005 81650 87656 90710 91103 93100=
07299,2008-11-12 20:00:00,7.7,1021.1,0.8,86,5.5,25000,,3.704,,,,,0,,,,,,,,og-post,,,,AAXX 12204 07299 22775 70000 10077 20055 39880 40211 52008 875// 333 60005 81650 87656 90710 91102 93100=
07299,2008-11-12 21:00:00,6.8,1021.7,1,91,5.4,25000,3.704,5.556,,210,,,0,0,,,,,,,og-post,,,,AAXX 12214 07299 22775 72102 10068 20054 39885 40217 53010 8157/ 333 60007 81650 86357 85465 90710 91103 93100 555 60005=
07299,2008-11-12 22:00:00,5.5,1022.1,1,93,4.5,12000,3.704,5.556,,280,,,0,,,,,,,,og-post,,,,AAXX 12224 07299 22662 72802 10055 20045 39887 40221 52010 83532 333 60005 83636 83357 87070 90710 91103 93100=
07299,2008-11-12 23:00:00,4.7,1022.4,0.9,96,4.1,12000,,7.408,,,,,0,,,,,,,,og-post,,,,AAXX 12234 07299 22662 70000 10047 20041 39889 40224 51009 83532 333 60005 83636 83357 87070 90710 91104 93100=
07299,2008-11-13 00:00:00,5,1022.3,0.3,96,4.4,12000,3.704,5.556,,250,,,0,0,,,,,,0,og-post,,,,AAXX 13004 07299 01662 72502 10050 20044 39888 40223 50003 60001 700// 875// 333 60007 83636 87650 90710 91103 93100 555 60005=
07299,2008-11-13 01:00:00,5.5,1022,-0.1,96,4.9,15000,5.556,9.26,,300,,,0,,,,,,,0,og-post,,,,AAXX 13014 07299 24665 83003 10055 20049 39886 40220 58001 700// 333 60005 90710 91105=
07299,2008-11-13 02:00:00,5.8,1022.3,-0,95,5.1,12000,9.26,14.816,,330,,,0,,,,,,,0,og-post,,,,AAXX 13024 07299 24662 83305 10058 20051 39889 40223 55000 700// 333 60005 90710 91108=
07299,2008-11-13 03:00:00,5.7,1022.3,0.1,95,5,14000,9.26,14.816,,330,,,0,0,,,,,,0,og-post,,,,AAXX 13034 07299 21664 73305 10057 20050 39889 40223 53001 700// 875// 333 60007 81633 87640 90710 91108 93100 555 60005=
07299,2008-11-13 04:00:00,5.7,1022.4,0.4,95,5,15000,7.408,12.964,,310,,,0,,,,,,,0,og-post,,,,AAXX 13044 07299 24665 83104 10057 20050 39890 40224 51004 700// 333 6///5 90710 91107=
07299,2008-11-13 05:00:00,5.6,1023,0.7,95,4.9,15000,11.112,18.52,,330,,,0,,,,,,,,og-post,,,,AAXX 13054 07299 22365 73306 10056 20049 39896 40230 53007 875// 333 60005 85607 87640 90710 91110 93100=
07299,2008-11-13 06:00:00,5.5,1023.5,1.1,94,4.6,11000,7.408,12.964,,340,4.3,8.7,,,,,0,2.8,3,60,og-post,,,,AAXX 13064 07299 01261 73404 10055 20046 39900 40235 53011 69902 760// 875// 333 10087 20043 32003 55028 69907 79999 86605 87640 90710 91107 93100 555 69905=
07299,2008-11-13 07:00:00,5.4,1024.1,1.6,95,4.7,6000,5.556,9.26,,310,,,,,,,,,,21,og-post,,,,AAXX 13074 07299 21256 73103 10054 20047 39906 40241 52016 72162 8553/ 333 69905 85606 85640 85358 90710 91105 93100=
07299,2008-11-13 08:00:00,5.8,1024.4,1.4,95,5.1,8000,11.112,16.668,,320,,,0,,,,,,,,og-post,,,,AAXX 13084 07299 22258 73206 10058 20051 39910 40244 52014 875// 333 60005 85605 87610 85646 90710 91109 93100=
07299,2008-11-13 09:00:00,6.1,1024.8,1.4,93,5.1,8000,5.556,18.52,,340,,,0,,,,,,,1,og-post,,,,AAXX 13094 07299 21358 73403 10061 20051 39914 40248 51014 70162 875// 333 69907 85609 87645 90710 91110 93100 555 60005=
07299,2008-11-13 10:00:00,7.3,1025,1.1,86,5.1,9000,3.704,11.112,,90,,,0,,,,,,,,og-post,,,,AAXX 13104 07299 22459 70902 10073 20051 39917 40250 52011 875// 333 60005 87610 90710 91106 93100=
07299,2008-11-13 11:00:00,8.2,1024.6,0.4,80,5,12000,1.852,11.112,,30,,,0,,,,,,,,og-post,,,,AAXX 13114 07299 22462 70301 10082 20050 39914 40246 50004 875// 333 60005 87614 90710 91106 93100=
07299,2008-11-13 12:00:00,8.8,1024.2,-0.3,76,4.8,12000,3.704,14.816,,360,,,0,0,,,,,,3,og-post,,,,AAXX 13124 07299 01462 73602 10088 20048 39911 40242 58003 69901 70362 878// 333 60007 81815 87645 90710 91108 93100 555 60005=
07299,2008-11-13 13:00:00,9.9,1024,-0.7,72,5.1,15000,7.408,18.52,,340,,,0,,,,,,,,og-post,,,,AAXX 13134 07299 22565 73404 10099 20051 39910 40240 56007 878// 333 60005 81825 87650 90710 91110 93100=
07299,2008-11-13 14:00:00,9.4,1024,-0.4,73,4.8,15000,12.964,24.076,,360,,,0,,,,,,,,og-post,,,,AAXX 13144 07299 22565 73607 10094 20048 39910 40240 56004 878// 333 60005 83826 87640 90710 91113 93100=
07299,2008-11-13 15:00:00,9,1024.4,0.2,69,3.6,20000,14.816,27.78,,360,,,0,0,,,,,,,og-post,,,,AAXX 13154 07299 22570 73608 10090 20036 39913 40244 53002 878// 333 60007 81826 83646 87656 90710 91115 93100 555 60005=
07299,2008-11-13 16:00:00,8.6,1025.2,1,71,3.6,25000,11.112,22.224,,360,,,0,,,,,,,,og-post,,,,AAXX 13164 07299 22675 73606 10086 20036 39920 40252 53010 878// 333 60005 81833 87650 90710 91112 93100=
07299,2008-11-13 17:00:00,8,1026,1.7,70,2.9,20000,16.668,24.076,,350,,,0,,,,,,,,og-post,,,,AAXX 13174 07299 22670 73509 10080 20029 39927 40260 53017 878// 333 60005 81833 87656 90710 91113 93100=
07299,2008-11-13 18:00:00,7.6,1026.4,1.8,71,2.7,20000,14.816,27.78,,350,5.3,10,0,0,,,,,,,og-post,,,,AAXX 13184 07299 02670 73508 10076 20027 39931 40264 51018 69902 878// 333 10100 20053 60007 81833 87656 90710 91115 93100 555 60005=
07299,2008-11-13 19:00:00,6.8,1026.7,1.3,77,3,20000,16.668,24.076,,340,,,0,,,,,,,,og-post,,,,AAXX 13194 07299 22670 73409 10068 20030 39933 40267 51013 878// 333 60005 81833 87656 90710 91113 93100=
07299,2008-11-13 20:00:00,5.6,1027.2,0.9,82,2.8,18000,14.816,27.78,,320,,,0,,,,,,,,og-post,,,,AAXX 13204 07299 22768 73208 10056 20028 39936 40272 52009 875// 333 60005 81650 86656 90710 91115 93100=
07299,2008-11-13 21:00:00,4.1,1027.8,0.9,87,2.1,18000,9.26,20.372,,330,,,0,0,,,,,,,og-post,,,,AAXX 13214 07299 22768 73305 10041 20021 39940 40278 53009 875// 333 60007 81650 86656 90710 91111 93100 555 60005=
07299,2008-11-13 22:00:00,3.8,1027.9,0.8,88,2,18000,5.556,14.816,,310,,,0,,,,,,,,og-post,,,,AAXX 13224 07299 22768 63103 10038 20020 39941 40279 51008 86500 333 60005 81650 86656 90710 91108 93100=
07299,2008-11-13 23:00:00,3.2,1028.1,0.6,91,1.9,15000,7.408,11.112,,310,,,0,,,,,,,,og-post,,,,AAXX 13234 07299 22665 73104 10032 20019 39942 40281 51006 87500 333 60005 83635 86656 90710 91106 93100=
07299,2008-11-14 00:00:00,2.5,1028.1,0.1,90,1,15000,5.556,11.112,,290,,,0,0,,,,,,,og-post,,,,AAXX 14004 07299 02665 42903 10025 20010 39941 40281 50001 60001 84500 333 60007 84635 90710 91106 93100 555 60005=
07299,2008-11-14 01:00:00,2.5,1028.2,0.1,92,1.3,12000,7.408,11.112,,310,,,0,,,,,,,0,og-post,,,,AAXX 14014 07299 24662 83104 10025 20013 39942 40282 52001 700// 333 60005 90710 91106=
07299,2008-11-14 02:00:00,2.6,1028.5,0.3,92,1.4,11000,5.556,11.112,,300,,,0,,,,,,,0,og-post,,,,AAXX 14024 07299 24661 83003 10026 20014 39945 40285 53003 700// 333 60005 90710 91106=
07299,2008-11-14 03:00:00,1.2,1028.6,0.3,92,0,8000,,7.408,,,,,0,0,,,,,,0,og-post,,,,AAXX 14034 07299 21258 20000 10012 20000 39944 40286 50003 700// 82500 333 60007 81705 90710 91104 93100 555 60005=
07299,2008-11-14 04:00:00,0,1029,0.5,95,-0.7,7000,3.704,9.26,,100,,,0,,,,,,,,og-post,,,,AAXX 14044 07299 22157 71002 10000 21007 39947 40290 52005 876// 333 60005 85703 85636 90710 91105 93100=
07299,2008-11-14 05:00:00,0.4,1029.5,0.7,97,0,100,3.704,7.408,,60,,,0,,,,,,,46,og-post,,,,AAXX 14054 07299 21001 70602 10004 20000 39952 40295 53007 74642 876// 333 60005 87700 90710 91104 93100=
07299,2008-11-14 06:00:00,0.6,1029.4,0.7,97,0.2,100,1.852,5.556,,240,-0.4,7.6,0,0,,,0,0.1,-2,44,og-post,,,,AAXX 14064 07299 01001 72401 10006 20002 39951 40294 50007 60002 744// 876// 333 10076 21004 30102 55001 60007 79999 87700 90710 91103 93100 555 60005=
07299,2008-11-14 07:00:00,0.3,1029.9,0.9,97,-0.1,100,,3.704,,,,,0,,,,,,,47,og-post,,,,AAXX 14074 07299 21/01 90000 10003 21001 39956 40299 52009 74744 333 60005 90710 91102 93100=
07299,2008-11-14 08:00:00,1.2,1030.4,1,98,0.9,100,1.852,5.556,,10,,,0,,,,,,,44,og-post,,,,AAXX 14084 07299 21001 80101 10012 20009 39962 40304 53010 74444 886// 333 60005 87700 90710 91103 93100=
07299,2008-11-14 09:00:00,1.9,1030.1,0.9,98,1.6,100,3.704,5.556,,240,,,0,0,,,,,,44,og-post,,,,AAXX 14094 07299 21001 82402 10019 20016 39960 40301 50009 74444 886// 333 60007 87700 90710 91103 93100 555 60005=
07299,2008-11-14 10:00:00,2.9,1030.1,0.5,99,2.8,500,,5.556,,,,,0,,,,,,,42,og-post,,,,AAXX 14104 07299 21005 80000 10029 20028 39961 40301 51005 74244 886// 333 60005 87701 90710 91103 93100=
07299,2008-11-14 11:00:00,4.9,1029.4,-0.5,91,3.6,5000,3.704,7.408,,20,,,0,,,,,,,28,og-post,,,,AAXX 14114 07299 21150 20202 10049 20036 39957 40294 58005 72841 82100 333 60005 82803 90710 91104 93100=
07299,2008-11-14 12:00:00,6.7,1028.8,-0.7,79,3.3,8000,5.556,11.112,,360,,,0,0,,,,,,1,og-post,,,,AAXX 14124 07299 01258 13603 10067 20033 39953 40288 58007 60001 70141 81100 333 60007 81805 90710 91106 93100 555 60005=
07299,2008-11-14 13:00:00,8.1,1028.4,-1,70,3,10000,9.26,14.816,,360,,,0,,,,,,,,og-post,,,,AAXX 14134 07299 22260 13605 10081 20030 39951 40284 56010 81100 333 60005 81806 90710 91108 93100=
07299,2008-11-14 14:00:00,8.7,1028.4,-0.6,64,2.3,11000,5.556,16.668,,340,,,0,,,,,,,,og-post,,,,AAXX 14144 07299 22461 53403 10087 20023 39951 40284 56006 81101 333 60005 81812 85073 90710 91109 93100=
07299,2008-11-14 16:00:00,6.4,1029.1,0.5,79,3,10000,3.704,7.408,,320,,,0,,,,,,,,og-post,,,,AAXX 14164 07299 22960 53202 10064 20030 39956 40291 53005 81031 333 60005 81360 84073 90710 91104 93100=
07299,2008-11-14 17:00:00,3.5,1029.9,0.9,90,2,10000,1.852,5.556,,300,,,0,,,,,,,,og-post,,,,AAXX 14174 07299 22960 53001 10035 20020 39960 40299 53009 81031 333 60005 81360 84073 90710 91103 93100=
07299,2008-11-14 18:00:00,1.7,1030.5,0.9,91,0.4,9000,3.704,5.556,,260,0.3,9.9,0,0,,,,,,,og-post,,,,AAXX 14184 07299 02959 52602 10017 20004 39963 40305 53009 60002 81031 333 10099 20003 60007 81360 85073 90710 91103 93100 555 60005=
07299,2008-11-14 19:00:00,0.6,1030.7,0.8,95,-0.1,7000,3.704,7.408,,310,,,0,,,,,,,,og-post,,,,AAXX 14194 07299 22957 53102 10006 21001 39964 40307 51008 81031 333 60005 81360 85073 90710 91104 93100=
07299,2008-11-14 20:00:00,0.3,1030.9,0.5,95,-0.4,7000,,5.556,,,,,0,,,,,,,,og-post,,,,AAXX 14204 07299 22957 00000 10003 21004 39965 40309 51005 333 60005 90710 91103 93100=
07299,2008-11-14 21:00:00,-0.1,1030.9,0.2,96,-0.7,5000,1.852,5.556,,240,,,0,0,,,,,,,og-post,,,,AAXX 14214 07299 22950 02401 11001 21007 39965 40309 51002 333 60007 90710 91103 93100 555 60005=
07299,2008-11-14 22:00:00,-0.8,1030.9,0,96,-1.4,4500,3.704,5.556,,250,,,0,,,,,,,10,og-post,,,,AAXX 14224 07299 21945 02502 11008 21014 39964 40309 50000 71000 333 60005 90710 91103 93100=
07299,2008-11-14 23:00:00,-0.9,1031,-0,96,-1.5,4500,,3.704,,,,,0,,,,,,,10,og-post,,,,AAXX 14234 07299 21945 00000 11009 21015 39965 40310 55000 71000 333 6///5 90710 91102 93100=
07299,2008-11-15 00:00:00,-1.2,1031.1,-0,96,-1.8,4000,,3.704,,,,,0,0,0,,,,,10,og-post,,,,AAXX 15004 07299 01940 00000 11012 21018 39965 40311 55000 6///1 71011 333 6///7 90710 91102 93100 555 60005=
07299,2008-11-15 01:00:00,-1.2,1031.1,0.1,97,-1.6,4000,3.704,5.556,,220,,,0,,,,,,,10,og-post,,,,AAXX 15014 07299 24940 /2202 11012 21016 39965 40311 51001 710// 333 60005 90710 91103=
07299,2008-11-15 02:00:00,-1.6,1031.1,-0,96,-2.2,3400,,5.556,,,,,0,,,,,,,10,og-post,,,,AAXX 15024 07299 24934 /0000 11016 21022 39965 40311 54000 710// 333 60005 90710 91103=
07299,2008-11-15 03:00:00,-1.7,1031,-0.1,96,-2.3,4000,,3.704,,,,,0,0,,,,,,10,og-post,,,,AAXX 15034 07299 21940 00000 11017 21023 39964 40310 58001 710// 333 60007 90710 91102 93100 555 60005=
07299,2008-11-15 04:00:00,-1.9,1031.2,-0,96,-2.5,4000,,5.556,,,,,0,,,,,,,10,og-post,,,,AAXX 15044 07299 21940 00000 11019 21025 39965 40312 55000 71000 333 60005 90710 91103 93100=
07299,2008-11-15 05:00:00,-2.1,1031.2,-0,95,-2.8,4000,,7.408,,,,,0,,,,,,,10,og-post,,,,AAXX 15054 07299 21940 00000 11021 21028 39965 40312 55000 71000 333 60005 90710 91104 93100=
07299,2008-11-15 06:00:00,-1.5,1031.2,0.2,97,-1.9,4000,,5.556,,,-2.1,1.9,0,0,,0,,5.2,-5,10,og-post,,,,AAXX 15064 07299 01940 00000 11015 21019 39966 40312 52002 6///2 710// 333 10019 21021 30105 55052 60007 7//// 90710 91103 93100 555 60005=
07299,2008-11-15 07:00:00,-1.7,1031.6,0.5,96,-2.3,800,,5.556,,,,,0,,,,,,,48,og-post,,,,AAXX 15074 07299 21108 40000 11017 21023 39970 40316 53005 74840 82630 333 60005 82702 83364 90710 91103 93100=
07299,2008-11-15 08:00:00,0.6,1031.6,0.8,98,0.3,3000,1.852,5.556,,180,,,0,,,,,,,28,og-post,,,,AAXX 15084 07299 21930 01801 10006 20003 39973 40316 53008 72840 333 60005 90710 91103 93100=
07299,2008-11-15 09:00:00,2.4,1031.3,0.6,91,1.1,3500,9.26,12.964,,160,,,0,0,,,,,,10,og-post,,,,AAXX 15094 07299 21935 01605 10024 20011 39972 40313 51006 71040 333 60007 90710 91107 93100 555 60005=
07299,2008-11-15 10:00:00,5.3,1031,0.3,80,2.1,4500,1.852,9.26,,190,,,0,,,,,,,10,og-post,,,,AAXX 15104 07299 21045 11901 10053 20021 39973 40310 51003 71000 81602 333 60005 81701 90710 91105 93100=
07299,2008-11-15 11:00:00,7.6,1030.4,-0.3,72,2.9,9000,1.852,7.408,,210,,,0,,,,,,,,og-post,,,,AAXX 15114 07299 22/59 12101 10076 20029 39970 40304 58003 80002 333 60005 81073 90710 91104 93100=
07299,2008-11-15 12:00:00,8.9,1029.9,-0.6,67,3.1,10000,3.704,7.408,,290,,,0,0,,,,,,3,og-post,,,,AAXX 15124 07299 01960 12902 10089 20031 39966 40299 58006 60001 70340 81032 333 60007 81360 90710 91104 93100 555 60005=
07299,2008-11-15 13:00:00,9.7,1029.2,-1.3,59,2.1,18000,3.704,7.408,,310,,,0,,,,,,,,og-post,,,,AAXX 15134 07299 22968 13102 10097 20021 39960 40292 58013 81032 333 60005 81360 90710 91104 93100=
07299,2008-11-15 14:00:00,9.6,1029.3,-0.9,61,2.4,20000,5.556,18.52,,10,,,0,,,,,,,,og-post,,,,AAXX 15144 07299 22970 10103 10096 20024 39961 40293 55009 81032 333 60005 81360 90710 91110 93100=
07299,2008-11-15 15:00:00,8.7,1029.4,-0.5,71,3.7,20000,7.408,11.112,,350,,,0,0,,,,,,,og-post,,,,AAXX 15154 07299 22/70 23504 10087 20037 39961 40294 56005 80004 333 60007 82073 90710 91106 93100 555 60005=
07299,2008-11-15 16:00:00,6.1,1029.6,0,83,3.4,20000,3.704,11.112,,300,,,0,,,,,,,,og-post,,,,AAXX 15164 07299 22/70 23002 10061 20034 39960 40296 50000 80002 333 60005 82073 90710 91106 93100=
07299,2008-11-15 17:00:00,3.5,1030,-0,91,2.2,18000,5.556,7.408,,200,,,0,,,,,,,,og-post,,,,AAXX 15174 07299 22/68 12003 10035 20022 39961 40300 55000 80001 333 60005 81073 90710 91104 93100=
07299,2008-11-15 18:00:00,2.1,1030.6,0.4,91,0.8,15000,1.852,5.556,,280,-1.8,10.3,0,0,,,,,,,og-post,,,,AAXX 15184 07299 02/65 12801 10021 20008 39965 40306 53004 60002 80001 333 10103 21018 60007 81073 90710 91103 93100 555 60005=
07299,2008-11-15 19:00:00,1.9,1030.7,0.6,94,1,12000,3.704,5.556,,200,,,0,,,,,,,,og-post,,,,AAXX 15194 07299 22/62 22002 10019 20010 39966 40307 52006 80004 333 60005 82073 90710 91103 93100=
07299,2008-11-15 20:00:00,2.7,1031,0.8,96,2.1,7000,,5.556,,,,,0,,,,,,,,og-post,,,,AAXX 15204 07299 22457 70000 10027 20021 39969 40310 51008 875// 333 60005 87616 90710 91103 93100=
07299,2008-11-15 21:00:00,4,1030.9,0.5,93,3,7000,5.556,9.26,,120,,,0,0,,,,,,,og-post,,,,AAXX 15214 07299 22457 71203 10040 20030 39970 40309 52005 875// 333 6///7 87616 90710 91105 93100 555 6///5=
07299,2008-11-15 22:00:00,4.5,1030.9,0.5,91,3.2,7000,3.704,9.26,,80,,,0,,,,,,,,og-post,,,,AAXX 15224 07299 22457 70802 10045 20032 39971 40309 51005 875// 333 60005 87616 90710 91105 93100=
07299,2008-11-15 23:00:00,4.8,1031.2,0.5,90,3.3,7000,,5.556,,,,,0,,,,,,,,og-post,,,,AAXX 15234 07299 22457 70000 10048 20033 39974 40312 53005 875// 333 60005 87616 90710 91103 93100=
07299,2008-11-16 00:00:00,4.8,1031,0.2,92,3.6,7000,1.852,5.556,,160,,,0,0,0,,,,,,og-post,,,,AAXX 16004 07299 02457 71601 10048 20036 39972 40310 50002 6///1 875// 333 6///7 87616 90710 91103 93100 555 6///5=
07299,2008-11-16 01:00:00,5,1030.9,0,87,3,9000,3.704,7.408,,100,,,0,,,,,,,0,og-post,,,,AAXX 16014 07299 24459 81002 10050 20030 39971 40309 50000 700// 333 60005 90710 91104=
07299,2008-11-16 02:00:00,4.9,1030.9,-0.3,88,3.1,8000,,5.556,,,,,0,,,,,,,0,og-post,,,,AAXX 16024 07299 24458 80000 10049 20031 39971 40309 56003 700// 333 60005 90710 91103=
07299,2008-11-16 03:00:00,4.9,1030.8,-0.2,89,3.2,7000,1.852,5.556,,80,,,0,0,,,,,,3,og-post,,,,AAXX 16034 07299 21457 80801 10049 20032 39970 40308 57002 703// 875// 333 60007 87611 90710 91103 93100 555 60005=
07299,2008-11-16 04:00:00,4.7,1030.8,-0.1,92,3.5,6000,1.852,5.556,,120,,,0,,,,,,,,og-post,,,,AAXX 16044 07299 22456 81201 10047 20035 39970 40308 57001 875// 333 60005 87612 90710 91103 93100=
07299,2008-11-16 05:00:00,4.6,1030.7,-0.2,95,3.9,3000,3.704,5.556,,110,,,,,,,,,,50,og-post,,,,AAXX 16054 07299 21230 81102 10046 20039 39969 40307 57002 75052 875// 333 69905 82705 87612 90710 91103 93100=
07299,2008-11-16 06:00:00,4.8,1030.8,-0,96,4.2,2500,3.704,7.408,,70,1.5,5.1,,,,,0,8,-1,50,og-post,,,,AAXX 16064 07299 01225 80702 10048 20042 39970 40308 55000 69902 750// 885// 333 10051 20015 32101 55080 69907 79999 86705 87610 90710 91104 93100 555 69905=
07299,2008-11-16 07:00:00,5,1031.1,0.3,96,4.4,2400,3.704,9.26,,120,,,,,,,,,,50,og-post,,,,AAXX 16074 07299 21124 81202 10050 20044 39973 40311 53003 75055 887// 333 69905 81702 87706 90710 91105 93100=
07299,2008-11-16 08:00:00,5.1,1031.5,0.8,96,4.5,2500,5.556,7.408,,160,,,,,,,,,,50,og-post,,,,AAXX 16084 07299 21125 81603 10051 20045 39977 40315 53008 75055 887// 333 69905 81702 87706 90710 91104 93100=
07299,2008-11-16 09:00:00,5.5,1031.4,0.7,97,5.1,2500,3.704,5.556,,170,,,,,,,,,,50,og-post,,,,AAXX 16094 07299 21325 81702 10055 20051 39977 40314 51007 75055 885// 333 69907 84706 87613 90710 91103 93100 555 69905=
07299,2008-11-16 10:00:00,6.5,1031.2,0.3,96,5.9,2500,7.408,12.964,,150,,,,,,,,,,20,og-post,,,,AAXX 16104 07299 21225 81504 10065 20059 39976 40312 50003 72052 885// 333 69905 83704 87615 90710 91107 93100=
07299,2008-11-16 11:00:00,6.4,1031,-0.3,94,5.5,3000,7.408,12.964,,80,,,0,,,,,,,10,og-post,,,,AAXX 16114 07299 21330 80804 10064 20055 39974 40310 58003 71022 886// 333 60005 87707 90710 91107 93100=
07299,2008-11-16 12:00:00,6.7,1030.8,-0.4,92,5.5,4000,5.556,12.964,,90,,,0,,,,,,,10,og-post,,,,AAXX 16124 07299 01240 80903 10067 20055 39973 40308 57004 69901 71052 886// 333 69907 87706 90710 91107 93100 555 60005=
07299,2008-11-16 13:00:00,7.5,1030.5,-0.5,89,5.8,4000,1.852,16.668,,120,,,0,,,,,,,10,og-post,,,,AAXX 16134 07299 21240 81201 10075 20058 39971 40305 57005 71022 885// 333 60005 82706 87612 90710 91109 93100=
07299,2008-11-16 14:00:00,7.7,1030.6,-0.2,89,6,6000,,5.556,,,,,0,,,,,,,,og-post,,,,AAXX 16144 07299 22256 80000 10077 20060 39972 40306 55002 885// 333 60005 82706 85614 87627 90710 91103 93100=
07299,2008-11-16 15:00:00,8.2,1030.5,-0.2,83,5.5,10000,5.556,20.372,,260,,,0,0,,,,,,,og-post,,,,AAXX 16154 07299 22460 72603 10082 20055 39971 40305 56002 875// 333 60007 87617 90710 91111 93100 555 60005=
07299,2008-11-16 16:00:00,8.1,1030.5,0,85,5.7,12000,1.852,9.26,,160,,,0,,,,,,,,og-post,,,,AAXX 16164 07299 22462 71601 10081 20057 39971 40305 50000 875// 333 60005 87619 90710 91105 93100=
07299,2008-11-16 17:00:00,7.8,1030.4,-0.2,88,5.9,10000,3.704,7.408,,90,,,0,,,,,,,,og-post,,,,AAXX 16174 07299 22460 70902 10078 20059 39970 40304 57002 875// 333 60005 86619 87640 90710 91104 93100=
07299,2008-11-16 18:00:00,7.6,1031.2,0.6,88,5.7,10000,3.704,9.26,,120,4.8,8.4,0,0,,,,,,,og-post,,,,AAXX 16184 07299 02560 71202 10076 20057 39977 40312 53006 69902 875// 333 10084 20048 60007 85621 87633 90710 91105 93100 555 60005=
07299,2008-11-16 19:00:00,7.4,1031.2,0.6,89,5.7,10000,5.556,14.816,,150,,,0,,,,,,,,og-post,,,,AAXX 16194 07299 22560 71503 10074 20057 39977 40312 53006 875// 333 60005 83621 87637 90710 91108 93100=
07299,2008-11-16 20:00:00,7.3,1030.8,0.3,91,5.9,11000,9.26,16.668,,140,,,0,,,,,,,,og-post,,,,AAXX 16204 07299 22461 71405 10073 20059 39973 40308 50003 875// 333 60005 84615 87646 90710 91109 93100=
07299,2008-11-16 21:00:00,7.3,1031.2,-0,91,5.9,10000,5.556,14.816,,110,,,0,0,,,,,,,og-post,,,,AAXX 16214 07299 22460 71103 10073 20059 39977 40312 55000 875// 333 60007 85613 87646 90710 91108 93100 555 60005=
07299,2008-11-16 22:00:00,7.6,1030.8,-0.3,90,6.1,10000,7.408,11.112,,160,,,0,,,,,,,,og-post,,,,AAXX 16224 07299 22460 71604 10076 20061 39974 40308 56003 875// 333 60005 87613 90710 91106 93100=
07299,2008-11-16 23:00:00,7.4,1031.1,0.3,92,6.2,6000,,12.964,,,,,,,,,,,,51,og-post,,,,AAXX 16234 07299 21456 70000 10074 20062 39976 40311 51003 75152 877// 333 69905 87711 90710 91107 93100=
07299,2008-11-17 00:00:00,7.2,1030.8,-0.4,96,6.6,2500,5.556,9.26,,160,,,0.4,0.4,0.4,,,,,51,og-post,,,,AAXX 17004 07299 01425 81603 10072 20066 39973 40308 57004 69941 75152 877// 333 69947 87710 90710 91105 93100 555 69945=
07299,2008-11-17 01:00:00,7.2,1030.4,-0.5,98,6.9,1500,3.704,11.112,,150,,,0.6,,,,,,,61,og-post,,,,AAXX 17014 07299 24115 81502 10072 20069 39969 40304 58005 761// 333 69965 90710 91106=
07299,2008-11-17 02:00:00,7.2,1030.7,-0.4,98,6.9,1900,5.556,9.26,,330,,,0.2,,,,,,,50,og-post,,,,AAXX 17024 07299 24119 83303 10072 20069 39972 40307 55004 750// 333 69925 90710 91105=
07299,2008-11-17 03:00:00,6.9,1030.7,-0.1,95,6.2,10000,11.112,27.78,,330,,,,0.8,,,,,,20,og-post,,,,AAXX 17034 07299 21360 73306 10069 20062 39972 40307 55001 720// 875// 333 69987 82709 85630 87643 90710 91115 93100 555 69905=
07299,2008-11-17 04:00:00,6.8,1030.8,0.4,95,6.1,8000,12.964,22.224,,340,,,0,,,,,,,,og-post,,,,AAXX 17044 07299 22458 73407 10068 20061 39973 40308 51004 875// 333 60005 84710 85631 90710 91112 93100=
07299,2008-11-17 05:00:00,6.8,1031.1,0.4,93,5.7,8000,20.372,31.484,,340,,,0,,,,,,,,og-post,,,,AAXX 17054 07299 22358 83411 10068 20057 39976 40311 53004 875// 333 60005 81707 86614 87634 90710 91117 93100=
07299,2008-11-17 06:00:00,6.2,1031.7,0.9,92,5,8000,11.112,31.484,,360,6.2,7.6,0,0,,1,1.2,0,6,1,og-post,,,,AAXX 17064 07299 01458 73606 10062 20050 39981 40317 53009 60012 701// 875// 333 10076 20062 32006 55000 60007 70012 85714 87632 90710 91117 93100 555 60005=
07299,2008-11-17 07:00:00,5,1032.1,1,91,3.7,14000,14.816,20.372,,340,,,0,,,,,,,,og-post,,,,AAXX 17074 07299 22364 73408 10050 20037 39983 40321 51010 875// 333 60005 81707 87630 90710 91111 93100=
07299,2008-11-17 08:00:00,4.7,1032.7,1.2,90,3.2,20000,14.816,24.076,,350,,,0,,,,,,,,og-post,,,,AAXX 17084 07299 22370 73508 10047 20032 39988 40327 52012 875// 333 60005 81709 87632 90710 91113 93100=
07299,2008-11-17 09:00:00,4.7,1032.7,0.7,89,3,20000,12.964,22.224,,340,,,0,0,,,,,,,og-post,,,,AAXX 17094 07299 22370 73407 10047 20030 39988 40327 51007 875// 333 60007 82709 87628 90710 91112 93100 555 60005=
07299,2008-11-17 10:00:00,4.9,1032.7,0.6,89,3.2,15000,9.26,22.224,,350,,,0,,,,,,,,og-post,,,,AAXX 17104 07299 22365 73505 10049 20032 39989 40327 51006 875// 333 60005 82709 87619 90710 91112 93100=
07299,2008-11-17 11:00:00,5.6,1031.9,-0.6,87,3.6,12000,7.408,12.964,,350,,,0,,,,,,,,og-post,,,,AAXX 17114 07299 22362 83504 10056 20036 39982 40319 58006 877// 333 60005 87709 90710 91107 93100=
07299,2008-11-17 12:00:00,5.9,1031.1,-1.4,86,3.7,10000,7.408,14.816,,350,,,0,0,,,,,,,og-post,,,,AAXX 17124 07299 02460 83504 10059 20037 39974 40311 58014 60001 877// 333 60007 87710 90710 91108 93100 555 60005=
07299,2008-11-17 13:00:00,6.8,1030,-2.4,83,4.1,10000,7.408,12.964,,20,,,0,,,,,,,,og-post,,,,AAXX 17134 07299 22460 70204 10068 20041 39965 40300 58024 877// 333 60005 83710 87625 90710 91107 93100=
07299,2008-11-17 14:00:00,6.7,1029.5,-2.2,84,4.2,10000,9.26,14.816,,350,,,0,,,,,,,,og-post,,,,AAXX 17144 07299 22460 73505 10067 20042 39960 40295 56022 878// 333 60005 81810 87615 90710 91108 93100=
07299,2008-11-17 15:00:00,6.2,1029.4,-1.6,86,4,9000,12.964,16.668,,350,,,0,0,,,,,,,og-post,,,,AAXX 17154 07299 22459 73507 10062 20040 39958 40294 56016 878// 333 60007 81813 87621 90710 91109 93100 555 60005=
07299,2008-11-17 16:00:00,5.4,1028.9,-1.3,87,3.4,8000,3.704,16.668,,20,,,0,,,,,,,,og-post,,,,AAXX 17164 07299 22458 70202 10054 20034 39952 40289 57013 878// 333 60005 81812 87621 90710 91109 93100=
07299,2008-11-17 17:00:00,4.6,1028.5,-1.2,93,3.6,8000,3.704,5.556,,290,,,0,,,,,,,,og-post,,,,AAXX 17174 07299 22458 72902 10046 20036 39948 40285 58012 878// 333 60005 81812 85620 87645 90710 91103 93100=
07299,2008-11-17 18:00:00,2.5,1028.5,-1.3,93,1.5,6000,5.556,5.556,,270,2.5,6.9,0,0,,,,,,,og-post,,,,AAXX 17184 07299 02556 72703 10025 20015 39945 40285 56013 60002 875// 333 10069 20025 60007 84620 87644 90710 91103 93100 555 60005=
07299,2008-11-17 19:00:00,3.3,1027.6,-1.5,96,2.7,6000,3.704,5.556,,230,,,0,,,,,,,,og-post,,,,AAXX 17194 07299 22456 72302 10033 20027 39937 40276 58015 875// 333 60005 82618 87643 90710 91103 93100=
07299,2008-11-17 20:00:00,2.8,1026.8,-1.9,96,2.2,5000,1.852,5.556,,250,,,0,,,,,,,,og-post,,,,AAXX 17204 07299 22450 72501 10028 20022 39929 40268 58019 875// 333 60005 82618 87643 90710 91103 93100=
07299,2008-11-17 21:00:00,3.2,1026.3,-2,97,2.8,5000,,3.704,,,,,0,0,,,,,,,og-post,,,,AAXX 17214 07299 22650 70000 10032 20028 39925 40263 56020 875// 333 60007 87643 90710 91102 93100 555 60005=
07299,2008-11-17 22:00:00,3.5,1025.2,-2.3,97,3.1,5000,5.556,9.26,,120,,,0,,,,,,,,og-post,,,,AAXX 17224 07299 22650 71203 10035 20031 39914 40252 58023 875// 333 60005 87643 90710 91105 93100=
07299,2008-11-17 23:00:00,3.7,1024,-2.6,97,3.3,4500,1.852,11.112,,160,,,0,,,,,,,10,og-post,,,,AAXX 17234 07299 21645 71601 10037 20033 39903 40240 58026 71022 875// 333 60005 87645 90710 91106 93100=
07299,2008-11-18 00:00:00,3.5,1023.1,-3.1,97,3.1,4000,3.704,5.556,,220,,,0,0,,,,,,10,og-post,,,,AAXX 18004 07299 01640 72202 10035 20031 39894 40231 56031 60001 71022 875// 333 60007 87645 90710 91103 93100 555 60005=
07299,2008-11-18 01:00:00,3.7,1022,-3,97,3.3,4600,,5.556,,,,,0,,,,,,,10,og-post,,,,AAXX 18014 07299 24646 80000 10037 20033 39884 40220 56030 710// 333 60005 90710 91103=
07299,2008-11-18 02:00:00,4.3,1021.4,-2.4,96,3.7,5000,5.556,7.408,,180,,,0,,,,,,,0,og-post,,,,AAXX 18024 07299 24550 81803 10043 20037 39879 40214 56024 700// 333 60005 90710 91104=
07299,2008-11-18 03:00:00,4.5,1020.6,-2.3,94,3.6,6000,7.408,11.112,,170,,,0,0,,,,,,,og-post,,,,AAXX 18034 07299 22556 71704 10045 20036 39871 40206 56023 875// 333 60007 87631 90710 91106 93100 555 60005=
07299,2008-11-18 04:00:00,4.4,1019.8,-2.1,95,3.7,6000,7.408,12.964,,160,,,0,,,,,,,,og-post,,,,AAXX 18044 07299 22656 71604 10044 20037 39863 40198 58021 875// 333 60005 85638 87362 90710 91107 93100=
07299,2008-11-18 05:00:00,4.5,1019.4,-1.9,93,3.5,8000,3.704,9.26,,160,,,0,,,,,,,,og-post,,,,AAXX 18054 07299 22558 71602 10045 20035 39860 40194 56019 875// 333 60005 87631 90710 91105 93100=
07299,2008-11-18 06:00:00,4.2,1018.9,-1.7,90,2.7,9000,5.556,9.26,,120,2.5,4.5,0,0,,,0,0.2,1,,og-post,,,,AAXX 18064 07299 02559 71203 10042 20027 39854 40189 56017 60002 8553/ 333 10045 20025 30001 55002 60007 70000 85631 87363 90710 91105 93100 555 60005=
07299,2008-11-18 07:00:00,4.7,1018.9,-0.8,89,3,10000,7.408,11.112,,170,,,0,,,,,,,,og-post,,,,AAXX 18074 07299 22560 71704 10047 20030 39855 40189 55008 875// 333 60005 87626 90710 91106 93100=
07299,2008-11-18 08:00:00,5.2,1018.7,-0.6,89,3.5,10000,5.556,9.26,,170,,,0,,,,,,,,og-post,,,,AAXX 18084 07299 22560 81703 10052 20035 39854 40187 56006 875// 333 60005 86625 87650 90710 91105 93100=
07299,2008-11-18 09:00:00,5.7,1018.6,-0.1,87,3.7,15000,3.704,9.26,,170,,,0,0,,,,,,,og-post,,,,AAXX 18094 07299 22465 81702 10057 20037 39853 40186 58001 8385/ 333 60007 81816 83621 87361 90710 91105 93100 555 60005=
07299,2008-11-18 10:00:00,5.8,1018.6,-0.2,89,4.1,9000,3.704,5.556,,200,,,0.2,,,,,,,60,og-post,,,,AAXX 18104 07299 21459 82002 10058 20041 39853 40186 56002 76062 875// 333 69925 86616 87630 90710 91103 93100=
07299,2008-11-18 11:00:00,5.9,1017.9,-0.7,91,4.5,9000,7.408,14.816,,210,,,1,,,,,,,61,og-post,,,,AAXX 18114 07299 21459 82104 10059 20045 39847 40179 58007 76166 878// 333 60015 81815 87636 90710 91108 93100=
07299,2008-11-18 12:00:00,6,1017.4,-1.1,92,4.8,12000,7.408,12.964,,170,,,0.6,2,2,,,,,61,og-post,,,,AAXX 18124 07299 01462 81704 10060 20048 39842 40174 58011 60021 76162 878// 333 60027 81816 87640 90710 91107 93100 555 69965=
07299,2008-11-18 13:00:00,6,1017.1,-1.4,93,5,10000,9.26,12.964,,150,,,0.8,,,,,,,61,og-post,,,,AAXX 18134 07299 21460 81505 10060 20050 39839 40171 56014 76166 878// 333 69985 81816 83626 87640 90710 91107 93100=
07299,2008-11-18 14:00:00,6,1016.8,-1.1,89,4.3,20000,11.112,18.52,,160,,,0.2,,,,,,,21,og-post,,,,AAXX 18144 07299 21470 81606 10060 20043 39836 40168 56011 72162 8485/ 333 69925 81815 84648 87357 90710 91110 93100=
07299,2008-11-18 15:00:00,5.6,1016.7,-0.7,89,3.9,30000,9.26,18.52,,140,,,0,0,,,,,,1,og-post,,,,AAXX 18154 07299 21480 71405 10056 20039 39835 40167 56007 70162 85802 333 6///7 81815 84626 87073 90710 91110 93100 555 60005=
07299,2008-11-18 16:00:00,4.7,1017.1,-0.1,93,3.7,30000,7.408,12.964,,110,,,0,,,,,,,,og-post,,,,AAXX 18164 07299 22580 71104 10047 20037 39838 40171 55001 8583/ 333 60005 82628 84640 85358 90710 91107 93100=
07299,2008-11-18 17:00:00,5.4,1017.7,0.8,91,4,30000,7.408,12.964,,140,,,0,,,,,,,,og-post,,,,AAXX 18174 07299 22580 71404 10054 20040 39844 40177 53008 8553/ 333 60005 85625 85358 90710 91107 93100=
07299,2008-11-18 18:00:00,5.5,1018.1,1.3,92,4.3,30000,5.556,12.964,,140,4.1,6.2,0,0,,3,,,,1,og-post,,,,AAXX 18184 07299 01580 71403 10055 20043 39848 40181 53013 60032 70162 8553/ 333 10062 20041 60007 85625 85358 90710 91107 93100 555 60005=
07299,2008-11-18 19:00:00,5.6,1018.6,1.5,92,4.4,25000,5.556,11.112,,150,,,0,,,,,,,,og-post,,,,AAXX 18194 07299 22575 71503 10056 20044 39853 40186 51015 8553/ 333 60005 85627 87358 90710 91106 93100=
07299,2008-11-18 20:00:00,5.6,1018.6,0.9,92,4.4,20000,5.556,12.964,,160,,,0,,,,,,,,og-post,,,,AAXX 18204 07299 22570 71603 10056 20044 39853 40186 51009 875// 333 60005 85628 87656 90710 91107 93100=
07299,2008-11-18 21:00:00,4.7,1018.8,0.6,93,3.7,15000,3.704,9.26,,140,,,0,0,,,,,,,og-post,,,,AAXX 18214 07299 22565 51402 10047 20037 39854 40188 51006 85500 333 60007 82630 84650 90710 91105 93100 555 60005=
07299,2008-11-18 22:00:00,3.3,1019.1,0.2,94,2.4,10000,1.852,9.26,,160,,,0,,,,,,,,og-post,,,,AAXX 18224 07299 22460 61601 10033 20024 39855 40191 53002 86500 333 60005 82617 85650 90710 91105 93100=
07299,2008-11-18 23:00:00,3,1019.8,0.9,97,2.6,8000,5.556,9.26,,230,,,0,,,,,,,,og-post,,,,AAXX 18234 07299 22458 62303 10030 20026 39862 40198 53009 86500 333 6///5 82616 85646 90710 91105 93100=
07299,2008-11-19 00:00:00,4.4,1019.7,0.8,98,4.1,8000,9.26,12.964,,180,,,0,0,0,,,,,,og-post,,,,AAXX 19004 07299 02458 61805 10044 20041 39862 40197 51008 6///1 86500 333 6///7 82616 85646 90710 91107 93100 555 60005=
07299,2008-11-19 01:00:00,4.8,1020,1.1,97,4.4,7000,1.852,11.112,,110,,,0,,,,,,,0,og-post,,,,AAXX 19014 07299 24557 81101 10048 20044 39866 40200 51011 700// 333 60005 90710 91106=
07299,2008-11-19 02:00:00,5.3,1020.2,0.6,97,4.9,11000,5.556,11.112,,150,,,0,,,,,,,0,og-post,,,,AAXX 19024 07299 24661 81503 10053 20049 39868 40202 53006 700// 333 60005 90710 91106=
07299,2008-11-19 03:00:00,5.2,1020.4,0.8,96,4.6,9000,3.704,9.26,,150,,,0,0,,,,,,2,og-post,,,,AAXX 19034 07299 21459 71502 10052 20046 39870 40204 51008 702// 875// 333 60007 81615 87646 90710 91105 93100 555 60005=
07299,2008-11-19 04:00:00,5,1020.9,0.9,93,4,9000,3.704,,5.556,120,,,0,,,,,,,,wg-a,,,,AAXX 19044 07299 12459 71202 10050 20040 39875 40209 53009 60005 875// 90400 333 91003=
07299,2008-11-19 05:00:00,4.7,1021.3,1,96,4.1,9000,5.556,16.668,,170,,,0,,,,,,,,og-post,,,,AAXX 19054 07299 22459 51703 10047 20041 39878 40213 53010 85500 333 60005 81615 84646 90710 91109 93100=
07299,2008-11-19 06:00:00,4.5,1021.8,1.3,97,4.1,9000,3.704,7.408,,150,2.4,5.7,0,0,,,2.8,0,0,2,og-post,,,,AAXX 19064 07299 01459 71502 10045 20041 39883 40218 52013 60002 702// 875// 333 10057 20024 30000 55000 60007 70028 81615 87650 90710 91104 93100 555 60005=
07299,2008-11-19 07:00:00,4.9,1022.3,1.3,97,4.5,10000,3.704,11.112,,140,,,0,,,,,,,,og-post,,,,AAXX 19074 07299 22460 71402 10049 20045 39888 40223 53013 875// 333 60005 83612 87650 90710 91106 93100=
07299,2008-11-19 08:00:00,5.8,1023,1.8,97,5.4,14000,5.556,7.408,,170,,,0,,,,,,,,og-post,,,,AAXX 19084 07299 22464 71703 10058 20054 39896 40230 53018 875// 333 60005 84610 86650 90710 91104 93100=
07299,2008-11-19 09:00:00,7.9,1022.8,1.4,87,5.9,15000,7.408,12.964,,130,,,0,0,,,,,,,og-post,,,,AAXX 19094 07299 22465 71304 10079 20059 39897 40228 51014 8553/ 333 60007 83613 83643 87361 90710 91107 93100 555 60005=
07299,2008-11-19 10:00:00,8.4,1023.2,1.3,85,6,15000,5.556,9.26,,160,,,0,,,,,,,,og-post,,,,AAXX 19104 07299 22465 71603 10084 20060 39901 40232 51013 875// 333 60005 86612 85643 90710 91105 93100=
07299,2008-11-19 11:00:00,9.3,1022.6,0,82,6.4,14000,,9.26,,,,,0,,,,,,,,og-post,,,,AAXX 19114 07299 22464 70000 10093 20064 39896 40226 50000 875// 333 60005 86614 86643 90710 91105 93100=
07299,2008-11-19 12:00:00,9.7,1022.1,-0.5,81,6.6,14000,7.408,11.112,,300,,,0,0,,,,,,,og-post,,,,AAXX 19124 07299 02464 73004 10097 20066 39892 40221 58005 60001 868// 333 60007 85816 85640 85358 90710 91106 93100 555 60005=
07299,2008-11-19 13:00:00,10.4,1022,-0.9,76,6.3,15000,9.26,18.52,,280,,,0,,,,,,,,og-post,,,,AAXX 19134 07299 22565 72805 10104 20063 39892 40220 56009 868// 333 60005 83820 86650 90710 91110 93100=
07299,2008-11-19 14:00:00,9.7,1022.1,-0.4,81,6.6,17000,16.668,22.224,,270,,,0,,,,,,,,og-post,,,,AAXX 19144 07299 22567 72709 10097 20066 39892 40221 56004 878// 333 60005 82826 87650 90710 91112 93100=
07299,2008-11-19 15:00:00,9.4,1022.2,0.1,81,6.3,17000,9.26,20.372,,250,,,0,0,,,,,,,og-post,,,,AAXX 19154 07299 22567 72505 10094 20063 39893 40222 53001 878// 333 60007 82826 87650 90710 91111 93100 555 60005=
07299,2008-11-19 16:00:00,8.6,1022.1,-0.1,84,6,17000,11.112,16.668,,240,,,0,,,,,,,,og-post,,,,AAXX 19164 07299 22567 72406 10086 20060 39891 40221 58001 83832 333 60005 81826 83650 85073 90710 91109 93100=
07299,2008-11-19 17:00:00,8.1,1022.5,0.2,87,6.1,25000,12.964,16.668,,250,,,0,,,,,,,,og-post,,,,AAXX 19174 07299 22575 72507 10081 20061 39894 40225 53002 84832 333 60005 81830 84650 86073 90710 91109 93100=
07299,2008-11-19 18:00:00,7.4,1022.8,0.3,89,5.7,25000,14.816,20.372,,250,4.4,10.7,0,0,,,,,,,og-post,,,,AAXX 19184 07299 02775 62508 10074 20057 39896 40228 53003 60002 81532 333 10107 20044 60007 81850 83358 85073 90710 91111 93100 555 60005=
07299,2008-11-19 19:00:00,7.4,1022.9,0.6,88,5.5,25000,14.816,20.372,,250,,,0,,,,,,,,og-post,,,,AAXX 19194 07299 22775 72508 10074 20055 39897 40229 51006 85532 333 60005 85650 83358 85071 90710 91111 93100=
07299,2008-11-19 21:00:00,5.6,1023.1,0.1,92,4.4,15000,5.556,12.964,,260,,,0,0,,,,,,,og-post,,,,AAXX 19214 07299 22665 42603 10056 20044 39897 40231 50001 84502 333 60007 84646 90710 91107 93100 555 60005=
07299,2008-11-19 22:00:00,3.7,1023.3,-0.1,95,3,10000,5.556,7.408,,230,,,0,,,,,,,,og-post,,,,AAXX 19224 07299 22760 62303 10037 20030 39896 40233 58001 85501 333 60005 85650 90710 91104 93100=
07299,2008-11-19 23:00:00,4,1023,-0.5,96,3.4,10000,5.556,7.408,,220,,,0,,,,,,,,og-post,,,,AAXX 19234 07299 22560 72203 10040 20034 39894 40230 57005 875// 333 60005 82623 87646 90710 91104 93100=
07299,2008-11-20 00:00:00,6.5,1022.6,-0.4,87,4.5,15000,9.26,16.668,,220,,,0,0,,,,,,,og-post,,,,AAXX 20004 07299 02565 72205 10065 20045 39893 40226 57004 60001 875// 333 60007 87630 90710 91109 93100 555 60005=
07299,2008-11-20 01:00:00,6.6,1022.4,-0.5,87,4.6,19000,5.556,16.668,,220,,,0,,,,,,,0,og-post,,,,AAXX 20014 07299 24669 72203 10066 20046 39891 40224 57005 700// 333 60005 90710 91109=
07299,2008-11-20 02:00:00,6.7,1022.5,-0.2,85,4.4,19000,7.408,12.964,,210,,,0,,,,,,,0,og-post,,,,AAXX 20024 07299 24669 82104 10067 20044 39892 40225 55002 700// 333 60005 90710 91107=
07299,2008-11-20 03:00:00,6.9,1021.9,-0.6,82,4,15000,3.704,14.816,,220,,,0,0,,,,,,0,og-post,,,,AAXX 20034 07299 21665 72202 10069 20040 39887 40219 58006 700// 875// 333 60007 87633 90710 91108 93100 555 60005=
07299,2008-11-20 04:00:00,7.5,1021.9,-0.4,79,4.1,20000,11.112,22.224,,240,,,0,,,,,,,,og-post,,,,AAXX 20044 07299 22670 72406 10075 20041 39887 40219 58004 875// 333 60005 87633 90710 91112 93100=
07299,2008-11-20 05:00:00,7.6,1021.9,-0.5,78,4,20000,12.964,22.224,,230,,,0,,,,,,,,og-post,,,,AAXX 20054 07299 22670 72307 10076 20040 39887 40219 56005 875// 333 60005 87636 90710 91112 93100=
07299,2008-11-20 06:00:00,7.6,1022,0.1,77,3.8,20000,11.112,22.224,,230,3.7,7.8,0,0,,,0,0.5,2,2,og-post,,,,AAXX 20064 07299 01570 82306 10076 20038 39888 40220 53001 60002 702// 885// 333 10078 20037 30002 55005 60007 70000 81626 88640 90710 91112 93100 555 60005=
07299,2008-11-20 07:00:00,7.9,1022,0.2,75,3.7,20000,11.112,22.224,,220,,,0,,,,,,,,og-post,,,,AAXX 20074 07299 22570 82206 10079 20037 39889 40220 53002 888// 333 60005 81823 88636 90710 91112 93100=
07299,2008-11-20 08:00:00,8.2,1021.7,-0.1,74,3.8,20000,14.816,24.076,,210,,,0,,,,,,,,og-post,,,,AAXX 20084 07299 22570 72108 10082 20038 39886 40217 58001 878// 333 60005 81820 87632 90710 91113 93100=
07299,2008-11-20 09:00:00,9,1021.7,-0.1,71,4,20000,14.816,27.78,,240,,,0,0,,,,,,,og-post,,,,AAXX 20094 07299 22570 72408 10090 20040 39887 40217 54001 878// 333 60007 81820 87636 90710 91115 93100 555 60005=
07299,2008-11-20 10:00:00,9,1022.3,0.4,73,4.4,20000,14.816,27.78,,240,,,0,,,,,,,,og-post,,,,AAXX 20104 07299 22570 72408 10090 20044 39893 40223 53004 878// 333 60005 81820 87628 90710 91115 93100=
07299,2008-11-20 11:00:00,8.8,1021,-0.6,75,4.6,20000,16.668,27.78,,240,,,0,,,,,,,,og-post,,,,AAXX 20114 07299 22570 72409 10088 20046 39880 40210 58006 878// 333 60005 81820 87624 90710 91115 93100=
07299,2008-11-20 12:00:00,8.9,1020,-1.6,78,5.3,20000,20.372,37.04,,250,,,0,0,,,,,,,og-post,,,,AAXX 20124 07299 02570 72511 10089 20053 39871 40200 58016 60001 878// 333 60007 87621 90710 91120 93100 555 60005=
07299,2008-11-20 13:00:00,9.6,1019.7,-2.5,73,5,20000,22.224,33.336,,240,,,0,,,,,,,,og-post,,,,AAXX 20134 07299 22570 72412 10096 20050 39868 40197 56025 87800 333 60005 81823 87630 90710 91118 93100=
07299,2008-11-20 18:00:00,8.8,1019,-0.8,72,4,20000,11.112,33.336,,260,7.6,9.9,0,0,,,,,,,og-post,,,,AAXX 20184 07299 02570 72606 10088 20040 39861 40190 55008 60002 878// 333 10099 20076 60007 81830 87639 90710 91118 93100 555 60005=
07299,2008-11-20 21:00:00,8.5,1019.2,0.1,74,4.1,20000,20.372,40.744,,270,,,0,0,,,,,,,og-post,,,,AAXX 20214 07299 22670 72711 10085 20041 39862 40192 53001 85502 333 60007 81640 85650 87071 90710 91122 93100 555 60005=
07299,2008-11-21 00:00:00,7.9,1018.1,-1.1,86,5.7,20000,14.816,25.928,,260,,,,,,,,,,0,og-post,,,,AAXX 21004 07299 01470 72608 10079 20057 39851 40181 58011 69901 700// 875// 333 69907 86619 87646 90710 91114 93100 555 69905=
07299,2008-11-21 03:00:00,8.1,1014.9,-3.1,89,6.4,15000,18.52,38.892,,240,,,,,,,,,,60,og-post,,,,AAXX 21034 07299 21565 72410 10081 20064 39820 40149 56031 760// 875// 333 69907 84620 85633 87650 90710 91121 93100 555 69905=
07299,2008-11-21 06:00:00,8.7,1011.3,-3.4,84,6.1,18000,25.928,46.3,,240,7.4,8.9,,0.2,,0.2,0.2,0.1,7,60,og-post,,,,AAXX 21064 07299 01568 72414 10087 20061 39786 40113 58034 69922 760// 875// 333 10089 20074 32007 55001 69927 70002 85620 87636 90710 91125 93100 555 69905=
07299,2008-11-21 09:00:00,8.7,1008.9,-2.3,87,6.7,12000,38.892,66.672,61.116,250,,,,0.6,,,,,,61,og-post,,,,AAXX 21094 07299 21462 82521 10087 20067 39763 40089 58023 76166 878// 333 69967 81813 86816 87623 91033 90710 91136 93100 555 69905=
07299,2008-11-21 10:00:00,8.9,1008.1,-2.6,87,6.9,12000,29.632,61.116,50.004,250,,,,,,,,,,58,og-post,,,,AAXX 21104 07299 21462 82516 10089 20069 39756 40081 57026 75866 878// 333 69905 82813 86816 87626 91027 90710 91133 93100=
07299,2008-11-21 11:00:00,9.5,1006.3,-3.6,85,7.1,14000,38.892,70.376,70.376,250,,,,,,,,,,60,og-post,,,,AAXX 21114 07299 21464 82521 10095 20071 39739 40063 58036 76066 878// 333 69905 81813 85816 87633 91038 90710 91138 93100=
07299,2008-11-21 12:00:00,10.3,1004.5,-4.1,83,7.5,12000,51.856,81.488,81.488,260,,,,,0.6,,,,,58,og-post,,,,AAXX 21124 07299 01462 72628 10103 20075 39722 40045 58041 69961 75865 878// 333 69907 81813 85816 85633 91044 90710 91144 93100 555 69905=
07299,2008-11-21 13:00:00,8.7,1005.9,-2.2,86,6.5,6000,33.336,72.228,,290,,,0,,,,,,,61,og-post,,,,AAXX 21134 07299 21456 82918 10087 20065 39734 40059 55022 76166 878// 333 6///5 82810 87630 90710 91139 93100=
07299,2008-11-21 14:00:00,7.9,1006.2,-0.3,81,4.8,18000,29.632,55.56,,260,,,,,,,,,,21,og-post,,,,AAXX 21144 07299 21468 82616 10079 20048 39736 40062 55003 72162 878// 333 69905 81813 84630 85643 90710 91130 93100=
07299,2008-11-21 15:00:00,7.8,1007.9,3,77,4,18000,16.668,51.856,,250,,,0,2,,,,,,15,og-post,,,,AAXX 21154 07299 21468 82509 10078 20040 39752 40079 53030 71565 878// 333 60027 81813 83630 87643 90710 91128 93100 555 60005=
07299,2008-11-21 16:00:00,5.4,1009.6,3.2,85,3.1,7000,24.076,40.744,,350,,,0.4,,,,,,,80,og-post,,,,AAXX 21164 07299 21457 83513 10054 20031 39766 40096 53032 78086 873// 333 69945 81813 84923 87640 90710 91122 93100=
07299,2008-11-21 17:00:00,5.4,1010.7,4,65,-0.7,20000,14.816,48.152,,310,,,,,,,,,,25,og-post,,,,AAXX 21174 07299 21470 83108 10054 21007 39776 40107 51040 72586 8533/ 333 69905 81813 82933 84645 87357 90710 91126 93100=
07299,2008-11-21 18:00:00,5.4,1010.9,2.6,66,-0.4,20000,9.26,20.372,,300,5.2,10.4,0,0.4,,3,,,,15,og-post,,,,AAXX 21184 07299 01470 83005 10054 21004 39778 40109 51026 60032 71586 8433/ 333 10104 20052 69947 81816 81933 84645 87357 90710 91111 93100 555 60005=
07299,2008-11-21 19:00:00,5.3,1010.8,1.1,65,-0.8,20000,14.816,24.076,,270,,,0,,,,,,,15,og-post,,,,AAXX 21194 07299 21270 82708 10053 21008 39777 40108 51011 71522 873// 333 60005 81803 81933 84645 87650 90710 91113 93100=
07299,2008-11-21 20:00:00,4,1010.6,-0.2,75,0,20000,14.816,27.78,,250,,,,,,,,,,25,og-post,,,,AAXX 21204 07299 21570 62508 10040 20000 39774 40106 58002 72586 84330 333 69905 81820 81933 83650 85362 90710 91115 93100=
07299,2008-11-21 21:00:00,3.8,1010.6,-0.5,76,0,20000,20.372,29.632,,250,,,0,,,,,,,3,og-post,,,,AAXX 21214 07299 21570 72511 10038 20000 39773 40106 57005 70386 878// 333 69907 81820 85646 87656 90710 91116 93100 555 60005=
07299,2008-11-21 22:00:00,3.6,1010.3,-0.7,81,0.6,20000,20.372,33.336,,270,,,,,,,,,,25,og-post,,,,AAXX 21224 07299 21570 72711 10036 20006 39770 40103 57007 72586 878// 333 69905 82820 87633 90710 91118 93100=
07299,2008-11-22 00:00:00,2.2,1009.8,-0.9,89,0.6,20000,22.224,35.188,,270,,,0.2,0.2,0.2,,,,,80,og-post,,,,AAXX 22004 07299 01470 72712 10022 20006 39764 40098 58009 69921 78086 878// 333 69927 83819 83626 87657 90710 91119 93100 555 69925=
07299,2008-11-22 01:00:00,2.3,1010.1,-0.3,85,0,60000,16.668,46.3,,260,,,,,,,,,,0,og-post,,,,AAXX 22014 07299 24686 82609 10023 20000 39767 40101 55003 700// 333 69905 90710 91125=
07299,2008-11-22 02:00:00,2.4,1009.9,-0.4,85,0.1,55000,25.928,57.412,,260,,,,,,,,,,0,og-post,,,,AAXX 22024 07299 24685 82614 10024 20001 39765 40099 56004 700// 333 69905 90710 91131=
07299,2008-11-22 03:00:00,1.7,1009.2,-0.7,92,0.5,11000,24.076,37.04,,250,,,0.2,0.2,,,,,,84,og-post,,,,AAXX 22034 07299 21561 72513 10017 20005 39757 40092 58007 784// 878// 333 69927 82820 87633 90710 91120 93100 555 69925=
07299,2008-11-22 04:00:00,2.2,1008.5,-1.6,91,0.9,12000,20.372,31.484,,260,,,,,,,,,,26,og-post,,,,AAXX 22044 07299 21562 72611 10022 20009 39751 40085 58016 72687 878// 333 69905 84820 87633 90710 91117 93100=
07299,2008-11-22 05:00:00,2,1009.2,-0.7,90,0.5,20000,24.076,51.856,,280,,,,,,,,,,26,og-post,,,,AAXX 22054 07299 21470 72813 10020 20005 39758 40092 55007 72687 8687/ 333 69905 83815 85633 87359 90710 91128 93100=
07299,2008-11-22 06:00:00,1.5,1010.3,1.1,89,-0.1,20000,18.52,35.188,,270,1.5,5.5,0,,,0.4,3.6,0,1,1,og-post,,,,AAXX 22064 07299 01470 72710 10015 21001 39768 40103 53011 69942 701// 8687/ 333 10055 20015 32001 55000 69907 70036 82814 85636 90710 91119 93100 555 60005=
07299,2008-11-22 07:00:00,1.7,1011,2.4,80,-1.4,20000,16.668,24.076,,270,,,0,,,,,,,,og-post,,,,AAXX 22074 07299 22470 72709 10017 21014 39775 40110 52024 8483/ 333 60005 83814 85646 86364 90710 91113 93100=
07299,2008-11-22 08:00:00,1.6,1011.2,1.9,87,-0.3,20000,18.52,37.04,,260,,,0,,,,,,,14,og-post,,,,AAXX 22084 07299 21470 72610 10016 21003 39777 40112 51019 71422 8487/ 333 60005 82810 83646 86359 90710 91120 93100=
07299,2008-11-22 09:00:00,1.9,1011.4,1.1,81,-1,20000,25.928,40.744,,260,,,0,0,,,,,,15,og-post,,,,AAXX 22094 07299 21370 72614 10019 21010 39779 40114 51011 71522 8337/ 333 60007 82809 81915 87360 90710 91122 93100 555 60005=
07299,2008-11-22 10:00:00,1.8,1011.5,0.5,88,0,2500,27.78,46.3,,260,,,,,,,,,,85,og-post,,,,AAXX 22104 07299 21425 72615 10018 20000 39780 40115 51005 78587 8637/ 333 69905 83810 81915 85645 87360 90710 91125 93100=
07299,2008-11-22 11:00:00,1.7,1011.2,0,85,-0.6,25000,27.78,51.856,,270,,,0.4,,,,,,,28,og-post,,,,AAXX 22114 07299 21275 72715 10017 21006 39777 40112 50000 72887 873// 333 69945 82706 86617 81920 87643 90710 91128 93101=
07299,2008-11-22 12:00:00,2.1,1010.8,-0.6,81,-0.8,25000,33.336,59.264,53.708,260,,,,0.4,0.4,,,,,78,og-post,,,,AAXX 22124 07299 01575 82618 10021 21008 39773 40108 58006 69941 77887 8621/ 333 69947 86820 87458 91029 90710 91132 93101 555 69905=
07299,2008-11-22 13:00:00,1.9,1010.8,-0.7,83,-0.7,8000,35.188,51.856,,260,,,,,,,,,,85,og-post,,,,AAXX 22134 07299 21358 72619 10019 21007 39773 40108 56007 78587 8521/ 333 69905 81708 84816 87458 90710 91128 93100=
07299,2008-11-22 14:00:00,2.3,1011,-0.2,82,-0.5,15000,27.78,57.412,,260,,,,,,,,,,78,og-post,,,,AAXX 22144 07299 21465 62615 10023 21005 39775 40110 55002 77887 83231 333 69905 83815 85360 90710 91131 93100=
07299,2008-11-22 15:00:00,1.6,1011.5,0.6,84,-0.8,30000,25.928,48.152,,270,,,,,,,,,,22,og-post,,,,AAXX 22154 07299 21480 62714 10016 21008 39779 40115 53006 72287 82271 333 69907 82815 85363 90710 91126 93100 555 69905=
07299,2008-11-22 16:00:00,1.2,1011.5,0.6,84,-1.2,40000,24.076,44.448,,270,,,0,,,,,,,,og-post,,,,AAXX 22164 07299 22482 72713 10012 21012 39779 40115 51006 83271 333 60005 83814 85362 90710 91124 93100=
07299,2008-11-22 17:00:00,1.1,1011.9,0.8,84,-1.3,40000,18.52,35.188,,270,,,0,,,,,,,,og-post,,,,AAXX 22174 07299 22482 72710 10011 21013 39783 40119 52008 82171 333 60005 82814 85361 90710 91119 93100 94087 94187=
07299,2008-11-22 18:00:00,1,1011.9,0.4,85,-1.2,40000,18.52,33.336,,260,0.7,2.3,0,0,,0.4,,,,3,og-post,,,,AAXX 22184 07299 01482 72610 10010 21012 39783 40119 52004 69942 70387 82171 333 10023 20007 60007 82813 86364 90710 91118 93100 555 60005=
07299,2008-11-22 19:00:00,1.2,1012,0.5,83,-1.4,30000,16.668,33.336,,270,,,0,,,,,,,,og-post,,,,AAXX 22194 07299 22480 72709 10012 21014 39784 40120 51005 8387/ 333 60005 82815 87363 90710 91118 93100=
07299,2008-11-22 20:00:00,1,1011.6,-0.3,83,-1.6,25000,18.52,31.484,,260,,,0,,,,,,,,og-post,,,,AAXX 22204 07299 22475 72610 10010 21016 39780 40116 58003 8387/ 333 60005 82815 83650 86357 90710 91117 93100=
07299,2008-11-22 21:00:00,1,1011.5,-0.4,83,-1.6,18000,24.076,40.744,,270,,,0,0,,,,,,,og-post,,,,AAXX 22214 07299 22468 72713 10010 21016 39779 40115 58004 8587/ 333 60007 82815 83843 86356 90710 91122 93100 555 60005=
07299,2008-11-22 22:00:00,1,1011.6,-0.4,83,-1.6,8000,27.78,40.744,,270,,,,,,,,,,26,og-post,,,,AAXX 22224 07299 21458 72715 10010 21016 39780 40116 55004 72687 878// 333 69905 85815 84833 87645 90710 91122 93100=
07299,2008-11-22 23:00:00,0.9,1012.4,0.7,83,-1.7,5000,18.52,44.448,,280,,,,,,,,,,85,og-post,,,,AAXX 22234 07299 21450 82810 10009 21017 39787 40124 53007 78587 878// 333 69905 84815 87830 90710 91124 93100=
07299,2008-11-23 00:00:00,0,1013,1.3,93,-1,1600,12.964,31.484,,300,,,0.2,0.2,0.2,,,,,86,og-post,,1,,AAXX 23004 07299 01416 83007 10000 21010 39792 40130 53013 69921 78687 878// 333 42001 69927 86815 87823 90710 91117 93101 555 69925=
07299,2008-11-23 01:00:00,0.3,1013.4,1.6,82,-2.4,35000,12.964,20.372,,280,,,0.2,,,,,,,0,og-post,,,,AAXX 23014 07299 24581 82807 10003 21024 39796 40134 51016 700// 333 69925 90710 91111=
07299,2008-11-23 02:00:00,0.1,1013.7,1.2,84,-2.3,55000,11.112,27.78,,260,,,0,,,,,,,0,og-post,,,,AAXX 23024 07299 24685 82606 10001 21023 39799 40137 51012 700// 333 60005 90710 91115=
07299,2008-11-23 03:00:00,-0.3,1013.8,0.7,86,-2.4,15000,12.964,25.928,,260,,,0,0.2,,,,,,0,og-post,,1,,AAXX 23034 07299 21465 62607 11003 21024 39799 40138 51007 700// 86800 333 42001 69927 82815 85650 90710 91114 93101 555 60005=
07299,2008-11-23 04:00:00,-0.6,1014.2,0.7,86,-2.7,18000,12.964,18.52,,270,,,0,,,,,,,,og-post,,,,AAXX 23044 07299 22468 52707 11006 21027 39803 40142 53007 85800 333 60005 81815 85650 90710 91110 93100=
07299,2008-11-23 05:00:00,-0.1,1014.1,0.3,85,-2.3,18000,18.52,27.78,,250,,,0,,,,,,,,og-post,,,,AAXX 23054 07299 22468 72510 11001 21023 39802 40141 52003 878// 333 60005 81815 87650 90710 91115 93100=
07299,2008-11-23 06:00:00,-0.4,1014.5,0.7,82,-3.1,18000,18.52,27.78,,250,-1.1,1.2,0,0,,0.4,0.8,0.5,-2,2,og-post,,1,,AAXX 23064 07299 01468 72510 11004 21031 39806 40145 52007 69942 702// 878// 333 10012 21011 3/102 42001 55005 60007 70008 81815 87650 90710 91115 93101 555 60005=
07299,2008-11-23 07:00:00,-0.7,1014.9,0.6,82,-3.4,20000,16.668,25.928,,240,,,0,,,,,,,,og-post,,,,AAXX 23074 07299 22470 52409 11007 21034 39809 40149 53006 85800 333 60005 81810 84650 90710 91114 93100=
07299,2008-11-23 08:00:00,-0.4,1015.1,1,83,-2.9,40000,11.112,24.076,,240,,,0,,,,,,,,og-post,,,,AAXX 23084 07299 22482 42406 11004 21029 39812 40151 52010 84800 333 60005 81810 84642 90710 91113 93100=
07299,2008-11-23 09:00:00,0.3,1014.7,0.3,83,-2.3,40000,9.26,14.816,,220,,,0,0,,,,,,,og-post,,1,,AAXX 23094 07299 22482 72205 10003 21023 39809 40147 50003 878// 333 42001 60007 81815 86638 90710 91108 93100 555 60005=
07299,2008-11-23 10:00:00,0.6,1014.2,-0.5,79,-2.6,40000,12.964,25.928,,250,,,0,,,,,,,,og-post,,,,AAXX 23104 07299 22482 72507 10006 21026 39804 40142 58005 878// 333 60005 81816 87633 90710 91114 93100=
07299,2008-11-23 11:00:00,1.1,1012.9,-2,76,-2.7,40000,11.112,22.224,,250,,,0,,,,,,,,og-post,,,,AAXX 23114 07299 22582 72506 10011 21027 39792 40129 58020 878// 333 60005 82820 87646 90710 91112 93100=
07299,2008-11-23 12:00:00,2.5,1011.9,-2.5,72,-2,40000,7.408,25.928,,260,,,0,0,,,,,,,og-post,,0,,AAXX 23124 07299 02582 72604 10025 21020 39784 40119 58025 60001 878// 333 41000 60007 82823 87643 90710 91114 93100 555 60005=
07299,2008-11-23 13:00:00,2.1,1010.3,-3.6,62,-4.4,40000,20.372,33.336,,250,,,0,,,,,,,,og-post,,,,AAXX 23134 07299 22582 72511 10021 21044 39768 40103 58036 8783/ 333 60005 81830 87366 90710 91118 93100=
07299,2008-11-23 14:00:00,1.9,1008.9,-3.8,63,-4.4,40000,20.372,35.188,,250,,,0,,,,,,,,og-post,,,,AAXX 23144 07299 22582 72511 10019 21044 39754 40089 58038 8783/ 333 60005 81830 87366 90710 91119 93100=
07299,2008-11-23 15:00:00,1.6,1006.6,-5.2,65,-4.3,40000,5.556,25.928,,210,,,0,0,,,,,,,og-post,,0,,AAXX 23154 07299 22582 82103 10016 21043 39732 40066 58052 8287/ 333 41000 60007 81830 88359 90710 91114 93100 555 60005=
07299,2008-11-23 16:00:00,1.2,1004.1,-6.1,67,-4.3,25000,3.704,12.964,,160,,,0,,,,,,,,og-post,,,,AAXX 23164 07299 22575 81602 10012 21043 39707 40041 58061 8187/ 333 60005 81830 88358 90710 91107 93100=
07299,2008-11-23 17:00:00,0.8,1001.2,-7.5,78,-2.6,25000,,5.556,,,,,0,,,,,,,,og-post,,,,AAXX 23174 07299 22575 80000 10008 21026 39679 40012 58075 8587/ 333 60005 81830 85656 88358 90710 91103 93100=
07299,2008-11-23 18:00:00,1.1,998.9,-7.5,76,-2.7,3000,5.556,16.668,,170,-0.8,3,,,,,,,,71,og-post,,0,,AAXX 23184 07299 01430 81703 10011 21027 39657 49989 56075 69902 77172 878// 333 10030 21008 41000 69907 81815 87632 90710 91109 93101 555 69905=
07299,2008-11-23 19:00:00,0.5,996.5,-7.4,92,-0.6,6000,5.556,11.112,,90,,,0.2,,,,,,,71,og-post,,,,AAXX 23194 07299 21456 80903 10005 21006 39633 49965 56074 77177 878// 333 69925 81815 87628 90710 91106 93101=
07299,2008-11-23 20:00:00,0.2,994.8,-6.3,96,-0.4,2000,7.408,12.964,,100,,,1,,,,,,,71,og-post,,,,AAXX 23204 07299 21120 81004 10002 21004 39616 49948 56063 77177 887// 333 60015 85702 88710 90710 91107 93103=
07299,2008-11-23 21:00:00,0.2,993.7,-5.1,97,-0.2,1700,7.408,12.964,,150,,,1,3,,,,,,71,og-post,,4,,AAXX 23214 07299 21017 81504 10002 21002 39606 49937 56051 77177 887// 333 43004 60037 81701 85702 88610 90710 91107 93104 555 60015=
07299,2008-11-23 22:00:00,0.3,993,-3.4,97,-0.1,5000,5.556,9.26,,110,,,2,,,,,,,68,og-post,,,,AAXX 23224 07299 21150 81103 10003 21001 39599 49930 56034 76877 885// 333 60025 81702 83608 88618 90710 91105 93101=
07299,2008-11-23 23:00:00,0.7,992.7,-1.9,97,0.3,7000,5.556,14.816,,160,,,1,,,,,,,68,og-post,,,,AAXX 23234 07299 21057 81603 10007 20003 39597 49927 56019 76877 885// 333 60015 81701 85609 88625 90710 91108 93100=
07299,2008-11-24 00:00:00,1.1,993,-0.6,97,0.7,9000,11.112,14.816,,170,,,0.4,3,6,,,,,23,og-post,,4,,AAXX 24004 07299 01259 81706 10011 20007 39600 49930 55006 60061 72376 885// 333 43004 60037 81704 85615 88623 90710 91108 93104 555 69945=
07299,2008-11-24 01:00:00,3,993.5,0.8,89,1.4,60000,12.964,31.484,,260,,,0,,,,,,,0,og-post,,,,AAXX 24014 07299 24486 82607 10030 20014 39607 49935 53008 700// 333 60005 90710 91117=
07299,2008-11-24 02:00:00,2.8,993.5,1,88,1,60000,5.556,20.372,,270,,,0,,,,,,,0,og-post,,,,AAXX 24024 07299 24586 82703 10028 20010 39607 49935 51010 700// 333 60005 90710 91111=
07299,2008-11-24 03:00:00,2.9,993.1,0.3,90,1.4,20000,3.704,7.408,,140,,,0,0,,,,,,16,og-post,,2,,AAXX 24034 07299 21270 81402 10029 20014 39603 49931 50003 71622 875// 333 42002 60007 81705 85622 87646 90710 91104 93100 555 60005=
07299,2008-11-24 04:00:00,2.5,993,-0.5,91,1.2,10000,3.704,25.928,,250,,,1,,,,,,,83,og-post,,,,AAXX 24044 07299 21260 82502 10025 20012 39602 49930 57005 78387 875// 333 60015 81704 87620 90710 91114 93100=
07299,2008-11-24 05:00:00,1.3,993.2,-0.5,93,0.3,15000,,5.556,,,,,0.2,,,,,,,26,og-post,,,,AAXX 24054 07299 21265 70000 10013 20003 39602 49932 56005 72687 8753/ 333 69925 81704 84616 87623 90710 91103 93100=
07299,2008-11-24 06:00:00,1.9,993.2,-0,97,1.5,6000,11.112,25.928,,220,0.1,3.1,0.2,1,,7,7,0.7,-0,83,og-post,,1,,AAXX 24064 07299 01156 72206 10019 20015 39603 49932 55000 60072 78387 878// 333 10031 20001 3/100 42001 55007 60017 70070 81703 85615 87650 90710 91114 93100 555 69925=
07299,2008-11-24 07:00:00,1.7,993.5,0.4,94,0.8,20000,,25.928,,,,,,,,,,,,26,og-post,,,,AAXX 24074 07299 21270 70000 10017 20008 39606 49935 53004 72687 878// 333 69905 81805 86625 90710 91114 93100=
07299,2008-11-24 08:00:00,1.8,993.9,0.8,95,1.1,20000,5.556,12.964,,160,,,0,,,,,,,,og-post,,,,AAXX 24084 07299 22270 71603 10018 20011 39610 49939 53008 878// 333 60005 81805 87620 90710 91107 93100=
07299,2008-11-24 09:00:00,2.7,994.7,1.5,90,1.2,20000,12.964,22.224,,250,,,0,,,,,,,15,og-post,,1,,AAXX 24094 07299 21470 72507 10027 20012 39618 49947 53015 71587 878// 333 42001 69907 81810 87656 90710 91112 93100 555 60005=
07299,2008-11-24 10:00:00,3,995.2,1.8,88,1.2,20000,12.964,20.372,,230,,,0,,,,,,,,og-post,,,,AAXX 24104 07299 22470 72307 10030 20012 39624 49952 53018 878// 333 60005 81810 87657 90710 91111 93100=
07299,2008-11-24 11:00:00,3.7,995.6,1.8,86,1.6,28000,14.816,24.076,,240,,,0,,,,,,,,og-post,,,,AAXX 24114 07299 22478 62408 10037 20016 39628 49956 51018 8183/ 333 60005 81810 83358 86364 90710 91113 93100=
07299,2008-11-24 12:00:00,4.1,995.6,1.1,85,1.8,40000,11.112,24.076,,240,,,0,0,,,,,,1,og-post,,,,AAXX 24124 07299 01482 52406 10041 20018 39629 49956 51011 69901 70187 81830 333 60007 81815 83368 90710 91113 93100 555 60005=
07299,2008-11-24 13:00:00,4.9,996,1,80,1.7,40000,5.556,11.112,,290,,,0,,,,,,,,og-post,,,,AAXX 24134 07299 22482 62903 10049 20017 39634 49960 53010 81231 333 60005 81815 84358 90710 91106 93100=
07299,2008-11-24 14:00:00,4.6,996.5,1,83,2,40000,9.26,12.964,,290,,,,,,,,,,80,og-post,,,,AAXX 24144 07299 21582 72905 10046 20020 39638 49965 53010 78086 8583/ 333 69905 81820 85625 90710 91107 93100=
07299,2008-11-24 15:00:00,3.9,997.3,1.6,85,1.6,40000,12.964,20.372,,240,,,,,,,,,,15,og-post,,,,AAXX 24154 07299 21582 72407 10039 20016 39645 49973 53016 71586 8584/ 333 69907 81820 85656 90710 91111 93100 555 69905=
07299,2008-11-24 16:00:00,2.5,997.9,1.5,88,0.7,20000,12.964,24.076,,240,,,0,,,,,,,,og-post,,,,AAXX 24164 07299 22570 22407 10025 20007 39649 49979 52015 81840 333 60005 81820 90710 91113 93100=
07299,2008-11-24 17:00:00,1.4,998.8,1.8,90,-0.1,20000,5.556,18.52,,170,,,0,,,,,,,,og-post,,,,AAXX 24174 07299 22570 11703 10014 21001 39656 49988 52018 81840 333 60005 81820 90710 91110 93100=
07299,2008-11-24 18:00:00,0.7,999.8,2,90,-0.8,20000,,9.26,,,0.7,5.6,0,0,,,,,,3,og-post,,,,AAXX 24184 07299 01570 60000 10007 21008 39665 49998 53020 69902 70386 86800 333 10056 20007 60007 81820 85650 90710 91105 93100 555 60005=
07299,2008-11-24 19:00:00,0.1,1000.4,2.1,94,-0.8,12000,3.704,7.408,,230,,,0,,,,,,,,og-post,,,,AAXX 24194 07299 22562 12302 10001 21008 39670 40004 51021 81800 333 60005 81820 90710 91104 93100=
07299,2008-11-24 20:00:00,-0.7,1001.4,2.3,95,-1.4,15000,1.852,9.26,,340,,,0,,,,,,,,og-post,,,,AAXX 24204 07299 22565 73401 11007 21014 39679 40014 52023 878// 333 60005 81826 83643 87650 90710 91105 93100=
07299,2008-11-24 21:00:00,-0.2,1001.7,1.8,96,-0.8,9000,3.704,5.556,,170,,,0,0,,,,,,,og-post,,,,AAXX 24214 07299 22459 71702 11002 21008 39683 40017 51018 878// 333 60007 81815 83636 87650 90710 91103 93100 555 60005=
07299,2008-11-24 22:00:00,0.1,1002.3,1.9,96,-0.5,9000,5.556,9.26,,190,,,0,,,,,,,,og-post,,,,AAXX 24224 07299 22659 71903 10001 21005 39689 40023 51019 875// 333 60005 83636 87650 90710 91105 93100=
07299,2008-11-24 23:00:00,0.6,1003.1,1.8,95,-0.1,9000,,16.668,,,,,0,,,,,,,,og-post,,,,AAXX 24234 07299 22659 70000 10006 21001 39697 40031 53018 875// 333 60005 83636 87650 90710 91109 93100=
07299,2008-11-25 00:00:00,0.3,1003.8,2,95,-0.4,9000,,5.556,,,,,0,0,,,,,,,og-post,,,,AAXX 25004 07299 02659 70000 10003 21004 39703 40038 52020 60001 875// 333 60007 83636 87650 90710 91103 93100 555 60005=
07299,2008-11-25 01:00:00,0.4,1004.4,2,96,-0.2,5000,3.704,5.556,,170,,,0,,,,,,,0,og-post,,,,AAXX 25014 07299 24650 81702 10004 21002 39709 40044 51020 700// 333 60005 90710 91103=
07299,2008-11-25 02:00:00,,,1.8,,,6000,1.852,3.704,,150,,,0,,,,,,,0,og-post,,,,AAXX 25024 07299 24756 81501 1//// 2//// 39715 4//// 52018 700// 333 60005 90710 91102=
07299,2008-11-25 03:00:00,0.6,1005.9,2.1,97,0.2,8000,7.408,18.52,,350,,,0,0,,,,,,0,og-post,,,,AAXX 25034 07299 21458 73504 10006 20002 39724 40059 53021 700// 875// 333 60007 84612 87650 90710 91110 93100 555 60005=
07299,2008-11-25 04:00:00,0.5,1006.8,2.4,97,0.1,3500,12.964,18.52,,330,,,0,,,,,,,10,og-post,,,,AAXX 25044 07299 21135 73307 10005 20001 39733 40068 53024 71022 876// 333 60005 85702 87704 90710 91110 93100=
07299,2008-11-25 05:00:00,0.3,1007.5,2.4,91,-1,15000,18.52,27.78,,350,,,0,,,,,,,,og-post,,,,AAXX 25054 07299 22365 73510 10003 21010 39739 40075 51024 875// 333 60005 83708 87616 90710 91115 93100=
07299,2008-11-25 06:00:00,0.2,1008.7,2.7,92,-0.9,12000,14.816,22.224,,340,-0.7,0.7,0,0,,,0,0.5,-3,3,og-post,,,,AAXX 25064 07299 01362 73408 10002 21009 39751 40087 53027 60002 703// 876// 333 10007 21007 31103 55005 60007 79999 87708 90710 91112 93100 555 60005=
07299,2008-11-25 07:00:00,0.3,1009.9,2.9,92,-0.8,9000,11.112,22.224,,350,,,0,,,,,,,,og-post,,,,AAXX 25074 07299 22359 73506 10003 21008 39762 40099 53029 875// 333 60005 86706 87613 90710 91112 93100=
07299,2008-11-25 08:00:00,0.3,1011,3.4,89,-1.3,8000,11.112,24.076,,340,,,0,,,,,,,,og-post,,,,AAXX 25084 07299 22358 73406 10003 21013 39773 40110 51034 875// 333 60005 85709 83616 87656 90710 91113 93100=
07299,2008-11-25 09:00:00,-0.3,1012.2,3.3,87,-2.2,30000,18.52,24.076,,340,,,0,0,,,,,,,og-post,,,,AAXX 25094 07299 22480 53410 11003 21022 39784 40122 52033 85500 333 60007 81710 84657 90710 91113 93100 555 60005=
07299,2008-11-25 10:00:00,1.5,1012.9,3.1,76,-2.3,10000,18.52,29.632,,340,,,0,,,,,,,,og-post,,,,AAXX 25104 07299 22460 23410 10015 21023 39793 40129 51031 81802 333 60005 81813 90710 91116 93100=
07299,2008-11-25 11:00:00,1.8,1013.3,2.4,75,-2.2,20000,7.408,24.076,,350,,,0,,,,,,,,og-post,,,,AAXX 25114 07299 22470 23504 10018 21022 39797 40133 51024 81832 333 60005 81816 90710 91113 93100=
07299,2008-11-25 12:00:00,3.3,1013.5,1.7,65,-2.7,25000,12.964,20.372,,350,,,0,0,,,,,,,og-post,,,,AAXX 25124 07299 02575 23507 10033 21027 39801 40135 51017 60001 81830 333 60007 81823 90710 91111 93100 555 60005=
07299,2008-11-25 13:00:00,3.9,1014.1,1.4,63,-2.5,30000,5.556,16.668,,20,,,0,,,,,,,,og-post,,,,AAXX 25134 07299 22580 10203 10039 21025 39807 40141 53014 81830 333 60005 81825 90710 91109 93100=
07299,2008-11-25 14:00:00,4.2,1014.8,1.7,66,-1.6,28000,7.408,14.816,,120,,,0,,,,,,,,og-post,,,,AAXX 25144 07299 22578 11204 10042 21016 39814 40148 53017 81800 333 60005 81825 90710 91108 93100=
07299,2008-11-25 15:00:00,3.1,1015.6,2,71,-1.7,28000,7.408,12.964,,170,,,0,0,,,,,,,og-post,,,,AAXX 25154 07299 22578 11704 10031 21017 39821 40156 53020 81830 333 60007 81825 90710 91107 93100 555 60005=
07299,2008-11-25 16:00:00,1.9,1016.7,2.3,75,-2.1,25000,3.704,7.408,,190,,,0,,,,,,,,og-post,,,,AAXX 25164 07299 22575 21902 10019 21021 39830 40167 53023 82830 333 60005 81823 90710 91104 93100=
07299,2008-11-25 17:00:00,0.4,1018,2.7,86,-1.7,22000,,5.556,,,,,0,,,,,,,,og-post,,,,AAXX 25174 07299 22572 70000 10004 21017 39841 40180 53027 878// 333 60005 81823 87640 90710 91103 93100=
07299,2008-11-25 18:00:00,0.5,1019,3,89,-1.1,16000,,3.704,,,-0.3,4.3,0,0,,,,,,,og-post,,,,AAXX 25184 07299 02566 70000 10005 21011 39851 40190 53030 60002 878// 333 10043 21003 60007 81823 87633 90710 91102 93100 555 60005=
07299,2008-11-25 19:00:00,0.9,1020,3.1,87,-1,16000,5.556,7.408,,10,,,0,,,,,,,,og-post,,,,AAXX 25194 07299 22666 70103 10009 21010 39861 40200 51031 875// 333 60005 87634 90710 91104 93100=
07299,2008-11-25 20:00:00,1.2,1020.9,2.9,84,-1.2,15000,9.26,14.816,,340,,,0,,,,,,,,og-post,,,,AAXX 25204 07299 22565 73405 10012 21012 39870 40209 51029 875// 333 60005 86633 87650 90710 91108 93100=
07299,2008-11-25 21:00:00,1,1021.7,2.6,85,-1.2,15000,12.964,18.52,,330,,,0,0,,,,,,,og-post,,,,AAXX 25214 07299 22565 73307 10010 21012 39877 40217 51026 875// 333 60007 81631 87650 90710 91110 93100 555 60005=
07299,2008-11-25 22:00:00,1,1022.1,2,85,-1.2,15000,12.964,16.668,,340,,,0,,,,,,,,og-post,,,,AAXX 25224 07299 22765 73407 10010 21012 39881 40221 51020 875// 333 60005 87650 90710 91109 93100=
07299,2008-11-25 23:00:00,-0.9,1023.1,1.8,89,-2.5,15000,9.26,18.52,,350,,,0,,,,,,,,og-post,,,,AAXX 25234 07299 22765 13505 11009 21025 39888 40231 52018 81500 333 60005 81650 90710 91110 93100=
07299,2008-11-26 00:00:00,-1.3,1023.8,1.8,94,-2.1,8000,11.112,14.816,,310,,,0,0,,,,,,,og-post,,,,AAXX 26004 07299 02758 13106 11013 21021 39895 40238 53018 60001 81500 333 60007 81650 90710 91108 93100 555 60005=
07299,2008-11-26 01:00:00,-1.1,1024,1.6,93,-2.1,8000,1.852,16.668,,150,,,0,,,,,,,0,og-post,,,,AAXX 26014 07299 24658 81501 11011 21021 39897 40240 51016 700// 333 60005 90710 91109=
07299,2008-11-26 02:00:00,-1,1024.6,1.5,93,-2,7000,1.852,7.408,,150,,,0,,,,,,,0,og-post,,,,AAXX 26024 07299 24657 81501 11010 21020 39903 40246 51015 700// 333 60005 90710 91104=
07299,2008-11-26 03:00:00,-1.3,1025.1,1.2,93,-2.3,7000,1.852,3.704,,30,,,0,0,,,,,,3,og-post,,,,AAXX 26034 07299 21657 70301 11013 21023 39907 40251 53012 703// 875// 333 60007 87643 90710 91102 93100 555 60005=
07299,2008-11-26 04:00:00,-0.6,1025.5,1.5,94,-1.4,7000,3.704,14.816,,20,,,0,,,,,,,,og-post,,,,AAXX 26044 07299 22457 70202 11006 21014 39912 40255 52015 875// 333 60005 85610 87638 90710 91108 93100=
07299,2008-11-26 05:00:00,-0.7,1025.7,1.1,94,-1.5,6000,1.852,5.556,,340,,,,,,,,,,70,og-post,,,,AAXX 26054 07299 21456 73401 11007 21015 39914 40257 51011 77072 875// 333 69905 82610 87638 90710 91103 93100=
07299,2008-11-26 06:00:00,-0.5,1026.4,1.4,94,-1.3,6000,1.852,3.704,,240,-1.7,1.2,,,,,0,5.8,-4,71,og-post,,0,,AAXX 26064 07299 01256 82401 11005 21013 39921 40264 53014 69902 771// 885// 333 10012 21017 3/104 41000 55058 69907 79999 82605 83613 87625 90710 91102 93101 555 69905=
07299,2008-11-26 07:00:00,-0.4,1026.9,1.4,94,-1.2,4000,3.704,5.556,,340,,,,,,,,,,71,og-post,,,,AAXX 26074 07299 21240 83402 11004 21012 39926 40269 53014 77177 885// 333 69905 81605 88611 90710 91103 93101=
07299,2008-11-26 08:00:00,-0.1,1027.7,2,94,-1,4000,,5.556,,,,,,,,,,,,22,og-post,,,,AAXX 26084 07299 21340 80000 11001 21010 39934 40277 53020 72272 885// 333 69905 87609 90710 91103 93101=
07299,2008-11-26 09:00:00,0.3,1028.1,1.7,92,-0.8,6000,,3.704,,,,,0,,,,,,,3,og-post,,,,AAXX 26094 07299 21356 70000 10003 21008 39938 40281 51017 70372 875// 333 69907 87608 90710 91102 93100 555 60005=
07299,2008-11-26 10:00:00,1.2,1028.7,1.9,88,-0.6,7000,3.704,9.26,,350,,,0,,,,,,,,og-post,,,,AAXX 26104 07299 22357 73502 10012 21006 39945 40287 52019 875// 333 60005 87608 90710 91105 93100=
07299,2008-11-26 11:00:00,3,1027.6,0.3,79,-0.3,8000,5.556,11.112,,170,,,0,,,,,,,,og-post,,,,AAXX 26114 07299 22458 41703 10030 21003 39937 40276 50003 84800 333 60005 82811 83656 90710 91106 93100=
07299,2008-11-26 12:00:00,4.8,1027,-0.5,65,-1.2,10000,3.704,9.26,,130,,,0,0,,,,,,1,og-post,,,,AAXX 26124 07299 01460 31302 10048 21012 39933 40270 58005 69901 70171 83800 333 60007 81812 83656 90710 91105 93100 555 60005=
07299,2008-11-26 13:00:00,4.3,1027.2,-1.1,71,-0.5,10000,9.26,16.668,,350,,,0,,,,,,,,og-post,,,,AAXX 26134 07299 22460 33505 10043 21005 39934 40272 55011 83800 333 60005 81817 83645 90710 91109 93100=
07299,2008-11-26 14:00:00,3.8,1027.2,-0.3,73,-0.6,12000,7.408,20.372,,360,,,0,,,,,,,,og-post,,,,AAXX 26144 07299 22462 33604 10038 21006 39934 40272 56003 83800 333 60005 81817 83645 90710 91111 93100=
07299,2008-11-26 15:00:00,2.9,1027.5,0.3,81,0,12000,7.408,12.964,,320,,,0,0,,,,,,,og-post,,,,AAXX 26154 07299 22462 23204 10029 20000 39936 40275 53003 82800 333 60007 81817 90710 91107 93100 555 60005=
07299,2008-11-26 16:00:00,0.9,1028.2,0.6,87,-1,9000,5.556,12.964,,340,,,0,,,,,,,,og-post,,,,AAXX 26164 07299 22459 23403 10009 21010 39940 40282 53006 82800 333 60005 81817 90710 91107 93100=
07299,2008-11-26 17:00:00,-0.6,1028.6,0.8,92,-1.7,6000,5.556,9.26,,250,,,0,,,,,,,,og-post,,,,AAXX 26174 07299 22656 12503 11006 21017 39942 40286 52008 81500 333 60005 81645 90710 91105 93100=
07299,2008-11-26 18:00:00,-1.4,1028.9,0.8,94,-2.2,5000,,3.704,,,-1.5,4.8,0,0,,,,,,,og-post,,,,AAXX 26184 07299 02650 10000 11014 21022 39944 40289 51008 69902 81500 333 10048 21015 60007 81645 90710 91102 93100 555 60005=
07299,2008-11-26 19:00:00,-2.1,1029.3,0.7,95,-2.8,5000,1.852,3.704,,240,,,0,,,,,,,,og-post,,,,AAXX 26194 07299 22950 02401 11021 21028 39947 40293 53007 333 60005 90710 91102 93100=
07299,2008-11-26 20:00:00,-2,1029.2,0.4,96,-2.6,4000,5.556,5.556,,220,,,0,,,,,,,10,og-post,,,,AAXX 26204 07299 21940 02203 11020 21026 39946 40292 50004 71000 333 60005 90710 91103 93100=
07299,2008-11-26 21:00:00,-2.8,1029.5,0.4,95,-3.5,4000,1.852,3.704,,150,,,0,0,,,,,,10,og-post,,,,AAXX 26214 07299 21940 01501 11028 21035 39948 40295 51004 71000 333 60007 90710 91102 93100 555 60005=
07299,2008-11-26 22:00:00,-2.7,1029.5,0.1,96,-3.2,4500,,3.704,,,,,0,,,,,,,10,og-post,,,,AAXX 26224 07299 21945 00000 11027 21032 39948 40295 53001 71000 333 60005 90710 91102 93100=
07299,2008-11-26 23:00:00,-3,1029.5,0.2,96,-3.5,4000,3.704,5.556,,180,,,0,,,,,,,10,og-post,,,,AAXX 26234 07299 21940 01802 11030 21035 39948 40295 51002 71000 333 60005 90710 91103 93100=
07299,2008-11-27 00:00:00,-3.1,1029,-0.5,95,-3.8,4000,3.704,7.408,,200,,,0,0,,,,,,10,og-post,,,,AAXX 27004 07299 01940 02002 11031 21038 39943 40290 58005 60001 71000 333 60007 90710 91104 93100 555 60005=
07299,2008-11-27 01:00:00,-2.6,1028.5,-1,95,-3.3,7000,7.408,9.26,,180,,,0,,,,,,,0,og-post,,,,AAXX 27014 07299 24957 /1804 11026 21033 39938 40285 58010 700// 333 60005 90710 91105=
07299,2008-11-27 02:00:00,-2.8,1028.3,-1.2,95,-3.5,6000,3.704,7.408,,150,,,0,,,,,,,0,og-post,,,,AAXX 27024 07299 24956 /1502 11028 21035 39936 40283 56012 700// 333 60005 90710 91104=
07299,2008-11-27 03:00:00,-3.7,1027.9,-1.2,95,-4.4,5000,1.852,5.556,,210,,,0,0,,,,,,1,og-post,,,,AAXX 27034 07299 21950 02101 11037 21044 39931 40279 57012 701// 333 60007 90710 91103 93100 555 60005=
07299,2008-11-27 04:00:00,-4.4,1027.7,-1,93,-5.4,6000,3.704,7.408,,180,,,0,,,,,,,,og-post,,,,AAXX 27044 07299 22956 01802 11044 21054 39928 40277 58010 333 60005 90710 91104 93100=
07299,2008-11-27 05:00:00,-3.8,1027.4,-1,93,-4.8,8000,5.556,11.112,,160,,,0,,,,,,,,og-post,,,,AAXX 27054 07299 22958 01603 11038 21048 39926 40274 56010 333 60005 90710 91106 93100=
07299,2008-11-27 06:00:00,-3.7,1027,-0.8,94,-4.5,8000,5.556,11.112,,170,-4.5,-1.4,0,0,,,0,4.7,-8,2,og-post,,,,AAXX 27064 07299 01958 01703 11037 21045 39923 40270 57008 60002 702// 333 11014 21045 34108 55047 60007 79999 90710 91106 93100 555 60005=
07299,2008-11-27 07:00:00,-3.7,1026.8,-0.7,93,-4.7,10000,7.408,11.112,,170,,,0,,,,,,,,og-post,,,,AAXX 27074 07299 22/60 11704 11037 21047 39921 40268 57007 80002 333 60005 81073 90710 91106 93100=
07299,2008-11-27 08:00:00,-2.1,1026.7,-0.4,92,-3.2,8000,7.408,12.964,,170,,,0,,,,,,,0,og-post,,,,AAXX 27084 07299 24958 /1704 11021 21032 39922 40267 55004 700// 333 60005 90710 91107=
07299,2008-11-27 09:00:00,-0.3,1026.1,-0.5,85,-2.5,10000,11.112,16.668,,120,,,0,0,,,,,,,og-post,,,,AAXX 27094 07299 22/60 11206 11003 21025 39918 40261 58005 80002 333 60007 81073 90710 91109 93100 555 60005=
07299,2008-11-27 10:00:00,1.5,1025.4,-0.7,78,-1.9,10000,9.26,16.668,,120,,,0,,,,,,,,og-post,,,,AAXX 27104 07299 22460 11205 10015 21019 39914 40254 58007 81102 333 60005 81813 90710 91109 93100=
07299,2008-11-27 11:00:00,2.2,1024.5,-1.6,71,-2.5,10000,9.26,18.52,,120,,,0,,,,,,,,og-post,,,,AAXX 27114 07299 22460 11205 10022 21025 39906 40245 58016 81102 333 60005 81815 90710 91110 93100=
07299,2008-11-27 12:00:00,2.9,1023.6,-2,68,-2.4,10000,7.408,14.816,,160,,,0,0,,,,,,,og-post,,,,AAXX 27124 07299 02/60 11604 10029 21024 39898 40236 58020 60001 80002 333 60007 81073 90710 91108 93100 555 60005=
07299,2008-11-27 13:00:00,3.4,1022.8,-2.3,67,-2.2,10000,5.556,12.964,,130,,,0,,,,,,,,og-post,,,,AAXX 27134 07299 22/60 11303 10034 21022 39891 40228 56023 80002 333 60005 81073 90710 91107 93100=
07299,2008-11-27 14:00:00,3.3,1022.1,-2.2,66,-2.5,10000,7.408,12.964,,120,,,0,,,,,,,,og-post,,,,AAXX 27144 07299 22/60 11204 10033 21025 39884 40221 56022 80002 333 60005 81073 90710 91107 93100=
07299,2008-11-27 15:00:00,2.2,1021.5,-2.1,69,-2.9,10000,11.112,14.816,,110,,,0,0,,,,,,,og-post,,,,AAXX 27154 07299 22/60 31106 10022 21029 39877 40215 57021 80001 333 60007 83073 90710 91108 93100 555 60005=
07299,2008-11-27 16:00:00,0.5,1021.5,-1.6,76,-3.2,10000,7.408,14.816,,110,,,0,,,,,,,,og-post,,,,AAXX 27164 07299 22/60 31104 10005 21032 39875 40215 56016 80001 333 60005 83073 90710 91108 93100=
07299,2008-11-27 17:00:00,-0.6,1021.2,-1.4,80,-3.6,9000,11.112,27.78,,120,,,0,,,,,,,,og-post,,,,AAXX 27174 07299 22/59 21206 11006 21036 39870 40212 56014 80001 333 60005 82073 90710 91115 93100=
07299,2008-11-27 18:00:00,-1.2,1020.7,-1.2,83,-3.7,8000,11.112,14.816,,130,-4.4,3.8,0,0,,,,,,,og-post,,,,AAXX 27184 07299 02958 01306 11012 21037 39865 40207 58012 60002 333 10038 21044 60007 90710 91108 93100 555 60005=
07299,2008-11-27 19:00:00,-1.8,1020.4,-1.4,88,-3.5,6000,1.852,14.816,,180,,,0,,,,,,,,og-post,,,,AAXX 27194 07299 22956 01801 11018 21035 39861 40204 56014 333 60005 90710 91108 93100=
07299,2008-11-27 20:00:00,-1.6,1019.7,-1.5,87,-3.5,6000,11.112,12.964,,170,,,0,,,,,,,,og-post,,,,AAXX 27204 07299 22956 01706 11016 21035 39855 40197 58015 333 60005 90710 91107 93100=
07299,2008-11-27 21:00:00,-1.6,1019.1,-1.6,86,-3.6,7000,11.112,14.816,,170,,,0,0,,,,,,,og-post,,,,AAXX 27214 07299 22957 01706 11016 21036 39849 40191 58016 333 60007 90710 91108 93100 555 60005=
07299,2008-11-27 22:00:00,-1.7,1018.4,-1.9,87,-3.6,7000,12.964,16.668,,180,,,0,,,,,,,,og-post,,,,AAXX 27224 07299 22957 01807 11017 21036 39842 40184 57019 333 60005 90710 91109 93100=
07299,2008-11-27 23:00:00,-1.8,1017.9,-1.8,87,-3.7,7000,12.964,18.52,,180,,,0,,,,,,,,og-post,,,,AAXX 27234 07299 22957 01807 11018 21037 39837 40179 56018 333 60005 90710 91110 93100=
07299,2008-11-28 00:00:00,-2.2,1017.2,-1.9,88,-3.9,7000,11.112,18.52,,180,,,0,0,,,,,,0,og-post,,,,AAXX 28004 07299 01957 11806 11022 21039 39830 40172 57019 60001 700// 80001 333 60007 81073 90710 91110 93100 555 60005=
07299,2008-11-28 01:00:00,-2.4,1016.4,-2,88,-4.1,6000,14.816,20.372,,170,,,0,,,,,,,0,og-post,,,,AAXX 28014 07299 24956 /1708 11024 21041 39822 40164 58020 700// 333 60005 90710 91111=
07299,2008-11-28 02:00:00,-2.7,1015.2,-2.7,89,-4.3,6000,12.964,18.52,,170,,,0,,,,,,,0,og-post,,,,AAXX 28024 07299 24956 /1707 11027 21043 39810 40152 58027 700// 333 60005 90710 91110=
07299,2008-11-28 03:00:00,-3,1014.5,-2.7,89,-4.6,5000,12.964,16.668,,170,,,0,0,,,,,,0,og-post,,,,AAXX 28034 07299 21950 01707 11030 21046 39803 40145 56027 700// 333 60007 90710 91109 93100 555 60005=
07299,2008-11-28 04:00:00,-3.4,1013.6,-2.9,90,-4.8,6000,9.26,18.52,,170,,,0,,,,,,,,og-post,,,,AAXX 28044 07299 22956 01705 11034 21048 39793 40136 56029 333 60005 90710 91110 93100=
07299,2008-11-28 05:00:00,-3.4,1012.5,-2.7,90,-4.8,6000,12.964,22.224,,160,,,0,,,,,,,,og-post,,,,AAXX 28054 07299 22956 41607 11034 21048 39783 40125 58027 80001 333 60005 84073 90710 91112 93100=
07299,2008-11-28 06:00:00,-4,1011.7,-2.9,90,-5.4,6000,9.26,16.668,,150,-4,-1.1,0,0,,,0,7.9,-5,3,og-post,,,,AAXX 28064 07299 01956 51505 11040 21054 39774 40117 56029 60002 703// 82031 333 11011 21040 34105 55079 60007 70000 82365 84073 90710 91109 93100 555 60005=
07299,2008-11-28 07:00:00,-3.7,1010.7,-2.8,90,-5.1,6000,9.26,14.816,,160,,,0,,,,,,,,og-post,,,,AAXX 28074 07299 22756 51605 11037 21051 39765 40107 56028 81501 333 60005 81656 85073 90710 91108 93100=
07299,2008-11-28 08:00:00,-3.2,1010,-2.4,90,-4.6,6000,11.112,18.52,,170,,,0,,,,,,,,og-post,,,,AAXX 28084 07299 22756 61706 11032 21046 39759 40100 56024 81531 333 60005 81656 85075 90710 91110 93100=
07299,2008-11-28 09:00:00,-1.6,1008.8,-2.5,86,-3.6,6000,9.26,18.52,,150,,,0,0,,,,,,,og-post,,,,AAXX 28094 07299 22756 71505 11016 21036 39749 40088 58025 81531 333 60007 81656 85361 86075 90710 91110 93100 555 60005=
07299,2008-11-28 10:00:00,-1.3,1007.9,-2.4,84,-3.7,6000,7.408,22.224,,130,,,0,,,,,,,,og-post,,,,AAXX 28104 07299 22556 71304 11013 21037 39741 40079 58024 81231 333 60005 81820 84362 86075 90710 91112 93100=
07299,2008-11-28 11:00:00,-0.9,1006.2,-3.4,83,-3.4,7000,3.704,9.26,,70,,,0,,,,,,,,og-post,,,,AAXX 28114 07299 22557 70702 11009 21034 39725 40062 58034 81231 333 60005 81820 84362 86075 90710 91105 93100=
07299,2008-11-28 12:00:00,-0.1,1004.9,-3.6,79,-3.3,8000,,7.408,,,,,0,0,,,,,,0,og-post,,,,AAXX 28124 07299 04958 /0000 11001 21033 39713 40049 58036 60001 700// 333 60007 90710 91104 555 60005=
07299,2008-11-28 13:00:00,-0.1,1003.6,-4,80,-3.1,8000,1.852,5.556,,310,,,0,,,,,,,,og-post,,,,AAXX 28134 07299 22558 73101 11001 21031 39701 40036 56040 81231 333 60005 81820 85363 86075 90710 91103 93100=
07299,2008-11-28 14:00:00,0.1,1002.2,-3.7,83,-2.4,8000,3.704,5.556,,290,,,0,,,,,,,,og-post,,,,AAXX 28144 07299 22558 72902 10001 21024 39688 40022 58037 81232 333 60005 81820 86361 87075 90710 91103 93100=
07299,2008-11-28 15:00:00,-0.3,1002,-2.8,85,-2.5,8000,5.556,9.26,,310,,,0,0,,,,,,,og-post,,,,AAXX 28154 07299 22558 73103 11003 21025 39685 40020 56028 8147/ 333 60007 81630 87358 90710 91105 93100 555 60005=
07299,2008-11-28 16:00:00,-0.3,1001.8,-1.8,87,-2.2,7000,5.556,9.26,,320,,,0,,,,,,,,og-post,,,,AAXX 28164 07299 22557 73203 11003 21022 39683 40018 56018 8147/ 333 60005 81630 87357 90710 91105 93100=
07299,2008-11-28 17:00:00,-0.3,1001.7,-0.6,88,-2,6000,,12.964,,,,,0,,,,,,,,og-post,,,,AAXX 28174 07299 22456 70000 11003 21020 39682 40017 56006 8657/ 333 60005 86613 87356 90710 91107 93100=
07299,2008-11-28 18:00:00,-0.4,1001.3,-0.7,88,-2.1,6000,5.556,9.26,,350,-4.2,0.2,0,0,,,,,,,og-post,,,,AAXX 28184 07299 02456 83503 11004 21021 39678 40013 58007 60002 875// 333 10002 21042 60007 87611 90710 91105 93100 555 60005=
07299,2008-11-28 19:00:00,-0.8,1001.1,-0.7,90,-2.2,5000,5.556,7.408,,340,,,0,,,,,,,,og-post,,,,AAXX 28194 07299 22450 83403 11008 21022 39676 40011 58007 875// 333 60005 87610 90710 91104 93100=
07299,2008-11-28 20:00:00,-1.3,1001.2,-0.6,92,-2.4,4000,3.704,7.408,,240,,,0,,,,,,,10,og-post,,,,AAXX 28204 07299 21440 72402 11013 21024 39676 40012 56006 71022 8557/ 333 60005 85610 87366 90710 91104 93100=
07299,2008-11-28 21:00:00,-1.8,1001.3,-0.1,94,-2.6,3500,1.852,7.408,,240,,,0,0,,,,,,10,og-post,,,,AAXX 28214 07299 21435 72401 11018 21026 39677 40013 55001 71022 8357/ 333 60007 83610 87362 90710 91104 93100 555 60005=
07299,2008-11-28 22:00:00,-1.7,1000.9,-0.3,93,-2.7,3500,3.704,9.26,,160,,,0,,,,,,,10,og-post,,,,AAXX 28224 07299 21435 71602 11017 21027 39673 40009 58003 71022 8257/ 333 60005 82610 87361 90710 91105 93100=
07299,2008-11-28 23:00:00,-1.6,1000.1,-1.1,93,-2.6,3500,5.556,7.408,,170,,,0,,,,,,,10,og-post,,,,AAXX 28234 07299 21435 71703 11016 21026 39665 40001 58011 71022 8157/ 333 60005 81710 87358 90710 91104 93100=
07299,2008-11-29 00:00:00,-1.2,999.7,-1.5,92,-2.3,3500,1.852,9.26,,120,,,0,0,,,,,,10,og-post,,,,AAXX 29004 07299 01435 71201 11012 21023 39662 49997 56015 60001 710// 8157/ 333 60007 81710 87358 90710 91105 93100 555 60005=
07299,2008-11-29 01:00:00,-1.1,999.9,-0.9,93,-2.1,3700,1.852,3.704,,290,,,0,,,,,,,10,og-post,,,,AAXX 29014 07299 24837 82901 11011 21021 39664 49999 55009 710// 333 60005 90710 91102=
07299,2008-11-29 02:00:00,-0.7,999.7,-0.2,92,-1.8,4800,9.26,11.112,,190,,,0,,,,,,,10,og-post,,,,AAXX 29024 07299 24848 81905 11007 21018 39663 49997 56002 710// 333 60005 90710 91106=
07299,2008-11-29 03:00:00,-0.7,999.5,-0.1,91,-2,4000,9.26,12.964,,160,,,0,0,,,,,,10,og-post,,,,AAXX 29034 07299 21740 71605 11007 21020 39661 49995 58001 710// 875// 333 60007 81650 87358 90710 91107 93100 555 60005=
07299,2008-11-29 04:00:00,-1,999,-0.9,91,-2.3,4000,3.704,12.964,,130,,,0,,,,,,,10,og-post,,,,AAXX 29044 07299 21740 71302 11010 21023 39655 49990 58009 71022 875// 333 60005 81650 87358 90710 91107 93100=
07299,2008-11-29 05:00:00,-0.8,998.7,-1,91,-2.1,4000,7.408,11.112,,160,,,0,,,,,,,10,og-post,,,,AAXX 29054 07299 21740 71604 11008 21021 39653 49987 57010 71022 815// 333 60005 81650 87359 90710 91106 93100=
07299,2008-11-29 06:00:00,-1.2,998.4,-1.2,90,-2.6,4000,7.408,12.964,,170,-1.8,-0.4,0,0,,,0,0,-3,10,og-post,,,,AAXX 29064 07299 01740 51704 11012 21026 39649 49984 56012 60002 710// 81570 333 11004 21018 34103 55000 60007 70000 81650 84363 90710 91107 93100 555 60005=
07299,2008-11-29 07:00:00,-1.9,998.3,-0.7,92,-3,4500,7.408,14.816,,190,,,0,,,,,,,10,og-post,,,,AAXX 29074 07299 21945 41904 11019 21030 39648 49983 56007 71011 81032 333 60005 81364 83075 90710 91108 93100=
07299,2008-11-29 08:00:00,-0.3,998.6,-0.1,88,-2,6000,7.408,11.112,,180,,,0,,,,,,,,og-post,,,,AAXX 29084 07299 22956 71804 11003 21020 39652 49986 55001 83032 333 60005 83364 86075 90710 91106 93100=
07299,2008-11-29 09:00:00,0.4,998.4,0.2,85,-1.8,10000,5.556,11.112,,190,,,0,0,,,,,,,og-post,,,,AAXX 29094 07299 22960 71903 10004 21018 39651 49984 52002 84032 333 60007 84362 86075 90710 91106 93100 555 60005=
07299,2008-11-29 10:00:00,1.5,998.3,0.4,82,-1.2,9000,5.556,7.408,,180,,,0,,,,,,,,og-post,,,,AAXX 29104 07299 22959 71803 10015 21012 39652 49983 51004 82032 333 60005 81362 87075 90710 91104 93100=
07299,2008-11-29 11:00:00,3.1,997.5,-0.6,75,-0.9,9000,5.556,9.26,,140,,,0,,,,,,,,og-post,,,,AAXX 29114 07299 22959 71403 10031 21009 39646 49975 58006 82034 333 60005 81362 87071 90710 91105 93100=
07299,2008-11-29 12:00:00,4.2,996.9,-1,69,-1,15000,7.408,12.964,,140,,,0,0,,,,,,,og-post,,,,AAXX 29124 07299 02965 71404 10042 21010 39641 49969 58010 60001 81032 333 60007 81363 87073 90710 91107 93100 555 60005=
07299,2008-11-29 13:00:00,6,996,-1.7,62,-0.7,10000,11.112,20.372,,120,,,0,,,,,,,,og-post,,,,AAXX 29134 07299 22960 61206 10060 21007 39635 49960 57017 81032 333 60005 81363 86073 90710 91111 93100=
07299,2008-11-29 14:00:00,6.2,995.4,-1.7,61,-0.8,12000,11.112,18.52,,120,,,0,,,,,,,,og-post,,,,AAXX 29144 07299 22962 31206 10062 21008 39629 49954 58017 81032 333 60005 81363 83073 90710 91110 93100=
07299,2008-11-29 15:00:00,4.1,995.6,-1.2,68,-1.3,15000,11.112,18.52,,110,,,0,0,,,,,,,og-post,,,,AAXX 29154 07299 22965 71106 10041 21013 39629 49956 56012 81034 333 60007 81363 87073 90710 91110 93100 555 60005=
07299,2008-11-29 16:00:00,2.6,996.3,-0.1,73,-1.8,12000,7.408,12.964,,110,,,0,,,,,,,,og-post,,,,AAXX 29164 07299 22962 61104 10026 21018 39634 49963 55001 81032 333 60005 81363 86071 90710 91107 93100=
07299,2008-11-29 17:00:00,2.6,996,0.2,74,-1.6,9000,9.26,18.52,,110,,,0,,,,,,,,og-post,,,,AAXX 29174 07299 22959 71105 10026 21016 39631 49960 50002 85052 333 60005 83362 85365 87071 90710 91110 93100=
07299,2008-11-29 18:00:00,2,995.5,-0.4,78,-1.4,9000,11.112,16.668,,40,-1.9,6.7,0,0,,,,,,,og-post,,,,AAXX 29184 07299 02959 70406 10020 21014 39625 49955 58004 60002 85052 333 10067 21019 60007 83362 85365 87071 90710 91109 93100 555 60005=
07299,2008-11-29 19:00:00,1.8,994.5,-1.9,78,-1.6,8000,7.408,12.964,,40,,,0,,,,,,,,og-post,,,,AAXX 29194 07299 22958 80404 10018 21016 39615 49945 58019 8705/ 333 60005 84362 87366 90710 91107 93100=
07299,2008-11-29 20:00:00,0.7,993.7,-2.5,86,-1.4,8000,9.26,12.964,,10,,,0,,,,,,,,og-post,,,,AAXX 29204 07299 22958 80105 10007 21014 39606 49937 58025 8707/ 333 60005 82362 87365 90710 91107 93100=
07299,2008-11-29 21:00:00,0.6,993.3,-2.3,90,-0.9,5000,11.112,14.816,,340,,,0,0,,,,,,,og-post,,,,AAXX 29214 07299 22650 83406 10006 21009 39602 49933 56023 8127/ 333 60007 81833 87360 90710 91108 93100 555 60005=
07299,2008-11-29 22:00:00,0.2,992.9,-1.7,92,-0.9,5000,12.964,16.668,,330,,,0,,,,,,,,og-post,,,,AAXX 29224 07299 22650 83307 10002 21009 39598 49929 56017 8127/ 333 60005 81833 85362 87365 90710 91109 93100=
07299,2008-11-29 23:00:00,0.2,992.5,-1.2,92,-0.9,5000,7.408,16.668,,300,,,0,,,,,,,,og-post,,,,AAXX 29234 07299 22650 83004 10002 21009 39594 49925 57012 8127/ 333 60005 81833 85362 87365 90710 91109 93100=
07299,2008-11-30 00:00:00,1.2,994.2,1,88,-0.6,6000,11.112,24.076,,260,,,0,0,,,,,,,og-post,,,,AAXX 30004 07299 02656 82606 10012 21006 39612 49942 53010 60001 8127/ 333 60007 81833 87360 90710 91113 93100 555 60005=
07299,2008-11-30 01:00:00,0.4,994.7,1.8,91,-0.9,5000,5.556,18.52,,120,,,0,,,,,,,0,og-post,,,,AAXX 30014 07299 24750 81203 10004 21009 39616 49947 53018 700// 333 60005 90710 91110=
07299,2008-11-30 02:00:00,0.6,994.5,2,92,-0.6,6000,11.112,16.668,,130,,,0,,,,,,,0,og-post,,,,AAXX 30024 07299 24956 81306 10006 21006 39614 49945 50020 700// 333 60005 90710 91109=
07299,2008-11-30 03:00:00,1.4,994,-0.2,88,-0.4,7000,9.26,18.52,,140,,,0,0,,,,,,2,og-post,,,,AAXX 30034 07299 21657 71405 10014 21004 39610 49940 58002 702// 8127/ 333 60007 81833 87358 90710 91110 555 60005=
07299,2008-11-30 04:00:00,0.7,994.6,-0.1,90,-0.8,6000,3.704,14.816,,210,,,0,,,,,,,,og-post,,,,AAXX 30044 07299 22656 72102 10007 21008 39615 49946 55001 8127/ 333 60005 81833 85360 87363 90710 91108=
07299,2008-11-30 05:00:00,1.4,994.7,0.3,86,-0.7,10000,9.26,18.52,,210,,,0,,,,,,,0,og-post,,,,AAXX 30054 07299 24960 82105 10014 21007 39617 49947 53003 700// 333 60005 90710 91110=
07299,2008-11-30 06:00:00,2,995.7,1.7,83,-0.6,8000,11.112,20.372,,180,-0.1,2.1,0,0,,,0,4.1,-1,3,og-post,,,,AAXX 30064 07299 01758 71806 10020 21006 39627 49957 53017 60002 703// 8257/ 333 10021 21001 30101 55041 60007 70000 82650 87358 90710 91111 555 60005=
07299,2008-11-30 07:00:00,1.9,996.3,1.8,86,-0.2,10000,7.408,27.78,,120,,,,,,,,,,60,og-post,,,,AAXX 30074 07299 21560 71204 10019 21002 39633 49963 53018 76062 8457/ 333 69905 81826 83643 87357 90710 91115=
07299,2008-11-30 08:00:00,2.1,996.4,1.7,85,-0.2,15000,5.556,11.112,,130,,,,,,,,,,21,og-post,,,,AAXX 30084 07299 21565 71303 10021 21002 39634 49964 51017 72162 8287/ 333 69905 81826 87358 90710 91106=
07299,2008-11-30 09:00:00,2.7,996.8,1.2,83,0.1,45000,3.704,9.26,,220,,,0,,,,,,,3,og-post,,,,AAXX 30094 07299 21483 72202 10027 20001 39639 49968 52012 70362 81172 333 69907 81816 86360 87070 90710 91105 555 60005=
07299,2008-11-30 10:00:00,3.9,996.8,0.7,80,0.8,45000,1.852,9.26,,170,,,0,,,,,,,,og-post,,,,AAXX 30104 07299 22483 71701 10039 20008 39640 49968 52007 81172 333 60005 81816 83360 87068 90710 91105=
07299,2008-11-30 11:00:00,9.2,995.4,-0.1,55,0.6,45000,11.112,16.668,,130,,,0,,,,,,,,og-post,,,,AAXX 30114 07299 22483 61306 10092 20006 39633 49954 58001 81132 333 6///5 81816 86070 90710 91109=
07299,2008-11-30 12:00:00,9.9,994.7,-1.2,52,0.5,55000,14.816,22.224,,120,,,0,0,0,,,,,1,og-post,,,,AAXX 30124 07299 01585 61208 10099 20005 39627 49947 58012 6///1 70162 81132 333 6///7 81830 85066 90710 91112 555 60005=
07299,2008-11-30 13:00:00,8.5,995.2,-1,62,1.6,55000,12.964,24.076,,90,,,0,,,,,,,14,og-post,,,,AAXX 30134 07299 21585 70907 10085 20016 39630 49952 55010 71422 81172 333 60005 81830 83364 86068 90710 91113=
07299,2008-11-30 14:00:00,9,995.3,-0.2,58,1.2,45000,16.668,29.632,,100,,,0,,,,,,,,og-post,,,,AAXX 30144 07299 22583 41009 10090 20012 39631 49953 55002 81882 333 60005 81830 84070 90710 91116=
07299,2008-11-30 15:00:00,7.4,996.4,1.3,65,1.2,35000,14.816,29.632,,120,,,0,0,,,,,,,og-post,,,,AAXX 30154 07299 22681 21208 10074 20012 39640 49964 53013 81832 333 60007 81840 90710 91116 555 60005=
07299,2008-11-30 16:00:00,5.2,997,1.4,73,0.8,25000,11.112,20.372,,110,,,0,,,,,,,,og-post,,,,AAXX 30164 07299 22775 21106 10052 20008 39644 49970 53014 81532 333 60005 81650 90710 91111=
07299,2008-11-30 17:00:00,4.4,997.5,1.6,75,0.4,18000,5.556,22.224,,150,,,0,,,,,,,,og-post,,,,AAXX 30174 07299 22768 51503 10044 20004 39647 49975 51016 82556 333 60005 82656 85066 90710 91112=
07299,2008-11-30 18:00:00,2.7,998.3,1.3,80,-0.4,17000,3.704,9.26,,160,1.8,10.7,0,0,,,,,,,og-post,,,,AAXX 30184 07299 02967 51602 10027 21004 39653 49983 53013 69902 81056 333 10107 20018 60007 81363 85066 90710 91105 555 60005=
07299,2008-11-30 19:00:00,2.5,998.4,1,82,-0.3,15000,9.26,12.964,,150,,,0,,,,,,,,og-post,,,,AAXX 30194 07299 22/65 11505 10025 21003 39654 49984 51010 80002 333 60005 81066 90710 91107=
07299,2008-11-30 20:00:00,2.1,998.6,0.8,85,-0.2,15000,11.112,16.668,,170,,,0,,,,,,,,og-post,,,,AAXX 30204 07299 22/65 11706 10021 21002 39655 49986 51008 80002 333 60005 81073 90710 91109=
07299,2008-11-30 21:00:00,1.4,998.7,0.2,87,-0.5,12000,11.112,18.52,,180,,,0,0,,,,,,,og-post,,,,AAXX 30214 07299 22/62 31806 10014 21005 39655 49987 51002 80002 333 60007 83073 90710 91110 555 60005=
07299,2008-11-30 22:00:00,1.2,998.7,0.1,88,-0.6,8000,12.964,20.372,,170,,,0,,,,,,,,og-post,,,,AAXX 30224 07299 22/58 71707 10012 21006 39655 49987 51001 80002 333 60005 87071 90710 91111=
07299,2008-11-30 23:00:00,0.8,999,0.3,89,-0.8,8000,5.556,16.668,,180,,,0,,,,,,,,og-post,,,,AAXX 30234 07299 22958 71803 10008 21008 39658 49990 53003 85052 333 60005 85366 87071 90710 91109=
07299,2008-12-01 00:00:00,0,998.8,0,91,-1.3,8000,1.852,9.26,,200,,,0,0,,,,,,,og-post,,,,AAXX 01004 07299 02958 82001 10000 21013 39655 49988 50000 60001 8705/ 333 60007 81365 87366 90710 91105 555 60005=
07299,2008-12-01 01:00:00,0,998.4,-0.4,93,-1,5000,3.704,9.26,,220,,,0,,,,,,,0,og-post,,,,AAXX 01014 07299 24950 82202 10000 21010 39651 49984 58004 700// 333 60005 90710 91105=
07299,2008-12-01 02:00:00,-0.3,997.9,-1.2,94,-1.1,4100,5.556,5.556,,210,,,0,,,,,,,10,og-post,,,,AAXX 01024 07299 24941 82103 11003 21011 39646 49979 58012 710// 333 60005 90710 91103=
07299,2008-12-01 03:00:00,-1,997.4,-1.5,94,-1.8,6000,3.704,7.408,,130,,,0,0,,,,,,0,og-post,,,,AAXX 01034 07299 21956 81302 11010 21018 39640 49974 58015 700// 8705/ 333 60007 84361 87365 90710 91104 555 60005=
07299,2008-12-01 04:00:00,-0.7,997.7,-0.8,95,-1.4,6000,,5.556,,,,,0,,,,,,,,og-post,,,,AAXX 01044 07299 22956 80000 11007 21014 39643 49977 55008 8705/ 333 60005 87361 90710 91103 93100=
07299,2008-12-01 06:00:00,-0.7,997.7,0.3,95,-1.4,4500,1.852,5.556,,340,-1,3.2,0,0,,,0,3.4,-2,10,og-post,,,,AAXX 01064 07299 01945 83401 11007 21014 39643 49977 51003 60002 710// 8705/ 333 10032 21010 34102 55034 60007 79999 87361 90710 91103 93100 555 60005=
07299,2008-12-01 07:00:00,-0.5,997.9,0.2,95,-1.2,4500,3.704,5.556,,210,,,0,,,,,,,10,og-post,,,,AAXX 01074 07299 21745 82102 11005 21012 39645 49979 53002 71022 8155/ 333 60005 81650 84357 87360 90710 91103 93100=
07299,2008-12-01 08:00:00,0.1,998.2,0.6,95,-0.6,7000,,7.408,,,,,0,,,,,,,,og-post,,,,AAXX 01084 07299 22757 80000 10001 21006 39649 49982 53006 875// 333 60005 81650 87657 90710 91104 93100=
07299,2008-12-01 09:00:00,0.6,998.5,1,94,-0.3,7000,,1.852,,,,,0,0,,,,,,,og-post,,,,AAXX 01094 07299 22757 80000 10006 21003 39653 49985 53010 8453/ 333 60007 81650 84658 87360 90710 91101 93100 555 60005=
07299,2008-12-01 10:00:00,1.6,998.9,1.3,89,0,10000,3.704,11.112,,120,,,0,,,,,,,,og-post,,,,AAXX 01104 07299 22760 81202 10016 20000 39658 49989 53013 8253/ 333 60005 81650 87360 90710 91106 93100=
07299,2008-12-01 11:00:00,3.2,998.9,1.1,86,1.1,16000,5.556,7.408,,140,,,0,,,,,,,,og-post,,,,AAXX 01114 07299 22766 81403 10032 20011 39660 49989 51011 8153/ 333 60005 81650 87358 90710 91104 93100=
07299,2008-12-01 12:00:00,3.5,999.5,1.3,85,1.2,23000,3.704,9.26,,210,,,0,0,,,,,,,og-post,,,,AAXX 01124 07299 02673 72102 10035 20012 39666 49995 53013 60001 815// 333 60007 81642 87650 90710 91105 93100 555 60005=
07299,2008-12-01 13:00:00,5,1000.2,1.6,78,1.5,30000,9.26,27.78,,280,,,0,,,,,,,,og-post,,,,AAXX 01134 07299 22580 72805 10050 20015 39674 40002 53016 878// 333 60005 81822 87656 90710 91115 93100=
07299,2008-12-01 14:00:00,5,1000.9,2.1,77,1.3,30000,7.408,22.224,,290,,,0,,,,,,,,og-post,,,,AAXX 01144 07299 22580 72904 10050 20013 39681 40009 53021 878// 333 60005 81820 87656 90710 91112 93100=
07299,2008-12-01 15:00:00,4.5,1002.2,2.7,78,1,25000,11.112,20.372,,270,,,0,0,,,,,,,og-post,,,,AAXX 01154 07299 22575 72706 10045 20010 39693 40022 53027 878// 333 60007 81820 84622 87656 90710 91111 93100 555 60005=
07299,2008-12-01 16:00:00,4,1003.2,2.8,81,1,25000,7.408,20.372,,250,,,0,,,,,,,,og-post,,,,AAXX 01164 07299 22575 72504 10040 20010 39702 40032 53028 878// 333 60005 81820 83632 87656 90710 91111 93100=
07299,2008-12-01 17:00:00,3.9,1003.9,2.8,82,1.1,20000,9.26,18.52,,220,,,0,,,,,,,,og-post,,,,AAXX 01174 07299 22470 72205 10039 20011 39709 40039 51028 878// 333 60005 81818 87633 90710 91110 93100=
07299,2008-12-01 18:00:00,3.8,1004.7,2.3,81,0.8,25000,1.852,11.112,,180,-0.7,5.1,0,0,,,,,,,og-post,,,,AAXX 01184 07299 02475 71801 10038 20008 39716 40047 51023 60002 878// 333 10051 21007 60007 81818 87630 90710 91106 93100 555 60005=
07299,2008-12-01 19:00:00,3.3,1005.3,2,84,0.9,25000,5.556,11.112,,220,,,,,,,,,,70,og-post,,,,AAXX 01194 07299 21475 72203 10033 20009 39722 40053 52020 77072 878// 333 69905 81818 87627 90710 91106 93100=
07299,2008-12-01 20:00:00,3.5,1005.8,1.8,84,1,18000,5.556,12.964,,220,,,,,,,,,,23,og-post,,,,AAXX 01204 07299 21468 82203 10035 20010 39727 40058 51018 72376 878// 333 69905 81818 87625 90710 91107 93100=
07299,2008-12-01 21:00:00,3.5,1006.3,1.6,85,1.2,18000,3.704,7.408,,110,,,,,,,,,,68,og-post,,,,AAXX 01214 07299 21468 81102 10035 20012 39732 40063 51016 76876 878// 333 69907 81813 87625 90710 91104 93100 555 69905=
07299,2008-12-01 22:00:00,3.5,1006.7,1.3,85,1.2,18000,5.556,11.112,,160,,,,,,,,,,23,og-post,,,,AAXX 01224 07299 21468 81603 10035 20012 39735 40067 51013 72376 878// 333 69905 81816 86625 87645 90710 91106 93100=
07299,2008-12-01 23:00:00,3.4,1007.3,1.4,84,1,18000,3.704,11.112,,190,,,0,,,,,,,,og-post,,,,AAXX 01234 07299 22468 81902 10034 20010 39741 40073 53014 878// 333 60005 81816 87630 90710 91106 93100=
07299,2008-12-02 00:00:00,3.2,1007.5,1.1,89,1.6,15000,5.556,7.408,,190,,,,,,,,,,68,og-post,,,,AAXX 02004 07299 01565 81903 10032 20016 39743 40075 51011 69901 76876 875// 333 69907 83623 87630 90710 91104 93100 555 69905=
07299,2008-12-02 01:00:00,3.8,1007.8,1.1,82,1,13000,7.408,12.964,,230,,,,,,,,,,0,og-post,,,,AAXX 02014 07299 24563 82304 10038 20010 39746 40078 51011 700// 333 69905 90710 91107=
07299,2008-12-02 02:00:00,3.8,1008.3,1,83,1.2,50000,11.112,27.78,,230,,,,,,,,,,0,og-post,,,,AAXX 02024 07299 24584 82306 10038 20012 39751 40083 53010 700// 333 69905 90710 91115=
07299,2008-12-02 03:00:00,3.6,1008.6,1.1,84,1.1,18000,5.556,14.816,,220,,,,,,,,,,0,og-post,,,,AAXX 02034 07299 21468 82203 10036 20011 39754 40086 52011 700// 878// 333 69907 86816 86633 90710 91108 93100 555 69905=
07299,2008-12-02 04:00:00,3.8,1009,1.2,83,1.2,18000,11.112,18.52,,220,,,,,,,,,,21,og-post,,,,AAXX 02044 07299 21468 82206 10038 20012 39758 40090 51012 72162 878// 333 69905 83816 84633 87650 90710 91110 93100=
07299,2008-12-02 05:00:00,3.8,1009.3,1,84,1.3,18000,20.372,31.484,,240,,,,,,,,,,26,og-post,,,,AAXX 02054 07299 21468 82411 10038 20013 39761 40093 52010 72687 8483/ 333 69905 81816 84633 87357 90710 91117 93100=
07299,2008-12-02 06:00:00,3.7,1010.2,1.5,84,1.2,18000,18.52,31.484,,240,3,4,0,,,,0,0,2,3,og-post,,,,AAXX 02064 07299 01468 82410 10037 20012 39769 40102 53015 69902 703// 8383/ 333 10040 20030 32002 55000 69907 79999 81815 83650 87357 90710 91117 93100 555 60005=
07299,2008-12-02 07:00:00,3.9,1010.8,1.8,85,1.6,15000,12.964,25.928,,240,,,,,,,,,,58,og-post,,,,AAXX 02074 07299 21465 82407 10039 20016 39776 40108 53018 75865 878// 333 69905 85813 86630 90710 91114 93100=
07299,2008-12-02 08:00:00,3.8,1011.8,2.4,84,1.3,15000,11.112,25.928,,230,,,0,,,,,,,21,og-post,,,,AAXX 02084 07299 21465 72306 10038 20013 39785 40118 53024 72165 878// 333 60005 84813 86630 90710 91114 93100=
07299,2008-12-02 09:00:00,3.7,1012.5,2.3,82,0.9,15000,12.964,25.928,,230,,,0,,,,,,,1,og-post,,,,AAXX 02094 07299 21465 72307 10037 20009 39792 40125 52023 70165 86842 333 69907 83816 86633 90710 91114 93100 555 60005=
07299,2008-12-02 10:00:00,4,1012.9,2,82,1.2,15000,11.112,27.78,,240,,,0,,,,,,,,og-post,,,,AAXX 02104 07299 22465 82406 10040 20012 39796 40129 51020 878// 333 60005 83816 87636 90710 91115 93100=
07299,2008-12-02 11:00:00,3.9,1013.1,1.3,79,0.6,17000,18.52,31.484,,270,,,0,,,,,,,,og-post,,,,AAXX 02114 07299 22467 82710 10039 20006 39798 40131 51013 878// 333 60005 85819 87633 90710 91117 93100=
07299,2008-12-02 12:00:00,4.7,1013.1,0.7,73,0.3,30000,16.668,31.484,,240,,,0,0,,,,,,1,og-post,,,,AAXX 02124 07299 01580 72409 10047 20003 39799 40131 51007 69901 70165 878// 333 60007 85825 85646 90710 91117 93100 555 60005=
07299,2008-12-02 13:00:00,5.1,1013.1,0.3,70,0.1,40000,16.668,33.336,,280,,,0,,,,,,,,og-post,,,,AAXX 02134 07299 22582 42809 10051 20001 39799 40131 51003 84800 333 60005 83830 83643 90710 91118 93100=
07299,2008-12-02 14:00:00,4.5,1013.5,0.4,61,-2.4,20000,20.372,35.188,,260,,,0,,,,,,,,og-post,,,,AAXX 02144 07299 22570 52611 10045 21024 39802 40135 53004 84801 333 60005 83830 83643 90710 91119 93100=
07299,2008-12-02 15:00:00,4,1013.9,0.6,63,-2.4,20000,12.964,31.484,,250,,,0,0,,,,,,,og-post,,,,AAXX 02154 07299 22570 42507 10040 21024 39805 40139 53006 83801 333 60007 82830 90710 91117 93100 555 60005=
07299,2008-12-02 16:00:00,2.5,1014.1,0.7,69,-2.6,25000,5.556,16.668,,200,,,0,,,,,,,,og-post,,,,AAXX 02164 07299 22575 32003 10025 21026 39806 40141 51007 82830 333 60005 81830 90710 91109 93100=
07299,2008-12-02 17:00:00,0.5,1014.5,0.5,81,-2.4,25000,5.556,12.964,,220,,,0,,,,,,,,og-post,,,,AAXX 02174 07299 22575 32203 10005 21024 39807 40145 51005 82830 333 60005 81830 90710 91107 93100=
07299,2008-12-02 18:00:00,-0.4,1014.7,0.3,85,-2.6,25000,5.556,7.408,,240,-0.4,5.4,0,0,,,,,,,og-post,,,,AAXX 02184 07299 02575 62403 11004 21026 39808 40147 52003 69902 85830 333 10054 21004 60007 81830 83643 90710 91104 93100 555 60005=
07299,2008-12-02 19:00:00,-0.7,1014.8,0.2,89,-2.3,25000,3.704,7.408,,270,,,0,,,,,,,,og-post,,,,AAXX 02194 07299 22575 62702 11007 21023 39808 40148 51002 85830 333 60005 81830 85650 85358 90710 91104 93100=
07299,2008-12-02 20:00:00,0.3,1014.2,-0.3,76,-3.4,22000,7.408,16.668,,200,,,0,,,,,,,,og-post,,,,AAXX 02204 07299 22572 22004 10003 21034 39804 40142 58003 81830 333 60005 81830 90710 91109 93100=
07299,2008-12-02 21:00:00,1.4,1014,-0.5,74,-2.7,25000,11.112,20.372,,230,,,0,0,,,,,,,og-post,,,,AAXX 02214 07299 22775 62306 10014 21027 39803 40140 58005 86500 333 60007 86650 90710 91111 93100 555 60005=
07299,2008-12-02 22:00:00,-1.1,1013.9,-0.9,81,-3.9,25000,9.26,22.224,,120,,,0,,,,,,,,og-post,,,,AAXX 02224 07299 22775 11205 11011 21039 39799 40139 57009 81500 333 60005 81650 90710 91112 93100=
07299,2008-12-02 23:00:00,-2.1,1013.4,-1.1,87,-4,25000,5.556,12.964,,150,,,0,,,,,,,,og-post,,,,AAXX 02234 07299 22775 11503 11021 21040 39793 40134 58011 81500 333 6///5 81656 90710 91107 93100=
07299,2008-12-03 00:00:00,-1.9,1012.4,-1.9,85,-4.1,25000,11.112,14.816,,160,,,0,0,0,,,,,,og-post,,,,AAXX 03004 07299 02775 11606 11019 21041 39784 40124 58019 6///1 81500 333 6///7 81650 90710 91108 93100 555 60005=
07299,2008-12-03 01:00:00,-2,1011.6,-2.3,84,-4.3,25000,12.964,18.52,,160,,,0,,,,,,,0,og-post,,,,AAXX 03014 07299 24975 /1607 11020 21043 39776 40116 58023 700// 333 60005 90710 91110=
07299,2008-12-03 02:00:00,-2.6,1010.3,-3,87,-4.5,29000,9.26,18.52,,150,,,0,,,,,,,0,og-post,,,,AAXX 03024 07299 24979 /1505 11026 21045 39763 40103 58030 700// 333 60005 90710 91110=
07299,2008-12-03 03:00:00,-1.8,1009,-3.3,84,-4.1,30000,11.112,14.816,,160,,,0,0,,,,,,2,og-post,,,,AAXX 03034 07299 21780 71606 11018 21041 39751 40090 58033 702// 8153/ 333 60007 81650 87363 90710 91108 93100 555 60005=
07299,2008-12-03 04:00:00,-1.4,1007.9,-3.5,79,-4.6,30000,9.26,16.668,,150,,,0,,,,,,,,og-post,,,,AAXX 03044 07299 22780 71505 11014 21046 39741 40079 56035 8157/ 333 60005 81650 87363 90710 91109 93100=
07299,2008-12-03 05:00:00,-2,1006.6,-3.5,83,-4.5,28000,7.408,16.668,,160,,,0,,,,,,,,og-post,,,,AAXX 03054 07299 22778 71604 11020 21045 39728 40066 58035 81531 333 60005 81650 85363 87073 90710 91109 93100=
07299,2008-12-03 06:00:00,-1.3,1005.7,-3.1,81,-4.1,30000,12.964,22.224,,160,-3.3,1.8,0,0,,,0,2.2,-6,1,og-post,,,,AAXX 03064 07299 01780 71607 11013 21041 39720 40057 56031 60002 701// 81531 333 10018 21033 34106 55022 60007 79999 81650 83363 87073 90710 91112 93100 555 60005=
07299,2008-12-03 07:00:00,-0.6,1004.9,-2.8,77,-4.1,25000,11.112,18.52,,140,,,0,,,,,,,,og-post,,,,AAXX 03074 07299 22775 71406 11006 21041 39713 40049 56028 8157/ 333 60005 81656 83360 87365 90710 91110 93100=
07299,2008-12-03 08:00:00,0.3,1003.9,-2.4,74,-3.8,25000,5.556,18.52,,150,,,0,,,,,,,,og-post,,,,AAXX 03084 07299 22775 61503 10003 21038 39704 40039 58024 81541 333 60005 81650 83359 85076 90710 91110 93100=
07299,2008-12-03 09:00:00,1.5,1003.3,-2,73,-2.8,25000,5.556,11.112,,190,,,0,0,,,,,,,og-post,,,,AAXX 03094 07299 22775 71903 10015 21028 39700 40033 56020 81541 333 60007 81650 85357 85075 90710 91106 93100 555 60005=
07299,2008-12-03 10:00:00,4.3,1002.3,-1.9,57,-3.5,25000,9.26,12.964,,180,,,0,,,,,,,,og-post,,,,AAXX 03104 07299 22775 71805 10043 21035 39694 40023 56019 875// 333 60005 87650 90710 91107 93100=
07299,2008-12-03 11:00:00,4.8,1001.4,-1.9,55,-3.5,25000,1.852,11.112,,100,,,0,,,,,,,,og-post,,,,AAXX 03114 07299 22675 71001 10048 21035 39685 40014 58019 875// 333 60005 87646 90710 91106 93100=
07299,2008-12-03 12:00:00,5.6,1001.1,-1.7,55,-2.7,20000,5.556,11.112,,100,,,0,0,,,,,,14,og-post,,,,AAXX 03124 07299 01670 71003 10056 21027 39683 40011 56017 60001 71422 875// 333 60007 87643 90710 91106 93100 555 60005=
07299,2008-12-03 13:00:00,5.6,1001.1,-1,60,-1.6,20000,7.408,11.112,,160,,,0,,,,,,,,og-post,,,,AAXX 03134 07299 22670 71604 10056 21016 39684 40011 55010 875// 333 60005 87643 90710 91106 93100=
07299,2008-12-03 14:00:00,4.8,1001.3,-0,68,-0.6,20000,9.26,14.816,,140,,,0.2,,,,,,,60,og-post,,,,AAXX 03144 07299 21670 71405 10048 21006 39685 40013 55000 76062 875// 333 69925 87639 90710 91108 93100=
07299,2008-12-03 15:00:00,4.5,1002,0.8,69,-0.7,20000,7.408,12.964,,160,,,,0.2,,,,,,60,og-post,,,,AAXX 03154 07299 21670 71604 10045 21007 39691 40020 53008 76062 875// 333 69927 87636 90710 91107 93100 555 69905=
07299,2008-12-03 16:00:00,4.5,1002.3,1,72,-0.1,20000,9.26,16.668,,160,,,,,,,,,,21,og-post,,,,AAXX 03164 07299 21670 71605 10045 21001 39694 40023 53010 72162 875// 333 69905 87633 90710 91109 93100=
07299,2008-12-03 17:00:00,3.9,1003.7,2.2,71,-0.9,20000,1.852,16.668,,220,,,,,,,,,,21,og-post,,,,AAXX 03174 07299 21670 72201 10039 21009 39707 40037 53022 72162 875// 333 69905 87636 90710 91109 93100=
07299,2008-12-03 18:00:00,3.5,1005,2.8,83,0.9,15000,5.556,7.408,,210,-1.4,5.8,,,,0.2,,,,60,og-post,,,,AAXX 03184 07299 01665 82103 10035 20009 39719 40050 53028 69922 76062 885// 333 10058 21014 69907 85633 87656 90710 91104 93100 555 69905=
07299,2008-12-03 19:00:00,5.1,1005.6,3.3,89,3.4,15000,9.26,27.78,,200,,,0.6,,,,,,,60,og-post,,,,AAXX 03194 07299 21765 82005 10051 20034 39727 40056 51033 76066 885// 333 69965 83650 87656 90710 91115 93100=
07299,2008-12-03 20:00:00,3.7,1006,2.2,91,2.4,20000,9.26,14.816,,110,,,,,,,,,,21,og-post,,,,AAXX 03204 07299 21570 81105 10037 20024 39729 40060 51022 72162 8383/ 333 69905 81826 83650 87362 90710 91108 93100=
07299,2008-12-03 21:00:00,3.3,1006.3,1.2,91,2,15000,3.704,12.964,,210,,,0,0.6,,,,,,3,og-post,,,,AAXX 03214 07299 21565 72102 10033 20020 39731 40063 51012 70362 878// 333 69967 82826 87635 90710 91107 93100 555 60005=
07299,2008-12-03 22:00:00,3.7,1006.4,0.6,91,2.4,15000,3.704,11.112,,180,,,0,,,,,,,,og-post,,,,AAXX 03224 07299 22565 71802 10037 20024 39733 40064 52006 878// 333 60005 81825 87634 90710 91106 93100=
07299,2008-12-03 23:00:00,4,1006.3,0.3,91,2.7,15000,11.112,16.668,,160,,,0,,,,,,,,og-post,,,,AAXX 03234 07299 22565 71606 10040 20027 39732 40063 51003 878// 333 60005 81825 87633 90710 91109 93100=
07299,2008-12-04 00:00:00,4,1006.6,0.4,91,2.7,15000,5.556,14.816,,150,,,0,0,0.6,,,,,1,og-post,,,,AAXX 04004 07299 01565 71503 10040 20027 39735 40066 53004 69961 70162 878// 333 60007 81825 87639 90710 91108 93100 555 60005=
07299,2008-12-04 01:00:00,3.8,1006.5,0.1,93,2.8,11000,1.852,7.408,,130,,,0,,,,,,,0,og-post,,,,AAXX 04014 07299 24561 81301 10038 20028 39734 40065 52001 700// 333 60005 90710 91104=
07299,2008-12-04 02:00:00,3.6,1006.6,0.3,94,2.7,10000,,7.408,,,,,0,,,,,,,0,og-post,,,,AAXX 04024 07299 24560 80000 10036 20027 39735 40066 51003 700// 333 60005 90710 91104=
07299,2008-12-04 03:00:00,3.1,1006.4,-0.3,94,2.2,12000,7.408,12.964,,150,,,0,0,,,,,,0,og-post,,,,AAXX 04034 07299 21562 71504 10031 20022 39732 40064 58003 700// 875// 333 60007 87628 90710 91107 93100 555 60005=
07299,2008-12-04 04:00:00,3.3,1006.6,-0,95,2.6,25000,7.408,9.26,,170,,,0,,,,,,,,og-post,,,,AAXX 04044 07299 22575 71704 10033 20026 39734 40066 55000 875// 333 60005 87630 90710 91105 93100=
07299,2008-12-04 05:00:00,1.9,1005.7,-1.1,96,1.3,18000,11.112,16.668,,170,,,0,,,,,,,,og-post,,,,AAXX 04054 07299 22568 31706 10019 20013 39724 40057 58011 81532 333 60005 81630 83073 90710 91109 93100=
07299,2008-12-04 06:00:00,1.5,1005.4,-1.2,94,0.6,15000,7.408,16.668,,170,1.5,5.3,0,0,,0.6,0.8,0.4,-0,3,og-post,,,,AAXX 04064 07299 01565 51704 10015 20006 39720 40054 58012 69962 703// 82532 333 10053 20015 32100 55004 60007 70008 82630 85073 90710 91109 93100 555 60005=
07299,2008-12-04 07:00:00,1.5,1004.4,-2.3,96,0.9,15000,7.408,11.112,,180,,,0,,,,,,,,og-post,,,,AAXX 04074 07299 22565 71804 10015 20009 39711 40044 56023 84832 333 60005 81826 84650 86073 90710 91106 93100=
07299,2008-12-04 08:00:00,1.7,1004.5,-1.2,95,1,15000,9.26,14.816,,170,,,0,,,,,,,,og-post,,,,AAXX 04084 07299 22565 71705 10017 20010 39712 40045 55012 82832 333 60005 81826 86072 90710 91108 93100=
07299,2008-12-04 09:00:00,3.1,1004.1,-1,91,1.8,15000,11.112,14.816,,180,,,0,0,,,,,,,og-post,,,,AAXX 04094 07299 22565 71806 10031 20018 39710 40041 56010 83832 333 60007 81826 83650 86072 90710 91108 93100 555 60005=
07299,2008-12-04 10:00:00,3.9,1003.3,-0.8,89,2.3,20000,9.26,18.52,,170,,,0,,,,,,,,og-post,,,,AAXX 04104 07299 22570 71705 10039 20023 39703 40033 58008 83872 333 60005 81830 83656 85368 90710 91110 93100=
07299,2008-12-04 11:00:00,4.2,1001.4,-2.7,89,2.5,20000,7.408,12.964,,150,,,0,,,,,,,,og-post,,,,AAXX 04114 07299 22570 71504 10042 20025 39685 40014 58027 8587/ 333 60005 81830 85656 87363 90710 91107 93100=
07299,2008-12-04 12:00:00,5.6,999.1,-4.6,79,2.2,20000,16.668,27.78,,110,,,0,0,,,,,,,og-post,,,,AAXX 04124 07299 02570 71109 10056 20022 39664 49991 58046 60001 8487/ 333 60007 81830 84656 87358 90710 91115 93100 555 60005=
07299,2008-12-04 13:00:00,7.7,997,-5.7,69,2.4,30000,9.26,25.928,,110,,,0,,,,,,,,og-post,,,,AAXX 04134 07299 22580 71105 10077 20024 39646 49970 57057 8387/ 333 60005 81826 83657 87360 90710 91114 93100=
07299,2008-12-04 14:00:00,9.4,995.4,-5.2,54,0.5,30000,20.372,35.188,,190,,,0,,,,,,,,og-post,,,,AAXX 04144 07299 22580 71911 10094 20005 39633 49954 56052 878// 333 60005 81826 83650 87656 90710 91119 93100=
07299,2008-12-04 15:00:00,8.8,994.6,-4,62,1.9,30000,24.076,48.152,,210,,,,,,,,,,60,og-post,,,,AAXX 04154 07299 21580 72113 10088 20019 39624 49946 56040 76062 878// 333 69907 81826 87650 90710 91126 93100 555 69905=
07299,2008-12-04 16:00:00,7.2,994.7,-2.2,80,4,10000,12.964,68.524,,190,,,1,,,,,,,61,og-post,,,,AAXX 04164 07299 21560 71907 10072 20040 39624 49947 56022 76166 878// 333 60015 81826 87646 90710 91137 93100=
07299,2008-12-04 17:00:00,7.5,994.6,-1,78,3.9,10000,5.556,29.632,,190,,,1,,,,,,,21,og-post,,,,AAXX 04174 07299 21560 71903 10075 20039 39623 49946 56010 72162 878// 333 60015 81826 87646 90710 91116 93100=
07299,2008-12-04 18:00:00,7.7,994.4,-0.3,76,3.7,13000,3.704,25.928,,70,0.9,9.6,0,2,,2,,,,3,og-post,,,,AAXX 04184 07299 01563 70702 10077 20037 39621 49944 58003 60022 70362 878// 333 10096 20009 60027 81826 87640 90710 91114 93100 555 60005=
07299,2008-12-04 19:00:00,8,993.7,-0.9,72,3.3,13000,12.964,22.224,,130,,,,,,,,,,60,og-post,,,,AAXX 04194 07299 21563 71307 10080 20033 39615 49937 58009 76062 878// 333 69905 81826 87642 90710 91112 93100=
07299,2008-12-04 20:00:00,7.1,993.1,-1.5,80,3.9,20000,9.26,18.52,,120,,,,,,,,,,60,og-post,,,,AAXX 04204 07299 21570 71205 10071 20039 39608 49931 58015 76066 878// 333 69905 81826 87642 90710 91110 93100=
07299,2008-12-04 21:00:00,7.5,992.4,-1.9,75,3.4,20000,7.408,18.52,,110,,,,,,,,,,1,og-post,,,,AAXX 04214 07299 21570 81104 10075 20034 39602 49924 57019 70162 878// 333 69907 81826 87646 90710 91110 93100 555 69905=
07299,2008-12-04 22:00:00,7.5,992,-1.7,76,3.5,15000,11.112,20.372,,200,,,0.8,,,,,,,60,og-post,,,,AAXX 04224 07299 21565 82006 10075 20035 39598 49920 56017 76062 878// 333 69985 81830 87642 90710 91111 93100=
07299,2008-12-04 23:00:00,5.8,992.4,-0.8,87,3.8,4000,12.964,29.632,,260,,,5,,,,,,,63,og-post,,,,AAXX 04234 07299 21540 82607 10058 20038 39600 49924 55008 76366 878// 333 60055 83820 87625 90710 91116 93100=
07299,2008-12-05 00:00:00,4.5,993.1,0.3,93,3.5,9000,7.408,25.928,,340,,,2,7,7,,,,,61,og-post,,,,AAXX 05004 07299 01559 83404 10045 20035 39605 49931 53003 60071 761// 878// 333 60077 81820 83625 87641 90710 91114 93100 555 60025=
07299,2008-12-05 01:00:00,4.6,993.5,1.1,96,4,15000,5.556,12.964,,80,,,1,,,,,,,60,og-post,,,,AAXX 05014 07299 24565 80803 10046 20040 39609 49935 53011 760// 333 60015 90710 91107=
07299,2008-12-05 02:00:00,6,993.3,0.9,87,4,60000,11.112,22.224,,220,,,0.2,,,,,,,0,og-post,,,,AAXX 05024 07299 24586 82206 10060 20040 39609 49933 51009 700// 333 69925 90710 91112=
07299,2008-12-05 03:00:00,6.2,992.9,0,83,3.5,20000,3.704,14.816,,160,,,,1,,,,,,60,og-post,,,,AAXX 05034 07299 21570 71602 10062 20035 39605 49929 50000 760// 8387/ 333 60017 81830 83643 85357 90710 91108 93100 555 69905=
07299,2008-12-05 04:00:00,6,992.7,-0.6,85,3.7,20000,5.556,18.52,,160,,,0.2,,,,,,,60,og-post,,,,AAXX 05044 07299 21570 71603 10060 20037 39603 49927 58006 76066 838// 333 69925 81830 87643 90710 91110 93100=
07299,2008-12-05 05:00:00,5.9,992.9,-0.4,81,2.9,20000,5.556,18.52,,180,,,0.2,,,,,,,60,og-post,,,,AAXX 05054 07299 21570 51803 10059 20029 39605 49929 55004 76061 85800 333 69925 81830 85650 90710 91110 93100=
07299,2008-12-05 06:00:00,6,993.2,0.3,81,3,20000,5.556,18.52,,180,4.4,8.6,,0.4,,9,11,0.1,3,60,og-post,,,,AAXX 05064 07299 01570 71803 10060 20030 39608 49932 53003 60092 760// 878// 333 10086 20044 32003 55001 69947 70110 81830 87636 90710 91110 93100 555 69905=
07299,2008-12-05 07:00:00,5.7,993.8,1,89,4,20000,3.704,11.112,,80,,,,,,,,,,21,og-post,,,,AAXX 05074 07299 21570 80802 10057 20040 39613 49938 53010 72162 878// 333 69905 81820 87633 90710 91106 93100=
07299,2008-12-05 08:00:00,6.7,994.2,1.3,83,4,11000,27.78,61.116,,210,,,1,,,,,,,80,og-post,,,,AAXX 05084 07299 21461 82115 10067 20040 39618 49942 53013 78086 878// 333 60015 81815 87632 90710 91133 93100=
07299,2008-12-05 09:00:00,6.4,994.5,1.3,82,3.5,15000,16.668,44.448,,190,,,0.6,2,,,,,,25,og-post,,,,AAXX 05094 07299 21465 81909 10064 20035 39621 49945 51013 72586 8697/ 333 60027 81813 82920 85635 87369 90710 91124 93100 555 69965=
07299,2008-12-05 10:00:00,5.4,995.7,1.8,88,3.6,5000,31.484,55.56,55.56,220,,,2,,,,,,,81,og-post,,,,AAXX 05104 07299 21450 72217 10054 20036 39631 49957 53018 78186 879// 333 60025 81810 82920 83625 87633 91030 90710 91130 93100=
07299,2008-12-05 11:00:00,6.4,996.2,1.9,86,4.2,20000,11.112,40.744,,220,,,0.4,,,,,,,80,og-post,,,,AAXX 05114 07299 21470 72206 10064 20042 39637 49962 53019 78086 878// 333 69945 81710 83818 85632 90710 91122 93100=
07299,2008-12-05 12:00:00,8.4,996.6,2.2,72,3.6,45000,20.372,40.744,,210,,,0,2,4,,,,,25,og-post,,,,AAXX 05124 07299 01583 72111 10084 20036 39643 49966 51022 60041 72586 86801 333 60027 82821 85643 90710 91122 93100 555 60005=
07299,2008-12-05 13:00:00,9.4,996.4,1.2,67,3.6,50000,16.668,37.04,,190,,,0,,,,,,,,og-post,,,,AAXX 05134 07299 22584 71909 10094 20036 39643 49964 51012 86801 333 60005 82825 86645 90710 91120 93100=
07299,2008-12-05 14:00:00,8.1,996.5,0.5,68,2.5,30000,16.668,44.448,,210,,,0,,,,,,,16,og-post,,,,AAXX 05144 07299 21580 72109 10081 20025 39642 49965 51005 71622 85831 333 60005 81823 85645 85075 90710 91124 93100=
07299,2008-12-05 15:00:00,8.6,996.6,0.1,65,2.4,40000,14.816,27.78,,200,,,0,0,,,,,,15,og-post,,,,AAXX 05154 07299 21582 82008 10086 20024 39644 49966 53001 71522 879// 333 60007 81823 81925 86641 90710 91115 93100 555 60005=
07299,2008-12-05 16:00:00,5.7,997.8,0.9,86,3.5,8000,25.928,62.968,,220,,,2,,,,,,,81,og-post,,,,AAXX 05164 07299 21458 82214 10057 20035 39652 49978 53009 78186 879// 333 60025 81815 83925 87638 90710 91134 93100=
07299,2008-12-05 17:00:00,5.9,998.2,1.4,87,3.9,12000,7.408,31.484,,180,,,0.8,,,,,,,80,og-post,,,,AAXX 05174 07299 21462 81804 10059 20039 39656 49982 53014 78086 879// 333 69985 81815 82923 85632 86656 90710 91117 93100=
07299,2008-12-05 18:00:00,4.6,998.8,1.6,88,2.8,11000,14.816,57.412,,180,4.5,9.4,3,5,,9,,,,25,og-post,,,,AAXX 05184 07299 01461 71808 10046 20028 39660 49988 51016 60092 72582 85931 333 10094 20045 60057 81813 82923 84640 90710 91131 93100 555 60035=
07299,2008-12-05 19:00:00,5.4,999.6,1.7,86,3.2,6000,12.964,38.892,,180,,,0.8,,,,,,,81,og-post,,,,AAXX 05194 07299 21456 81807 10054 20032 39669 49996 53017 78186 879// 333 69985 81813 83923 86631 90710 91121 93100=
07299,2008-12-05 20:00:00,5.8,999.6,1.4,83,3.1,18000,25.928,57.412,,200,,,1,,,,,,,80,og-post,,,,AAXX 05204 07299 21568 82014 10058 20031 39670 49996 51014 78088 879// 333 60015 81823 86646 88650 90710 91131 93100=
07299,2008-12-05 21:00:00,6,1000.7,2,84,3.5,18000,33.336,59.264,55.56,220,,,,2,,,,,,25,og-post,,,,AAXX 05214 07299 21568 82218 10060 20035 39680 40007 53020 72586 879// 333 60027 82826 84636 87656 91030 90710 91132 93100 555 69905=
07299,2008-12-05 22:00:00,6,1002.3,2.7,81,3,18000,9.26,48.152,,210,,,0,,,,,,,,og-post,,,,AAXX 05224 07299 22568 82105 10060 20030 39696 40023 53027 878// 333 60005 83826 87630 90710 91126 93100=
07299,2008-12-05 23:00:00,6.1,1003.8,4,80,2.9,18000,9.26,27.78,,190,,,0.2,,,,,,,,og-post,,,,AAXX 05234 07299 22568 81905 10061 20029 39710 40038 53040 878// 333 69925 85824 87631 87646 90710 91115 93100=
07299,2008-12-06 00:00:00,5.5,1005,4.1,82,2.7,18000,14.816,31.484,,220,,,0,0.2,2,,,,,3,og-post,,,,AAXX 06004 07299 01568 82208 10055 20027 39721 40050 51041 60021 70386 878// 333 69927 84822 87637 90710 91117 93100 555 60005=
07299,2008-12-06 01:00:00,5.3,1005.6,3.1,82,2.5,19000,12.964,29.632,,180,,,0,,,,,,,0,og-post,,,,AAXX 06014 07299 24569 81807 10053 20025 39727 40056 51031 700// 333 60005 90710 91116=
07299,2008-12-06 02:00:00,5.6,1006.3,2.4,81,2.6,60000,7.408,31.484,,190,,,0,,,,,,,0,og-post,,,,AAXX 06024 07299 24586 81904 10056 20026 39734 40063 51024 700// 333 60005 90710 91117=
07299,2008-12-06 03:00:00,4,1006.3,1.1,87,2,20000,11.112,35.188,,180,,,0.2,0.2,,,,,,2,og-post,,,,AAXX 06034 07299 21570 81806 10040 20020 39732 40063 50011 702// 878// 333 69927 82833 83650 87365 90710 91119 93100 555 69925=
07299,2008-12-06 04:00:00,3,1006.6,0.7,90,1.5,20000,7.408,14.816,,100,,,,,,,,,,25,og-post,,,,AAXX 06044 07299 21570 81004 10030 20015 39734 40066 51007 72586 878// 333 69905 84832 87650 87365 90710 91108 93100=
07299,2008-12-06 05:00:00,4.9,1006.7,0.3,81,1.9,15000,12.964,25.928,,210,,,,,,,,,,25,og-post,,,,AAXX 06054 07299 21665 82107 10049 20019 39737 40067 53003 72586 878// 333 69905 83836 84640 87650 90710 91114 93100=
07299,2008-12-06 06:00:00,5.4,1006.7,0.6,78,1.9,20000,7.408,18.52,,160,2.4,6.5,0,,,2,10.8,1.3,1,3,og-post,,,,AAXX 06064 07299 01570 81604 10054 20019 39738 40067 51006 60022 703// 878// 333 10065 20024 32001 55013 69907 70108 82833 85640 87656 90710 91110 93100 555 60005=
07299,2008-12-06 07:00:00,5.5,1006.9,0.6,81,2.5,20000,16.668,29.632,,190,,,0.2,,,,,,,25,og-post,,,,AAXX 06074 07299 21570 81909 10055 20025 39740 40069 51006 72522 888// 333 69925 83828 86640 88646 90710 91116 93100=
07299,2008-12-06 08:00:00,5.2,1007.5,0.8,87,3.2,12000,9.26,24.076,,130,,,0.4,,,,,,,25,og-post,,,,AAXX 06084 07299 21562 81305 10052 20032 39745 40075 53008 72522 878// 333 69945 83827 83633 85640 90710 91113 93100=
07299,2008-12-06 09:00:00,5.9,1008.1,1.4,81,2.9,15000,24.076,46.3,,210,,,0.2,0.8,,,,,,60,og-post,,,,AAXX 06094 07299 21565 82113 10059 20029 39752 40081 53014 76062 878// 333 69987 81820 85624 87640 90710 91125 93100 555 69925=
07299,2008-12-06 10:00:00,5.3,1008.9,1.9,84,2.8,19000,29.632,53.708,,220,,,0.4,,,,,,,61,og-post,,,,AAXX 06104 07299 24569 82216 10053 20028 39759 40089 53019 761// 333 69945 90710 91129=
07299,2008-12-06 11:00:00,5.5,1009.6,2.1,83,2.8,11000,20.372,44.448,,230,,,,,,,,,,25,og-post,,,,AAXX 06114 07299 21461 72311 10055 20028 39766 40096 52021 72586 8527/ 333 69905 81818 85833 86359 90710 91124 93100=
07299,2008-12-06 12:00:00,7.3,1010.1,2.1,79,3.9,25000,20.372,48.152,,230,,,0,0.4,1,,,,,25,og-post,,,,AAXX 06124 07299 01475 72311 10073 20039 39773 40101 52021 60011 72586 8587/ 333 69947 84819 85359 90710 91126 93100 555 60005=
07299,2008-12-06 13:00:00,5.9,1010.9,2,85,3.6,12000,18.52,35.188,,240,,,,,,,,,,80,og-post,,,,AAXX 06134 07299 21462 82410 10059 20036 39779 40109 51020 78086 878// 333 69905 85819 87631 90710 91119 93100=
07299,2008-12-06 14:00:00,5.9,1011.8,2.2,84,3.4,15000,20.372,33.336,,230,,,0.2,,,,,,,25,og-post,,,,AAXX 06144 07299 21465 72311 10059 20034 39788 40118 53022 72586 878// 333 69925 85816 87636 90710 91118 93100=
07299,2008-12-06 15:00:00,5.2,1013,2.5,88,3.4,11000,12.964,31.484,,230,,,,0.2,,,,,,80,og-post,,,,AAXX 06154 07299 21461 72307 10052 20034 39798 40130 53025 78086 879// 333 69927 85818 82923 85636 87656 90710 91117 93100 555 69905=
07299,2008-12-06 16:00:00,5,1013.8,2.7,86,2.9,20000,22.224,31.484,,240,,,,,,,,,,25,og-post,,,,AAXX 06164 07299 21470 72412 10050 20029 39806 40138 52027 72586 8686/ 333 69905 82818 83650 90710 91117 93100=
07299,2008-12-06 17:00:00,4.5,1015.2,3.1,87,2.5,20000,14.816,29.632,,240,,,0,,,,,,,,og-post,,,,AAXX 06174 07299 22470 62408 10045 20025 39819 40152 53031 8586/ 333 60005 82818 85650 90710 91116 93100=
07299,2008-12-06 18:00:00,4.8,1016.3,3.2,86,2.7,20000,14.816,33.336,,230,4.4,7.4,0,,,1,,,,3,og-post,,,,AAXX 06184 07299 01470 72308 10048 20027 39830 40163 53032 60012 70386 878// 333 10074 20044 69907 82818 87656 90710 91118 93100 555 60005=
07299,2008-12-06 19:00:00,4.8,1017.2,3.3,87,2.8,20000,18.52,33.336,,230,,,0,,,,,,,,og-post,,,,AAXX 06194 07299 22470 72310 10048 20028 39839 40172 51033 878// 333 60005 82818 83636 87656 90710 91118 93100=
07299,2008-12-06 20:00:00,4.7,1017.9,2.6,86,2.6,25000,20.372,35.188,,230,,,0,,,,,,,,og-post,,,,AAXX 06204 07299 22575 72311 10047 20026 39845 40179 51026 878// 333 60005 81820 87649 90710 91119 93100=
07299,2008-12-06 21:00:00,4.7,1018.8,2.4,85,2.4,25000,24.076,35.188,,240,,,0,0,,,,,,,og-post,,,,AAXX 06214 07299 22575 72413 10047 20024 39854 40188 52024 878// 333 60007 81820 87649 90710 91119 93100 555 60005=
07299,2008-12-06 22:00:00,4.6,1019.1,1.8,86,2.5,25000,20.372,35.188,,220,,,0,,,,,,,,og-post,,,,AAXX 06224 07299 22575 72211 10046 20025 39857 40191 51018 878// 333 60005 81820 87650 90710 91119 93100=
07299,2008-12-06 23:00:00,4.5,1020.3,2.3,86,2.4,25000,12.964,29.632,,220,,,0,,,,,,,,og-post,,,,AAXX 06234 07299 22575 72207 10045 20024 39868 40203 53023 8587/ 333 60005 81820 85650 87357 90710 91116 93100=
07299,2008-12-07 00:00:00,4.4,1020.5,1.6,84,1.9,22000,5.556,18.52,,210,,,0,0,,,,,,14,og-post,,,,AAXX 07004 07299 01572 72103 10044 20019 39870 40205 51016 60001 71422 8387/ 333 60007 81820 83650 87358 90710 91110 93100 555 60005=
07299,2008-12-07 01:00:00,4.6,1020.9,1.7,83,2,30000,11.112,18.52,,230,,,0,,,,,,,0,og-post,,,,AAXX 07014 07299 24780 82306 10046 20020 39874 40209 51017 700// 333 60005 90710 91110=
07299,2008-12-07 02:00:00,4.5,1021.5,1.2,84,2,50000,9.26,20.372,,200,,,0,,,,,,,0,og-post,,,,AAXX 07024 07299 24484 82005 10045 20020 39880 40215 53012 700// 333 60005 90710 91111=
07299,2008-12-07 03:00:00,4.3,1022.1,1.5,86,2.2,16000,11.112,16.668,,220,,,0,0,,,,,,15,og-post,,,,AAXX 07034 07299 21466 82206 10043 20022 39885 40221 53015 71522 8687/ 333 60007 81815 84628 86650 90710 91109 93100 555 60005=
07299,2008-12-07 04:00:00,4.4,1022.5,1.5,85,2.1,15000,16.668,27.78,,220,,,0,,,,,,,16,og-post,,,,AAXX 07044 07299 21465 82209 10044 20021 39889 40225 51015 71622 8687/ 333 60005 82815 83628 85650 90710 91115 93100=
07299,2008-12-07 05:00:00,4,1022.8,1.2,86,1.9,20000,16.668,25.928,,240,,,,,,,,,,21,og-post,,,,AAXX 07054 07299 21470 62409 10040 20019 39892 40228 51012 72122 84870 333 69905 81815 84650 86360 90710 91114 93100=
07299,2008-12-07 06:00:00,3.8,1023.9,1.7,87,1.8,25000,3.704,27.78,,170,3.7,4.9,0,,,,1.4,0.3,3,3,og-post,,,,AAXX 07064 07299 01475 71702 10038 20018 39902 40239 53017 69902 70362 8687/ 333 10049 20037 32003 55003 69907 70014 81811 86650 87359 90710 91115 93100 555 60005=
07299,2008-12-07 07:00:00,2.8,1024.8,2.1,88,1,25000,1.852,18.52,,260,,,0,,,,,,,,og-post,,,,AAXX 07074 07299 22475 62601 10028 20010 39910 40248 53021 85830 333 60005 81811 85650 85359 90710 91110 93100=
07299,2008-12-07 08:00:00,3.7,1025.5,2.5,86,1.6,20000,1.852,14.816,,70,,,0,,,,,,,,og-post,,,,AAXX 07084 07299 22470 30701 10037 20016 39917 40255 51025 83800 333 60005 81811 83650 90710 91108 93100=
07299,2008-12-07 09:00:00,4.3,1026.3,2.4,86,2.2,15000,3.704,7.408,,340,,,0,0,,,,,,,og-post,,,,AAXX 07094 07299 22465 73402 10043 20022 39926 40263 53024 878// 333 60007 82813 85620 87650 90710 91104 93100 555 60005=
07299,2008-12-07 10:00:00,4.6,1026.8,2.1,87,2.6,18000,5.556,7.408,,190,,,0,,,,,,,,og-post,,,,AAXX 07104 07299 22468 71903 10046 20026 39931 40268 51021 878// 333 60005 81816 87630 90710 91104 93100=
07299,2008-12-07 11:00:00,5.4,1026.7,1.4,82,2.6,20000,3.704,9.26,,220,,,0,,,,,,,,og-post,,,,AAXX 07114 07299 22570 72202 10054 20026 39931 40267 51014 878// 333 60005 81820 87640 90710 91105 93100=
07299,2008-12-07 12:00:00,5.8,1026.6,0.5,77,2.1,18000,3.704,7.408,,340,,,0,0,,,,,,,og-post,,,,AAXX 07124 07299 02568 73402 10058 20021 39931 40266 51005 60001 878// 333 60007 82820 87640 90710 91104 93100 555 60005=
07299,2008-12-07 13:00:00,6.6,1026.7,0.2,75,2.5,18000,7.408,14.816,,340,,,0,,,,,,,,og-post,,,,AAXX 07134 07299 22568 73404 10066 20025 39933 40267 53002 878// 333 60005 81823 87640 90710 91108 93100=
07299,2008-12-07 14:00:00,5.8,1027.2,0.5,79,2.4,20000,9.26,14.816,,320,,,0,,,,,,,,og-post,,,,AAXX 07144 07299 22570 73205 10058 20024 39936 40272 53005 878// 333 60005 81826 87643 90710 91108 93100=
07299,2008-12-07 15:00:00,5,1027.6,0.8,80,1.8,20000,9.26,16.668,,310,,,0,0,,,,,,,og-post,,,,AAXX 07154 07299 22570 73105 10050 20018 39939 40276 53008 878// 333 60007 81820 87643 90710 91109 93100 555 60005=
07299,2008-12-07 16:00:00,3.8,1028.1,1,86,1.7,20000,7.408,14.816,,320,,,0,,,,,,,,og-post,,,,AAXX 07164 07299 22570 73204 10038 20017 39943 40281 53010 878// 333 60005 81823 87646 90710 91108 93100=
07299,2008-12-07 17:00:00,2.8,1028.7,1.1,91,1.5,20000,7.408,11.112,,310,,,0,,,,,,,,og-post,,,,AAXX 07174 07299 22570 23104 10028 20015 39947 40287 53011 82800 333 60005 81823 90710 91106 93100=
07299,2008-12-07 18:00:00,2.1,1029.3,1.3,94,1.2,18000,5.556,11.112,,330,1.5,6.7,0,0,,,,,,,og-post,,,,AAXX 07184 07299 02568 23303 10021 20012 39952 40293 53013 60002 82800 333 10067 20015 60007 81823 90710 91106 93100 555 60005=
07299,2008-12-07 19:00:00,0.1,1030.2,1.5,93,-0.9,8000,3.704,5.556,,290,,,0,,,,,,,,og-post,,,,AAXX 07194 07299 22658 22902 10001 21009 39958 40302 53015 82500 333 60005 82643 90710 91103 93100=
07299,2008-12-07 20:00:00,-0.9,1030.2,1,95,-1.6,5000,1.852,5.556,,200,,,0,,,,,,,11,og-post,,,,AAXX 07204 07299 21650 12001 11009 21016 39957 40302 51010 71100 81500 333 60005 81643 90710 91103 93100=
07299,2008-12-07 21:00:00,-1.3,1030.4,0.7,96,-1.9,2800,,,,,,,0,0,,,,,,11,og-post,,,,AAXX 07214 07299 21928 00000 11013 21019 39959 40304 51007 71100 333 60007 90710 91100 93100 555 60005=
07299,2008-12-07 22:00:00,-1.1,1030.3,-0,97,-1.5,3000,3.704,5.556,,220,,,0,,,,,,,11,og-post,,,,AAXX 07224 07299 21230 42202 11011 21015 39958 40303 54000 71100 84500 333 60005 82706 83614 90710 91103 93100=
07299,2008-12-07 23:00:00,-2,1030.5,0.2,96,-2.6,400,,5.556,,,,,0,,,,,,,41,og-post,,,,AAXX 07234 07299 21204 40000 11020 21026 39959 40305 52002 74140 84500 333 60005 82706 83612 90710 91103 93100=
07299,2008-12-08 00:00:00,-2.3,1030.5,-0.1,97,-2.7,1200,1.852,5.556,,280,,,0,0,,,,,,10,og-post,,,,AAXX 08004 07299 01112 42801 11023 21027 39958 40305 57001 60001 71040 84600 333 60007 83702 90710 91103 93100 555 60005=
07299,2008-12-08 01:00:00,-0.5,1030.3,0.1,98,-0.8,100,1.852,7.408,,260,,,0,,,,,,,49,og-post,,,,AAXX 08014 07299 24/01 92601 11005 21008 39959 40303 52001 749// 333 60005 90710 91104=
07299,2008-12-08 02:00:00,-1.2,1030.6,0.2,98,-1.5,200,1.852,7.408,,180,,,0,,,,,,,49,og-post,,,,AAXX 08024 07299 24/02 91801 11012 21015 39961 40306 53002 749// 333 60005 90710 91104=
07299,2008-12-08 03:00:00,-1.2,1030.3,0,98,-1.5,200,3.704,7.408,,160,,,0,0,,,,,,49,og-post,,,,AAXX 08034 07299 21/02 91602 11012 21015 39958 40303 50000 749// 333 60007 90710 91104 555 60005=
07299,2008-12-08 04:00:00,-1.2,1030.3,-0.1,98,-1.5,100,1.852,5.556,,130,,,0,,,,,,,49,og-post,,,,AAXX 08044 07299 21/01 91301 11012 21015 39958 40303 58001 74944 333 60005 90710 91103=
07299,2008-12-08 05:00:00,-1.7,1030.3,-0.4,98,-2,100,1.852,7.408,,340,,,0,,,,,,,49,og-post,,,,AAXX 08054 07299 21/01 93401 11017 21020 39957 40303 56004 74944 333 60005 90710 91104=
07299,2008-12-08 06:00:00,-1.5,1030.3,-0.1,98,-1.8,100,1.852,5.556,,290,-2.7,2.5,0,0,,,0,0.8,-6,49,og-post,,,,AAXX 08064 07299 01/01 92901 11015 21018 39957 40303 54001 60002 749/4 333 10025 21027 34106 55008 60007 70000 90710 91103 555 60005=
07299,2008-12-08 07:00:00,-1.9,1030.2,-0.2,98,-2.2,100,,3.704,,,,,0,,,,,,,49,og-post,,,,AAXX 08074 07299 21/01 90000 11019 21022 39956 40302 57002 74944 333 60005 90710 91102=
07299,2008-12-08 08:00:00,-2,1030.2,-0.1,98,-2.3,100,3.704,5.556,,320,,,0,,,,,,,49,og-post,,,,AAXX 08084 07299 21/01 93202 11020 21023 39956 40302 57001 74944 333 60005 90710 91103 93100=
07299,2008-12-08 09:00:00,-2,1030,-0.3,98,-2.3,100,5.556,7.408,,320,,,0,0,,,,,,49,og-post,,,,AAXX 08094 07299 21/01 93203 11020 21023 39954 40300 58003 74944 333 60007 90710 91104 93100 555 60005=
07299,2008-12-08 10:00:00,-1.4,1029.7,-0.4,98,-1.7,100,7.408,9.26,,300,,,0,,,,,,,49,og-post,,,,AAXX 08104 07299 21/01 93004 11014 21017 39952 40297 58004 74944 333 60005 90710 91105 93100=
07299,2008-12-08 11:00:00,-0.4,1028.7,-1.3,98,-0.7,200,5.556,9.26,,310,,,0,,,,,,,49,og-post,,,,AAXX 08114 07299 21/02 93103 11004 21007 39943 40287 58013 74944 333 60005 90710 91105 93100=
07299,2008-12-08 12:00:00,2.7,1026.8,-2.5,99,2.6,10000,5.556,9.26,,110,,,0,0,,,,,,28,og-post,,,,AAXX 08124 07299 01060 41103 10027 20026 39929 40268 58025 60001 72841 81602 333 60007 81701 84073 90710 91105 93100 555 60005=
07299,2008-12-08 13:00:00,4.7,1025.8,-3.1,71,-0.1,30000,16.668,29.632,,70,,,0,,,,,,,,og-post,,,,AAXX 08134 07299 22180 60709 10047 21001 39921 40258 56031 81604 333 60005 81701 86073 90710 91116 93100=
07299,2008-12-08 14:00:00,4.5,1025.2,-2.8,70,-0.5,30000,16.668,31.484,,100,,,0,,,,,,,,og-post,,,,AAXX 08144 07299 22180 71009 10045 21005 39915 40252 56028 81604 333 60005 81702 87073 90710 91117 93100=
07299,2008-12-08 15:00:00,3.5,1025.2,-1.5,73,-0.9,25000,14.816,27.78,,110,,,0,0,,,,,,,og-post,,,,AAXX 08154 07299 22075 71108 10035 21009 39914 40252 56015 81602 333 60007 81701 87073 90710 91115 93100 555 60005=
07299,2008-12-08 16:00:00,1.6,1025.5,-0.6,80,-1.5,22000,3.704,18.52,,110,,,0,,,,,,,,og-post,,,,AAXX 08164 07299 22/72 71102 10016 21015 39915 40255 55006 80002 333 60005 87073 90710 91110 93100=
07299,2008-12-08 17:00:00,0.9,1025.5,-0.1,81,-2,18000,9.26,12.964,,140,,,0,,,,,,,,og-post,,,,AAXX 08174 07299 22/68 61405 10009 21020 39914 40255 57001 80001 333 60005 86073 90710 91107 93100=
07299,2008-12-08 18:00:00,-0.1,1025.4,-0.2,85,-2.3,18000,9.26,14.816,,120,-2.2,4.9,0,0,,,,,,,og-post,,,,AAXX 08184 07299 02/68 51205 11001 21023 39912 40254 58002 60002 80001 333 10049 21022 60007 85073 90710 91108 93100 555 60005=
07299,2008-12-08 19:00:00,-0.3,1025.1,-0.6,88,-2,17000,7.408,12.964,,120,,,0,,,,,,,,og-post,,,,AAXX 08194 07299 22/67 41204 11003 21020 39909 40251 58006 80001 333 60005 84073 90710 91107 93100=
07299,2008-12-08 20:00:00,-0.6,1024.6,-1.1,87,-2.5,15000,9.26,14.816,,130,,,0,,,,,,,,og-post,,,,AAXX 08204 07299 22/65 41305 11006 21025 39903 40246 58011 80001 333 60005 84073 90710 91108 93100=
07299,2008-12-08 21:00:00,-0.6,1024.1,-1.4,87,-2.5,15000,11.112,16.668,,110,,,0,0,,,,,,,og-post,,,,AAXX 08214 07299 22/65 41106 11006 21025 39898 40241 58014 80001 333 60007 84073 90710 91109 93100 555 60005=
07299,2008-12-08 22:00:00,-0.5,1023.3,-1.8,88,-2.2,10000,9.26,18.52,,130,,,0,,,,,,,,og-post,,,,AAXX 08224 07299 22/60 41305 11005 21022 39891 40233 57018 80001 333 60005 84073 90710 91110 93100=
07299,2008-12-08 23:00:00,-0.6,1023,-1.5,89,-2.2,9000,11.112,16.668,,150,,,0,,,,,,,,og-post,,,,AAXX 08234 07299 22/59 31506 11006 21022 39888 40230 56015 80001 333 60005 83073 90710 91109 93100=
07299,2008-12-09 00:00:00,-1,1022.7,-1.4,90,-2.4,9000,11.112,14.816,,140,,,0,0,,,,,,,og-post,,,,AAXX 09004 07299 02/59 21406 11010 21024 39884 40227 56014 60001 80001 333 60007 82073 90710 91108 93100 555 60005=
07299,2008-12-09 01:00:00,-0.9,1022,-1.3,90,-2.3,6000,12.964,18.52,,150,,,0,,,,,,,0,og-post,,,,AAXX 09014 07299 24956 /1507 11009 21023 39878 40220 58013 700// 333 60005 90710 91110=
07299,2008-12-09 02:00:00,-1.3,1021.8,-1.3,90,-2.7,6000,9.26,16.668,,150,,,0,,,,,,,0,og-post,,,,AAXX 09024 07299 24956 /1505 11013 21027 39875 40218 56013 700// 333 60005 90710 91109=
07299,2008-12-09 03:00:00,-1.5,1021.4,-1.3,91,-2.8,8000,11.112,14.816,,150,,,0,0,,,,,,0,og-post,,,,AAXX 09034 07299 21958 21506 11015 21028 39871 40214 56013 700// 80001 333 60007 82073 90710 91108 93100 555 60005=
07299,2008-12-09 04:00:00,-2,1021.3,-0.8,92,-3.1,8000,9.26,18.52,,150,,,0,,,,,,,,og-post,,,,AAXX 09044 07299 22958 21505 11020 21031 39870 40213 56008 80001 333 60005 82073 90710 91110 93100=
07299,2008-12-09 05:00:00,-1.9,1021.2,-0.6,91,-3.2,8000,11.112,14.816,,150,,,0,,,,,,,,og-post,,,,AAXX 09054 07299 22958 21506 11019 21032 39869 40212 56006 80001 333 60005 82073 90710 91108 93100=
07299,2008-12-09 06:00:00,-1.8,1021.2,-0.2,90,-3.2,8000,11.112,18.52,,130,-2.5,0,0,0,,,0,3.6,-4,3,og-post,,,,AAXX 09064 07299 01958 31306 11018 21032 39869 40212 56002 60002 703// 80001 333 10000 21025 34104 55036 60007 70000 83073 90710 91110 93100 555 60005=
07299,2008-12-09 07:00:00,-1.8,1021,-0.3,89,-3.4,8000,7.408,20.372,,140,,,0,,,,,,,,og-post,,,,AAXX 09074 07299 22958 71404 11018 21034 39867 40210 57003 80001 333 60005 87073 90710 91111 93100=
07299,2008-12-09 08:00:00,-0.9,1020.7,-0.4,89,-2.5,8000,12.964,18.52,,130,,,0,,,,,,,,og-post,,,,AAXX 09084 07299 22958 71307 11009 21025 39865 40207 58004 81031 333 60005 81361 87073 90710 91110 93100=
07299,2008-12-09 09:00:00,0.4,1020.2,-0.7,84,-2,12000,16.668,20.372,,130,,,0,0,,,,,,,og-post,,,,AAXX 09094 07299 22962 71309 10004 21020 39862 40202 58007 81031 333 60007 81361 87073 90710 91111 93100 555 60005=
07299,2008-12-09 10:00:00,2.2,1019.6,-0.9,77,-1.4,6000,14.816,20.372,,120,,,0,,,,,,,,og-post,,,,AAXX 09104 07299 22956 71208 10022 21014 39858 40196 58009 82031 333 60005 82361 87073 90710 91111 93100=
07299,2008-12-09 11:00:00,4.1,1018.3,-1.7,73,-0.3,15000,14.816,22.224,,120,,,0,,,,,,,,og-post,,,,AAXX 09114 07299 22965 71208 10041 21003 39848 40183 58017 84032 333 60005 84361 87070 90710 91112 93100=
07299,2008-12-09 12:00:00,4.5,1017.4,-2.2,70,-0.5,16000,11.112,24.076,,120,,,0,0,,,,,,,og-post,,,,AAXX 09124 07299 02766 71206 10045 21005 39840 40174 58022 60001 81572 333 60007 81650 84361 87070 90710 91113 93100 555 60005=
07299,2008-12-09 13:00:00,5.3,1016.5,-2.6,68,-0.1,16000,1.852,14.816,,310,,,0,,,,,,,,og-post,,,,AAXX 09134 07299 22666 73101 10053 21001 39832 40165 56026 81572 333 60005 84648 84361 87070 90710 91108 93100=
07299,2008-12-09 14:00:00,5.2,1016,-2.1,69,0,15000,5.556,12.964,,100,,,0,,,,,,,,og-post,,,,AAXX 09144 07299 22765 71003 10052 20000 39827 40160 56021 8557/ 333 60005 85650 85361 90710 91107 93100=
07299,2008-12-09 15:00:00,4.6,1015.6,-1.7,77,0.9,14000,7.408,12.964,,150,,,0,0,,,,,,,og-post,,,,AAXX 09154 07299 22764 71504 10046 20009 39823 40156 56017 8557/ 333 60007 85650 85361 90710 91107 93100 555 60005=
07299,2008-12-09 16:00:00,3.7,1015,-1.6,81,0.7,12000,3.704,12.964,,180,,,0,,,,,,,,og-post,,,,AAXX 09164 07299 22762 71802 10037 20007 39816 40150 58016 875// 333 60005 83650 87650 90710 91107 93100=
07299,2008-12-09 17:00:00,3.3,1015,-1.2,83,0.7,9000,5.556,9.26,,170,,,,,,,,,,61,og-post,,,,AAXX 09174 07299 21759 71703 10033 20007 39815 40150 56012 76162 875// 333 69905 87650 90710 91105 93100=
07299,2008-12-09 18:00:00,2.9,1015.1,-0.7,89,1.3,4000,3.704,11.112,,140,-2,5.5,0.6,0.6,,0.6,,,,61,og-post,,,,AAXX 09184 07299 01540 71402 10029 20013 39816 40151 55007 69962 76162 875// 333 10055 21020 69967 86626 87633 90710 91106 93100 555 69965=
07299,2008-12-09 19:00:00,2.4,1015.5,0.3,93,1.4,3000,,5.556,,,,,2,,,,,,,61,og-post,,,,AAXX 09194 07299 21430 70000 10024 20014 39819 40155 53003 76166 875// 333 60025 86612 87620 90710 91103 93100=
07299,2008-12-09 20:00:00,2.3,1015.5,0.4,94,1.4,3000,3.704,7.408,,170,,,1,,,,,,,61,og-post,,,,AAXX 09204 07299 21430 71702 10023 20014 39819 40155 51004 76166 875// 333 60015 87610 90710 91104 93100=
07299,2008-12-09 21:00:00,1.9,1015.8,0.5,94,1,2800,5.556,7.408,,140,,,0.8,4,,,,,,61,og-post,,,,AAXX 09214 07299 21428 71403 10019 20010 39821 40158 52005 76166 875// 333 60047 87610 90710 91104 93100 555 69985=
07299,2008-12-09 22:00:00,0.7,1015.9,0.2,96,0.1,1500,5.556,11.112,,140,,,1,,,,,,,71,og-post,,,,AAXX 09224 07299 21215 71403 10007 20001 39821 40159 52002 77176 875// 333 60015 87604 90710 91106 93101=
07299,2008-12-09 23:00:00,0.4,1015.7,0,97,0,1500,5.556,7.408,,140,,,0.8,,,,,,,71,og-post,,,,AAXX 09234 07299 21115 81403 10004 20000 39819 40157 50000 77177 875// 333 69985 85603 87608 90710 91104 93101=
07299,2008-12-10 00:00:00,0.5,1015.3,-0.6,97,0.1,1800,5.556,9.26,,130,,,0.4,2,6,,,,,71,og-post,,0,,AAXX 10004 07299 01318 81303 10005 20001 39815 40153 58006 60061 77176 875// 333 41997 60027 82609 87618 90710 91105 93101 555 69945=
07299,2008-12-10 01:00:00,0.4,1015.2,-0.7,97,0,1000,3.704,9.26,,70,,,0.6,,,,,,,71,og-post,,,,AAXX 10014 07299 24210 80702 10004 20000 39814 40152 56007 771// 333 69965 90710 91105=
07299,2008-12-10 02:00:00,0.2,1015.2,-0.5,97,-0.2,700,,7.408,,,,,0.6,,,,,,,71,og-post,,,,AAXX 10024 07299 24207 80000 10002 21002 39814 40152 56005 771// 333 69965 90710 91104=
07299,2008-12-10 03:00:00,0.1,1015,-0.4,97,-0.3,800,,1.852,,,,,0.6,2,,,,,,71,og-post,,1,,AAXX 10034 07299 21308 80000 10001 21003 39811 40150 58004 771// 875// 333 48001 60027 87608 90710 91101 93101 555 69965=
07299,2008-12-10 04:00:00,0.2,1014.6,-0.6,97,-0.2,800,,1.852,,,,,0.6,,,,,,,71,og-post,,,,AAXX 10044 07299 21108 80000 10002 21002 39808 40146 58006 77177 875// 333 69965 81602 87613 90710 91101 93101=
07299,2008-12-10 05:00:00,0.2,1014.7,-0.5,97,-0.2,600,1.852,5.556,,10,,,0.4,,,,,,,71,og-post,,,,AAXX 10054 07299 21106 80101 10002 21002 39809 40147 55005 77177 875// 333 69945 81603 87605 90710 91103 93101=
07299,2008-12-10 06:00:00,0.2,1014.8,-0.1,97,-0.2,800,5.556,7.408,,310,0.1,2.9,0.6,2,,9,10,2.5,-0,71,og-post,,1,,AAXX 10064 07299 01108 83103 10002 21002 39810 40148 55001 60092 771/7 875// 333 10029 20001 3/100 48001 55025 60027 70100 81602 87605 90710 91104 93101 555 69965=
07299,2008-12-10 07:00:00,0.2,1014.6,0,98,-0.1,1300,9.26,11.112,,290,,,0.4,,,,,,,71,og-post,,,,AAXX 10074 07299 21113 82905 10002 21001 39808 40146 50000 77177 875// 333 69945 87603 90710 91106 93101=
07299,2008-12-10 08:00:00,0.2,1014.7,-0,98,-0.1,1500,9.26,14.816,,310,,,0.2,,,,,,,71,og-post,,,,AAXX 10084 07299 21115 83105 10002 21001 39809 40147 54000 77177 887// 333 69925 88703 90710 91108 93101=
07299,2008-12-10 09:00:00,0.2,1014.4,-0.4,97,-0.2,2200,12.964,18.52,,310,,,0.2,0.8,,,,,,71,og-post,,1,,AAXX 10094 07299 21122 83107 10002 21002 39806 40144 57004 77177 887// 333 44001 69987 87703 90710 91110 93101 555 69925=
07299,2008-12-10 10:00:00,0.2,1014.2,-0.4,97,-0.2,3000,12.964,20.372,,320,,,0.2,,,,,,,71,og-post,,,,AAXX 10104 07299 21230 83207 10002 21002 39804 40142 58004 77177 887// 333 69925 87703 90710 91111 93101=
07299,2008-12-10 11:00:00,0.3,1013.2,-1.5,97,-0.1,4500,18.52,27.78,,320,,,,,,,,,,71,og-post,,,,AAXX 10114 07299 21245 83210 10003 21001 39794 40132 58015 77177 887// 333 69905 87703 90710 91115 93101=
07299,2008-12-10 12:00:00,0.3,1012.9,-1.5,97,-0.1,1800,14.816,29.632,,310,,,0.2,0.4,1,,,,,71,og-post,,1,,AAXX 10124 07299 01118 83108 10003 21001 39791 40129 57015 60011 77177 887// 333 42001 69947 88703 90710 91116 93101 555 69925=
07299,2008-12-10 13:00:00,0.2,1012.6,-1.6,97,-0.2,1200,12.964,20.372,,320,,,0.4,,,,,,,71,og-post,,,,AAXX 10134 07299 21112 83207 10002 21002 39788 40126 56016 77177 887// 333 69945 88703 90710 91111 93101=
07299,2008-12-10 14:00:00,0.3,1012.2,-0.9,98,0,1800,12.964,20.372,,320,,,0.4,,,,,,,71,og-post,,,,AAXX 10144 07299 21118 83207 10003 20000 39785 40122 57009 77177 887// 333 69945 88703 90710 91111 93101=
07299,2008-12-10 15:00:00,0.3,1012.1,-0.7,97,-0.1,1900,14.816,22.224,,320,,,0.2,1,,,,,,71,og-post,,1,,AAXX 10154 07299 21119 83208 10003 21001 39784 40121 56007 77177 887// 333 42001 60017 88703 90710 91112 93101 555 69925=
07299,2008-12-10 16:00:00,0.2,1012.2,-0.3,97,-0.2,2000,12.964,22.224,,320,,,,,,,,,,71,og-post,,,,AAXX 10164 07299 21120 83207 10002 21002 39785 40122 55003 77177 887// 333 69905 88703 90710 91112 93101=
07299,2008-12-10 17:00:00,0.3,1012.2,-0,98,0,1700,11.112,20.372,,320,,,0.2,,,,,,,71,og-post,,,,AAXX 10174 07299 21117 83206 10003 20000 39785 40122 55000 77177 887// 333 69925 88703 90710 91111 93101=
07299,2008-12-10 18:00:00,0.2,1012.1,0,98,-0.1,1700,9.26,16.668,,320,0.1,0.3,,0.2,,2,,,,71,og-post,,1,,AAXX 10184 07299 01117 83205 10002 21001 39784 40121 50000 60022 77177 887// 333 10003 20001 42001 69927 88702 90710 91109 93101 555 69905=
07299,2008-12-10 19:00:00,0.3,1012.3,0.1,98,0,2000,11.112,16.668,,310,,,0.2,,,,,,,71,og-post,,,,AAXX 10194 07299 21120 83106 10003 20000 39786 40123 53001 77177 887// 333 69925 88702 90710 91109 93101=
07299,2008-12-10 20:00:00,0.3,1012.3,0.1,98,0,2000,16.668,24.076,,310,,,,,,,,,,71,og-post,,,,AAXX 10204 07299 21120 83109 10003 20000 39786 40123 53001 77177 887// 333 69905 88702 90710 91113 93101=
07299,2008-12-10 21:00:00,0.3,1012.3,0.2,98,0,1400,12.964,20.372,,330,,,0.2,0.4,,,,,,71,og-post,,1,,AAXX 10214 07299 21114 83307 10003 20000 39786 40123 51002 77177 887// 333 42001 69947 88702 90710 91111 93101 555 69925=
07299,2008-12-10 22:00:00,0.2,1012.2,-0.1,98,-0.1,1800,12.964,18.52,,320,,,0,,,,,,,71,og-post,,,,AAXX 10224 07299 21118 83207 10002 21001 39785 40122 58001 77177 887// 333 6///5 88702 90710 91110 93101=
07299,2008-12-10 23:00:00,0.2,1012.2,-0.1,98,-0.1,1400,11.112,16.668,,310,,,0.4,,,,,,,71,og-post,,,,AAXX 10234 07299 21114 83106 10002 21001 39785 40122 57001 77177 887// 333 69945 88702 90710 91109 93101=
07299,2008-12-11 00:00:00,0.2,1011.8,-0.5,98,-0.1,1600,9.26,14.816,,310,,,0.2,0.8,1,,,,,71,og-post,,1,,AAXX 11004 07299 01116 83105 10002 21001 39781 40118 58005 60011 77177 887// 333 42001 69987 88702 90710 91108 93101 555 69925=
07299,2008-12-11 01:00:00,0.2,1011.9,-0.3,98,-0.1,1800,9.26,11.112,,300,,,0.2,,,,,,,71,og-post,,,,AAXX 11014 07299 24118 83005 10002 21001 39782 40119 55003 771// 333 69925 90710 91106=
07299,2008-12-11 02:00:00,0.2,1011.8,-0.4,98,-0.1,1900,7.408,14.816,,310,,,0.2,,,,,,,71,og-post,,,,AAXX 11024 07299 24119 83104 10002 21001 39781 40118 56004 771// 333 69925 90710 91108=
07299,2008-12-11 03:00:00,0.2,1011.2,-0.6,98,-0.1,2500,9.26,16.668,,320,,,0.2,0.6,,,,,,71,og-post,,3,,AAXX 11034 07299 21125 83205 10002 21001 39775 40112 58006 771/7 887// 333 42003 69967 88702 90710 91109 93101 555 69925=
07299,2008-12-11 04:00:00,0.2,1011.1,-0.8,98,-0.1,2800,9.26,14.816,,330,,,,,,,,,,71,og-post,,,,AAXX 11044 07299 21128 83305 10002 21001 39774 40111 57008 77177 887// 333 69905 88702 90710 91108 93101=
07299,2008-12-11 05:00:00,0.2,1011.3,-0.5,98,-0.1,1600,7.408,12.964,,310,,,0.2,,,,,,,71,og-post,,,,AAXX 11054 07299 21116 83104 10002 21001 39776 40113 55005 77177 887// 333 69925 88702 90710 91107 93101=
07299,2008-12-11 06:00:00,0.2,1011.6,0.4,98,-0.1,1800,7.408,12.964,,310,0.2,0.3,0.4,0.6,,2,4.8,0,-0,71,og-post,,4,,AAXX 11064 07299 01118 83104 10002 21001 39779 40116 53004 60022 771/7 887// 333 10003 20002 3/100 42004 55000 69967 70048 88702 90710 91107 93101 555 69945=
07299,2008-12-11 07:00:00,0.2,1011.8,0.7,98,-0.1,1400,7.408,16.668,,310,,,,,,,,,,71,og-post,,,,AAXX 11074 07299 21114 83104 10002 21001 39781 40118 52007 77177 887// 333 69905 88702 90710 91109 93101=
07299,2008-12-11 08:00:00,0.2,1012.2,0.9,98,-0.1,2100,7.408,14.816,,310,,,0.2,,,,,,,71,og-post,,,,AAXX 11084 07299 21121 83104 10002 21001 39785 40122 53009 77177 887// 333 69925 81702 88703 90710 91108 93101=
07299,2008-12-11 09:00:00,0.2,1012.2,0.6,98,-0.1,1600,9.26,12.964,,310,,,0.2,0.4,,,,,,71,og-post,,4,,AAXX 11094 07299 21116 83105 10002 21001 39785 40122 51006 77177 887// 333 43004 69947 83702 88703 90710 91107 93101 555 69925=
07299,2008-12-11 10:00:00,0.3,1012.5,0.7,98,0,1900,9.26,12.964,,300,,,0.2,,,,,,,71,og-post,,,,AAXX 11104 07299 21119 83005 10003 20000 39788 40125 51007 77177 887// 333 69925 81702 87703 90710 91107 93101=
07299,2008-12-11 11:00:00,0.4,1012.7,0.5,98,0.1,2700,9.26,12.964,,300,,,0.2,,,,,,,71,og-post,,,,AAXX 11114 07299 21127 83005 10004 20001 39790 40127 53005 77177 887// 333 69925 81702 87703 87611 90710 91107 93101=
07299,2008-12-11 12:00:00,0.5,1012.8,0.6,97,0.1,3000,9.26,14.816,,310,,,0.2,0.6,1,,,,,71,og-post,,3,,AAXX 11124 07299 01130 83105 10005 20001 39791 40128 51006 60011 77177 887// 333 42003 69967 81702 87703 90710 91108 93101 555 69925=
07299,2008-12-11 13:00:00,0.5,1012.7,0.2,97,0.1,2500,11.112,18.52,,300,,,,,,,,,,71,og-post,,,,AAXX 11134 07299 21125 83006 10005 20001 39790 40127 50002 77177 887// 333 69905 82702 88704 90710 91110 93101=
07299,2008-12-11 14:00:00,0.5,1012.6,-0.1,97,0.1,2900,11.112,16.668,,310,,,,,,,,,,71,og-post,,,,AAXX 11144 07299 21129 83106 10005 20001 39789 40126 58001 77177 887// 333 69905 82702 88703 90710 91109 93101=
07299,2008-12-11 15:00:00,0.5,1013.1,0.3,97,0.1,3400,11.112,16.668,,300,,,0.2,0.2,,,,,,71,og-post,,3,,AAXX 11154 07299 21134 83006 10005 20001 39794 40131 53003 77177 887// 333 42003 69927 81702 88703 90710 91109 93101 555 69925=
07299,2008-12-11 16:00:00,0.3,1013.4,0.6,97,-0.1,1400,11.112,16.668,,300,,,0.2,,,,,,,71,og-post,,,,AAXX 11164 07299 21114 83006 10003 21001 39796 40134 53006 77177 887// 333 69925 83702 87703 87613 90710 91109 93101=
07299,2008-12-11 17:00:00,0.2,1013.9,1.2,98,-0.1,1900,7.408,16.668,,300,,,0.4,,,,,,,71,og-post,,,,AAXX 11174 07299 21119 83004 10002 21001 39801 40139 52012 77177 887// 333 69945 83702 87703 87612 90710 91109 93101=
07299,2008-12-11 18:00:00,0.2,1014.4,1.2,98,-0.1,2400,9.26,12.964,,300,0.2,0.5,0.4,1,,2,,,,71,og-post,,3,,AAXX 11184 07299 01124 83005 10002 21001 39806 40144 53012 60022 77177 887// 333 10005 20002 42003 60017 81701 87702 87611 90710 91107 93101 555 69945=
07299,2008-12-11 19:00:00,0.2,1014.7,1.3,98,-0.1,1900,9.26,12.964,,300,,,0.2,,,,,,,71,og-post,,,,AAXX 11194 07299 21119 83005 10002 21001 39809 40147 51013 77177 887// 333 69925 82701 87703 87610 90710 91107 93101=
07299,2008-12-11 20:00:00,0.2,1014.7,0.8,98,-0.1,2500,7.408,12.964,,310,,,0.2,,,,,,,71,og-post,,,,AAXX 11204 07299 21125 83104 10002 21001 39809 40147 51008 77177 887// 333 69925 81702 88703 90710 91107 93101=
07299,2008-12-11 21:00:00,0.1,1014.6,0.2,98,-0.2,3200,7.408,12.964,,310,,,,0.4,,,,,,71,og-post,,3,,AAXX 11214 07299 21132 73104 10001 21002 39808 40146 50002 77177 877// 333 42003 69947 82702 87703 90710 91107 93101 555 69905=
07299,2008-12-11 22:00:00,0.1,1015.4,0.6,97,-0.3,3700,5.556,9.26,,290,,,,,,,,,,70,og-post,,,,AAXX 11224 07299 21137 82903 10001 21003 39815 40154 53006 77077 877// 333 69905 82702 87704 90710 91105 93101=
07299,2008-12-11 23:00:00,0,1015.7,0.9,97,-0.4,4000,7.408,11.112,,280,,,,,,,,,,70,og-post,,,,AAXX 11234 07299 21140 82804 10000 21004 39818 40157 53009 77077 887// 333 69905 82702 84704 88643 90710 91106 93101=
07299,2008-12-12 00:00:00,-0.1,1015.9,1.2,97,-0.5,4200,9.26,14.816,,270,,,,,0.4,,,,,70,og-post,,3,,AAXX 12004 07299 01142 82705 11001 21005 39820 40159 51012 69941 77077 878// 333 42003 69907 82702 83813 87640 90710 91108 93101 555 69905=
07299,2008-12-12 01:00:00,0.1,1016.3,0.9,96,-0.5,9000,9.26,14.816,,270,,,,,,,,,,70,og-post,,,,AAXX 12014 07299 24359 82705 10001 21005 39824 40163 53009 770// 333 69905 90710 91108=
07299,2008-12-12 02:00:00,0.1,1016.9,1.2,95,-0.6,5000,5.556,11.112,,290,,,,,,,,,,68,og-post,,,,AAXX 12024 07299 24350 82903 10001 21006 39830 40169 53012 768// 333 69905 90710 91106=
07299,2008-12-12 03:00:00,-0.1,1017.1,1.2,96,-0.7,3500,5.556,11.112,,290,,,,,,,,,,71,og-post,,3,,AAXX 12034 07299 21235 82903 11001 21007 39832 40171 51012 771// 878// 333 42003 69907 82803 87630 90710 91106 93101 555 69905=
07299,2008-12-12 04:00:00,-0.3,1017.3,0.9,96,-0.9,4500,7.408,9.26,,280,,,0,,,,,,,70,og-post,,,,AAXX 12044 07299 21245 82804 11003 21009 39833 40173 51009 77077 8483/ 333 6///5 82803 84630 87356 90710 91105 93101=
07299,2008-12-12 05:00:00,-0.5,1017.7,0.7,96,-1.1,4200,9.26,11.112,,270,,,,,,,,,,71,og-post,,,,AAXX 12054 07299 21242 82705 11005 21011 39837 40177 53007 77177 8483/ 333 69905 81803 84650 87359 90710 91106 93101=
07299,2008-12-12 06:00:00,-0.8,1018,0.7,95,-1.5,4000,,12.964,,,-0.8,0.2,,,,0.4,2.6,0,-2,22,og-post,,3,,AAXX 12064 07299 01240 80000 11008 21015 39839 40180 53007 69942 722// 8483/ 333 10002 21008 3/102 42003 55000 69907 70026 81803 83610 87359 90710 91107 93101 555 69905=
07299,2008-12-12 07:00:00,-0.9,1018.6,1.2,96,-1.5,3500,,7.408,,,,,0,,,,,,,10,og-post,,,,AAXX 12074 07299 21235 80000 11009 21015 39845 40186 53012 71022 8553/ 333 60005 81703 83608 85650 90710 91104 93101=
07299,2008-12-12 08:00:00,-0.6,1019.2,1.4,95,-1.3,4000,,5.556,,,,,0,,,,,,,10,og-post,,,,AAXX 12084 07299 21240 80000 11006 21013 39851 40192 53014 71022 875// 333 60005 81703 87708 90710 91103 93101=
07299,2008-12-12 09:00:00,-0.4,1019.5,1.5,95,-1.1,4000,3.704,5.556,,270,,,0,0,,,,,,10,og-post,,3,,AAXX 12094 07299 21240 82702 11004 21011 39854 40195 51015 71022 876// 333 42003 60007 81703 87705 90710 91103 93100 555 60005=
07299,2008-12-12 10:00:00,-0.2,1020,1.4,95,-0.9,3800,1.852,7.408,,300,,,0,,,,,,,10,og-post,,,,AAXX 12104 07299 21238 83001 11002 21009 39859 40200 51014 71022 876// 333 60005 81703 87704 90710 91104 93100=
07299,2008-12-12 11:00:00,0,1019.7,0.6,95,-0.7,3800,11.112,14.816,,310,,,0,,,,,,,10,og-post,,,,AAXX 12114 07299 21238 83106 10000 21007 39857 40197 50006 71022 876// 333 60005 81703 87705 90710 91108 93100=
07299,2008-12-12 12:00:00,0.2,1019.8,0.4,95,-0.5,3000,9.26,12.964,,330,,,0,0,,,,,,10,og-post,,2,,AAXX 12124 07299 01230 83305 10002 21005 39858 40198 51004 60001 71022 876// 333 42002 60007 87704 90710 91107 93100 555 60005=
07299,2008-12-12 13:00:00,0.3,1019.8,-0.1,93,-0.7,5000,5.556,11.112,,310,,,0,,,,,,,,og-post,,,,AAXX 12134 07299 22250 83103 10003 21007 39858 40198 56001 876// 333 60005 82705 87707 90710 91106 93100=
07299,2008-12-12 14:00:00,0.5,1019.8,0.1,92,-0.6,6000,5.556,12.964,,290,,,0,,,,,,,,og-post,,,,AAXX 12144 07299 22356 72903 10005 21006 39858 40198 52001 876// 333 60005 87708 90710 91107 93100=
07299,2008-12-12 15:00:00,0.4,1020,0.2,92,-0.7,6000,5.556,11.112,,310,,,0,0,,,,,,,og-post,,2,,AAXX 12154 07299 22356 73103 10004 21007 39860 40200 53002 876// 333 42002 60007 87706 90710 91106 93100 555 60005=
07299,2008-12-12 16:00:00,0.3,1020,0.2,94,-0.6,5000,5.556,12.964,,310,,,0,,,,,,,,og-post,,,,AAXX 12164 07299 22250 73103 10003 21006 39860 40200 52002 876// 333 60005 87706 90710 91107 93100=
07299,2008-12-12 17:00:00,0.2,1019.9,0.1,95,-0.5,4000,7.408,12.964,,320,,,0,,,,,,,10,og-post,,,,AAXX 12174 07299 21240 73204 10002 21005 39859 40199 50001 71022 876// 333 60005 87706 90710 91107 93100=
07299,2008-12-12 18:00:00,0.2,1019.8,-0.2,95,-0.5,3500,9.26,16.668,,310,-1.1,0.5,0,0,,,,,,10,og-post,,2,,AAXX 12184 07299 01235 73105 10002 21005 39858 40198 58002 60002 71022 876// 333 10005 21011 42002 60007 82703 87705 90710 91109 93100 555 60005=
07299,2008-12-12 19:00:00,0.1,1019.5,-0.5,95,-0.6,3500,9.26,14.816,,330,,,0,,,,,,,10,og-post,,,,AAXX 12194 07299 21235 73305 10001 21006 39855 40195 58005 71022 876// 333 60005 82703 87705 90710 91108 93100=
07299,2008-12-12 20:00:00,-0.1,1019.3,-0.6,93,-1.1,4500,11.112,16.668,,320,,,0,,,,,,,10,og-post,,,,AAXX 12204 07299 21245 83206 11001 21011 39853 40193 58006 71022 886// 333 60005 81704 88706 90710 91109 93100=
07299,2008-12-12 21:00:00,-0.4,1019,-0.9,93,-1.4,4000,11.112,18.52,,330,,,0,0,,,,,,10,og-post,,2,,AAXX 12214 07299 21240 83306 11004 21014 39849 40190 58009 71022 886// 333 42002 60007 81703 88706 90710 91110 93100 555 60005=
07299,2008-12-12 22:00:00,-0.6,1018.8,-0.8,94,-1.4,3800,11.112,18.52,,320,,,0,,,,,,,10,og-post,,,,AAXX 12224 07299 21138 83206 11006 21014 39847 40188 57008 71022 886// 333 60005 81703 88705 90710 91110 93100=
07299,2008-12-12 23:00:00,-0.9,1018.3,-1.1,96,-1.5,2700,14.816,20.372,,320,,,0,,,,,,,10,og-post,,,,AAXX 12234 07299 21127 83208 11009 21015 39842 40183 58011 71022 886// 333 60005 82702 88703 90710 91111 93100=
07299,2008-12-13 00:00:00,-1.1,1017.5,-1.5,97,-1.5,2100,12.964,18.52,,320,,,0,0,,,,,,10,og-post,,2,,AAXX 13004 07299 01121 83207 11011 21015 39834 40175 58015 60001 71022 886// 333 42002 60007 85702 88703 90710 91110 93100 555 60005=
07299,2008-12-13 01:00:00,-1.1,1016.9,-1.9,96,-1.7,3300,7.408,18.52,,310,,,0,,,,,,,10,og-post,,,,AAXX 13014 07299 24233 83104 11011 21017 39828 40169 58019 710// 333 60005 90710 91110=
07299,2008-12-13 02:00:00,-1.2,1016.3,-2,95,-1.9,3500,7.408,12.964,,310,,,0,,,,,,,10,og-post,,,,AAXX 13024 07299 24235 83104 11012 21019 39822 40163 56020 710// 333 60005 90710 91107=
07299,2008-12-13 03:00:00,-1.2,1015.1,-2.3,95,-1.9,3200,5.556,9.26,,300,,,0,0,,,,,,10,og-post,,2,,AAXX 13034 07299 21132 83003 11012 21019 39811 40151 58023 71022 886// 333 42002 60007 81702 88704 90710 91105 93100 555 60005=
07299,2008-12-13 04:00:00,-1.1,1014.2,-2.6,95,-1.8,3500,5.556,7.408,,300,,,0,,,,,,,10,og-post,,,,AAXX 13044 07299 21135 83003 11011 21018 39802 40142 58026 71022 886// 333 60005 82702 88704 90710 91104 93100=
07299,2008-12-13 05:00:00,-1.3,1013.4,-2.8,95,-2,2800,5.556,9.26,,320,,,0,,,,,,,10,og-post,,,,AAXX 13054 07299 21128 83203 11013 21020 39794 40134 56028 71022 886// 333 60005 82702 88704 90710 91105 93100=
07299,2008-12-13 06:00:00,-1.3,1012.5,-2.5,97,-1.7,2200,7.408,12.964,,310,-1.4,0.2,0,0,,,0,0,-1,10,og-post,,2,,AAXX 13064 07299 01122 83104 11013 21017 39786 40125 56025 60002 71022 886// 333 10002 21014 3/101 42002 55000 60007 70000 83702 88703 90710 91107 93100 555 60005=
07299,2008-12-13 07:00:00,-1.4,1011.8,-2.3,97,-1.8,1800,5.556,9.26,,310,,,0,,,,,,,10,og-post,,,,AAXX 13074 07299 21118 83103 11014 21018 39779 40118 56023 71022 886// 333 60005 82702 88703 90710 91105 93100=
07299,2008-12-13 08:00:00,-1.2,1010.9,-2.4,97,-1.6,1700,5.556,7.408,,310,,,0,,,,,,,10,og-post,,,,AAXX 13084 07299 21117 83103 11012 21016 39770 40109 58024 71022 886// 333 60005 82702 88703 90710 91104 93100=
07299,2008-12-13 09:00:00,-0.5,1010,-2.4,95,-1.2,2500,3.704,5.556,,240,,,0,0,,,,,,10,og-post,,2,,AAXX 13094 07299 21125 52402 11005 21012 39762 40100 57024 71022 85600 333 42002 60007 84703 83633 90710 91103 93100 555 60005=
07299,2008-12-13 10:00:00,0.5,1008.6,-2.9,88,-1.3,3000,5.556,7.408,,170,,,0,,,,,,,10,og-post,,,,AAXX 13104 07299 21230 21703 10005 21013 39750 40086 58029 71011 82600 333 60005 81806 90710 91104 93100=
07299,2008-12-13 11:00:00,1.5,1007.2,-3.2,82,-1.2,4500,1.852,7.408,,180,,,0,,,,,,,10,og-post,,,,AAXX 13114 07299 21445 21801 10015 21012 39738 40072 58032 71000 82800 333 60005 81813 90710 91104 93100=
07299,2008-12-13 12:00:00,2.3,1005.7,-3.8,77,-1.3,8000,18.52,25.928,,90,,,0,0,,,,,,,og-post,,2,,AAXX 13124 07299 02458 10910 10023 21013 39724 40057 58038 60001 81100 333 41002 60007 81818 90710 91114 93100 555 60005=
07299,2008-12-13 13:00:00,2.3,1004.5,-3.7,77,-1.3,9000,18.52,27.78,,90,,,0,,,,,,,,og-post,,,,AAXX 13134 07299 22559 10910 10023 21013 39713 40045 56037 81100 333 60005 81820 90710 91115 93100=
07299,2008-12-13 14:00:00,2.2,1003.6,-3.4,76,-1.6,10000,18.52,31.484,,90,,,0,,,,,,,,og-post,,,,AAXX 13144 07299 22960 00910 10022 21016 39704 40036 56034 333 60005 90710 91117 93100=
07299,2008-12-13 15:00:00,1.6,1003.2,-2.5,75,-2.4,17000,22.224,33.336,,90,,,0,0,,,,,,,og-post,,2,,AAXX 13154 07299 22967 10912 10016 21024 39699 40032 56025 81030 333 41002 60007 81365 90710 91118 93100 555 60005=
07299,2008-12-13 16:00:00,0.7,1002.8,-1.9,81,-2.2,15000,20.372,33.336,,90,,,0,,,,,,,,og-post,,,,AAXX 13164 07299 22965 20911 10007 21022 39694 40028 56019 81031 333 60005 81365 90710 91118 93100=
07299,2008-12-13 17:00:00,0.4,1003,-0.8,82,-2.3,12000,14.816,29.632,,90,,,0,,,,,,,,og-post,,,,AAXX 13174 07299 22962 20908 10004 21023 39696 40030 55008 81031 333 60005 81365 90710 91116 93100=
07299,2008-12-13 18:00:00,0.3,1002.7,-0.6,83,-2.3,10000,18.52,31.484,,100,-1.4,2.4,0,0,,,,,,,og-post,,2,,AAXX 13184 07299 02960 31010 10003 21023 39693 40027 56006 60002 81031 333 10024 21014 41002 60007 81365 83075 90710 91117 93100 555 60005=
07299,2008-12-13 19:00:00,0.3,1002.3,-0.5,84,-2.1,12000,14.816,42.596,,90,,,0,,,,,,,,og-post,,,,AAXX 13194 07299 22962 70908 10003 21021 39689 40023 58005 84032 333 60005 81365 84368 86071 90710 91123 93100=
07299,2008-12-13 20:00:00,-0.1,1002.7,-0.4,85,-2.3,10000,14.816,31.484,,100,,,0,,,,,,,,og-post,,,,AAXX 13204 07299 22460 71008 11001 21023 39692 40027 55004 8253/ 333 60005 82614 87366 90710 91117 93100=
07299,2008-12-13 21:00:00,-0.3,1002.7,-0.1,85,-2.5,9000,18.52,33.336,,100,,,0,0,,,,,,,og-post,,2,,AAXX 13214 07299 22459 71010 11003 21025 39692 40027 55001 82532 333 41002 60007 82614 84366 87073 90710 91118 93100 555 60005=
07299,2008-12-13 22:00:00,-0.7,1002.5,0.1,88,-2.4,7000,12.964,25.928,,90,,,0,,,,,,,,og-post,,,,AAXX 13224 07299 22457 70907 11007 21024 39690 40025 50001 82532 333 60005 81614 83366 87073 90710 91114 93100=
07299,2008-12-13 23:00:00,-1,1002.3,-0.5,89,-2.6,7000,9.26,20.372,,70,,,0,,,,,,,,og-post,,,,AAXX 13234 07299 22457 70705 11010 21026 39687 40023 58005 82532 333 60005 82612 84368 87073 90710 91111 93100=
07299,2008-12-14 00:00:00,-1.7,1001.8,-1,90,-3.1,7000,7.408,14.816,,40,,,0,0,,,,,,,og-post,,2,,AAXX 14004 07299 02457 70404 11017 21031 39682 40018 58010 60001 82532 333 41002 60007 82612 85368 87073 90710 91108 93100 555 60005=
07299,2008-12-14 01:00:00,-0.8,1001,-1.5,87,-2.7,9000,9.26,16.668,,60,,,0,,,,,,,0,og-post,,,,AAXX 14014 07299 24959 60605 11008 21027 39675 40010 58015 700// 333 60005 90710 91109=
07299,2008-12-14 02:00:00,-1.7,1001.3,-1,89,-3.3,7000,7.408,16.668,,40,,,0,,,,,,,0,og-post,,,,AAXX 14024 07299 24957 /0404 11017 21033 39677 40013 55010 700// 333 60005 90710 91109=
07299,2008-12-14 03:00:00,-1.9,1000.8,-1,89,-3.5,7000,9.26,12.964,,20,,,0,0,,,,,,1,og-post,,2,,AAXX 14034 07299 21457 70205 11019 21035 39672 40008 56010 701// 81532 333 41002 60007 81612 84363 87073 90710 91107 93100 555 60005=
07299,2008-12-14 04:00:00,-1.9,1000.7,-0.4,89,-3.5,7000,9.26,14.816,,20,,,0,,,,,,,,og-post,,,,AAXX 14044 07299 22457 70205 11019 21035 39671 40007 58004 81532 333 60005 81612 84363 87073 90710 91108 93100=
07299,2008-12-14 05:00:00,-2.2,1000.4,-1,90,-3.6,7000,7.408,14.816,,40,,,0,,,,,,,,og-post,,,,AAXX 14054 07299 22457 70404 11022 21036 39667 40004 56010 81532 333 60005 81612 83363 87073 90710 91108 93100=
07299,2008-12-14 06:00:00,-2.1,1000.1,-0.7,88,-3.8,8000,7.408,12.964,,50,-2.4,0.4,0,0,,,0,6,-4,2,og-post,,2,,AAXX 14064 07299 01458 70504 11021 21038 39665 40001 58007 60002 702// 81532 333 10004 21024 3/104 41002 55060 60007 70000 81612 83363 87073 90710 91107 93100 555 60005=
07299,2008-12-14 07:00:00,-2.6,1000.2,-0.6,92,-3.7,7000,5.556,12.964,,360,,,0,,,,,,,,og-post,,,,AAXX 14074 07299 22457 73603 11026 21037 39665 40002 56006 81532 333 60005 81612 85366 87073 90710 91107 93100=
07299,2008-12-14 08:00:00,-3,1000.5,-0,96,-3.5,2000,9.26,12.964,,330,,,0,,,,,,,10,og-post,,,,AAXX 14084 07299 21020 73305 11030 21035 39667 40005 55000 71022 85632 333 60005 85701 85366 87073 90710 91107 93100=
07299,2008-12-14 09:00:00,-1.8,1000.1,0,96,-2.4,3500,14.816,22.224,,340,,,0,0,,,,,,10,og-post,,2,,AAXX 14094 07299 21135 73408 11018 21024 39665 40001 50000 71022 85632 333 41002 60007 83702 85360 87073 90710 91112 93100 555 60005=
07299,2008-12-14 10:00:00,-1.6,1000.1,0,96,-2.2,2000,14.816,25.928,,350,,,0,,,,,,,10,og-post,,,,AAXX 14104 07299 21120 83508 11016 21022 39665 40001 50000 71022 886// 333 60005 88702 90710 91114 93100=
07299,2008-12-14 11:00:00,-2,999.5,-0.8,97,-2.4,800,14.816,24.076,,320,,,0,,,,,,,46,og-post,,,,AAXX 14114 07299 21008 83208 11020 21024 39659 49995 58008 74642 886// 333 60005 88701 90710 91113 93100=
07299,2008-12-14 12:00:00,-1.7,999.3,-0.8,97,-2.1,800,11.112,24.076,,330,,,0,0,,,,,,46,og-post,,2,,AAXX 14124 07299 01108 83306 11017 21021 39657 49993 58008 60001 74642 886// 333 41002 60007 88702 90710 91113 93100 555 60005=
07299,2008-12-14 13:00:00,-1.8,998.6,-1.4,97,-2.2,800,12.964,18.52,,320,,,0,,,,,,,44,og-post,,,,AAXX 14134 07299 21108 83207 11018 21022 39651 49986 57014 74444 886// 333 60005 88702 90710 91110 93100=
07299,2008-12-14 14:00:00,-1.7,998.7,-0.7,98,-2,600,9.26,16.668,,350,,,0,,,,,,,49,og-post,,,,AAXX 14144 07299 21/06 93505 11017 21020 39652 49987 55007 74944 333 60005 90710 91109 93100=
07299,2008-12-14 15:00:00,-1.7,999.4,0.1,98,-2,600,7.408,18.52,,320,,,0,0,,,,,,49,og-post,,2,,AAXX 14154 07299 21/06 93204 11017 21020 39658 49994 53001 74944 333 41002 60007 90710 91110 93100 555 60005=
07299,2008-12-14 16:00:00,-1.7,999.8,1.1,98,-2,500,11.112,18.52,,300,,,0,,,,,,,49,og-post,,,,AAXX 14164 07299 21/05 93006 11017 21020 39662 49998 53011 74944 333 60005 90710 91110 93100=
07299,2008-12-14 17:00:00,-1.6,1000.1,1.3,98,-1.9,900,3.704,14.816,,290,,,0,,,,,,,48,og-post,,,,AAXX 14174 07299 21109 82902 11016 21019 39665 40001 51013 74844 886// 333 60005 88703 90710 91108 93100=
07299,2008-12-14 18:00:00,-1.6,1000.7,1.3,98,-1.9,600,5.556,7.408,,150,-3.8,-1.5,0,0,,,,,,49,og-post,,2,,AAXX 14184 07299 01/06 91503 11016 21019 39671 40007 53013 60002 74944 333 11015 21038 41002 60007 90710 91104 93100 555 60005=
07299,2008-12-14 19:00:00,-1.6,1001.3,1.5,98,-1.9,600,5.556,9.26,,140,,,0,,,,,,,49,og-post,,,,AAXX 14194 07299 21/06 91403 11016 21019 39677 40013 53015 74944 333 60005 90710 91105 93100=
07299,2008-12-14 20:00:00,-1.8,1002.2,2,98,-2.1,900,3.704,9.26,,150,,,0,,,,,,,48,og-post,,,,AAXX 14204 07299 21009 81502 11018 21021 39685 40022 53020 74844 886// 333 60005 88701 90710 91105 93100=
07299,2008-12-14 21:00:00,-1.5,1002.8,2.1,98,-1.8,500,7.408,9.26,,180,,,0,0,,,,,,48,og-post,,2,,AAXX 14214 07299 21005 81804 11015 21018 39692 40028 53021 74844 886// 333 41002 60007 88701 90710 91105 93100 555 60005=
07299,2008-12-14 22:00:00,-1.3,1003.4,2.1,98,-1.6,400,5.556,11.112,,160,,,0,,,,,,,49,og-post,,,,AAXX 14224 07299 21/04 91603 11013 21016 39698 40034 51021 74944 333 60005 90710 91106 93100=
07299,2008-12-14 23:00:00,-1.1,1004.2,2.1,98,-1.4,400,1.852,9.26,,120,,,0,,,,,,,49,og-post,,,,AAXX 14234 07299 21/04 91201 11011 21014 39706 40042 53021 74944 333 60005 90710 91105 93100=
07299,2008-12-15 00:00:00,-1,1004.9,2,98,-1.3,900,5.556,7.408,,70,,,0,0,,,,,,48,og-post,,2,,AAXX 15004 07299 01009 80703 11010 21013 39712 40049 52020 60001 74844 886// 333 41002 60007 88701 90710 91104 93100 555 60005=
07299,2008-12-15 01:00:00,-1.3,1005.2,1.7,98,-1.6,4400,1.852,9.26,,60,,,0,,,,,,,10,og-post,,,,AAXX 15014 07299 24244 80601 11013 21016 39715 40052 51017 710// 333 60005 90710 91105=
07299,2008-12-15 02:00:00,-1.3,1005.7,1.4,97,-1.7,4700,3.704,5.556,,60,,,0,,,,,,,10,og-post,,,,AAXX 15024 07299 24247 80602 11013 21017 39720 40057 51014 710// 333 60005 90710 91103=
07299,2008-12-15 03:00:00,-1.2,1006.4,1.5,97,-1.6,900,1.852,5.556,,80,,,0,0,,,,,,49,og-post,,2,,AAXX 15034 07299 21/09 90801 11012 21016 39727 40064 53015 749// 333 41002 60007 90710 91103 555 60005=
07299,2008-12-15 04:00:00,-0.9,1007,1.8,98,-1.2,700,1.852,5.556,,130,,,0,,,,,,,49,og-post,,,,AAXX 15044 07299 21/07 91301 11009 21012 39733 40070 53018 74944 333 60005 90710 91103=
07299,2008-12-15 05:00:00,-0.5,1007.8,2.1,98,-0.8,1500,,5.556,,,,,0,,,,,,,28,og-post,,,,AAXX 15054 07299 21115 80000 11005 21008 39741 40078 53021 72842 886// 333 60005 84702 88706 90710 91103=
07299,2008-12-15 06:00:00,-0.5,1008.7,2.3,98,-0.8,2500,3.704,5.556,,160,-1.8,-0.4,0,0,,,0,0,-2,10,og-post,,2,,AAXX 15064 07299 01225 81602 11005 21008 39750 40087 53023 60002 710// 886// 333 11004 21018 3/102 41002 55000 60007 70000 84703 88705 90710 91103 555 60005=
07299,2008-12-15 07:00:00,-0.6,1009.7,2.6,98,-0.9,1400,7.408,9.26,,140,,,0,,,,,,,10,og-post,,,,AAXX 15074 07299 21114 81404 11006 21009 39759 40097 53026 71022 886// 333 60005 84702 88704 90710 91105=
07299,2008-12-15 08:00:00,-0.6,1010.6,2.7,98,-0.9,1400,5.556,9.26,,160,,,0,,,,,,,10,og-post,,,,AAXX 15084 07299 21114 81603 11006 21009 39768 40106 52027 71022 886// 333 60005 85703 88704 90710 91105 93100=
07299,2008-12-15 09:00:00,-0.3,1011.4,2.6,98,-0.6,1400,5.556,9.26,,140,,,0,0,,,,,,10,og-post,,0,,AAXX 15094 07299 21114 81403 11003 21006 39776 40114 52026 71022 886// 333 41998 60007 83701 88705 90710 91105 93100 555 60005=
07299,2008-12-15 10:00:00,0,1011.9,2.2,98,-0.3,2500,3.704,7.408,,150,,,0,,,,,,,10,og-post,,,,AAXX 15104 07299 21125 81502 10000 21003 39781 40119 51022 71022 886// 333 60005 82702 88705 90710 91104 93100=
07299,2008-12-15 11:00:00,0.3,1011.7,1.2,98,0,3000,,5.556,,,,,0,,,,,,,10,og-post,,,,AAXX 15114 07299 21130 80000 10003 20000 39780 40117 50012 71022 886// 333 60005 82702 88704 90710 91103 93100=
07299,2008-12-15 12:00:00,0.4,1011.8,0.5,97,0,3500,3.704,7.408,,310,,,0,0,,,,,,10,og-post,,0,,AAXX 15124 07299 01235 83102 10004 20000 39781 40118 51005 60001 71022 886// 333 41998 60007 88704 90710 91104 93100 555 60005=
07299,2008-12-15 13:00:00,0.6,1011.6,-0.2,97,0.2,3000,7.408,14.816,,10,,,0,,,,,,,10,og-post,,,,AAXX 15134 07299 21230 80104 10006 20002 39779 40116 58002 71022 886// 333 60005 88703 90710 91108 93100=
07299,2008-12-15 14:00:00,0.6,1011.7,-0,96,0,2000,3.704,14.816,,340,,,0,,,,,,,10,og-post,,,,AAXX 15144 07299 21120 83402 10006 20000 39780 40117 54000 71022 886// 333 60005 88703 90710 91108 93100=
07299,2008-12-15 15:00:00,0.5,1012.2,0.4,96,-0.1,1700,3.704,12.964,,340,,,0,0,,,,,,10,og-post,,0,,AAXX 15154 07299 21217 83402 10005 21001 39785 40122 53004 71022 886// 333 41998 60007 88703 90710 91107 93100 555 60005=
07299,2008-12-15 16:00:00,0.5,1012.7,1.1,96,-0.1,1800,3.704,11.112,,330,,,0,,,,,,,10,og-post,,,,AAXX 15164 07299 21218 83302 10005 21001 39790 40127 53011 71022 886// 333 60005 88703 90710 91106 93100=
07299,2008-12-15 17:00:00,0.3,1013.3,1.5,96,-0.3,2500,7.408,14.816,,340,,,0,,,,,,,10,og-post,,,,AAXX 15174 07299 21225 83404 10003 21003 39795 40133 52015 71022 886// 333 60005 88703 90710 91108 93100=
07299,2008-12-15 18:00:00,0.3,1013.8,1.5,96,-0.3,3000,3.704,12.964,,340,-0.7,0.7,0,0,,,,,,10,og-post,,0,,AAXX 15184 07299 01230 83402 10003 21003 39800 40138 52015 60002 71022 886// 333 10007 21007 41998 60007 88704 90710 91107 93100 555 60005=
07299,2008-12-15 19:00:00,0.3,1014.1,1.3,96,-0.3,2000,,5.556,,,,,0,,,,,,,10,og-post,,,,AAXX 15194 07299 21120 80000 10003 21003 39803 40141 51013 71022 886// 333 60005 88703 90710 91103 93100=
07299,2008-12-15 20:00:00,0.2,1014.5,1.2,97,-0.2,900,3.704,5.556,,140,,,0,,,,,,,48,og-post,,,,AAXX 15204 07299 21109 81402 10002 21002 39807 40145 52012 74842 886// 333 60005 88703 90710 91103 93100=
07299,2008-12-15 21:00:00,0.3,1014.8,1,97,-0.1,2000,3.704,5.556,,140,,,0,0,,,,,,28,og-post,,0,,AAXX 15214 07299 21120 81402 10003 21001 39810 40148 52010 72842 886// 333 41998 60007 88703 90710 91103 93100 555 60005=
07299,2008-12-15 22:00:00,0.4,1015.1,1,97,0,4000,,9.26,,,,,0,,,,,,,10,og-post,,,,AAXX 15224 07299 21240 80000 10004 20000 39813 40151 51010 71022 886// 333 60005 88705 90710 91105 93100=
07299,2008-12-15 23:00:00,0.4,1015.1,0.6,95,-0.3,4500,9.26,11.112,,90,,,0,,,,,,,10,og-post,,,,AAXX 15234 07299 21245 80905 10004 21003 39813 40151 51006 71022 886// 333 6///5 88706 90710 91106 93100=
07299,2008-12-16 00:00:00,0.2,1015,0.2,94,-0.7,4500,1.852,12.964,,30,,,0,0,0,,,,,10,og-post,,0,,AAXX 16004 07299 01245 80301 10002 21007 39812 40150 51002 6///1 71042 886// 333 41998 6///7 88706 90710 91107 93100 555 60005=
07299,2008-12-16 01:00:00,0.2,1015.5,0.3,95,-0.5,5000,5.556,7.408,,90,,,0,,,,,,,0,og-post,,,,AAXX 16014 07299 24250 80903 10002 21005 39816 40155 53003 700// 333 60005 90710 91104=
07299,2008-12-16 02:00:00,0.2,1015.5,0.3,95,-0.5,5000,3.704,9.26,,100,,,0,,,,,,,0,og-post,,,,AAXX 16024 07299 24250 81002 10002 21005 39816 40155 53003 700// 333 60005 90710 91105=
07299,2008-12-16 03:00:00,0.2,1015,0,94,-0.7,7000,,5.556,,,,,0,0,,,,,,2,og-post,,0,,AAXX 16034 07299 21357 80000 10002 21007 39812 40150 50000 702// 886// 333 41998 60007 86707 90710 91103 93100 555 60005=
07299,2008-12-16 04:00:00,0.2,1014.8,-0.6,94,-0.7,7000,,3.704,,,,,0,,,,,,,,og-post,,,,AAXX 16044 07299 22257 80000 10002 21007 39810 40148 58006 886// 333 60005 85705 88611 90710 91102 93100=
07299,2008-12-16 05:00:00,0.2,1014.9,-0.5,95,-0.5,4000,1.852,5.556,,280,,,0,,,,,,,10,og-post,,,,AAXX 16054 07299 21340 82801 10002 21005 39811 40149 55005 71022 886// 333 60005 88708 90710 91103 93100=
07299,2008-12-16 06:00:00,0.4,1015.1,0.1,95,-0.3,4000,,5.556,,,0.2,0.4,0,0,,0,,0,0,10,og-post,,0,,AAXX 16064 07299 01240 80000 10004 21003 39813 40151 53001 6///2 710// 886// 333 10004 20002 3/000 41998 55000 60007 7//// 88706 90710 91103 93100 555 60005=
07299,2008-12-16 07:00:00,0.5,1015.1,0.3,95,-0.2,4500,11.112,16.668,,350,,,0,,,,,,,10,og-post,,,,AAXX 16074 07299 21245 83506 10005 21002 39813 40151 51003 71022 886// 333 60005 88706 90710 91109 93100=
07299,2008-12-16 08:00:00,0.5,1015.2,0.3,93,-0.5,6000,3.704,16.668,,330,,,0,,,,,,,,og-post,,,,AAXX 16084 07299 22356 83302 10005 21005 39814 40152 52003 886// 333 60005 88707 90710 91109 93100=
07299,2008-12-16 09:00:00,0.7,1015.2,0.1,93,-0.3,8000,9.26,14.816,,340,,,0,0,,,,,,,og-post,,0,,AAXX 16094 07299 22358 83405 10007 21003 39814 40152 52001 886// 333 41998 60007 88707 90710 91108 93100 555 60005=
07299,2008-12-16 10:00:00,0.8,1014.9,-0.2,92,-0.4,6000,7.408,14.816,,360,,,0,,,,,,,,og-post,,,,AAXX 16104 07299 22256 83604 10008 21004 39811 40149 58002 886// 333 60005 88706 90710 91108 93100=
07299,2008-12-16 11:00:00,0.7,1014,-1.1,93,-0.3,7000,11.112,16.668,,340,,,0,,,,,,,,og-post,,,,AAXX 16114 07299 22257 83406 10007 21003 39803 40140 58011 886// 333 60005 84704 88707 90710 91109 93100=
07299,2008-12-16 12:00:00,0.7,1013.3,-1.8,93,-0.3,7000,9.26,20.372,,360,,,0,0,,,,,,,og-post,,0,,AAXX 16124 07299 02257 83605 10007 21003 39796 40133 58018 60001 886// 333 41998 60007 88706 90710 91111 93100 555 60005=
07299,2008-12-16 13:00:00,0.9,1012.7,-2.1,88,-0.9,7000,7.408,16.668,,360,,,0,,,,,,,,og-post,,,,AAXX 16134 07299 22257 83604 10009 21009 39790 40127 56021 886// 333 60005 81705 88706 90710 91109 93100=
07299,2008-12-16 14:00:00,1,1012.4,-1.6,88,-0.8,9000,5.556,11.112,,330,,,0,,,,,,,,og-post,,,,AAXX 16144 07299 22259 83303 10010 21008 39787 40124 56016 886// 333 60005 81705 88708 90710 91106 93100=
07299,2008-12-16 15:00:00,0.6,1012.3,-1,92,-0.6,9000,5.556,16.668,,50,,,0,0,,,,,,,og-post,,0,,AAXX 16154 07299 22259 80503 10006 21006 39786 40123 56010 886// 333 41998 60007 81705 88706 90710 91109 93100 555 60005=
07299,2008-12-16 16:00:00,0.6,1012.2,-0.5,93,-0.4,4500,,9.26,,,,,0,,,,,,,10,og-post,,,,AAXX 16164 07299 21245 80000 10006 21004 39785 40122 56005 71022 886// 333 60005 88705 90710 91105 93100=
07299,2008-12-16 17:00:00,0.5,1012.3,-0.1,96,-0.1,3500,3.704,5.556,,230,,,,,,,,,,51,og-post,,,,AAXX 16174 07299 21135 82302 10005 21001 39786 40123 55001 75152 886// 333 69905 88703 90710 91103 93100=
07299,2008-12-16 18:00:00,0.6,1012.6,0.3,96,0,3000,5.556,11.112,,300,0.3,1.2,,,,,,,,51,og-post,,0,,AAXX 16184 07299 01230 83003 10006 20000 39789 40126 53003 69902 75152 886// 333 10012 20003 41998 69907 88704 90710 91106 93100 555 69905=
07299,2008-12-16 19:00:00,0.5,1012.7,0.5,97,0.1,2500,7.408,12.964,,290,,,0.2,,,,,,,51,og-post,,,,AAXX 16194 07299 21225 82904 10005 20001 39790 40127 52005 75155 886// 333 69925 88705 90710 91107 93100=
07299,2008-12-16 20:00:00,0.5,1012.5,0.2,97,0.1,2500,9.26,14.816,,280,,,,,,,,,,51,og-post,,,,AAXX 16204 07299 21125 82805 10005 20001 39788 40125 50002 75155 886// 333 69905 82702 88704 90710 91108 93100=
07299,2008-12-16 21:00:00,0.4,1012.8,0.2,97,0,3500,7.408,16.668,,270,,,,0.2,,,,,,51,og-post,,0,,AAXX 16214 07299 21135 82704 10004 20000 39791 40128 53002 75155 887// 333 41998 69927 82702 88704 90710 91109 93100 555 69905=
07299,2008-12-16 22:00:00,0.4,1012.9,0.2,97,0,3500,7.408,14.816,,270,,,,,,,,,,51,og-post,,,,AAXX 16224 07299 21135 82704 10004 20000 39792 40129 53002 75155 887// 333 69905 81702 88705 90710 91108 93100=
07299,2008-12-16 23:00:00,0.3,1013.2,0.6,96,-0.3,4000,9.26,16.668,,270,,,,,,,,,,51,og-post,,,,AAXX 16234 07299 21240 82705 10003 21003 39794 40132 51006 75155 887// 333 69905 88705 90710 91109 93100=
07299,2008-12-17 00:00:00,0.3,1013,0.1,95,-0.4,4500,7.408,11.112,,270,,,,,0.2,,,,,50,og-post,,0,,AAXX 17004 07299 01245 82704 10003 21004 39792 40130 50001 69921 75055 887// 333 41998 69907 81705 87716 90710 91106 93100 555 69905=
07299,2008-12-17 01:00:00,0.2,1012.9,-0.1,96,-0.4,3000,3.704,11.112,,220,,,,,,,,,,10,og-post,,,,AAXX 17014 07299 24330 82202 10002 21004 39791 40129 58001 710// 333 69905 90710 91106=
07299,2008-12-17 02:00:00,0.2,1013.2,-0,96,-0.4,8000,3.704,5.556,,130,,,,,,,,,,0,og-post,,,,AAXX 17024 07299 24458 81302 10002 21004 39794 40132 55000 700// 333 69905 90710 91103=
07299,2008-12-17 03:00:00,0.1,1012.7,-0.3,96,-0.5,9000,,5.556,,,,,,,,,,,,20,og-post,,0,,AAXX 17034 07299 21459 70000 10001 21005 39789 40127 58003 720// 875// 333 41998 69907 83716 87623 90710 91103 93100 555 69905=
07299,2008-12-17 04:00:00,0.3,1012.9,-0,97,-0.1,10000,5.556,9.26,,90,,,0,,,,,,,,og-post,,,,AAXX 17044 07299 22460 70903 10003 21001 39791 40129 54000 875// 333 60005 84711 87624 90710 91105 93100=
07299,2008-12-17 05:00:00,0.4,1012.8,-0.3,95,-0.3,12000,5.556,9.26,,210,,,0,,,,,,,,og-post,,,,AAXX 17054 07299 22462 72103 10004 21003 39791 40128 56003 875// 333 60005 87614 90710 91105 93100=
07299,2008-12-17 06:00:00,0.8,1012.9,0.3,90,-0.7,15000,11.112,16.668,,200,0.1,0.8,0,0,,0.2,0.2,0,-0,3,og-post,,0,,AAXX 17064 07299 01465 72006 10008 21007 39792 40129 51003 69922 703// 875// 333 10008 20001 3/100 41998 55000 60007 70002 87612 90710 91109 93100 555 60005=
07299,2008-12-17 07:00:00,0.9,1012.9,0.1,89,-0.7,15000,16.668,24.076,,220,,,,,,,,,,70,og-post,,,,AAXX 17074 07299 21465 72209 10009 21007 39792 40129 52001 77072 875// 333 69905 82612 87624 90710 91113 93100=
07299,2008-12-17 08:00:00,0.7,1013.5,0.7,91,-0.6,3000,16.668,27.78,,240,,,0.2,,,,,,,71,og-post,,,,AAXX 17084 07299 21430 82409 10007 21006 39798 40135 53007 77177 885// 333 69925 85610 88623 90710 91115 93101=
07299,2008-12-17 09:00:00,0.3,1014.3,1.3,96,-0.3,1000,11.112,24.076,,240,,,1,1,,,,,,71,og-post,,2,,AAXX 17094 07299 21210 82406 10003 21003 39805 40143 53013 77172 885// 333 43002 60017 82705 86612 88621 90710 91113 93102 555 60015=
07299,2008-12-17 10:00:00,0.4,1014.8,1.8,95,-0.3,4000,12.964,22.224,,240,,,1,,,,,,,71,og-post,,,,AAXX 17104 07299 21240 82407 10004 21003 39810 40148 52018 77177 885// 333 60015 83705 86617 88626 90710 91112 93101=
07299,2008-12-17 11:00:00,0.6,1014.7,1.1,92,-0.6,9000,16.668,24.076,,230,,,,,,,,,,70,og-post,,,,AAXX 17114 07299 21459 82309 10006 21006 39809 40147 50011 77077 888// 333 69905 82810 86625 88636 90710 91113 93101=
07299,2008-12-17 12:00:00,0.4,1015,0.7,94,-0.5,1200,12.964,24.076,,240,,,0.4,2,3,,,,,73,og-post,,4,,AAXX 17124 07299 01212 82407 10004 21005 39812 40150 51007 60031 77372 888// 333 43004 60027 81705 85811 88625 90710 91113 93104 555 69945=
07299,2008-12-17 13:00:00,0.4,1015.1,0.3,95,-0.3,1400,5.556,20.372,,230,,,0.8,,,,,,,71,og-post,,,,AAXX 17134 07299 21214 82303 10004 21003 39813 40151 53003 77177 885// 333 69985 83705 86612 88623 90710 91111 93101=
07299,2008-12-17 14:00:00,0.5,1015.1,0.4,94,-0.4,1700,3.704,18.52,,180,,,0.8,,,,,,,71,og-post,,,,AAXX 17144 07299 21217 81802 10005 21004 39813 40151 51004 77177 885// 333 69985 84705 87608 88621 90710 91110 93101=
07299,2008-12-17 15:00:00,0.5,1015.7,0.7,91,-0.8,4500,5.556,18.52,,250,,,,2,,,,,,71,og-post,,5,,AAXX 17154 07299 21245 82503 10005 21008 39819 40157 53007 77177 885// 333 43005 60027 82705 86609 88624 90710 91110 93101 555 69905=
07299,2008-12-17 16:00:00,0.5,1016.8,1.6,89,-1.1,9000,7.408,18.52,,230,,,0.2,,,,,,,70,og-post,,,,AAXX 17164 07299 21259 82304 10005 21011 39829 40168 53016 77077 885// 333 69925 81705 87611 88625 90710 91110 93101=
07299,2008-12-17 17:00:00,0.5,1017.3,2.1,90,-1,11000,16.668,27.78,,240,,,,,,,,,,78,og-post,,,,AAXX 17174 07299 21261 82409 10005 21010 39834 40173 51021 77877 885// 333 69905 81705 88609 90710 91115 93101=
07299,2008-12-17 18:00:00,0.4,1017.8,2,91,-0.9,12000,12.964,25.928,,250,0.3,0.9,,0.2,,5,,,,22,og-post,,4,,AAXX 17184 07299 01262 82507 10004 21009 39839 40178 51020 60052 72272 885// 333 10009 20003 43004 69927 81705 88609 90710 91114 93101 555 69905=
07299,2008-12-17 19:00:00,0.3,1018.6,1.7,90,-1.1,12000,9.26,22.224,,240,,,0,,,,,,,,og-post,,,,AAXX 17194 07299 22262 82405 10003 21011 39846 40186 53017 885// 333 60005 81705 88610 90710 91112 93100=
07299,2008-12-17 20:00:00,0.3,1019,1.6,89,-1.3,12000,9.26,18.52,,210,,,0,,,,,,,,og-post,,,,AAXX 17204 07299 22262 82105 10003 21013 39850 40190 51016 885// 333 60005 81705 88611 90710 91110 93100=
07299,2008-12-17 21:00:00,0.2,1019.6,1.7,88,-1.6,12000,11.112,18.52,,220,,,0,0,,,,,,,og-post,,4,,AAXX 17214 07299 22262 82206 10002 21016 39856 40196 51017 885// 333 43004 60007 81705 88622 90710 91110 93100 555 60005=
07299,2008-12-17 22:00:00,0,1019.9,1.3,90,-1.4,10000,1.852,14.816,,240,,,0,,,,,,,,og-post,,,,AAXX 17224 07299 22260 82401 10000 21014 39859 40199 51013 885// 333 60005 81705 88621 90710 91108 93100=
07299,2008-12-17 23:00:00,0.3,1020.1,1.1,89,-1.3,10000,3.704,9.26,,140,,,0,,,,,,,,og-post,,,,AAXX 17234 07299 22260 81402 10003 21013 39861 40201 51011 885// 333 6///5 81705 88613 90710 91105 93100=
07299,2008-12-18 00:00:00,0.4,1020,0.4,87,-1.5,8000,3.704,7.408,,150,,,0,0,0,,,,,,og-post,,4,,AAXX 18004 07299 02458 81502 10004 21015 39860 40200 50004 6///1 885// 333 43004 6///7 85614 88625 90710 91104 93100 555 60005=
07299,2008-12-18 01:00:00,0.1,1020.1,0.2,91,-1.2,2100,,5.556,,,,,0,,,,,,,72,og-post,,,,AAXX 18014 07299 24521 80000 10001 21012 39861 40201 51002 772// 333 60005 90710 91103=
07299,2008-12-18 02:00:00,-0.1,1020.4,0.2,95,-0.8,1300,3.704,3.704,,90,,,0.6,,,,,,,71,og-post,,,,AAXX 18024 07299 24313 80902 11001 21008 39863 40204 53002 771// 333 69965 90710 91102=
07299,2008-12-18 03:00:00,-0.1,1020.7,0.6,96,-0.7,1200,1.852,3.704,,130,,,0.2,0.8,,,,,,71,og-post,,4,,AAXX 18034 07299 21112 81301 11001 21007 39866 40207 53006 771// 887// 333 4/004 69987 82702 88708 90710 91102 93103 555 69925=
07299,2008-12-18 04:00:00,-0.1,1021,0.8,97,-0.5,1500,3.704,5.556,,150,,,0.2,,,,,,,70,og-post,,,,AAXX 18044 07299 21115 81502 11001 21005 39869 40210 53008 77077 885// 333 69925 82702 88611 90710 91103 93103=
07299,2008-12-18 05:00:00,0,1021.6,1.2,97,-0.4,1500,3.704,9.26,,100,,,0.2,,,,,,,70,og-post,,,,AAXX 18054 07299 21115 81002 10000 21004 39875 40216 53012 77077 885// 333 69925 82702 88610 90710 91105 93103=
07299,2008-12-18 06:00:00,0,1022.2,1.5,97,-0.4,1500,,3.704,,,-0.2,0.4,,0.4,,0,,0,-1,70,og-post,,4,,AAXX 18064 07299 01115 80000 10000 21004 39881 40222 53015 6///2 770/7 885// 333 10004 21002 3/101 4/004 55000 69947 7//// 82702 88611 90710 91102 93103 555 69905=
07299,2008-12-18 07:00:00,-0.1,1022.8,1.8,97,-0.5,1500,1.852,5.556,,170,,,,,,,,,,22,og-post,,,,AAXX 18074 07299 21115 81701 11001 21005 39887 40228 52018 72272 885// 333 69905 82702 88611 90710 91103 93103=
07299,2008-12-18 08:00:00,-0.1,1023.3,1.6,96,-0.7,2000,,,,,,,0,,,,,,,22,og-post,,,,AAXX 18084 07299 21020 80000 11001 21007 39891 40233 51016 72222 885// 333 60005 81701 87609 90710 91100 93100=
07299,2008-12-18 09:00:00,0.2,1023.5,1.3,97,-0.2,2500,,5.556,,,,,0,,,,,,,10,og-post,,5,,AAXX 18094 07299 21025 80000 10002 21002 39894 40235 51013 71072 885// 333 43005 69907 81701 87609 90710 91103 93100 555 60005=
07299,2008-12-18 10:00:00,0.8,1024,1.2,96,0.2,3000,,3.704,,,,,0,,,,,,,10,og-post,,,,AAXX 18104 07299 21330 80000 10008 20002 39899 40240 53012 71022 885// 333 60005 87608 90710 91102 93100=
07299,2008-12-18 11:00:00,1.3,1024,0.9,93,0.3,6000,,3.704,,,,,0,,,,,,,,og-post,,,,AAXX 18114 07299 22356 80000 10013 20003 39900 40240 51009 885// 333 60005 85707 87621 90710 91102 93100=
07299,2008-12-18 12:00:00,1.9,1023.7,0.4,90,0.4,6000,,3.704,,,,,0,0,,,,,,1,og-post,,4,,AAXX 18124 07299 01356 80000 10019 20004 39898 40237 50004 69901 70172 885// 333 43004 60007 81608 87618 90710 91102 93100 555 60005=
07299,2008-12-18 13:00:00,1.9,1023.7,-0.1,88,0.1,7000,3.704,5.556,,340,,,0,,,,,,,,og-post,,,,AAXX 18134 07299 22357 83402 10019 20001 39898 40237 58001 885// 333 60005 81609 87650 90710 91103 93100=
07299,2008-12-18 14:00:00,2.3,1023.7,-0.2,88,0.5,6000,,5.556,,,,,0,,,,,,,,og-post,,,,AAXX 18144 07299 22356 80000 10023 20005 39898 40237 56002 885// 333 60005 85607 87650 90710 91103 93100=
07299,2008-12-18 15:00:00,1.9,1024.3,0.6,90,0.4,6000,,3.704,,,,,0,0,,,,,,,og-post,,2,,AAXX 18154 07299 22456 80000 10019 20004 39904 40243 53006 885// 333 42002 60007 83616 87650 90710 91102 93100 555 60005=
07299,2008-12-18 16:00:00,1.1,1024.8,0.9,93,0.1,4000,,3.704,,,,,0,,,,,,,10,og-post,,,,AAXX 18164 07299 21340 70000 10011 20001 39907 40248 53009 71022 878// 333 60005 85809 87650 90710 91102 93100=
07299,2008-12-18 17:00:00,0.9,1025.2,1.3,93,-0.1,6000,5.556,16.668,,220,,,0,,,,,,,,og-post,,,,AAXX 18174 07299 22356 82203 10009 21001 39911 40252 51013 885// 333 60005 85607 85620 87650 90710 91109 93100=
07299,2008-12-18 18:00:00,0.7,1025.3,0.8,93,-0.3,6000,,18.52,,,-0.2,2.3,0,0,,,,,,,og-post,,1,,AAXX 18184 07299 02256 80000 10007 21003 39912 40253 51008 69902 885// 333 10023 21002 42001 60007 88606 90710 91110 93100 555 60005=
07299,2008-12-18 19:00:00,0.4,1025.6,0.7,93,-0.6,6000,1.852,9.26,,90,,,0,,,,,,,,og-post,,,,AAXX 18194 07299 22356 80901 10004 21006 39914 40256 51007 8653/ 333 60005 82607 85619 87363 90710 91105 93100=
07299,2008-12-18 20:00:00,-0.8,1025.7,0.3,95,-1.5,3000,1.852,5.556,,240,,,0,,,,,,,10,og-post,,,,AAXX 18204 07299 21230 72401 11008 21015 39914 40257 51003 71022 8663/ 333 60005 84705 84613 87363 90710 91103 93100=
07299,2008-12-18 21:00:00,-1,1025.9,0.3,97,-1.4,1200,5.556,9.26,,180,,,0,0,,,,,,40,og-post,,1,,AAXX 18214 07299 21212 71803 11010 21014 39915 40259 52003 74042 8653/ 333 42001 60007 82704 85610 86363 90710 91105 93100 555 60005=
07299,2008-12-18 22:00:00,-0.4,1026.2,0.5,97,-0.8,3000,3.704,5.556,,230,,,0,,,,,,,10,og-post,,,,AAXX 18224 07299 21230 72302 11004 21008 39919 40262 53005 71022 876// 333 60005 82704 86707 85650 90710 91103 93100=
07299,2008-12-18 23:00:00,0.1,1026.2,0.6,97,-0.3,3800,5.556,7.408,,170,,,0,,,,,,,10,og-post,,,,AAXX 18234 07299 21238 71703 10001 21003 39920 40262 52006 71022 875// 333 60005 81705 85708 86650 90710 91104 93100=
07299,2008-12-19 00:00:00,0.4,1025.9,0.2,96,-0.2,4700,7.408,11.112,,160,,,0,0,,,,,,10,og-post,,1,,AAXX 19004 07299 01247 81604 10004 21002 39917 40259 50002 60001 71042 875// 333 42001 60007 81705 83708 87645 90710 91106 93100 555 60005=
07299,2008-12-19 01:00:00,0.4,1025.9,-0.2,94,-0.5,4500,3.704,9.26,,200,,,0,,,,,,,51,og-post,,,,AAXX 19014 07299 24645 82002 10004 21005 39917 40259 58002 751// 333 60005 90710 91105=
07299,2008-12-19 02:00:00,0.4,1026.1,-0.1,95,-0.3,2300,,9.26,,,,,0.2,,,,,,,68,og-post,,,,AAXX 19024 07299 24523 80000 10004 21003 39919 40261 55001 768// 333 69925 90710 91105=
07299,2008-12-19 03:00:00,0.4,1025.9,0,96,-0.2,2200,3.704,9.26,,140,,,0.8,1,,,,,,68,og-post,,2,,AAXX 19034 07299 21222 81402 10004 21002 39917 40259 50000 76872 885// 333 42002 60017 81703 84708 88625 90710 91105 93101 555 69985=
07299,2008-12-19 04:00:00,0.5,1025.9,0,97,0.1,3000,5.556,7.408,,130,,,0.2,,,,,,,58,og-post,,,,AAXX 19044 07299 21130 81303 10005 20001 39917 40259 50000 75876 885// 333 69925 82702 86707 88623 90710 91104 93100=
07299,2008-12-19 05:00:00,0.8,1026.1,0.1,97,0.4,4500,5.556,11.112,,160,,,,,,,,,,20,og-post,,,,AAXX 19054 07299 21145 81603 10008 20004 39920 40261 53001 72062 885// 333 69905 81702 85708 88617 90710 91106 93100=
07299,2008-12-19 06:00:00,0.9,1026,0.2,96,0.3,5000,11.112,14.816,,150,-1.3,0.9,0,0.2,,1,1.2,0,-3,1,og-post,,2,,AAXX 19064 07299 01150 81506 10009 20003 39919 40260 50002 60012 70176 885// 333 10009 21013 3/103 42002 55000 69927 70012 81702 83708 88613 90710 91108 93101 555 60005=
07299,2008-12-19 07:00:00,0.9,1027.3,1.4,96,0.3,6000,1.852,9.26,,200,,,,,,,,,,58,og-post,,,,AAXX 19074 07299 21256 82001 10009 20003 39931 40273 53014 75822 885// 333 69905 81703 85609 88616 90710 91105 93100=
07299,2008-12-19 08:00:00,1.2,1026.9,0.8,96,0.6,6000,9.26,14.816,,150,,,,,,,,,,21,og-post,,,,AAXX 19084 07299 21356 81505 10012 20006 39928 40269 50008 72165 875// 333 69905 83709 87615 90710 91108 93100=
07299,2008-12-19 09:00:00,1.6,1027.1,1.1,95,0.9,7000,5.556,14.816,,100,,,0,,,,,,,3,og-post,,2,,AAXX 19094 07299 21357 81003 10016 20009 39930 40271 51011 70365 878// 333 42002 69907 82808 87615 90710 91108 93100 555 60005=
07299,2008-12-19 10:00:00,1.5,1027.7,0.5,95,0.8,5000,,9.26,,,,,0,,,,,,,,og-post,,,,AAXX 19104 07299 22450 80000 10015 20008 39936 40277 53005 875// 333 60005 87610 90710 91105 93100=
07299,2008-12-19 11:00:00,1.9,1027.5,0.7,95,1.2,4000,5.556,9.26,,170,,,0.2,,,,,,,50,og-post,,,,AAXX 19114 07299 21440 81703 10019 20012 39935 40275 50007 75052 887// 333 69925 87710 90710 91105 93100=
07299,2008-12-19 12:00:00,2.3,1027.5,0.5,96,1.7,3500,5.556,12.964,,170,,,0.2,0.4,0.4,,,,,50,og-post,,2,,AAXX 19124 07299 01435 81703 10023 20017 39935 40275 51005 69941 75065 887// 333 42002 69947 87710 90710 91107 93100 555 69925=
07299,2008-12-19 13:00:00,3,1027.3,-0.2,96,2.4,6000,5.556,9.26,,70,,,,,,,,,,20,og-post,,,,AAXX 19134 07299 21456 80703 10030 20024 39934 40273 57002 72052 875// 333 69905 85610 87650 90710 91105 93100=
07299,2008-12-19 14:00:00,3.6,1027.5,0.2,95,2.9,7000,7.408,12.964,,50,,,0,,,,,,,,og-post,,,,AAXX 19144 07299 22357 70504 10036 20029 39937 40275 53002 875// 333 60005 85609 87621 90710 91107 93100=
07299,2008-12-19 15:00:00,4.1,1027.6,0.3,94,3.2,15000,,18.52,,,,,0,,,,,,,1,og-post,,,,AAXX 19154 07299 21465 70000 10041 20032 39938 40276 53003 70152 875// 333 69907 85615 87638 90710 91110 93100 555 60005=
07299,2008-12-19 16:00:00,4.9,1027.8,0.7,91,3.6,15000,20.372,31.484,,220,,,0,,,,,,,,og-post,,,,AAXX 19164 07299 22465 72211 10049 20036 39941 40278 52007 875// 333 60005 84610 87650 90710 91117 93100=
07299,2008-12-19 17:00:00,5,1028.7,1.3,90,3.5,20000,22.224,31.484,,240,,,0,,,,,,,,og-post,,,,AAXX 19174 07299 22470 72412 10050 20035 39950 40287 53013 878// 333 60005 81815 83630 87650 90710 91117 93100=
07299,2008-12-19 18:00:00,4.7,1029.1,1.6,91,3.4,20000,20.372,33.336,,220,0.8,5.1,0,0,,0.4,,,,1,og-post,,,,AAXX 19184 07299 01570 42211 10047 20034 39954 40291 53016 69942 70151 84800 333 10051 20008 60007 81820 84650 90710 91118 93100 555 60005=
07299,2008-12-19 19:00:00,4.8,1030.2,2.3,91,3.5,18000,14.816,25.928,,230,,,0,,,,,,,,og-post,,,,AAXX 19194 07299 22568 72308 10048 20035 39964 40302 53023 878// 333 60005 81823 86650 90710 91114 93100=
07299,2008-12-19 20:00:00,4.7,1030.1,1.3,89,3,12000,22.224,35.188,,220,,,0,,,,,,,,og-post,,,,AAXX 19204 07299 22762 32212 10047 20030 39963 40301 50013 83500 333 60005 83650 90710 91119 93100=
07299,2008-12-19 21:00:00,4.2,1030.6,1.3,89,2.5,12000,14.816,29.632,,220,,,0,0,,,,,,,og-post,,,,AAXX 19214 07299 22762 12208 10042 20025 39967 40306 51013 81500 333 60007 81650 90710 91116 93100 555 60005=
07299,2008-12-19 22:00:00,4,1031.2,0.9,91,2.7,12000,14.816,22.224,,230,,,0,,,,,,,,og-post,,,,AAXX 19224 07299 22762 72308 10040 20027 39973 40312 53009 875// 333 60005 87650 90710 91112 93100=
07299,2008-12-19 23:00:00,3.8,1031.6,1.4,91,2.5,12000,5.556,16.668,,230,,,0,,,,,,,,og-post,,,,AAXX 19234 07299 22762 72303 10038 20025 39977 40316 52014 8553/ 333 60005 85650 86361 90710 91109 93100=
07299,2008-12-20 00:00:00,3.9,1031.7,1.1,91,2.6,12000,11.112,16.668,,230,,,0,0,,,,,,,og-post,,,,AAXX 20004 07299 02762 72306 10039 20026 39978 40317 51011 60001 8353/ 333 60007 83650 86360 90710 91109 93100 555 60005=
07299,2008-12-20 01:00:00,4.2,1031.9,0.7,90,2.7,13000,11.112,20.372,,210,,,0,,,,,,,0,og-post,,,,AAXX 20014 07299 24963 82106 10042 20027 39980 40319 51007 700// 333 60005 90710 91111=
07299,2008-12-20 02:00:00,3.9,1031.9,0.3,91,2.6,13000,3.704,16.668,,190,,,0,,,,,,,0,og-post,,,,AAXX 20024 07299 24863 81902 10039 20026 39980 40319 52003 700// 333 60005 90710 91109=
07299,2008-12-20 03:00:00,2.9,1032,0.1,94,2,8000,5.556,7.408,,90,,,0,0,,,,,,3,og-post,,,,AAXX 20034 07299 21658 70903 10029 20020 39979 40320 50001 703// 8553/ 333 60007 85643 87358 90710 91104 93100 555 60005=
07299,2008-12-20 04:00:00,2.7,1031.9,-0.2,95,2,8000,3.704,11.112,,130,,,0,,,,,,,,og-post,,,,AAXX 20044 07299 22658 81302 10027 20020 39978 40319 58002 8157/ 333 60005 81643 87357 90710 91106 93100=
07299,2008-12-20 05:00:00,2.8,1032.3,0.2,94,1.9,8000,3.704,12.964,,140,,,0,,,,,,,,og-post,,,,AAXX 20054 07299 22558 81402 10028 20019 39982 40323 53002 878// 333 60005 81830 87643 90710 91107 93100=
07299,2008-12-20 06:00:00,2.8,1032.1,0.1,95,2.1,9000,9.26,12.964,,130,2.6,5.1,0,0,,,0.4,0.2,2,1,og-post,,,,AAXX 20064 07299 01559 81305 10028 20021 39980 40321 50001 60002 701// 878// 333 10051 20026 31002 55002 60007 70004 81830 87656 90710 91107 93100 555 60005=
07299,2008-12-20 07:00:00,3.1,1031.7,0.1,94,2.2,12000,9.26,14.816,,150,,,,,,,,,,60,og-post,,,,AAXX 20074 07299 21662 81505 10031 20022 39977 40317 50001 76062 878// 333 69905 81840 87656 90710 91108 93100=
07299,2008-12-20 08:00:00,3.1,1032.4,0.1,92,1.9,12000,3.704,12.964,,140,,,,,,,,,,21,og-post,,,,AAXX 20084 07299 21562 71402 10031 20019 39983 40324 53001 72162 878// 333 69905 81833 87640 90710 91107 93100=
07299,2008-12-20 09:00:00,4.1,1032.1,0.2,90,2.6,15000,5.556,9.26,,70,,,0,,,,,,,2,og-post,,,,AAXX 20094 07299 21665 70703 10041 20026 39982 40321 53002 70262 878// 333 69907 83836 87656 90710 91105 93100 555 60005=
07299,2008-12-20 10:00:00,6.7,1031.8,0.5,77,2.9,15000,7.408,14.816,,190,,,0,,,,,,,,og-post,,,,AAXX 20104 07299 22565 71904 10067 20029 39982 40318 51005 878// 333 60005 81829 83645 87656 90710 91108 93100=
07299,2008-12-20 11:00:00,6.7,1031.6,-0.3,77,2.9,20000,3.704,18.52,,40,,,0,,,,,,,,og-post,,,,AAXX 20114 07299 22570 70402 10067 20029 39980 40316 58003 878// 333 60005 81828 87630 90710 91110 93100=
07299,2008-12-20 12:00:00,6.9,1031.2,-0.6,77,3.1,20000,11.112,20.372,,230,,,0,0,,,,,,2,og-post,,,,AAXX 20124 07299 01570 72306 10069 20031 39976 40312 58006 69901 70262 878// 333 60007 81827 87629 90710 91111 93100 555 60005=
07299,2008-12-20 13:00:00,6.7,1031.2,-0.6,81,3.7,20000,5.556,20.372,,240,,,0,,,,,,,,og-post,,,,AAXX 20134 07299 22570 72403 10067 20037 39976 40312 56006 878// 333 60005 81827 87628 90710 91111 93100=
07299,2008-12-20 14:00:00,6.6,1031.4,-0.2,80,3.4,20000,7.408,18.52,,240,,,0,,,,,,,,og-post,,,,AAXX 20144 07299 22570 72404 10066 20034 39978 40314 55002 878// 333 60005 81823 87624 90710 91110 93100=
07299,2008-12-20 15:00:00,6.3,1030.7,-0.5,81,3.3,20000,7.408,20.372,,210,,,0,0,,,,,,,og-post,,,,AAXX 20154 07299 22570 72104 10063 20033 39971 40307 58005 878// 333 60007 81820 87621 90710 91111 93100 555 60005=
07299,2008-12-20 16:00:00,6.2,1031.5,0.3,83,3.5,20000,11.112,22.224,,250,,,0,,,,,,,,og-post,,,,AAXX 20164 07299 22570 72506 10062 20035 39979 40315 53003 875// 333 60005 85622 87650 90710 91112 93100=
07299,2008-12-20 17:00:00,6.3,1031.6,0.2,84,3.8,20000,7.408,24.076,,250,,,0,,,,,,,,og-post,,,,AAXX 20174 07299 22470 72504 10063 20038 39980 40316 53002 875// 333 60005 85617 87650 90710 91113 93100=
07299,2008-12-20 18:00:00,6.2,1031.9,1.1,86,4,20000,7.408,20.372,,260,2.8,7.1,0,0,,,,,,,og-post,,,,AAXX 20184 07299 02470 82604 10062 20040 39982 40319 51011 69902 875// 333 10071 20028 60007 87616 90710 91111 93100 555 60005=
07299,2008-12-20 19:00:00,6.7,1032.1,0.6,84,4.2,20000,14.816,24.076,,210,,,0,,,,,,,,og-post,,,,AAXX 20194 07299 22470 82108 10067 20042 39985 40321 53006 875// 333 60005 87617 90710 91113 93100=
07299,2008-12-20 20:00:00,7,1032.3,0.7,86,4.8,20000,20.372,29.632,,230,,,0,,,,,,,,og-post,,,,AAXX 20204 07299 22470 82311 10070 20048 39987 40323 52007 885// 333 60005 85617 87656 90710 91116 93100=
07299,2008-12-20 21:00:00,7.3,1032.4,0.7,86,5.1,20000,12.964,29.632,,210,,,0,0,,,,,,,og-post,,,,AAXX 20214 07299 22470 82107 10073 20051 39989 40324 51007 875// 333 60007 85617 87656 90710 91116 93100 555 60005=
07299,2008-12-20 22:00:00,7.4,1032.7,0.7,86,5.2,20000,9.26,22.224,,210,,,0,,,,,,,,og-post,,,,AAXX 20224 07299 22470 82105 10074 20052 39992 40327 53007 875// 333 60005 87614 90710 91112 93100=
07299,2008-12-20 23:00:00,7.6,1033,0.8,87,5.6,20000,16.668,33.336,,230,,,0,,,,,,,,og-post,,,,AAXX 20234 07299 22470 82309 10076 20056 39995 40330 53008 875// 333 60005 86613 87656 90710 91118 93100=
07299,2008-12-21 00:00:00,7.9,1033.2,0.8,87,5.9,20000,12.964,27.78,,200,,,0,0,,,,,,,og-post,,,,AAXX 21004 07299 02470 82007 10079 20059 39997 40332 51008 60001 875// 333 60007 86613 87650 90710 91115 93100 555 60005=
07299,2008-12-21 01:00:00,8,1033,0.3,87,6,50000,18.52,27.78,,220,,,0,,,,,,,0,og-post,,,,AAXX 21014 07299 24484 82210 10080 20060 39995 40330 50003 700// 333 60005 90710 91115=
07299,2008-12-21 02:00:00,8.2,1033.6,0.6,86,6,50000,18.52,31.484,,210,,,0,,,,,,,0,og-post,,,,AAXX 21024 07299 24484 82110 10082 20060 30001 40336 53006 700// 333 60005 90710 91117=
07299,2008-12-21 03:00:00,8,1033.4,0.2,88,6.1,20000,18.52,29.632,,210,,,0,0,,,,,,0,og-post,,,,AAXX 21034 07299 21470 82110 10080 20061 39999 40334 52002 700// 875// 333 60007 84612 87629 90710 91116 93100 555 60005=
07299,2008-12-21 04:00:00,8,1033.7,0.7,88,6.1,20000,18.52,29.632,,210,,,0,,,,,,,,og-post,,,,AAXX 21044 07299 22470 82110 10080 20061 30002 40337 51007 875// 333 60005 85612 87625 90710 91116 93100=
07299,2008-12-21 05:00:00,8,1034.1,0.5,90,6.5,18000,18.52,29.632,,220,,,0,,,,,,,,og-post,,,,AAXX 21054 07299 22468 82210 10080 20065 30006 40341 53005 875// 333 60005 87612 90710 91116 93100=
07299,2008-12-21 06:00:00,7.8,1034.2,0.8,90,6.3,15000,14.816,27.78,,210,6.1,8.2,0,0,,,0,0,6,3,og-post,,,,AAXX 21064 07299 01465 82108 10078 20063 30007 40342 51008 60002 703// 875// 333 10082 20061 31006 55000 60007 79999 85613 87621 90710 91115 93100 555 60005=
07299,2008-12-21 07:00:00,7.6,1034.2,0.5,91,6.2,20000,14.816,20.372,,220,,,0,,,,,,,,og-post,,,,AAXX 21074 07299 22370 72208 10076 20062 30007 40342 51005 878// 333 60005 81808 84612 86650 90710 91111 93100=
07299,2008-12-21 08:00:00,8,1034.5,0.4,91,6.6,20000,25.928,37.04,,240,,,0,,,,,,,,og-post,,,,AAXX 21084 07299 22470 72414 10080 20066 30010 40345 53004 878// 333 60005 81810 83650 87657 90710 91120 93100=
07299,2008-12-21 09:00:00,8.4,1035,0.8,91,7,18000,25.928,42.596,,240,,,0,0,,,,,,,og-post,,,,AAXX 21094 07299 22468 72414 10084 20070 30015 40350 53008 878// 333 60007 81810 87650 90710 91123 93100 555 60005=
07299,2008-12-21 10:00:00,8.8,1035,0.9,90,7.2,20000,25.928,42.596,,230,,,0,,,,,,,,og-post,,,,AAXX 21104 07299 22470 72314 10088 20072 30016 40350 51009 878// 333 60005 81810 83650 87657 90710 91123 93100=
07299,2008-12-21 11:00:00,9.1,1035.2,0.8,88,7.2,22000,22.224,38.892,,230,,,0,,,,,,,,og-post,,,,AAXX 21114 07299 22472 72312 10091 20072 30018 40352 51008 878// 333 60005 81810 86650 87657 90710 91121 93100=
07299,2008-12-21 12:00:00,9.2,1034.9,0,88,7.3,22000,18.52,33.336,,230,,,0,0,,,,,,,og-post,,,,AAXX 21124 07299 02472 72310 10092 20073 30015 40349 50000 60001 878// 333 60007 81810 87650 90710 91118 93100 555 60005=
07299,2008-12-21 13:00:00,9.2,1034.7,-0.3,89,7.5,20000,24.076,37.04,,240,,,0,,,,,,,,og-post,,,,AAXX 21134 07299 22370 72413 10092 20075 30013 40347 58003 878// 333 60005 81809 87648 90710 91120 93100=
07299,2008-12-21 14:00:00,9,1034.8,-0.4,89,7.3,20000,24.076,38.892,,230,,,0,,,,,,,,og-post,,,,AAXX 21144 07299 22370 72313 10090 20073 30014 40348 55004 878// 333 60005 81809 87646 90710 91121 93100=
07299,2008-12-21 15:00:00,8.7,1035.6,0.6,89,7,20000,18.52,35.188,,230,,,0,0,,,,,,,og-post,,,,AAXX 21154 07299 22370 72310 10087 20070 30021 40356 53006 878// 333 60007 81809 87641 90710 91119 93100 555 60005=
07299,2008-12-21 16:00:00,8.4,1036.1,1.3,90,6.9,20000,16.668,24.076,,220,,,0,,,,,,,,og-post,,,,AAXX 21164 07299 22370 72209 10084 20069 30026 40361 53013 878// 333 60005 81809 87640 90710 91113 93100=
07299,2008-12-21 17:00:00,8.2,1036.6,1.6,89,6.5,20000,16.668,24.076,,220,,,0,,,,,,,,og-post,,,,AAXX 21174 07299 22370 72209 10082 20065 30030 40366 51016 878// 333 60005 81809 87645 90710 91113 93100=
07299,2008-12-21 18:00:00,8.1,1036.8,1.1,89,6.4,18000,14.816,22.224,,220,7.6,9.3,0,0,,,,,,,og-post,,,,AAXX 21184 07299 02668 72208 10081 20064 30032 40368 51011 60002 875// 333 10093 20076 60007 87647 90710 91112 93100 555 60005=
07299,2008-12-21 19:00:00,8.1,1037.1,0.9,88,6.2,18000,16.668,24.076,,230,,,0,,,,,,,,og-post,,,,AAXX 21194 07299 22668 72309 10081 20062 30035 40371 51009 875// 333 60005 87648 90710 91113 93100=
07299,2008-12-21 20:00:00,8.1,1036.9,0.3,87,6.1,18000,16.668,27.78,,220,,,0,,,,,,,,og-post,,,,AAXX 21204 07299 22668 72209 10081 20061 30033 40369 50003 875// 333 60005 87648 90710 91115 93100=
07299,2008-12-21 21:00:00,7.8,1036.8,0,87,5.8,18000,12.964,27.78,,220,,,0,0,,,,,,,og-post,,,,AAXX 21214 07299 22668 72207 10078 20058 30032 40368 50000 875// 333 60007 87643 90710 91115 93100 555 60005=
07299,2008-12-21 22:00:00,7.8,1036.7,-0.4,86,5.6,20000,16.668,24.076,,230,,,0,,,,,,,,og-post,,,,AAXX 21224 07299 22670 72309 10078 20056 30031 40367 56004 875// 333 60005 87643 90710 91113 93100=
07299,2008-12-21 23:00:00,7.6,1036.9,-0,87,5.6,20000,12.964,22.224,,220,,,0,,,,,,,,og-post,,,,AAXX 21234 07299 22670 72207 10076 20056 30033 40369 55000 875// 333 60005 87640 90710 91112 93100=
07299,2008-12-22 00:00:00,7.6,1036.8,-0,86,5.4,20000,16.668,22.224,,240,,,0,0,,,,,,,og-post,,,,AAXX 22004 07299 02670 72409 10076 20054 30032 40368 54000 60001 875// 333 60007 87640 90710 91112 93100 555 60005=
07299,2008-12-22 01:00:00,7.2,1037.1,0.3,88,5.3,28000,12.964,20.372,,230,,,0,,,,,,,0,og-post,,,,AAXX 22014 07299 24678 82307 10072 20053 30034 40371 52003 700// 333 60005 90710 91111=
07299,2008-12-22 02:00:00,6.9,1037.1,0.1,89,5.2,27000,11.112,16.668,,220,,,0,,,,,,,0,og-post,,,,AAXX 22024 07299 24677 82206 10069 20052 30034 40371 53001 700// 333 60005 90710 91109=
07299,2008-12-22 03:00:00,6.9,1037.1,0.2,88,5,20000,11.112,16.668,,220,,,0,0,,,,,,2,og-post,,,,AAXX 22034 07299 21570 72206 10069 20050 30034 40371 51002 702// 875// 333 60007 87632 90710 91109 93100 555 60005=
07299,2008-12-22 04:00:00,6.9,1036.8,-0.3,87,4.9,20000,11.112,16.668,,220,,,0,,,,,,,,og-post,,,,AAXX 22044 07299 22570 72206 10069 20049 30031 40368 58003 875// 333 60005 87632 90710 91109 93100=
07299,2008-12-22 05:00:00,6.7,1037.1,-0.1,86,4.5,20000,7.408,16.668,,190,,,0,,,,,,,,og-post,,,,AAXX 22054 07299 22670 71904 10067 20045 30033 40371 55001 875// 333 60005 87634 90710 91109 93100=
07299,2008-12-22 06:00:00,6.4,1037.3,0.1,86,4.2,20000,7.408,12.964,,190,6.4,8.2,0,0,,,0,0,6,2,og-post,,,,AAXX 22064 07299 01570 71904 10064 20042 30035 40373 53001 60002 702// 875// 333 10082 20064 30006 55000 60007 70000 87632 90710 91107 93100 555 60005=
07299,2008-12-22 07:00:00,6.7,1037.2,0.3,81,3.7,30000,11.112,16.668,,190,,,0,,,,,,,,og-post,,,,AAXX 22074 07299 22580 71906 10067 20037 30034 40372 50003 875// 333 60005 87633 90710 91109 93100=
07299,2008-12-22 08:00:00,6.8,1037.2,0.1,79,3.4,30000,7.408,16.668,,200,,,0,,,,,,,,og-post,,,,AAXX 22084 07299 22580 72004 10068 20034 30034 40372 51001 875// 333 60005 85633 87656 90710 91109 93100=
07299,2008-12-22 09:00:00,7.1,1037.1,-0.1,78,3.5,30000,5.556,14.816,,210,,,0,0,,,,,,,og-post,,,,AAXX 22094 07299 22580 72103 10071 20035 30034 40371 56001 875// 333 60007 85633 87656 90710 91108 93100 555 60005=
07299,2008-12-22 10:00:00,8.1,1036.9,-0.1,72,3.4,30000,5.556,11.112,,180,,,0,,,,,,,,og-post,,,,AAXX 22104 07299 22580 71803 10081 20034 30033 40369 58001 875// 333 60005 87633 90710 91106 93100=
07299,2008-12-22 11:00:00,8.7,1036.3,-0.6,71,3.7,30000,9.26,20.372,,210,,,0,,,,,,,,og-post,,,,AAXX 22114 07299 22580 72105 10087 20037 30028 40363 58006 875// 333 60005 87629 90710 91111 93100=
07299,2008-12-22 12:00:00,8.7,1035.5,-1.4,72,3.9,30000,16.668,25.928,,220,,,0,0,,,,,,,og-post,,,,AAXX 22124 07299 02580 72209 10087 20039 30020 40355 58014 60001 875// 333 60007 87626 90710 91114 93100 555 60005=
07299,2008-12-22 13:00:00,8.7,1035.2,-1.6,75,4.5,30000,12.964,24.076,,230,,,0,,,,,,,,og-post,,,,AAXX 22134 07299 22580 72307 10087 20045 30017 40352 56016 878// 333 60005 81820 87625 90710 91113 93100=
07299,2008-12-22 14:00:00,8.4,1035.2,-1.1,76,4.4,30000,12.964,20.372,,210,,,0,,,,,,,,og-post,,,,AAXX 22144 07299 22580 72107 10084 20044 30017 40352 56011 878// 333 60005 81820 87627 90710 91111 93100=
07299,2008-12-22 15:00:00,8.2,1035.3,-0.2,76,4.2,20000,5.556,16.668,,210,,,0,0,,,,,,,og-post,,,,AAXX 22154 07299 22570 72103 10082 20042 30018 40353 55002 875// 333 60007 87625 90710 91109 93100 555 60005=
07299,2008-12-22 16:00:00,7.7,1035.3,-0,79,4.3,20000,5.556,14.816,,180,,,0,,,,,,,,og-post,,,,AAXX 22164 07299 22570 71803 10077 20043 30017 40353 54000 875// 333 60005 87625 90710 91108 93100=
07299,2008-12-22 17:00:00,7.5,1035.5,0.2,80,4.3,18000,5.556,11.112,,200,,,0,,,,,,,,og-post,,,,AAXX 22174 07299 22568 72003 10075 20043 30019 40355 53002 875// 333 60005 87626 90710 91106 93100=
07299,2008-12-22 18:00:00,7.3,1035.9,0.4,80,4.1,18000,5.556,7.408,,100,6.4,9,0,0,,,,,,,og-post,,,,AAXX 22184 07299 02568 71003 10073 20041 30022 40359 53004 60002 875// 333 10090 20064 60007 87629 90710 91104 93100 555 60005=
07299,2008-12-22 19:00:00,6.9,1036.1,0.7,82,4,18000,5.556,12.964,,140,,,0,,,,,,,,og-post,,,,AAXX 22194 07299 22568 71403 10069 20040 30024 40361 52007 875// 333 60005 87627 90710 91107 93100=
07299,2008-12-22 20:00:00,6.5,1036.1,0.4,85,4.2,18000,9.26,11.112,,130,,,0,,,,,,,,og-post,,,,AAXX 22204 07299 22568 71305 10065 20042 30023 40361 50004 875// 333 60005 81621 87636 90710 91106 93100=
07299,2008-12-22 21:00:00,6.5,1035.8,-0.1,85,4.2,18000,9.26,14.816,,140,,,0,0,,,,,,,og-post,,,,AAXX 22214 07299 22568 71405 10065 20042 30021 40358 58001 875// 333 60007 81621 87638 90710 91108 93100 555 60005=
07299,2008-12-22 22:00:00,6.4,1035.5,-0.6,86,4.2,20000,7.408,14.816,,90,,,0,,,,,,,,og-post,,,,AAXX 22224 07299 22570 70904 10064 20042 30018 40355 58006 875// 333 60005 81621 87643 90710 91108 93100=
07299,2008-12-22 23:00:00,6.1,1035.5,-0.6,88,4.3,17000,5.556,11.112,,80,,,0,,,,,,,,og-post,,,,AAXX 22234 07299 22567 70803 10061 20043 30017 40355 56006 875// 333 60005 81621 87645 90710 91106 93100=
07299,2008-12-23 00:00:00,5.9,1035,-0.9,90,4.4,20000,1.852,7.408,,130,,,0,0,,,,,,,og-post,,,,AAXX 23004 07299 02670 71301 10059 20044 30012 40350 58009 60001 875// 333 60007 81633 87646 90710 91104 93100 555 60005=
07299,2008-12-23 01:00:00,4.4,1035.1,-0.7,93,3.4,6000,,5.556,,,,,0,,,,,,,0,og-post,,,,AAXX 23014 07299 24656 80000 10044 20034 30011 40351 57007 700// 333 60005 90710 91103=
07299,2008-12-23 02:00:00,2.3,1035.4,-0.6,94,1.4,2600,1.852,5.556,,220,,,0,,,,,,,10,og-post,,,,AAXX 23024 07299 24926 /2201 10023 20014 30011 40354 56006 710// 333 60005 90710 91103=
07299,2008-12-23 03:00:00,1.8,1035.2,-0.3,96,1.2,7000,3.704,5.556,,210,,,0,0,,,,,,2,og-post,,,,AAXX 23034 07299 21657 32102 10018 20012 30009 40352 58003 702// 83500 333 60007 83646 90710 91103 93100 555 60005=
07299,2008-12-23 04:00:00,1,1035.2,-0.3,96,0.4,5000,,5.556,,,,,0,,,,,,,3,og-post,,,,AAXX 23044 07299 21450 20000 10010 20004 30008 40352 58003 703// 82500 333 60005 82614 90710 91103 93100=
07299,2008-12-23 05:00:00,0.8,1035.2,-0.3,97,0.4,3500,1.852,3.704,,40,,,0,,,,,,,10,og-post,,,,AAXX 23054 07299 21235 20401 10008 20004 30008 40352 56003 71000 82600 333 60005 82704 90710 91102 93100=
07299,2008-12-23 06:00:00,0.7,1035.5,0.1,97,0.3,2000,,7.408,,,0.4,7.4,0,0,,,0,0,-3,10,og-post,,,,AAXX 23064 07299 01020 30000 10007 20003 30010 40355 53001 60002 710// 83600 333 10074 20004 30103 55000 60007 70000 83701 90710 91104 93100 555 60005=
07299,2008-12-23 07:00:00,1.6,1036,0.8,98,1.3,600,,3.704,,,,,0,,,,,,,47,og-post,,,,AAXX 23074 07299 21/06 90000 10016 20013 30016 40360 53008 74741 333 60005 90710 91102 93100=
07299,2008-12-23 08:00:00,2.1,1036.2,1.1,98,1.8,100,5.556,9.26,,190,,,0,,,,,,,47,og-post,,,,AAXX 23084 07299 21/01 91903 10021 20018 30019 40362 53011 74744 333 60005 90710 91105 93100=
07299,2008-12-23 09:00:00,2.3,1036.8,1.5,99,2.2,100,5.556,9.26,,130,,,0,0,,,,,,45,og-post,,,,AAXX 23094 07299 21/01 91303 10023 20022 30025 40368 52015 74541 333 60007 90710 91105 93100 555 60005=
07299,2008-12-23 10:00:00,3.3,1036.8,1,99,3.2,600,,7.408,,,,,0,,,,,,,42,og-post,,,,AAXX 23104 07299 21006 80000 10033 20032 30026 40368 51010 74244 886// 333 60005 84700 88701 90710 91104 93100=
07299,2008-12-23 11:00:00,3.5,1036.4,0.4,99,3.4,1200,,11.112,,,,,0,,,,,,,28,og-post,,,,AAXX 23114 07299 21012 80000 10035 20034 30023 40364 50004 72842 886// 333 60005 83701 88701 90710 91106 93100=
07299,2008-12-23 12:00:00,3.9,1035.8,-0.8,98,3.6,1200,5.556,7.408,,320,,,0,0,,,,,,28,og-post,,,,AAXX 23124 07299 01112 73203 10039 20036 30017 40358 58008 60001 72841 876// 333 60007 87701 90710 91104 93100 555 60005=
07299,2008-12-23 13:00:00,6.2,1035.3,-1.1,96,5.6,3500,,7.408,,,,,0,,,,,,,10,og-post,,,,AAXX 23134 07299 21135 30000 10062 20056 30015 40353 56011 71011 83800 333 60005 82803 90710 91104 93100=
07299,2008-12-23 14:00:00,6.5,1035.4,-0.6,84,4,10000,11.112,16.668,,330,,,0,,,,,,,,og-post,,,,AAXX 23144 07299 22460 53306 10065 20040 30017 40354 55006 85800 333 60005 83813 90710 91109 93100=
07299,2008-12-23 15:00:00,6.1,1035.5,-0,85,3.8,12000,7.408,16.668,,360,,,0,0,,,,,,,og-post,,,,AAXX 23154 07299 22462 43604 10061 20038 30017 40355 55000 84800 333 60007 81813 83620 90710 91109 93100 555 60005=
07299,2008-12-23 16:00:00,4.5,1035.7,0.2,91,3.2,9000,7.408,11.112,,340,,,0,,,,,,,,og-post,,,,AAXX 23164 07299 22459 23404 10045 20032 30017 40357 51002 82800 333 60005 81813 90710 91106 93100=
07299,2008-12-23 17:00:00,3,1036.1,0.2,93,2,8000,5.556,11.112,,340,,,0,,,,,,,11,og-post,,,,AAXX 23174 07299 21458 13403 10030 20020 30019 40361 53002 71100 81500 333 60005 81713 90710 91106 93100=
07299,2008-12-23 18:00:00,2.1,1036.3,0.3,94,1.2,5000,,7.408,,,0.6,7.1,0,0,,,,,,12,og-post,,,,AAXX 23184 07299 01250 10000 10021 20012 30020 40363 53003 60002 71211 81500 333 10071 20006 60007 81703 90710 91104 93100 555 60005=
07299,2008-12-23 19:00:00,1.1,1036.2,0.1,96,0.5,3400,3.704,5.556,,180,,,0,,,,,,,12,og-post,,,,AAXX 23194 07299 21134 11802 10011 20005 30018 40362 50001 71200 81500 333 60005 81701 90710 91103 93100=
07299,2008-12-23 20:00:00,0.3,1036.3,-0.1,96,-0.3,2000,,3.704,,,,,0,,,,,,,12,og-post,,,,AAXX 23204 07299 21320 20000 10003 21003 30018 40363 58001 71200 82600 333 60005 82706 90710 91102 93100=
07299,2008-12-23 21:00:00,0.6,1036.5,-0,97,0.2,500,3.704,5.556,,220,,,0,0,,,,,,46,og-post,,,,AAXX 23214 07299 21205 72202 10006 20002 30020 40365 55000 74641 876// 333 60007 87704 90710 91103 93100 555 60005=
07299,2008-12-23 22:00:00,1.6,1036.4,0.2,98,1.3,500,,5.556,,,,,0,,,,,,,44,og-post,,,,AAXX 23224 07299 21005 70000 10016 20013 30020 40364 52002 74444 876// 333 60005 87701 90710 91103 93100=
07299,2008-12-23 23:00:00,2,1036.2,0.1,98,1.7,500,3.704,7.408,,40,,,0,,,,,,,45,og-post,,,,AAXX 23234 07299 21/05 90402 10020 20017 30019 40362 50001 74544 333 60005 90710 91104 93100=
07299,2008-12-24 00:00:00,1.9,1036.1,-0.2,98,1.6,100,1.852,5.556,,110,,,0,0,,,,,,45,og-post,,,,AAXX 24004 07299 04/01 91101 10019 20016 30018 40361 58002 60001 745// 333 60007 90710 91103 555 60005=
07299,2008-12-24 01:00:00,1.9,1035.7,-0.6,99,1.8,100,1.852,5.556,,70,,,0,,,,,,,45,og-post,,,,AAXX 24014 07299 24/01 90701 10019 20018 30014 40357 58006 745// 333 60005 90710 91103=
07299,2008-12-24 02:00:00,1.7,1035.6,-0.6,99,1.6,100,1.852,5.556,,60,,,0,,,,,,,45,og-post,,,,AAXX 24024 07299 24/01 90601 10017 20016 30013 40356 57006 745// 333 60005 90710 91103=
07299,2008-12-24 03:00:00,1.3,1035.6,-0.6,99,1.2,200,3.704,7.408,,70,,,0,0,,,,,,45,og-post,,,,AAXX 24034 07299 21/02 90702 10013 20012 30012 40356 56006 745// 333 60007 90710 91104 93100 555 60005=
07299,2008-12-24 04:00:00,0.8,1035.2,-0.6,99,0.7,200,3.704,7.408,,120,,,0,,,,,,,45,og-post,,,,AAXX 24044 07299 21/02 91202 10008 20007 30008 40352 58006 74544 333 60005 90710 91104 93100=
07299,2008-12-24 05:00:00,1.2,1034.8,-0.9,99,1.1,300,3.704,5.556,,130,,,0,,,,,,,45,og-post,,,,AAXX 24054 07299 21/03 91302 10012 20011 30004 40348 58009 74544 333 60005 90710 91103 93100=
07299,2008-12-24 06:00:00,0.6,1034.2,-1.4,99,0.5,300,3.704,9.26,,40,-0.1,2.3,0,0,,,0,1.6,-3,45,og-post,,,,AAXX 24064 07299 01/03 90402 10006 20005 39998 40342 58014 60002 745/4 333 10023 21001 30103 55016 60007 70000 90710 91105 93100 555 60005=
07299,2008-12-24 07:00:00,0.7,1034.2,-1,99,0.6,200,5.556,9.26,,20,,,0,,,,,,,47,og-post,,,,AAXX 24074 07299 21/02 90203 10007 20006 39998 40342 56010 74744 333 60005 90710 91105 93100=
07299,2008-12-24 08:00:00,-0.1,1034.4,-0.5,99,-0.2,200,3.704,11.112,,10,,,0,,,,,,,47,og-post,,,,AAXX 24084 07299 21/02 90102 11001 21002 39999 40344 55005 74744 333 60005 90710 91106 93100=
07299,2008-12-24 09:00:00,0.2,1034.8,0.5,99,0.1,300,1.852,5.556,,40,,,0,0,,,,,,47,og-post,,,,AAXX 24094 07299 21/03 90401 10002 20001 30003 40348 53005 74744 333 60007 90710 91103 93100 555 60005=
07299,2008-12-24 10:00:00,0.6,1035,0.7,99,0.5,600,,5.556,,,,,0,,,,,,,47,og-post,,,,AAXX 24104 07299 21/06 90000 10006 20005 30005 40350 53007 74744 333 60005 90710 91103 93100=
07299,2008-12-24 11:00:00,1.2,1034.4,0.1,99,1.1,600,1.852,9.26,,110,,,0,,,,,,,45,og-post,,,,AAXX 24114 07299 21/06 91101 10012 20011 30000 40344 50001 74544 333 60005 90710 91105 93100=
07299,2008-12-24 12:00:00,1.4,1033.5,-1.1,99,1.3,900,1.852,5.556,,200,,,0,0,,,,,,43,og-post,,,,AAXX 24124 07299 01/09 92001 10014 20013 39992 40335 58011 60001 74344 333 60007 90710 91103 93100 555 60005=
07299,2008-12-24 13:00:00,1.6,1032.2,-2.5,99,1.5,1200,3.704,7.408,,140,,,0,,,,,,,10,og-post,,,,AAXX 24134 07299 21112 81402 10016 20015 39980 40322 58025 71042 886// 333 60005 88702 90710 91104 93100=
07299,2008-12-24 14:00:00,1.8,1031.1,-3.1,98,1.5,1400,1.852,11.112,,90,,,0,,,,,,,10,og-post,,,,AAXX 24144 07299 21114 80901 10018 20015 39969 40311 58031 71022 886// 333 60005 88702 90710 91106 93100=
07299,2008-12-24 15:00:00,2,1029.9,-3.4,98,1.7,2000,5.556,11.112,,160,,,0,0,,,,,,10,og-post,,,,AAXX 24154 07299 21120 71603 10020 20017 39958 40299 56034 71042 876// 333 60007 87702 90710 91106 93100 555 60005=
07299,2008-12-24 16:00:00,2.1,1029.5,-2.6,98,1.8,1600,,9.26,,,,,0,,,,,,,10,og-post,,,,AAXX 24164 07299 21116 70000 10021 20018 39954 40295 56026 71022 876// 333 60005 87702 90710 91105 93100=
07299,2008-12-24 17:00:00,2,1030.3,-0.7,98,1.7,900,1.852,7.408,,310,,,0,,,,,,,46,og-post,,,,AAXX 24174 07299 21109 83101 10020 20017 39962 40303 55007 74642 886// 333 60005 88703 90710 91104 93100=
07299,2008-12-24 18:00:00,1.9,1031.7,1.7,98,1.6,1100,9.26,14.816,,310,-0.1,2.2,0,0,,,,,,10,og-post,,,,AAXX 24184 07299 01111 83105 10019 20016 39975 40317 53017 60002 71042 886// 333 10022 21001 60007 88701 90710 91108 93100 555 60005=
07299,2008-12-24 19:00:00,2.3,1032,2.5,98,2,900,5.556,14.816,,300,,,0,,,,,,,46,og-post,,,,AAXX 24194 07299 21109 83003 10023 20020 39979 40320 51025 74642 886// 333 60005 88701 90710 91108 93100=
07299,2008-12-24 20:00:00,2.2,1031.2,0.9,98,1.9,1200,5.556,7.408,,310,,,0,,,,,,,10,og-post,,,,AAXX 24204 07299 21112 83103 10022 20019 39971 40312 50009 71042 886// 333 60005 88701 90710 91104 93100=
07299,2008-12-24 21:00:00,2.2,1031,-0.6,98,1.9,800,3.704,5.556,,320,,,,,,,,,,50,og-post,,,,AAXX 24214 07299 21/08 93202 10022 20019 39969 40310 58006 75054 333 69907 90710 91103 93100 555 69905=
07299,2008-12-24 22:00:00,2.1,1029.8,-2.2,98,1.8,800,1.852,7.408,,280,,,,,,,,,,51,og-post,,,,AAXX 24224 07299 21008 82801 10021 20018 39957 40298 58022 75155 887// 333 69905 84700 87701 90710 91104 93100=
07299,2008-12-24 23:00:00,2,1029.2,-2,98,1.7,900,5.556,9.26,,320,,,,,,,,,,50,og-post,,,,AAXX 24234 07299 21009 83203 10020 20017 39951 40292 58020 75054 887// 333 69905 82700 88702 90710 91105 93100=
07299,2008-12-25 00:00:00,2,1028.5,-2.5,98,1.7,400,5.556,7.408,,300,,,,,,,,,,50,og-post,,,,AAXX 25004 07299 01/04 93003 10020 20017 39944 40285 56025 69901 75054 333 69907 90710 91104 93100 555 69905=
07299,2008-12-25 01:00:00,1.8,1028.1,-1.7,99,1.7,300,9.26,12.964,,310,,,,,,,,,,45,og-post,,,,AAXX 25014 07299 24/03 93105 10018 20017 39940 40281 56017 745// 333 69905 90710 91107=
07299,2008-12-25 02:00:00,1.8,1029.2,-0,99,1.7,1600,16.668,22.224,,320,,,,,,,,,,10,og-post,,,,AAXX 25024 07299 24116 83209 10018 20017 39951 40292 55000 710// 333 69905 90710 91112=
07299,2008-12-25 03:00:00,1.8,1027.9,-0.6,99,1.7,3500,12.964,24.076,,290,,,,,,,,,,68,og-post,,,,AAXX 25034 07299 21235 82907 10018 20017 39938 40279 58006 768// 887// 333 69907 87703 90710 91113 93100 555 69905=
07299,2008-12-25 04:00:00,1.9,1028.2,0.1,98,1.6,4000,7.408,12.964,,330,,,,,,,,,,68,og-post,,,,AAXX 25044 07299 21140 83304 10019 20016 39941 40282 51001 76876 887// 333 69905 88703 90710 91107 93100=
07299,2008-12-25 05:00:00,1.7,1027.8,-1.4,98,1.4,3500,7.408,16.668,,350,,,0,,,,,,,68,og-post,,,,AAXX 25054 07299 21135 83504 10017 20014 39937 40278 56014 76877 887// 333 6///5 87702 90710 91109 93100=
07299,2008-12-25 06:00:00,1.6,1027.7,-0.2,98,1.3,4500,7.408,14.816,,350,1.6,2.4,,0.6,,0.6,0.6,0,2,68,og-post,,,,AAXX 25064 07299 01145 83504 10016 20013 39936 40277 58002 69962 768// 887// 333 10024 20016 32002 55000 69967 70006 87703 90710 91108 93100 555 69905=
07299,2008-12-25 07:00:00,1.6,1027.6,-0.6,98,1.3,4800,9.26,14.816,,340,,,,,,,,,,23,og-post,,,,AAXX 25074 07299 21248 83405 10016 20013 39935 40276 56006 72376 887// 333 69905 87703 90710 91108 93100=
07299,2008-12-25 08:00:00,1.8,1027.4,-0.3,98,1.5,6000,,14.816,,,,,0,,,,,,,,og-post,,,,AAXX 25084 07299 22256 80000 10018 20015 39934 40274 57003 878// 333 60005 84703 87636 90710 91108 93100=
07299,2008-12-25 09:00:00,2.3,1027.8,0.2,97,1.9,7000,9.26,18.52,,330,,,0,,,,,,,3,og-post,,,,AAXX 25094 07299 21257 73305 10023 20019 39938 40278 53002 70376 878// 333 69907 85806 85633 90710 91110 93100 555 60005=
07299,2008-12-25 10:00:00,3,1027,-0.4,94,2.1,6000,3.704,14.816,,310,,,0,,,,,,,,og-post,,,,AAXX 25104 07299 22256 33102 10030 20021 39931 40270 58004 83800 333 60005 81805 83633 90710 91108 93100=
07299,2008-12-25 11:00:00,4,1026.7,-0.5,88,2.2,15000,14.816,24.076,,340,,,0,,,,,,,,og-post,,,,AAXX 25114 07299 22365 73408 10040 20022 39929 40267 58005 878// 333 60005 82808 87630 90710 91113 93100=
07299,2008-12-25 12:00:00,5,1025.9,-1.5,82,2.2,20000,7.408,27.78,,350,,,0,0,,,,,,1,og-post,,,,AAXX 25124 07299 01470 63504 10050 20022 39923 40259 56015 69901 70176 86800 333 60007 81815 86636 90710 91115 93100 555 60005=
07299,2008-12-25 13:00:00,5.5,1025.8,-0.9,73,1,20000,9.26,18.52,,10,,,0,,,,,,,,og-post,,,,AAXX 25134 07299 22470 60105 10055 20010 39922 40258 56009 86800 333 60005 81816 86630 90710 91110 93100=
07299,2008-12-25 14:00:00,5.2,1026.1,-0.4,77,1.5,30000,3.704,18.52,,80,,,0,,,,,,,,og-post,,,,AAXX 25144 07299 22580 40802 10052 20015 39925 40261 55004 84800 333 60005 81820 84630 90710 91110 93100=
07299,2008-12-25 15:00:00,4.7,1026.5,0.5,69,-0.5,30000,12.964,16.668,,110,,,0,0,,,,,,,og-post,,,,AAXX 25154 07299 22580 31107 10047 21005 39928 40265 53005 83800 333 60007 81820 83633 90710 91109 93100 555 60005=
07299,2008-12-25 16:00:00,4.2,1027,1,68,-1.2,30000,12.964,24.076,,90,,,0,,,,,,,,og-post,,,,AAXX 25164 07299 22580 20907 10042 21012 39932 40270 53010 82800 333 60005 81820 90710 91113 93100=
07299,2008-12-25 17:00:00,2.4,1027.7,1.2,75,-1.6,25000,7.408,25.928,,340,,,0,,,,,,,,og-post,,,,AAXX 25174 07299 22675 23404 10024 21016 39937 40277 53012 82500 333 60005 82636 90710 91114 93100=
07299,2008-12-25 18:00:00,1.6,1028.1,1.2,83,-1,20000,7.408,12.964,,290,1.2,5.7,0,0,,,,,,,og-post,,,,AAXX 25184 07299 02670 52904 10016 21010 39940 40281 51012 69902 85500 333 10057 20012 60007 85640 90710 91107 93100 555 60005=
07299,2008-12-25 19:00:00,1.5,1028.1,0.8,87,-0.4,20000,7.408,11.112,,330,,,0,,,,,,,,og-post,,,,AAXX 25194 07299 22670 73304 10015 21004 39940 40281 51008 87500 333 60005 87636 90710 91106 93100=
07299,2008-12-25 20:00:00,2.3,1027.6,-0.1,83,-0.3,20000,,11.112,,,,,0,,,,,,,,og-post,,,,AAXX 25204 07299 22670 70000 10023 21003 39936 40276 58001 87500 333 60005 87636 90710 91106 93100=
07299,2008-12-25 21:00:00,2.8,1027,-0.9,78,-0.7,20000,16.668,27.78,,340,,,0,0,,,,,,,og-post,,,,AAXX 25214 07299 22770 73409 10028 21007 39931 40270 58009 87500 333 60007 87650 90710 91115 93100 555 60005=
07299,2008-12-25 22:00:00,3.1,1026.3,-1.6,75,-0.9,20000,16.668,25.928,,340,,,0,,,,,,,,og-post,,,,AAXX 25224 07299 22670 73409 10031 21009 39924 40263 58016 87500 333 60005 87640 90710 91114 93100=
07299,2008-12-25 23:00:00,3.2,1027,-0.5,63,-3.2,20000,24.076,46.3,,70,,,0,,,,,,,,og-post,,,,AAXX 25234 07299 22670 70713 10032 21032 39931 40270 55005 87500 333 6///5 87640 90710 91125 93100=
07299,2008-12-26 00:00:00,2.3,1026.9,-0.2,65,-3.6,20000,24.076,48.152,,70,,,0,0,,,,,,,og-post,,,,AAXX 26004 07299 02670 70713 10023 21036 39929 40269 56002 60001 87500 333 60007 87633 90710 91126 93100 555 60005=
07299,2008-12-26 01:00:00,1.3,1026.7,0.2,64,-4.8,55000,12.964,55.56,,60,,,0,,,,,,,0,og-post,,,,AAXX 26014 07299 24685 /0607 10013 21048 39926 40267 50002 700// 333 60005 90710 91130=
07299,2008-12-26 03:00:00,0.6,1026.2,-0.9,55,-7.4,25000,12.964,40.744,,70,,,0,0,,,,,,0,og-post,,,,AAXX 26034 07299 21675 40707 10006 21074 39920 40262 56009 700// 84500 333 60007 84633 90710 91122 93100 555 60005=
07299,2008-12-26 04:00:00,0.9,1026.2,-0.6,55,-7.1,25000,22.224,42.596,,60,,,0,,,,,,,,og-post,,,,AAXX 26044 07299 22775 40612 10009 21071 39920 40262 56006 84500 333 60005 84650 90710 91123 93100=
07299,2008-12-26 05:00:00,0.5,1026.9,0.6,52,-8.2,25000,18.52,44.448,,70,,,0,,,,,,,,og-post,,,,AAXX 26054 07299 22775 20710 10005 21082 39927 40269 53006 82500 333 60005 82650 90710 91124 93100=
07299,2008-12-26 06:00:00,-0.1,1027.8,1.5,53,-8.5,30000,11.112,35.188,,70,-0.4,3.5,0,0,,,0,1,-2,1,og-post,,,,AAXX 26064 07299 01780 20706 11001 21085 39935 40278 53015 60002 701// 82500 333 10035 21004 30102 55010 60007 79999 82650 90710 91119 93100 555 60005=
07299,2008-12-26 07:00:00,-1.4,1028.9,2.4,65,-7.1,45000,5.556,24.076,,280,,,0,,,,,,,0,og-post,,,,AAXX 26074 07299 24983 /2803 11014 21071 39944 40289 53024 700// 333 60005 90710 91113=
07299,2008-12-26 08:00:00,-1.1,1029.8,2.6,62,-7.5,30000,5.556,14.816,,290,,,0,,,,,,,,og-post,,,,AAXX 26084 07299 22780 12903 11011 21075 39953 40298 53026 81500 333 60005 81650 90710 91108 93100=
07299,2008-12-26 09:00:00,-0.6,1030.1,2.1,66,-6.2,30000,9.26,24.076,,300,,,0,0,,,,,,,og-post,,0,,AAXX 26094 07299 22980 13005 11006 21062 39956 40301 51021 81030 333 40000 60007 81359 90710 91113 93100 555 60005=
07299,2008-12-26 10:00:00,0.6,1030.5,1.8,60,-6.3,30000,11.112,24.076,,350,,,0,,,,,,,,og-post,,,,AAXX 26104 07299 22980 13506 10006 21063 39962 40305 51018 81030 333 60005 81359 90710 91113 93100=
07299,2008-12-26 11:00:00,1.6,1030.3,0.8,57,-6,30000,12.964,20.372,,340,,,0,,,,,,,,og-post,,,,AAXX 26114 07299 22580 13407 10016 21060 39961 40303 50008 81100 333 60005 81830 90710 91111 93100=
07299,2008-12-26 12:00:00,2.4,1030,0.3,53,-6.2,30000,7.408,24.076,,330,,,0,0,,,,,,,og-post,,,,AAXX 26124 07299 02980 03304 10024 21062 39959 40300 50003 60001 333 60007 90710 91113 93100 555 60005=
07299,2008-12-26 13:00:00,3.3,1029.3,-0.9,50,-6.1,30000,9.26,16.668,,340,,,0,,,,,,,,og-post,,,,AAXX 26134 07299 22980 03405 10033 21061 39953 40293 58009 333 60005 90710 91109 93100=
07299,2008-12-26 14:00:00,3.5,1028.7,-1.3,47,-6.8,30000,5.556,11.112,,50,,,0,,,,,,,,og-post,,,,AAXX 26144 07299 22980 00503 10035 21068 39948 40287 58013 333 60005 90710 91106 93100=
07299,2008-12-26 15:00:00,3.6,1028.9,-0.9,50,-5.9,30000,,11.112,,,,,0,0,,,,,,,og-post,,,,AAXX 26154 07299 22980 00000 10036 21059 39950 40289 55009 333 60007 90710 91106 93100 555 60005=
07299,2008-12-26 16:00:00,0.4,1029.4,-0.2,67,-5,30000,5.556,18.52,,290,,,0,,,,,,,,og-post,,,,AAXX 26164 07299 22980 02903 10004 21050 39951 40294 55002 333 60005 90710 91110 93100=
07299,2008-12-26 17:00:00,-1.4,1030.2,0.8,78,-4.7,30000,11.112,27.78,,320,,,0,,,,,,,,og-post,,,,AAXX 26174 07299 22980 03206 11014 21047 39956 40302 53008 333 60005 90710 91115 93100=
07299,2008-12-26 18:00:00,-1.5,1030.4,0.8,82,-4.2,20000,3.704,14.816,,240,-1.9,4.2,0,0,,,,,,,og-post,,,,AAXX 26184 07299 02970 02402 11015 21042 39958 40304 53008 60002 333 10042 21019 60007 90710 91108 93100 555 60005=
07299,2008-12-26 19:00:00,-2.1,1030.9,1.1,81,-4.9,20000,11.112,14.816,,290,,,0,,,,,,,,og-post,,,,AAXX 26194 07299 22970 02906 11021 21049 39962 40309 52011 333 60005 90710 91108 93100=
07299,2008-12-26 20:00:00,-2.6,1031.2,0.8,83,-5.1,20000,9.26,14.816,,290,,,0,,,,,,,,og-post,,,,AAXX 26204 07299 22970 02905 11026 21051 39964 40312 52008 333 60005 90710 91108 93100=
07299,2008-12-26 21:00:00,-3.3,1031.6,0.9,79,-6.4,20000,7.408,12.964,,310,,,0,0,,,,,,,og-post,,,,AAXX 26214 07299 22970 03104 11033 21064 39967 40316 51009 333 60007 90710 91107 93100 555 60005=
07299,2008-12-26 22:00:00,-3.6,1031.6,0.5,87,-5.5,20000,7.408,9.26,,290,,,0,,,,,,,,og-post,,,,AAXX 26224 07299 22970 02904 11036 21055 39967 40316 51005 333 60005 90710 91105 93100=
07299,2008-12-26 23:00:00,-4,1031.9,0.5,88,-5.7,20000,,9.26,,,,,0,,,,,,,,og-post,,,,AAXX 26234 07299 22970 00000 11040 21057 39969 40319 51005 333 60005 90710 91105 93100=
07299,2008-12-27 00:00:00,-4,1031.4,-0.2,89,-5.5,18000,7.408,9.26,,290,,,0,0,,,,,,,og-post,,,,AAXX 27004 07299 02968 02904 11040 21055 39965 40314 58002 60001 333 60007 90710 91105 93100 555 60005=
07299,2008-12-27 01:00:00,-3.8,1031.4,-0.2,90,-5.2,15000,12.964,16.668,,310,,,0,,,,,,,0,og-post,,,,AAXX 27014 07299 24965 /3107 11038 21052 39965 40314 58002 700// 333 60005 90710 91109=
07299,2008-12-27 02:00:00,-4.4,1031.4,-0.5,90,-5.8,12000,11.112,20.372,,300,,,0,,,,,,,0,og-post,,,,AAXX 27024 07299 24962 /3006 11044 21058 39964 40314 56005 700// 333 60005 90710 91111=
07299,2008-12-27 03:00:00,-5,1031.5,-0.1,93,-6,12000,7.408,12.964,,310,,,0,0,,,,,,0,og-post,,,,AAXX 27034 07299 21562 13104 11050 21060 39964 40315 57001 700// 81500 333 60007 81620 90710 91107 555 60005=
07299,2008-12-27 04:00:00,-5.4,1031.4,-0.2,92,-6.5,12000,9.26,12.964,,300,,,0,,,,,,,,og-post,,,,AAXX 27044 07299 22562 13005 11054 21065 39963 40314 57002 81500 333 60005 81620 90710 91107=
07299,2008-12-27 05:00:00,-5.3,1031.7,0.2,94,-6.1,10000,11.112,14.816,,300,,,0,,,,,,,,og-post,,,,AAXX 27054 07299 22560 13006 11053 21061 39966 40317 53002 81500 333 60005 81620 90710 91108=
07299,2008-12-27 06:00:00,-5.9,1032.2,0.6,93,-6.8,10000,7.408,14.816,,310,-6.2,-1.4,0,0,,,0,7.6,-8,3,og-post,,,,AAXX 27064 07299 01560 33104 11059 21068 39970 40322 53006 60002 703// 83500 333 11014 21062 34108 55076 60007 70000 83625 90710 91108 555 60005=
07299,2008-12-27 07:00:00,-4.9,1032.4,1,94,-5.7,8000,7.408,11.112,,310,,,0,,,,,,,,og-post,,,,AAXX 27074 07299 22558 63104 11049 21057 39973 40324 52010 86500 333 60005 86626 90710 91106=
07299,2008-12-27 08:00:00,-4.4,1032.5,0.9,93,-5.4,8000,7.408,11.112,,310,,,0,,,,,,,,og-post,,,,AAXX 27084 07299 22558 73104 11044 21054 39975 40325 51009 87500 333 60005 87630 90710 91106=
07299,2008-12-27 09:00:00,-4,1032.7,0.7,93,-5,8000,9.26,11.112,,310,,,0,0,,,,,,,og-post,,,,AAXX 27094 07299 22558 73105 11040 21050 39977 40327 52007 87500 333 60007 87630 90710 91106 555 60005=
07299,2008-12-27 10:00:00,-3.5,1032.5,0.3,93,-4.5,8000,7.408,12.964,,310,,,0,,,,,,,,og-post,,,,AAXX 27104 07299 22558 73104 11035 21045 39976 40325 50003 87500 333 60005 87629 90710 91107=
07299,2008-12-27 11:00:00,-2.1,1031.8,-0.4,90,-3.5,8000,9.26,12.964,,320,,,0,,,,,,,,og-post,,,,AAXX 27114 07299 22558 73205 11021 21035 39971 40318 58004 87500 333 60005 87626 90710 91107 93100=
07299,2008-12-27 12:00:00,-1.3,1031.1,-1.2,84,-3.7,12000,9.26,14.816,,350,,,0,0,,,,,,,og-post,,,,AAXX 27124 07299 02562 73505 11013 21037 39965 40311 58012 60001 87500 333 60007 87627 90710 91108 93100 555 60005=
07299,2008-12-27 13:00:00,-0.5,1030.6,-1.5,81,-3.4,12000,3.704,12.964,,90,,,0,,,,,,,,og-post,,,,AAXX 27134 07299 22562 70902 11005 21034 39961 40306 56015 875// 333 60005 87633 90710 91107 93100=
07299,2008-12-27 14:00:00,-0.1,1030.1,-1.4,73,-4.4,15000,3.704,14.816,,360,,,0,,,,,,,,og-post,,,,AAXX 27144 07299 22665 73602 11001 21044 39957 40301 56014 875// 333 60005 87635 90710 91108 93100=
07299,2008-12-27 15:00:00,-0.1,1030,-0.9,64,-6.1,15000,18.52,29.632,,100,,,0,0,,,,,,,og-post,,,,AAXX 27154 07299 22665 71010 11001 21061 39956 40300 56009 875// 333 60007 87636 90710 91116 93100 555 60005=
07299,2008-12-27 16:00:00,-0.9,1030,-0.6,66,-6.5,15000,12.964,29.632,,100,,,0,,,,,,,,og-post,,,,AAXX 27164 07299 22665 71007 11009 21065 39955 40300 56006 875// 333 60005 87639 90710 91116 93100=
07299,2008-12-27 17:00:00,-1,1029.9,-0.3,65,-6.8,15000,12.964,25.928,,90,,,0,,,,,,,,og-post,,,,AAXX 27174 07299 22665 50907 11010 21068 39954 40299 57003 85500 333 60005 85637 90710 91114 93100=
07299,2008-12-27 18:00:00,-1.2,1029.9,-0.2,65,-6.9,15000,11.112,22.224,,90,-6.2,0.1,0,0,,,,,,,og-post,,,,AAXX 27184 07299 02665 30906 11012 21069 39954 40299 56002 60002 83500 333 10001 21062 60007 83639 90710 91112 93100 555 60005=
07299,2008-12-27 19:00:00,-1.7,1029.9,-0.2,67,-7,15000,11.112,20.372,,80,,,0,,,,,,,,og-post,,,,AAXX 27194 07299 22665 20806 11017 21070 39953 40299 57002 82500 333 60005 82639 90710 91111 93100=
07299,2008-12-27 20:00:00,-2.3,1029.8,-0.3,70,-7,15000,5.556,20.372,,350,,,0,,,,,,,,og-post,,,,AAXX 27204 07299 22665 33503 11023 21070 39951 40298 58003 83500 333 60005 83639 90710 91111 93100=
07299,2008-12-27 21:00:00,-3,1029.7,-0.5,79,-6.1,15000,9.26,14.816,,340,,,0,0,,,,,,,og-post,,,,AAXX 27214 07299 22665 43405 11030 21061 39949 40297 58005 84500 333 60007 84636 90710 91108 93100 555 60005=
07299,2008-12-27 22:00:00,-4.6,1029.6,-0.7,85,-6.7,15000,3.704,11.112,,290,,,0,,,,,,,,og-post,,,,AAXX 27224 07299 22565 52902 11046 21067 39946 40296 58007 85500 333 60005 85632 90710 91106 93100=
07299,2008-12-27 23:00:00,-4.6,1029.3,-0.7,89,-6.1,15000,9.26,14.816,,340,,,0,,,,,,,,og-post,,,,AAXX 27234 07299 22565 43405 11046 21061 39944 40293 57007 84500 333 60005 84632 90710 91108 93100=
07299,2008-12-28 00:00:00,-5.2,1029.2,-0.7,87,-7,12000,9.26,16.668,,310,,,0,0,,,,,,,og-post,,,,AAXX 28004 07299 02562 43105 11052 21070 39942 40292 56007 60001 84500 333 60007 84632 90710 91109 93100 555 60005=
07299,2008-12-28 01:00:00,-5.4,1028.7,-0.9,92,-6.5,9000,9.26,12.964,,290,,,0,,,,,,,0,og-post,,,,AAXX 28014 07299 24659 /2905 11054 21065 39937 40287 58009 700// 333 60005 90710 91107=
07299,2008-12-28 02:00:00,-4.6,1028.5,-0.8,89,-6.1,9000,11.112,16.668,,320,,,0,,,,,,,0,og-post,,,,AAXX 28024 07299 24559 83206 11046 21061 39936 40285 56008 700// 333 60005 90710 91109=
07299,2008-12-28 03:00:00,-4.5,1028,-1.1,89,-6,9000,9.26,12.964,,300,,,0,0,,,,,,3,og-post,,,,AAXX 28034 07299 21559 73005 11045 21060 39931 40280 57011 703// 875// 333 60007 87633 90710 91107 93100 555 60005=
07299,2008-12-28 04:00:00,-4.4,1027.8,-0.8,89,-5.9,9000,5.556,11.112,,300,,,0,,,,,,,,og-post,,,,AAXX 28044 07299 22559 73003 11044 21059 39929 40278 58008 875// 333 60005 87633 90710 91106 93100=
07299,2008-12-28 05:00:00,-4.4,1027.5,-1,89,-5.9,9000,7.408,11.112,,300,,,0,,,,,,,,og-post,,,,AAXX 28054 07299 22559 73004 11044 21059 39926 40275 56010 875// 333 60005 87633 90710 91106 93100=
07299,2008-12-28 06:00:00,-4.5,1027.6,-0.4,89,-6,9000,7.408,12.964,,310,-6.1,-1.2,0,0,,,0,0,-7,2,og-post,,,,AAXX 28064 07299 01559 73104 11045 21060 39927 40276 55004 60002 702// 875// 333 11012 21061 34107 55000 60007 70000 87633 90710 91107 93100 555 60005=
07299,2008-12-28 07:00:00,-4.5,1027.6,-0.2,88,-6.2,9000,9.26,12.964,,290,,,0,,,,,,,,og-post,,,,AAXX 28074 07299 22559 72905 11045 21062 39927 40276 56002 875// 333 60005 87631 90710 91107 93100=
07299,2008-12-28 08:00:00,-4.3,1027.7,0.2,88,-6,9000,9.26,12.964,,310,,,0,,,,,,,,og-post,,,,AAXX 28084 07299 22559 73105 11043 21060 39928 40277 52002 875// 333 60005 87631 90710 91107 93100=
07299,2008-12-28 09:00:00,-3.9,1027.5,-0,87,-5.7,10000,7.408,12.964,,290,,,0,0,,,,,,,og-post,,,,AAXX 28094 07299 22560 72904 11039 21057 39927 40275 54000 875// 333 60007 87631 90710 91107 93100 555 60005=
07299,2008-12-28 10:00:00,-3.4,1027.2,-0.2,86,-5.4,10000,9.26,14.816,,300,,,0,,,,,,,,og-post,,,,AAXX 28104 07299 22560 73005 11034 21054 39925 40272 58002 875// 333 60005 87630 90710 91108 93100=
07299,2008-12-28 11:00:00,-2.8,1026.8,-0.6,84,-5.1,10000,9.26,14.816,,310,,,0,,,,,,,,og-post,,,,AAXX 28114 07299 22560 73105 11028 21051 39922 40268 58006 875// 333 60005 87631 90710 91108 93100=
07299,2008-12-28 12:00:00,-2.1,1026.7,-0.5,81,-4.9,10000,7.408,14.816,,310,,,0,0,,,,,,,og-post,,,,AAXX 28124 07299 02560 73104 11021 21049 39922 40267 56005 60001 875// 333 60007 87631 90710 91108 93100 555 60005=
07299,2008-12-28 13:00:00,-1.5,1026.1,-0.8,78,-4.8,10000,9.26,12.964,,320,,,0,,,,,,,,og-post,,,,AAXX 28134 07299 22560 73205 11015 21048 39917 40261 58008 875// 333 60005 87631 90710 91107 93100=
07299,2008-12-28 14:00:00,-1,1026.2,-0.4,74,-5.1,12000,5.556,12.964,,350,,,0,,,,,,,,og-post,,,,AAXX 28144 07299 22662 73503 11010 21051 39918 40262 55004 875// 333 60005 87634 90710 91107 93100=
07299,2008-12-28 15:00:00,-0.6,1026.2,-0.3,65,-6.4,12000,9.26,22.224,,80,,,0,0,,,,,,,og-post,,,,AAXX 28154 07299 22562 70805 11006 21064 39919 40262 55003 875// 333 60007 87632 90710 91112 93100 555 60005=
07299,2008-12-28 16:00:00,-1.7,1026.7,0.5,69,-6.6,12000,5.556,12.964,,60,,,0,,,,,,,,og-post,,,,AAXX 28164 07299 22562 50603 11017 21066 39922 40267 53005 85500 333 60005 85633 90710 91107 93100=
07299,2008-12-28 17:00:00,-2.1,1027.1,0.7,70,-6.8,12000,5.556,20.372,,60,,,0,,,,,,,,og-post,,,,AAXX 28174 07299 22562 30603 11021 21068 39925 40271 53007 83500 333 60005 83633 90710 91111 93100=
07299,2008-12-28 18:00:00,-2.2,1027.3,0.8,70,-6.9,12000,7.408,20.372,,80,-4.6,-0.2,0,0,,,,,,,og-post,,,,AAXX 28184 07299 02562 20804 11022 21069 39927 40273 51008 60002 82500 333 11002 21046 60007 82633 90710 91111 93100 555 60005=
07299,2008-12-28 19:00:00,-2.6,1027.3,0.5,72,-7,12000,5.556,16.668,,50,,,0,,,,,,,,og-post,,,,AAXX 28194 07299 22562 10503 11026 21070 39927 40273 51005 81500 333 60005 81633 90710 91109 93100=
07299,2008-12-28 20:00:00,-4.4,1027.7,0.3,84,-6.7,10000,5.556,12.964,,10,,,0,,,,,,,,og-post,,,,AAXX 28204 07299 22960 00103 11044 21067 39928 40277 51003 333 60005 90710 91107 93100=
07299,2008-12-28 21:00:00,-6.1,1028.2,0.4,89,-7.6,8000,1.852,7.408,,320,,,0,0,,,,,,,og-post,,,,AAXX 28214 07299 22958 03201 11061 21076 39931 40282 53004 333 60007 90710 91104 93100 555 60005=
07299,2008-12-28 22:00:00,-6.4,1028.5,0.6,91,-7.6,8000,,3.704,,,,,0,,,,,,,,og-post,,,,AAXX 28224 07299 22958 00000 11064 21076 39933 40285 53006 333 60005 90710 91102 93100=
07299,2008-12-28 23:00:00,-6.9,1028.6,0.6,92,-8,6000,3.704,7.408,,280,,,0,,,,,,,0,og-post,,,,AAXX 28234 07299 24956 /2802 11069 21080 39934 40286 51006 700// 333 60005 90710 91104=
07299,2008-12-29 00:00:00,-7.1,1028.8,0.4,93,-8,7000,5.556,7.408,,300,,,0,0,,,,,,,og-post,,,,AAXX 29004 07299 02957 03003 11071 21080 39935 40288 52004 60001 333 60007 90710 91104 93100 555 60005=
07299,2008-12-29 01:00:00,-7.4,1028.8,0.2,93,-8.3,4700,3.704,7.408,,310,,,0,,,,,,,10,og-post,,,,AAXX 29014 07299 24947 /3102 11074 21083 39935 40288 51002 710// 333 60005 90710 91104=
07299,2008-12-29 02:00:00,-7.5,1029.1,0.4,92,-8.6,5000,3.704,5.556,,330,,,0,,,,,,,0,og-post,,,,AAXX 29024 07299 24950 /3302 11075 21086 39938 40291 53004 700// 333 60005 90710 91103=
07299,2008-12-29 03:00:00,-7.4,1029.2,0.4,91,-8.6,7000,,3.704,,,,,0,0,,,,,,,og-post,,,,AAXX 29034 07299 22957 00000 11074 21086 39939 40292 53004 333 60007 90710 91102 93100 555 60005=
07299,2008-12-29 04:00:00,-8.1,1029.5,0.6,92,-9.2,7000,1.852,5.556,,150,,,0,,,,,,,,og-post,,,,AAXX 29044 07299 22957 01501 11081 21092 39941 40295 52006 333 60005 90710 91103 93100=
07299,2008-12-29 05:00:00,-8.2,1029.6,0.4,92,-9.3,7000,,5.556,,,,,0,,,,,,,,og-post,,,,AAXX 29054 07299 22957 00000 11082 21093 39942 40296 52004 333 60005 90710 91103 93100=
07299,2008-12-29 06:00:00,-8.3,1029.6,0.3,92,-9.4,7000,,5.556,,,-8.3,-2.1,0,0,,,0,0,-11,,og-post,,,,AAXX 29064 07299 02957 00000 11083 21094 39942 40296 51003 60002 333 11021 21083 34111 55000 60007 70000 90710 91103 93100 555 60005=
07299,2008-12-29 07:00:00,-7.9,1029.8,0.3,93,-8.8,6000,,5.556,,,,,0,,,,,,,,og-post,,,,AAXX 29074 07299 22956 00000 11079 21088 39944 40298 53003 333 60005 90710 91103 93100=
07299,2008-12-29 08:00:00,-7.7,1030.2,0.6,93,-8.6,5000,3.704,5.556,,220,,,0,,,,,,,,og-post,,,,AAXX 29084 07299 22950 12202 11077 21086 39948 40302 53006 81030 333 60005 81360 90710 91103 93100=
07299,2008-12-29 09:00:00,-5.2,1030.4,1.1,92,-6.3,5000,3.704,5.556,,330,,,0,0,,,,,,,og-post,,,,AAXX 29094 07299 22950 23302 11052 21063 39953 40304 53011 82030 333 60007 82360 90710 91103 93100 555 60005=
07299,2008-12-29 10:00:00,-3.2,1030.5,1.3,87,-5.1,7000,3.704,7.408,,330,,,0,,,,,,,,og-post,,,,AAXX 29104 07299 22957 13302 11032 21051 39957 40305 52013 81030 333 60005 81360 90710 91104 93100=
07299,2008-12-29 11:00:00,-1.6,1030.1,0.7,84,-4,7000,5.556,11.112,,300,,,0,,,,,,,,og-post,,,,AAXX 29114 07299 22957 13003 11016 21040 39955 40301 50007 81030 333 60005 81360 90710 91106 93100=
07299,2008-12-29 12:00:00,-0.8,1030.2,0.4,80,-3.8,8000,7.408,12.964,,300,,,0,0,,,,,,,og-post,,,,AAXX 29124 07299 02958 13004 11008 21038 39957 40302 51004 60001 81030 333 60007 81360 90710 91107 93100 555 60005=
07299,2008-12-29 13:00:00,0.2,1029.8,-0.3,72,-4.3,8000,7.408,11.112,,300,,,0,,,,,,,,og-post,,,,AAXX 29134 07299 22958 03004 10002 21043 39954 40298 58003 333 60005 90710 91106 93100=
07299,2008-12-29 14:00:00,0,1029.9,0,74,-4.1,8000,11.112,14.816,,310,,,0,,,,,,,,og-post,,,,AAXX 29144 07299 22958 03106 10000 21041 39955 40299 50000 333 60005 90710 91108 93100=
07299,2008-12-29 15:00:00,-0.8,1030.4,0.2,75,-4.7,8000,9.26,14.816,,330,,,0,0,,,,,,,og-post,,,,AAXX 29154 07299 22958 03305 11008 21047 39959 40304 53002 333 60007 90710 91108 93100 555 60005=
07299,2008-12-29 16:00:00,-3,1030.9,0.7,82,-5.6,6000,7.408,12.964,,330,,,0,,,,,,,,og-post,,,,AAXX 29164 07299 22956 03304 11030 21056 39961 40309 53007 333 60005 90710 91107 93100=
07299,2008-12-29 17:00:00,-3.4,1031.2,0.8,87,-5.3,6000,5.556,11.112,,340,,,0,,,,,,,,og-post,,,,AAXX 29174 07299 22956 03403 11034 21053 39963 40312 51008 333 60005 90710 91106 93100=
07299,2008-12-29 18:00:00,-4,1031.8,0.9,89,-5.5,6000,7.408,11.112,,340,-8.8,0.5,0,0,,,,,,,og-post,,,,AAXX 29184 07299 02956 03404 11040 21055 39968 40318 53009 60002 333 10005 21088 60007 90710 91106 93100 555 60005=
07299,2008-12-29 19:00:00,-5.2,1032,0.8,91,-6.4,5000,7.408,11.112,,330,,,0,,,,,,,,og-post,,,,AAXX 29194 07299 22950 03304 11052 21064 39969 40320 52008 333 60005 90710 91106 93100=
07299,2008-12-29 20:00:00,-4.9,1032.1,0.7,91,-6.1,5000,3.704,11.112,,310,,,0,,,,,,,,og-post,,,,AAXX 29204 07299 22950 03102 11049 21061 39970 40321 51007 333 60005 90710 91106 93100=
07299,2008-12-29 21:00:00,-5.3,1032.3,0.4,93,-6.3,4000,5.556,9.26,,320,,,0,0,,,,,,10,og-post,,,,AAXX 29214 07299 21940 03203 11053 21063 39972 40323 53004 71000 333 60007 90710 91105 93100 555 60005=
07299,2008-12-29 22:00:00,-5.9,1032.6,0.5,94,-6.7,3000,,7.408,,,,,0,,,,,,,10,og-post,,,,AAXX 29224 07299 21930 00000 11059 21067 39974 40326 53005 71000 333 60005 90710 91104 93100=
07299,2008-12-29 23:00:00,-6.5,1032.5,0.2,93,-7.4,3000,1.852,3.704,,270,,,0,,,,,,,10,og-post,,,,AAXX 29234 07299 21/30 22701 11065 21074 39972 40325 50002 71000 80001 333 60005 82075 90710 91102 93100=
07299,2008-12-30 00:00:00,-6.9,1032.7,0.1,93,-7.8,3000,3.704,5.556,,270,,,0,0,,,,,,10,og-post,,,,AAXX 30004 07299 01/30 22702 11069 21078 39973 40327 51001 60001 71000 80001 333 60007 82075 90710 91103 93100 555 60005=
07299,2008-12-30 01:00:00,-7.2,1032.6,-0.2,93,-8.1,3000,1.852,5.556,,330,,,0,,,,,,,10,og-post,,,,AAXX 30014 07299 24930 /3301 11072 21081 39972 40326 56002 710// 333 60005 90710 91103=
07299,2008-12-30 02:00:00,-7.4,1032.7,0.1,93,-8.3,3200,,3.704,,,,,0,,,,,,,10,og-post,,,,AAXX 30024 07299 24932 /0000 11074 21083 39973 40327 52001 710// 333 60005 90710 91102=
07299,2008-12-30 03:00:00,-7.5,1032.7,-0,92,-8.6,3000,,3.704,,,,,0,0,,,,,,10,og-post,,,,AAXX 30034 07299 21930 20000 11075 21086 39973 40327 55000 71000 80001 333 60007 82075 90710 91102 93100 555 60005=
07299,2008-12-30 04:00:00,-7.3,1032.8,0.2,93,-8.2,3000,,5.556,,,,,0,,,,,,,10,og-post,,,,AAXX 30044 07299 21/30 20000 11073 21082 39974 40328 52002 71000 80001 333 60005 82075 90710 91103 93100=
07299,2008-12-30 05:00:00,-6.9,1032.9,0.2,92,-8,4000,1.852,11.112,,60,,,0,,,,,,,10,og-post,,,,AAXX 30054 07299 21/40 20601 11069 21080 39975 40329 53002 71000 80001 333 60005 82075 90710 91106 93100=
07299,2008-12-30 06:00:00,-5.4,1032.5,0,93,-6.4,4000,3.704,9.26,,50,-7.8,-4,0,0,,,0,7,-10,10,og-post,,,,AAXX 30064 07299 01/40 20502 11054 21064 39973 40325 50000 60002 710// 80001 333 11040 21078 34110 55070 60007 70000 82075 90710 91105 93100 555 60005=
07299,2008-12-30 07:00:00,-4.8,1032.1,-0.4,91,-6,4000,5.556,14.816,,60,,,0,,,,,,,10,og-post,,,,AAXX 30074 07299 21/40 20603 11048 21060 39970 40321 58004 71000 80001 333 60005 82075 90710 91108 93100=
07299,2008-12-30 08:00:00,-4.8,1032.1,-0.5,90,-6.2,4200,3.704,12.964,,30,,,0,,,,,,,10,og-post,,,,AAXX 30084 07299 21942 20302 11048 21062 39970 40321 56005 71000 81031 333 60005 81360 90710 91107 93100=
07299,2008-12-30 09:00:00,-2.9,1031.9,-0.2,89,-4.5,4800,5.556,14.816,,50,,,0,0,,,,,,10,og-post,,,,AAXX 30094 07299 21948 10503 11029 21045 39971 40319 55002 71000 80001 333 60007 81075 90710 91108 93100 555 60005=
07299,2008-12-30 10:00:00,-1.5,1031.7,0.1,83,-4,6000,9.26,18.52,,60,,,0,,,,,,,,og-post,,,,AAXX 30104 07299 22956 10605 11015 21040 39971 40317 52001 80001 333 60005 81075 90710 91110 93100=
07299,2008-12-30 11:00:00,-0.5,1031.4,-0.1,76,-4.2,7000,9.26,16.668,,70,,,0,,,,,,,,og-post,,,,AAXX 30114 07299 22957 10705 11005 21042 39969 40314 58001 81031 333 60005 81363 90710 91109 93100=
07299,2008-12-30 12:00:00,0.5,1030.4,-1,72,-4,7000,11.112,18.52,,80,,,0,0,,,,,,,og-post,,,,AAXX 30124 07299 02957 10806 10005 21040 39961 40304 58010 60001 81031 333 60007 81363 90710 91110 93100 555 60005=
07299,2008-12-30 13:00:00,1.4,1030.4,-0.9,67,-4.1,7000,3.704,18.52,,210,,,0,,,,,,,,og-post,,,,AAXX 30134 07299 22957 12102 10014 21041 39962 40304 55009 81031 333 60005 81363 90710 91110 93100=
07299,2008-12-30 14:00:00,1.6,1030.4,-0.7,67,-3.9,8000,3.704,16.668,,210,,,0,,,,,,,,og-post,,,,AAXX 30144 07299 22958 32102 10016 21039 39962 40304 56007 83051 333 60005 83361 90710 91109 93100 94135=
07299,2008-12-30 15:00:00,0,1031.1,0.6,73,-4.3,7000,1.852,11.112,,30,,,0,0,,,,,,,og-post,,,,AAXX 30154 07299 22957 50301 10000 21043 39967 40311 53006 83051 333 60007 83368 84075 90710 91106 93100 94135 555 60005=
07299,2008-12-30 16:00:00,-0.9,1030.8,0.1,80,-3.9,6000,5.556,11.112,,70,,,0,,,,,,,14,og-post,,,,AAXX 30164 07299 21956 60703 11009 21039 39963 40308 50001 71422 83051 333 60005 81362 83366 85075 90710 91106 93100 94035 94135=
07299,2008-12-30 17:00:00,-2,1031.1,0.2,83,-4.5,5000,9.26,12.964,,120,,,0,,,,,,,14,og-post,,,,AAXX 30174 07299 21950 61205 11020 21045 39964 40311 51002 71422 84071 333 60005 81360 84363 85075 90710 91107 93100 94135=
07299,2008-12-30 18:00:00,-2.5,1031.6,0.1,85,-4.7,5000,1.852,12.964,,320,-5.4,2.1,0,0,,,,,,,og-post,,,,AAXX 30184 07299 02950 43201 11025 21047 39968 40316 53001 60002 82031 333 10021 21054 60007 81360 83075 90710 91107 93100 94135 555 60005=
07299,2008-12-30 19:00:00,-3.6,1031.5,0.3,89,-5.2,4500,3.704,11.112,,20,,,0,,,,,,,10,og-post,,,,AAXX 30194 07299 21945 20202 11036 21052 39966 40315 50003 71000 81031 333 60005 81366 90710 91106 93100=
07299,2008-12-30 20:00:00,-4.3,1031.3,-0.1,91,-5.5,3500,3.704,7.408,,310,,,0,,,,,,,10,og-post,,,,AAXX 30204 07299 21935 23102 11043 21055 39963 40313 58001 71000 82031 333 60005 82365 90710 91104 93100=
07299,2008-12-30 21:00:00,-3.8,1031.4,-0.3,93,-4.8,3200,3.704,9.26,,360,,,0,0,,,,,,10,og-post,,,,AAXX 30214 07299 21932 33602 11038 21048 39965 40314 55003 71000 83031 333 60007 83365 90710 91105 93100 555 60005=
07299,2008-12-30 22:00:00,-3.5,1031.3,-0.2,91,-4.8,3500,3.704,11.112,,260,,,0,,,,,,,10,og-post,,,,AAXX 30224 07299 21935 72602 11035 21048 39964 40313 56002 71011 8705/ 333 60005 87362 90710 91106 93100=
07299,2008-12-30 23:00:00,-3.2,1031.6,0.5,92,-4.3,3200,5.556,9.26,,310,,,0,,,,,,,10,og-post,,,,AAXX 30234 07299 21932 73103 11032 21043 39968 40316 53005 71022 8705/ 333 6///5 87361 90710 91105 93100=
07299,2008-12-31 00:00:00,-2.9,1031,-0.3,92,-4,3200,,5.556,,,,,0,0,0,,,,,10,og-post,,,,AAXX 31004 07299 01732 80000 11029 21040 39962 40310 58003 6///1 71011 8257/ 333 6///7 82650 87359 90710 91103 93100 555 60005=
07299,2008-12-31 01:00:00,-2.5,1029.8,-1.3,91,-3.8,3400,3.704,12.964,,230,,,0,,,,,,,10,og-post,,,,AAXX 31014 07299 24834 82302 11025 21038 39951 40298 58013 710// 333 60005 90710 91107=
07299,2008-12-31 02:00:00,-1.8,1030.1,-1.3,87,-3.7,4100,7.408,20.372,,60,,,0,,,,,,,10,og-post,,,,AAXX 31024 07299 24941 80604 11018 21037 39955 40301 55013 710// 333 60005 90710 91111=
07299,2008-12-31 03:00:00,-1.9,1030,-0.8,87,-3.8,4400,3.704,16.668,,110,,,0,0,,,,,,10,og-post,,,,AAXX 31034 07299 24944 81102 11019 21038 39954 40300 56008 710// 333 60007 90710 91109 555 60005=
07299,2008-12-31 04:00:00,-1.8,1029.1,-0.6,86,-3.8,4000,9.26,18.52,,180,,,,,,,,,,24,og-post,,,,AAXX 31044 07299 21740 81805 11018 21038 39945 40291 58006 72462 845// 333 69905 84650 87359 90710 91110=
07299,2008-12-31 05:00:00,-1.3,1028.2,-1.8,83,-3.8,5000,9.26,16.668,,80,,,,,,,,,,66,og-post,,,,AAXX 31054 07299 21750 80805 11013 21038 39937 40282 58018 76662 875// 333 69905 87656 90710 91109=
07299,2008-12-31 06:00:00,-1.1,1028.6,-1.3,87,-3,4000,9.26,18.52,,160,-4.8,-1.1,0.2,0.2,,0.2,0.2,5.5,-7,68,og-post,,,,AAXX 31064 07299 01540 81605 11011 21030 39941 40286 55013 69922 768// 8757/ 333 11011 21048 35107 55055 69927 70002 83620 83643 87360 90710 91110 555 69925=
07299,2008-12-31 07:00:00,-1.2,1029.1,0.1,86,-3.2,4500,1.852,16.668,,140,,,0.2,,,,,,,66,og-post,,,,AAXX 31074 07299 21545 81401 11012 21032 39946 40291 53001 76676 865// 333 69925 83620 85643 87656 90710 91109=
07299,2008-12-31 08:00:00,-0.6,1028.7,0.6,90,-2,3500,9.26,12.964,,120,,,2,,,,,,,66,og-post,,,,AAXX 31084 07299 21535 81205 11006 21020 39943 40287 50006 76666 878// 333 60025 81820 85633 87656 90710 91107=
07299,2008-12-31 09:00:00,-0.5,1028,-0.5,92,-1.6,3500,11.112,20.372,,110,,,2,4,,,,,,66,og-post,,,,AAXX 31094 07299 21535 81106 11005 21016 39936 40280 58005 76676 875// 333 60047 82623 87640 90710 91111 555 60025=
07299,2008-12-31 10:00:00,-0.2,1027.9,-1,93,-1.2,3000,11.112,14.816,,140,,,1,,,,,,,61,og-post,,,,AAXX 31104 07299 21530 81406 11002 21012 39936 40279 56010 76166 875// 333 60015 82623 87643 90710 91108=
07299,2008-12-31 11:00:00,0.3,1027.4,-1.1,94,-0.6,2500,1.852,12.964,,120,,,2,,,,,,,61,og-post,,,,AAXX 31114 07299 21525 81201 10003 21006 39932 40274 56011 76166 875// 333 60025 82623 87633 90710 91107=
07299,2008-12-31 12:00:00,0.4,1026.4,-1.4,95,-0.3,2000,7.408,11.112,,150,,,0.6,4,7,,,,,60,og-post,,,,AAXX 31124 07299 01220 81504 10004 21003 39922 40264 58014 60071 76076 875// 333 60047 81705 87636 90710 91106 555 69965=
07299,2008-12-31 13:00:00,0.4,1026.1,-1.7,95,-0.3,2000,7.408,12.964,,140,,,3,,,,,,,63,og-post,,,,AAXX 31134 07299 21220 81404 10004 21003 39919 40261 56017 76366 875// 333 60035 81705 83623 87633 90710 91107=
07299,2008-12-31 14:00:00,0.5,1025.7,-1.7,96,-0.1,2000,5.556,11.112,,150,,,2,,,,,,,63,og-post,,,,AAXX 31144 07299 21220 81503 10005 21001 39915 40257 56017 76366 875// 333 60025 81705 83623 87633 90710 91106=
07299,2008-12-31 15:00:00,0.6,1025.3,-1,96,0,1700,7.408,12.964,,160,,,1,7,,,,,,61,og-post,,,,AAXX 31154 07299 21217 81604 10006 20000 39912 40253 57010 76166 875// 333 60077 81705 87626 90710 91107 555 60015=
07299,2008-12-31 16:00:00,0.7,1024.7,-1.3,96,0.1,1700,9.26,16.668,,160,,,0,,,,,,,63,og-post,,,,AAXX 31164 07299 21217 81605 10007 20001 39906 40247 58013 76366 875// 333 6///5 81705 87626 90710 91109=
07299,2008-12-31 17:00:00,0.8,1024.7,-0.9,97,0.4,1700,9.26,14.816,,140,,,1,,,,,,,63,og-post,,,,AAXX 31174 07299 21217 81405 10008 20004 39906 40247 56009 76366 875// 333 60015 81705 84626 87645 90710 91108=
07299,2008-12-31 18:00:00,1,1024.9,-0.4,97,0.6,2000,3.704,18.52,,160,-1.3,1,0.4,0,,0,,,,60,og-post,,,,AAXX 31184 07299 01220 81602 10010 20006 39908 40249 55004 6///2 76066 875// 333 10010 21013 6///7 83705 87623 90710 91110 555 69945=
07299,2008-12-31 19:00:00,1,1024.8,0.1,97,0.6,2000,7.408,12.964,,150,,,,,,,,,,21,og-post,,,,AAXX 31194 07299 21220 81504 10010 20006 39907 40248 52001 72165 875// 333 69905 82705 87626 90710 91107=
07299,2008-12-31 20:00:00,0.4,1025,0.3,97,0,800,5.556,12.964,,280,,,0,,,,,,,41,og-post,,,,AAXX 31204 07299 21108 72803 10004 20000 39909 40250 52003 74142 8557/ 333 60005 82703 85622 86362 90710 91107 93100=
07299,2008-12-31 21:00:00,0.4,1025.4,0.4,97,0,600,5.556,9.26,,260,,,,,,,,,,41,og-post,,,,AAXX 31214 07299 21006 82603 10004 20000 39912 40254 53004 74165 875// 333 69907 81701 84704 87620 90710 91105 93100 555 69905=
07299,2008-12-31 22:00:00,0.8,1026.1,1.3,97,0.4,1400,3.704,12.964,,340,,,0.4,,,,,,,58,og-post,,,,AAXX 31224 07299 21014 83402 10008 20004 39920 40261 53013 75865 875// 333 69945 81701 85706 87623 90710 91107 93100=
07299,2008-12-31 23:00:00,0.5,1026.5,1.4,97,0.1,1200,3.704,5.556,,310,,,,,,,,,,40,og-post,,,,AAXX 31234 07299 21212 83102 10005 20001 39923 40265 52014 74065 875// 333 69905 82704 87631 90710 91103 93100=
